timestamp,open,high,low,close,volume,close_time,quote_asset_volume,number_of_trades,taker_buy_base_asset_volume,taker_buy_quote_asset_volume,ignore
2026-01-02 12:24:00,0.17526,0.17554,0.17525,0.17534,66976.0,1767356699999,11747.1887800,173,49615,8701.7700100,0
2026-01-02 12:25:00,0.17535,0.17538,0.17496,0.17496,19144.0,1767356759999,3354.4348100,113,2079,364.3615600,0
2026-01-02 12:26:00,0.17497,0.17505,0.1749,0.1749,6484.0,1767356819999,1134.5294300,56,2833,495.7947800,0
2026-01-02 12:27:00,0.17489,0.17495,0.17478,0.17495,9494.0,1767356879999,1660.1560600,75,3943,689.6538100,0
2026-01-02 12:28:00,0.17495,0.17498,0.17475,0.17483,19543.0,1767356939999,3417.9343200,132,11020,1927.6268200,0
2026-01-02 12:29:00,0.17482,0.17482,0.17473,0.17479,17831.0,1767356999999,3116.4006200,84,4138,723.1734200,0
2026-01-02 12:30:00,0.17475,0.17488,0.17414,0.17422,257169.0,1767357059999,44883.3097800,593,132488,23127.1122000,0
2026-01-02 12:31:00,0.17421,0.17432,0.17392,0.17411,47721.0,1767357119999,8308.3269500,221,18433,3209.3087200,0
2026-01-02 12:32:00,0.17409,0.17435,0.17409,0.17421,39000.0,1767357179999,6795.1213300,129,28583,4979.9743200,0
2026-01-02 12:33:00,0.17417,0.17427,0.17379,0.17426,97194.0,1767357239999,16910.5924100,290,43368,7546.6251500,0
2026-01-02 12:34:00,0.17427,0.1749,0.17427,0.17482,62677.0,1767357299999,10945.3525100,316,28612,4994.1064800,0
2026-01-02 12:35:00,0.17482,0.17496,0.17465,0.17496,48280.0,1767357359999,8439.7714900,193,38602,6748.4487900,0
2026-01-02 12:36:00,0.17497,0.17506,0.17491,0.17494,41969.0,1767357419999,7343.6514000,170,29196,5108.5101900,0
2026-01-02 12:37:00,0.17493,0.17493,0.17453,0.17463,255063.0,1767357479999,44557.4580200,471,32835,5738.9733200,0
2026-01-02 12:38:00,0.17462,0.17502,0.17447,0.17499,287114.0,1767357539999,50132.2127200,593,90681,15843.6922100,0
2026-01-02 12:39:00,0.17498,0.17498,0.17443,0.17462,186527.0,1767357599999,32591.9218600,359,62077,10844.4808600,0
2026-01-02 12:40:00,0.1746,0.1746,0.17449,0.1745,7977.0,1767357659999,1392.4478700,51,992,173.1786900,0
2026-01-02 12:41:00,0.17449,0.17449,0.17433,0.17447,20787.0,1767357719999,3624.4738200,86,8455,1474.2001800,0
2026-01-02 12:42:00,0.17447,0.17464,0.17435,0.17462,25755.0,1767357779999,4494.2599300,101,18601,3246.3245800,0
2026-01-02 12:43:00,0.17462,0.17473,0.17454,0.17473,23109.0,1767357839999,4035.7941000,94,10409,1818.1861200,0
2026-01-02 12:44:00,0.17473,0.17483,0.1747,0.17482,24700.0,1767357899999,4317.2071000,73,19463,3402.1883000,0
2026-01-02 12:45:00,0.17481,0.17484,0.17469,0.17476,12304.0,1767357959999,2150.3398700,68,3167,553.5451000,0
2026-01-02 12:46:00,0.17475,0.17484,0.17461,0.17468,33170.0,1767358019999,5795.2157400,198,12514,2186.6058000,0
2026-01-02 12:47:00,0.17468,0.17494,0.17468,0.1749,43564.0,1767358079999,7615.8786700,152,29232,5109.8225300,0
2026-01-02 12:48:00,0.1749,0.17497,0.17468,0.17468,14646.0,1767358139999,2561.2504700,126,8154,1426.1994200,0
2026-01-02 12:49:00,0.17469,0.17481,0.17467,0.17478,18026.0,1767358199999,3150.0437100,129,13869,2423.5055000,0
2026-01-02 12:50:00,0.17481,0.17498,0.17478,0.17491,37089.0,1767358259999,6483.7120100,136,3829,669.5774000,0
2026-01-02 12:51:00,0.17493,0.17507,0.17493,0.17495,32815.0,1767358319999,5743.0873100,88,11922,2086.3854300,0
2026-01-02 12:52:00,0.17495,0.17529,0.17495,0.17527,30815.0,1767358379999,5398.6148200,148,23214,4067.3500700,0
2026-01-02 12:53:00,0.17528,0.17531,0.17494,0.17494,26682.0,1767358439999,4672.7675300,140,4744,830.7013100,0
2026-01-02 12:54:00,0.17495,0.17516,0.17495,0.17516,18638.0,1767358499999,3262.0857000,108,6710,1174.6878000,0
2026-01-02 12:55:00,0.17515,0.1755,0.17514,0.17538,45133.0,1767358559999,7917.7045300,218,23636,4146.4045800,0
2026-01-02 12:56:00,0.17539,0.17547,0.17533,0.1754,21930.0,1767358619999,3846.6477500,138,9271,1626.4589400,0
2026-01-02 12:57:00,0.1754,0.17542,0.17518,0.17519,37890.0,1767358679999,6640.8458600,152,12188,2135.7523100,0
2026-01-02 12:58:00,0.17516,0.17523,0.17515,0.17518,14042.0,1767358739999,2459.8636900,80,4718,826.5315900,0
2026-01-02 12:59:00,0.17518,0.17525,0.17514,0.1752,20257.0,1767358799999,3549.0810800,77,18185,3186.0715800,0
2026-01-02 13:00:00,0.17517,0.17517,0.17495,0.17497,38727.0,1767358859999,6778.1940000,145,21592,3779.0387800,0
2026-01-02 13:01:00,0.17496,0.17532,0.17496,0.17531,31775.0,1767358919999,5562.3736400,168,25958,4544.1799700,0
2026-01-02 13:02:00,0.17532,0.17579,0.17532,0.17575,65985.0,1767358979999,11588.1415300,275,48620,8537.2460700,0
2026-01-02 13:03:00,0.17574,0.17595,0.17568,0.17593,93209.0,1767359039999,16387.3332300,246,77335,13597.3520700,0
2026-01-02 13:04:00,0.17592,0.17592,0.17572,0.17573,21025.0,1767359099999,3696.6921900,136,4033,709.0417200,0
2026-01-02 13:05:00,0.17575,0.17605,0.17558,0.17605,112472.0,1767359159999,19780.3801400,301,88280,15526.8035300,0
2026-01-02 13:06:00,0.17605,0.17659,0.17604,0.17659,142545.0,1767359219999,25147.4839300,383,103954,18338.5891100,0
2026-01-02 13:07:00,0.17659,0.17672,0.17639,0.17639,144819.0,1767359279999,25568.1694600,359,77837,13744.3921900,0
2026-01-02 13:08:00,0.17638,0.17645,0.17607,0.17635,55527.0,1767359339999,9789.0426000,212,24721,4358.4769400,0
2026-01-02 13:09:00,0.17638,0.17652,0.17608,0.17617,130188.0,1767359399999,22971.5229200,192,37182,6559.7790900,0
2026-01-02 13:10:00,0.17609,0.17611,0.17593,0.17593,11631.0,1767359459999,2047.0797600,68,384,67.6198400,0
2026-01-02 13:11:00,0.17595,0.17597,0.17588,0.17589,13622.0,1767359519999,2396.4906800,61,3394,597.1266200,0
2026-01-02 13:12:00,0.17589,0.17632,0.17544,0.17597,270040.0,1767359579999,47491.6494600,651,138271,24347.2585000,0
2026-01-02 13:13:00,0.17597,0.17624,0.17589,0.17622,78946.0,1767359639999,13897.9808500,187,43951,7738.8001300,0
2026-01-02 13:14:00,0.17621,0.17626,0.17612,0.17626,16057.0,1767359699999,2829.4881000,66,7494,1320.6959900,0
2026-01-02 13:15:00,0.17627,0.17669,0.17627,0.17635,58782.0,1767359759999,10373.5114100,230,40717,7183.8099200,0
2026-01-02 13:16:00,0.17636,0.17651,0.17609,0.17639,83090.0,1767359819999,14647.7432100,301,25039,4414.6410700,0
2026-01-02 13:17:00,0.17641,0.17659,0.17624,0.17651,43239.0,1767359879999,7628.3238200,198,25447,4490.4225900,0
2026-01-02 13:18:00,0.17651,0.17663,0.17589,0.17628,461929.0,1767359939999,81419.0496200,869,291517,51399.2702900,0
2026-01-02 13:19:00,0.17628,0.17628,0.17488,0.17531,398068.0,1767359999999,69906.4446100,693,150029,26326.2080000,0
2026-01-02 13:20:00,0.17526,0.17539,0.17526,0.17536,25865.0,1767360059999,4534.5487000,122,12447,2182.3692300,0
2026-01-02 13:21:00,0.17533,0.17537,0.17526,0.17534,22616.0,1767360119999,3964.3510100,79,9911,1737.5321100,0
2026-01-02 13:22:00,0.17535,0.17551,0.17526,0.17551,62812.0,1767360179999,11014.3451100,200,39173,6870.7098400,0
2026-01-02 13:23:00,0.17544,0.17544,0.17516,0.17521,59978.0,1767360239999,10513.7032200,120,9503,1665.5622400,0
2026-01-02 13:24:00,0.17516,0.17526,0.17469,0.17512,133416.0,1767360299999,23342.9440900,413,67779,11861.5441900,0
2026-01-02 13:25:00,0.17512,0.17558,0.17505,0.17555,56534.0,1767360359999,9918.3095900,184,50600,8877.7483000,0
2026-01-02 13:26:00,0.17557,0.17565,0.17551,0.17562,17680.0,1767360419999,3104.6575400,99,8499,1492.5946000,0
2026-01-02 13:27:00,0.17563,0.17565,0.17547,0.17547,19811.0,1767360479999,3478.3109100,85,2567,450.8763600,0
2026-01-02 13:28:00,0.17546,0.17549,0.17533,0.17536,7721.0,1767360539999,1354.3757400,51,2090,366.7148800,0
2026-01-02 13:29:00,0.17537,0.17537,0.17529,0.17529,3275.0,1767360599999,574.2028300,33,251,44.0178700,0
2026-01-02 13:30:00,0.1753,0.17542,0.17517,0.17517,24590.0,1767360659999,4309.9676800,114,6428,1127.3062000,0
2026-01-02 13:31:00,0.17516,0.17519,0.17498,0.175,56877.0,1767360719999,9958.2720700,234,31667,5545.1397100,0
2026-01-02 13:32:00,0.17499,0.1751,0.17473,0.17473,30440.0,1767360779999,5325.8395700,140,14160,2478.1332700,0
2026-01-02 13:33:00,0.17473,0.17496,0.17473,0.17486,42207.0,1767360839999,7381.3247000,142,34199,5981.3965900,0
2026-01-02 13:34:00,0.17486,0.17492,0.17468,0.17469,46533.0,1767360899999,8133.5046100,116,10718,1874.2454100,0
2026-01-02 13:35:00,0.17471,0.17472,0.17428,0.17428,31051.0,1767360959999,5418.3494600,163,6604,1152.7076000,0
2026-01-02 13:36:00,0.17427,0.17449,0.17425,0.17449,55792.0,1767361019999,9731.7561600,150,45073,7862.2254300,0
2026-01-02 13:37:00,0.17444,0.17452,0.17428,0.17445,55918.0,1767361079999,9750.4126200,171,12987,2265.9046500,0
2026-01-02 13:38:00,0.17444,0.17444,0.17427,0.17427,20356.0,1767361139999,3548.7916900,98,9119,1589.9428000,0
2026-01-02 13:39:00,0.17426,0.17436,0.17411,0.17436,39959.0,1767361199999,6960.9687900,149,17121,2983.3292900,0
2026-01-02 13:40:00,0.1743,0.17432,0.1742,0.17422,17439.0,1767361259999,3038.8126200,91,3302,575.3065900,0
2026-01-02 13:41:00,0.17421,0.17422,0.17387,0.17421,112620.0,1767361319999,19596.0100400,292,35996,6266.3631600,0
2026-01-02 13:42:00,0.1742,0.17421,0.17398,0.17408,44134.0,1767361379999,7682.7546000,198,10207,1777.1488400,0
2026-01-02 13:43:00,0.17406,0.17409,0.1739,0.1739,30347.0,1767361439999,5280.2997000,177,11957,2080.7216600,0
2026-01-02 13:44:00,0.1739,0.17397,0.1738,0.17388,46397.0,1767361499999,8066.9275100,157,23874,4151.5013900,0
2026-01-02 13:45:00,0.17387,0.17414,0.17371,0.1741,81666.0,1767361559999,14203.1078100,311,38366,6676.4344100,0
2026-01-02 13:46:00,0.17411,0.17431,0.17407,0.17431,40355.0,1767361619999,7028.9109600,135,21264,3704.6720600,0
2026-01-02 13:47:00,0.1743,0.17434,0.17414,0.17434,41577.0,1767361679999,7244.9408400,143,20321,3541.7117700,0
2026-01-02 13:48:00,0.17434,0.17434,0.17422,0.17422,20288.0,1767361739999,3535.5938800,96,3317,578.1267700,0
2026-01-02 13:49:00,0.17422,0.17436,0.17411,0.17424,69087.0,1767361799999,12036.3243700,200,13986,2436.9061000,0
2026-01-02 13:50:00,0.17423,0.17423,0.17383,0.17394,67138.0,1767361859999,11677.5999400,255,9204,1601.2308500,0
2026-01-02 13:51:00,0.17393,0.17404,0.17386,0.17404,22840.0,1767361919999,3972.6652400,123,12537,2180.8575400,0
2026-01-02 13:52:00,0.17404,0.17405,0.17395,0.17398,23847.0,1767361979999,4149.2814800,130,15411,2681.5350200,0
2026-01-02 13:53:00,0.17399,0.17399,0.17349,0.17357,416989.0,1767362039999,72412.2404200,452,256939,44611.1567200,0
2026-01-02 13:54:00,0.17354,0.1736,0.17335,0.17357,101730.0,1767362099999,17648.4224200,283,49818,8645.0002000,0
2026-01-02 13:55:00,0.17356,0.17356,0.1732,0.17321,56496.0,1767362159999,9794.0973200,209,21540,3733.6969600,0
2026-01-02 13:56:00,0.17319,0.17326,0.17307,0.17316,59461.0,1767362219999,10295.7003300,237,25732,4456.0652900,0
2026-01-02 13:57:00,0.17315,0.17335,0.1731,0.17324,95552.0,1767362279999,16554.5843100,217,88484,15330.5194100,0
2026-01-02 13:58:00,0.17324,0.17328,0.17306,0.17328,26356.0,1767362339999,4563.6350400,137,18887,3270.5673400,0
2026-01-02 13:59:00,0.17328,0.17328,0.17312,0.17317,20728.0,1767362399999,3589.6752700,127,9664,1673.4982700,0
2026-01-02 14:00:00,0.17316,0.17319,0.17247,0.17262,210339.0,1767362459999,36352.8943500,526,101554,17557.2912600,0
2026-01-02 14:01:00,0.17261,0.17296,0.17259,0.17294,92218.0,1767362519999,15932.0477900,310,64755,11187.9875100,0
2026-01-02 14:02:00,0.17293,0.17319,0.17291,0.17309,55836.0,1767362579999,9665.6461600,218,18404,3185.0483300,0
2026-01-02 14:03:00,0.17314,0.17353,0.17314,0.17335,111482.0,1767362639999,19319.7976500,490,31040,5379.8281400,0
2026-01-02 14:04:00,0.17335,0.17354,0.17329,0.17354,44619.0,1767362699999,7736.5724800,233,25121,4355.7162900,0
2026-01-02 14:05:00,0.17353,0.17376,0.17345,0.17355,103320.0,1767362759999,17937.5213800,276,43204,7501.0985800,0
2026-01-02 14:06:00,0.17353,0.1736,0.17347,0.17348,21631.0,1767362819999,3753.5332200,134,10559,1832.3712800,0
2026-01-02 14:07:00,0.17349,0.17349,0.17329,0.17332,31170.0,1767362879999,5403.5582200,120,7883,1366.6832100,0
2026-01-02 14:08:00,0.17332,0.17334,0.17319,0.17319,15703.0,1767362939999,2721.2440000,105,9368,1623.5988100,0
2026-01-02 14:09:00,0.1732,0.17333,0.17319,0.17319,16960.0,1767362999999,2938.5196300,91,10145,1757.8993500,0
2026-01-02 14:10:00,0.1732,0.17328,0.17311,0.17319,43015.0,1767363059999,7450.2755900,139,21143,3663.0126900,0
2026-01-02 14:11:00,0.17319,0.17327,0.17311,0.17323,20186.0,1767363119999,3496.1995100,136,15658,2712.0390100,0
2026-01-02 14:12:00,0.17319,0.1732,0.1731,0.1731,29581.0,1767363179999,5121.6640300,105,4470,773.9497400,0
2026-01-02 14:13:00,0.17313,0.17329,0.17313,0.17323,8405.0,1767363239999,1456.0798300,73,4110,711.9242800,0
2026-01-02 14:14:00,0.17323,0.17331,0.17314,0.17331,18833.0,1767363299999,3262.0758700,113,12538,2171.7667300,0
2026-01-02 14:15:00,0.17331,0.17356,0.1733,0.1735,33549.0,1767363359999,5820.6223000,158,21834,3788.4228600,0
2026-01-02 14:16:00,0.17346,0.17354,0.1733,0.17335,33881.0,1767363419999,5874.8657400,145,13008,2256.5231500,0
2026-01-02 14:17:00,0.17335,0.17353,0.17307,0.17326,73917.0,1767363479999,12809.5287400,366,38669,6702.0821500,0
2026-01-02 14:18:00,0.17325,0.17329,0.17278,0.17311,146164.0,1767363539999,25294.9359300,421,89833,15546.9617600,0
2026-01-02 14:19:00,0.1731,0.1731,0.1725,0.1729,188219.0,1767363599999,32512.3451700,650,50196,8672.4620000,0
2026-01-02 14:20:00,0.1729,0.17309,0.17282,0.1729,37470.0,1767363659999,6479.6809400,207,16411,2838.4195500,0
2026-01-02 14:21:00,0.17289,0.17293,0.1727,0.17293,26586.0,1767363719999,4594.3630600,148,20181,3487.4749500,0
2026-01-02 14:22:00,0.17293,0.17305,0.1728,0.17288,36752.0,1767363779999,6355.9999000,243,21511,3720.7690700,0
2026-01-02 14:23:00,0.1729,0.1733,0.17288,0.17316,77901.0,1767363839999,13489.3326800,347,36507,6321.6777600,0
2026-01-02 14:24:00,0.17316,0.17349,0.17305,0.17312,92995.0,1767363899999,16110.7093300,367,34960,6058.1496000,0
2026-01-02 14:25:00,0.17309,0.17328,0.17298,0.17328,12771.0,1767363959999,2211.6734900,129,8508,1473.4249700,0
2026-01-02 14:26:00,0.17328,0.17376,0.17328,0.17374,78492.0,1767364019999,13620.4633800,211,52738,9150.5326200,0
2026-01-02 14:27:00,0.17373,0.17435,0.17373,0.17416,185857.0,1767364079999,32350.3999100,432,160947,28013.0655500,0
2026-01-02 14:28:00,0.17416,0.17433,0.17413,0.17413,43097.0,1767364139999,7509.1030800,175,11668,2033.1983800,0
2026-01-02 14:29:00,0.17417,0.17452,0.17417,0.17425,60386.0,1767364199999,10528.3467000,237,34742,6057.5755200,0
2026-01-02 14:30:00,0.17425,0.17456,0.17421,0.17437,125514.0,1767364259999,21889.9194200,347,69034,12042.1643800,0
2026-01-02 14:31:00,0.1744,0.17443,0.17397,0.17397,53506.0,1767364319999,9315.1129100,216,10440,1818.2741600,0
2026-01-02 14:32:00,0.17397,0.17403,0.17344,0.17379,114143.0,1767364379999,19826.1510200,516,50994,8858.3472700,0
2026-01-02 14:33:00,0.17379,0.17395,0.17356,0.17378,79302.0,1767364439999,13780.3716600,296,28217,4904.1864900,0
2026-01-02 14:34:00,0.17378,0.17386,0.17361,0.1737,53162.0,1767364499999,9235.6158100,241,31020,5390.2034100,0
2026-01-02 14:35:00,0.1737,0.17393,0.17348,0.17393,48751.0,1767364559999,8468.6500700,244,40326,7004.9042700,0
2026-01-02 14:36:00,0.17386,0.1743,0.17376,0.17429,111784.0,1767364619999,19469.9479200,179,106327,18520.8697600,0
2026-01-02 14:37:00,0.17428,0.17483,0.17428,0.17483,118495.0,1767364679999,20679.5498600,323,77646,13548.5860100,0
2026-01-02 14:38:00,0.17483,0.17549,0.17483,0.17531,119585.0,1767364739999,20953.1709200,496,40023,7012.1397700,0
2026-01-02 14:39:00,0.17531,0.17582,0.17531,0.17555,117411.0,1767364799999,20611.9973900,498,44165,7755.2253000,0
2026-01-02 14:40:00,0.17554,0.17554,0.17275,0.17369,1156691.0,1767364859999,201442.4174500,1820,395735,68783.1996900,0
2026-01-02 14:41:00,0.17369,0.17419,0.17359,0.17418,98244.0,1767364919999,17087.1191000,330,68390,11894.6070200,0
2026-01-02 14:42:00,0.17418,0.17471,0.17418,0.17468,117611.0,1767364979999,20526.4014200,380,66240,11559.5904000,0
2026-01-02 14:43:00,0.17468,0.1749,0.17456,0.17461,53652.0,1767365039999,9373.7254000,349,22531,3936.4123900,0
2026-01-02 14:44:00,0.17462,0.17481,0.1745,0.1746,36026.0,1767365099999,6292.4024100,187,21416,3741.8225100,0
2026-01-02 14:45:00,0.1746,0.17473,0.17437,0.17439,112509.0,1767365159999,19639.5292500,307,22791,3978.5386800,0
2026-01-02 14:46:00,0.1744,0.17453,0.17417,0.17422,55807.0,1767365219999,9726.6365500,270,41937,7309.1699800,0
2026-01-02 14:47:00,0.17421,0.17491,0.17417,0.17491,65960.0,1767365279999,11522.2301900,358,40551,7084.5445100,0
2026-01-02 14:48:00,0.17492,0.17574,0.17492,0.17525,191548.0,1767365339999,33592.5533800,712,73402,12872.4267900,0
2026-01-02 14:49:00,0.17525,0.1755,0.1752,0.1754,101246.0,1767365399999,17748.9850200,382,20756,3639.8823700,0
2026-01-02 14:50:00,0.17541,0.17584,0.17541,0.1757,139164.0,1767365459999,24442.6053100,591,55874,9816.3777300,0
2026-01-02 14:51:00,0.17571,0.17586,0.17554,0.17568,121174.0,1767365519999,21288.7456700,446,47298,8312.1604000,0
2026-01-02 14:52:00,0.17568,0.17568,0.17511,0.17515,116949.0,1767365579999,20504.9016100,425,18979,3326.3731200,0
2026-01-02 14:53:00,0.17515,0.17526,0.17467,0.17493,141794.0,1767365639999,24796.6061100,375,71698,12535.9714000,0
2026-01-02 14:54:00,0.17494,0.17526,0.17487,0.17517,40233.0,1767365699999,7044.3132600,233,18640,3263.2049800,0
2026-01-02 14:55:00,0.17517,0.17534,0.1751,0.17516,43461.0,1767365759999,7613.9257300,229,18546,3249.2579700,0
2026-01-02 14:56:00,0.17515,0.17517,0.17499,0.1751,52562.0,1767365819999,9203.9708500,214,13855,2425.8099400,0
2026-01-02 14:57:00,0.1751,0.17517,0.17467,0.17475,41475.0,1767365879999,7253.3338400,226,21159,3699.5468600,0
2026-01-02 14:58:00,0.17477,0.17508,0.17477,0.17498,50578.0,1767365939999,8847.5900900,238,21535,3768.5461000,0
2026-01-02 14:59:00,0.17503,0.17527,0.17487,0.17505,30215.0,1767365999999,5290.2992400,196,17211,3014.1074300,0
2026-01-02 15:00:00,0.17506,0.17534,0.175,0.17532,73993.0,1767366059999,12962.2118600,367,34909,6117.2159600,0
2026-01-02 15:01:00,0.17533,0.17575,0.17526,0.17565,66068.0,1767366119999,11600.3704700,307,35490,6232.6333800,0
2026-01-02 15:02:00,0.17564,0.1759,0.17545,0.1756,109496.0,1767366179999,19235.0471300,571,52935,9300.1808800,0
2026-01-02 15:03:00,0.17559,0.17568,0.17514,0.1752,74093.0,1767366239999,12995.0661200,368,29926,5250.1278100,0
2026-01-02 15:04:00,0.17521,0.17535,0.17492,0.17533,109246.0,1767366299999,19133.1849700,353,36201,6339.8893300,0
2026-01-02 15:05:00,0.17532,0.17537,0.17525,0.17527,27629.0,1767366359999,4843.4806800,177,7663,1343.3286400,0
2026-01-02 15:06:00,0.17528,0.17544,0.17508,0.1754,145602.0,1767366419999,25511.2021700,397,47208,8274.7290300,0
2026-01-02 15:07:00,0.17543,0.17553,0.17519,0.17519,58444.0,1767366479999,10248.5830800,234,23380,4101.7272300,0
2026-01-02 15:08:00,0.17518,0.17522,0.17491,0.17497,22442.0,1767366539999,3927.4212900,156,4801,840.3530400,0
2026-01-02 15:09:00,0.17496,0.17518,0.1749,0.17509,20394.0,1767366599999,3569.5665200,129,17946,3141.0467900,0
2026-01-02 15:10:00,0.17508,0.17513,0.17497,0.17497,46635.0,1767366659999,8160.6015000,108,4945,865.7480800,0
2026-01-02 15:11:00,0.17497,0.17502,0.17471,0.17486,129479.0,1767366719999,22645.8922900,278,27646,4835.2980200,0
2026-01-02 15:12:00,0.17491,0.17494,0.17419,0.17427,95826.0,1767366779999,16733.4807900,337,45050,7867.6203900,0
2026-01-02 15:13:00,0.17427,0.17456,0.17411,0.1745,163498.0,1767366839999,28500.8157300,399,68373,11918.5973700,0
2026-01-02 15:14:00,0.17453,0.17486,0.17444,0.17484,44046.0,1767366899999,7692.0968400,207,29058,5074.2548000,0
2026-01-02 15:15:00,0.17478,0.17482,0.1745,0.17457,67404.0,1767366959999,11772.0794900,205,27403,4785.8978100,0
2026-01-02 15:16:00,0.17458,0.17502,0.17443,0.17499,115588.0,1767367019999,20203.4106400,329,79053,13821.8029900,0
2026-01-02 15:17:00,0.17499,0.17501,0.1741,0.17422,67421.0,1767367079999,11761.5635400,345,18010,3141.3291600,0
2026-01-02 15:18:00,0.17421,0.1744,0.17419,0.17422,27331.0,1767367139999,4763.3776300,124,18015,3139.4830000,0
2026-01-02 15:19:00,0.1743,0.17432,0.17406,0.1743,29789.0,1767367199999,5188.8493100,166,19405,3380.7501100,0
2026-01-02 15:20:00,0.17431,0.17434,0.17366,0.17376,65720.0,1767367259999,11437.6576200,295,21047,3666.9246800,0
2026-01-02 15:21:00,0.17377,0.17388,0.17364,0.1738,53908.0,1767367319999,9366.0717200,282,29411,5110.5588400,0
2026-01-02 15:22:00,0.1738,0.1739,0.17366,0.1739,29521.0,1767367379999,5130.0681300,135,13209,2295.6559000,0
2026-01-02 15:23:00,0.17385,0.17409,0.1735,0.17351,92386.0,1767367439999,16060.2776300,331,60980,10602.7755400,0
2026-01-02 15:24:00,0.17352,0.17396,0.17311,0.17377,593246.0,1767367499999,102893.9760200,964,227256,39420.3794000,0
2026-01-02 15:25:00,0.17378,0.17415,0.17371,0.17415,48549.0,1767367559999,8440.2891000,196,28820,5011.6176700,0
2026-01-02 15:26:00,0.17412,0.17423,0.17404,0.17411,36169.0,1767367619999,6298.4753100,167,14528,2530.5335500,0
2026-01-02 15:27:00,0.17412,0.17423,0.17409,0.17417,28438.0,1767367679999,4952.4525500,139,12637,2200.7521900,0
2026-01-02 15:28:00,0.17416,0.17441,0.17414,0.17426,23083.0,1767367739999,4022.4720900,154,11486,2001.7560500,0
2026-01-02 15:29:00,0.17425,0.17441,0.1742,0.17436,18332.0,1767367799999,3194.8290000,102,9430,1643.6704200,0
2026-01-02 15:30:00,0.17434,0.17446,0.17428,0.17446,15299.0,1767367859999,2667.4409300,161,9401,1639.1882900,0
2026-01-02 15:31:00,0.17446,0.17468,0.17435,0.17437,91597.0,1767367919999,15989.1636700,421,56013,9779.8597800,0
2026-01-02 15:32:00,0.17437,0.17485,0.17437,0.17484,36713.0,1767367979999,6412.5574900,274,25679,4484.2425400,0
2026-01-02 15:33:00,0.17482,0.17517,0.17481,0.17496,85164.0,1767368039999,14907.3883100,351,22158,3878.0754600,0
2026-01-02 15:34:00,0.17496,0.17513,0.17495,0.17513,19454.0,1767368099999,3405.3599600,159,13578,2376.8222300,0
2026-01-02 15:35:00,0.17514,0.1753,0.17507,0.1753,35454.0,1767368159999,6210.4284800,183,9524,1668.6779700,0
2026-01-02 15:36:00,0.1753,0.17562,0.1753,0.17554,47568.0,1767368219999,8347.6875000,314,21738,3815.7901700,0
2026-01-02 15:37:00,0.17553,0.17574,0.17525,0.17535,82694.0,1767368279999,14504.1283100,307,4994,877.0975900,0
2026-01-02 15:38:00,0.17534,0.17538,0.17524,0.17524,23779.0,1767368339999,4168.8549400,117,1174,205.8289300,0
2026-01-02 15:39:00,0.17525,0.1755,0.17525,0.1755,15974.0,1767368399999,2802.0676200,164,12117,2125.5893300,0
2026-01-02 15:40:00,0.1755,0.17579,0.17519,0.17532,164443.0,1767368459999,28851.7697100,476,15234,2675.8836800,0
2026-01-02 15:41:00,0.17529,0.17538,0.17527,0.17538,14113.0,1767368519999,2474.0935500,118,6874,1205.2198800,0
2026-01-02 15:42:00,0.17538,0.1756,0.17531,0.1756,27248.0,1767368579999,4779.0062800,220,14207,2491.9985700,0
2026-01-02 15:43:00,0.1756,0.17587,0.1756,0.17576,27027.0,1767368639999,4749.7091100,225,9740,1712.0733800,0
2026-01-02 15:44:00,0.17576,0.17581,0.17556,0.17557,93411.0,1767368699999,16412.9079900,204,11035,1939.4823200,0
2026-01-02 15:45:00,0.17556,0.17566,0.17539,0.17556,33328.0,1767368759999,5851.2071200,247,21490,3773.1079300,0
2026-01-02 15:46:00,0.17555,0.17555,0.17512,0.17525,29191.0,1767368819999,5118.0730500,274,15012,2631.8888400,0
2026-01-02 15:47:00,0.17525,0.17542,0.17524,0.1754,43120.0,1767368879999,7559.5382700,245,21990,3855.3624400,0
2026-01-02 15:48:00,0.1754,0.1757,0.1754,0.17559,58964.0,1767368939999,10349.9450300,313,36225,6359.4794300,0
2026-01-02 15:49:00,0.17559,0.1759,0.17557,0.17584,63154.0,1767368999999,11097.1713400,283,41873,7358.7415700,0
2026-01-02 15:50:00,0.17585,0.17612,0.17585,0.17595,56830.0,1767369059999,10003.5957700,358,34612,6092.6597100,0
2026-01-02 15:51:00,0.17596,0.1761,0.17551,0.17591,146242.0,1767369119999,25720.5289500,420,69403,12208.7603400,0
2026-01-02 15:52:00,0.17588,0.17589,0.17568,0.17577,16091.0,1767369179999,2828.2363300,158,7727,1358.1471200,0
2026-01-02 15:53:00,0.17577,0.17615,0.17577,0.17599,71956.0,1767369239999,12665.2236500,358,32952,5799.9842300,0
2026-01-02 15:54:00,0.176,0.17615,0.17598,0.17608,31150.0,1767369299999,5484.6882700,205,15335,2699.8413300,0
2026-01-02 15:55:00,0.17609,0.17627,0.17604,0.17617,115382.0,1767369359999,20324.4081800,433,22526,3969.1814400,0
2026-01-02 15:56:00,0.17619,0.17624,0.17585,0.17596,36992.0,1767369419999,6511.7057600,218,11416,2010.5930300,0
2026-01-02 15:57:00,0.17593,0.17605,0.17564,0.17604,133811.0,1767369479999,23516.4879100,294,92995,16342.5123000,0
2026-01-02 15:58:00,0.17604,0.17604,0.17586,0.17592,22312.0,1767369539999,3926.3108600,146,6323,1112.5036100,0
2026-01-02 15:59:00,0.17592,0.17594,0.17554,0.17588,47831.0,1767369599999,8405.1991200,255,27865,4896.4275300,0
2026-01-02 16:00:00,0.17588,0.17635,0.17583,0.17627,95403.0,1767369659999,16803.3521600,442,41844,7369.9491200,0
2026-01-02 16:01:00,0.17626,0.17682,0.17558,0.17646,541337.0,1767369719999,95448.2351300,855,426915,75262.4084400,0
2026-01-02 16:02:00,0.17645,0.17645,0.17597,0.17603,77280.0,1767369779999,13622.4486900,399,32409,5713.8824800,0
2026-01-02 16:03:00,0.17601,0.17619,0.17601,0.17605,35319.0,1767369839999,6219.9685100,227,13578,2391.3461300,0
2026-01-02 16:04:00,0.17606,0.17651,0.17603,0.17651,85557.0,1767369899999,15077.2376200,313,68872,12138.2937500,0
2026-01-02 16:05:00,0.17652,0.17658,0.17627,0.17637,30068.0,1767369959999,5304.2543600,234,12561,2215.6041900,0
2026-01-02 16:06:00,0.17636,0.17673,0.17636,0.17673,35486.0,1767370019999,6266.1263700,169,30361,5360.8524100,0
2026-01-02 16:07:00,0.17674,0.17683,0.17632,0.17647,32220.0,1767370079999,5688.1063000,189,7049,1245.1422900,0
2026-01-02 16:08:00,0.17648,0.17759,0.17648,0.17749,118217.0,1767370139999,20931.0412500,394,95760,16952.4364800,0
2026-01-02 16:09:00,0.17748,0.17748,0.17726,0.17728,26445.0,1767370199999,4690.3820700,148,7554,1339.8699400,0
2026-01-02 16:10:00,0.17728,0.17728,0.17696,0.17718,112420.0,1767370259999,19916.0465700,251,64853,11489.0466000,0
2026-01-02 16:11:00,0.17719,0.17719,0.17682,0.17682,146437.0,1767370319999,25922.3696800,363,65032,11516.6662900,0
2026-01-02 16:12:00,0.17683,0.177,0.17662,0.17686,75699.0,1767370379999,13381.1056200,274,32064,5669.4002200,0
2026-01-02 16:13:00,0.17691,0.17708,0.17689,0.17708,19122.0,1767370439999,3384.7938400,82,16988,3007.0224800,0
2026-01-02 16:14:00,0.17707,0.17735,0.17693,0.17735,206571.0,1767370499999,36592.4789300,443,186935,33115.5973500,0
2026-01-02 16:15:00,0.17728,0.17762,0.17723,0.1774,86155.0,1767370559999,15287.6664300,351,53846,9555.9975500,0
2026-01-02 16:16:00,0.17741,0.17784,0.1773,0.17784,67478.0,1767370619999,11982.2237100,382,50808,9023.0443200,0
2026-01-02 16:17:00,0.17785,0.17787,0.17733,0.17761,86183.0,1767370679999,15308.1758600,379,23395,4155.8148700,0
2026-01-02 16:18:00,0.17761,0.17766,0.17738,0.17739,31436.0,1767370739999,5580.4647100,257,16713,2967.3387000,0
2026-01-02 16:19:00,0.17738,0.17769,0.1773,0.17761,25294.0,1767370799999,4489.4318700,149,16191,2874.1000100,0
2026-01-02 16:20:00,0.17761,0.17793,0.17749,0.17775,72252.0,1767370859999,12837.1429000,269,15762,2801.6389600,0
2026-01-02 16:21:00,0.17774,0.17832,0.17773,0.17825,105493.0,1767370919999,18781.4344000,411,61195,10896.6016100,0
2026-01-02 16:22:00,0.17825,0.17894,0.17825,0.17841,150897.0,1767370979999,26952.3193100,576,80953,14465.5567600,0
2026-01-02 16:23:00,0.17841,0.17892,0.17841,0.17845,130985.0,1767371039999,23397.2983500,479,66302,11845.7556200,0
2026-01-02 16:24:00,0.17847,0.17867,0.17819,0.17827,156029.0,1767371099999,27849.2946700,410,82567,14740.3571300,0
2026-01-02 16:25:00,0.17827,0.17852,0.17827,0.17838,114986.0,1767371159999,20520.1478100,263,46169,8238.1548900,0
2026-01-02 16:26:00,0.17837,0.17859,0.17826,0.17829,53964.0,1767371219999,9628.9462200,306,25688,4584.0901900,0
2026-01-02 16:27:00,0.1783,0.17855,0.17825,0.17842,63941.0,1767371279999,11404.3463600,203,30666,5470.7719600,0
2026-01-02 16:28:00,0.17843,0.1791,0.17843,0.17908,133275.0,1767371339999,23852.3238500,490,108404,19400.0358300,0
2026-01-02 16:29:00,0.17908,0.17913,0.17855,0.1786,110954.0,1767371399999,19850.3713300,508,42726,7645.3428200,0
2026-01-02 16:30:00,0.17861,0.17863,0.17743,0.17754,500418.0,1767371459999,89017.7939100,1233,132318,23539.4293300,0
2026-01-02 16:31:00,0.17753,0.17806,0.1775,0.17776,152368.0,1767371519999,27085.0341300,631,81358,14465.7462000,0
2026-01-02 16:32:00,0.17777,0.178,0.17767,0.1779,116967.0,1767371579999,20798.2662200,470,72166,12832.0553500,0
2026-01-02 16:33:00,0.1779,0.17852,0.1779,0.17836,107773.0,1767371639999,19214.4540100,476,60054,10706.2265800,0
2026-01-02 16:34:00,0.17831,0.17839,0.17737,0.17803,261372.0,1767371699999,46501.9659500,712,102834,18294.7577300,0
2026-01-02 16:35:00,0.17804,0.17823,0.17782,0.17782,107111.0,1767371759999,19066.6841700,365,37802,6728.1388100,0
2026-01-02 16:36:00,0.17782,0.17834,0.17776,0.17824,62812.0,1767371819999,11185.6401700,295,24254,4319.0864600,0
2026-01-02 16:37:00,0.17828,0.17857,0.17821,0.17848,80546.0,1767371879999,14371.5479000,358,45169,8060.1435300,0
2026-01-02 16:38:00,0.17848,0.17855,0.17819,0.17821,56221.0,1767371939999,10024.6644500,188,7834,1397.8079000,0
2026-01-02 16:39:00,0.1782,0.17862,0.1782,0.17832,100149.0,1767371999999,17877.3509300,269,73638,13147.3476200,0
2026-01-02 16:40:00,0.17833,0.17847,0.17823,0.17838,43989.0,1767372059999,7844.0056800,196,11484,2047.9959400,0
2026-01-02 16:41:00,0.17839,0.17867,0.17824,0.17828,45669.0,1767372119999,8152.8266200,240,11588,2069.1505800,0
2026-01-02 16:42:00,0.17826,0.17844,0.17802,0.1782,60750.0,1767372179999,10823.8890400,253,23730,4230.8587100,0
2026-01-02 16:43:00,0.17818,0.17829,0.178,0.17809,37871.0,1767372239999,6746.8304200,212,12121,2159.4265800,0
2026-01-02 16:44:00,0.17809,0.17821,0.17761,0.17821,134450.0,1767372299999,23908.4872400,499,82273,14630.7216900,0
2026-01-02 16:45:00,0.17822,0.17836,0.17763,0.17771,57142.0,1767372359999,10172.2753300,315,10166,1809.3023000,0
2026-01-02 16:46:00,0.17767,0.17791,0.17759,0.17775,62213.0,1767372419999,11059.7586900,319,44530,7916.7463700,0
2026-01-02 16:47:00,0.17775,0.17821,0.17775,0.17821,45503.0,1767372479999,8098.3314300,306,32955,5865.6475000,0
2026-01-02 16:48:00,0.17822,0.17829,0.17799,0.17812,62785.0,1767372539999,11187.3501800,275,19507,3475.8645600,0
2026-01-02 16:49:00,0.17808,0.17858,0.17808,0.17837,47014.0,1767372599999,8384.1940000,255,24640,4393.6034800,0
2026-01-02 16:50:00,0.17836,0.17841,0.17804,0.17806,32981.0,1767372659999,5879.4857800,208,19024,3392.2468800,0
2026-01-02 16:51:00,0.17804,0.17816,0.178,0.17801,23276.0,1767372719999,4144.7880500,193,16785,2989.0424000,0
2026-01-02 16:52:00,0.17801,0.17801,0.17763,0.17797,100016.0,1767372779999,17786.4193400,430,48248,8580.8015000,0
2026-01-02 16:53:00,0.17796,0.17811,0.17777,0.17799,44491.0,1767372839999,7915.5846200,307,22762,4049.4838300,0
2026-01-02 16:54:00,0.17799,0.17799,0.17761,0.17792,154407.0,1767372899999,27443.1224300,444,84702,15059.0298300,0
2026-01-02 16:55:00,0.17793,0.17808,0.17784,0.17784,25757.0,1767372959999,4584.3784000,154,11226,1998.4907900,0
2026-01-02 16:56:00,0.17784,0.17793,0.17764,0.17789,117633.0,1767373019999,20911.8273700,318,53664,9541.9133600,0
2026-01-02 16:57:00,0.1779,0.17819,0.1779,0.17819,44744.0,1767373079999,7966.0045100,154,35370,6297.5641900,0
2026-01-02 16:58:00,0.17819,0.17855,0.17819,0.17846,40385.0,1767373139999,7203.3328200,169,21997,3923.0476200,0
2026-01-02 16:59:00,0.17846,0.17859,0.17841,0.17849,33843.0,1767373199999,6040.8189800,159,19386,3460.4601000,0
2026-01-02 17:00:00,0.17849,0.17868,0.17823,0.17832,62558.0,1767373259999,11162.9714900,321,25121,4483.0176800,0
2026-01-02 17:01:00,0.17831,0.17835,0.17822,0.17835,42507.0,1767373319999,7578.0971700,181,33793,6024.7528900,0
2026-01-02 17:02:00,0.17835,0.17896,0.17835,0.1787,84990.0,1767373379999,15187.1327500,419,31025,5540.5819000,0
2026-01-02 17:03:00,0.17874,0.1792,0.17874,0.17904,252549.0,1767373439999,45229.2687500,479,74628,13362.9125800,0
2026-01-02 17:04:00,0.17903,0.17912,0.17894,0.17898,69933.0,1767373499999,12518.0060900,224,29508,5282.8335000,0
2026-01-02 17:05:00,0.17898,0.17935,0.17898,0.1792,81704.0,1767373559999,14642.7702500,329,46819,8391.1764700,0
2026-01-02 17:06:00,0.1792,0.17931,0.1788,0.17884,47847.0,1767373619999,8568.3844700,223,16885,3024.9571200,0
2026-01-02 17:07:00,0.17885,0.17912,0.17836,0.17842,93195.0,1767373679999,16671.5764400,309,25090,4489.7246400,0
2026-01-02 17:08:00,0.17842,0.17874,0.1784,0.17869,58055.0,1767373739999,10370.2924400,258,32462,5798.8897700,0
2026-01-02 17:09:00,0.17859,0.1787,0.17843,0.17858,42170.0,1767373799999,7529.5981700,192,35110,6269.1381500,0
2026-01-02 17:10:00,0.17858,0.1787,0.17823,0.17836,33066.0,1767373859999,5902.7085300,251,14777,2638.2717100,0
2026-01-02 17:11:00,0.17835,0.17835,0.177,0.17752,632646.0,1767373919999,112322.8714200,1033,293843,52141.0005200,0
2026-01-02 17:12:00,0.17752,0.17841,0.17752,0.17791,264518.0,1767373979999,47091.6400200,553,130731,23282.9704100,0
2026-01-02 17:13:00,0.17791,0.17816,0.17791,0.178,38097.0,1767374039999,6783.2620700,184,16033,2854.3964100,0
2026-01-02 17:14:00,0.17801,0.17803,0.17782,0.17796,34426.0,1767374099999,6125.5532400,169,12782,2274.4390300,0
2026-01-02 17:15:00,0.17796,0.17847,0.17796,0.17847,58311.0,1767374159999,10389.9214700,322,32978,5876.8889200,0
2026-01-02 17:16:00,0.17847,0.17897,0.17847,0.17895,67274.0,1767374219999,12024.7658300,310,50822,9083.4779100,0
2026-01-02 17:17:00,0.17895,0.17902,0.17824,0.17856,390106.0,1767374279999,69630.5036400,921,103250,18433.1017700,0
2026-01-02 17:18:00,0.17855,0.17865,0.17834,0.17865,86413.0,1767374339999,15426.2344700,353,66811,11928.0544100,0
2026-01-02 17:19:00,0.17863,0.17917,0.17861,0.1789,116104.0,1767374399999,20782.8356100,510,80426,14397.1645900,0
2026-01-02 17:20:00,0.1789,0.17941,0.17879,0.17935,226217.0,1767374459999,40529.7339000,1088,178630,32005.1050700,0
2026-01-02 17:21:00,0.17928,0.17945,0.17865,0.17865,128703.0,1767374519999,23049.4098900,560,53639,9607.8806400,0
2026-01-02 17:22:00,0.17864,0.17888,0.17857,0.17883,45211.0,1767374579999,8080.7026100,205,23100,4129.0171300,0
2026-01-02 17:23:00,0.17883,0.17904,0.17873,0.17874,37857.0,1767374639999,6769.8139400,167,11818,2113.8851900,0
2026-01-02 17:24:00,0.17875,0.17885,0.17852,0.17852,16697.0,1767374699999,2984.4579800,141,5386,962.8760600,0
2026-01-02 17:25:00,0.17853,0.17882,0.17839,0.17841,74507.0,1767374759999,13306.9686400,283,19479,3478.0787200,0
2026-01-02 17:26:00,0.17841,0.17854,0.17839,0.17849,55542.0,1767374819999,9912.9013500,180,29292,5227.5126500,0
2026-01-02 17:27:00,0.17849,0.17883,0.17843,0.17866,199722.0,1767374879999,35675.6454700,241,180753,32286.9507900,0
2026-01-02 17:28:00,0.17866,0.17887,0.17864,0.17884,21712.0,1767374939999,3880.8539500,143,12480,2230.8497300,0
2026-01-02 17:29:00,0.17885,0.17912,0.17878,0.17905,26085.0,1767374999999,4667.1537400,163,9085,1626.0937600,0
2026-01-02 17:30:00,0.17906,0.17915,0.17896,0.17897,30959.0,1767375059999,5543.4439200,135,7572,1355.6655400,0
2026-01-02 17:31:00,0.17896,0.17896,0.17861,0.17873,27281.0,1767375119999,4877.6031500,221,9907,1771.5248000,0
2026-01-02 17:32:00,0.17873,0.17879,0.17852,0.17855,44448.0,1767375179999,7942.0518500,238,26157,4674.8020500,0
2026-01-02 17:33:00,0.17855,0.17872,0.17855,0.17866,12569.0,1767375239999,2245.4535700,88,3681,657.4863400,0
2026-01-02 17:34:00,0.17866,0.17874,0.1783,0.17849,28947.0,1767375299999,5167.8308000,215,12441,2221.7564200,0
2026-01-02 17:35:00,0.1785,0.17867,0.17848,0.17857,51050.0,1767375359999,9116.7041400,196,36738,6561.2166500,0
2026-01-02 17:36:00,0.17857,0.17877,0.17846,0.17847,43901.0,1767375419999,7842.4004600,205,28121,5024.1022700,0
2026-01-02 17:37:00,0.17847,0.1785,0.17809,0.17824,69379.0,1767375479999,12365.9527200,188,15492,2761.9535400,0
2026-01-02 17:38:00,0.17825,0.17826,0.178,0.17807,33277.0,1767375539999,5926.9464200,120,7853,1398.2752900,0
2026-01-02 17:39:00,0.17808,0.17817,0.17781,0.17808,57314.0,1767375599999,10200.4621200,279,33239,5917.4749900,0
2026-01-02 17:40:00,0.17808,0.17844,0.17806,0.17844,19480.0,1767375659999,3470.6556400,97,17034,3035.0394100,0
2026-01-02 17:41:00,0.17843,0.17861,0.17843,0.17849,26830.0,1767375719999,4789.4310000,169,14207,2536.1002400,0
2026-01-02 17:42:00,0.1785,0.17863,0.1785,0.17861,4931.0,1767375779999,880.5257400,44,3652,652.0714900,0
2026-01-02 17:43:00,0.17863,0.1787,0.17823,0.17839,70656.0,1767375839999,12607.3538800,323,17592,3138.8972900,0
2026-01-02 17:44:00,0.1784,0.17856,0.17836,0.17839,34355.0,1767375899999,6131.0953200,143,16887,3013.6737100,0
2026-01-02 17:45:00,0.17839,0.17859,0.17839,0.17848,39496.0,1767375959999,7050.2455000,153,33055,5900.6754200,0
2026-01-02 17:46:00,0.17849,0.17861,0.17847,0.17847,33727.0,1767376019999,6022.3202800,105,18790,3355.6259300,0
2026-01-02 17:47:00,0.17847,0.17856,0.17839,0.17841,19407.0,1767376079999,3464.0906100,106,9039,1613.5041100,0
2026-01-02 17:48:00,0.17842,0.17846,0.17804,0.17824,40330.0,1767376139999,7186.6279300,221,16131,2873.7365400,0
2026-01-02 17:49:00,0.17824,0.17829,0.17785,0.17793,124080.0,1767376199999,22085.8357900,437,40418,7194.6580800,0
2026-01-02 17:50:00,0.17795,0.17807,0.17781,0.17787,70413.0,1767376259999,12527.9334300,309,27013,4806.6336400,0
2026-01-02 17:51:00,0.17787,0.17822,0.17787,0.17822,23172.0,1767376319999,4124.8276400,89,21915,3900.9480600,0
2026-01-02 17:52:00,0.17822,0.17859,0.17822,0.17858,42966.0,1767376379999,7665.3984400,175,34650,6182.3043900,0
2026-01-02 17:53:00,0.17858,0.17871,0.17854,0.17854,36927.0,1767376439999,6596.4177300,179,18008,3217.4021900,0
2026-01-02 17:54:00,0.17855,0.17866,0.17822,0.17844,45731.0,1767376499999,8161.6534500,241,34570,6170.6413800,0
2026-01-02 17:55:00,0.17844,0.17852,0.1784,0.17852,9416.0,1767376559999,1680.5063000,56,6450,1151.2966200,0
2026-01-02 17:56:00,0.17851,0.17861,0.17808,0.17808,18405.0,1767376619999,3282.8025200,157,5642,1006.8562100,0
2026-01-02 17:57:00,0.17807,0.17847,0.17805,0.17835,39378.0,1767376679999,7020.5409900,194,19517,3479.1499000,0
2026-01-02 17:58:00,0.17834,0.17839,0.17833,0.17836,8004.0,1767376739999,1427.6542200,45,6322,1127.6283400,0
2026-01-02 17:59:00,0.17837,0.17854,0.17837,0.17854,23937.0,1767376799999,4271.7601200,84,14224,2538.4048300,0
2026-01-02 18:00:00,0.17854,0.17854,0.17819,0.17842,21820.0,1767376859999,3891.9259100,151,4715,841.1063600,0
2026-01-02 18:01:00,0.17843,0.17862,0.17842,0.1786,47876.0,1767376919999,8545.8620600,133,36015,6428.6680400,0
2026-01-02 18:02:00,0.1786,0.17862,0.17827,0.17851,43639.0,1767376979999,7789.2518000,196,13294,2372.9668200,0
2026-01-02 18:03:00,0.17852,0.17868,0.17852,0.17859,65590.0,1767377039999,11713.2922500,226,17095,3053.0491200,0
2026-01-02 18:04:00,0.17859,0.17913,0.17859,0.17908,68883.0,1767377099999,12324.8868700,260,55028,9845.1712100,0
2026-01-02 18:05:00,0.17908,0.17941,0.17908,0.1792,29186.0,1767377159999,5232.0096500,176,21738,3897.0602800,0
2026-01-02 18:06:00,0.17918,0.17931,0.17904,0.17922,53545.0,1767377219999,9593.9515300,235,26420,4734.5746500,0
2026-01-02 18:07:00,0.17922,0.17933,0.17915,0.17922,25409.0,1767377279999,4554.3861200,183,10073,1805.3900900,0
2026-01-02 18:08:00,0.17922,0.17938,0.17922,0.17931,39320.0,1767377339999,7049.3605500,182,23106,4142.8177300,0
2026-01-02 18:09:00,0.17931,0.17963,0.17927,0.17927,183785.0,1767377399999,32971.2268300,377,70470,12648.5896300,0
2026-01-02 18:10:00,0.17926,0.17934,0.1791,0.17913,38486.0,1767377459999,6896.7754500,159,27846,4989.6923300,0
2026-01-02 18:11:00,0.17913,0.17914,0.17895,0.17909,25751.0,1767377519999,4610.8951800,136,9899,1772.2952000,0
2026-01-02 18:12:00,0.17909,0.17926,0.17906,0.17922,26348.0,1767377579999,4720.1769700,107,21220,3801.7281600,0
2026-01-02 18:13:00,0.17922,0.17933,0.1792,0.17925,8045.0,1767377639999,1442.2323700,72,5215,934.8036100,0
2026-01-02 18:14:00,0.17925,0.17928,0.17921,0.17923,8900.0,1767377699999,1595.3108700,71,6366,1141.1209900,0
2026-01-02 18:15:00,0.17924,0.17944,0.17901,0.17904,31142.0,1767377759999,5583.0245600,217,16772,3006.2356700,0
2026-01-02 18:16:00,0.17902,0.17912,0.17902,0.17904,3882.0,1767377819999,695.1438100,56,3020,540.7915900,0
2026-01-02 18:17:00,0.17904,0.17913,0.17899,0.17909,17944.0,1767377879999,3213.1082500,112,11884,2128.1159900,0
2026-01-02 18:18:00,0.17909,0.17949,0.17904,0.17941,133411.0,1767377939999,23912.1664100,259,39976,7172.1937200,0
2026-01-02 18:19:00,0.17942,0.17945,0.17926,0.17928,12135.0,1767377999999,2176.6298900,86,4128,740.3319200,0
2026-01-02 18:20:00,0.17926,0.17929,0.17906,0.17906,12118.0,1767378059999,2171.3015700,78,4649,833.1193700,0
2026-01-02 18:21:00,0.17908,0.17931,0.17906,0.17926,16743.0,1767378119999,3000.7117000,155,14948,2678.9191400,0
2026-01-02 18:22:00,0.17922,0.17922,0.1789,0.17891,58824.0,1767378179999,10534.1291500,107,2521,451.1849200,0
2026-01-02 18:23:00,0.1789,0.1789,0.17829,0.1783,68897.0,1767378239999,12297.2968500,272,11665,2083.2813300,0
2026-01-02 18:24:00,0.17829,0.17874,0.17827,0.1787,36450.0,1767378299999,6503.8011000,207,32992,5886.9019700,0
2026-01-02 18:25:00,0.1787,0.1789,0.17858,0.17858,33681.0,1767378359999,6020.4725300,163,19105,3415.3322300,0
2026-01-02 18:26:00,0.1786,0.17887,0.1786,0.17874,17655.0,1767378419999,3156.1427600,125,9148,1635.4192700,0
2026-01-02 18:27:00,0.17873,0.17885,0.17873,0.17883,6043.0,1767378479999,1080.6367900,35,3845,687.5485900,0
2026-01-02 18:28:00,0.17883,0.17883,0.17855,0.17855,12512.0,1767378539999,2235.2057800,119,5698,1017.7281000,0
2026-01-02 18:29:00,0.17856,0.17871,0.17856,0.17861,8563.0,1767378599999,1529.6816000,82,3725,665.4378200,0
2026-01-02 18:30:00,0.1786,0.17861,0.17836,0.17836,6995.0,1767378659999,1248.3733100,72,1715,306.0804900,0
2026-01-02 18:31:00,0.17836,0.17852,0.17834,0.17837,36957.0,1767378719999,6594.9126800,148,26731,4770.0935000,0
2026-01-02 18:32:00,0.17838,0.1785,0.17809,0.17813,126874.0,1767378779999,22611.9231100,337,45699,8147.8414600,0
2026-01-02 18:33:00,0.17813,0.17831,0.17783,0.17829,49787.0,1767378839999,8863.7048100,261,20646,3678.0786000,0
2026-01-02 18:34:00,0.17829,0.17845,0.17829,0.17835,17247.0,1767378899999,3076.4964000,96,13705,2444.8497200,0
2026-01-02 18:35:00,0.17835,0.17845,0.17828,0.17829,34279.0,1767378959999,6114.2424900,137,4884,871.2089800,0
2026-01-02 18:36:00,0.1783,0.17838,0.17789,0.17798,54042.0,1767379019999,9624.8065300,181,17154,3055.0042800,0
2026-01-02 18:37:00,0.17798,0.17839,0.17798,0.17839,12508.0,1767379079999,2228.1612000,97,12220,2176.8364400,0
2026-01-02 18:38:00,0.1784,0.17863,0.1784,0.17857,27928.0,1767379139999,4986.6831700,149,14508,2590.2439200,0
2026-01-02 18:39:00,0.17858,0.17895,0.17858,0.1788,31519.0,1767379199999,5634.7774300,199,19796,3538.4284800,0
2026-01-02 18:40:00,0.17881,0.17884,0.17851,0.17855,48996.0,1767379259999,8750.7439100,159,25963,4636.1408200,0
2026-01-02 18:41:00,0.17851,0.17862,0.17842,0.17849,28951.0,1767379319999,5168.2997900,162,12881,2299.2589900,0
2026-01-02 18:42:00,0.1785,0.17856,0.17823,0.17827,10496.0,1767379379999,1872.2415400,109,3142,560.4665700,0
2026-01-02 18:43:00,0.17825,0.17856,0.17822,0.17852,53768.0,1767379439999,9594.0803700,177,46515,8300.2889000,0
2026-01-02 18:44:00,0.17853,0.17888,0.17853,0.17883,107100.0,1767379499999,19147.3842000,258,29402,5256.0911600,0
2026-01-02 18:45:00,0.17884,0.17895,0.17863,0.17867,99887.0,1767379559999,17856.9531700,307,75532,13502.9870500,0
2026-01-02 18:46:00,0.17866,0.17874,0.17865,0.17873,9355.0,1767379619999,1671.6828700,73,3406,608.6851200,0
2026-01-02 18:47:00,0.17874,0.17884,0.17866,0.17871,30405.0,1767379679999,5435.6001400,153,8564,1531.0872800,0
2026-01-02 18:48:00,0.17872,0.17889,0.17872,0.17876,9707.0,1767379739999,1735.5368400,72,5409,967.0510500,0
2026-01-02 18:49:00,0.17877,0.17898,0.17862,0.17867,41470.0,1767379799999,7416.5601100,216,20559,3677.5490900,0
2026-01-02 18:50:00,0.17867,0.17867,0.17835,0.17844,32349.0,1767379859999,5772.4206700,230,18337,3272.2230400,0
2026-01-02 18:51:00,0.17845,0.17853,0.17824,0.17824,34287.0,1767379919999,6118.7388200,124,5740,1024.3429400,0
2026-01-02 18:52:00,0.17824,0.17842,0.17815,0.1782,16127.0,1767379979999,2874.8888200,159,7309,1303.0389800,0
2026-01-02 18:53:00,0.17817,0.17817,0.17772,0.17778,79917.0,1767380039999,14213.4094200,344,22687,4036.2826100,0
2026-01-02 18:54:00,0.17778,0.178,0.17777,0.17797,94485.0,1767380099999,16806.9543400,297,37588,6687.5644200,0
2026-01-02 18:55:00,0.17795,0.17803,0.1779,0.17792,38833.0,1767380159999,6910.9828800,189,14805,2635.0437000,0
2026-01-02 18:56:00,0.17792,0.17839,0.17792,0.17822,28487.0,1767380219999,5077.7096900,199,18869,3362.9005700,0
2026-01-02 18:57:00,0.17824,0.17841,0.17824,0.17839,14624.0,1767380279999,2607.7639200,119,11181,1993.8891900,0
2026-01-02 18:58:00,0.1784,0.17853,0.17829,0.17848,54399.0,1767380339999,9705.9067000,200,31787,5672.0616900,0
2026-01-02 18:59:00,0.17849,0.17853,0.17845,0.17851,6655.0,1767380399999,1187.9379500,53,2252,401.9867100,0
2026-01-02 19:00:00,0.17851,0.1786,0.1784,0.17849,45299.0,1767380459999,8086.6874100,185,15361,2742.3252700,0
2026-01-02 19:01:00,0.1785,0.17861,0.17829,0.1783,24459.0,1767380519999,4365.3252700,160,9220,1645.5221000,0
2026-01-02 19:02:00,0.1783,0.17846,0.17823,0.17841,17990.0,1767380579999,3208.4997700,152,10025,1787.9814900,0
2026-01-02 19:03:00,0.17842,0.17908,0.17832,0.17908,58163.0,1767380639999,10389.5297400,265,40714,7275.5381100,0
2026-01-02 19:04:00,0.17908,0.17997,0.179,0.17989,133176.0,1767380699999,23923.8815000,506,92352,16592.9025600,0
2026-01-02 19:05:00,0.17987,0.18042,0.17968,0.18006,163820.0,1767380759999,29508.2537300,679,114438,20613.9012800,0
2026-01-02 19:06:00,0.18005,0.18005,0.17941,0.17957,67026.0,1767380819999,12052.7175200,352,46043,8280.9176900,0
2026-01-02 19:07:00,0.17957,0.17971,0.17952,0.17959,49062.0,1767380879999,8811.5837600,197,20764,3729.0933000,0
2026-01-02 19:08:00,0.1796,0.17975,0.17949,0.17962,17518.0,1767380939999,3146.2843800,152,7280,1307.7363300,0
2026-01-02 19:09:00,0.17963,0.17992,0.17963,0.17974,83296.0,1767380999999,14975.4913700,182,48324,8688.9246900,0
2026-01-02 19:10:00,0.17973,0.17995,0.17971,0.17982,42548.0,1767381059999,7651.8648800,130,34212,6153.4301500,0
2026-01-02 19:11:00,0.17984,0.18002,0.17966,0.17988,82927.0,1767381119999,14915.9719500,300,42705,7682.3488400,0
2026-01-02 19:12:00,0.17989,0.17998,0.17986,0.17994,62818.0,1767381179999,11302.8727000,88,11066,1991.1703400,0
2026-01-02 19:13:00,0.17995,0.18029,0.17995,0.18023,34250.0,1767381239999,6168.0061000,120,28646,5158.6272500,0
2026-01-02 19:14:00,0.18023,0.18058,0.18023,0.18031,51931.0,1767381299999,9373.9382800,161,44284,7994.0555800,0
2026-01-02 19:15:00,0.18029,0.18055,0.18027,0.18055,35911.0,1767381359999,6479.4013600,168,26862,4846.2942800,0
2026-01-02 19:16:00,0.18054,0.18083,0.18047,0.18052,54079.0,1767381419999,9769.4786800,305,35401,6395.5210500,0
2026-01-02 19:17:00,0.18051,0.18062,0.18051,0.18055,13131.0,1767381479999,2371.0145400,90,8396,1516.0125100,0
2026-01-02 19:18:00,0.18054,0.18054,0.18028,0.1804,77178.0,1767381539999,13921.6888900,266,26050,4700.9593500,0
2026-01-02 19:19:00,0.18039,0.18042,0.18021,0.18026,50928.0,1767381599999,9181.1782800,178,20695,3730.6411000,0
2026-01-02 19:20:00,0.18027,0.18034,0.17994,0.17998,22456.0,1767381659999,4044.0227400,151,9753,1756.3878200,0
2026-01-02 19:21:00,0.17998,0.18028,0.17998,0.1802,32016.0,1767381719999,5767.5663700,170,27349,4926.3856800,0
2026-01-02 19:22:00,0.1802,0.1802,0.18005,0.18007,15114.0,1767381779999,2722.2252400,148,11159,2009.8086300,0
2026-01-02 19:23:00,0.18006,0.18024,0.17974,0.18009,318817.0,1767381839999,57361.7285200,489,119939,21585.0746900,0
2026-01-02 19:24:00,0.1801,0.1801,0.17974,0.17974,37133.0,1767381899999,6681.1022600,244,14523,2613.4217000,0
2026-01-02 19:25:00,0.17973,0.17981,0.17961,0.17981,36691.0,1767381959999,6594.6142600,156,29247,5256.9879600,0
2026-01-02 19:26:00,0.1798,0.17991,0.17975,0.17981,18957.0,1767382019999,3408.9610300,95,13438,2416.5103300,0
2026-01-02 19:27:00,0.1798,0.17984,0.1796,0.17984,38100.0,1767382079999,6845.6572600,156,20312,3649.6966400,0
2026-01-02 19:28:00,0.17984,0.17992,0.17934,0.17934,96633.0,1767382139999,17365.3296300,262,33167,5959.0768600,0
2026-01-02 19:29:00,0.17933,0.17933,0.17893,0.17923,67011.0,1767382199999,12003.4966600,204,28707,5143.0300300,0
2026-01-02 19:30:00,0.17924,0.17928,0.17889,0.1792,86701.0,1767382259999,15526.2663300,305,54494,9759.0361500,0
2026-01-02 19:31:00,0.17918,0.17922,0.17906,0.17922,55252.0,1767382319999,9898.2844500,205,39976,7161.8206500,0
2026-01-02 19:32:00,0.17922,0.17956,0.17921,0.17947,25622.0,1767382379999,4597.9099700,162,11471,2058.0375900,0
2026-01-02 19:33:00,0.17948,0.1798,0.17948,0.17977,26888.0,1767382439999,4830.4865600,149,23351,4195.0763300,0
2026-01-02 19:34:00,0.17977,0.1799,0.17956,0.17956,30989.0,1767382499999,5568.9672900,187,3828,688.1452700,0
2026-01-02 19:35:00,0.17957,0.17966,0.17953,0.17954,23185.0,1767382559999,4163.6407200,97,7109,1276.8831200,0
2026-01-02 19:36:00,0.17954,0.17954,0.17925,0.17925,43971.0,1767382619999,7888.1714600,124,11296,2026.9288700,0
2026-01-02 19:37:00,0.17927,0.17935,0.1792,0.1792,18619.0,1767382679999,3338.2872700,59,11158,2000.6411100,0
2026-01-02 19:38:00,0.17919,0.17932,0.17914,0.1793,10873.0,1767382739999,1948.6534300,62,4146,742.9681200,0
2026-01-02 19:39:00,0.17929,0.1794,0.17919,0.17938,102128.0,1767382799999,18305.3930800,109,90054,16141.3162400,0
2026-01-02 19:40:00,0.17939,0.17948,0.17936,0.17944,28447.0,1767382859999,5103.6400500,84,26265,4712.2128400,0
2026-01-02 19:41:00,0.17944,0.1797,0.17938,0.17947,22308.0,1767382919999,4005.1466900,160,15446,2773.2328500,0
2026-01-02 19:42:00,0.17947,0.17987,0.17947,0.17986,7569.0,1767382979999,1359.9540100,86,5857,1052.2269600,0
2026-01-02 19:43:00,0.17986,0.17991,0.17982,0.17986,12010.0,1767383039999,2160.2422900,43,1956,351.8527100,0
2026-01-02 19:44:00,0.17987,0.18008,0.17987,0.17994,21614.0,1767383099999,3889.9098500,106,18045,3247.4238600,0
2026-01-02 19:45:00,0.17994,0.18002,0.17983,0.18002,11174.0,1767383159999,2010.4201800,99,3260,586.6123500,0
2026-01-02 19:46:00,0.18002,0.18051,0.18002,0.18051,58338.0,1767383219999,10516.2577100,221,46028,8297.5294300,0
2026-01-02 19:47:00,0.1805,0.1805,0.18029,0.18029,42163.0,1767383279999,7605.6088700,130,4384,790.8274200,0
2026-01-02 19:48:00,0.18028,0.18034,0.1802,0.18034,35887.0,1767383339999,6468.7356700,147,8309,1498.1273800,0
2026-01-02 19:49:00,0.18033,0.18035,0.18032,0.18034,2635.0,1767383399999,475.1889700,20,2040,367.8898900,0
2026-01-02 19:50:00,0.18034,0.18034,0.18,0.18011,16436.0,1767383459999,2960.0676200,137,7082,1275.4294200,0
2026-01-02 19:51:00,0.1801,0.18027,0.18008,0.1802,22616.0,1767383519999,4075.3608000,143,16661,3002.2906700,0
2026-01-02 19:52:00,0.18019,0.1802,0.17999,0.18013,39363.0,1767383579999,7088.6265600,186,14700,2647.3788900,0
2026-01-02 19:53:00,0.18014,0.18043,0.18012,0.18012,66553.0,1767383639999,11996.3818500,252,12047,2171.8376200,0
2026-01-02 19:54:00,0.18012,0.18014,0.17995,0.17995,29246.0,1767383699999,5265.2021500,91,3659,658.9487200,0
2026-01-02 19:55:00,0.17995,0.17999,0.17988,0.17999,17144.0,1767383759999,3084.6181700,78,5274,949.1300400,0
2026-01-02 19:56:00,0.17999,0.18,0.17981,0.17982,7887.0,1767383819999,1418.6287800,61,3262,586.8007800,0
2026-01-02 19:57:00,0.17982,0.17983,0.17963,0.17965,10239.0,1767383879999,1840.3247100,78,5104,917.4533000,0
2026-01-02 19:58:00,0.17962,0.17964,0.17951,0.17955,30259.0,1767383939999,5433.8648600,127,20473,3676.6184000,0
2026-01-02 19:59:00,0.17954,0.17954,0.17937,0.17949,18474.0,1767383999999,3315.1694000,89,4928,884.3769500,0
2026-01-02 20:00:00,0.17948,0.17955,0.17938,0.17943,17448.0,1767384059999,3131.4049600,102,12096,2170.8244700,0
2026-01-02 20:01:00,0.17944,0.17974,0.17939,0.17953,32401.0,1767384119999,5818.1965700,193,19986,3588.6372900,0
2026-01-02 20:02:00,0.17953,0.17953,0.17923,0.17926,22413.0,1767384179999,4019.3871100,120,1949,349.6361600,0
2026-01-02 20:03:00,0.17926,0.17939,0.17917,0.17938,50367.0,1767384239999,9029.9616000,152,38429,6889.9873200,0
2026-01-02 20:04:00,0.17937,0.17937,0.17871,0.17875,66087.0,1767384299999,11828.4758700,255,25359,4537.0572900,0
2026-01-02 20:05:00,0.17874,0.17874,0.17819,0.17825,156337.0,1767384359999,27903.6988800,313,29694,5299.4592600,0
2026-01-02 20:06:00,0.17827,0.17835,0.17819,0.17829,32943.0,1767384419999,5872.2229400,164,5396,962.1306100,0
2026-01-02 20:07:00,0.17828,0.17861,0.17828,0.17838,33541.0,1767384479999,5986.7696400,141,21608,3857.5621400,0
2026-01-02 20:08:00,0.17839,0.17848,0.17831,0.17831,19096.0,1767384539999,3406.5936800,87,5185,925.0716100,0
2026-01-02 20:09:00,0.17831,0.17834,0.17815,0.17815,19903.0,1767384599999,3547.6206300,74,3700,659.5310700,0
2026-01-02 20:10:00,0.17816,0.17824,0.17815,0.17821,7367.0,1767384659999,1312.7073600,59,2117,377.2398600,0
2026-01-02 20:11:00,0.17822,0.17825,0.17815,0.17822,9498.0,1767384719999,1692.4650800,70,5976,1064.9458900,0
2026-01-02 20:12:00,0.17822,0.17834,0.17822,0.17829,8218.0,1767384779999,1465.2329500,59,4585,817.3992400,0
2026-01-02 20:13:00,0.1783,0.1783,0.17809,0.17819,15701.0,1767384839999,2797.4973800,106,7391,1316.6700000,0
2026-01-02 20:14:00,0.1782,0.17835,0.17819,0.17822,26990.0,1767384899999,4811.2131600,90,13152,2344.9114000,0
2026-01-02 20:15:00,0.17822,0.17822,0.17783,0.17801,34866.0,1767384959999,6204.9449800,190,15090,2685.6345500,0
2026-01-02 20:16:00,0.178,0.1782,0.178,0.17818,45334.0,1767385019999,8072.0211700,139,16106,2868.3737500,0
2026-01-02 20:17:00,0.17817,0.17817,0.17793,0.17797,36184.0,1767385079999,6443.2390500,111,4630,824.0837000,0
2026-01-02 20:18:00,0.17797,0.17815,0.17776,0.17815,29373.0,1767385139999,5226.8705300,141,19200,3417.5454300,0
2026-01-02 20:19:00,0.17816,0.17825,0.17813,0.17825,12062.0,1767385199999,2149.5699700,86,8874,1581.4548300,0
2026-01-02 20:20:00,0.17826,0.17839,0.17826,0.17839,4843.0,1767385259999,863.6446600,50,3880,691.9071200,0
2026-01-02 20:21:00,0.1784,0.17845,0.17831,0.17839,13965.0,1767385319999,2491.2043300,89,6700,1195.2871300,0
2026-01-02 20:22:00,0.17839,0.17839,0.17801,0.17817,43598.0,1767385379999,7769.7700300,155,9772,1740.5484200,0
2026-01-02 20:23:00,0.17816,0.17817,0.17797,0.17802,14928.0,1767385439999,2658.6473800,83,7142,1272.0745600,0
2026-01-02 20:24:00,0.17802,0.17802,0.1777,0.1777,19374.0,1767385499999,3445.3942300,115,4175,742.5729500,0
2026-01-02 20:25:00,0.17769,0.17774,0.1773,0.17758,191994.0,1767385559999,34079.7745800,417,73215,13003.5942200,0
2026-01-02 20:26:00,0.17759,0.17785,0.17757,0.17782,26612.0,1767385619999,4729.7126200,147,10747,1910.1228700,0
2026-01-02 20:27:00,0.17781,0.1782,0.1778,0.17812,20079.0,1767385679999,3573.5163700,169,8747,1556.8840400,0
2026-01-02 20:28:00,0.17815,0.1782,0.17805,0.17811,37746.0,1767385739999,6724.7860100,79,2709,482.5996500,0
2026-01-02 20:29:00,0.1781,0.1781,0.17788,0.17791,13591.0,1767385799999,2418.8489700,72,3520,626.2649100,0
2026-01-02 20:30:00,0.17792,0.17809,0.17792,0.17807,15481.0,1767385859999,2756.4572900,93,6536,1163.6411800,0
2026-01-02 20:31:00,0.17807,0.1783,0.17807,0.17829,67016.0,1767385919999,11942.6054400,176,62605,11156.7670300,0
2026-01-02 20:32:00,0.17828,0.17833,0.17807,0.17821,17629.0,1767385979999,3141.7662300,123,12303,2192.3957700,0
2026-01-02 20:33:00,0.17821,0.17827,0.17786,0.17791,37239.0,1767386039999,6632.1858200,157,5105,909.4667800,0
2026-01-02 20:34:00,0.17792,0.17818,0.17775,0.17818,31474.0,1767386099999,5601.2240900,132,20943,3727.5062200,0
2026-01-02 20:35:00,0.17819,0.17832,0.17818,0.17832,10727.0,1767386159999,1912.1059600,55,9833,1752.7481000,0
2026-01-02 20:36:00,0.17833,0.17833,0.17815,0.17821,18973.0,1767386219999,3381.4369400,61,2180,388.6001000,0
2026-01-02 20:37:00,0.17821,0.17821,0.17802,0.17817,18150.0,1767386279999,3232.5926700,94,11037,1965.8815700,0
2026-01-02 20:38:00,0.17817,0.1782,0.17817,0.17819,940.0,1767386339999,167.4939800,12,429,76.4409500,0
2026-01-02 20:39:00,0.1782,0.17844,0.17815,0.17843,18827.0,1767386399999,3357.0940700,86,15241,2718.0006200,0
2026-01-02 20:40:00,0.17843,0.17852,0.17823,0.17828,117159.0,1767386459999,20894.8390500,373,26005,4639.7792100,0
2026-01-02 20:41:00,0.17839,0.1787,0.17831,0.17833,49838.0,1767386519999,8896.6203200,231,19273,3440.9539100,0
2026-01-02 20:42:00,0.17834,0.17835,0.17818,0.17833,25671.0,1767386579999,4575.5236900,86,7221,1286.9363300,0
2026-01-02 20:43:00,0.17832,0.17835,0.17822,0.17835,12719.0,1767386639999,2267.4557400,65,5318,948.1483700,0
2026-01-02 20:44:00,0.17835,0.17836,0.17812,0.17812,34903.0,1767386699999,6222.5497800,146,24806,4422.3216600,0
2026-01-02 20:45:00,0.17813,0.17822,0.17812,0.17822,7196.0,1767386759999,1282.1086100,55,3573,636.5972200,0
2026-01-02 20:46:00,0.17822,0.17822,0.17795,0.17797,14682.0,1767386819999,2613.6337300,77,265,47.1654700,0
2026-01-02 20:47:00,0.17798,0.17825,0.17781,0.17824,52415.0,1767386879999,9326.5371600,175,15640,2784.5347700,0
2026-01-02 20:48:00,0.17823,0.1783,0.17821,0.17823,6660.0,1767386939999,1187.1404700,58,3459,616.5885800,0
2026-01-02 20:49:00,0.17823,0.17834,0.17823,0.17833,6550.0,1767386999999,1167.8848100,39,6299,1123.1246500,0
2026-01-02 20:50:00,0.17833,0.17833,0.17823,0.17827,18061.0,1767387059999,3219.6887300,78,2569,458.0348400,0
2026-01-02 20:51:00,0.17826,0.17826,0.17819,0.17824,13311.0,1767387119999,2372.1762200,43,3076,548.2564900,0
2026-01-02 20:52:00,0.17825,0.17835,0.17805,0.17805,14304.0,1767387179999,2549.4328800,111,2804,499.8831700,0
2026-01-02 20:53:00,0.17804,0.17804,0.17789,0.17789,9678.0,1767387239999,1722.2939800,87,2973,529.1282200,0
2026-01-02 20:54:00,0.17789,0.17792,0.17781,0.17783,6221.0,1767387299999,1106.5133800,84,1894,336.8973300,0
2026-01-02 20:55:00,0.17784,0.17789,0.17781,0.17786,5295.0,1767387359999,941.7261900,65,2477,440.5726300,0
2026-01-02 20:56:00,0.17785,0.17795,0.1778,0.17793,22716.0,1767387419999,4040.9411300,87,18863,3355.5876600,0
2026-01-02 20:57:00,0.17793,0.17795,0.17781,0.17795,18959.0,1767387479999,3371.8023400,55,3334,593.1692700,0
2026-01-02 20:58:00,0.17795,0.17805,0.17795,0.178,15134.0,1767387539999,2693.7185900,67,10857,1932.3247400,0
2026-01-02 20:59:00,0.178,0.178,0.17756,0.17756,19248.0,1767387599999,3422.2996100,119,3909,695.3322100,0
2026-01-02 21:00:00,0.17757,0.1779,0.17756,0.17788,38184.0,1767387659999,6787.8768300,127,30867,5486.8462400,0
2026-01-02 21:01:00,0.17785,0.17802,0.17785,0.17792,21112.0,1767387719999,3756.7250400,109,11982,2131.7229500,0
2026-01-02 21:02:00,0.17799,0.17814,0.17787,0.17808,112925.0,1767387779999,20097.6167700,209,21460,3820.6684600,0
2026-01-02 21:03:00,0.17809,0.1781,0.17785,0.17785,4361.0,1767387839999,776.2181600,60,1285,228.8499500,0
2026-01-02 21:04:00,0.17784,0.17784,0.17748,0.17748,105968.0,1767387899999,18815.1093700,268,46931,8333.2858900,0
2026-01-02 21:05:00,0.17749,0.17758,0.17732,0.17758,30302.0,1767387959999,5376.4462500,138,13380,2374.5771300,0
2026-01-02 21:06:00,0.17759,0.1777,0.17759,0.1777,9763.0,1767388019999,1734.4375500,67,6950,1234.6794700,0
2026-01-02 21:07:00,0.17771,0.17772,0.17759,0.17764,19119.0,1767388079999,3397.1429300,75,2691,478.1727500,0
2026-01-02 21:08:00,0.17763,0.17763,0.17745,0.17752,15543.0,1767388139999,2759.2318000,137,3187,565.7411600,0
2026-01-02 21:09:00,0.17752,0.17765,0.17752,0.17763,5216.0,1767388199999,926.2386700,47,3081,547.1063700,0
2026-01-02 21:10:00,0.17763,0.1777,0.1776,0.17767,6938.0,1767388259999,1232.6967400,46,1695,301.1258400,0
2026-01-02 21:11:00,0.17767,0.17778,0.17767,0.17776,5202.0,1767388319999,924.6106400,45,4212,748.6524900,0
2026-01-02 21:12:00,0.17776,0.17778,0.1777,0.1777,5284.0,1767388379999,939.1608500,45,2305,409.6798900,0
2026-01-02 21:13:00,0.17771,0.17794,0.17771,0.17794,9303.0,1767388439999,1654.5784600,60,8778,1561.2225200,0
2026-01-02 21:14:00,0.17794,0.17811,0.17783,0.17783,63986.0,1767388499999,11388.1243100,185,41413,7372.3795600,0
2026-01-02 21:15:00,0.17783,0.17794,0.17783,0.17789,20164.0,1767388559999,3586.8909500,51,7576,1347.4824800,0
2026-01-02 21:16:00,0.17789,0.17804,0.17788,0.17804,5980.0,1767388619999,1064.0789900,46,5713,1016.5831300,0
2026-01-02 21:17:00,0.17804,0.17806,0.17803,0.17805,5800.0,1767388679999,1032.6455100,31,4125,734.4319200,0
2026-01-02 21:18:00,0.17805,0.17805,0.17778,0.17792,30805.0,1767388739999,5480.6423600,137,16725,2975.4933300,0
2026-01-02 21:19:00,0.17792,0.17792,0.17791,0.17791,1803.0,1767388799999,320.7869300,15,1279,227.5596800,0
2026-01-02 21:20:00,0.17792,0.17798,0.17788,0.17798,17123.0,1767388859999,3046.4529100,85,6246,1111.3520700,0
2026-01-02 21:21:00,0.17797,0.178,0.17783,0.17798,22693.0,1767388919999,4036.9659700,75,5023,894.0115900,0
2026-01-02 21:22:00,0.17798,0.178,0.17798,0.17799,1155.0,1767388979999,205.5825600,14,846,150.5836500,0
2026-01-02 21:23:00,0.178,0.17822,0.178,0.1782,31705.0,1767389039999,5649.2700300,114,14849,2645.5639300,0
2026-01-02 21:24:00,0.17819,0.17821,0.17817,0.17821,2692.0,1767389099999,479.7026200,24,1482,264.0940500,0
2026-01-02 21:25:00,0.17821,0.17836,0.17821,0.17825,13375.0,1767389159999,2384.7252500,100,5709,1017.9148800,0
2026-01-02 21:26:00,0.17825,0.17847,0.17819,0.17847,14959.0,1767389219999,2667.2831100,91,8524,1520.3755200,0
2026-01-02 21:27:00,0.17846,0.17846,0.17838,0.17841,12447.0,1767389279999,2221.0005900,59,4688,836.5193100,0
2026-01-02 21:28:00,0.17841,0.17841,0.17831,0.17831,21736.0,1767389339999,3877.0288700,64,9569,1707.0147000,0
2026-01-02 21:29:00,0.17831,0.17838,0.1783,0.17831,14240.0,1767389399999,2539.7254100,47,11638,2075.7113300,0
2026-01-02 21:30:00,0.17831,0.17849,0.17831,0.17846,44666.0,1767389459999,7971.0654300,124,36042,6432.1144800,0
2026-01-02 21:31:00,0.17847,0.17857,0.17842,0.17851,29837.0,1767389519999,5326.0471000,118,22197,3962.4419100,0
2026-01-02 21:32:00,0.17851,0.17882,0.17851,0.17879,52252.0,1767389579999,9335.8148300,131,38827,6936.2595400,0
2026-01-02 21:33:00,0.17878,0.17878,0.17868,0.17868,19356.0,1767389639999,3459.5262800,80,2050,366.4574500,0
2026-01-02 21:34:00,0.17869,0.1787,0.17859,0.17863,20612.0,1767389699999,3681.9528900,71,4268,762.4524000,0
2026-01-02 21:35:00,0.17862,0.17863,0.17851,0.17852,31343.0,1767389759999,5595.5541600,56,2681,478.6747100,0
2026-01-02 21:36:00,0.17851,0.17852,0.17832,0.17845,45618.0,1767389819999,8137.3833000,114,17086,3048.7014800,0
2026-01-02 21:37:00,0.17846,0.17853,0.17843,0.17849,20103.0,1767389879999,3588.3604200,42,18238,3255.5015600,0
2026-01-02 21:38:00,0.17849,0.17849,0.17839,0.1784,17602.0,1767389939999,3140.8335400,33,1084,193.3862900,0
2026-01-02 21:39:00,0.17839,0.17839,0.17827,0.17832,16984.0,1767389999999,3028.5246400,72,8337,1486.6970900,0
2026-01-02 21:40:00,0.17833,0.17849,0.17833,0.17849,11975.0,1767390059999,2136.6580100,64,8699,1552.0562800,0
2026-01-02 21:41:00,0.17847,0.17861,0.17844,0.17857,13162.0,1767390119999,2349.6851900,75,8370,1494.0574300,0
2026-01-02 21:42:00,0.17858,0.17864,0.17858,0.17863,5867.0,1767390179999,1047.9084800,40,4052,723.7209000,0
2026-01-02 21:43:00,0.17863,0.17864,0.17857,0.17859,2125.0,1767390239999,379.5483800,30,248,44.2988200,0
2026-01-02 21:44:00,0.17859,0.17867,0.17859,0.17867,21802.0,1767390299999,3894.4425500,32,21745,3884.2595000,0
2026-01-02 21:45:00,0.17866,0.17871,0.17862,0.17871,7075.0,1767390359999,1264.0611300,44,2467,440.7973800,0
2026-01-02 21:46:00,0.17871,0.17882,0.17871,0.17881,11026.0,1767390419999,1971.4057000,63,8833,1579.3243000,0
2026-01-02 21:47:00,0.17882,0.17882,0.17879,0.1788,1258.0,1767390479999,224.9355900,19,366,65.4447200,0
2026-01-02 21:48:00,0.1788,0.1788,0.17874,0.1788,14850.0,1767390539999,2654.9952800,40,7246,1295.5214800,0
2026-01-02 21:49:00,0.17881,0.17886,0.17881,0.17882,3564.0,1767390599999,637.3263400,22,3564,637.3263400,0
2026-01-02 21:50:00,0.17882,0.17882,0.17868,0.17873,4794.0,1767390659999,856.8857300,39,1301,232.5613300,0
2026-01-02 21:51:00,0.17872,0.17882,0.17865,0.17882,29120.0,1767390719999,5203.8660900,70,17339,3098.7005500,0
2026-01-02 21:52:00,0.17881,0.1792,0.17881,0.17919,80227.0,1767390779999,14362.5536800,270,65998,11814.9740000,0
2026-01-02 21:53:00,0.17919,0.17919,0.17891,0.17913,31671.0,1767390839999,5671.2295700,146,18969,3396.8514400,0
2026-01-02 21:54:00,0.17912,0.1794,0.17902,0.17928,66244.0,1767390899999,11876.3766200,183,47191,8461.3334500,0
2026-01-02 21:55:00,0.17926,0.17976,0.17921,0.17955,111161.0,1767390959999,19955.0993600,319,67598,12135.4233300,0
2026-01-02 21:56:00,0.17956,0.18007,0.17955,0.17986,29346.0,1767391019999,5279.4795900,217,18195,3273.1740500,0
2026-01-02 21:57:00,0.17987,0.17987,0.17969,0.17976,12025.0,1767391079999,2162.2325100,83,3301,593.5990700,0
2026-01-02 21:58:00,0.17976,0.17982,0.17966,0.17979,44018.0,1767391139999,7911.6948900,113,17257,3102.3773000,0
2026-01-02 21:59:00,0.17979,0.18064,0.17972,0.18045,232834.0,1767391199999,41993.7824800,365,123846,22319.5503700,0
2026-01-02 22:00:00,0.18045,0.18058,0.18021,0.18029,189633.0,1767391259999,34199.9262700,358,53049,9567.2582700,0
2026-01-02 22:01:00,0.18029,0.18031,0.17983,0.17998,84769.0,1767391319999,15266.0799600,202,41802,7526.5550400,0
2026-01-02 22:02:00,0.17999,0.18074,0.17998,0.18054,260628.0,1767391379999,47020.1576400,395,132676,23918.6565400,0
2026-01-02 22:03:00,0.18055,0.18076,0.18042,0.18042,140554.0,1767391439999,25388.9102800,322,38079,6879.7592400,0
2026-01-02 22:04:00,0.18041,0.18054,0.18022,0.18041,47690.0,1767391499999,8602.0382500,227,36079,6507.9045400,0
2026-01-02 22:05:00,0.1804,0.18065,0.18035,0.18043,62150.0,1767391559999,11215.8031200,246,26579,4797.0909800,0
2026-01-02 22:06:00,0.18042,0.18047,0.18007,0.18007,36805.0,1767391619999,6633.3693000,190,21773,3924.3008300,0
2026-01-02 22:07:00,0.18007,0.18017,0.18004,0.18011,28949.0,1767391679999,5213.5069900,91,22839,4113.1424500,0
2026-01-02 22:08:00,0.1801,0.18031,0.1801,0.18014,25349.0,1767391739999,4567.8213200,120,16518,2976.3656000,0
2026-01-02 22:09:00,0.18016,0.18029,0.18011,0.18019,80264.0,1767391799999,14466.3522200,136,54907,9897.5796100,0
2026-01-02 22:10:00,0.1802,0.18051,0.1802,0.18045,55753.0,1767391859999,10055.4568700,93,32020,5774.5092400,0
2026-01-02 22:11:00,0.1805,0.18076,0.1805,0.18069,27621.0,1767391919999,4990.2241800,87,20629,3727.1850700,0
2026-01-02 22:12:00,0.18064,0.18073,0.18044,0.18048,69637.0,1767391979999,12569.5333700,101,8037,1451.3831500,0
2026-01-02 22:13:00,0.1805,0.18058,0.17995,0.18009,55165.0,1767392039999,9945.1536000,150,31202,5624.8649800,0
2026-01-02 22:14:00,0.18005,0.1801,0.17994,0.17999,5384.0,1767392099999,969.2377200,23,3718,669.4135900,0
2026-01-02 22:15:00,0.17999,0.18006,0.17981,0.17983,18898.0,1767392159999,3399.4681600,67,10380,1866.8070700,0
2026-01-02 22:16:00,0.17983,0.1799,0.17964,0.17987,91399.0,1767392219999,16426.5957900,111,28860,5189.3114600,0
2026-01-02 22:17:00,0.17984,0.17995,0.17978,0.17987,5958.0,1767392279999,1071.7432000,45,5144,925.3269600,0
2026-01-02 22:18:00,0.1799,0.17998,0.17989,0.17998,3761.0,1767392339999,676.7003500,13,3215,578.4566000,0
2026-01-02 22:19:00,0.17998,0.18009,0.17983,0.17983,28912.0,1767392399999,5204.7610100,73,21460,3864.0411200,0
2026-01-02 22:20:00,0.17989,0.18008,0.17984,0.18008,36842.0,1767392459999,6631.7712900,74,33965,6114.2289600,0
2026-01-02 22:21:00,0.18,0.1801,0.17991,0.18004,7922.0,1767392519999,1425.9784600,42,4440,799.2769200,0
2026-01-02 22:22:00,0.18002,0.18008,0.17994,0.17998,49407.0,1767392579999,8893.9493200,78,27680,4982.7320900,0
2026-01-02 22:23:00,0.17992,0.17992,0.17984,0.17987,1063.0,1767392639999,191.2202300,12,1063,191.2202300,0
2026-01-02 22:24:00,0.17984,0.18006,0.17978,0.18005,20116.0,1767392699999,3618.5056100,58,2650,476.7911400,0
2026-01-02 22:25:00,0.18004,0.18049,0.18003,0.18049,36220.0,1767392759999,6524.9564900,86,29166,5254.4725100,0
2026-01-02 22:26:00,0.18048,0.18048,0.1803,0.18048,24783.0,1767392819999,4471.3458100,68,23140,4174.9105700,0
2026-01-02 22:27:00,0.18046,0.18054,0.1804,0.18041,37357.0,1767392879999,6743.0408100,68,15860,2862.9497600,0
2026-01-02 22:28:00,0.1804,0.1804,0.18015,0.18015,6852.0,1767392939999,1235.1261300,33,94,16.9537500,0
2026-01-02 22:29:00,0.18018,0.18018,0.17998,0.17998,4076.0,1767392999999,733.8983900,28,401,72.2406000,0
2026-01-02 22:30:00,0.17997,0.18026,0.17997,0.18021,18032.0,1767393059999,3248.0602300,68,14260,2568.4176300,0
2026-01-02 22:31:00,0.18024,0.18049,0.1802,0.18036,31091.0,1767393119999,5605.7758100,80,9756,1760.3056000,0
2026-01-02 22:32:00,0.18034,0.18034,0.18022,0.18033,22232.0,1767393179999,4008.4925500,51,21309,3842.1032300,0
2026-01-02 22:33:00,0.18033,0.18062,0.18033,0.18058,28291.0,1767393239999,5106.9439700,76,15031,2713.2764700,0
2026-01-02 22:34:00,0.18055,0.18072,0.18054,0.18065,7725.0,1767393299999,1395.3670400,40,3887,701.9362700,0
2026-01-02 22:35:00,0.18074,0.18074,0.18049,0.18064,63623.0,1767393359999,11491.4005100,76,3623,654.4866200,0
2026-01-02 22:36:00,0.18064,0.18119,0.1806,0.18115,195363.0,1767393419999,35331.3372300,204,130272,23561.4322000,0
2026-01-02 22:37:00,0.18115,0.18247,0.18115,0.18236,267133.0,1767393479999,48558.2621000,395,147998,26903.0271900,0
2026-01-02 22:38:00,0.18232,0.18287,0.18205,0.18205,143751.0,1767393539999,26244.2627700,248,83792,15298.1931300,0
2026-01-02 22:39:00,0.18204,0.18204,0.18142,0.1817,91326.0,1767393599999,16585.0122200,167,45321,8229.1856900,0
2026-01-02 22:40:00,0.1817,0.1817,0.18112,0.18113,42006.0,1767393659999,7614.8065600,112,26308,4768.3737400,0
2026-01-02 22:41:00,0.18117,0.18124,0.18113,0.18113,19132.0,1767393719999,3466.4437200,61,15194,2752.9686700,0
2026-01-02 22:42:00,0.18114,0.18148,0.18109,0.18148,18891.0,1767393779999,3422.4533800,84,9393,1702.0215400,0
2026-01-02 22:43:00,0.18141,0.18182,0.1812,0.18127,78137.0,1767393839999,14182.7838000,157,35350,6417.6039100,0
2026-01-02 22:44:00,0.18126,0.18126,0.18085,0.1809,178901.0,1767393899999,32385.0854400,135,45146,8168.8805400,0
2026-01-02 22:45:00,0.18091,0.18111,0.18091,0.18109,10649.0,1767393959999,1927.5065600,85,4666,844.4620200,0
2026-01-02 22:46:00,0.18109,0.18109,0.18093,0.18094,20409.0,1767394019999,3694.8330000,68,6513,1179.2734400,0
2026-01-02 22:47:00,0.18097,0.18137,0.18097,0.18129,33859.0,1767394079999,6137.9908400,136,27836,5046.3469700,0
2026-01-02 22:48:00,0.1813,0.18145,0.18115,0.18119,99592.0,1767394139999,18060.5382600,200,33983,6162.6531200,0
2026-01-02 22:49:00,0.18119,0.18125,0.18119,0.18125,2261.0,1767394199999,409.7724100,25,2116,383.4948700,0
2026-01-02 22:50:00,0.18125,0.18186,0.18115,0.18171,127350.0,1767394259999,23124.1950300,244,95514,17338.5609500,0
2026-01-02 22:51:00,0.18171,0.18172,0.18146,0.18165,24928.0,1767394319999,4527.4997000,114,14003,2543.1601700,0
2026-01-02 22:52:00,0.18166,0.1817,0.18156,0.18159,22918.0,1767394379999,4161.6833200,72,10394,1887.4262800,0
2026-01-02 22:53:00,0.1816,0.18162,0.18124,0.1813,136301.0,1767394439999,24735.0405700,197,42145,7644.2064900,0
2026-01-02 22:54:00,0.18131,0.18134,0.18123,0.18126,8599.0,1767394499999,1558.7800400,44,1167,211.5900500,0
2026-01-02 22:55:00,0.18123,0.18135,0.18117,0.18134,23874.0,1767394559999,4326.8240600,119,21449,3887.4428300,0
2026-01-02 22:56:00,0.18133,0.18141,0.18111,0.18141,32417.0,1767394619999,5875.6299600,160,26823,4861.9121100,0
2026-01-02 22:57:00,0.18134,0.18156,0.18111,0.1812,24851.0,1767394679999,4506.5946800,127,13580,2462.3130300,0
2026-01-02 22:58:00,0.18115,0.18115,0.18102,0.18109,28772.0,1767394739999,5209.9472900,96,18982,3437.3704900,0
2026-01-02 22:59:00,0.18108,0.18108,0.18102,0.18103,4711.0,1767394799999,852.8766500,41,3581,648.2740000,0
2026-01-02 23:00:00,0.18104,0.18108,0.1809,0.18107,34319.0,1767394859999,6212.2408900,144,20320,3678.3356400,0
2026-01-02 23:01:00,0.18107,0.18178,0.18107,0.18121,75743.0,1767394919999,13745.2992800,301,34173,6204.7036200,0
2026-01-02 23:02:00,0.18121,0.18144,0.18116,0.18144,57479.0,1767394979999,10417.2479400,180,48765,8838.2929000,0
2026-01-02 23:03:00,0.18144,0.18145,0.18029,0.18056,201548.0,1767395039999,36413.2717200,508,67639,12220.6890900,0
2026-01-02 23:04:00,0.18056,0.18068,0.1802,0.18045,191226.0,1767395099999,34507.8425400,352,110608,19963.1470900,0
2026-01-02 23:05:00,0.18044,0.18044,0.17962,0.17971,186002.0,1767395159999,33483.8105900,369,79322,14283.7147100,0
2026-01-02 23:06:00,0.17973,0.17982,0.17952,0.17966,51077.0,1767395219999,9178.5363800,145,32117,5772.1173700,0
2026-01-02 23:07:00,0.17967,0.18009,0.17967,0.18008,97923.0,1767395279999,17616.9396900,184,68621,12346.8295800,0
2026-01-02 23:08:00,0.18006,0.18028,0.18006,0.18028,3665.0,1767395339999,660.3474800,47,3503,631.1777600,0
2026-01-02 23:09:00,0.18029,0.18077,0.18003,0.18071,172505.0,1767395399999,31121.4807800,437,98367,17748.3774000,0
2026-01-02 23:10:00,0.18064,0.1808,0.18046,0.18053,98733.0,1767395459999,17832.4336300,200,46219,8347.0980300,0
2026-01-02 23:11:00,0.18053,0.18057,0.18052,0.18053,6205.0,1767395519999,1120.2516800,37,3363,607.1865000,0
2026-01-02 23:12:00,0.18054,0.18071,0.18054,0.18063,23196.0,1767395579999,4190.0153200,96,5227,944.1583200,0
2026-01-02 23:13:00,0.18062,0.18062,0.18032,0.18044,48360.0,1767395639999,8728.9179800,135,16873,3044.5081600,0
2026-01-02 23:14:00,0.18045,0.18049,0.18045,0.18049,2636.0,1767395699999,475.7054200,13,2636,475.7054200,0
2026-01-02 23:15:00,0.1805,0.18055,0.18036,0.18047,34189.0,1767395759999,6168.5338300,115,19205,3464.5588900,0
2026-01-02 23:16:00,0.18047,0.18053,0.18043,0.18043,5676.0,1767395819999,1024.5046600,64,3591,648.2176400,0
2026-01-02 23:17:00,0.18043,0.18047,0.18043,0.18047,2456.0,1767395879999,443.2151400,17,1715,309.4942800,0
2026-01-02 23:18:00,0.18047,0.18049,0.18047,0.18049,2712.0,1767395939999,489.4498500,17,2516,454.0777300,0
2026-01-02 23:19:00,0.18049,0.18052,0.18047,0.18051,14702.0,1767395999999,2653.8300600,35,3734,673.9903100,0
2026-01-02 23:20:00,0.18051,0.18055,0.18043,0.18044,11782.0,1767396059999,2126.5150300,55,6222,1123.1179800,0
2026-01-02 23:21:00,0.18044,0.1805,0.18033,0.18034,6358.0,1767396119999,1146.9500000,54,3650,658.4299000,0
2026-01-02 23:22:00,0.18034,0.18034,0.17992,0.17997,92025.0,1767396179999,16572.4195300,173,1596,287.5038600,0
2026-01-02 23:23:00,0.17993,0.18005,0.17984,0.18003,45217.0,1767396239999,8136.1139200,125,16413,2953.6971000,0
2026-01-02 23:24:00,0.18002,0.18008,0.17999,0.18007,6685.0,1767396299999,1203.6125100,50,4252,765.5626500,0
2026-01-02 23:25:00,0.18006,0.18006,0.17988,0.17988,13452.0,1767396359999,2420.6980000,108,2115,380.5760900,0
2026-01-02 23:26:00,0.17988,0.1801,0.17981,0.17982,90565.0,1767396419999,16299.2992500,245,61523,11074.3893300,0
2026-01-02 23:27:00,0.17983,0.17983,0.17964,0.17977,37408.0,1767396479999,6721.8584500,114,7867,1414.2265500,0
2026-01-02 23:28:00,0.17976,0.1798,0.17969,0.17975,12537.0,1767396539999,2253.4699000,58,5805,1043.4238000,0
2026-01-02 23:29:00,0.17977,0.17983,0.17973,0.17973,4397.0,1767396599999,790.5049500,28,2726,490.1200000,0
2026-01-02 23:30:00,0.17975,0.17983,0.17973,0.17981,4053.0,1767396659999,728.6609200,51,3006,540.4209300,0
2026-01-02 23:31:00,0.1798,0.17991,0.17956,0.1798,94642.0,1767396719999,17006.9137600,227,22781,4095.5716300,0
2026-01-02 23:32:00,0.17978,0.17982,0.17959,0.17959,25366.0,1767396779999,4558.2295900,95,8805,1582.8469500,0
2026-01-02 23:33:00,0.17959,0.17959,0.17937,0.17956,29494.0,1767396839999,5293.8087500,132,16218,2911.0967300,0
2026-01-02 23:34:00,0.17956,0.17975,0.17955,0.17958,39577.0,1767396899999,7111.9331300,108,37563,6750.1615900,0
2026-01-02 23:35:00,0.17958,0.17958,0.17915,0.17919,98728.0,1767396959999,17711.7966800,153,2246,403.0768200,0
2026-01-02 23:36:00,0.17919,0.1793,0.17911,0.17912,40346.0,1767397019999,7231.6651000,129,29759,5334.7428400,0
2026-01-02 23:37:00,0.17912,0.17949,0.17908,0.1794,94345.0,1767397079999,16914.3057100,202,60595,10869.4284900,0
2026-01-02 23:38:00,0.17941,0.17956,0.17935,0.17935,36281.0,1767397139999,6510.8236600,161,20049,3598.7626600,0
2026-01-02 23:39:00,0.17936,0.1801,0.1792,0.17992,251903.0,1767397199999,45270.7803000,409,144493,25998.5065000,0
2026-01-02 23:40:00,0.17991,0.17991,0.17984,0.17989,3621.0,1767397259999,651.3046500,40,2608,469.0997600,0
2026-01-02 23:41:00,0.1799,0.18014,0.17981,0.18014,32715.0,1767397319999,5887.6796400,155,19211,3458.2010400,0
2026-01-02 23:42:00,0.18014,0.18037,0.18014,0.18028,37776.0,1767397379999,6810.8529500,148,11627,2095.9936600,0
2026-01-02 23:43:00,0.18027,0.18027,0.1801,0.1801,8865.0,1767397439999,1597.4931200,47,0,0,0
2026-01-02 23:44:00,0.18011,0.18042,0.18011,0.18037,66009.0,1767397499999,11904.1122700,160,31034,5596.4612000,0
2026-01-02 23:45:00,0.18038,0.18055,0.18038,0.1804,35289.0,1767397559999,6369.1152600,102,11305,2040.3914000,0
2026-01-02 23:46:00,0.18044,0.18049,0.18027,0.18033,42711.0,1767397619999,7702.9672800,132,11283,2035.0929600,0
2026-01-02 23:47:00,0.18033,0.18042,0.18031,0.18041,43326.0,1767397679999,7814.5357800,93,28168,5080.9703800,0
2026-01-02 23:48:00,0.18042,0.18054,0.18042,0.18048,8229.0,1767397739999,1485.3201900,59,4015,724.6785700,0
2026-01-02 23:49:00,0.18054,0.18058,0.18024,0.18034,69009.0,1767397799999,12452.7995000,161,10264,1852.5539700,0
2026-01-02 23:50:00,0.18035,0.18058,0.18035,0.18047,19141.0,1767397859999,3454.8934000,96,7242,1307.2084500,0
2026-01-02 23:51:00,0.18048,0.18062,0.18048,0.1806,15205.0,1767397919999,2745.7664200,77,13686,2471.4391400,0
2026-01-02 23:52:00,0.18059,0.18063,0.18045,0.1806,29600.0,1767397979999,5343.1949400,117,20501,3700.8755500,0
2026-01-02 23:53:00,0.18059,0.18075,0.18059,0.1806,28953.0,1767398039999,5231.7605900,120,22901,4138.3404700,0
2026-01-02 23:54:00,0.18059,0.18126,0.1805,0.18121,117920.0,1767398099999,21329.3070500,340,91945,16628.7132400,0
2026-01-02 23:55:00,0.18122,0.18134,0.18118,0.18128,26172.0,1767398159999,4744.4042000,94,8755,1587.0285100,0
2026-01-02 23:56:00,0.18128,0.18131,0.18117,0.18122,18473.0,1767398219999,3347.8921800,74,1343,243.4076800,0
2026-01-02 23:57:00,0.18123,0.18154,0.18123,0.1813,111290.0,1767398279999,20189.6955800,224,95639,17351.1163000,0
2026-01-02 23:58:00,0.18129,0.18137,0.18123,0.18124,24566.0,1767398339999,4453.1437200,78,5286,958.3669900,0
2026-01-02 23:59:00,0.18125,0.1815,0.18125,0.18147,27183.0,1767398399999,4932.5499500,75,26543,4816.4145200,0
2026-01-03 00:00:00,0.18147,0.18153,0.18139,0.18149,63677.0,1767398459999,11554.6595900,160,21548,3910.7299300,0
2026-01-03 00:01:00,0.1815,0.1818,0.1813,0.18133,76893.0,1767398519999,13960.7932200,294,39048,7092.1628700,0
2026-01-03 00:02:00,0.18135,0.183,0.18135,0.18203,289566.0,1767398579999,52811.3448400,959,188517,34376.6672600,0
2026-01-03 00:03:00,0.18204,0.18235,0.18186,0.18186,94555.0,1767398639999,17214.5882400,368,59719,10873.0847900,0
2026-01-03 00:04:00,0.18186,0.18186,0.18108,0.1816,161380.0,1767398699999,29252.2263800,389,96354,17459.9361800,0
2026-01-03 00:05:00,0.18161,0.18161,0.18137,0.18137,15730.0,1767398759999,2855.5679400,92,3885,705.3838100,0
2026-01-03 00:06:00,0.18136,0.18146,0.18125,0.18126,37263.0,1767398819999,6757.9188300,154,6589,1195.1074600,0
2026-01-03 00:07:00,0.18126,0.18135,0.18045,0.18062,132789.0,1767398879999,24014.2684100,329,33426,6045.3020600,0
2026-01-03 00:08:00,0.18056,0.18057,0.18033,0.18034,88414.0,1767398939999,15951.5675300,251,25360,4575.9322100,0
2026-01-03 00:09:00,0.18034,0.1805,0.1803,0.18045,20998.0,1767398999999,3787.6476300,107,15460,2788.7219300,0
2026-01-03 00:10:00,0.18044,0.18052,0.18022,0.18048,59866.0,1767399059999,10796.1464300,260,28021,5053.9955400,0
2026-01-03 00:11:00,0.18049,0.18058,0.18015,0.18026,79251.0,1767399119999,14291.1053400,268,12418,2239.9921700,0
2026-01-03 00:12:00,0.18027,0.18056,0.18027,0.18046,47295.0,1767399179999,8531.1686600,107,39652,7152.3548800,0
2026-01-03 00:13:00,0.18046,0.18048,0.18034,0.18036,12080.0,1767399239999,2179.1265500,47,7230,1304.0251400,0
2026-01-03 00:14:00,0.18037,0.18038,0.18003,0.18026,123473.0,1767399299999,22246.5188900,288,42136,7593.8233800,0
2026-01-03 00:15:00,0.18025,0.18025,0.17951,0.17954,287265.0,1767399359999,51681.7648800,510,88114,15858.0920500,0
2026-01-03 00:16:00,0.17955,0.17984,0.17853,0.17899,681797.0,1767399419999,122050.9164300,834,195662,35000.2527100,0
2026-01-03 00:17:00,0.17899,0.17926,0.17899,0.17923,83555.0,1767399479999,14962.0579000,218,62550,11201.1071900,0
2026-01-03 00:18:00,0.17923,0.17954,0.17923,0.17954,27491.0,1767399539999,4929.9155500,110,15468,2774.5060200,0
2026-01-03 00:19:00,0.17955,0.17957,0.1792,0.17929,44058.0,1767399599999,7903.1167700,155,3645,653.6906700,0
2026-01-03 00:20:00,0.17929,0.17929,0.17894,0.17907,51626.0,1767399659999,9245.8450600,164,10929,1958.0344600,0
2026-01-03 00:21:00,0.17908,0.17915,0.17907,0.17915,11203.0,1767399719999,2006.5811100,61,4990,893.7607900,0
2026-01-03 00:22:00,0.17915,0.17962,0.17915,0.17962,38522.0,1767399779999,6909.0572300,115,36205,6493.2186700,0
2026-01-03 00:23:00,0.17961,0.17979,0.17951,0.17979,75107.0,1767399839999,13490.5176400,191,37965,6820.3684900,0
2026-01-03 00:24:00,0.17978,0.17996,0.17978,0.17988,52842.0,1767399899999,9503.8544900,132,7311,1314.9692600,0
2026-01-03 00:25:00,0.17987,0.17988,0.17944,0.17945,46521.0,1767399959999,8360.3391700,163,15971,2872.4812300,0
2026-01-03 00:26:00,0.17944,0.17944,0.17916,0.17916,41130.0,1767400019999,7373.1806100,155,17570,3149.4347900,0
2026-01-03 00:27:00,0.17915,0.17926,0.17898,0.17904,46144.0,1767400079999,8264.4473400,172,29404,5266.8390400,0
2026-01-03 00:28:00,0.17898,0.1791,0.1789,0.17905,46593.0,1767400139999,8339.9849900,122,9971,1784.8186400,0
2026-01-03 00:29:00,0.17907,0.17931,0.17907,0.17917,41655.0,1767400199999,7464.4902300,136,21496,3852.3787800,0
2026-01-03 00:30:00,0.17924,0.17931,0.17919,0.17922,16776.0,1767400259999,3007.0510000,90,3235,579.8465500,0
2026-01-03 00:31:00,0.17922,0.17932,0.17911,0.1793,21794.0,1767400319999,3906.1540400,80,8362,1499.3002900,0
2026-01-03 00:32:00,0.1793,0.17934,0.17913,0.17922,33824.0,1767400379999,6062.3621300,136,12195,2185.6446600,0
2026-01-03 00:33:00,0.17921,0.17935,0.1791,0.1793,50906.0,1767400439999,9126.5024000,129,25360,4546.1511800,0
2026-01-03 00:34:00,0.1793,0.17937,0.17924,0.17934,10726.0,1767400499999,1923.3986100,62,3432,615.4529300,0
2026-01-03 00:35:00,0.17934,0.17979,0.17934,0.17973,240468.0,1767400559999,43182.8221100,451,136001,24420.7452200,0
2026-01-03 00:36:00,0.17973,0.17977,0.17958,0.17977,48113.0,1767400619999,8643.2135100,163,11834,2126.5369100,0
2026-01-03 00:37:00,0.17978,0.17978,0.17964,0.17965,11769.0,1767400679999,2114.8099400,58,559,100.4471000,0
2026-01-03 00:38:00,0.17964,0.17999,0.17964,0.17999,55316.0,1767400739999,9946.6919700,151,38240,6876.0412400,0
2026-01-03 00:39:00,0.18,0.18033,0.18,0.18028,57333.0,1767400799999,10331.1645700,230,29758,5361.7496000,0
2026-01-03 00:40:00,0.18029,0.18051,0.18015,0.18051,80181.0,1767400859999,14458.7255300,259,36568,6596.0521100,0
2026-01-03 00:41:00,0.18052,0.18061,0.18051,0.18054,14629.0,1767400919999,2641.3548500,71,8403,1517.1487900,0
2026-01-03 00:42:00,0.18054,0.18076,0.18033,0.18056,132955.0,1767400979999,24010.6992100,250,63923,11547.0213000,0
2026-01-03 00:43:00,0.18054,0.18058,0.18033,0.18034,51894.0,1767401039999,9365.3176800,171,31173,5626.8047000,0
2026-01-03 00:44:00,0.18035,0.1804,0.18034,0.18039,6897.0,1767401099999,1244.0329200,36,6157,1110.5542600,0
2026-01-03 00:45:00,0.18039,0.18046,0.18038,0.18044,14139.0,1767401159999,2550.8816700,69,1212,218.6695900,0
2026-01-03 00:46:00,0.18042,0.18054,0.18008,0.18021,62308.0,1767401219999,11236.9057200,221,19493,3516.1985600,0
2026-01-03 00:47:00,0.18022,0.18073,0.18022,0.18071,73240.0,1767401279999,13215.8966400,264,49381,8911.7774500,0
2026-01-03 00:48:00,0.1807,0.18094,0.1806,0.18079,45810.0,1767401339999,8280.4506600,207,31703,5730.3662100,0
2026-01-03 00:49:00,0.1808,0.18087,0.18073,0.1808,14494.0,1767401399999,2620.2474700,65,3091,558.9229600,0
2026-01-03 00:50:00,0.18081,0.18089,0.18066,0.18075,43707.0,1767401459999,7901.0976200,142,17479,3159.9350800,0
2026-01-03 00:51:00,0.18076,0.18117,0.18076,0.18109,63934.0,1767401519999,11570.2969300,230,36265,6561.8612500,0
2026-01-03 00:52:00,0.18109,0.1815,0.18109,0.1815,21160.0,1767401579999,3837.8044500,132,19348,3509.1015400,0
2026-01-03 00:53:00,0.18147,0.18206,0.18146,0.18192,95786.0,1767401639999,17413.9242200,405,70751,12864.3040500,0
2026-01-03 00:54:00,0.18193,0.18329,0.18193,0.18242,330430.0,1767401699999,60366.3739500,1088,198754,36308.5025400,0
2026-01-03 00:55:00,0.18246,0.18255,0.18186,0.18227,150285.0,1767401759999,27383.3346100,458,100684,18349.7925600,0
2026-01-03 00:56:00,0.18222,0.18223,0.18172,0.18176,69142.0,1767401819999,12587.8019500,238,17983,3275.4221300,0
2026-01-03 00:57:00,0.18173,0.18186,0.18155,0.18183,64048.0,1767401879999,11638.1714500,238,37025,6729.2904900,0
2026-01-03 00:58:00,0.18184,0.18218,0.18176,0.18211,53573.0,1767401939999,9750.5737300,226,39322,7156.5185900,0
2026-01-03 00:59:00,0.18211,0.18259,0.18211,0.18229,94878.0,1767401999999,17304.6836800,311,46193,8424.3894700,0
2026-01-03 01:00:00,0.18229,0.18233,0.18215,0.18221,33993.0,1767402059999,6195.9771500,112,16052,2925.4786100,0
2026-01-03 01:01:00,0.1822,0.18228,0.18203,0.18209,86859.0,1767402119999,15821.0501200,257,52095,9491.1552800,0
2026-01-03 01:02:00,0.1821,0.18621,0.18206,0.186,1125448.0,1767402179999,207386.9525700,2857,641558,118215.8099400,0
2026-01-03 01:03:00,0.18596,0.18596,0.18475,0.18475,355090.0,1767402239999,65773.0470900,1288,198677,36799.4727800,0
2026-01-03 01:04:00,0.18475,0.18493,0.18385,0.18472,288562.0,1767402299999,53218.1140800,963,173656,32017.8235300,0
2026-01-03 01:05:00,0.18472,0.18543,0.18432,0.18539,219288.0,1767402359999,40566.4042400,672,129633,23966.5394700,0
2026-01-03 01:06:00,0.18539,0.18565,0.18494,0.18557,168890.0,1767402419999,31289.3559900,654,93465,17319.1413000,0
2026-01-03 01:07:00,0.1856,0.18627,0.1851,0.18626,142722.0,1767402479999,26501.7956600,549,91158,16939.2252200,0
2026-01-03 01:08:00,0.18622,0.18775,0.18584,0.18771,420843.0,1767402539999,78651.9529000,1562,281656,52653.9414500,0
2026-01-03 01:09:00,0.18766,0.18798,0.18691,0.18692,438572.0,1767402599999,82174.2153100,1418,237822,44573.7410200,0
2026-01-03 01:10:00,0.18692,0.18747,0.18663,0.187,348754.0,1767402659999,65239.6045100,1049,213062,39858.4307100,0
2026-01-03 01:11:00,0.18699,0.18722,0.18555,0.1856,414554.0,1767402719999,77236.2575700,1184,191820,35760.3501700,0
2026-01-03 01:12:00,0.18559,0.18703,0.18559,0.18683,242244.0,1767402779999,45162.8569500,845,160409,29905.0668700,0
2026-01-03 01:13:00,0.18684,0.18855,0.18679,0.18799,568875.0,1767402839999,106856.1818000,1636,336862,63242.1372100,0
2026-01-03 01:14:00,0.18805,0.18882,0.18805,0.18847,856030.0,1767402899999,161334.2686700,2284,495987,93489.4246500,0
2026-01-03 01:15:00,0.18836,0.18928,0.18793,0.18866,492994.0,1767402959999,92980.7674500,1417,296239,55874.4895400,0
2026-01-03 01:16:00,0.18864,0.18864,0.18685,0.1872,351488.0,1767403019999,65900.2657400,1204,114389,21429.3020100,0
2026-01-03 01:17:00,0.18719,0.18832,0.18698,0.18791,402768.0,1767403079999,75557.8846700,1150,245089,45979.7722400,0
2026-01-03 01:18:00,0.18791,0.18808,0.1866,0.1874,635602.0,1767403139999,119064.6736500,1424,302663,56689.8528300,0
2026-01-03 01:19:00,0.1874,0.18768,0.18649,0.18655,250379.0,1767403199999,46851.4012200,798,124670,23333.3355600,0
2026-01-03 01:20:00,0.18654,0.18789,0.18605,0.18739,1094690.0,1767403259999,204904.5605500,1836,666927,124775.4403500,0
2026-01-03 01:21:00,0.18738,0.18752,0.18714,0.1872,158608.0,1767403319999,29716.9126900,472,98563,18466.2851200,0
2026-01-03 01:22:00,0.18719,0.18719,0.18622,0.18643,300952.0,1767403379999,56157.6176300,1050,161049,30053.2432500,0
2026-01-03 01:23:00,0.18644,0.18759,0.18634,0.1871,493873.0,1767403439999,92276.2318200,1037,356030,66530.7663600,0
2026-01-03 01:24:00,0.18711,0.18739,0.18709,0.18723,80635.0,1767403499999,15097.0390400,343,47629,8917.6413700,0
2026-01-03 01:25:00,0.18724,0.18724,0.18638,0.18641,124100.0,1767403559999,23171.8397500,477,60104,11224.2013600,0
2026-01-03 01:26:00,0.1864,0.18662,0.1855,0.18574,406135.0,1767403619999,75558.3958300,969,153152,28505.8231900,0
2026-01-03 01:27:00,0.18575,0.18578,0.18528,0.18553,219215.0,1767403679999,40664.5599000,673,74318,13787.8370200,0
2026-01-03 01:28:00,0.18553,0.18636,0.18538,0.1861,146837.0,1767403739999,27297.6269900,666,105718,19653.0431600,0
2026-01-03 01:29:00,0.18609,0.18698,0.18598,0.1867,118860.0,1767403799999,22189.6958600,551,87201,16278.6571500,0
2026-01-03 01:30:00,0.1867,0.18684,0.18636,0.18681,101808.0,1767403859999,18999.7836700,455,48767,9102.7239800,0
2026-01-03 01:31:00,0.18682,0.18715,0.1867,0.18708,35011.0,1767403919999,6545.3845700,220,22115,4134.5269100,0
2026-01-03 01:32:00,0.18708,0.18708,0.18642,0.18642,124458.0,1767403979999,23229.4855600,457,54950,10252.2032900,0
2026-01-03 01:33:00,0.18641,0.18641,0.18595,0.18605,83335.0,1767404039999,15508.6769000,325,33907,6308.1206500,0
2026-01-03 01:34:00,0.18604,0.18604,0.1857,0.18597,92377.0,1767404099999,17168.8601100,433,49319,9167.9805400,0
2026-01-03 01:35:00,0.18597,0.186,0.18514,0.18584,105883.0,1767404159999,19638.6503500,479,53708,9961.1724300,0
2026-01-03 01:36:00,0.18583,0.18583,0.18542,0.18583,96556.0,1767404219999,17918.5055500,322,39152,7267.6960400,0
2026-01-03 01:37:00,0.18584,0.18619,0.18582,0.18602,103812.0,1767404279999,19309.2118100,455,60309,11219.1377500,0
2026-01-03 01:38:00,0.186,0.18601,0.18509,0.18512,102393.0,1767404339999,18994.2089700,336,9076,1686.1644700,0
2026-01-03 01:39:00,0.18511,0.18559,0.18508,0.18547,23238.0,1767404399999,4307.8287900,162,18038,3344.0659500,0
2026-01-03 01:40:00,0.18546,0.18555,0.18528,0.18549,73081.0,1767404459999,13550.3155900,339,39643,7351.6613200,0
2026-01-03 01:41:00,0.18549,0.18561,0.18524,0.18544,41585.0,1767404519999,7710.0600600,194,18765,3479.9680200,0
2026-01-03 01:42:00,0.18544,0.18545,0.18528,0.18536,20435.0,1767404579999,3787.5152100,124,4404,816.2625300,0
2026-01-03 01:43:00,0.18536,0.18539,0.18513,0.18519,102699.0,1767404639999,19022.6094200,299,16417,3041.8925200,0
2026-01-03 01:44:00,0.18519,0.18521,0.185,0.185,98696.0,1767404699999,18266.9581100,257,12008,2223.4062800,0
2026-01-03 01:45:00,0.185,0.185,0.18365,0.18365,353229.0,1767404759999,65136.1307800,1181,104240,19221.2438800,0
2026-01-03 01:46:00,0.18365,0.18382,0.18315,0.18342,297319.0,1767404819999,54537.8430100,943,103753,19036.8340200,0
2026-01-03 01:47:00,0.18342,0.18423,0.18342,0.18423,145228.0,1767404879999,26681.0819300,570,112926,20747.7113600,0
2026-01-03 01:48:00,0.18422,0.18425,0.18387,0.18417,45831.0,1767404939999,8436.4692600,251,12501,2302.2744000,0
2026-01-03 01:49:00,0.18416,0.18426,0.18413,0.18415,20945.0,1767404999999,3857.6433300,176,9035,1664.1284500,0
2026-01-03 01:50:00,0.18414,0.18426,0.18399,0.18405,43706.0,1767405059999,8048.0219000,194,23594,4345.1022200,0
2026-01-03 01:51:00,0.18405,0.18428,0.18404,0.18423,23438.0,1767405119999,4317.0801400,161,10367,1909.5484400,0
2026-01-03 01:52:00,0.18422,0.1843,0.18378,0.18412,90197.0,1767405179999,16594.5720100,286,17284,3182.4065800,0
2026-01-03 01:53:00,0.18408,0.18412,0.18372,0.18393,69835.0,1767405239999,12844.3652800,311,32701,6015.1249800,0
2026-01-03 01:54:00,0.18395,0.18398,0.1838,0.18393,41379.0,1767405299999,7607.9128700,154,17722,3258.6544600,0
2026-01-03 01:55:00,0.18392,0.18411,0.18391,0.18407,44817.0,1767405359999,8246.9029600,121,11339,2086.9104800,0
2026-01-03 01:56:00,0.1841,0.18412,0.18332,0.18342,162771.0,1767405419999,29892.6178800,538,76315,14008.3253300,0
2026-01-03 01:57:00,0.18342,0.18368,0.18335,0.18344,81491.0,1767405479999,14953.9861300,335,21489,3944.2704200,0
2026-01-03 01:58:00,0.18347,0.1836,0.18301,0.18307,81960.0,1767405539999,15023.7579300,296,17025,3120.9038700,0
2026-01-03 01:59:00,0.18307,0.18307,0.18251,0.18255,101568.0,1767405599999,18566.1504500,396,50947,9313.1175100,0
2026-01-03 02:00:00,0.18256,0.18288,0.18246,0.1828,162754.0,1767405659999,29727.6818400,413,65965,12053.4845400,0
2026-01-03 02:01:00,0.18277,0.18282,0.1824,0.18251,94426.0,1767405719999,17236.8054300,406,56891,10386.4283300,0
2026-01-03 02:02:00,0.18247,0.18256,0.18236,0.18245,39833.0,1767405779999,7268.3183100,214,26479,4831.7423300,0
2026-01-03 02:03:00,0.18244,0.18262,0.18227,0.18249,93747.0,1767405839999,17106.3247500,380,35624,6500.9212700,0
2026-01-03 02:04:00,0.18249,0.18254,0.1822,0.1822,77830.0,1767405899999,14191.8755700,302,35752,6519.8195400,0
2026-01-03 02:05:00,0.18219,0.18232,0.18165,0.18232,102154.0,1767405959999,18594.2859400,491,53040,9656.6130400,0
2026-01-03 02:06:00,0.18231,0.18333,0.18231,0.18325,104469.0,1767406019999,19109.3640100,502,59371,10860.4946700,0
2026-01-03 02:07:00,0.1832,0.18335,0.18284,0.18322,97432.0,1767406079999,17841.4867200,405,43317,7931.4348800,0
2026-01-03 02:08:00,0.18321,0.18324,0.18301,0.18308,33253.0,1767406139999,6089.3927300,173,22463,4113.6360300,0
2026-01-03 02:09:00,0.18308,0.18314,0.18237,0.1826,260085.0,1767406199999,47525.7692900,501,73369,13401.7912000,0
2026-01-03 02:10:00,0.1826,0.18264,0.1825,0.18252,73868.0,1767406259999,13485.3757100,149,12675,2314.2512500,0
2026-01-03 02:11:00,0.18252,0.18254,0.18185,0.18191,189175.0,1767406319999,34460.5163500,360,75139,13680.6082200,0
2026-01-03 02:12:00,0.18192,0.18209,0.18192,0.18203,17759.0,1767406379999,3232.5502500,111,15936,2900.7562600,0
2026-01-03 02:13:00,0.18203,0.18218,0.18192,0.18203,57826.0,1767406439999,10525.3348600,193,30933,5630.6655900,0
2026-01-03 02:14:00,0.18202,0.18213,0.18169,0.182,103473.0,1767406499999,18828.2341000,289,35250,6415.6710200,0
2026-01-03 02:15:00,0.18201,0.18207,0.18195,0.18206,19327.0,1767406559999,3517.5603700,90,14784,2690.7691200,0
2026-01-03 02:16:00,0.18207,0.18315,0.18197,0.18309,331623.0,1767406619999,60584.2167800,665,296051,54093.7914700,0
2026-01-03 02:17:00,0.1831,0.18323,0.18266,0.1832,186221.0,1767406679999,34084.4681500,568,83332,15254.7934900,0
2026-01-03 02:18:00,0.18313,0.18358,0.18304,0.18304,95969.0,1767406739999,17595.9254600,364,77102,14137.6928500,0
2026-01-03 02:19:00,0.18303,0.18319,0.18298,0.18301,20666.0,1767406799999,3783.4015300,140,8901,1629.9083600,0
2026-01-03 02:20:00,0.18301,0.18318,0.18273,0.18316,41792.0,1767406859999,7642.7909900,256,24843,4542.7188500,0
2026-01-03 02:21:00,0.18316,0.18331,0.18305,0.18331,25118.0,1767406919999,4599.5482700,147,12586,2304.9660000,0
2026-01-03 02:22:00,0.18332,0.1839,0.18332,0.18371,120473.0,1767406979999,22120.7576400,531,49751,9140.2591600,0
2026-01-03 02:23:00,0.18369,0.18407,0.18364,0.18392,107500.0,1767407039999,19768.8076900,346,92114,16940.5762100,0
2026-01-03 02:24:00,0.18391,0.18413,0.18388,0.18402,124355.0,1767407099999,22879.9255400,317,48156,8862.0220100,0
2026-01-03 02:25:00,0.18402,0.18411,0.18374,0.18394,145570.0,1767407159999,26781.0115900,415,51472,9468.9111700,0
2026-01-03 02:26:00,0.18394,0.1848,0.18394,0.1847,115960.0,1767407219999,21397.6163800,396,91289,16846.7026500,0
2026-01-03 02:27:00,0.18471,0.18471,0.18421,0.18423,58506.0,1767407279999,10793.5701400,259,18266,3367.1791700,0
2026-01-03 02:28:00,0.18425,0.18437,0.18385,0.18385,64861.0,1767407339999,11936.3602000,254,18567,3417.7912100,0
2026-01-03 02:29:00,0.18384,0.184,0.18376,0.18398,34994.0,1767407399999,6433.4229100,179,18393,3381.6260600,0
2026-01-03 02:30:00,0.18398,0.18398,0.18331,0.18331,84949.0,1767407459999,15604.5829300,348,34218,6287.5985700,0
2026-01-03 02:31:00,0.18332,0.18337,0.183,0.18327,75905.0,1767407519999,13899.8125800,303,28640,5245.1179500,0
2026-01-03 02:32:00,0.18323,0.18325,0.1829,0.18296,49498.0,1767407579999,9062.4603000,195,7089,1297.5486300,0
2026-01-03 02:33:00,0.18298,0.18319,0.18298,0.18311,47399.0,1767407639999,8679.8320500,160,10364,1897.5702300,0
2026-01-03 02:34:00,0.18311,0.18316,0.18293,0.18308,65175.0,1767407699999,11931.1649200,157,45711,8369.3999400,0
2026-01-03 02:35:00,0.18307,0.18309,0.18285,0.18285,57119.0,1767407759999,10450.9204000,209,2930,536.2515400,0
2026-01-03 02:36:00,0.18288,0.18293,0.18207,0.18232,417688.0,1767407819999,76189.2897100,634,87882,16018.8287300,0
2026-01-03 02:37:00,0.18233,0.18249,0.18228,0.18248,32622.0,1767407879999,5949.8111400,131,25270,4609.3373900,0
2026-01-03 02:38:00,0.18248,0.18291,0.18248,0.18278,36049.0,1767407939999,6587.8831000,190,27189,4967.9758300,0
2026-01-03 02:39:00,0.18278,0.18303,0.18278,0.18302,15547.0,1767407999999,2843.9102200,89,14864,2719.0413000,0
2026-01-03 02:40:00,0.18303,0.18307,0.18275,0.18283,41203.0,1767408059999,7534.0543200,150,7710,1409.9173800,0
2026-01-03 02:41:00,0.18282,0.18354,0.18282,0.18354,115357.0,1767408119999,21131.3818600,421,100507,18411.8871600,0
2026-01-03 02:42:00,0.18348,0.18362,0.18334,0.18362,43133.0,1767408179999,7914.7615900,235,32585,5979.6805300,0
2026-01-03 02:43:00,0.1836,0.1836,0.18294,0.18309,136972.0,1767408239999,25108.3712100,292,11523,2110.2336000,0
2026-01-03 02:44:00,0.18309,0.1833,0.18302,0.1833,44298.0,1767408299999,8114.2377600,181,39109,7164.2360100,0
2026-01-03 02:45:00,0.18323,0.18396,0.18307,0.18356,277620.0,1767408359999,50954.8584100,490,237918,43664.0830500,0
2026-01-03 02:46:00,0.18355,0.18364,0.18328,0.18346,75630.0,1767408419999,13876.4565000,318,23646,4339.7894800,0
2026-01-03 02:47:00,0.18344,0.18377,0.18343,0.1837,12296.0,1767408479999,2258.2852000,129,7337,1347.4197400,0
2026-01-03 02:48:00,0.18375,0.18385,0.18321,0.1833,127162.0,1767408539999,23332.7498300,339,16271,2986.8436000,0
2026-01-03 02:49:00,0.1833,0.1841,0.18329,0.18364,250957.0,1767408599999,46129.4433000,672,180041,33090.1823200,0
2026-01-03 02:50:00,0.18363,0.18363,0.18322,0.18334,15078.0,1767408659999,2765.1338600,128,4425,811.1738800,0
2026-01-03 02:51:00,0.18334,0.18349,0.18306,0.18349,98467.0,1767408719999,18039.2387600,288,42594,7805.2757100,0
2026-01-03 02:52:00,0.18349,0.18366,0.18347,0.1836,58459.0,1767408779999,10732.1770400,152,17826,3272.8726300,0
2026-01-03 02:53:00,0.1836,0.18377,0.18355,0.18371,46789.0,1767408839999,8596.0268200,164,35767,6571.3252200,0
2026-01-03 02:54:00,0.18371,0.18371,0.18357,0.18369,20115.0,1767408899999,3694.0480500,89,11914,2188.0437100,0
2026-01-03 02:55:00,0.18369,0.18393,0.18359,0.1839,22261.0,1767408959999,4089.7930100,136,11746,2158.8553800,0
2026-01-03 02:56:00,0.1839,0.1841,0.18383,0.18403,51802.0,1767409019999,9530.6843000,161,31436,5783.8239700,0
2026-01-03 02:57:00,0.18402,0.18407,0.18396,0.18405,16494.0,1767409079999,3034.9839300,110,8471,1558.7385100,0
2026-01-03 02:58:00,0.18405,0.18447,0.18379,0.18419,343612.0,1767409139999,63258.5150900,551,113027,20814.8169800,0
2026-01-03 02:59:00,0.18419,0.18422,0.1841,0.18414,61373.0,1767409199999,11303.5602800,64,5697,1049.2077300,0
2026-01-03 03:00:00,0.18415,0.18448,0.18413,0.18438,51624.0,1767409259999,9516.9294100,234,24419,4501.0825400,0
2026-01-03 03:01:00,0.18438,0.18448,0.18424,0.18441,56789.0,1767409319999,10469.8500700,283,20951,3863.4292700,0
2026-01-03 03:02:00,0.1844,0.18482,0.1843,0.18482,129027.0,1767409379999,23808.0434400,503,82735,15268.2649200,0
2026-01-03 03:03:00,0.18482,0.1857,0.1847,0.18511,203269.0,1767409439999,37656.8417500,755,85776,15885.6011300,0
2026-01-03 03:04:00,0.18506,0.1852,0.1847,0.1847,50798.0,1767409499999,9393.4758300,262,20974,3878.4868800,0
2026-01-03 03:05:00,0.18469,0.18478,0.18442,0.18443,46798.0,1767409559999,8641.5193200,180,22311,4120.2777700,0
2026-01-03 03:06:00,0.18443,0.18474,0.18442,0.18448,61865.0,1767409619999,11419.4145700,242,30178,5570.3170900,0
2026-01-03 03:07:00,0.1845,0.18457,0.18413,0.18414,64463.0,1767409679999,11879.6744600,234,10423,1920.1975600,0
2026-01-03 03:08:00,0.18415,0.18419,0.184,0.18415,49171.0,1767409739999,9050.3268700,152,21846,4020.7887200,0
2026-01-03 03:09:00,0.18415,0.18415,0.18387,0.18396,16000.0,1767409799999,2943.1824400,119,11646,2142.0623700,0
2026-01-03 03:10:00,0.18397,0.184,0.1838,0.1839,37278.0,1767409859999,6855.4807400,164,22954,4221.8023900,0
2026-01-03 03:11:00,0.1839,0.18395,0.18357,0.18392,105319.0,1767409919999,19348.0420300,255,26798,4925.1670800,0
2026-01-03 03:12:00,0.18394,0.18426,0.18384,0.18414,23375.0,1767409979999,4301.9979700,179,13690,2520.1300800,0
2026-01-03 03:13:00,0.18414,0.18444,0.18404,0.18444,48763.0,1767410039999,8981.9550700,269,28722,5291.0029300,0
2026-01-03 03:14:00,0.18443,0.18538,0.18437,0.18508,285032.0,1767410099999,52759.3380000,627,93320,17267.3166400,0
2026-01-03 03:15:00,0.18509,0.1858,0.18509,0.18578,74100.0,1767410159999,13751.4850400,317,32562,6041.1418800,0
2026-01-03 03:16:00,0.18576,0.18652,0.18576,0.18612,122437.0,1767410219999,22789.0395600,549,56298,10478.8837400,0
2026-01-03 03:17:00,0.18618,0.18654,0.18609,0.18628,205024.0,1767410279999,38201.4654100,622,75444,14058.1906700,0
2026-01-03 03:18:00,0.18629,0.18638,0.18594,0.18601,67733.0,1767410339999,12609.8102900,283,14072,2619.5172500,0
2026-01-03 03:19:00,0.18602,0.18617,0.1857,0.1857,28984.0,1767410399999,5390.4648700,153,3513,653.5554100,0
2026-01-03 03:20:00,0.18569,0.18574,0.18536,0.18537,33104.0,1767410459999,6142.5801600,230,19593,3635.8932300,0
2026-01-03 03:21:00,0.18536,0.18543,0.18495,0.18495,124164.0,1767410519999,23002.3033400,334,48654,9017.2844300,0
2026-01-03 03:22:00,0.18495,0.18512,0.18457,0.18465,135519.0,1767410579999,25055.3567300,470,49104,9083.1601800,0
2026-01-03 03:23:00,0.18464,0.18481,0.18454,0.18471,21713.0,1767410639999,4010.1678600,176,12133,2240.5710100,0
2026-01-03 03:24:00,0.18469,0.18473,0.18452,0.18456,21576.0,1767410699999,3983.5973800,119,16622,3069.1459700,0
2026-01-03 03:25:00,0.18457,0.18475,0.18456,0.18473,33834.0,1767410759999,6247.3696700,169,28173,5202.1978900,0
2026-01-03 03:26:00,0.18473,0.18475,0.18445,0.18446,39276.0,1767410819999,7251.0133200,204,6778,1250.9876700,0
2026-01-03 03:27:00,0.18446,0.18451,0.18421,0.1845,30449.0,1767410879999,5612.9944900,156,18418,3395.8654000,0
2026-01-03 03:28:00,0.18449,0.18449,0.18417,0.18428,37672.0,1767410939999,6942.6250300,159,16423,3026.5803400,0
2026-01-03 03:29:00,0.18427,0.18436,0.18421,0.18434,10195.0,1767410999999,1878.3795300,68,4962,914.3102900,0
2026-01-03 03:30:00,0.18435,0.18457,0.18422,0.18457,64436.0,1767411059999,11878.7874900,216,29824,5500.9546800,0
2026-01-03 03:31:00,0.18456,0.18464,0.18452,0.1846,27179.0,1767411119999,5016.2359600,141,15152,2796.6558600,0
2026-01-03 03:32:00,0.18461,0.18461,0.18416,0.18425,32278.0,1767411179999,5951.5445000,139,7067,1302.4925600,0
2026-01-03 03:33:00,0.18424,0.18429,0.18397,0.18415,95652.0,1767411239999,17608.0981100,329,39959,7357.4245300,0
2026-01-03 03:34:00,0.18415,0.18417,0.18407,0.18414,19137.0,1767411299999,3523.8000300,79,5072,933.8884700,0
2026-01-03 03:35:00,0.18414,0.18425,0.18406,0.18414,20634.0,1767411359999,3799.9502400,107,12355,2275.5470300,0
2026-01-03 03:36:00,0.18412,0.18412,0.18379,0.18396,74234.0,1767411419999,13653.0621200,307,30640,5636.0270400,0
2026-01-03 03:37:00,0.18395,0.18395,0.18336,0.18354,127361.0,1767411479999,23387.8547200,405,16293,2992.8294000,0
2026-01-03 03:38:00,0.18355,0.1837,0.18343,0.18354,69731.0,1767411539999,12801.2065600,263,20029,3677.3297200,0
2026-01-03 03:39:00,0.18355,0.18403,0.18351,0.18398,33955.0,1767411599999,6240.7925100,182,30400,5587.4262400,0
2026-01-03 03:40:00,0.18397,0.18439,0.18397,0.1843,18130.0,1767411659999,3340.4048600,124,14453,2662.6297700,0
2026-01-03 03:41:00,0.18433,0.1847,0.18432,0.18468,58942.0,1767411719999,10876.5554700,198,47715,8805.6492400,0
2026-01-03 03:42:00,0.18468,0.18477,0.18443,0.18465,34690.0,1767411779999,6402.3238100,165,10351,1910.6360200,0
2026-01-03 03:43:00,0.18463,0.18501,0.18457,0.18486,88135.0,1767411839999,16290.4049300,244,68459,12653.4902500,0
2026-01-03 03:44:00,0.18486,0.18502,0.1848,0.18502,8936.0,1767411899999,1652.1530300,83,7361,1361.0655000,0
2026-01-03 03:45:00,0.18502,0.18502,0.18475,0.18495,20607.0,1767411959999,3809.8757500,142,7074,1307.8945100,0
2026-01-03 03:46:00,0.18496,0.18516,0.18483,0.18505,82697.0,1767412019999,15300.4455200,190,78125,14454.9355300,0
2026-01-03 03:47:00,0.18501,0.18587,0.18501,0.18547,357392.0,1767412079999,66289.3380900,696,264351,49017.4915300,0
2026-01-03 03:48:00,0.18547,0.18547,0.1852,0.18529,97883.0,1767412139999,18142.1637700,239,9333,1730.0756200,0
2026-01-03 03:49:00,0.1853,0.18567,0.18526,0.18545,78998.0,1767412199999,14657.0023900,341,57936,10748.9580300,0
2026-01-03 03:50:00,0.18546,0.18581,0.1854,0.1856,59543.0,1767412259999,11052.1942400,285,32857,6099.1318800,0
2026-01-03 03:51:00,0.18559,0.18575,0.18552,0.18568,30412.0,1767412319999,5645.4315500,205,17986,3338.5358000,0
2026-01-03 03:52:00,0.18568,0.18613,0.18567,0.18613,96362.0,1767412379999,17917.2322800,231,24897,4629.9313100,0
2026-01-03 03:53:00,0.18612,0.18679,0.18605,0.18632,130607.0,1767412439999,24347.5826400,559,48924,9127.4536900,0
2026-01-03 03:54:00,0.18631,0.18631,0.18602,0.18609,27520.0,1767412499999,5121.7671600,163,8094,1506.4927200,0
2026-01-03 03:55:00,0.18608,0.18608,0.18511,0.18524,264844.0,1767412559999,49093.6509500,547,51696,9582.3389800,0
2026-01-03 03:56:00,0.18524,0.18528,0.18502,0.18511,36007.0,1767412619999,6664.8531000,155,18054,3341.8282700,0
2026-01-03 03:57:00,0.18509,0.18538,0.18507,0.18523,23408.0,1767412679999,4337.5306500,111,18672,3460.1231100,0
2026-01-03 03:58:00,0.18523,0.18529,0.18518,0.18529,10816.0,1767412739999,2003.5097600,70,4776,884.7484700,0
2026-01-03 03:59:00,0.18525,0.18525,0.18483,0.18499,108828.0,1767412799999,20126.7867200,280,12878,2382.5848100,0
2026-01-03 04:00:00,0.18499,0.18499,0.18454,0.1847,47393.0,1767412859999,8753.1577900,243,23038,4254.5858700,0
2026-01-03 04:01:00,0.18469,0.18477,0.18451,0.18474,48111.0,1767412919999,8883.3997000,255,27584,5093.8451200,0
2026-01-03 04:02:00,0.18472,0.1849,0.18454,0.18482,62794.0,1767412979999,11601.6622000,235,35811,6616.9091200,0
2026-01-03 04:03:00,0.18481,0.1849,0.18467,0.1847,36367.0,1767413039999,6720.9605800,149,20155,3725.6451500,0
2026-01-03 04:04:00,0.1847,0.18508,0.1847,0.18478,122175.0,1767413099999,22593.5860300,466,78333,14487.0216900,0
2026-01-03 04:05:00,0.18477,0.18479,0.18446,0.18446,66171.0,1767413159999,12221.3144900,168,8634,1595.0104500,0
2026-01-03 04:06:00,0.18445,0.18478,0.18416,0.18471,76804.0,1767413219999,14167.9435000,411,28401,5240.8491200,0
2026-01-03 04:07:00,0.18475,0.18496,0.18468,0.18476,68598.0,1767413279999,12677.2757100,220,35069,6481.1372900,0
2026-01-03 04:08:00,0.18476,0.18506,0.18476,0.18494,63051.0,1767413339999,11659.3350900,216,42922,7937.9952000,0
2026-01-03 04:09:00,0.18494,0.18494,0.18478,0.18482,17964.0,1767413399999,3320.7387900,119,4014,742.1366700,0
2026-01-03 04:10:00,0.18482,0.1851,0.18455,0.18494,53668.0,1767413459999,9921.0371300,233,36938,6828.2662600,0
2026-01-03 04:11:00,0.18492,0.18507,0.18474,0.18484,75364.0,1767413519999,13934.9034400,296,40362,7464.4556400,0
2026-01-03 04:12:00,0.18484,0.18527,0.18484,0.18527,19646.0,1767413579999,3634.7840300,163,14382,2661.2276200,0
2026-01-03 04:13:00,0.18523,0.18523,0.18495,0.18495,39295.0,1767413639999,7271.7566400,141,5456,1009.9383600,0
2026-01-03 04:14:00,0.18495,0.18511,0.18477,0.18482,39160.0,1767413699999,7243.3007200,149,24335,4500.7382600,0
2026-01-03 04:15:00,0.18483,0.18534,0.18478,0.18525,108997.0,1767413759999,20162.5131500,268,26602,4922.2312400,0
2026-01-03 04:16:00,0.18522,0.18566,0.18522,0.1856,18246.0,1767413819999,3384.7413600,148,13201,2448.6136900,0
2026-01-03 04:17:00,0.18559,0.18559,0.18512,0.18531,44386.0,1767413879999,8223.3080300,181,18580,3442.2557600,0
2026-01-03 04:18:00,0.18528,0.18528,0.185,0.18519,6696.0,1767413939999,1239.4843400,88,2417,447.3728900,0
2026-01-03 04:19:00,0.18519,0.18519,0.185,0.18507,14569.0,1767413999999,2696.3874800,102,2580,477.4867900,0
2026-01-03 04:20:00,0.18506,0.18529,0.18504,0.18516,36056.0,1767414059999,6677.8544400,122,34527,6394.6848600,0
2026-01-03 04:21:00,0.18516,0.18523,0.18506,0.18523,13632.0,1767414119999,2523.4905500,120,7500,1388.4986100,0
2026-01-03 04:22:00,0.18523,0.18523,0.18487,0.18488,21443.0,1767414179999,3966.0989600,173,11971,2213.6187200,0
2026-01-03 04:23:00,0.18487,0.18487,0.1847,0.1848,18718.0,1767414239999,3459.2780300,107,13668,2526.0952000,0
2026-01-03 04:24:00,0.1848,0.18496,0.18475,0.18477,34760.0,1767414299999,6426.5878900,114,27552,5094.4784400,0
2026-01-03 04:25:00,0.18477,0.18477,0.18471,0.18471,9924.0,1767414359999,1833.3256600,51,1476,272.6529400,0
2026-01-03 04:26:00,0.1847,0.18482,0.18469,0.18477,9240.0,1767414419999,1706.9864100,89,4895,904.3528000,0
2026-01-03 04:27:00,0.18476,0.18476,0.18454,0.18463,16165.0,1767414479999,2984.3169400,106,2521,465.4307800,0
2026-01-03 04:28:00,0.18464,0.18485,0.18464,0.18483,5559.0,1767414539999,1026.9760700,57,4455,823.0200600,0
2026-01-03 04:29:00,0.18482,0.1849,0.18481,0.18483,7860.0,1767414599999,1453.0541400,48,5036,931.0339700,0
2026-01-03 04:30:00,0.18482,0.18518,0.18476,0.185,26537.0,1767414659999,4909.0792500,144,18996,3514.1777000,0
2026-01-03 04:31:00,0.185,0.185,0.18482,0.18484,14502.0,1767414719999,2681.5388800,95,5859,1083.4816400,0
2026-01-03 04:32:00,0.18483,0.18494,0.18482,0.18492,5801.0,1767414779999,1072.4431400,51,2353,435.0527700,0
2026-01-03 04:33:00,0.18492,0.18494,0.18479,0.18482,16506.0,1767414839999,3050.9848600,96,3891,719.2782700,0
2026-01-03 04:34:00,0.18482,0.18503,0.1848,0.18493,26252.0,1767414899999,4854.7594900,108,22822,4220.5797800,0
2026-01-03 04:35:00,0.18494,0.18508,0.18479,0.18497,52833.0,1767414959999,9768.2363000,171,12556,2322.0926900,0
2026-01-03 04:36:00,0.18498,0.18541,0.18498,0.18533,26745.0,1767415019999,4954.1444300,119,23671,4384.9044500,0
2026-01-03 04:37:00,0.18533,0.18538,0.18514,0.18518,19511.0,1767415079999,3613.8978100,113,3115,576.9781500,0
2026-01-03 04:38:00,0.18518,0.18519,0.1844,0.1844,58303.0,1767415139999,10772.1515600,295,9724,1795.5757800,0
2026-01-03 04:39:00,0.1844,0.18449,0.18411,0.18446,85072.0,1767415199999,15679.7349500,332,52269,9634.2009900,0
2026-01-03 04:40:00,0.18448,0.18468,0.18448,0.18463,14676.0,1767415259999,2709.1801200,91,10143,1872.3134400,0
2026-01-03 04:41:00,0.1846,0.18469,0.18449,0.18454,14308.0,1767415319999,2641.4371500,106,5854,1080.7172500,0
2026-01-03 04:42:00,0.18453,0.18453,0.18436,0.18436,13948.0,1767415379999,2572.6274100,83,2613,482.0611500,0
2026-01-03 04:43:00,0.18435,0.18444,0.18431,0.18443,8963.0,1767415439999,1652.5286200,69,7944,1464.6934400,0
2026-01-03 04:44:00,0.18444,0.1845,0.18387,0.18399,60314.0,1767415499999,11102.2682000,331,27822,5120.8272600,0
2026-01-03 04:45:00,0.184,0.18446,0.1839,0.1844,43982.0,1767415559999,8103.5485100,238,28020,5163.7673900,0
2026-01-03 04:46:00,0.1844,0.18479,0.1844,0.18473,35697.0,1767415619999,6591.2302100,161,28492,5260.6094600,0
2026-01-03 04:47:00,0.18473,0.18476,0.18461,0.18466,9000.0,1767415679999,1662.2577200,88,5286,976.2916100,0
2026-01-03 04:48:00,0.18462,0.1848,0.18456,0.1848,14843.0,1767415739999,2740.8619700,110,7554,1395.3736100,0
2026-01-03 04:49:00,0.1848,0.18492,0.18455,0.18464,51259.0,1767415799999,9469.5807500,175,12809,2366.7704700,0
2026-01-03 04:50:00,0.18464,0.18474,0.18449,0.18474,52227.0,1767415859999,9642.2003800,131,23794,4393.9126800,0
2026-01-03 04:51:00,0.18475,0.18487,0.18469,0.18477,51335.0,1767415919999,9484.9076000,179,9218,1703.5051900,0
2026-01-03 04:52:00,0.18479,0.18495,0.18468,0.18495,42548.0,1767415979999,7863.2893800,178,31942,5903.2827300,0
2026-01-03 04:53:00,0.18495,0.18495,0.18483,0.18484,11242.0,1767416039999,2078.4631900,91,7322,1353.7038600,0
2026-01-03 04:54:00,0.18484,0.18506,0.18476,0.18505,39413.0,1767416099999,7288.5035400,162,27751,5132.1238600,0
2026-01-03 04:55:00,0.18505,0.1853,0.18502,0.1853,15842.0,1767416159999,2932.3726900,91,13213,2445.7635600,0
2026-01-03 04:56:00,0.18529,0.18543,0.1852,0.18543,31063.0,1767416219999,5756.8221500,128,17142,3177.4839200,0
2026-01-03 04:57:00,0.18543,0.18548,0.18498,0.18501,21319.0,1767416279999,3948.2262900,157,4748,879.9995800,0
2026-01-03 04:58:00,0.18501,0.18501,0.18458,0.18491,120305.0,1767416339999,22225.9478900,426,75539,13954.4053300,0
2026-01-03 04:59:00,0.18486,0.18486,0.1842,0.18424,24400.0,1767416399999,4499.4910300,210,12207,2250.2562500,0
2026-01-03 05:00:00,0.18423,0.18437,0.18416,0.18437,35856.0,1767416459999,6606.8804500,152,25968,4784.9087800,0
2026-01-03 05:01:00,0.18437,0.18442,0.18427,0.18431,13352.0,1767416519999,2460.9648300,140,6973,1285.1591000,0
2026-01-03 05:02:00,0.18429,0.1843,0.18389,0.18407,97204.0,1767416579999,17888.2515200,393,24839,4571.3133700,0
2026-01-03 05:03:00,0.18408,0.18412,0.18369,0.18405,122427.0,1767416639999,22515.5644200,306,43767,8052.3667600,0
2026-01-03 05:04:00,0.18404,0.18412,0.18394,0.18394,16024.0,1767416699999,2949.2310200,110,9195,1692.3703900,0
2026-01-03 05:05:00,0.18394,0.1841,0.18385,0.18394,76476.0,1767416759999,14067.8821800,296,24521,4511.2522300,0
2026-01-03 05:06:00,0.18392,0.18406,0.18387,0.18406,30907.0,1767416819999,5685.0760700,162,27762,5106.6331400,0
2026-01-03 05:07:00,0.18407,0.18451,0.18407,0.18437,47066.0,1767416879999,8676.7944100,194,19483,3590.9222300,0
2026-01-03 05:08:00,0.18436,0.18439,0.18422,0.18428,30121.0,1767416939999,5551.1656900,127,10553,1945.1683200,0
2026-01-03 05:09:00,0.18429,0.18429,0.18384,0.18406,70300.0,1767416999999,12934.3433400,221,18743,3447.1185500,0
2026-01-03 05:10:00,0.18407,0.18417,0.18403,0.18407,9581.0,1767417059999,1763.7184500,67,3924,722.3193900,0
2026-01-03 05:11:00,0.18404,0.18418,0.18403,0.18409,11946.0,1767417119999,2198.8964900,86,4331,797.2678500,0
2026-01-03 05:12:00,0.18408,0.18433,0.18408,0.18422,9796.0,1767417179999,1804.5684400,104,7373,1358.0788400,0
2026-01-03 05:13:00,0.18419,0.18422,0.18391,0.18396,34412.0,1767417239999,6331.2218500,97,15872,2919.6839800,0
2026-01-03 05:14:00,0.18392,0.18392,0.18314,0.18345,132881.0,1767417299999,24369.0788900,386,30725,5635.2507700,0
2026-01-03 05:15:00,0.18344,0.18354,0.18329,0.1833,32335.0,1767417359999,5930.9980800,132,19209,3524.1741600,0
2026-01-03 05:16:00,0.18329,0.18349,0.18313,0.18313,36425.0,1767417419999,6676.2027100,193,23250,4261.9112900,0
2026-01-03 05:17:00,0.18313,0.18313,0.18288,0.18309,43638.0,1767417479999,7987.1099700,176,28020,5128.8840200,0
2026-01-03 05:18:00,0.18308,0.18312,0.18277,0.18285,101694.0,1767417539999,18596.5467100,241,15938,2915.3687600,0
2026-01-03 05:19:00,0.18282,0.18302,0.18268,0.18292,69597.0,1767417599999,12719.9564400,250,12860,2351.6364000,0
2026-01-03 05:20:00,0.1829,0.18318,0.18288,0.18316,38127.0,1767417659999,6978.0644100,192,33128,6063.5546400,0
2026-01-03 05:21:00,0.18316,0.18316,0.18272,0.18286,80584.0,1767417719999,14737.9656400,266,18629,3405.6456900,0
2026-01-03 05:22:00,0.18287,0.18315,0.18285,0.18305,46467.0,1767417779999,8503.5750900,209,20118,3682.2121200,0
2026-01-03 05:23:00,0.18305,0.1831,0.18291,0.18309,31707.0,1767417839999,5803.3394700,178,12267,2245.2747500,0
2026-01-03 05:24:00,0.1831,0.18357,0.1831,0.18351,20410.0,1767417899999,3743.8893100,143,14140,2593.4527200,0
2026-01-03 05:25:00,0.18356,0.18363,0.18336,0.18363,16141.0,1767417959999,2961.6982700,114,7243,1329.2627400,0
2026-01-03 05:26:00,0.18363,0.18363,0.18314,0.18322,71577.0,1767418019999,13123.3175500,326,21117,3870.9940300,0
2026-01-03 05:27:00,0.18321,0.18326,0.18315,0.18316,16116.0,1767418079999,2952.4956900,108,11049,2024.1524400,0
2026-01-03 05:28:00,0.18317,0.18335,0.18316,0.18335,10265.0,1767418139999,1881.1724400,79,9846,1804.4061700,0
2026-01-03 05:29:00,0.18335,0.1834,0.18311,0.18311,18161.0,1767418199999,3328.2081700,127,9821,1799.9789800,0
2026-01-03 05:30:00,0.18311,0.18314,0.183,0.18309,7812.0,1767418259999,1430.1345800,79,4530,829.3451500,0
2026-01-03 05:31:00,0.18309,0.1831,0.18297,0.18301,16023.0,1767418319999,2932.7143000,71,8110,1484.4156900,0
2026-01-03 05:32:00,0.18301,0.1833,0.18301,0.1833,57342.0,1767418379999,10501.3429400,137,54331,9949.7157000,0
2026-01-03 05:33:00,0.18329,0.18329,0.18313,0.18328,40570.0,1767418439999,7431.6899200,150,3442,630.6757900,0
2026-01-03 05:34:00,0.18327,0.18327,0.18291,0.18313,18179.0,1767418499999,3328.7332900,132,2639,482.9812500,0
2026-01-03 05:35:00,0.18312,0.18312,0.18274,0.18284,37546.0,1767418559999,6863.9401000,158,1075,196.5297500,0
2026-01-03 05:36:00,0.18285,0.18286,0.18224,0.18233,126128.0,1767418619999,23014.2853000,360,14876,2716.7985100,0
2026-01-03 05:37:00,0.18232,0.18237,0.1821,0.18234,58065.0,1767418679999,10579.8669000,237,7506,1368.1096900,0
2026-01-03 05:38:00,0.18233,0.18238,0.18199,0.18215,133484.0,1767418739999,24309.7951600,272,5438,991.2242500,0
2026-01-03 05:39:00,0.18216,0.18222,0.18189,0.18208,97459.0,1767418799999,17742.6880700,386,68805,12526.6158900,0
2026-01-03 05:40:00,0.18209,0.1823,0.18204,0.18208,23027.0,1767418859999,4195.2355000,170,7996,1456.9687900,0
2026-01-03 05:41:00,0.18208,0.18229,0.18188,0.18229,41472.0,1767418919999,7547.8439900,230,8797,1602.1677400,0
2026-01-03 05:42:00,0.18229,0.18243,0.18218,0.18232,91103.0,1767418979999,16605.8650900,209,24307,4432.2918500,0
2026-01-03 05:43:00,0.18232,0.18235,0.18222,0.18233,16096.0,1767419039999,2934.1118600,72,7714,1406.1647600,0
2026-01-03 05:44:00,0.18235,0.18236,0.18208,0.18231,47087.0,1767419099999,8579.9704600,167,23037,4198.1022100,0
2026-01-03 05:45:00,0.18231,0.18245,0.18228,0.18241,20868.0,1767419159999,3805.9052900,129,15111,2756.0582200,0
2026-01-03 05:46:00,0.18239,0.18247,0.18227,0.18241,22053.0,1767419219999,4021.7029800,134,8730,1591.8907100,0
2026-01-03 05:47:00,0.18241,0.18254,0.18227,0.18241,48924.0,1767419279999,8923.9829500,246,13078,2386.4831600,0
2026-01-03 05:48:00,0.18239,0.18254,0.18229,0.18241,22283.0,1767419339999,4065.6299600,114,20861,3806.3001700,0
2026-01-03 05:49:00,0.18243,0.18245,0.18222,0.18238,28286.0,1767419399999,5157.1159700,103,7440,1356.7680800,0
2026-01-03 05:50:00,0.18239,0.18243,0.18228,0.18228,10444.0,1767419459999,1904.3578800,57,2821,514.5495600,0
2026-01-03 05:51:00,0.18229,0.18229,0.18202,0.18212,23926.0,1767419519999,4357.4992900,120,5049,919.7373800,0
2026-01-03 05:52:00,0.18211,0.18231,0.18211,0.18225,8749.0,1767419579999,1594.3088600,89,3260,594.1090200,0
2026-01-03 05:53:00,0.18226,0.18242,0.18226,0.18239,22823.0,1767419639999,4162.1002800,101,10753,1960.8675300,0
2026-01-03 05:54:00,0.1824,0.18285,0.18238,0.18273,103387.0,1767419699999,18877.6974500,381,47060,8596.0140400,0
2026-01-03 05:55:00,0.18268,0.1827,0.18243,0.18243,10710.0,1767419759999,1955.2498400,91,3023,551.9000800,0
2026-01-03 05:56:00,0.18242,0.18247,0.18226,0.18237,22993.0,1767419819999,4192.2524600,115,2188,399.0998100,0
2026-01-03 05:57:00,0.18237,0.18266,0.18237,0.18248,25203.0,1767419879999,4600.9278300,122,19174,3500.4380300,0
2026-01-03 05:58:00,0.18248,0.18251,0.18239,0.18251,5252.0,1767419939999,958.1393700,58,932,170.0391400,0
2026-01-03 05:59:00,0.1825,0.18251,0.18245,0.18249,6869.0,1767419999999,1253.4925400,47,6363,1161.1569500,0
2026-01-03 06:00:00,0.1825,0.18256,0.18249,0.18255,11340.0,1767420059999,2069.5810800,37,10774,1966.2846000,0
2026-01-03 06:01:00,0.18256,0.18264,0.18233,0.18261,23942.0,1767420119999,4368.4492900,236,7548,1377.6176500,0
2026-01-03 06:02:00,0.18261,0.18286,0.18261,0.18273,29464.0,1767420179999,5385.2433600,160,12859,2349.6311300,0
2026-01-03 06:03:00,0.18273,0.18278,0.1827,0.18278,12386.0,1767420239999,2263.4309600,68,4094,748.1946500,0
2026-01-03 06:04:00,0.18278,0.18292,0.18278,0.18287,18656.0,1767420299999,3411.5368400,91,11984,2191.6227800,0
2026-01-03 06:05:00,0.18287,0.18355,0.18285,0.18353,39691.0,1767420359999,7265.6653100,173,19496,3572.5581800,0
2026-01-03 06:06:00,0.18348,0.18364,0.18331,0.18334,38492.0,1767420419999,7063.4596800,199,25627,4703.6081500,0
2026-01-03 06:07:00,0.18334,0.1834,0.1833,0.18334,24402.0,1767420479999,4474.2566300,80,4673,856.9049600,0
2026-01-03 06:08:00,0.18333,0.18337,0.18329,0.1833,11561.0,1767420539999,2119.4053600,45,1105,202.5887600,0
2026-01-03 06:09:00,0.18329,0.18354,0.18329,0.18348,18409.0,1767420599999,3375.5422700,89,11127,2040.2959000,0
2026-01-03 06:10:00,0.1835,0.18373,0.18344,0.18362,107322.0,1767420659999,19703.4821700,342,82263,15104.3629500,0
2026-01-03 06:11:00,0.1836,0.1836,0.18347,0.18347,3417.0,1767420719999,627.0661500,39,78,14.3128200,0
2026-01-03 06:12:00,0.18347,0.18348,0.18328,0.18344,50867.0,1767420779999,9328.0130400,203,17071,3130.4401400,0
2026-01-03 06:13:00,0.18344,0.18357,0.18342,0.18357,15271.0,1767420839999,2801.6665100,48,13798,2531.4368900,0
2026-01-03 06:14:00,0.18358,0.18378,0.18358,0.18368,26107.0,1767420899999,4795.9336900,131,13986,2569.2460200,0
2026-01-03 06:15:00,0.18368,0.1837,0.18321,0.18321,40163.0,1767420959999,7366.5915400,154,1546,283.9381300,0
2026-01-03 06:16:00,0.1832,0.1832,0.18298,0.18317,58524.0,1767421019999,10715.8932200,148,40181,7358.5640500,0
2026-01-03 06:17:00,0.18318,0.18326,0.18302,0.18322,76925.0,1767421079999,14087.7084100,231,22221,4070.6803000,0
2026-01-03 06:18:00,0.18322,0.18342,0.1831,0.18332,75270.0,1767421139999,13793.5756200,289,20084,3680.3603200,0
2026-01-03 06:19:00,0.18331,0.18335,0.18323,0.18327,6614.0,1767421199999,1212.2272600,56,1412,258.8345500,0
2026-01-03 06:20:00,0.18325,0.18333,0.18325,0.18329,4858.0,1767421259999,890.3559800,41,3288,602.6534800,0
2026-01-03 06:21:00,0.18328,0.1837,0.18328,0.1837,35501.0,1767421319999,6514.9101300,126,34997,6422.3807600,0
2026-01-03 06:22:00,0.18371,0.18371,0.18332,0.1835,68916.0,1767421379999,12642.7595200,168,10741,1970.5580600,0
2026-01-03 06:23:00,0.1835,0.18354,0.18344,0.18344,3156.0,1767421439999,579.0653600,43,906,166.2481400,0
2026-01-03 06:24:00,0.18346,0.18352,0.18323,0.18326,20544.0,1767421499999,3767.8950300,87,4744,870.2750200,0
2026-01-03 06:25:00,0.18324,0.18331,0.18324,0.18328,8582.0,1767421559999,1572.9081800,41,3185,583.7526600,0
2026-01-03 06:26:00,0.18327,0.18327,0.18291,0.18294,15442.0,1767421619999,2826.9099200,131,2299,420.7069500,0
2026-01-03 06:27:00,0.18293,0.18303,0.18281,0.18298,27792.0,1767421679999,5083.2683500,121,11627,2127.2292700,0
2026-01-03 06:28:00,0.18297,0.18297,0.18269,0.18297,52457.0,1767421739999,9590.0667400,184,33108,6052.9620200,0
2026-01-03 06:29:00,0.18294,0.18305,0.18293,0.18293,44449.0,1767421799999,8134.0073700,70,15457,2828.8478600,0
2026-01-03 06:30:00,0.18298,0.18299,0.18291,0.18293,8328.0,1767421859999,1523.7046500,41,1366,249.9223900,0
2026-01-03 06:31:00,0.1829,0.183,0.18286,0.18297,9499.0,1767421919999,1737.5492800,88,3886,710.8017700,0
2026-01-03 06:32:00,0.18297,0.18307,0.18289,0.18293,31715.0,1767421979999,5804.0431200,106,22734,4160.7266000,0
2026-01-03 06:33:00,0.18293,0.18317,0.18202,0.18243,536789.0,1767422039999,97963.2581200,687,198531,36220.6054100,0
2026-01-03 06:34:00,0.18244,0.18247,0.18213,0.1823,244371.0,1767422099999,44542.9919300,525,78733,14353.4548700,0
2026-01-03 06:35:00,0.18231,0.1824,0.18223,0.18233,29852.0,1767422159999,5442.1311300,114,23437,4272.7409200,0
2026-01-03 06:36:00,0.18234,0.18236,0.18195,0.18202,99980.0,1767422219999,18207.5855800,252,35300,6429.3670900,0
2026-01-03 06:37:00,0.18198,0.18203,0.1812,0.18155,295161.0,1767422279999,53564.5336500,710,68452,12423.8543300,0
2026-01-03 06:38:00,0.18156,0.18163,0.18121,0.18147,71036.0,1767422339999,12881.8369500,293,14393,2611.9241200,0
2026-01-03 06:39:00,0.18145,0.18146,0.18065,0.18076,208977.0,1767422399999,37811.5339100,548,61786,11181.7509700,0
2026-01-03 06:40:00,0.18075,0.18104,0.18072,0.18102,58073.0,1767422459999,10504.3859800,231,48728,8813.8015900,0
2026-01-03 06:41:00,0.18102,0.18102,0.18043,0.18064,190265.0,1767422519999,34373.1412200,608,132858,24003.4625400,0
2026-01-03 06:42:00,0.18067,0.18097,0.18058,0.18091,97106.0,1767422579999,17557.2875100,268,65234,11797.5521500,0
2026-01-03 06:43:00,0.1809,0.1809,0.18076,0.18084,14466.0,1767422639999,2616.3160900,99,5961,1078.0125300,0
2026-01-03 06:44:00,0.18083,0.18083,0.18054,0.1806,63167.0,1767422699999,11411.6914300,251,26069,4709.9869600,0
2026-01-03 06:45:00,0.18059,0.18085,0.18058,0.18067,88483.0,1767422759999,15993.3621800,205,68349,12354.8909800,0
2026-01-03 06:46:00,0.18067,0.18078,0.18052,0.18052,31554.0,1767422819999,5700.6173700,167,18224,3292.9900400,0
2026-01-03 06:47:00,0.18052,0.18061,0.17836,0.17883,1026799.0,1767422879999,183995.2765400,1646,317201,56797.8669500,0
2026-01-03 06:48:00,0.17888,0.1791,0.17854,0.1786,341329.0,1767422939999,61030.3903700,726,102223,18284.1872500,0
2026-01-03 06:49:00,0.1786,0.17907,0.17858,0.17872,127983.0,1767422999999,22896.6359900,423,59800,10700.8683300,0
2026-01-03 06:50:00,0.1787,0.17918,0.1787,0.17896,98170.0,1767423059999,17568.2432600,409,27635,4943.5568800,0
2026-01-03 06:51:00,0.17895,0.17941,0.17893,0.17931,171809.0,1767423119999,30785.3645400,394,133258,23878.0541600,0
2026-01-03 06:52:00,0.17933,0.17942,0.17921,0.1793,83417.0,1767423179999,14959.1900300,252,72986,13089.2366000,0
2026-01-03 06:53:00,0.1793,0.17939,0.17922,0.17933,54170.0,1767423239999,9713.2528600,144,10356,1857.2253600,0
2026-01-03 06:54:00,0.17933,0.17936,0.1791,0.1791,13515.0,1767423299999,2422.6542500,103,4558,817.4009200,0
2026-01-03 06:55:00,0.17911,0.17949,0.17911,0.17946,77347.0,1767423359999,13869.5033400,348,43563,7813.0330900,0
2026-01-03 06:56:00,0.17945,0.17957,0.17929,0.17934,41034.0,1767423419999,7361.6780300,190,14422,2588.3992300,0
2026-01-03 06:57:00,0.17932,0.1797,0.17932,0.17965,22371.0,1767423479999,4015.8964300,144,18958,3403.2879100,0
2026-01-03 06:58:00,0.17965,0.17967,0.1795,0.17951,15593.0,1767423539999,2800.1585000,102,3948,708.9563600,0
2026-01-03 06:59:00,0.17949,0.17949,0.17903,0.17907,39511.0,1767423599999,7081.8548500,226,7913,1417.5235500,0
2026-01-03 07:00:00,0.17907,0.17907,0.17871,0.17873,66688.0,1767423659999,11926.4524100,223,17653,3156.8139900,0
2026-01-03 07:01:00,0.17873,0.17873,0.17804,0.1782,233094.0,1767423719999,41564.3055100,649,63428,11306.2817200,0
2026-01-03 07:02:00,0.1782,0.17853,0.1782,0.1785,35891.0,1767423779999,6403.1195400,213,18728,3341.0613400,0
2026-01-03 07:03:00,0.17851,0.17865,0.17831,0.1784,104476.0,1767423839999,18648.2453300,320,49577,8850.8004500,0
2026-01-03 07:04:00,0.17839,0.17839,0.17777,0.17813,191472.0,1767423899999,34077.1702400,426,42849,7628.5631400,0
2026-01-03 07:05:00,0.17813,0.17825,0.17734,0.17748,138300.0,1767423959999,24572.8259800,418,37149,6600.9222200,0
2026-01-03 07:06:00,0.17748,0.17767,0.1773,0.17743,99125.0,1767424019999,17589.9080300,351,53361,9470.4892700,0
2026-01-03 07:07:00,0.17742,0.17742,0.17631,0.17668,263749.0,1767424079999,46659.0485900,791,63920,11314.8722800,0
2026-01-03 07:08:00,0.17669,0.17728,0.17669,0.17706,125220.0,1767424139999,22176.7427500,375,87608,15516.9468600,0
2026-01-03 07:09:00,0.17707,0.17724,0.17703,0.17714,47808.0,1767424199999,8467.4403000,161,13383,2370.9646600,0
2026-01-03 07:10:00,0.17713,0.17726,0.17712,0.17716,29728.0,1767424259999,5267.5924500,137,15179,2689.6104500,0
2026-01-03 07:11:00,0.17714,0.17732,0.17703,0.17705,79723.0,1767424319999,14121.7198800,246,44113,7815.1944300,0
2026-01-03 07:12:00,0.17705,0.17717,0.17681,0.17685,37525.0,1767424379999,6643.4431700,190,17352,3073.2091700,0
2026-01-03 07:13:00,0.17685,0.1769,0.17314,0.17478,1860939.0,1767424439999,325326.2475800,3087,840214,146693.6659300,0
2026-01-03 07:14:00,0.17482,0.17509,0.17481,0.17504,207137.0,1767424499999,36234.2728900,501,76462,13379.4343700,0
2026-01-03 07:15:00,0.17503,0.17528,0.17464,0.1752,127058.0,1767424559999,22228.8331200,442,64682,11322.8548400,0
2026-01-03 07:16:00,0.17519,0.17572,0.17518,0.17571,157595.0,1767424619999,27651.2381700,508,106984,18772.0012700,0
2026-01-03 07:17:00,0.17571,0.17571,0.1752,0.17531,109556.0,1767424679999,19218.9745900,412,40113,7037.3357000,0
2026-01-03 07:18:00,0.17532,0.17548,0.17515,0.17535,103777.0,1767424739999,18192.8713500,407,46765,8199.9904100,0
2026-01-03 07:19:00,0.17534,0.17559,0.17514,0.17529,81039.0,1767424799999,14211.0474800,385,48657,8532.9044100,0
2026-01-03 07:20:00,0.17528,0.17532,0.17482,0.17484,293967.0,1767424859999,51469.3588500,743,111602,19548.5697400,0
2026-01-03 07:21:00,0.17501,0.1751,0.17448,0.17478,219130.0,1767424919999,38276.3967500,649,86868,15182.0383600,0
2026-01-03 07:22:00,0.17471,0.17483,0.17442,0.17478,96790.0,1767424979999,16901.5228200,501,50055,8741.8990500,0
2026-01-03 07:23:00,0.17479,0.17526,0.17458,0.17463,145441.0,1767425039999,25431.7997000,461,53327,9326.9343800,0
2026-01-03 07:24:00,0.17463,0.17503,0.17425,0.17463,252739.0,1767425099999,44146.0837400,712,152653,26665.4741900,0
2026-01-03 07:25:00,0.17462,0.17507,0.17451,0.17496,121597.0,1767425159999,21260.1580600,453,60644,10601.9187100,0
2026-01-03 07:26:00,0.17497,0.1752,0.17487,0.175,46242.0,1767425219999,8093.5605200,227,31513,5515.9403200,0
2026-01-03 07:27:00,0.17499,0.17511,0.17438,0.17438,181612.0,1767425279999,31730.0248400,465,75082,13134.2311100,0
2026-01-03 07:28:00,0.17438,0.1745,0.1738,0.17401,93773.0,1767425339999,16325.1573000,440,42126,7333.4228700,0
2026-01-03 07:29:00,0.17401,0.17406,0.1737,0.1739,101951.0,1767425399999,17725.6594900,371,46482,8083.5770500,0
2026-01-03 07:30:00,0.17389,0.17394,0.17315,0.17383,358747.0,1767425459999,62238.2501400,1049,144431,25072.6483600,0
2026-01-03 07:31:00,0.17379,0.17467,0.17379,0.17456,268363.0,1767425519999,46747.5416200,624,215379,37505.4124800,0
2026-01-03 07:32:00,0.17455,0.17494,0.17405,0.17487,115736.0,1767425579999,20197.9495300,377,79124,13812.7656800,0
2026-01-03 07:33:00,0.17486,0.17486,0.1745,0.1745,50177.0,1767425639999,8763.3639300,252,24455,4270.6069300,0
2026-01-03 07:34:00,0.17452,0.17452,0.17384,0.17387,120344.0,1767425699999,20951.1678100,441,35266,6139.1033100,0
2026-01-03 07:35:00,0.17386,0.17405,0.17373,0.17401,48754.0,1767425759999,8479.1901500,248,33130,5762.1449100,0
2026-01-03 07:36:00,0.17401,0.17477,0.17392,0.17455,143300.0,1767425819999,24989.8833800,425,92705,16165.7853300,0
2026-01-03 07:37:00,0.17457,0.17502,0.17453,0.17498,73790.0,1767425879999,12899.9256700,350,52155,9117.2786300,0
2026-01-03 07:38:00,0.17492,0.17511,0.17471,0.17504,116120.0,1767425939999,20318.6227600,407,73160,12801.4462000,0
2026-01-03 07:39:00,0.17506,0.17516,0.17471,0.17502,159003.0,1767425999999,27814.6049800,436,58516,10239.5540000,0
2026-01-03 07:40:00,0.17492,0.17523,0.17445,0.17472,137714.0,1767426059999,24070.1386000,467,73053,12769.9301100,0
2026-01-03 07:41:00,0.17473,0.17498,0.17464,0.17497,38013.0,1767426119999,6645.1790200,155,25318,4426.4963300,0
2026-01-03 07:42:00,0.17495,0.17507,0.17459,0.17507,81424.0,1767426179999,14241.0932200,259,34421,6020.7445200,0
2026-01-03 07:43:00,0.17506,0.17575,0.17501,0.17571,149141.0,1767426239999,26161.1029600,480,102890,18048.6349100,0
2026-01-03 07:44:00,0.1757,0.1757,0.17501,0.17526,98146.0,1767426299999,17208.6421300,399,25877,4537.9421900,0
2026-01-03 07:45:00,0.17528,0.17584,0.17499,0.17577,154418.0,1767426359999,27103.3083900,473,110914,19480.6910500,0
2026-01-03 07:46:00,0.17578,0.17588,0.17531,0.17538,103207.0,1767426419999,18124.2068000,514,57429,10085.7425600,0
2026-01-03 07:47:00,0.17538,0.17572,0.17528,0.17556,65414.0,1767426479999,11481.0287800,293,23959,4204.4825300,0
2026-01-03 07:48:00,0.17556,0.17633,0.17548,0.1761,132546.0,1767426539999,23315.0126900,482,92754,16311.3456700,0
2026-01-03 07:49:00,0.1761,0.1761,0.17563,0.17563,173138.0,1767426599999,30438.5588400,280,27658,4862.5189500,0
2026-01-03 07:50:00,0.17563,0.17571,0.17538,0.17564,30429.0,1767426659999,5341.9108400,209,21601,3792.3098600,0
2026-01-03 07:51:00,0.17565,0.17617,0.17558,0.1758,136208.0,1767426719999,23964.1626600,360,111717,19654.7801100,0
2026-01-03 07:52:00,0.1758,0.1758,0.17547,0.17563,86882.0,1767426779999,15256.2838300,249,44871,7878.8558300,0
2026-01-03 07:53:00,0.17563,0.17563,0.17539,0.17543,13545.0,1767426839999,2376.8302400,114,5008,878.6767800,0
2026-01-03 07:54:00,0.17543,0.17616,0.17543,0.17589,63271.0,1767426899999,11123.5010500,270,42174,7410.1023800,0
2026-01-03 07:55:00,0.17589,0.1759,0.17557,0.17575,203842.0,1767426959999,35821.0774600,410,79412,13957.9566800,0
2026-01-03 07:56:00,0.17573,0.17573,0.17544,0.17549,28252.0,1767427019999,4960.4867000,159,7733,1357.9647600,0
2026-01-03 07:57:00,0.17548,0.17553,0.17529,0.17534,37713.0,1767427079999,6616.2188200,158,10355,1816.7645900,0
2026-01-03 07:58:00,0.17534,0.17563,0.17528,0.17563,52604.0,1767427139999,9227.7722700,204,41103,7210.9368400,0
2026-01-03 07:59:00,0.17561,0.17561,0.17531,0.17539,35523.0,1767427199999,6231.6114200,162,9329,1636.5645600,0
2026-01-03 08:00:00,0.17539,0.17548,0.17502,0.17523,53549.0,1767427259999,9388.4184800,291,23730,4161.4083100,0
2026-01-03 08:01:00,0.17524,0.17541,0.17519,0.1753,38589.0,1767427319999,6765.4813500,197,18222,3194.5966000,0
2026-01-03 08:02:00,0.17532,0.17551,0.17527,0.17551,36731.0,1767427379999,6442.1854600,172,24474,4293.0425300,0
2026-01-03 08:03:00,0.1755,0.1757,0.17544,0.1755,62889.0,1767427439999,11042.7459200,288,36388,6389.8772400,0
2026-01-03 08:04:00,0.17551,0.17558,0.17536,0.17538,22560.0,1767427499999,3957.9311600,118,5267,924.0791300,0
2026-01-03 08:05:00,0.17538,0.1754,0.17512,0.17522,43623.0,1767427559999,7645.9230300,165,15920,2790.8890400,0
2026-01-03 08:06:00,0.17521,0.17527,0.17496,0.175,83376.0,1767427619999,14600.8281300,223,35647,6243.1468600,0
2026-01-03 08:07:00,0.17499,0.17507,0.17451,0.17452,202671.0,1767427679999,35429.1293800,545,117627,20568.7399600,0
2026-01-03 08:08:00,0.17455,0.17472,0.17425,0.17464,209526.0,1767427739999,36551.0354200,447,142371,24838.5897300,0
2026-01-03 08:09:00,0.17464,0.17519,0.17452,0.17509,217878.0,1767427799999,38098.8207100,517,136432,23863.0135600,0
2026-01-03 08:10:00,0.1751,0.1752,0.17487,0.17487,21891.0,1767427859999,3831.8090900,145,4567,799.5460000,0
2026-01-03 08:11:00,0.17487,0.17491,0.17449,0.17449,17526.0,1767427919999,3062.5240500,141,5075,887.1983500,0
2026-01-03 08:12:00,0.17451,0.17492,0.17432,0.17476,114522.0,1767427979999,19998.4072700,352,66699,11652.5229100,0
2026-01-03 08:13:00,0.17478,0.17478,0.1746,0.17465,13813.0,1767428039999,2412.7211900,78,6459,1128.2273500,0
2026-01-03 08:14:00,0.17466,0.1749,0.17465,0.17482,105489.0,1767428099999,18440.1992600,216,78648,13748.6013500,0
2026-01-03 08:15:00,0.17482,0.17489,0.17474,0.17475,30156.0,1767428159999,5271.8742500,100,17123,2993.6033500,0
2026-01-03 08:16:00,0.17474,0.17479,0.17458,0.17474,49717.0,1767428219999,8685.6943600,116,22159,3870.6198000,0
2026-01-03 08:17:00,0.17473,0.17484,0.17464,0.17484,21605.0,1767428279999,3775.3258300,102,12852,2246.2390000,0
2026-01-03 08:18:00,0.17482,0.17503,0.17482,0.17498,27919.0,1767428339999,4884.4621800,131,16013,2801.3309100,0
2026-01-03 08:19:00,0.17497,0.17524,0.17489,0.17514,71959.0,1767428399999,12594.4630800,240,56947,9968.0540400,0
2026-01-03 08:20:00,0.17515,0.17516,0.17449,0.17465,34734.0,1767428459999,6070.0272100,204,13326,2327.5193200,0
2026-01-03 08:21:00,0.17465,0.17524,0.17463,0.17495,37533.0,1767428519999,6568.5160500,218,26523,4641.2902700,0
2026-01-03 08:22:00,0.17494,0.17494,0.17458,0.17458,28363.0,1767428579999,4955.2865700,169,11286,1971.4251300,0
2026-01-03 08:23:00,0.17456,0.17485,0.1745,0.17485,35109.0,1767428639999,6132.2530300,145,27270,4763.4089200,0
2026-01-03 08:24:00,0.17486,0.17507,0.17479,0.17501,56702.0,1767428699999,9915.7684800,132,46704,8167.2233200,0
2026-01-03 08:25:00,0.17502,0.17525,0.17501,0.17525,18020.0,1767428759999,3155.8403200,119,13795,2416.0076200,0
2026-01-03 08:26:00,0.17525,0.1756,0.17512,0.17537,112521.0,1767428819999,19733.5168500,269,34129,5984.1322300,0
2026-01-03 08:27:00,0.17537,0.17613,0.17532,0.17609,134018.0,1767428879999,23559.3520700,452,87808,15437.5789900,0
2026-01-03 08:28:00,0.17608,0.17608,0.17568,0.17569,85710.0,1767428939999,15074.5277900,354,52907,9306.6077900,0
2026-01-03 08:29:00,0.17567,0.17614,0.17559,0.17614,38579.0,1767428999999,6781.8788200,166,31465,5532.4080700,0
2026-01-03 08:30:00,0.17611,0.17611,0.17559,0.17567,43653.0,1767429059999,7670.6258900,225,16907,2970.3514400,0
2026-01-03 08:31:00,0.17563,0.17592,0.1756,0.1756,55675.0,1767429119999,9783.8985000,249,18370,3228.8308300,0
2026-01-03 08:32:00,0.1756,0.17583,0.17553,0.17572,40861.0,1767429179999,7178.6035700,192,29157,5122.9402300,0
2026-01-03 08:33:00,0.17572,0.17621,0.17536,0.1761,150916.0,1767429239999,26504.0845100,642,43835,7700.9222600,0
2026-01-03 08:34:00,0.1761,0.17636,0.17583,0.17617,127936.0,1767429299999,22538.8338400,341,93161,16418.2267700,0
2026-01-03 08:35:00,0.17615,0.17618,0.17567,0.17577,59214.0,1767429359999,10418.5284200,282,38139,6710.2851900,0
2026-01-03 08:36:00,0.17574,0.17591,0.17552,0.17582,76693.0,1767429419999,13473.6087900,267,31692,5570.5390100,0
2026-01-03 08:37:00,0.1758,0.1759,0.17563,0.17563,65168.0,1767429479999,11455.2176600,251,38680,6800.8196000,0
2026-01-03 08:38:00,0.17564,0.17578,0.1756,0.17568,19074.0,1767429539999,3350.5629500,119,9663,1697.4178100,0
2026-01-03 08:39:00,0.17569,0.17585,0.17562,0.17568,25487.0,1767429599999,4478.5361600,131,18905,3322.2882800,0
2026-01-03 08:40:00,0.17567,0.17615,0.17564,0.17594,68853.0,1767429659999,12107.7985800,318,53376,9385.6729800,0
2026-01-03 08:41:00,0.17594,0.17604,0.1755,0.17561,187519.0,1767429719999,32963.7950700,602,89861,15803.1022500,0
2026-01-03 08:42:00,0.17561,0.17572,0.17546,0.17571,34125.0,1767429779999,5991.6763300,263,19147,3361.9092900,0
2026-01-03 08:43:00,0.17571,0.17572,0.17541,0.17556,43711.0,1767429839999,7674.3530000,258,14807,2599.0972900,0
2026-01-03 08:44:00,0.17556,0.17568,0.17547,0.17547,40376.0,1767429899999,7089.6092600,129,28244,4959.7732900,0
2026-01-03 08:45:00,0.17546,0.17572,0.17534,0.17566,50881.0,1767429959999,8933.5585400,306,33927,5957.2667600,0
2026-01-03 08:46:00,0.17562,0.17566,0.17544,0.17549,12631.0,1767430019999,2216.7747100,123,3358,589.2210500,0
2026-01-03 08:47:00,0.17548,0.17554,0.17532,0.17538,33158.0,1767430079999,5816.5862800,177,7818,1371.8752700,0
2026-01-03 08:48:00,0.17538,0.17544,0.17492,0.17517,94682.0,1767430139999,16578.8260900,391,13596,2382.5500600,0
2026-01-03 08:49:00,0.17516,0.17519,0.17481,0.17483,60359.0,1767430199999,10563.9576900,296,15047,2632.5389800,0
2026-01-03 08:50:00,0.17483,0.17535,0.17482,0.17524,35816.0,1767430259999,6274.4402100,197,26697,4676.6352200,0
2026-01-03 08:51:00,0.17524,0.17552,0.17522,0.17539,38907.0,1767430319999,6824.2935400,219,12259,2149.7471500,0
2026-01-03 08:52:00,0.17538,0.17554,0.1753,0.17537,44879.0,1767430379999,7872.0713700,258,19320,3389.7207400,0
2026-01-03 08:53:00,0.17537,0.1757,0.17536,0.1757,20744.0,1767430439999,3640.3856200,173,11681,2050.1911400,0
2026-01-03 08:54:00,0.1757,0.17588,0.17563,0.17572,79513.0,1767430499999,13975.2234100,198,71643,12592.4808300,0
2026-01-03 08:55:00,0.17572,0.17572,0.17557,0.17559,7028.0,1767430559999,1234.2419800,126,3903,685.4151900,0
2026-01-03 08:56:00,0.17558,0.17559,0.17539,0.17539,21703.0,1767430619999,3808.1467600,149,4652,816.2051600,0
2026-01-03 08:57:00,0.17538,0.17538,0.17504,0.17522,30979.0,1767430679999,5426.2272600,177,7526,1318.3594500,0
2026-01-03 08:58:00,0.17521,0.17523,0.17485,0.17504,30595.0,1767430739999,5353.3442800,246,10402,1820.2811700,0
2026-01-03 08:59:00,0.17504,0.17505,0.17494,0.17494,29806.0,1767430799999,5215.4491400,111,9159,1602.7344500,0
2026-01-03 09:00:00,0.17494,0.17499,0.17476,0.17498,29355.0,1767430859999,5133.8106800,129,23501,4110.1481100,0
2026-01-03 09:01:00,0.17498,0.17523,0.1749,0.17508,47630.0,1767430919999,8335.6532400,217,33811,5917.0648900,0
2026-01-03 09:02:00,0.17506,0.17517,0.17491,0.17517,32723.0,1767430979999,5729.2420800,169,26028,4557.1804700,0
2026-01-03 09:03:00,0.17517,0.17523,0.17488,0.17494,44864.0,1767431039999,7851.3239300,130,6236,1091.1015200,0
2026-01-03 09:04:00,0.17495,0.1752,0.17489,0.17517,21505.0,1767431099999,3764.7125300,106,8726,1528.1842800,0
2026-01-03 09:05:00,0.17516,0.17518,0.17499,0.17499,84899.0,1767431159999,14865.9274200,127,5421,949.2790600,0
2026-01-03 09:06:00,0.17499,0.17499,0.1748,0.17488,51137.0,1767431219999,8943.2253200,149,12893,2255.2939600,0
2026-01-03 09:07:00,0.17488,0.17522,0.17485,0.17517,18685.0,1767431279999,3270.8281700,130,14975,2621.5881700,0
2026-01-03 09:08:00,0.17516,0.17516,0.1751,0.1751,11329.0,1767431339999,1983.8685800,25,2095,366.8921600,0
2026-01-03 09:09:00,0.17509,0.17526,0.17509,0.17525,17129.0,1767431399999,3001.4079400,42,16604,2909.4336900,0
2026-01-03 09:10:00,0.17524,0.17545,0.1752,0.17539,63618.0,1767431459999,11156.9611300,159,57056,10006.4491200,0
2026-01-03 09:11:00,0.1754,0.17545,0.17538,0.17543,10979.0,1767431519999,1925.9033200,50,6843,1200.4082900,0
2026-01-03 09:12:00,0.17543,0.17543,0.17499,0.17515,39708.0,1767431579999,6955.2315600,178,11843,2073.6701200,0
2026-01-03 09:13:00,0.17514,0.17514,0.17496,0.175,11739.0,1767431639999,2054.6196100,69,3878,678.6170300,0
2026-01-03 09:14:00,0.17499,0.17518,0.1749,0.17502,81005.0,1767431699999,14178.7120400,193,45670,7996.5791000,0
2026-01-03 09:15:00,0.17502,0.17502,0.1745,0.17465,72056.0,1767431759999,12585.7213700,240,18935,3308.1475500,0
2026-01-03 09:16:00,0.17462,0.17472,0.17452,0.17454,40593.0,1767431819999,7086.6752500,172,20533,3584.6142500,0
2026-01-03 09:17:00,0.17453,0.17465,0.17438,0.17449,150806.0,1767431879999,26316.2023300,287,46608,8135.9510000,0
2026-01-03 09:18:00,0.17449,0.17457,0.17447,0.17457,13827.0,1767431939999,2413.0058400,71,8676,1514.2398400,0
2026-01-03 09:19:00,0.17457,0.17474,0.17445,0.17474,31432.0,1767431999999,5486.9536000,158,12287,2145.8365800,0
2026-01-03 09:20:00,0.17467,0.17468,0.17422,0.17434,64511.0,1767432059999,11249.9932800,260,33229,5793.8993800,0
2026-01-03 09:21:00,0.17432,0.17449,0.17407,0.17441,87411.0,1767432119999,15231.4635400,302,31704,5526.2489700,0
2026-01-03 09:22:00,0.17442,0.17468,0.17442,0.17465,24917.0,1767432179999,4350.6993000,115,10321,1802.1224300,0
2026-01-03 09:23:00,0.17461,0.17472,0.17451,0.17451,31876.0,1767432239999,5566.7979800,121,23029,4022.4706200,0
2026-01-03 09:24:00,0.17456,0.17457,0.17445,0.17456,16916.0,1767432299999,2952.0236600,66,9879,1724.1295600,0
2026-01-03 09:25:00,0.17456,0.17473,0.17456,0.1747,19022.0,1767432359999,3322.4868200,79,11470,2003.2325700,0
2026-01-03 09:26:00,0.1747,0.17477,0.17457,0.1746,50719.0,1767432419999,8859.0950600,176,23866,4169.5688700,0
2026-01-03 09:27:00,0.17466,0.17492,0.17464,0.17492,14121.0,1767432479999,2468.0464100,82,13937,2435.9059600,0
2026-01-03 09:28:00,0.17492,0.1753,0.17492,0.17523,72940.0,1767432539999,12774.1561800,233,49951,8747.8650400,0
2026-01-03 09:29:00,0.17524,0.1754,0.17522,0.17534,80290.0,1767432599999,14075.3156500,152,40084,7028.4452600,0
2026-01-03 09:30:00,0.17534,0.17568,0.17514,0.17568,33975.0,1767432659999,5959.5216800,181,24681,4330.7008500,0
2026-01-03 09:31:00,0.17568,0.17587,0.17554,0.17582,61504.0,1767432719999,10806.5752300,262,28688,5041.0362100,0
2026-01-03 09:32:00,0.17582,0.1762,0.17576,0.176,38699.0,1767432779999,6813.0589100,217,32083,5648.9973600,0
2026-01-03 09:33:00,0.176,0.17625,0.17584,0.17614,88076.0,1767432839999,15505.4928200,301,63382,11159.7478000,0
2026-01-03 09:34:00,0.17613,0.17627,0.1761,0.17627,14459.0,1767432899999,2547.9110600,85,9643,1699.3064700,0
2026-01-03 09:35:00,0.17627,0.17627,0.17581,0.17599,26649.0,1767432959999,4689.7261700,171,9124,1605.0557300,0
2026-01-03 09:36:00,0.17597,0.17614,0.17582,0.1761,36791.0,1767433019999,6475.5155000,213,27315,4807.8214900,0
2026-01-03 09:37:00,0.17608,0.17646,0.17598,0.17635,28001.0,1767433079999,4935.6884700,175,15177,2675.5011200,0
2026-01-03 09:38:00,0.17634,0.17634,0.17592,0.17614,58539.0,1767433139999,10305.6173300,192,17754,3125.5771500,0
2026-01-03 09:39:00,0.17615,0.17615,0.17588,0.17597,86785.0,1767433199999,15270.3538500,161,8584,1510.9562700,0
2026-01-03 09:40:00,0.176,0.17612,0.17587,0.17587,15871.0,1767433259999,2793.4920400,109,11238,1978.1352100,0
2026-01-03 09:41:00,0.17586,0.17596,0.1757,0.17596,36926.0,1767433319999,6490.8793300,172,19629,3450.8154100,0
2026-01-03 09:42:00,0.17597,0.17625,0.17597,0.17624,5678.0,1767433379999,999.8895600,72,4986,878.0511700,0
2026-01-03 09:43:00,0.17625,0.17635,0.17619,0.17622,48310.0,1767433439999,8515.3761000,101,31086,5479.9474500,0
2026-01-03 09:44:00,0.17622,0.17661,0.17622,0.1766,104401.0,1767433499999,18427.1520600,232,46220,8158.6552400,0
2026-01-03 09:45:00,0.1766,0.17668,0.17637,0.17668,49995.0,1767433559999,8823.1239400,172,31128,5493.5990300,0
2026-01-03 09:46:00,0.17667,0.17674,0.17657,0.17657,17755.0,1767433619999,3136.1964000,115,8777,1550.4812200,0
2026-01-03 09:47:00,0.17656,0.17664,0.17631,0.1765,40520.0,1767433679999,7150.5871300,194,20655,3645.5903200,0
2026-01-03 09:48:00,0.17651,0.17651,0.17631,0.17637,32570.0,1767433739999,5744.2805000,174,20908,3687.3772100,0
2026-01-03 09:49:00,0.17637,0.17637,0.17624,0.17631,17321.0,1767433799999,3053.9110500,101,11646,2053.2517300,0
2026-01-03 09:50:00,0.1763,0.17638,0.17628,0.17637,12651.0,1767433859999,2230.6261900,93,4252,749.7533600,0
2026-01-03 09:51:00,0.17636,0.17675,0.17631,0.17672,20030.0,1767433919999,3535.3191200,154,15033,2653.2740000,0
2026-01-03 09:52:00,0.17671,0.17692,0.17665,0.17665,30596.0,1767433979999,5408.4090900,141,10773,1904.9514000,0
2026-01-03 09:53:00,0.17666,0.17674,0.17641,0.17641,34484.0,1767434039999,6089.3710200,152,16652,2941.6903200,0
2026-01-03 09:54:00,0.17649,0.1766,0.17639,0.17654,30946.0,1767434099999,5461.6440400,165,23294,4111.4119700,0
2026-01-03 09:55:00,0.17654,0.1767,0.1765,0.17656,28209.0,1767434159999,4982.6961400,117,21690,3831.5138300,0
2026-01-03 09:56:00,0.17656,0.1767,0.17649,0.17649,28178.0,1767434219999,4975.7240100,108,14013,2475.2798700,0
2026-01-03 09:57:00,0.17648,0.17648,0.17626,0.17632,15999.0,1767434279999,2820.8267200,89,8607,1517.2750500,0
2026-01-03 09:58:00,0.1763,0.17644,0.17625,0.1763,23573.0,1767434339999,4156.3699900,99,8196,1445.2714600,0
2026-01-03 09:59:00,0.17625,0.17638,0.17616,0.17635,51305.0,1767434399999,9043.6741100,146,37250,6567.1755800,0
2026-01-03 10:00:00,0.17633,0.17633,0.17606,0.17618,28743.0,1767434459999,5063.2457000,92,6493,1143.3139600,0
2026-01-03 10:01:00,0.17618,0.1764,0.17616,0.17617,21286.0,1767434519999,3752.2175000,115,6500,1145.9297000,0
2026-01-03 10:02:00,0.17616,0.17637,0.17603,0.17606,37685.0,1767434579999,6641.1378900,196,15766,2777.7737900,0
2026-01-03 10:03:00,0.17607,0.17623,0.17604,0.17607,12073.0,1767434639999,2126.0327600,99,8320,1465.0159600,0
2026-01-03 10:04:00,0.17607,0.17635,0.17605,0.17631,22861.0,1767434699999,4029.4410900,102,9898,1743.8711100,0
2026-01-03 10:05:00,0.17632,0.1764,0.17589,0.1759,47634.0,1767434759999,8390.9365800,167,19624,3459.8642700,0
2026-01-03 10:06:00,0.1759,0.17591,0.17568,0.1757,32759.0,1767434819999,5759.5906900,142,13613,2393.5609900,0
2026-01-03 10:07:00,0.1757,0.17573,0.17564,0.1757,12392.0,1767434879999,2177.0709100,72,5113,898.2519500,0
2026-01-03 10:08:00,0.17569,0.17597,0.17569,0.17597,56453.0,1767434939999,9928.8237700,161,38848,6832.6705400,0
2026-01-03 10:09:00,0.17597,0.1761,0.17583,0.17604,33139.0,1767434999999,5832.3182100,156,12377,2178.6661000,0
2026-01-03 10:10:00,0.17603,0.17608,0.17594,0.17594,12527.0,1767435059999,2205.3191300,68,11188,1969.6387800,0
2026-01-03 10:11:00,0.17594,0.17612,0.17586,0.17612,16214.0,1767435119999,2853.3231900,115,10310,1814.7706100,0
2026-01-03 10:12:00,0.17613,0.17619,0.17564,0.17583,163725.0,1767435179999,28803.6932200,374,34000,5981.9909500,0
2026-01-03 10:13:00,0.17584,0.17587,0.17576,0.17581,15222.0,1767435239999,2675.8962500,70,2134,375.2039000,0
2026-01-03 10:14:00,0.1758,0.1758,0.17564,0.1757,17929.0,1767435299999,3150.0824100,87,8496,1492.7227300,0
2026-01-03 10:15:00,0.17571,0.1761,0.1757,0.17607,29046.0,1767435359999,5108.0604100,166,15075,2652.0554600,0
2026-01-03 10:16:00,0.17607,0.17613,0.17607,0.17609,7834.0,1767435419999,1379.5108400,61,3751,660.5566000,0
2026-01-03 10:17:00,0.17608,0.17624,0.17581,0.17582,69772.0,1767435479999,12281.4209600,237,28853,5080.0770900,0
2026-01-03 10:18:00,0.17581,0.17597,0.17571,0.17571,17370.0,1767435539999,3055.0658500,98,5378,945.7753000,0
2026-01-03 10:19:00,0.17571,0.17574,0.17562,0.17572,15898.0,1767435599999,2792.8292700,74,3593,631.2869800,0
2026-01-03 10:20:00,0.17571,0.17598,0.17567,0.17598,18482.0,1767435659999,3248.6418100,112,10605,1864.5454500,0
2026-01-03 10:21:00,0.17598,0.1762,0.17595,0.17605,243835.0,1767435719999,42926.7671100,259,139450,24556.4745900,0
2026-01-03 10:22:00,0.17606,0.1762,0.17596,0.176,51597.0,1767435779999,9085.0320700,116,24942,4391.5251000,0
2026-01-03 10:23:00,0.17599,0.176,0.17569,0.17583,56851.0,1767435839999,9991.9596000,130,17671,3106.2208500,0
2026-01-03 10:24:00,0.17582,0.17582,0.17562,0.17571,18541.0,1767435899999,3257.5940600,127,5906,1037.7423800,0
2026-01-03 10:25:00,0.17572,0.17587,0.1757,0.17584,13368.0,1767435959999,2349.9455600,82,11746,2064.8534600,0
2026-01-03 10:26:00,0.17584,0.17597,0.17579,0.17597,13718.0,1767436019999,2412.5004500,73,11002,1934.9248900,0
2026-01-03 10:27:00,0.17597,0.17608,0.17596,0.17602,13162.0,1767436079999,2316.9385100,62,11095,1953.0613100,0
2026-01-03 10:28:00,0.176,0.17606,0.17588,0.1759,7920.0,1767436139999,1393.6608700,128,3150,554.4379700,0
2026-01-03 10:29:00,0.17588,0.1761,0.17572,0.1761,30169.0,1767436199999,5304.6211100,157,19815,3484.4418600,0
2026-01-03 10:30:00,0.17609,0.1763,0.17606,0.1763,13380.0,1767436259999,2357.6510600,71,11598,2043.7843600,0
2026-01-03 10:31:00,0.17627,0.17627,0.17596,0.17596,34225.0,1767436319999,6028.3519000,134,2533,446.3584200,0
2026-01-03 10:32:00,0.17596,0.17598,0.17584,0.17594,17665.0,1767436379999,3107.5358600,106,11321,1991.7665400,0
2026-01-03 10:33:00,0.17595,0.17599,0.17595,0.17598,1925.0,1767436439999,338.7506900,22,1693,297.9281000,0
2026-01-03 10:34:00,0.17597,0.17601,0.17586,0.17601,22250.0,1767436499999,3914.9497600,82,14399,2533.7864500,0
2026-01-03 10:35:00,0.17601,0.17606,0.17598,0.17601,36625.0,1767436559999,6446.6914900,53,2031,357.5174900,0
2026-01-03 10:36:00,0.17604,0.17641,0.17604,0.17635,46730.0,1767436619999,8235.8342200,165,23635,4164.0652800,0
2026-01-03 10:37:00,0.17635,0.17654,0.17635,0.17651,28552.0,1767436679999,5037.7996100,111,9159,1615.9649600,0
2026-01-03 10:38:00,0.17651,0.17678,0.17649,0.17665,33945.0,1767436739999,5996.8182300,174,13345,2357.7396300,0
2026-01-03 10:39:00,0.17665,0.17674,0.1765,0.17652,24754.0,1767436799999,4372.4458500,108,13135,2320.5334700,0
2026-01-03 10:40:00,0.1765,0.17657,0.17641,0.17641,18532.0,1767436859999,3270.9517900,106,7323,1292.5482500,0
2026-01-03 10:41:00,0.17641,0.17669,0.1764,0.17669,27995.0,1767436919999,4941.7338200,140,25640,4526.0375700,0
2026-01-03 10:42:00,0.1767,0.17686,0.17658,0.17659,36415.0,1767436979999,6436.4696900,147,23283,4115.7732600,0
2026-01-03 10:43:00,0.17658,0.17658,0.17645,0.17653,13702.0,1767437039999,2418.4325800,90,6562,1158.3673900,0
2026-01-03 10:44:00,0.17652,0.17665,0.17646,0.17652,33927.0,1767437099999,5991.0517400,94,28800,5085.9031800,0
2026-01-03 10:45:00,0.1765,0.1765,0.1763,0.17643,13590.0,1767437159999,2397.0035700,97,8444,1489.4810200,0
2026-01-03 10:46:00,0.17641,0.17644,0.17627,0.17628,6008.0,1767437219999,1059.6008800,51,1780,313.9709400,0
2026-01-03 10:47:00,0.17626,0.17626,0.1759,0.176,62777.0,1767437279999,11050.4641800,158,10589,1864.6627200,0
2026-01-03 10:48:00,0.17599,0.17605,0.17585,0.176,34436.0,1767437339999,6058.1751000,151,22723,3997.9584100,0
2026-01-03 10:49:00,0.17598,0.17617,0.17598,0.1761,12617.0,1767437399999,2221.8017500,73,10803,1902.3792200,0
2026-01-03 10:50:00,0.17611,0.17623,0.17611,0.17612,8163.0,1767437459999,1438.1685100,57,5204,916.8859300,0
2026-01-03 10:51:00,0.17612,0.17645,0.17612,0.17645,30509.0,1767437519999,5379.3020500,81,26360,4648.5798800,0
2026-01-03 10:52:00,0.17645,0.1766,0.17642,0.17652,23867.0,1767437579999,4212.4228300,152,5297,935.2614600,0
2026-01-03 10:53:00,0.17651,0.17651,0.17627,0.17641,19738.0,1767437639999,3481.2998100,127,8913,1572.0060400,0
2026-01-03 10:54:00,0.17636,0.17637,0.17613,0.17615,32225.0,1767437699999,5677.4145500,117,9092,1601.7911600,0
2026-01-03 10:55:00,0.17614,0.17618,0.17598,0.17609,15570.0,1767437759999,2741.7134000,91,5446,958.9014300,0
2026-01-03 10:56:00,0.17605,0.17628,0.17604,0.17628,21879.0,1767437819999,3855.1131800,113,17481,3080.3019200,0
2026-01-03 10:57:00,0.17628,0.17638,0.17628,0.17635,5128.0,1767437879999,904.2665800,38,2169,382.5043000,0
2026-01-03 10:58:00,0.17634,0.1764,0.17614,0.17635,100216.0,1767437939999,17666.9298700,204,37869,6675.6570600,0
2026-01-03 10:59:00,0.17634,0.17634,0.17606,0.17617,11567.0,1767437999999,2037.7607600,72,5030,886.0142700,0
2026-01-03 11:00:00,0.17616,0.17626,0.17611,0.17619,14241.0,1767438059999,2508.3455900,64,3416,601.8334100,0
2026-01-03 11:01:00,0.17619,0.17619,0.17583,0.17583,58492.0,1767438119999,10291.6469700,147,23406,4116.8409500,0
2026-01-03 11:02:00,0.17584,0.17606,0.17581,0.17591,93134.0,1767438179999,16386.0265100,221,63054,11096.1890000,0
2026-01-03 11:03:00,0.17592,0.17615,0.17592,0.1761,14975.0,1767438239999,2636.5791300,91,12507,2202.0902700,0
2026-01-03 11:04:00,0.17609,0.17614,0.17603,0.17611,7134.0,1767438299999,1256.2252700,50,5618,989.3425300,0
2026-01-03 11:05:00,0.17611,0.17611,0.1758,0.17581,14421.0,1767438359999,2537.2184100,81,770,135.4039000,0
2026-01-03 11:06:00,0.17581,0.17586,0.17571,0.17577,24232.0,1767438419999,4259.3547100,73,8229,1446.3656300,0
2026-01-03 11:07:00,0.17576,0.17582,0.17575,0.17582,7451.0,1767438479999,1309.6698200,41,3988,701.0297800,0
2026-01-03 11:08:00,0.17578,0.17625,0.1757,0.17625,29175.0,1767438539999,5132.7428800,152,22252,3914.0823700,0
2026-01-03 11:09:00,0.17626,0.17627,0.17603,0.17609,21063.0,1767438599999,3710.6160400,85,6903,1215.7054500,0
2026-01-03 11:10:00,0.17609,0.17615,0.17606,0.17607,9671.0,1767438659999,1703.2119200,51,7834,1379.7500200,0
2026-01-03 11:11:00,0.17606,0.17634,0.17597,0.17627,45243.0,1767438719999,7970.0953400,162,32239,5680.7072000,0
2026-01-03 11:12:00,0.17626,0.1764,0.17625,0.17629,19130.0,1767438779999,3373.3469600,97,15770,2780.9458600,0
2026-01-03 11:13:00,0.17628,0.1764,0.17626,0.17627,14824.0,1767438839999,2614.0045600,84,7950,1401.8590000,0
2026-01-03 11:14:00,0.17628,0.17641,0.17628,0.17632,25337.0,1767438899999,4468.6524900,111,11809,2082.7621900,0
2026-01-03 11:15:00,0.17632,0.17646,0.17629,0.17643,18671.0,1767438959999,3292.8654300,96,11361,2003.7692000,0
2026-01-03 11:16:00,0.17644,0.17654,0.17644,0.1765,15490.0,1767439019999,2733.7793300,76,2063,364.1216200,0
2026-01-03 11:17:00,0.1765,0.1768,0.1765,0.1768,20046.0,1767439079999,3541.7739700,96,18201,3215.9175300,0
2026-01-03 11:18:00,0.1768,0.17705,0.17672,0.17695,48339.0,1767439139999,8550.6459500,202,29309,5185.2110200,0
2026-01-03 11:19:00,0.17695,0.17699,0.17664,0.17664,52201.0,1767439199999,9232.2871900,217,33458,5918.5718700,0
2026-01-03 11:20:00,0.17663,0.17669,0.17662,0.17669,2214.0,1767439259999,391.0795100,35,2026,357.8743800,0
2026-01-03 11:21:00,0.1767,0.17709,0.1767,0.17696,41041.0,1767439319999,7261.4157300,170,29700,5254.1168800,0
2026-01-03 11:22:00,0.17698,0.17719,0.17698,0.17704,59748.0,1767439379999,10583.1071800,132,47967,8497.2504200,0
2026-01-03 11:23:00,0.17705,0.17721,0.17705,0.17716,36643.0,1767439439999,6491.3358700,141,14501,2568.7897900,0
2026-01-03 11:24:00,0.17716,0.17716,0.17694,0.17706,13114.0,1767439499999,2321.5062900,87,2874,508.7421500,0
2026-01-03 11:25:00,0.17706,0.1772,0.17691,0.1772,12704.0,1767439559999,2250.0010000,110,10255,1816.4982200,0
2026-01-03 11:26:00,0.17719,0.17724,0.17705,0.17723,22620.0,1767439619999,4006.6546600,102,10286,1822.4550800,0
2026-01-03 11:27:00,0.17723,0.17761,0.17701,0.17702,134581.0,1767439679999,23853.8755100,301,38737,6867.8235900,0
2026-01-03 11:28:00,0.17701,0.17708,0.17693,0.17705,50232.0,1767439739999,8892.2355700,156,32324,5722.0477200,0
2026-01-03 11:29:00,0.17705,0.17732,0.17705,0.17722,20826.0,1767439799999,3690.6735100,117,9355,1657.8199700,0
2026-01-03 11:30:00,0.17721,0.17721,0.17708,0.17712,13781.0,1767439859999,2441.2690600,66,2712,480.2865300,0
2026-01-03 11:31:00,0.17707,0.17743,0.17703,0.17703,54872.0,1767439919999,9725.5526800,258,24971,4424.9492300,0
2026-01-03 11:32:00,0.17703,0.17712,0.17683,0.17712,49466.0,1767439979999,8752.0473900,151,13481,2385.9019600,0
2026-01-03 11:33:00,0.17712,0.17736,0.17712,0.1772,35818.0,1767440039999,6348.3310700,153,12585,2230.2910800,0
2026-01-03 11:34:00,0.17722,0.17739,0.17722,0.17723,17020.0,1767440099999,3017.9762500,95,5640,999.9510200,0
2026-01-03 11:35:00,0.17722,0.17737,0.1772,0.17731,22710.0,1767440159999,4026.7234500,70,6154,1091.0375900,0
2026-01-03 11:36:00,0.17731,0.17747,0.17731,0.17735,46275.0,1767440219999,8209.1695000,109,11547,2048.4272300,0
2026-01-03 11:37:00,0.17734,0.1775,0.17734,0.17736,21068.0,1767440279999,3738.5376700,121,4616,819.0319600,0
2026-01-03 11:38:00,0.17735,0.17735,0.17691,0.17691,40910.0,1767440339999,7243.3083800,136,4124,730.8270300,0
2026-01-03 11:39:00,0.1769,0.17694,0.1769,0.17692,4503.0,1767440399999,796.6876200,26,3366,595.5278800,0
2026-01-03 11:40:00,0.17691,0.17705,0.1769,0.17696,33708.0,1767440459999,5964.9680000,85,22165,3922.1276100,0
2026-01-03 11:41:00,0.17697,0.17722,0.17697,0.17722,12209.0,1767440519999,2162.6073700,72,12059,2136.0367300,0
2026-01-03 11:42:00,0.17722,0.17724,0.17705,0.17705,44579.0,1767440579999,7896.1046100,91,7198,1275.2334300,0
2026-01-03 11:43:00,0.17704,0.1771,0.17697,0.17707,21666.0,1767440639999,3835.9481400,106,21189,3751.5146500,0
2026-01-03 11:44:00,0.17707,0.17709,0.17706,0.17709,1745.0,1767440699999,308.9935800,20,1390,246.1372800,0
2026-01-03 11:45:00,0.17709,0.17726,0.17696,0.17701,59085.0,1767440759999,10463.4711600,170,16228,2875.1524200,0
2026-01-03 11:46:00,0.17702,0.17757,0.17702,0.17757,39265.0,1767440819999,6965.0012800,195,13284,2356.0944500,0
2026-01-03 11:47:00,0.17758,0.17762,0.1774,0.17753,22901.0,1767440879999,4065.7317800,139,8727,1549.3985100,0
2026-01-03 11:48:00,0.17753,0.17754,0.17739,0.17739,11299.0,1767440939999,2005.5870000,46,1500,266.1974500,0
2026-01-03 11:49:00,0.17739,0.17775,0.17739,0.17774,38122.0,1767440999999,6770.4722500,167,27320,4851.6630800,0
2026-01-03 11:50:00,0.17773,0.17777,0.17744,0.17744,25139.0,1767441059999,4466.5429600,108,10835,1925.2087500,0
2026-01-03 11:51:00,0.17743,0.17753,0.17729,0.17744,27256.0,1767441119999,4835.4339200,149,13571,2407.7519800,0
2026-01-03 11:52:00,0.17743,0.17746,0.17728,0.1773,17447.0,1767441179999,3095.0853000,62,4829,856.8486700,0
2026-01-03 11:53:00,0.17729,0.17753,0.1772,0.17745,34196.0,1767441239999,6062.9819200,152,6948,1232.4257700,0
2026-01-03 11:54:00,0.17751,0.17752,0.17729,0.17729,10503.0,1767441299999,1862.8855900,50,726,128.7599000,0
2026-01-03 11:55:00,0.17728,0.17743,0.17728,0.17728,31946.0,1767441359999,5664.5201100,114,18478,3276.7396400,0
2026-01-03 11:56:00,0.17728,0.17756,0.17727,0.17748,26928.0,1767441419999,4778.2887400,113,23351,4143.7019200,0
2026-01-03 11:57:00,0.17747,0.17772,0.17735,0.17755,84583.0,1767441479999,15014.4662700,290,66637,11829.1199300,0
2026-01-03 11:58:00,0.17754,0.1778,0.17744,0.1778,33059.0,1767441539999,5870.8220500,125,20785,3692.1287200,0
2026-01-03 11:59:00,0.17781,0.17782,0.17759,0.17759,35500.0,1767441599999,6309.7012600,162,21967,3904.9568700,0
2026-01-03 12:00:00,0.17759,0.1778,0.17756,0.1778,25435.0,1767441659999,4518.4576500,110,17417,3093.9747600,0
2026-01-03 12:01:00,0.1778,0.17797,0.1776,0.17797,64998.0,1767441719999,11550.9845600,193,20817,3700.7239300,0
2026-01-03 12:02:00,0.17796,0.17804,0.17789,0.17797,63492.0,1767441779999,11301.1374300,207,41150,7324.7813100,0
2026-01-03 12:03:00,0.17803,0.17809,0.1777,0.17783,41381.0,1767441839999,7362.6603000,192,12679,2255.4661400,0
2026-01-03 12:04:00,0.17782,0.17791,0.17775,0.17775,12224.0,1767441899999,2174.0550600,85,6705,1192.5590600,0
2026-01-03 12:05:00,0.17774,0.17774,0.17717,0.17737,64348.0,1767441959999,11415.4873700,233,24796,4397.7405600,0
2026-01-03 12:06:00,0.17735,0.17735,0.17719,0.17719,14969.0,1767442019999,2653.1530700,81,2071,367.1649300,0
2026-01-03 12:07:00,0.17718,0.17727,0.177,0.17704,126260.0,1767442079999,22364.7819200,281,84163,14909.9531400,0
2026-01-03 12:08:00,0.1771,0.1772,0.17706,0.17709,37256.0,1767442139999,6598.3901800,100,8374,1483.2815800,0
2026-01-03 12:09:00,0.1771,0.1771,0.1769,0.177,28254.0,1767442199999,4999.9560000,120,11223,1986.3385200,0
2026-01-03 12:10:00,0.177,0.17713,0.17693,0.1771,7637.0,1767442259999,1351.6667200,67,2425,429.3253600,0
2026-01-03 12:11:00,0.17713,0.17745,0.17713,0.17738,17823.0,1767442319999,3160.5742700,122,10681,1893.7719600,0
2026-01-03 12:12:00,0.17736,0.17738,0.17735,0.17738,3250.0,1767442379999,576.4370100,28,1050,186.2339200,0
2026-01-03 12:13:00,0.17738,0.17746,0.17735,0.17746,4429.0,1767442439999,785.6230500,38,2749,487.6519600,0
2026-01-03 12:14:00,0.17746,0.17746,0.17744,0.17744,6416.0,1767442499999,1138.5181400,11,555,98.4842600,0
2026-01-03 12:15:00,0.17744,0.17768,0.17744,0.17752,41030.0,1767442559999,7284.7157200,167,18392,3265.5693000,0
2026-01-03 12:16:00,0.1775,0.17784,0.17748,0.17783,41635.0,1767442619999,7397.0160100,160,13988,2486.0377700,0
2026-01-03 12:17:00,0.17783,0.17797,0.17783,0.17797,7804.0,1767442679999,1388.2713600,57,6219,1106.3554300,0
2026-01-03 12:18:00,0.17796,0.17798,0.17791,0.17791,2381.0,1767442739999,423.6936400,35,611,108.7391300,0
2026-01-03 12:19:00,0.1779,0.1779,0.17777,0.17783,16625.0,1767442799999,2956.3408600,96,8811,1566.8422900,0
2026-01-03 12:20:00,0.17783,0.17784,0.17766,0.17766,20103.0,1767442859999,3573.0332300,93,4199,746.6617800,0
2026-01-03 12:21:00,0.17774,0.17782,0.17774,0.17778,6411.0,1767442919999,1139.8384900,41,4979,885.2382300,0
2026-01-03 12:22:00,0.17778,0.17779,0.17763,0.1777,9076.0,1767442979999,1612.6310500,62,2150,382.0308300,0
2026-01-03 12:23:00,0.17767,0.1778,0.17763,0.17779,7772.0,1767443039999,1381.0838800,54,4691,833.7327100,0
2026-01-03 12:24:00,0.1778,0.17805,0.1778,0.17805,13488.0,1767443099999,2399.3528200,81,12526,2228.1456800,0
2026-01-03 12:25:00,0.17804,0.17815,0.17797,0.17808,30449.0,1767443159999,5422.6183700,121,17881,3184.2567000,0
2026-01-03 12:26:00,0.17807,0.17857,0.17807,0.17851,103876.0,1767443219999,18524.7489900,323,83040,14808.7911700,0
2026-01-03 12:27:00,0.17848,0.17891,0.17848,0.17884,28306.0,1767443279999,5059.0674800,179,16904,3021.3366900,0
2026-01-03 12:28:00,0.17885,0.17886,0.17865,0.17869,45939.0,1767443339999,8211.0121100,127,21051,3762.3647000,0
2026-01-03 12:29:00,0.17867,0.17904,0.17863,0.17882,43623.0,1767443399999,7802.5058100,193,30240,5410.1732100,0
2026-01-03 12:30:00,0.17881,0.17893,0.17869,0.17876,54934.0,1767443459999,9822.1373300,197,38750,6929.4677500,0
2026-01-03 12:31:00,0.17878,0.17907,0.17872,0.179,47427.0,1767443519999,8486.1800700,173,29556,5288.5983300,0
2026-01-03 12:32:00,0.17899,0.17923,0.17899,0.17913,72302.0,1767443579999,12951.0385700,152,62383,11174.0734800,0
2026-01-03 12:33:00,0.17913,0.17937,0.17905,0.17923,91483.0,1767443639999,16394.1197700,221,23741,4253.8794900,0
2026-01-03 12:34:00,0.17922,0.17928,0.17903,0.17924,23095.0,1767443699999,4136.8852600,179,16614,2976.2543600,0
2026-01-03 12:35:00,0.17922,0.17946,0.17922,0.17946,55765.0,1767443759999,9999.0846300,117,20082,3601.4252900,0
2026-01-03 12:36:00,0.17945,0.17975,0.17931,0.17968,99781.0,1767443819999,17910.0362300,297,23402,4201.8087400,0
2026-01-03 12:37:00,0.17968,0.1803,0.17968,0.1803,71326.0,1767443879999,12844.9379000,228,42448,7644.1585800,0
2026-01-03 12:38:00,0.1803,0.18034,0.18001,0.18013,87396.0,1767443939999,15749.5464200,268,26198,4721.0804700,0
2026-01-03 12:39:00,0.18014,0.18089,0.18014,0.18083,122808.0,1767443999999,22195.9970200,373,65919,11910.7830500,0
2026-01-03 12:40:00,0.18083,0.18135,0.18058,0.18058,273241.0,1767444059999,49447.8985600,705,51692,9359.4583800,0
2026-01-03 12:41:00,0.18065,0.18088,0.18059,0.18064,55568.0,1767444119999,10040.3536800,209,24120,4358.3845700,0
2026-01-03 12:42:00,0.18063,0.18063,0.18012,0.18036,56513.0,1767444179999,10191.5215500,260,27238,4913.3778300,0
2026-01-03 12:43:00,0.1803,0.1805,0.18021,0.18027,36920.0,1767444239999,6657.5508000,237,9762,1760.4677300,0
2026-01-03 12:44:00,0.18026,0.18051,0.17994,0.18009,110162.0,1767444299999,19853.0582000,348,57021,10278.0205100,0
2026-01-03 12:45:00,0.18008,0.18009,0.17967,0.17983,107059.0,1767444359999,19248.9768600,381,29970,5389.9053400,0
2026-01-03 12:46:00,0.17983,0.18062,0.17965,0.18048,211927.0,1767444419999,38163.7012100,617,119049,21439.8595400,0
2026-01-03 12:47:00,0.18046,0.18098,0.18045,0.18095,75650.0,1767444479999,13678.0244200,276,47709,8624.9146000,0
2026-01-03 12:48:00,0.18097,0.18117,0.18057,0.18057,95621.0,1767444539999,17295.3394100,288,30301,5482.5587800,0
2026-01-03 12:49:00,0.18056,0.18077,0.18047,0.18077,35576.0,1767444599999,6425.2428400,140,24759,4472.8014000,0
2026-01-03 12:50:00,0.18075,0.18119,0.18073,0.18116,33209.0,1767444659999,6011.6990800,153,21038,3808.4342400,0
2026-01-03 12:51:00,0.18117,0.18169,0.18113,0.18144,182988.0,1767444719999,33218.4824900,423,83497,15158.2854300,0
2026-01-03 12:52:00,0.18144,0.18231,0.18134,0.1823,215596.0,1767444779999,39220.1685600,564,154121,28031.5861400,0
2026-01-03 12:53:00,0.1823,0.18262,0.182,0.18262,159143.0,1767444839999,29016.6179600,607,86968,15860.4288900,0
2026-01-03 12:54:00,0.18263,0.18288,0.18176,0.18176,201479.0,1767444899999,36744.0283000,710,33152,6048.5331400,0
2026-01-03 12:55:00,0.18182,0.18187,0.18151,0.18159,142853.0,1767444959999,25950.7830700,440,73183,13296.5166600,0
2026-01-03 12:56:00,0.18156,0.18156,0.18117,0.1812,129326.0,1767445019999,23443.0378000,318,23861,4326.7096400,0
2026-01-03 12:57:00,0.18121,0.18151,0.18121,0.18133,31872.0,1767445079999,5779.6502700,182,21038,3814.9074200,0
2026-01-03 12:58:00,0.18129,0.18131,0.18067,0.1808,119647.0,1767445139999,21644.7535800,439,39353,7122.3295000,0
2026-01-03 12:59:00,0.1808,0.18094,0.18023,0.18032,97703.0,1767445199999,17637.5004000,418,21952,3962.8469700,0
2026-01-03 13:00:00,0.18032,0.18051,0.18011,0.18021,104339.0,1767445259999,18815.8262100,448,43353,7819.9000900,0
2026-01-03 13:01:00,0.18024,0.18027,0.18013,0.18018,27093.0,1767445319999,4882.4258700,160,8112,1461.7616000,0
2026-01-03 13:02:00,0.1802,0.1805,0.1802,0.1804,32459.0,1767445379999,5856.5007100,267,25265,4558.3594900,0
2026-01-03 13:03:00,0.1804,0.18096,0.18039,0.18073,109795.0,1767445439999,19837.5494200,489,45733,8263.2659800,0
2026-01-03 13:04:00,0.18073,0.18082,0.1806,0.18079,24779.0,1767445499999,4477.8554100,216,14710,2658.6730700,0
2026-01-03 13:05:00,0.18078,0.18081,0.18013,0.18021,44739.0,1767445559999,8072.4566000,282,23295,4201.7226200,0
2026-01-03 13:06:00,0.18021,0.1804,0.18009,0.18016,47112.0,1767445619999,8490.0246200,236,12495,2251.7957800,0
2026-01-03 13:07:00,0.18016,0.18026,0.18011,0.18019,21727.0,1767445679999,3914.4689400,142,4633,834.8391100,0
2026-01-03 13:08:00,0.18019,0.18033,0.18012,0.18018,48738.0,1767445739999,8784.0733700,200,26190,4721.1947500,0
2026-01-03 13:09:00,0.18018,0.18022,0.17972,0.17994,187107.0,1767445799999,33658.1580500,270,32433,5835.1549800,0
2026-01-03 13:10:00,0.17993,0.18029,0.17991,0.18004,24375.0,1767445859999,4389.7086000,171,7075,1274.5722200,0
2026-01-03 13:11:00,0.18004,0.18024,0.18004,0.18016,36941.0,1767445919999,6653.4984500,181,25871,4659.1876900,0
2026-01-03 13:12:00,0.18017,0.18034,0.18012,0.18033,17342.0,1767445979999,3125.5647700,152,7216,1300.5573500,0
2026-01-03 13:13:00,0.18034,0.18086,0.18024,0.18062,87794.0,1767446039999,15852.8716300,367,36524,6593.5284400,0
2026-01-03 13:14:00,0.18062,0.18089,0.18049,0.18055,45978.0,1767446099999,8311.7423500,211,29008,5244.4721500,0
2026-01-03 13:15:00,0.18056,0.18063,0.18051,0.18059,32457.0,1767446159999,5861.2689700,133,23919,4319.7018400,0
2026-01-03 13:16:00,0.18059,0.18062,0.17992,0.17993,46259.0,1767446219999,8335.5198000,249,11530,2078.9893200,0
2026-01-03 13:17:00,0.17992,0.18016,0.17991,0.18002,60852.0,1767446279999,10952.4952400,219,44532,8014.7061800,0
2026-01-03 13:18:00,0.18002,0.18021,0.17985,0.18021,79748.0,1767446339999,14347.7797600,178,35956,6469.7419200,0
2026-01-03 13:19:00,0.18021,0.1803,0.18021,0.18028,10372.0,1767446399999,1869.6832100,119,4306,776.2257800,0
2026-01-03 13:20:00,0.18028,0.18058,0.18008,0.18025,162558.0,1767446459999,29312.8506600,431,85568,15427.4549900,0
2026-01-03 13:21:00,0.18024,0.18034,0.18021,0.18025,15323.0,1767446519999,2762.1793600,133,3448,621.6169400,0
2026-01-03 13:22:00,0.18025,0.18062,0.18025,0.18062,14870.0,1767446579999,2682.7583900,144,12116,2185.8035700,0
2026-01-03 13:23:00,0.18062,0.18078,0.18062,0.18078,2901.0,1767446639999,524.2854900,50,2357,425.9466100,0
