timestamp,symbol,market,open,high,low,close,volume,quote_volume,trades,taker_buy_volume,taker_sell_volume,taker_buy_quote,taker_sell_quote,taker_buy_sell_ratio,first_trade_time,last_trade_time,first_agg_trade_id,last_agg_trade_id
2026-06-15T00:00:00.000000Z,BTCUSDT,futures,10009.5,10009.5,10009.5,10009.5,1.0,10009.5,1,0.5,0.5,5004.75,5004.75,1.0,2026-06-15T00:00:00.000000Z,2026-06-15T00:00:00.000000Z,0,0
2026-06-15T00:00:01.000000Z,BTCUSDT,futures,10010.0,10010.0,10010.0,10010.0,1.0,10010.0,1,0.5,0.5,5005.0,5005.0,1.0,2026-06-15T00:00:01.000000Z,2026-06-15T00:00:01.000000Z,1,1
2026-06-15T00:00:02.000000Z,BTCUSDT,futures,10010.5,10010.5,10010.5,10010.5,1.0,10010.5,1,0.5,0.5,5005.25,5005.25,1.0,2026-06-15T00:00:02.000000Z,2026-06-15T00:00:02.000000Z,2,2
2026-06-15T00:00:03.000000Z,BTCUSDT,futures,10009.5,10009.5,10009.5,10009.5,1.0,10009.5,1,0.5,0.5,5004.75,5004.75,1.0,2026-06-15T00:00:03.000000Z,2026-06-15T00:00:03.000000Z,3,3
2026-06-15T00:00:04.000000Z,BTCUSDT,futures,10010.0,10010.0,10010.0,10010.0,1.0,10010.0,1,0.5,0.5,5005.0,5005.0,1.0,2026-06-15T00:00:04.000000Z,2026-06-15T00:00:04.000000Z,4,4
2026-06-15T00:00:05.000000Z,BTCUSDT,futures,10010.5,10010.5,10010.5,10010.5,1.0,10010.5,1,0.5,0.5,5005.25,5005.25,1.0,2026-06-15T00:00:05.000000Z,2026-06-15T00:00:05.000000Z,5,5
2026-06-15T00:00:06.000000Z,BTCUSDT,futures,10009.5,10009.5,10009.5,10009.5,1.0,10009.5,1,0.5,0.5,5004.75,5004.75,1.0,2026-06-15T00:00:06.000000Z,2026-06-15T00:00:06.000000Z,6,6
2026-06-15T00:00:07.000000Z,BTCUSDT,futures,10010.0,10010.0,10010.0,10010.0,1.0,10010.0,1,0.5,0.5,5005.0,5005.0,1.0,2026-06-15T00:00:07.000000Z,2026-06-15T00:00:07.000000Z,7,7
2026-06-15T00:00:08.000000Z,BTCUSDT,futures,10010.5,10010.5,10010.5,10010.5,1.0,10010.5,1,0.5,0.5,5005.25,5005.25,1.0,2026-06-15T00:00:08.000000Z,2026-06-15T00:00:08.000000Z,8,8
2026-06-15T00:00:09.000000Z,BTCUSDT,futures,10009.5,10009.5,10009.5,10009.5,1.0,10009.5,1,0.5,0.5,5004.75,5004.75,1.0,2026-06-15T00:00:09.000000Z,2026-06-15T00:00:09.000000Z,9,9
2026-06-15T00:00:10.000000Z,BTCUSDT,futures,10010.0,10010.0,10010.0,10010.0,1.0,10010.0,1,0.5,0.5,5005.0,5005.0,1.0,2026-06-15T00:00:10.000000Z,2026-06-15T00:00:10.000000Z,10,10
2026-06-15T00:00:11.000000Z,BTCUSDT,futures,10010.5,10010.5,10010.5,10010.5,1.0,10010.5,1,0.5,0.5,5005.25,5005.25,1.0,2026-06-15T00:00:11.000000Z,2026-06-15T00:00:11.000000Z,11,11
2026-06-15T00:00:12.000000Z,BTCUSDT,futures,10009.5,10009.5,10009.5,10009.5,1.0,10009.5,1,0.5,0.5,5004.75,5004.75,1.0,2026-06-15T00:00:12.000000Z,2026-06-15T00:00:12.000000Z,12,12
2026-06-15T00:00:13.000000Z,BTCUSDT,futures,10010.0,10010.0,10010.0,10010.0,1.0,10010.0,1,0.5,0.5,5005.0,5005.0,1.0,2026-06-15T00:00:13.000000Z,2026-06-15T00:00:13.000000Z,13,13
2026-06-15T00:00:14.000000Z,BTCUSDT,futures,10010.5,10010.5,10010.5,10010.5,1.0,10010.5,1,0.5,0.5,5005.25,5005.25,1.0,2026-06-15T00:00:14.000000Z,2026-06-15T00:00:14.000000Z,14,14
2026-06-15T00:00:15.000000Z,BTCUSDT,futures,10009.5,10009.5,10009.5,10009.5,1.0,10009.5,1,0.5,0.5,5004.75,5004.75,1.0,2026-06-15T00:00:15.000000Z,2026-06-15T00:00:15.000000Z,15,15
2026-06-15T00:00:16.000000Z,BTCUSDT,futures,10010.0,10010.0,10010.0,10010.0,1.0,10010.0,1,0.5,0.5,5005.0,5005.0,1.0,2026-06-15T00:00:16.000000Z,2026-06-15T00:00:16.000000Z,16,16
2026-06-15T00:00:17.000000Z,BTCUSDT,futures,10010.5,10010.5,10010.5,10010.5,1.0,10010.5,1,0.5,0.5,5005.25,5005.25,1.0,2026-06-15T00:00:17.000000Z,2026-06-15T00:00:17.000000Z,17,17
2026-06-15T00:00:18.000000Z,BTCUSDT,futures,10009.5,10009.5,10009.5,10009.5,1.0,10009.5,1,0.5,0.5,5004.75,5004.75,1.0,2026-06-15T00:00:18.000000Z,2026-06-15T00:00:18.000000Z,18,18
2026-06-15T00:00:19.000000Z,BTCUSDT,futures,10010.0,10010.0,10010.0,10010.0,1.0,10010.0,1,0.5,0.5,5005.0,5005.0,1.0,2026-06-15T00:00:19.000000Z,2026-06-15T00:00:19.000000Z,19,19
2026-06-15T00:00:20.000000Z,BTCUSDT,futures,10010.5,10010.5,10010.5,10010.5,1.0,10010.5,1,0.5,0.5,5005.25,5005.25,1.0,2026-06-15T00:00:20.000000Z,2026-06-15T00:00:20.000000Z,20,20
2026-06-15T00:00:21.000000Z,BTCUSDT,futures,10009.5,10009.5,10009.5,10009.5,1.0,10009.5,1,0.5,0.5,5004.75,5004.75,1.0,2026-06-15T00:00:21.000000Z,2026-06-15T00:00:21.000000Z,21,21
2026-06-15T00:00:22.000000Z,BTCUSDT,futures,10010.0,10010.0,10010.0,10010.0,1.0,10010.0,1,0.5,0.5,5005.0,5005.0,1.0,2026-06-15T00:00:22.000000Z,2026-06-15T00:00:22.000000Z,22,22
2026-06-15T00:00:23.000000Z,BTCUSDT,futures,10010.5,10010.5,10010.5,10010.5,1.0,10010.5,1,0.5,0.5,5005.25,5005.25,1.0,2026-06-15T00:00:23.000000Z,2026-06-15T00:00:23.000000Z,23,23
2026-06-15T00:00:24.000000Z,BTCUSDT,futures,10009.5,10009.5,10009.5,10009.5,1.0,10009.5,1,0.5,0.5,5004.75,5004.75,1.0,2026-06-15T00:00:24.000000Z,2026-06-15T00:00:24.000000Z,24,24
2026-06-15T00:00:25.000000Z,BTCUSDT,futures,10010.0,10010.0,10010.0,10010.0,1.0,10010.0,1,0.5,0.5,5005.0,5005.0,1.0,2026-06-15T00:00:25.000000Z,2026-06-15T00:00:25.000000Z,25,25
2026-06-15T00:00:26.000000Z,BTCUSDT,futures,10010.5,10010.5,10010.5,10010.5,1.0,10010.5,1,0.5,0.5,5005.25,5005.25,1.0,2026-06-15T00:00:26.000000Z,2026-06-15T00:00:26.000000Z,26,26
2026-06-15T00:00:27.000000Z,BTCUSDT,futures,10009.5,10009.5,10009.5,10009.5,1.0,10009.5,1,0.5,0.5,5004.75,5004.75,1.0,2026-06-15T00:00:27.000000Z,2026-06-15T00:00:27.000000Z,27,27
2026-06-15T00:00:28.000000Z,BTCUSDT,futures,10010.0,10010.0,10010.0,10010.0,1.0,10010.0,1,0.5,0.5,5005.0,5005.0,1.0,2026-06-15T00:00:28.000000Z,2026-06-15T00:00:28.000000Z,28,28
2026-06-15T00:00:29.000000Z,BTCUSDT,futures,10010.5,10010.5,10010.5,10010.5,1.0,10010.5,1,0.5,0.5,5005.25,5005.25,1.0,2026-06-15T00:00:29.000000Z,2026-06-15T00:00:29.000000Z,29,29
2026-06-15T00:00:30.000000Z,BTCUSDT,futures,10009.5,10009.5,10009.5,10009.5,1.0,10009.5,1,0.5,0.5,5004.75,5004.75,1.0,2026-06-15T00:00:30.000000Z,2026-06-15T00:00:30.000000Z,30,30
2026-06-15T00:00:31.000000Z,BTCUSDT,futures,10010.0,10010.0,10010.0,10010.0,1.0,10010.0,1,0.5,0.5,5005.0,5005.0,1.0,2026-06-15T00:00:31.000000Z,2026-06-15T00:00:31.000000Z,31,31
2026-06-15T00:00:32.000000Z,BTCUSDT,futures,10010.5,10010.5,10010.5,10010.5,1.0,10010.5,1,0.5,0.5,5005.25,5005.25,1.0,2026-06-15T00:00:32.000000Z,2026-06-15T00:00:32.000000Z,32,32
2026-06-15T00:00:33.000000Z,BTCUSDT,futures,10009.5,10009.5,10009.5,10009.5,1.0,10009.5,1,0.5,0.5,5004.75,5004.75,1.0,2026-06-15T00:00:33.000000Z,2026-06-15T00:00:33.000000Z,33,33
2026-06-15T00:00:34.000000Z,BTCUSDT,futures,10010.0,10010.0,10010.0,10010.0,1.0,10010.0,1,0.5,0.5,5005.0,5005.0,1.0,2026-06-15T00:00:34.000000Z,2026-06-15T00:00:34.000000Z,34,34
2026-06-15T00:00:35.000000Z,BTCUSDT,futures,10010.5,10010.5,10010.5,10010.5,1.0,10010.5,1,0.5,0.5,5005.25,5005.25,1.0,2026-06-15T00:00:35.000000Z,2026-06-15T00:00:35.000000Z,35,35
2026-06-15T00:00:36.000000Z,BTCUSDT,futures,10009.5,10009.5,10009.5,10009.5,1.0,10009.5,1,0.5,0.5,5004.75,5004.75,1.0,2026-06-15T00:00:36.000000Z,2026-06-15T00:00:36.000000Z,36,36
2026-06-15T00:00:37.000000Z,BTCUSDT,futures,10010.0,10010.0,10010.0,10010.0,1.0,10010.0,1,0.5,0.5,5005.0,5005.0,1.0,2026-06-15T00:00:37.000000Z,2026-06-15T00:00:37.000000Z,37,37
2026-06-15T00:00:38.000000Z,BTCUSDT,futures,10010.5,10010.5,10010.5,10010.5,1.0,10010.5,1,0.5,0.5,5005.25,5005.25,1.0,2026-06-15T00:00:38.000000Z,2026-06-15T00:00:38.000000Z,38,38
2026-06-15T00:00:39.000000Z,BTCUSDT,futures,10009.5,10009.5,10009.5,10009.5,1.0,10009.5,1,0.5,0.5,5004.75,5004.75,1.0,2026-06-15T00:00:39.000000Z,2026-06-15T00:00:39.000000Z,39,39
2026-06-15T00:00:40.000000Z,BTCUSDT,futures,10010.0,10010.0,10010.0,10010.0,1.0,10010.0,1,0.5,0.5,5005.0,5005.0,1.0,2026-06-15T00:00:40.000000Z,2026-06-15T00:00:40.000000Z,40,40
2026-06-15T00:00:41.000000Z,BTCUSDT,futures,10010.5,10010.5,10010.5,10010.5,1.0,10010.5,1,0.5,0.5,5005.25,5005.25,1.0,2026-06-15T00:00:41.000000Z,2026-06-15T00:00:41.000000Z,41,41
2026-06-15T00:00:42.000000Z,BTCUSDT,futures,10009.5,10009.5,10009.5,10009.5,1.0,10009.5,1,0.5,0.5,5004.75,5004.75,1.0,2026-06-15T00:00:42.000000Z,2026-06-15T00:00:42.000000Z,42,42
2026-06-15T00:00:43.000000Z,BTCUSDT,futures,10010.0,10010.0,10010.0,10010.0,1.0,10010.0,1,0.5,0.5,5005.0,5005.0,1.0,2026-06-15T00:00:43.000000Z,2026-06-15T00:00:43.000000Z,43,43
2026-06-15T00:00:44.000000Z,BTCUSDT,futures,10010.5,10010.5,10010.5,10010.5,1.0,10010.5,1,0.5,0.5,5005.25,5005.25,1.0,2026-06-15T00:00:44.000000Z,2026-06-15T00:00:44.000000Z,44,44
2026-06-15T00:00:45.000000Z,BTCUSDT,futures,10009.5,10009.5,10009.5,10009.5,1.0,10009.5,1,0.5,0.5,5004.75,5004.75,1.0,2026-06-15T00:00:45.000000Z,2026-06-15T00:00:45.000000Z,45,45
2026-06-15T00:00:46.000000Z,BTCUSDT,futures,10010.0,10010.0,10010.0,10010.0,1.0,10010.0,1,0.5,0.5,5005.0,5005.0,1.0,2026-06-15T00:00:46.000000Z,2026-06-15T00:00:46.000000Z,46,46
2026-06-15T00:00:47.000000Z,BTCUSDT,futures,10010.5,10010.5,10010.5,10010.5,1.0,10010.5,1,0.5,0.5,5005.25,5005.25,1.0,2026-06-15T00:00:47.000000Z,2026-06-15T00:00:47.000000Z,47,47
2026-06-15T00:00:48.000000Z,BTCUSDT,futures,10009.5,10009.5,10009.5,10009.5,1.0,10009.5,1,0.5,0.5,5004.75,5004.75,1.0,2026-06-15T00:00:48.000000Z,2026-06-15T00:00:48.000000Z,48,48
2026-06-15T00:00:49.000000Z,BTCUSDT,futures,10010.0,10010.0,10010.0,10010.0,1.0,10010.0,1,0.5,0.5,5005.0,5005.0,1.0,2026-06-15T00:00:49.000000Z,2026-06-15T00:00:49.000000Z,49,49
2026-06-15T00:00:50.000000Z,BTCUSDT,futures,10010.5,10010.5,10010.5,10010.5,1.0,10010.5,1,0.5,0.5,5005.25,5005.25,1.0,2026-06-15T00:00:50.000000Z,2026-06-15T00:00:50.000000Z,50,50
2026-06-15T00:00:51.000000Z,BTCUSDT,futures,10009.5,10009.5,10009.5,10009.5,1.0,10009.5,1,0.5,0.5,5004.75,5004.75,1.0,2026-06-15T00:00:51.000000Z,2026-06-15T00:00:51.000000Z,51,51
2026-06-15T00:00:52.000000Z,BTCUSDT,futures,10010.0,10010.0,10010.0,10010.0,1.0,10010.0,1,0.5,0.5,5005.0,5005.0,1.0,2026-06-15T00:00:52.000000Z,2026-06-15T00:00:52.000000Z,52,52
2026-06-15T00:00:53.000000Z,BTCUSDT,futures,10010.5,10010.5,10010.5,10010.5,1.0,10010.5,1,0.5,0.5,5005.25,5005.25,1.0,2026-06-15T00:00:53.000000Z,2026-06-15T00:00:53.000000Z,53,53
2026-06-15T00:00:54.000000Z,BTCUSDT,futures,10009.5,10009.5,10009.5,10009.5,1.0,10009.5,1,0.5,0.5,5004.75,5004.75,1.0,2026-06-15T00:00:54.000000Z,2026-06-15T00:00:54.000000Z,54,54
2026-06-15T00:00:55.000000Z,BTCUSDT,futures,10010.0,10010.0,10010.0,10010.0,1.0,10010.0,1,0.5,0.5,5005.0,5005.0,1.0,2026-06-15T00:00:55.000000Z,2026-06-15T00:00:55.000000Z,55,55
2026-06-15T00:00:56.000000Z,BTCUSDT,futures,10010.5,10010.5,10010.5,10010.5,1.0,10010.5,1,0.5,0.5,5005.25,5005.25,1.0,2026-06-15T00:00:56.000000Z,2026-06-15T00:00:56.000000Z,56,56
2026-06-15T00:00:57.000000Z,BTCUSDT,futures,10009.5,10009.5,10009.5,10009.5,1.0,10009.5,1,0.5,0.5,5004.75,5004.75,1.0,2026-06-15T00:00:57.000000Z,2026-06-15T00:00:57.000000Z,57,57
2026-06-15T00:00:58.000000Z,BTCUSDT,futures,10010.0,10010.0,10010.0,10010.0,1.0,10010.0,1,0.5,0.5,5005.0,5005.0,1.0,2026-06-15T00:00:58.000000Z,2026-06-15T00:00:58.000000Z,58,58
2026-06-15T00:00:59.000000Z,BTCUSDT,futures,10010.5,10010.5,10010.5,10010.5,1.0,10010.5,1,0.5,0.5,5005.25,5005.25,1.0,2026-06-15T00:00:59.000000Z,2026-06-15T00:00:59.000000Z,59,59
2026-06-15T00:01:00.000000Z,BTCUSDT,futures,10009.5,10009.5,10009.5,10009.5,1.0,10009.5,1,0.5,0.5,5004.75,5004.75,1.0,2026-06-15T00:01:00.000000Z,2026-06-15T00:01:00.000000Z,60,60
2026-06-15T00:01:01.000000Z,BTCUSDT,futures,10010.0,10010.0,10010.0,10010.0,1.0,10010.0,1,0.5,0.5,5005.0,5005.0,1.0,2026-06-15T00:01:01.000000Z,2026-06-15T00:01:01.000000Z,61,61
2026-06-15T00:01:02.000000Z,BTCUSDT,futures,10010.5,10010.5,10010.5,10010.5,1.0,10010.5,1,0.5,0.5,5005.25,5005.25,1.0,2026-06-15T00:01:02.000000Z,2026-06-15T00:01:02.000000Z,62,62
2026-06-15T00:01:03.000000Z,BTCUSDT,futures,10009.5,10009.5,10009.5,10009.5,1.0,10009.5,1,0.5,0.5,5004.75,5004.75,1.0,2026-06-15T00:01:03.000000Z,2026-06-15T00:01:03.000000Z,63,63
2026-06-15T00:01:04.000000Z,BTCUSDT,futures,10010.0,10010.0,10010.0,10010.0,1.0,10010.0,1,0.5,0.5,5005.0,5005.0,1.0,2026-06-15T00:01:04.000000Z,2026-06-15T00:01:04.000000Z,64,64
2026-06-15T00:01:05.000000Z,BTCUSDT,futures,10010.5,10010.5,10010.5,10010.5,1.0,10010.5,1,0.5,0.5,5005.25,5005.25,1.0,2026-06-15T00:01:05.000000Z,2026-06-15T00:01:05.000000Z,65,65
2026-06-15T00:01:06.000000Z,BTCUSDT,futures,10009.5,10009.5,10009.5,10009.5,1.0,10009.5,1,0.5,0.5,5004.75,5004.75,1.0,2026-06-15T00:01:06.000000Z,2026-06-15T00:01:06.000000Z,66,66
2026-06-15T00:01:07.000000Z,BTCUSDT,futures,10010.0,10010.0,10010.0,10010.0,1.0,10010.0,1,0.5,0.5,5005.0,5005.0,1.0,2026-06-15T00:01:07.000000Z,2026-06-15T00:01:07.000000Z,67,67
2026-06-15T00:01:08.000000Z,BTCUSDT,futures,10010.5,10010.5,10010.5,10010.5,1.0,10010.5,1,0.5,0.5,5005.25,5005.25,1.0,2026-06-15T00:01:08.000000Z,2026-06-15T00:01:08.000000Z,68,68
2026-06-15T00:01:09.000000Z,BTCUSDT,futures,10009.5,10009.5,10009.5,10009.5,1.0,10009.5,1,0.5,0.5,5004.75,5004.75,1.0,2026-06-15T00:01:09.000000Z,2026-06-15T00:01:09.000000Z,69,69
2026-06-15T00:01:10.000000Z,BTCUSDT,futures,10010.0,10010.0,10010.0,10010.0,1.0,10010.0,1,0.5,0.5,5005.0,5005.0,1.0,2026-06-15T00:01:10.000000Z,2026-06-15T00:01:10.000000Z,70,70
2026-06-15T00:01:11.000000Z,BTCUSDT,futures,10010.5,10010.5,10010.5,10010.5,1.0,10010.5,1,0.5,0.5,5005.25,5005.25,1.0,2026-06-15T00:01:11.000000Z,2026-06-15T00:01:11.000000Z,71,71
2026-06-15T00:01:12.000000Z,BTCUSDT,futures,10009.5,10009.5,10009.5,10009.5,1.0,10009.5,1,0.5,0.5,5004.75,5004.75,1.0,2026-06-15T00:01:12.000000Z,2026-06-15T00:01:12.000000Z,72,72
2026-06-15T00:01:13.000000Z,BTCUSDT,futures,10010.0,10010.0,10010.0,10010.0,1.0,10010.0,1,0.5,0.5,5005.0,5005.0,1.0,2026-06-15T00:01:13.000000Z,2026-06-15T00:01:13.000000Z,73,73
2026-06-15T00:01:14.000000Z,BTCUSDT,futures,10010.5,10010.5,10010.5,10010.5,1.0,10010.5,1,0.5,0.5,5005.25,5005.25,1.0,2026-06-15T00:01:14.000000Z,2026-06-15T00:01:14.000000Z,74,74
2026-06-15T00:01:15.000000Z,BTCUSDT,futures,10009.5,10009.5,10009.5,10009.5,1.0,10009.5,1,0.5,0.5,5004.75,5004.75,1.0,2026-06-15T00:01:15.000000Z,2026-06-15T00:01:15.000000Z,75,75
2026-06-15T00:01:16.000000Z,BTCUSDT,futures,10010.0,10010.0,10010.0,10010.0,1.0,10010.0,1,0.5,0.5,5005.0,5005.0,1.0,2026-06-15T00:01:16.000000Z,2026-06-15T00:01:16.000000Z,76,76
2026-06-15T00:01:17.000000Z,BTCUSDT,futures,10010.5,10010.5,10010.5,10010.5,1.0,10010.5,1,0.5,0.5,5005.25,5005.25,1.0,2026-06-15T00:01:17.000000Z,2026-06-15T00:01:17.000000Z,77,77
2026-06-15T00:01:18.000000Z,BTCUSDT,futures,10009.5,10009.5,10009.5,10009.5,1.0,10009.5,1,0.5,0.5,5004.75,5004.75,1.0,2026-06-15T00:01:18.000000Z,2026-06-15T00:01:18.000000Z,78,78
2026-06-15T00:01:19.000000Z,BTCUSDT,futures,10010.0,10010.0,10010.0,10010.0,1.0,10010.0,1,0.5,0.5,5005.0,5005.0,1.0,2026-06-15T00:01:19.000000Z,2026-06-15T00:01:19.000000Z,79,79
2026-06-15T00:01:20.000000Z,BTCUSDT,futures,10010.5,10010.5,10010.5,10010.5,1.0,10010.5,1,0.5,0.5,5005.25,5005.25,1.0,2026-06-15T00:01:20.000000Z,2026-06-15T00:01:20.000000Z,80,80
2026-06-15T00:01:21.000000Z,BTCUSDT,futures,10009.5,10009.5,10009.5,10009.5,1.0,10009.5,1,0.5,0.5,5004.75,5004.75,1.0,2026-06-15T00:01:21.000000Z,2026-06-15T00:01:21.000000Z,81,81
2026-06-15T00:01:22.000000Z,BTCUSDT,futures,10010.0,10010.0,10010.0,10010.0,1.0,10010.0,1,0.5,0.5,5005.0,5005.0,1.0,2026-06-15T00:01:22.000000Z,2026-06-15T00:01:22.000000Z,82,82
2026-06-15T00:01:23.000000Z,BTCUSDT,futures,10010.5,10010.5,10010.5,10010.5,1.0,10010.5,1,0.5,0.5,5005.25,5005.25,1.0,2026-06-15T00:01:23.000000Z,2026-06-15T00:01:23.000000Z,83,83
2026-06-15T00:01:24.000000Z,BTCUSDT,futures,10009.5,10009.5,10009.5,10009.5,1.0,10009.5,1,0.5,0.5,5004.75,5004.75,1.0,2026-06-15T00:01:24.000000Z,2026-06-15T00:01:24.000000Z,84,84
2026-06-15T00:01:25.000000Z,BTCUSDT,futures,10010.0,10010.0,10010.0,10010.0,1.0,10010.0,1,0.5,0.5,5005.0,5005.0,1.0,2026-06-15T00:01:25.000000Z,2026-06-15T00:01:25.000000Z,85,85
2026-06-15T00:01:26.000000Z,BTCUSDT,futures,10010.5,10010.5,10010.5,10010.5,1.0,10010.5,1,0.5,0.5,5005.25,5005.25,1.0,2026-06-15T00:01:26.000000Z,2026-06-15T00:01:26.000000Z,86,86
2026-06-15T00:01:27.000000Z,BTCUSDT,futures,10009.5,10009.5,10009.5,10009.5,1.0,10009.5,1,0.5,0.5,5004.75,5004.75,1.0,2026-06-15T00:01:27.000000Z,2026-06-15T00:01:27.000000Z,87,87
2026-06-15T00:01:28.000000Z,BTCUSDT,futures,10010.0,10010.0,10010.0,10010.0,1.0,10010.0,1,0.5,0.5,5005.0,5005.0,1.0,2026-06-15T00:01:28.000000Z,2026-06-15T00:01:28.000000Z,88,88
2026-06-15T00:01:29.000000Z,BTCUSDT,futures,10010.5,10010.5,10010.5,10010.5,1.0,10010.5,1,0.5,0.5,5005.25,5005.25,1.0,2026-06-15T00:01:29.000000Z,2026-06-15T00:01:29.000000Z,89,89
2026-06-15T00:01:30.000000Z,BTCUSDT,futures,10009.5,10009.5,10009.5,10009.5,1.0,10009.5,1,0.5,0.5,5004.75,5004.75,1.0,2026-06-15T00:01:30.000000Z,2026-06-15T00:01:30.000000Z,90,90
2026-06-15T00:01:31.000000Z,BTCUSDT,futures,10010.0,10010.0,10010.0,10010.0,1.0,10010.0,1,0.5,0.5,5005.0,5005.0,1.0,2026-06-15T00:01:31.000000Z,2026-06-15T00:01:31.000000Z,91,91
2026-06-15T00:01:32.000000Z,BTCUSDT,futures,10010.5,10010.5,10010.5,10010.5,1.0,10010.5,1,0.5,0.5,5005.25,5005.25,1.0,2026-06-15T00:01:32.000000Z,2026-06-15T00:01:32.000000Z,92,92
2026-06-15T00:01:33.000000Z,BTCUSDT,futures,10009.5,10009.5,10009.5,10009.5,1.0,10009.5,1,0.5,0.5,5004.75,5004.75,1.0,2026-06-15T00:01:33.000000Z,2026-06-15T00:01:33.000000Z,93,93
2026-06-15T00:01:34.000000Z,BTCUSDT,futures,10010.0,10010.0,10010.0,10010.0,1.0,10010.0,1,0.5,0.5,5005.0,5005.0,1.0,2026-06-15T00:01:34.000000Z,2026-06-15T00:01:34.000000Z,94,94
2026-06-15T00:01:35.000000Z,BTCUSDT,futures,10010.5,10010.5,10010.5,10010.5,1.0,10010.5,1,0.5,0.5,5005.25,5005.25,1.0,2026-06-15T00:01:35.000000Z,2026-06-15T00:01:35.000000Z,95,95
2026-06-15T00:01:36.000000Z,BTCUSDT,futures,10009.5,10009.5,10009.5,10009.5,1.0,10009.5,1,0.5,0.5,5004.75,5004.75,1.0,2026-06-15T00:01:36.000000Z,2026-06-15T00:01:36.000000Z,96,96
2026-06-15T00:01:37.000000Z,BTCUSDT,futures,10010.0,10010.0,10010.0,10010.0,1.0,10010.0,1,0.5,0.5,5005.0,5005.0,1.0,2026-06-15T00:01:37.000000Z,2026-06-15T00:01:37.000000Z,97,97
2026-06-15T00:01:38.000000Z,BTCUSDT,futures,10010.5,10010.5,10010.5,10010.5,1.0,10010.5,1,0.5,0.5,5005.25,5005.25,1.0,2026-06-15T00:01:38.000000Z,2026-06-15T00:01:38.000000Z,98,98
2026-06-15T00:01:39.000000Z,BTCUSDT,futures,10009.5,10009.5,10009.5,10009.5,1.0,10009.5,1,0.5,0.5,5004.75,5004.75,1.0,2026-06-15T00:01:39.000000Z,2026-06-15T00:01:39.000000Z,99,99
2026-06-15T00:01:40.000000Z,BTCUSDT,futures,10010.0,10010.0,10010.0,10010.0,1.0,10010.0,1,0.5,0.5,5005.0,5005.0,1.0,2026-06-15T00:01:40.000000Z,2026-06-15T00:01:40.000000Z,100,100
2026-06-15T00:01:41.000000Z,BTCUSDT,futures,10010.5,10010.5,10010.5,10010.5,1.0,10010.5,1,0.5,0.5,5005.25,5005.25,1.0,2026-06-15T00:01:41.000000Z,2026-06-15T00:01:41.000000Z,101,101
2026-06-15T00:01:42.000000Z,BTCUSDT,futures,10009.5,10009.5,10009.5,10009.5,1.0,10009.5,1,0.5,0.5,5004.75,5004.75,1.0,2026-06-15T00:01:42.000000Z,2026-06-15T00:01:42.000000Z,102,102
2026-06-15T00:01:43.000000Z,BTCUSDT,futures,10010.0,10010.0,10010.0,10010.0,1.0,10010.0,1,0.5,0.5,5005.0,5005.0,1.0,2026-06-15T00:01:43.000000Z,2026-06-15T00:01:43.000000Z,103,103
2026-06-15T00:01:44.000000Z,BTCUSDT,futures,10010.5,10010.5,10010.5,10010.5,1.0,10010.5,1,0.5,0.5,5005.25,5005.25,1.0,2026-06-15T00:01:44.000000Z,2026-06-15T00:01:44.000000Z,104,104
2026-06-15T00:01:45.000000Z,BTCUSDT,futures,10009.5,10009.5,10009.5,10009.5,1.0,10009.5,1,0.5,0.5,5004.75,5004.75,1.0,2026-06-15T00:01:45.000000Z,2026-06-15T00:01:45.000000Z,105,105
2026-06-15T00:01:46.000000Z,BTCUSDT,futures,10010.0,10010.0,10010.0,10010.0,1.0,10010.0,1,0.5,0.5,5005.0,5005.0,1.0,2026-06-15T00:01:46.000000Z,2026-06-15T00:01:46.000000Z,106,106
2026-06-15T00:01:47.000000Z,BTCUSDT,futures,10010.5,10010.5,10010.5,10010.5,1.0,10010.5,1,0.5,0.5,5005.25,5005.25,1.0,2026-06-15T00:01:47.000000Z,2026-06-15T00:01:47.000000Z,107,107
2026-06-15T00:01:48.000000Z,BTCUSDT,futures,10009.5,10009.5,10009.5,10009.5,1.0,10009.5,1,0.5,0.5,5004.75,5004.75,1.0,2026-06-15T00:01:48.000000Z,2026-06-15T00:01:48.000000Z,108,108
2026-06-15T00:01:49.000000Z,BTCUSDT,futures,10010.0,10010.0,10010.0,10010.0,1.0,10010.0,1,0.5,0.5,5005.0,5005.0,1.0,2026-06-15T00:01:49.000000Z,2026-06-15T00:01:49.000000Z,109,109
2026-06-15T00:01:50.000000Z,BTCUSDT,futures,10010.5,10010.5,10010.5,10010.5,1.0,10010.5,1,0.5,0.5,5005.25,5005.25,1.0,2026-06-15T00:01:50.000000Z,2026-06-15T00:01:50.000000Z,110,110
2026-06-15T00:01:51.000000Z,BTCUSDT,futures,10009.5,10009.5,10009.5,10009.5,1.0,10009.5,1,0.5,0.5,5004.75,5004.75,1.0,2026-06-15T00:01:51.000000Z,2026-06-15T00:01:51.000000Z,111,111
2026-06-15T00:01:52.000000Z,BTCUSDT,futures,10010.0,10010.0,10010.0,10010.0,1.0,10010.0,1,0.5,0.5,5005.0,5005.0,1.0,2026-06-15T00:01:52.000000Z,2026-06-15T00:01:52.000000Z,112,112
2026-06-15T00:01:53.000000Z,BTCUSDT,futures,10010.5,10010.5,10010.5,10010.5,1.0,10010.5,1,0.5,0.5,5005.25,5005.25,1.0,2026-06-15T00:01:53.000000Z,2026-06-15T00:01:53.000000Z,113,113
2026-06-15T00:01:54.000000Z,BTCUSDT,futures,10009.5,10009.5,10009.5,10009.5,1.0,10009.5,1,0.5,0.5,5004.75,5004.75,1.0,2026-06-15T00:01:54.000000Z,2026-06-15T00:01:54.000000Z,114,114
2026-06-15T00:01:55.000000Z,BTCUSDT,futures,10010.0,10010.0,10010.0,10010.0,1.0,10010.0,1,0.5,0.5,5005.0,5005.0,1.0,2026-06-15T00:01:55.000000Z,2026-06-15T00:01:55.000000Z,115,115
2026-06-15T00:01:56.000000Z,BTCUSDT,futures,10010.5,10010.5,10010.5,10010.5,1.0,10010.5,1,0.5,0.5,5005.25,5005.25,1.0,2026-06-15T00:01:56.000000Z,2026-06-15T00:01:56.000000Z,116,116
2026-06-15T00:01:57.000000Z,BTCUSDT,futures,10009.5,10009.5,10009.5,10009.5,1.0,10009.5,1,0.5,0.5,5004.75,5004.75,1.0,2026-06-15T00:01:57.000000Z,2026-06-15T00:01:57.000000Z,117,117
2026-06-15T00:01:58.000000Z,BTCUSDT,futures,10010.0,10010.0,10010.0,10010.0,1.0,10010.0,1,0.5,0.5,5005.0,5005.0,1.0,2026-06-15T00:01:58.000000Z,2026-06-15T00:01:58.000000Z,118,118
2026-06-15T00:01:59.000000Z,BTCUSDT,futures,10010.5,10010.5,10010.5,10010.5,1.0,10010.5,1,0.5,0.5,5005.25,5005.25,1.0,2026-06-15T00:01:59.000000Z,2026-06-15T00:01:59.000000Z,119,119
2026-06-15T00:02:00.000000Z,BTCUSDT,futures,10009.5,10009.5,10009.5,10009.5,1.0,10009.5,1,0.5,0.5,5004.75,5004.75,1.0,2026-06-15T00:02:00.000000Z,2026-06-15T00:02:00.000000Z,120,120
2026-06-15T00:02:01.000000Z,BTCUSDT,futures,10010.0,10010.0,10010.0,10010.0,1.0,10010.0,1,0.5,0.5,5005.0,5005.0,1.0,2026-06-15T00:02:01.000000Z,2026-06-15T00:02:01.000000Z,121,121
2026-06-15T00:02:02.000000Z,BTCUSDT,futures,10010.5,10010.5,10010.5,10010.5,1.0,10010.5,1,0.5,0.5,5005.25,5005.25,1.0,2026-06-15T00:02:02.000000Z,2026-06-15T00:02:02.000000Z,122,122
2026-06-15T00:02:03.000000Z,BTCUSDT,futures,10009.5,10009.5,10009.5,10009.5,1.0,10009.5,1,0.5,0.5,5004.75,5004.75,1.0,2026-06-15T00:02:03.000000Z,2026-06-15T00:02:03.000000Z,123,123
2026-06-15T00:02:04.000000Z,BTCUSDT,futures,10010.0,10010.0,10010.0,10010.0,1.0,10010.0,1,0.5,0.5,5005.0,5005.0,1.0,2026-06-15T00:02:04.000000Z,2026-06-15T00:02:04.000000Z,124,124
2026-06-15T00:02:05.000000Z,BTCUSDT,futures,10010.5,10010.5,10010.5,10010.5,1.0,10010.5,1,0.5,0.5,5005.25,5005.25,1.0,2026-06-15T00:02:05.000000Z,2026-06-15T00:02:05.000000Z,125,125
2026-06-15T00:02:06.000000Z,BTCUSDT,futures,10009.5,10009.5,10009.5,10009.5,1.0,10009.5,1,0.5,0.5,5004.75,5004.75,1.0,2026-06-15T00:02:06.000000Z,2026-06-15T00:02:06.000000Z,126,126
2026-06-15T00:02:07.000000Z,BTCUSDT,futures,10010.0,10010.0,10010.0,10010.0,1.0,10010.0,1,0.5,0.5,5005.0,5005.0,1.0,2026-06-15T00:02:07.000000Z,2026-06-15T00:02:07.000000Z,127,127
2026-06-15T00:02:08.000000Z,BTCUSDT,futures,10010.5,10010.5,10010.5,10010.5,1.0,10010.5,1,0.5,0.5,5005.25,5005.25,1.0,2026-06-15T00:02:08.000000Z,2026-06-15T00:02:08.000000Z,128,128
2026-06-15T00:02:09.000000Z,BTCUSDT,futures,10009.5,10009.5,10009.5,10009.5,1.0,10009.5,1,0.5,0.5,5004.75,5004.75,1.0,2026-06-15T00:02:09.000000Z,2026-06-15T00:02:09.000000Z,129,129
2026-06-15T00:02:10.000000Z,BTCUSDT,futures,10010.0,10010.0,10010.0,10010.0,1.0,10010.0,1,0.5,0.5,5005.0,5005.0,1.0,2026-06-15T00:02:10.000000Z,2026-06-15T00:02:10.000000Z,130,130
2026-06-15T00:02:11.000000Z,BTCUSDT,futures,10010.5,10010.5,10010.5,10010.5,1.0,10010.5,1,0.5,0.5,5005.25,5005.25,1.0,2026-06-15T00:02:11.000000Z,2026-06-15T00:02:11.000000Z,131,131
2026-06-15T00:02:12.000000Z,BTCUSDT,futures,10009.5,10009.5,10009.5,10009.5,1.0,10009.5,1,0.5,0.5,5004.75,5004.75,1.0,2026-06-15T00:02:12.000000Z,2026-06-15T00:02:12.000000Z,132,132
2026-06-15T00:02:13.000000Z,BTCUSDT,futures,10010.0,10010.0,10010.0,10010.0,1.0,10010.0,1,0.5,0.5,5005.0,5005.0,1.0,2026-06-15T00:02:13.000000Z,2026-06-15T00:02:13.000000Z,133,133
2026-06-15T00:02:14.000000Z,BTCUSDT,futures,10010.5,10010.5,10010.5,10010.5,1.0,10010.5,1,0.5,0.5,5005.25,5005.25,1.0,2026-06-15T00:02:14.000000Z,2026-06-15T00:02:14.000000Z,134,134
2026-06-15T00:02:15.000000Z,BTCUSDT,futures,10009.5,10009.5,10009.5,10009.5,1.0,10009.5,1,0.5,0.5,5004.75,5004.75,1.0,2026-06-15T00:02:15.000000Z,2026-06-15T00:02:15.000000Z,135,135
2026-06-15T00:02:16.000000Z,BTCUSDT,futures,10010.0,10010.0,10010.0,10010.0,1.0,10010.0,1,0.5,0.5,5005.0,5005.0,1.0,2026-06-15T00:02:16.000000Z,2026-06-15T00:02:16.000000Z,136,136
2026-06-15T00:02:17.000000Z,BTCUSDT,futures,10010.5,10010.5,10010.5,10010.5,1.0,10010.5,1,0.5,0.5,5005.25,5005.25,1.0,2026-06-15T00:02:17.000000Z,2026-06-15T00:02:17.000000Z,137,137
2026-06-15T00:02:18.000000Z,BTCUSDT,futures,10009.5,10009.5,10009.5,10009.5,1.0,10009.5,1,0.5,0.5,5004.75,5004.75,1.0,2026-06-15T00:02:18.000000Z,2026-06-15T00:02:18.000000Z,138,138
2026-06-15T00:02:19.000000Z,BTCUSDT,futures,10010.0,10010.0,10010.0,10010.0,1.0,10010.0,1,0.5,0.5,5005.0,5005.0,1.0,2026-06-15T00:02:19.000000Z,2026-06-15T00:02:19.000000Z,139,139
2026-06-15T00:02:20.000000Z,BTCUSDT,futures,10010.5,10010.5,10010.5,10010.5,1.0,10010.5,1,0.5,0.5,5005.25,5005.25,1.0,2026-06-15T00:02:20.000000Z,2026-06-15T00:02:20.000000Z,140,140
2026-06-15T00:02:21.000000Z,BTCUSDT,futures,10009.5,10009.5,10009.5,10009.5,1.0,10009.5,1,0.5,0.5,5004.75,5004.75,1.0,2026-06-15T00:02:21.000000Z,2026-06-15T00:02:21.000000Z,141,141
2026-06-15T00:02:22.000000Z,BTCUSDT,futures,10010.0,10010.0,10010.0,10010.0,1.0,10010.0,1,0.5,0.5,5005.0,5005.0,1.0,2026-06-15T00:02:22.000000Z,2026-06-15T00:02:22.000000Z,142,142
2026-06-15T00:02:23.000000Z,BTCUSDT,futures,10010.5,10010.5,10010.5,10010.5,1.0,10010.5,1,0.5,0.5,5005.25,5005.25,1.0,2026-06-15T00:02:23.000000Z,2026-06-15T00:02:23.000000Z,143,143
2026-06-15T00:02:24.000000Z,BTCUSDT,futures,10009.5,10009.5,10009.5,10009.5,1.0,10009.5,1,0.5,0.5,5004.75,5004.75,1.0,2026-06-15T00:02:24.000000Z,2026-06-15T00:02:24.000000Z,144,144
2026-06-15T00:02:25.000000Z,BTCUSDT,futures,10010.0,10010.0,10010.0,10010.0,1.0,10010.0,1,0.5,0.5,5005.0,5005.0,1.0,2026-06-15T00:02:25.000000Z,2026-06-15T00:02:25.000000Z,145,145
2026-06-15T00:02:26.000000Z,BTCUSDT,futures,10010.5,10010.5,10010.5,10010.5,1.0,10010.5,1,0.5,0.5,5005.25,5005.25,1.0,2026-06-15T00:02:26.000000Z,2026-06-15T00:02:26.000000Z,146,146
2026-06-15T00:02:27.000000Z,BTCUSDT,futures,10009.5,10009.5,10009.5,10009.5,1.0,10009.5,1,0.5,0.5,5004.75,5004.75,1.0,2026-06-15T00:02:27.000000Z,2026-06-15T00:02:27.000000Z,147,147
2026-06-15T00:02:28.000000Z,BTCUSDT,futures,10010.0,10010.0,10010.0,10010.0,1.0,10010.0,1,0.5,0.5,5005.0,5005.0,1.0,2026-06-15T00:02:28.000000Z,2026-06-15T00:02:28.000000Z,148,148
2026-06-15T00:02:29.000000Z,BTCUSDT,futures,10010.5,10010.5,10010.5,10010.5,1.0,10010.5,1,0.5,0.5,5005.25,5005.25,1.0,2026-06-15T00:02:29.000000Z,2026-06-15T00:02:29.000000Z,149,149
2026-06-15T00:02:30.000000Z,BTCUSDT,futures,10009.5,10009.5,10009.5,10009.5,1.0,10009.5,1,0.5,0.5,5004.75,5004.75,1.0,2026-06-15T00:02:30.000000Z,2026-06-15T00:02:30.000000Z,150,150
2026-06-15T00:02:31.000000Z,BTCUSDT,futures,10010.0,10010.0,10010.0,10010.0,1.0,10010.0,1,0.5,0.5,5005.0,5005.0,1.0,2026-06-15T00:02:31.000000Z,2026-06-15T00:02:31.000000Z,151,151
2026-06-15T00:02:32.000000Z,BTCUSDT,futures,10010.5,10010.5,10010.5,10010.5,1.0,10010.5,1,0.5,0.5,5005.25,5005.25,1.0,2026-06-15T00:02:32.000000Z,2026-06-15T00:02:32.000000Z,152,152
2026-06-15T00:02:33.000000Z,BTCUSDT,futures,10009.5,10009.5,10009.5,10009.5,1.0,10009.5,1,0.5,0.5,5004.75,5004.75,1.0,2026-06-15T00:02:33.000000Z,2026-06-15T00:02:33.000000Z,153,153
2026-06-15T00:02:34.000000Z,BTCUSDT,futures,10010.0,10010.0,10010.0,10010.0,1.0,10010.0,1,0.5,0.5,5005.0,5005.0,1.0,2026-06-15T00:02:34.000000Z,2026-06-15T00:02:34.000000Z,154,154
2026-06-15T00:02:35.000000Z,BTCUSDT,futures,10010.5,10010.5,10010.5,10010.5,1.0,10010.5,1,0.5,0.5,5005.25,5005.25,1.0,2026-06-15T00:02:35.000000Z,2026-06-15T00:02:35.000000Z,155,155
2026-06-15T00:02:36.000000Z,BTCUSDT,futures,10009.5,10009.5,10009.5,10009.5,1.0,10009.5,1,0.5,0.5,5004.75,5004.75,1.0,2026-06-15T00:02:36.000000Z,2026-06-15T00:02:36.000000Z,156,156
2026-06-15T00:02:37.000000Z,BTCUSDT,futures,10010.0,10010.0,10010.0,10010.0,1.0,10010.0,1,0.5,0.5,5005.0,5005.0,1.0,2026-06-15T00:02:37.000000Z,2026-06-15T00:02:37.000000Z,157,157
2026-06-15T00:02:38.000000Z,BTCUSDT,futures,10010.5,10010.5,10010.5,10010.5,1.0,10010.5,1,0.5,0.5,5005.25,5005.25,1.0,2026-06-15T00:02:38.000000Z,2026-06-15T00:02:38.000000Z,158,158
2026-06-15T00:02:39.000000Z,BTCUSDT,futures,10009.5,10009.5,10009.5,10009.5,1.0,10009.5,1,0.5,0.5,5004.75,5004.75,1.0,2026-06-15T00:02:39.000000Z,2026-06-15T00:02:39.000000Z,159,159
2026-06-15T00:02:40.000000Z,BTCUSDT,futures,10010.0,10010.0,10010.0,10010.0,1.0,10010.0,1,0.5,0.5,5005.0,5005.0,1.0,2026-06-15T00:02:40.000000Z,2026-06-15T00:02:40.000000Z,160,160
2026-06-15T00:02:41.000000Z,BTCUSDT,futures,10010.5,10010.5,10010.5,10010.5,1.0,10010.5,1,0.5,0.5,5005.25,5005.25,1.0,2026-06-15T00:02:41.000000Z,2026-06-15T00:02:41.000000Z,161,161
2026-06-15T00:02:42.000000Z,BTCUSDT,futures,10009.5,10009.5,10009.5,10009.5,1.0,10009.5,1,0.5,0.5,5004.75,5004.75,1.0,2026-06-15T00:02:42.000000Z,2026-06-15T00:02:42.000000Z,162,162
2026-06-15T00:02:43.000000Z,BTCUSDT,futures,10010.0,10010.0,10010.0,10010.0,1.0,10010.0,1,0.5,0.5,5005.0,5005.0,1.0,2026-06-15T00:02:43.000000Z,2026-06-15T00:02:43.000000Z,163,163
2026-06-15T00:02:44.000000Z,BTCUSDT,futures,10010.5,10010.5,10010.5,10010.5,1.0,10010.5,1,0.5,0.5,5005.25,5005.25,1.0,2026-06-15T00:02:44.000000Z,2026-06-15T00:02:44.000000Z,164,164
2026-06-15T00:02:45.000000Z,BTCUSDT,futures,10009.5,10009.5,10009.5,10009.5,1.0,10009.5,1,0.5,0.5,5004.75,5004.75,1.0,2026-06-15T00:02:45.000000Z,2026-06-15T00:02:45.000000Z,165,165
2026-06-15T00:02:46.000000Z,BTCUSDT,futures,10010.0,10010.0,10010.0,10010.0,1.0,10010.0,1,0.5,0.5,5005.0,5005.0,1.0,2026-06-15T00:02:46.000000Z,2026-06-15T00:02:46.000000Z,166,166
2026-06-15T00:02:47.000000Z,BTCUSDT,futures,10010.5,10010.5,10010.5,10010.5,1.0,10010.5,1,0.5,0.5,5005.25,5005.25,1.0,2026-06-15T00:02:47.000000Z,2026-06-15T00:02:47.000000Z,167,167
2026-06-15T00:02:48.000000Z,BTCUSDT,futures,10009.5,10009.5,10009.5,10009.5,1.0,10009.5,1,0.5,0.5,5004.75,5004.75,1.0,2026-06-15T00:02:48.000000Z,2026-06-15T00:02:48.000000Z,168,168
2026-06-15T00:02:49.000000Z,BTCUSDT,futures,10010.0,10010.0,10010.0,10010.0,1.0,10010.0,1,0.5,0.5,5005.0,5005.0,1.0,2026-06-15T00:02:49.000000Z,2026-06-15T00:02:49.000000Z,169,169
2026-06-15T00:02:50.000000Z,BTCUSDT,futures,10010.5,10010.5,10010.5,10010.5,1.0,10010.5,1,0.5,0.5,5005.25,5005.25,1.0,2026-06-15T00:02:50.000000Z,2026-06-15T00:02:50.000000Z,170,170
2026-06-15T00:02:51.000000Z,BTCUSDT,futures,10009.5,10009.5,10009.5,10009.5,1.0,10009.5,1,0.5,0.5,5004.75,5004.75,1.0,2026-06-15T00:02:51.000000Z,2026-06-15T00:02:51.000000Z,171,171
2026-06-15T00:02:52.000000Z,BTCUSDT,futures,10010.0,10010.0,10010.0,10010.0,1.0,10010.0,1,0.5,0.5,5005.0,5005.0,1.0,2026-06-15T00:02:52.000000Z,2026-06-15T00:02:52.000000Z,172,172
2026-06-15T00:02:53.000000Z,BTCUSDT,futures,10010.5,10010.5,10010.5,10010.5,1.0,10010.5,1,0.5,0.5,5005.25,5005.25,1.0,2026-06-15T00:02:53.000000Z,2026-06-15T00:02:53.000000Z,173,173
2026-06-15T00:02:54.000000Z,BTCUSDT,futures,10009.5,10009.5,10009.5,10009.5,1.0,10009.5,1,0.5,0.5,5004.75,5004.75,1.0,2026-06-15T00:02:54.000000Z,2026-06-15T00:02:54.000000Z,174,174
2026-06-15T00:02:55.000000Z,BTCUSDT,futures,10010.0,10010.0,10010.0,10010.0,1.0,10010.0,1,0.5,0.5,5005.0,5005.0,1.0,2026-06-15T00:02:55.000000Z,2026-06-15T00:02:55.000000Z,175,175
2026-06-15T00:02:56.000000Z,BTCUSDT,futures,10010.5,10010.5,10010.5,10010.5,1.0,10010.5,1,0.5,0.5,5005.25,5005.25,1.0,2026-06-15T00:02:56.000000Z,2026-06-15T00:02:56.000000Z,176,176
2026-06-15T00:02:57.000000Z,BTCUSDT,futures,10009.5,10009.5,10009.5,10009.5,1.0,10009.5,1,0.5,0.5,5004.75,5004.75,1.0,2026-06-15T00:02:57.000000Z,2026-06-15T00:02:57.000000Z,177,177
2026-06-15T00:02:58.000000Z,BTCUSDT,futures,10010.0,10010.0,10010.0,10010.0,1.0,10010.0,1,0.5,0.5,5005.0,5005.0,1.0,2026-06-15T00:02:58.000000Z,2026-06-15T00:02:58.000000Z,178,178
2026-06-15T00:02:59.000000Z,BTCUSDT,futures,10010.5,10010.5,10010.5,10010.5,1.0,10010.5,1,0.5,0.5,5005.25,5005.25,1.0,2026-06-15T00:02:59.000000Z,2026-06-15T00:02:59.000000Z,179,179
2026-06-15T00:03:00.000000Z,BTCUSDT,futures,10009.5,10009.5,10009.5,10009.5,1.0,10009.5,1,0.5,0.5,5004.75,5004.75,1.0,2026-06-15T00:03:00.000000Z,2026-06-15T00:03:00.000000Z,180,180
2026-06-15T00:03:01.000000Z,BTCUSDT,futures,10010.0,10010.0,10010.0,10010.0,1.0,10010.0,1,0.5,0.5,5005.0,5005.0,1.0,2026-06-15T00:03:01.000000Z,2026-06-15T00:03:01.000000Z,181,181
2026-06-15T00:03:02.000000Z,BTCUSDT,futures,10010.5,10010.5,10010.5,10010.5,1.0,10010.5,1,0.5,0.5,5005.25,5005.25,1.0,2026-06-15T00:03:02.000000Z,2026-06-15T00:03:02.000000Z,182,182
2026-06-15T00:03:03.000000Z,BTCUSDT,futures,10009.5,10009.5,10009.5,10009.5,1.0,10009.5,1,0.5,0.5,5004.75,5004.75,1.0,2026-06-15T00:03:03.000000Z,2026-06-15T00:03:03.000000Z,183,183
2026-06-15T00:03:04.000000Z,BTCUSDT,futures,10010.0,10010.0,10010.0,10010.0,1.0,10010.0,1,0.5,0.5,5005.0,5005.0,1.0,2026-06-15T00:03:04.000000Z,2026-06-15T00:03:04.000000Z,184,184
2026-06-15T00:03:05.000000Z,BTCUSDT,futures,10010.5,10010.5,10010.5,10010.5,1.0,10010.5,1,0.5,0.5,5005.25,5005.25,1.0,2026-06-15T00:03:05.000000Z,2026-06-15T00:03:05.000000Z,185,185
2026-06-15T00:03:06.000000Z,BTCUSDT,futures,10009.5,10009.5,10009.5,10009.5,1.0,10009.5,1,0.5,0.5,5004.75,5004.75,1.0,2026-06-15T00:03:06.000000Z,2026-06-15T00:03:06.000000Z,186,186
2026-06-15T00:03:07.000000Z,BTCUSDT,futures,10010.0,10010.0,10010.0,10010.0,1.0,10010.0,1,0.5,0.5,5005.0,5005.0,1.0,2026-06-15T00:03:07.000000Z,2026-06-15T00:03:07.000000Z,187,187
2026-06-15T00:03:08.000000Z,BTCUSDT,futures,10010.5,10010.5,10010.5,10010.5,1.0,10010.5,1,0.5,0.5,5005.25,5005.25,1.0,2026-06-15T00:03:08.000000Z,2026-06-15T00:03:08.000000Z,188,188
2026-06-15T00:03:09.000000Z,BTCUSDT,futures,10009.5,10009.5,10009.5,10009.5,1.0,10009.5,1,0.5,0.5,5004.75,5004.75,1.0,2026-06-15T00:03:09.000000Z,2026-06-15T00:03:09.000000Z,189,189
2026-06-15T00:03:10.000000Z,BTCUSDT,futures,10010.0,10010.0,10010.0,10010.0,1.0,10010.0,1,0.5,0.5,5005.0,5005.0,1.0,2026-06-15T00:03:10.000000Z,2026-06-15T00:03:10.000000Z,190,190
2026-06-15T00:03:11.000000Z,BTCUSDT,futures,10010.5,10010.5,10010.5,10010.5,1.0,10010.5,1,0.5,0.5,5005.25,5005.25,1.0,2026-06-15T00:03:11.000000Z,2026-06-15T00:03:11.000000Z,191,191
2026-06-15T00:03:12.000000Z,BTCUSDT,futures,10009.5,10009.5,10009.5,10009.5,1.0,10009.5,1,0.5,0.5,5004.75,5004.75,1.0,2026-06-15T00:03:12.000000Z,2026-06-15T00:03:12.000000Z,192,192
2026-06-15T00:03:13.000000Z,BTCUSDT,futures,10010.0,10010.0,10010.0,10010.0,1.0,10010.0,1,0.5,0.5,5005.0,5005.0,1.0,2026-06-15T00:03:13.000000Z,2026-06-15T00:03:13.000000Z,193,193
2026-06-15T00:03:14.000000Z,BTCUSDT,futures,10010.5,10010.5,10010.5,10010.5,1.0,10010.5,1,0.5,0.5,5005.25,5005.25,1.0,2026-06-15T00:03:14.000000Z,2026-06-15T00:03:14.000000Z,194,194
2026-06-15T00:03:15.000000Z,BTCUSDT,futures,10009.5,10009.5,10009.5,10009.5,1.0,10009.5,1,0.5,0.5,5004.75,5004.75,1.0,2026-06-15T00:03:15.000000Z,2026-06-15T00:03:15.000000Z,195,195
2026-06-15T00:03:16.000000Z,BTCUSDT,futures,10010.0,10010.0,10010.0,10010.0,1.0,10010.0,1,0.5,0.5,5005.0,5005.0,1.0,2026-06-15T00:03:16.000000Z,2026-06-15T00:03:16.000000Z,196,196
2026-06-15T00:03:17.000000Z,BTCUSDT,futures,10010.5,10010.5,10010.5,10010.5,1.0,10010.5,1,0.5,0.5,5005.25,5005.25,1.0,2026-06-15T00:03:17.000000Z,2026-06-15T00:03:17.000000Z,197,197
2026-06-15T00:03:18.000000Z,BTCUSDT,futures,10009.5,10009.5,10009.5,10009.5,1.0,10009.5,1,0.5,0.5,5004.75,5004.75,1.0,2026-06-15T00:03:18.000000Z,2026-06-15T00:03:18.000000Z,198,198
2026-06-15T00:03:19.000000Z,BTCUSDT,futures,10010.0,10010.0,10010.0,10010.0,1.0,10010.0,1,0.5,0.5,5005.0,5005.0,1.0,2026-06-15T00:03:19.000000Z,2026-06-15T00:03:19.000000Z,199,199
2026-06-15T00:03:20.000000Z,BTCUSDT,futures,10010.5,10010.5,10010.5,10010.5,1.0,10010.5,1,0.5,0.5,5005.25,5005.25,1.0,2026-06-15T00:03:20.000000Z,2026-06-15T00:03:20.000000Z,200,200
2026-06-15T00:03:21.000000Z,BTCUSDT,futures,10009.5,10009.5,10009.5,10009.5,1.0,10009.5,1,0.5,0.5,5004.75,5004.75,1.0,2026-06-15T00:03:21.000000Z,2026-06-15T00:03:21.000000Z,201,201
2026-06-15T00:03:22.000000Z,BTCUSDT,futures,10010.0,10010.0,10010.0,10010.0,1.0,10010.0,1,0.5,0.5,5005.0,5005.0,1.0,2026-06-15T00:03:22.000000Z,2026-06-15T00:03:22.000000Z,202,202
2026-06-15T00:03:23.000000Z,BTCUSDT,futures,10010.5,10010.5,10010.5,10010.5,1.0,10010.5,1,0.5,0.5,5005.25,5005.25,1.0,2026-06-15T00:03:23.000000Z,2026-06-15T00:03:23.000000Z,203,203
2026-06-15T00:03:24.000000Z,BTCUSDT,futures,10009.5,10009.5,10009.5,10009.5,1.0,10009.5,1,0.5,0.5,5004.75,5004.75,1.0,2026-06-15T00:03:24.000000Z,2026-06-15T00:03:24.000000Z,204,204
2026-06-15T00:03:25.000000Z,BTCUSDT,futures,10010.0,10010.0,10010.0,10010.0,1.0,10010.0,1,0.5,0.5,5005.0,5005.0,1.0,2026-06-15T00:03:25.000000Z,2026-06-15T00:03:25.000000Z,205,205
2026-06-15T00:03:26.000000Z,BTCUSDT,futures,10010.5,10010.5,10010.5,10010.5,1.0,10010.5,1,0.5,0.5,5005.25,5005.25,1.0,2026-06-15T00:03:26.000000Z,2026-06-15T00:03:26.000000Z,206,206
2026-06-15T00:03:27.000000Z,BTCUSDT,futures,10009.5,10009.5,10009.5,10009.5,1.0,10009.5,1,0.5,0.5,5004.75,5004.75,1.0,2026-06-15T00:03:27.000000Z,2026-06-15T00:03:27.000000Z,207,207
2026-06-15T00:03:28.000000Z,BTCUSDT,futures,10010.0,10010.0,10010.0,10010.0,1.0,10010.0,1,0.5,0.5,5005.0,5005.0,1.0,2026-06-15T00:03:28.000000Z,2026-06-15T00:03:28.000000Z,208,208
2026-06-15T00:03:29.000000Z,BTCUSDT,futures,10010.5,10010.5,10010.5,10010.5,1.0,10010.5,1,0.5,0.5,5005.25,5005.25,1.0,2026-06-15T00:03:29.000000Z,2026-06-15T00:03:29.000000Z,209,209
2026-06-15T00:03:30.000000Z,BTCUSDT,futures,10009.5,10009.5,10009.5,10009.5,1.0,10009.5,1,0.5,0.5,5004.75,5004.75,1.0,2026-06-15T00:03:30.000000Z,2026-06-15T00:03:30.000000Z,210,210
2026-06-15T00:03:31.000000Z,BTCUSDT,futures,10010.0,10010.0,10010.0,10010.0,1.0,10010.0,1,0.5,0.5,5005.0,5005.0,1.0,2026-06-15T00:03:31.000000Z,2026-06-15T00:03:31.000000Z,211,211
2026-06-15T00:03:32.000000Z,BTCUSDT,futures,10010.5,10010.5,10010.5,10010.5,1.0,10010.5,1,0.5,0.5,5005.25,5005.25,1.0,2026-06-15T00:03:32.000000Z,2026-06-15T00:03:32.000000Z,212,212
2026-06-15T00:03:33.000000Z,BTCUSDT,futures,10009.5,10009.5,10009.5,10009.5,1.0,10009.5,1,0.5,0.5,5004.75,5004.75,1.0,2026-06-15T00:03:33.000000Z,2026-06-15T00:03:33.000000Z,213,213
2026-06-15T00:03:34.000000Z,BTCUSDT,futures,10010.0,10010.0,10010.0,10010.0,1.0,10010.0,1,0.5,0.5,5005.0,5005.0,1.0,2026-06-15T00:03:34.000000Z,2026-06-15T00:03:34.000000Z,214,214
2026-06-15T00:03:35.000000Z,BTCUSDT,futures,10010.5,10010.5,10010.5,10010.5,1.0,10010.5,1,0.5,0.5,5005.25,5005.25,1.0,2026-06-15T00:03:35.000000Z,2026-06-15T00:03:35.000000Z,215,215
2026-06-15T00:03:36.000000Z,BTCUSDT,futures,10009.5,10009.5,10009.5,10009.5,1.0,10009.5,1,0.5,0.5,5004.75,5004.75,1.0,2026-06-15T00:03:36.000000Z,2026-06-15T00:03:36.000000Z,216,216
2026-06-15T00:03:37.000000Z,BTCUSDT,futures,10010.0,10010.0,10010.0,10010.0,1.0,10010.0,1,0.5,0.5,5005.0,5005.0,1.0,2026-06-15T00:03:37.000000Z,2026-06-15T00:03:37.000000Z,217,217
2026-06-15T00:03:38.000000Z,BTCUSDT,futures,10010.5,10010.5,10010.5,10010.5,1.0,10010.5,1,0.5,0.5,5005.25,5005.25,1.0,2026-06-15T00:03:38.000000Z,2026-06-15T00:03:38.000000Z,218,218
2026-06-15T00:03:39.000000Z,BTCUSDT,futures,10009.5,10009.5,10009.5,10009.5,1.0,10009.5,1,0.5,0.5,5004.75,5004.75,1.0,2026-06-15T00:03:39.000000Z,2026-06-15T00:03:39.000000Z,219,219
2026-06-15T00:03:40.000000Z,BTCUSDT,futures,10010.0,10010.0,10010.0,10010.0,1.0,10010.0,1,0.5,0.5,5005.0,5005.0,1.0,2026-06-15T00:03:40.000000Z,2026-06-15T00:03:40.000000Z,220,220
2026-06-15T00:03:41.000000Z,BTCUSDT,futures,10010.5,10010.5,10010.5,10010.5,1.0,10010.5,1,0.5,0.5,5005.25,5005.25,1.0,2026-06-15T00:03:41.000000Z,2026-06-15T00:03:41.000000Z,221,221
2026-06-15T00:03:42.000000Z,BTCUSDT,futures,10009.5,10009.5,10009.5,10009.5,1.0,10009.5,1,0.5,0.5,5004.75,5004.75,1.0,2026-06-15T00:03:42.000000Z,2026-06-15T00:03:42.000000Z,222,222
2026-06-15T00:03:43.000000Z,BTCUSDT,futures,10010.0,10010.0,10010.0,10010.0,1.0,10010.0,1,0.5,0.5,5005.0,5005.0,1.0,2026-06-15T00:03:43.000000Z,2026-06-15T00:03:43.000000Z,223,223
2026-06-15T00:03:44.000000Z,BTCUSDT,futures,10010.5,10010.5,10010.5,10010.5,1.0,10010.5,1,0.5,0.5,5005.25,5005.25,1.0,2026-06-15T00:03:44.000000Z,2026-06-15T00:03:44.000000Z,224,224
2026-06-15T00:03:45.000000Z,BTCUSDT,futures,10009.5,10009.5,10009.5,10009.5,1.0,10009.5,1,0.5,0.5,5004.75,5004.75,1.0,2026-06-15T00:03:45.000000Z,2026-06-15T00:03:45.000000Z,225,225
2026-06-15T00:03:46.000000Z,BTCUSDT,futures,10010.0,10010.0,10010.0,10010.0,1.0,10010.0,1,0.5,0.5,5005.0,5005.0,1.0,2026-06-15T00:03:46.000000Z,2026-06-15T00:03:46.000000Z,226,226
2026-06-15T00:03:47.000000Z,BTCUSDT,futures,10010.5,10010.5,10010.5,10010.5,1.0,10010.5,1,0.5,0.5,5005.25,5005.25,1.0,2026-06-15T00:03:47.000000Z,2026-06-15T00:03:47.000000Z,227,227
2026-06-15T00:03:48.000000Z,BTCUSDT,futures,10009.5,10009.5,10009.5,10009.5,1.0,10009.5,1,0.5,0.5,5004.75,5004.75,1.0,2026-06-15T00:03:48.000000Z,2026-06-15T00:03:48.000000Z,228,228
2026-06-15T00:03:49.000000Z,BTCUSDT,futures,10010.0,10010.0,10010.0,10010.0,1.0,10010.0,1,0.5,0.5,5005.0,5005.0,1.0,2026-06-15T00:03:49.000000Z,2026-06-15T00:03:49.000000Z,229,229
2026-06-15T00:03:50.000000Z,BTCUSDT,futures,10010.5,10010.5,10010.5,10010.5,1.0,10010.5,1,0.5,0.5,5005.25,5005.25,1.0,2026-06-15T00:03:50.000000Z,2026-06-15T00:03:50.000000Z,230,230
2026-06-15T00:03:51.000000Z,BTCUSDT,futures,10009.5,10009.5,10009.5,10009.5,1.0,10009.5,1,0.5,0.5,5004.75,5004.75,1.0,2026-06-15T00:03:51.000000Z,2026-06-15T00:03:51.000000Z,231,231
2026-06-15T00:03:52.000000Z,BTCUSDT,futures,10010.0,10010.0,10010.0,10010.0,1.0,10010.0,1,0.5,0.5,5005.0,5005.0,1.0,2026-06-15T00:03:52.000000Z,2026-06-15T00:03:52.000000Z,232,232
2026-06-15T00:03:53.000000Z,BTCUSDT,futures,10010.5,10010.5,10010.5,10010.5,1.0,10010.5,1,0.5,0.5,5005.25,5005.25,1.0,2026-06-15T00:03:53.000000Z,2026-06-15T00:03:53.000000Z,233,233
2026-06-15T00:03:54.000000Z,BTCUSDT,futures,10009.5,10009.5,10009.5,10009.5,1.0,10009.5,1,0.5,0.5,5004.75,5004.75,1.0,2026-06-15T00:03:54.000000Z,2026-06-15T00:03:54.000000Z,234,234
2026-06-15T00:03:55.000000Z,BTCUSDT,futures,10010.0,10010.0,10010.0,10010.0,1.0,10010.0,1,0.5,0.5,5005.0,5005.0,1.0,2026-06-15T00:03:55.000000Z,2026-06-15T00:03:55.000000Z,235,235
2026-06-15T00:03:56.000000Z,BTCUSDT,futures,10010.5,10010.5,10010.5,10010.5,1.0,10010.5,1,0.5,0.5,5005.25,5005.25,1.0,2026-06-15T00:03:56.000000Z,2026-06-15T00:03:56.000000Z,236,236
2026-06-15T00:03:57.000000Z,BTCUSDT,futures,10009.5,10009.5,10009.5,10009.5,1.0,10009.5,1,0.5,0.5,5004.75,5004.75,1.0,2026-06-15T00:03:57.000000Z,2026-06-15T00:03:57.000000Z,237,237
2026-06-15T00:03:58.000000Z,BTCUSDT,futures,10010.0,10010.0,10010.0,10010.0,1.0,10010.0,1,0.5,0.5,5005.0,5005.0,1.0,2026-06-15T00:03:58.000000Z,2026-06-15T00:03:58.000000Z,238,238
2026-06-15T00:03:59.000000Z,BTCUSDT,futures,10010.5,10010.5,10010.5,10010.5,1.0,10010.5,1,0.5,0.5,5005.25,5005.25,1.0,2026-06-15T00:03:59.000000Z,2026-06-15T00:03:59.000000Z,239,239
2026-06-15T00:04:00.000000Z,BTCUSDT,futures,10009.5,10009.5,10009.5,10009.5,1.0,10009.5,1,0.5,0.5,5004.75,5004.75,1.0,2026-06-15T00:04:00.000000Z,2026-06-15T00:04:00.000000Z,240,240
2026-06-15T00:04:01.000000Z,BTCUSDT,futures,10010.0,10010.0,10010.0,10010.0,1.0,10010.0,1,0.5,0.5,5005.0,5005.0,1.0,2026-06-15T00:04:01.000000Z,2026-06-15T00:04:01.000000Z,241,241
2026-06-15T00:04:02.000000Z,BTCUSDT,futures,10010.5,10010.5,10010.5,10010.5,1.0,10010.5,1,0.5,0.5,5005.25,5005.25,1.0,2026-06-15T00:04:02.000000Z,2026-06-15T00:04:02.000000Z,242,242
2026-06-15T00:04:03.000000Z,BTCUSDT,futures,10009.5,10009.5,10009.5,10009.5,1.0,10009.5,1,0.5,0.5,5004.75,5004.75,1.0,2026-06-15T00:04:03.000000Z,2026-06-15T00:04:03.000000Z,243,243
2026-06-15T00:04:04.000000Z,BTCUSDT,futures,10010.0,10010.0,10010.0,10010.0,1.0,10010.0,1,0.5,0.5,5005.0,5005.0,1.0,2026-06-15T00:04:04.000000Z,2026-06-15T00:04:04.000000Z,244,244
2026-06-15T00:04:05.000000Z,BTCUSDT,futures,10010.5,10010.5,10010.5,10010.5,1.0,10010.5,1,0.5,0.5,5005.25,5005.25,1.0,2026-06-15T00:04:05.000000Z,2026-06-15T00:04:05.000000Z,245,245
2026-06-15T00:04:06.000000Z,BTCUSDT,futures,10009.5,10009.5,10009.5,10009.5,1.0,10009.5,1,0.5,0.5,5004.75,5004.75,1.0,2026-06-15T00:04:06.000000Z,2026-06-15T00:04:06.000000Z,246,246
2026-06-15T00:04:07.000000Z,BTCUSDT,futures,10010.0,10010.0,10010.0,10010.0,1.0,10010.0,1,0.5,0.5,5005.0,5005.0,1.0,2026-06-15T00:04:07.000000Z,2026-06-15T00:04:07.000000Z,247,247
2026-06-15T00:04:08.000000Z,BTCUSDT,futures,10010.5,10010.5,10010.5,10010.5,1.0,10010.5,1,0.5,0.5,5005.25,5005.25,1.0,2026-06-15T00:04:08.000000Z,2026-06-15T00:04:08.000000Z,248,248
2026-06-15T00:04:09.000000Z,BTCUSDT,futures,10009.5,10009.5,10009.5,10009.5,1.0,10009.5,1,0.5,0.5,5004.75,5004.75,1.0,2026-06-15T00:04:09.000000Z,2026-06-15T00:04:09.000000Z,249,249
2026-06-15T00:04:10.000000Z,BTCUSDT,futures,10010.0,10010.0,10010.0,10010.0,1.0,10010.0,1,0.5,0.5,5005.0,5005.0,1.0,2026-06-15T00:04:10.000000Z,2026-06-15T00:04:10.000000Z,250,250
2026-06-15T00:04:11.000000Z,BTCUSDT,futures,10010.5,10010.5,10010.5,10010.5,1.0,10010.5,1,0.5,0.5,5005.25,5005.25,1.0,2026-06-15T00:04:11.000000Z,2026-06-15T00:04:11.000000Z,251,251
2026-06-15T00:04:12.000000Z,BTCUSDT,futures,10009.5,10009.5,10009.5,10009.5,1.0,10009.5,1,0.5,0.5,5004.75,5004.75,1.0,2026-06-15T00:04:12.000000Z,2026-06-15T00:04:12.000000Z,252,252
2026-06-15T00:04:13.000000Z,BTCUSDT,futures,10010.0,10010.0,10010.0,10010.0,1.0,10010.0,1,0.5,0.5,5005.0,5005.0,1.0,2026-06-15T00:04:13.000000Z,2026-06-15T00:04:13.000000Z,253,253
2026-06-15T00:04:14.000000Z,BTCUSDT,futures,10010.5,10010.5,10010.5,10010.5,1.0,10010.5,1,0.5,0.5,5005.25,5005.25,1.0,2026-06-15T00:04:14.000000Z,2026-06-15T00:04:14.000000Z,254,254
2026-06-15T00:04:15.000000Z,BTCUSDT,futures,10009.5,10009.5,10009.5,10009.5,1.0,10009.5,1,0.5,0.5,5004.75,5004.75,1.0,2026-06-15T00:04:15.000000Z,2026-06-15T00:04:15.000000Z,255,255
2026-06-15T00:04:16.000000Z,BTCUSDT,futures,10010.0,10010.0,10010.0,10010.0,1.0,10010.0,1,0.5,0.5,5005.0,5005.0,1.0,2026-06-15T00:04:16.000000Z,2026-06-15T00:04:16.000000Z,256,256
2026-06-15T00:04:17.000000Z,BTCUSDT,futures,10010.5,10010.5,10010.5,10010.5,1.0,10010.5,1,0.5,0.5,5005.25,5005.25,1.0,2026-06-15T00:04:17.000000Z,2026-06-15T00:04:17.000000Z,257,257
2026-06-15T00:04:18.000000Z,BTCUSDT,futures,10009.5,10009.5,10009.5,10009.5,1.0,10009.5,1,0.5,0.5,5004.75,5004.75,1.0,2026-06-15T00:04:18.000000Z,2026-06-15T00:04:18.000000Z,258,258
2026-06-15T00:04:19.000000Z,BTCUSDT,futures,10010.0,10010.0,10010.0,10010.0,1.0,10010.0,1,0.5,0.5,5005.0,5005.0,1.0,2026-06-15T00:04:19.000000Z,2026-06-15T00:04:19.000000Z,259,259
2026-06-15T00:04:20.000000Z,BTCUSDT,futures,10010.5,10010.5,10010.5,10010.5,1.0,10010.5,1,0.5,0.5,5005.25,5005.25,1.0,2026-06-15T00:04:20.000000Z,2026-06-15T00:04:20.000000Z,260,260
2026-06-15T00:04:21.000000Z,BTCUSDT,futures,10009.5,10009.5,10009.5,10009.5,1.0,10009.5,1,0.5,0.5,5004.75,5004.75,1.0,2026-06-15T00:04:21.000000Z,2026-06-15T00:04:21.000000Z,261,261
2026-06-15T00:04:22.000000Z,BTCUSDT,futures,10010.0,10010.0,10010.0,10010.0,1.0,10010.0,1,0.5,0.5,5005.0,5005.0,1.0,2026-06-15T00:04:22.000000Z,2026-06-15T00:04:22.000000Z,262,262
2026-06-15T00:04:23.000000Z,BTCUSDT,futures,10010.5,10010.5,10010.5,10010.5,1.0,10010.5,1,0.5,0.5,5005.25,5005.25,1.0,2026-06-15T00:04:23.000000Z,2026-06-15T00:04:23.000000Z,263,263
2026-06-15T00:04:24.000000Z,BTCUSDT,futures,10009.5,10009.5,10009.5,10009.5,1.0,10009.5,1,0.5,0.5,5004.75,5004.75,1.0,2026-06-15T00:04:24.000000Z,2026-06-15T00:04:24.000000Z,264,264
2026-06-15T00:04:25.000000Z,BTCUSDT,futures,10010.0,10010.0,10010.0,10010.0,1.0,10010.0,1,0.5,0.5,5005.0,5005.0,1.0,2026-06-15T00:04:25.000000Z,2026-06-15T00:04:25.000000Z,265,265
2026-06-15T00:04:26.000000Z,BTCUSDT,futures,10010.5,10010.5,10010.5,10010.5,1.0,10010.5,1,0.5,0.5,5005.25,5005.25,1.0,2026-06-15T00:04:26.000000Z,2026-06-15T00:04:26.000000Z,266,266
2026-06-15T00:04:27.000000Z,BTCUSDT,futures,10009.5,10009.5,10009.5,10009.5,1.0,10009.5,1,0.5,0.5,5004.75,5004.75,1.0,2026-06-15T00:04:27.000000Z,2026-06-15T00:04:27.000000Z,267,267
2026-06-15T00:04:28.000000Z,BTCUSDT,futures,10010.0,10010.0,10010.0,10010.0,1.0,10010.0,1,0.5,0.5,5005.0,5005.0,1.0,2026-06-15T00:04:28.000000Z,2026-06-15T00:04:28.000000Z,268,268
2026-06-15T00:04:29.000000Z,BTCUSDT,futures,10010.5,10010.5,10010.5,10010.5,1.0,10010.5,1,0.5,0.5,5005.25,5005.25,1.0,2026-06-15T00:04:29.000000Z,2026-06-15T00:04:29.000000Z,269,269
2026-06-15T00:04:30.000000Z,BTCUSDT,futures,10009.5,10009.5,10009.5,10009.5,1.0,10009.5,1,0.5,0.5,5004.75,5004.75,1.0,2026-06-15T00:04:30.000000Z,2026-06-15T00:04:30.000000Z,270,270
2026-06-15T00:04:31.000000Z,BTCUSDT,futures,10010.0,10010.0,10010.0,10010.0,1.0,10010.0,1,0.5,0.5,5005.0,5005.0,1.0,2026-06-15T00:04:31.000000Z,2026-06-15T00:04:31.000000Z,271,271
2026-06-15T00:04:32.000000Z,BTCUSDT,futures,10010.5,10010.5,10010.5,10010.5,1.0,10010.5,1,0.5,0.5,5005.25,5005.25,1.0,2026-06-15T00:04:32.000000Z,2026-06-15T00:04:32.000000Z,272,272
2026-06-15T00:04:33.000000Z,BTCUSDT,futures,10009.5,10009.5,10009.5,10009.5,1.0,10009.5,1,0.5,0.5,5004.75,5004.75,1.0,2026-06-15T00:04:33.000000Z,2026-06-15T00:04:33.000000Z,273,273
2026-06-15T00:04:34.000000Z,BTCUSDT,futures,10010.0,10010.0,10010.0,10010.0,1.0,10010.0,1,0.5,0.5,5005.0,5005.0,1.0,2026-06-15T00:04:34.000000Z,2026-06-15T00:04:34.000000Z,274,274
2026-06-15T00:04:35.000000Z,BTCUSDT,futures,10010.5,10010.5,10010.5,10010.5,1.0,10010.5,1,0.5,0.5,5005.25,5005.25,1.0,2026-06-15T00:04:35.000000Z,2026-06-15T00:04:35.000000Z,275,275
2026-06-15T00:04:36.000000Z,BTCUSDT,futures,10009.5,10009.5,10009.5,10009.5,1.0,10009.5,1,0.5,0.5,5004.75,5004.75,1.0,2026-06-15T00:04:36.000000Z,2026-06-15T00:04:36.000000Z,276,276
2026-06-15T00:04:37.000000Z,BTCUSDT,futures,10010.0,10010.0,10010.0,10010.0,1.0,10010.0,1,0.5,0.5,5005.0,5005.0,1.0,2026-06-15T00:04:37.000000Z,2026-06-15T00:04:37.000000Z,277,277
2026-06-15T00:04:38.000000Z,BTCUSDT,futures,10010.5,10010.5,10010.5,10010.5,1.0,10010.5,1,0.5,0.5,5005.25,5005.25,1.0,2026-06-15T00:04:38.000000Z,2026-06-15T00:04:38.000000Z,278,278
2026-06-15T00:04:39.000000Z,BTCUSDT,futures,10009.5,10009.5,10009.5,10009.5,1.0,10009.5,1,0.5,0.5,5004.75,5004.75,1.0,2026-06-15T00:04:39.000000Z,2026-06-15T00:04:39.000000Z,279,279
2026-06-15T00:04:40.000000Z,BTCUSDT,futures,10010.0,10010.0,10010.0,10010.0,1.0,10010.0,1,0.5,0.5,5005.0,5005.0,1.0,2026-06-15T00:04:40.000000Z,2026-06-15T00:04:40.000000Z,280,280
2026-06-15T00:04:41.000000Z,BTCUSDT,futures,10010.5,10010.5,10010.5,10010.5,1.0,10010.5,1,0.5,0.5,5005.25,5005.25,1.0,2026-06-15T00:04:41.000000Z,2026-06-15T00:04:41.000000Z,281,281
2026-06-15T00:04:42.000000Z,BTCUSDT,futures,10009.5,10009.5,10009.5,10009.5,1.0,10009.5,1,0.5,0.5,5004.75,5004.75,1.0,2026-06-15T00:04:42.000000Z,2026-06-15T00:04:42.000000Z,282,282
2026-06-15T00:04:43.000000Z,BTCUSDT,futures,10010.0,10010.0,10010.0,10010.0,1.0,10010.0,1,0.5,0.5,5005.0,5005.0,1.0,2026-06-15T00:04:43.000000Z,2026-06-15T00:04:43.000000Z,283,283
2026-06-15T00:04:44.000000Z,BTCUSDT,futures,10010.5,10010.5,10010.5,10010.5,1.0,10010.5,1,0.5,0.5,5005.25,5005.25,1.0,2026-06-15T00:04:44.000000Z,2026-06-15T00:04:44.000000Z,284,284
2026-06-15T00:04:45.000000Z,BTCUSDT,futures,10009.5,10009.5,10009.5,10009.5,1.0,10009.5,1,0.5,0.5,5004.75,5004.75,1.0,2026-06-15T00:04:45.000000Z,2026-06-15T00:04:45.000000Z,285,285
2026-06-15T00:04:46.000000Z,BTCUSDT,futures,10010.0,10010.0,10010.0,10010.0,1.0,10010.0,1,0.5,0.5,5005.0,5005.0,1.0,2026-06-15T00:04:46.000000Z,2026-06-15T00:04:46.000000Z,286,286
2026-06-15T00:04:47.000000Z,BTCUSDT,futures,10010.5,10010.5,10010.5,10010.5,1.0,10010.5,1,0.5,0.5,5005.25,5005.25,1.0,2026-06-15T00:04:47.000000Z,2026-06-15T00:04:47.000000Z,287,287
2026-06-15T00:04:48.000000Z,BTCUSDT,futures,10009.5,10009.5,10009.5,10009.5,1.0,10009.5,1,0.5,0.5,5004.75,5004.75,1.0,2026-06-15T00:04:48.000000Z,2026-06-15T00:04:48.000000Z,288,288
2026-06-15T00:04:49.000000Z,BTCUSDT,futures,10010.0,10010.0,10010.0,10010.0,1.0,10010.0,1,0.5,0.5,5005.0,5005.0,1.0,2026-06-15T00:04:49.000000Z,2026-06-15T00:04:49.000000Z,289,289
2026-06-15T00:04:50.000000Z,BTCUSDT,futures,10010.5,10010.5,10010.5,10010.5,1.0,10010.5,1,0.5,0.5,5005.25,5005.25,1.0,2026-06-15T00:04:50.000000Z,2026-06-15T00:04:50.000000Z,290,290
2026-06-15T00:04:51.000000Z,BTCUSDT,futures,10009.5,10009.5,10009.5,10009.5,1.0,10009.5,1,0.5,0.5,5004.75,5004.75,1.0,2026-06-15T00:04:51.000000Z,2026-06-15T00:04:51.000000Z,291,291
2026-06-15T00:04:52.000000Z,BTCUSDT,futures,10010.0,10010.0,10010.0,10010.0,1.0,10010.0,1,0.5,0.5,5005.0,5005.0,1.0,2026-06-15T00:04:52.000000Z,2026-06-15T00:04:52.000000Z,292,292
2026-06-15T00:04:53.000000Z,BTCUSDT,futures,10010.5,10010.5,10010.5,10010.5,1.0,10010.5,1,0.5,0.5,5005.25,5005.25,1.0,2026-06-15T00:04:53.000000Z,2026-06-15T00:04:53.000000Z,293,293
2026-06-15T00:04:54.000000Z,BTCUSDT,futures,10009.5,10009.5,10009.5,10009.5,1.0,10009.5,1,0.5,0.5,5004.75,5004.75,1.0,2026-06-15T00:04:54.000000Z,2026-06-15T00:04:54.000000Z,294,294
2026-06-15T00:04:55.000000Z,BTCUSDT,futures,10010.0,10010.0,10010.0,10010.0,1.0,10010.0,1,0.5,0.5,5005.0,5005.0,1.0,2026-06-15T00:04:55.000000Z,2026-06-15T00:04:55.000000Z,295,295
2026-06-15T00:04:56.000000Z,BTCUSDT,futures,10010.5,10010.5,10010.5,10010.5,1.0,10010.5,1,0.5,0.5,5005.25,5005.25,1.0,2026-06-15T00:04:56.000000Z,2026-06-15T00:04:56.000000Z,296,296
2026-06-15T00:04:57.000000Z,BTCUSDT,futures,10009.5,10009.5,10009.5,10009.5,1.0,10009.5,1,0.5,0.5,5004.75,5004.75,1.0,2026-06-15T00:04:57.000000Z,2026-06-15T00:04:57.000000Z,297,297
2026-06-15T00:04:58.000000Z,BTCUSDT,futures,10010.0,10010.0,10010.0,10010.0,1.0,10010.0,1,0.5,0.5,5005.0,5005.0,1.0,2026-06-15T00:04:58.000000Z,2026-06-15T00:04:58.000000Z,298,298
2026-06-15T00:04:59.000000Z,BTCUSDT,futures,10010.5,10010.5,10010.5,10010.5,1.0,10010.5,1,0.5,0.5,5005.25,5005.25,1.0,2026-06-15T00:04:59.000000Z,2026-06-15T00:04:59.000000Z,299,299
2026-06-15T00:05:00.000000Z,BTCUSDT,futures,10009.5,10009.5,10009.5,10009.5,1.0,10009.5,1,0.5,0.5,5004.75,5004.75,1.0,2026-06-15T00:05:00.000000Z,2026-06-15T00:05:00.000000Z,300,300
2026-06-15T00:05:01.000000Z,BTCUSDT,futures,10010.0,10010.0,10010.0,10010.0,1.0,10010.0,1,0.5,0.5,5005.0,5005.0,1.0,2026-06-15T00:05:01.000000Z,2026-06-15T00:05:01.000000Z,301,301
2026-06-15T00:05:02.000000Z,BTCUSDT,futures,10010.5,10010.5,10010.5,10010.5,1.0,10010.5,1,0.5,0.5,5005.25,5005.25,1.0,2026-06-15T00:05:02.000000Z,2026-06-15T00:05:02.000000Z,302,302
2026-06-15T00:05:03.000000Z,BTCUSDT,futures,10009.5,10009.5,10009.5,10009.5,1.0,10009.5,1,0.5,0.5,5004.75,5004.75,1.0,2026-06-15T00:05:03.000000Z,2026-06-15T00:05:03.000000Z,303,303
2026-06-15T00:05:04.000000Z,BTCUSDT,futures,10010.0,10010.0,10010.0,10010.0,1.0,10010.0,1,0.5,0.5,5005.0,5005.0,1.0,2026-06-15T00:05:04.000000Z,2026-06-15T00:05:04.000000Z,304,304
2026-06-15T00:05:05.000000Z,BTCUSDT,futures,10010.5,10010.5,10010.5,10010.5,1.0,10010.5,1,0.5,0.5,5005.25,5005.25,1.0,2026-06-15T00:05:05.000000Z,2026-06-15T00:05:05.000000Z,305,305
2026-06-15T00:05:06.000000Z,BTCUSDT,futures,10009.5,10009.5,10009.5,10009.5,1.0,10009.5,1,0.5,0.5,5004.75,5004.75,1.0,2026-06-15T00:05:06.000000Z,2026-06-15T00:05:06.000000Z,306,306
2026-06-15T00:05:07.000000Z,BTCUSDT,futures,10010.0,10010.0,10010.0,10010.0,1.0,10010.0,1,0.5,0.5,5005.0,5005.0,1.0,2026-06-15T00:05:07.000000Z,2026-06-15T00:05:07.000000Z,307,307
2026-06-15T00:05:08.000000Z,BTCUSDT,futures,10010.5,10010.5,10010.5,10010.5,1.0,10010.5,1,0.5,0.5,5005.25,5005.25,1.0,2026-06-15T00:05:08.000000Z,2026-06-15T00:05:08.000000Z,308,308
2026-06-15T00:05:09.000000Z,BTCUSDT,futures,10009.5,10009.5,10009.5,10009.5,1.0,10009.5,1,0.5,0.5,5004.75,5004.75,1.0,2026-06-15T00:05:09.000000Z,2026-06-15T00:05:09.000000Z,309,309
2026-06-15T00:05:10.000000Z,BTCUSDT,futures,10010.0,10010.0,10010.0,10010.0,1.0,10010.0,1,0.5,0.5,5005.0,5005.0,1.0,2026-06-15T00:05:10.000000Z,2026-06-15T00:05:10.000000Z,310,310
2026-06-15T00:05:11.000000Z,BTCUSDT,futures,10010.5,10010.5,10010.5,10010.5,1.0,10010.5,1,0.5,0.5,5005.25,5005.25,1.0,2026-06-15T00:05:11.000000Z,2026-06-15T00:05:11.000000Z,311,311
2026-06-15T00:05:12.000000Z,BTCUSDT,futures,10009.5,10009.5,10009.5,10009.5,1.0,10009.5,1,0.5,0.5,5004.75,5004.75,1.0,2026-06-15T00:05:12.000000Z,2026-06-15T00:05:12.000000Z,312,312
2026-06-15T00:05:13.000000Z,BTCUSDT,futures,10010.0,10010.0,10010.0,10010.0,1.0,10010.0,1,0.5,0.5,5005.0,5005.0,1.0,2026-06-15T00:05:13.000000Z,2026-06-15T00:05:13.000000Z,313,313
2026-06-15T00:05:14.000000Z,BTCUSDT,futures,10010.5,10010.5,10010.5,10010.5,1.0,10010.5,1,0.5,0.5,5005.25,5005.25,1.0,2026-06-15T00:05:14.000000Z,2026-06-15T00:05:14.000000Z,314,314
2026-06-15T00:05:15.000000Z,BTCUSDT,futures,10009.5,10009.5,10009.5,10009.5,1.0,10009.5,1,0.5,0.5,5004.75,5004.75,1.0,2026-06-15T00:05:15.000000Z,2026-06-15T00:05:15.000000Z,315,315
2026-06-15T00:05:16.000000Z,BTCUSDT,futures,10010.0,10010.0,10010.0,10010.0,1.0,10010.0,1,0.5,0.5,5005.0,5005.0,1.0,2026-06-15T00:05:16.000000Z,2026-06-15T00:05:16.000000Z,316,316
2026-06-15T00:05:17.000000Z,BTCUSDT,futures,10010.5,10010.5,10010.5,10010.5,1.0,10010.5,1,0.5,0.5,5005.25,5005.25,1.0,2026-06-15T00:05:17.000000Z,2026-06-15T00:05:17.000000Z,317,317
2026-06-15T00:05:18.000000Z,BTCUSDT,futures,10009.5,10009.5,10009.5,10009.5,1.0,10009.5,1,0.5,0.5,5004.75,5004.75,1.0,2026-06-15T00:05:18.000000Z,2026-06-15T00:05:18.000000Z,318,318
2026-06-15T00:05:19.000000Z,BTCUSDT,futures,10010.0,10010.0,10010.0,10010.0,1.0,10010.0,1,0.5,0.5,5005.0,5005.0,1.0,2026-06-15T00:05:19.000000Z,2026-06-15T00:05:19.000000Z,319,319
2026-06-15T00:05:20.000000Z,BTCUSDT,futures,10010.5,10010.5,10010.5,10010.5,1.0,10010.5,1,0.5,0.5,5005.25,5005.25,1.0,2026-06-15T00:05:20.000000Z,2026-06-15T00:05:20.000000Z,320,320
2026-06-15T00:05:21.000000Z,BTCUSDT,futures,10009.5,10009.5,10009.5,10009.5,1.0,10009.5,1,0.5,0.5,5004.75,5004.75,1.0,2026-06-15T00:05:21.000000Z,2026-06-15T00:05:21.000000Z,321,321
2026-06-15T00:05:22.000000Z,BTCUSDT,futures,10010.0,10010.0,10010.0,10010.0,1.0,10010.0,1,0.5,0.5,5005.0,5005.0,1.0,2026-06-15T00:05:22.000000Z,2026-06-15T00:05:22.000000Z,322,322
2026-06-15T00:05:23.000000Z,BTCUSDT,futures,10010.5,10010.5,10010.5,10010.5,1.0,10010.5,1,0.5,0.5,5005.25,5005.25,1.0,2026-06-15T00:05:23.000000Z,2026-06-15T00:05:23.000000Z,323,323
2026-06-15T00:05:24.000000Z,BTCUSDT,futures,10009.5,10009.5,10009.5,10009.5,1.0,10009.5,1,0.5,0.5,5004.75,5004.75,1.0,2026-06-15T00:05:24.000000Z,2026-06-15T00:05:24.000000Z,324,324
2026-06-15T00:05:25.000000Z,BTCUSDT,futures,10010.0,10010.0,10010.0,10010.0,1.0,10010.0,1,0.5,0.5,5005.0,5005.0,1.0,2026-06-15T00:05:25.000000Z,2026-06-15T00:05:25.000000Z,325,325
2026-06-15T00:05:26.000000Z,BTCUSDT,futures,10010.5,10010.5,10010.5,10010.5,1.0,10010.5,1,0.5,0.5,5005.25,5005.25,1.0,2026-06-15T00:05:26.000000Z,2026-06-15T00:05:26.000000Z,326,326
2026-06-15T00:05:27.000000Z,BTCUSDT,futures,10009.5,10009.5,10009.5,10009.5,1.0,10009.5,1,0.5,0.5,5004.75,5004.75,1.0,2026-06-15T00:05:27.000000Z,2026-06-15T00:05:27.000000Z,327,327
2026-06-15T00:05:28.000000Z,BTCUSDT,futures,10010.0,10010.0,10010.0,10010.0,1.0,10010.0,1,0.5,0.5,5005.0,5005.0,1.0,2026-06-15T00:05:28.000000Z,2026-06-15T00:05:28.000000Z,328,328
2026-06-15T00:05:29.000000Z,BTCUSDT,futures,10010.5,10010.5,10010.5,10010.5,1.0,10010.5,1,0.5,0.5,5005.25,5005.25,1.0,2026-06-15T00:05:29.000000Z,2026-06-15T00:05:29.000000Z,329,329
2026-06-15T00:05:30.000000Z,BTCUSDT,futures,10009.5,10009.5,10009.5,10009.5,1.0,10009.5,1,0.5,0.5,5004.75,5004.75,1.0,2026-06-15T00:05:30.000000Z,2026-06-15T00:05:30.000000Z,330,330
2026-06-15T00:05:31.000000Z,BTCUSDT,futures,10010.0,10010.0,10010.0,10010.0,1.0,10010.0,1,0.5,0.5,5005.0,5005.0,1.0,2026-06-15T00:05:31.000000Z,2026-06-15T00:05:31.000000Z,331,331
2026-06-15T00:05:32.000000Z,BTCUSDT,futures,10010.5,10010.5,10010.5,10010.5,1.0,10010.5,1,0.5,0.5,5005.25,5005.25,1.0,2026-06-15T00:05:32.000000Z,2026-06-15T00:05:32.000000Z,332,332
2026-06-15T00:05:33.000000Z,BTCUSDT,futures,10009.5,10009.5,10009.5,10009.5,1.0,10009.5,1,0.5,0.5,5004.75,5004.75,1.0,2026-06-15T00:05:33.000000Z,2026-06-15T00:05:33.000000Z,333,333
2026-06-15T00:05:34.000000Z,BTCUSDT,futures,10010.0,10010.0,10010.0,10010.0,1.0,10010.0,1,0.5,0.5,5005.0,5005.0,1.0,2026-06-15T00:05:34.000000Z,2026-06-15T00:05:34.000000Z,334,334
2026-06-15T00:05:35.000000Z,BTCUSDT,futures,10010.5,10010.5,10010.5,10010.5,1.0,10010.5,1,0.5,0.5,5005.25,5005.25,1.0,2026-06-15T00:05:35.000000Z,2026-06-15T00:05:35.000000Z,335,335
2026-06-15T00:05:36.000000Z,BTCUSDT,futures,10009.5,10009.5,10009.5,10009.5,1.0,10009.5,1,0.5,0.5,5004.75,5004.75,1.0,2026-06-15T00:05:36.000000Z,2026-06-15T00:05:36.000000Z,336,336
2026-06-15T00:05:37.000000Z,BTCUSDT,futures,10010.0,10010.0,10010.0,10010.0,1.0,10010.0,1,0.5,0.5,5005.0,5005.0,1.0,2026-06-15T00:05:37.000000Z,2026-06-15T00:05:37.000000Z,337,337
2026-06-15T00:05:38.000000Z,BTCUSDT,futures,10010.5,10010.5,10010.5,10010.5,1.0,10010.5,1,0.5,0.5,5005.25,5005.25,1.0,2026-06-15T00:05:38.000000Z,2026-06-15T00:05:38.000000Z,338,338
2026-06-15T00:05:39.000000Z,BTCUSDT,futures,10009.5,10009.5,10009.5,10009.5,1.0,10009.5,1,0.5,0.5,5004.75,5004.75,1.0,2026-06-15T00:05:39.000000Z,2026-06-15T00:05:39.000000Z,339,339
2026-06-15T00:05:40.000000Z,BTCUSDT,futures,10010.0,10010.0,10010.0,10010.0,1.0,10010.0,1,0.5,0.5,5005.0,5005.0,1.0,2026-06-15T00:05:40.000000Z,2026-06-15T00:05:40.000000Z,340,340
2026-06-15T00:05:41.000000Z,BTCUSDT,futures,10010.5,10010.5,10010.5,10010.5,1.0,10010.5,1,0.5,0.5,5005.25,5005.25,1.0,2026-06-15T00:05:41.000000Z,2026-06-15T00:05:41.000000Z,341,341
2026-06-15T00:05:42.000000Z,BTCUSDT,futures,10009.5,10009.5,10009.5,10009.5,1.0,10009.5,1,0.5,0.5,5004.75,5004.75,1.0,2026-06-15T00:05:42.000000Z,2026-06-15T00:05:42.000000Z,342,342
2026-06-15T00:05:43.000000Z,BTCUSDT,futures,10010.0,10010.0,10010.0,10010.0,1.0,10010.0,1,0.5,0.5,5005.0,5005.0,1.0,2026-06-15T00:05:43.000000Z,2026-06-15T00:05:43.000000Z,343,343
2026-06-15T00:05:44.000000Z,BTCUSDT,futures,10010.5,10010.5,10010.5,10010.5,1.0,10010.5,1,0.5,0.5,5005.25,5005.25,1.0,2026-06-15T00:05:44.000000Z,2026-06-15T00:05:44.000000Z,344,344
2026-06-15T00:05:45.000000Z,BTCUSDT,futures,10009.5,10009.5,10009.5,10009.5,1.0,10009.5,1,0.5,0.5,5004.75,5004.75,1.0,2026-06-15T00:05:45.000000Z,2026-06-15T00:05:45.000000Z,345,345
2026-06-15T00:05:46.000000Z,BTCUSDT,futures,10010.0,10010.0,10010.0,10010.0,1.0,10010.0,1,0.5,0.5,5005.0,5005.0,1.0,2026-06-15T00:05:46.000000Z,2026-06-15T00:05:46.000000Z,346,346
2026-06-15T00:05:47.000000Z,BTCUSDT,futures,10010.5,10010.5,10010.5,10010.5,1.0,10010.5,1,0.5,0.5,5005.25,5005.25,1.0,2026-06-15T00:05:47.000000Z,2026-06-15T00:05:47.000000Z,347,347
2026-06-15T00:05:48.000000Z,BTCUSDT,futures,10009.5,10009.5,10009.5,10009.5,1.0,10009.5,1,0.5,0.5,5004.75,5004.75,1.0,2026-06-15T00:05:48.000000Z,2026-06-15T00:05:48.000000Z,348,348
2026-06-15T00:05:49.000000Z,BTCUSDT,futures,10010.0,10010.0,10010.0,10010.0,1.0,10010.0,1,0.5,0.5,5005.0,5005.0,1.0,2026-06-15T00:05:49.000000Z,2026-06-15T00:05:49.000000Z,349,349
2026-06-15T00:05:50.000000Z,BTCUSDT,futures,10010.5,10010.5,10010.5,10010.5,1.0,10010.5,1,0.5,0.5,5005.25,5005.25,1.0,2026-06-15T00:05:50.000000Z,2026-06-15T00:05:50.000000Z,350,350
2026-06-15T00:05:51.000000Z,BTCUSDT,futures,10009.5,10009.5,10009.5,10009.5,1.0,10009.5,1,0.5,0.5,5004.75,5004.75,1.0,2026-06-15T00:05:51.000000Z,2026-06-15T00:05:51.000000Z,351,351
2026-06-15T00:05:52.000000Z,BTCUSDT,futures,10010.0,10010.0,10010.0,10010.0,1.0,10010.0,1,0.5,0.5,5005.0,5005.0,1.0,2026-06-15T00:05:52.000000Z,2026-06-15T00:05:52.000000Z,352,352
2026-06-15T00:05:53.000000Z,BTCUSDT,futures,10010.5,10010.5,10010.5,10010.5,1.0,10010.5,1,0.5,0.5,5005.25,5005.25,1.0,2026-06-15T00:05:53.000000Z,2026-06-15T00:05:53.000000Z,353,353
2026-06-15T00:05:54.000000Z,BTCUSDT,futures,10009.5,10009.5,10009.5,10009.5,1.0,10009.5,1,0.5,0.5,5004.75,5004.75,1.0,2026-06-15T00:05:54.000000Z,2026-06-15T00:05:54.000000Z,354,354
2026-06-15T00:05:55.000000Z,BTCUSDT,futures,10010.0,10010.0,10010.0,10010.0,1.0,10010.0,1,0.5,0.5,5005.0,5005.0,1.0,2026-06-15T00:05:55.000000Z,2026-06-15T00:05:55.000000Z,355,355
2026-06-15T00:05:56.000000Z,BTCUSDT,futures,10010.5,10010.5,10010.5,10010.5,1.0,10010.5,1,0.5,0.5,5005.25,5005.25,1.0,2026-06-15T00:05:56.000000Z,2026-06-15T00:05:56.000000Z,356,356
2026-06-15T00:05:57.000000Z,BTCUSDT,futures,10009.5,10009.5,10009.5,10009.5,1.0,10009.5,1,0.5,0.5,5004.75,5004.75,1.0,2026-06-15T00:05:57.000000Z,2026-06-15T00:05:57.000000Z,357,357
2026-06-15T00:05:58.000000Z,BTCUSDT,futures,10010.0,10010.0,10010.0,10010.0,1.0,10010.0,1,0.5,0.5,5005.0,5005.0,1.0,2026-06-15T00:05:58.000000Z,2026-06-15T00:05:58.000000Z,358,358
2026-06-15T00:05:59.000000Z,BTCUSDT,futures,10010.5,10010.5,10010.5,10010.5,1.0,10010.5,1,0.5,0.5,5005.25,5005.25,1.0,2026-06-15T00:05:59.000000Z,2026-06-15T00:05:59.000000Z,359,359
2026-06-15T00:06:00.000000Z,BTCUSDT,futures,10009.5,10009.5,10009.5,10009.5,1.0,10009.5,1,0.5,0.5,5004.75,5004.75,1.0,2026-06-15T00:06:00.000000Z,2026-06-15T00:06:00.000000Z,360,360
2026-06-15T00:06:01.000000Z,BTCUSDT,futures,10010.0,10010.0,10010.0,10010.0,1.0,10010.0,1,0.5,0.5,5005.0,5005.0,1.0,2026-06-15T00:06:01.000000Z,2026-06-15T00:06:01.000000Z,361,361
2026-06-15T00:06:02.000000Z,BTCUSDT,futures,10010.5,10010.5,10010.5,10010.5,1.0,10010.5,1,0.5,0.5,5005.25,5005.25,1.0,2026-06-15T00:06:02.000000Z,2026-06-15T00:06:02.000000Z,362,362
2026-06-15T00:06:03.000000Z,BTCUSDT,futures,10009.5,10009.5,10009.5,10009.5,1.0,10009.5,1,0.5,0.5,5004.75,5004.75,1.0,2026-06-15T00:06:03.000000Z,2026-06-15T00:06:03.000000Z,363,363
2026-06-15T00:06:04.000000Z,BTCUSDT,futures,10010.0,10010.0,10010.0,10010.0,1.0,10010.0,1,0.5,0.5,5005.0,5005.0,1.0,2026-06-15T00:06:04.000000Z,2026-06-15T00:06:04.000000Z,364,364
2026-06-15T00:06:05.000000Z,BTCUSDT,futures,10010.5,10010.5,10010.5,10010.5,1.0,10010.5,1,0.5,0.5,5005.25,5005.25,1.0,2026-06-15T00:06:05.000000Z,2026-06-15T00:06:05.000000Z,365,365
2026-06-15T00:06:06.000000Z,BTCUSDT,futures,10009.5,10009.5,10009.5,10009.5,1.0,10009.5,1,0.5,0.5,5004.75,5004.75,1.0,2026-06-15T00:06:06.000000Z,2026-06-15T00:06:06.000000Z,366,366
2026-06-15T00:06:07.000000Z,BTCUSDT,futures,10010.0,10010.0,10010.0,10010.0,1.0,10010.0,1,0.5,0.5,5005.0,5005.0,1.0,2026-06-15T00:06:07.000000Z,2026-06-15T00:06:07.000000Z,367,367
2026-06-15T00:06:08.000000Z,BTCUSDT,futures,10010.5,10010.5,10010.5,10010.5,1.0,10010.5,1,0.5,0.5,5005.25,5005.25,1.0,2026-06-15T00:06:08.000000Z,2026-06-15T00:06:08.000000Z,368,368
2026-06-15T00:06:09.000000Z,BTCUSDT,futures,10009.5,10009.5,10009.5,10009.5,1.0,10009.5,1,0.5,0.5,5004.75,5004.75,1.0,2026-06-15T00:06:09.000000Z,2026-06-15T00:06:09.000000Z,369,369
2026-06-15T00:06:10.000000Z,BTCUSDT,futures,10010.0,10010.0,10010.0,10010.0,1.0,10010.0,1,0.5,0.5,5005.0,5005.0,1.0,2026-06-15T00:06:10.000000Z,2026-06-15T00:06:10.000000Z,370,370
2026-06-15T00:06:11.000000Z,BTCUSDT,futures,10010.5,10010.5,10010.5,10010.5,1.0,10010.5,1,0.5,0.5,5005.25,5005.25,1.0,2026-06-15T00:06:11.000000Z,2026-06-15T00:06:11.000000Z,371,371
2026-06-15T00:06:12.000000Z,BTCUSDT,futures,10009.5,10009.5,10009.5,10009.5,1.0,10009.5,1,0.5,0.5,5004.75,5004.75,1.0,2026-06-15T00:06:12.000000Z,2026-06-15T00:06:12.000000Z,372,372
2026-06-15T00:06:13.000000Z,BTCUSDT,futures,10010.0,10010.0,10010.0,10010.0,1.0,10010.0,1,0.5,0.5,5005.0,5005.0,1.0,2026-06-15T00:06:13.000000Z,2026-06-15T00:06:13.000000Z,373,373
2026-06-15T00:06:14.000000Z,BTCUSDT,futures,10010.5,10010.5,10010.5,10010.5,1.0,10010.5,1,0.5,0.5,5005.25,5005.25,1.0,2026-06-15T00:06:14.000000Z,2026-06-15T00:06:14.000000Z,374,374
2026-06-15T00:06:15.000000Z,BTCUSDT,futures,10009.5,10009.5,10009.5,10009.5,1.0,10009.5,1,0.5,0.5,5004.75,5004.75,1.0,2026-06-15T00:06:15.000000Z,2026-06-15T00:06:15.000000Z,375,375
2026-06-15T00:06:16.000000Z,BTCUSDT,futures,10010.0,10010.0,10010.0,10010.0,1.0,10010.0,1,0.5,0.5,5005.0,5005.0,1.0,2026-06-15T00:06:16.000000Z,2026-06-15T00:06:16.000000Z,376,376
2026-06-15T00:06:17.000000Z,BTCUSDT,futures,10010.5,10010.5,10010.5,10010.5,1.0,10010.5,1,0.5,0.5,5005.25,5005.25,1.0,2026-06-15T00:06:17.000000Z,2026-06-15T00:06:17.000000Z,377,377
2026-06-15T00:06:18.000000Z,BTCUSDT,futures,10009.5,10009.5,10009.5,10009.5,1.0,10009.5,1,0.5,0.5,5004.75,5004.75,1.0,2026-06-15T00:06:18.000000Z,2026-06-15T00:06:18.000000Z,378,378
2026-06-15T00:06:19.000000Z,BTCUSDT,futures,10010.0,10010.0,10010.0,10010.0,1.0,10010.0,1,0.5,0.5,5005.0,5005.0,1.0,2026-06-15T00:06:19.000000Z,2026-06-15T00:06:19.000000Z,379,379
2026-06-15T00:06:20.000000Z,BTCUSDT,futures,10010.5,10010.5,10010.5,10010.5,1.0,10010.5,1,0.5,0.5,5005.25,5005.25,1.0,2026-06-15T00:06:20.000000Z,2026-06-15T00:06:20.000000Z,380,380
2026-06-15T00:06:21.000000Z,BTCUSDT,futures,10009.5,10009.5,10009.5,10009.5,1.0,10009.5,1,0.5,0.5,5004.75,5004.75,1.0,2026-06-15T00:06:21.000000Z,2026-06-15T00:06:21.000000Z,381,381
2026-06-15T00:06:22.000000Z,BTCUSDT,futures,10010.0,10010.0,10010.0,10010.0,1.0,10010.0,1,0.5,0.5,5005.0,5005.0,1.0,2026-06-15T00:06:22.000000Z,2026-06-15T00:06:22.000000Z,382,382
2026-06-15T00:06:23.000000Z,BTCUSDT,futures,10010.5,10010.5,10010.5,10010.5,1.0,10010.5,1,0.5,0.5,5005.25,5005.25,1.0,2026-06-15T00:06:23.000000Z,2026-06-15T00:06:23.000000Z,383,383
2026-06-15T00:06:24.000000Z,BTCUSDT,futures,10009.5,10009.5,10009.5,10009.5,1.0,10009.5,1,0.5,0.5,5004.75,5004.75,1.0,2026-06-15T00:06:24.000000Z,2026-06-15T00:06:24.000000Z,384,384
2026-06-15T00:06:25.000000Z,BTCUSDT,futures,10010.0,10010.0,10010.0,10010.0,1.0,10010.0,1,0.5,0.5,5005.0,5005.0,1.0,2026-06-15T00:06:25.000000Z,2026-06-15T00:06:25.000000Z,385,385
2026-06-15T00:06:26.000000Z,BTCUSDT,futures,10010.5,10010.5,10010.5,10010.5,1.0,10010.5,1,0.5,0.5,5005.25,5005.25,1.0,2026-06-15T00:06:26.000000Z,2026-06-15T00:06:26.000000Z,386,386
2026-06-15T00:06:27.000000Z,BTCUSDT,futures,10009.5,10009.5,10009.5,10009.5,1.0,10009.5,1,0.5,0.5,5004.75,5004.75,1.0,2026-06-15T00:06:27.000000Z,2026-06-15T00:06:27.000000Z,387,387
2026-06-15T00:06:28.000000Z,BTCUSDT,futures,10010.0,10010.0,10010.0,10010.0,1.0,10010.0,1,0.5,0.5,5005.0,5005.0,1.0,2026-06-15T00:06:28.000000Z,2026-06-15T00:06:28.000000Z,388,388
2026-06-15T00:06:29.000000Z,BTCUSDT,futures,10010.5,10010.5,10010.5,10010.5,1.0,10010.5,1,0.5,0.5,5005.25,5005.25,1.0,2026-06-15T00:06:29.000000Z,2026-06-15T00:06:29.000000Z,389,389
2026-06-15T00:06:30.000000Z,BTCUSDT,futures,10009.5,10009.5,10009.5,10009.5,1.0,10009.5,1,0.5,0.5,5004.75,5004.75,1.0,2026-06-15T00:06:30.000000Z,2026-06-15T00:06:30.000000Z,390,390
2026-06-15T00:06:31.000000Z,BTCUSDT,futures,10010.0,10010.0,10010.0,10010.0,1.0,10010.0,1,0.5,0.5,5005.0,5005.0,1.0,2026-06-15T00:06:31.000000Z,2026-06-15T00:06:31.000000Z,391,391
2026-06-15T00:06:32.000000Z,BTCUSDT,futures,10010.5,10010.5,10010.5,10010.5,1.0,10010.5,1,0.5,0.5,5005.25,5005.25,1.0,2026-06-15T00:06:32.000000Z,2026-06-15T00:06:32.000000Z,392,392
2026-06-15T00:06:33.000000Z,BTCUSDT,futures,10009.5,10009.5,10009.5,10009.5,1.0,10009.5,1,0.5,0.5,5004.75,5004.75,1.0,2026-06-15T00:06:33.000000Z,2026-06-15T00:06:33.000000Z,393,393
2026-06-15T00:06:34.000000Z,BTCUSDT,futures,10010.0,10010.0,10010.0,10010.0,1.0,10010.0,1,0.5,0.5,5005.0,5005.0,1.0,2026-06-15T00:06:34.000000Z,2026-06-15T00:06:34.000000Z,394,394
2026-06-15T00:06:35.000000Z,BTCUSDT,futures,10010.5,10010.5,10010.5,10010.5,1.0,10010.5,1,0.5,0.5,5005.25,5005.25,1.0,2026-06-15T00:06:35.000000Z,2026-06-15T00:06:35.000000Z,395,395
2026-06-15T00:06:36.000000Z,BTCUSDT,futures,10009.5,10009.5,10009.5,10009.5,1.0,10009.5,1,0.5,0.5,5004.75,5004.75,1.0,2026-06-15T00:06:36.000000Z,2026-06-15T00:06:36.000000Z,396,396
2026-06-15T00:06:37.000000Z,BTCUSDT,futures,10010.0,10010.0,10010.0,10010.0,1.0,10010.0,1,0.5,0.5,5005.0,5005.0,1.0,2026-06-15T00:06:37.000000Z,2026-06-15T00:06:37.000000Z,397,397
2026-06-15T00:06:38.000000Z,BTCUSDT,futures,10010.5,10010.5,10010.5,10010.5,1.0,10010.5,1,0.5,0.5,5005.25,5005.25,1.0,2026-06-15T00:06:38.000000Z,2026-06-15T00:06:38.000000Z,398,398
2026-06-15T00:06:39.000000Z,BTCUSDT,futures,10009.5,10009.5,10009.5,10009.5,1.0,10009.5,1,0.5,0.5,5004.75,5004.75,1.0,2026-06-15T00:06:39.000000Z,2026-06-15T00:06:39.000000Z,399,399
2026-06-15T00:06:40.000000Z,BTCUSDT,futures,10010.0,10010.0,10010.0,10010.0,1.0,10010.0,1,0.5,0.5,5005.0,5005.0,1.0,2026-06-15T00:06:40.000000Z,2026-06-15T00:06:40.000000Z,400,400
2026-06-15T00:06:41.000000Z,BTCUSDT,futures,10010.5,10010.5,10010.5,10010.5,1.0,10010.5,1,0.5,0.5,5005.25,5005.25,1.0,2026-06-15T00:06:41.000000Z,2026-06-15T00:06:41.000000Z,401,401
2026-06-15T00:06:42.000000Z,BTCUSDT,futures,10009.5,10009.5,10009.5,10009.5,1.0,10009.5,1,0.5,0.5,5004.75,5004.75,1.0,2026-06-15T00:06:42.000000Z,2026-06-15T00:06:42.000000Z,402,402
2026-06-15T00:06:43.000000Z,BTCUSDT,futures,10010.0,10010.0,10010.0,10010.0,1.0,10010.0,1,0.5,0.5,5005.0,5005.0,1.0,2026-06-15T00:06:43.000000Z,2026-06-15T00:06:43.000000Z,403,403
2026-06-15T00:06:44.000000Z,BTCUSDT,futures,10010.5,10010.5,10010.5,10010.5,1.0,10010.5,1,0.5,0.5,5005.25,5005.25,1.0,2026-06-15T00:06:44.000000Z,2026-06-15T00:06:44.000000Z,404,404
2026-06-15T00:06:45.000000Z,BTCUSDT,futures,10009.5,10009.5,10009.5,10009.5,1.0,10009.5,1,0.5,0.5,5004.75,5004.75,1.0,2026-06-15T00:06:45.000000Z,2026-06-15T00:06:45.000000Z,405,405
2026-06-15T00:06:46.000000Z,BTCUSDT,futures,10010.0,10010.0,10010.0,10010.0,1.0,10010.0,1,0.5,0.5,5005.0,5005.0,1.0,2026-06-15T00:06:46.000000Z,2026-06-15T00:06:46.000000Z,406,406
2026-06-15T00:06:47.000000Z,BTCUSDT,futures,10010.5,10010.5,10010.5,10010.5,1.0,10010.5,1,0.5,0.5,5005.25,5005.25,1.0,2026-06-15T00:06:47.000000Z,2026-06-15T00:06:47.000000Z,407,407
2026-06-15T00:06:48.000000Z,BTCUSDT,futures,10009.5,10009.5,10009.5,10009.5,1.0,10009.5,1,0.5,0.5,5004.75,5004.75,1.0,2026-06-15T00:06:48.000000Z,2026-06-15T00:06:48.000000Z,408,408
2026-06-15T00:06:49.000000Z,BTCUSDT,futures,10010.0,10010.0,10010.0,10010.0,1.0,10010.0,1,0.5,0.5,5005.0,5005.0,1.0,2026-06-15T00:06:49.000000Z,2026-06-15T00:06:49.000000Z,409,409
2026-06-15T00:06:50.000000Z,BTCUSDT,futures,10010.5,10010.5,10010.5,10010.5,1.0,10010.5,1,0.5,0.5,5005.25,5005.25,1.0,2026-06-15T00:06:50.000000Z,2026-06-15T00:06:50.000000Z,410,410
2026-06-15T00:06:51.000000Z,BTCUSDT,futures,10009.5,10009.5,10009.5,10009.5,1.0,10009.5,1,0.5,0.5,5004.75,5004.75,1.0,2026-06-15T00:06:51.000000Z,2026-06-15T00:06:51.000000Z,411,411
2026-06-15T00:06:52.000000Z,BTCUSDT,futures,10010.0,10010.0,10010.0,10010.0,1.0,10010.0,1,0.5,0.5,5005.0,5005.0,1.0,2026-06-15T00:06:52.000000Z,2026-06-15T00:06:52.000000Z,412,412
2026-06-15T00:06:53.000000Z,BTCUSDT,futures,10010.5,10010.5,10010.5,10010.5,1.0,10010.5,1,0.5,0.5,5005.25,5005.25,1.0,2026-06-15T00:06:53.000000Z,2026-06-15T00:06:53.000000Z,413,413
2026-06-15T00:06:54.000000Z,BTCUSDT,futures,10009.5,10009.5,10009.5,10009.5,1.0,10009.5,1,0.5,0.5,5004.75,5004.75,1.0,2026-06-15T00:06:54.000000Z,2026-06-15T00:06:54.000000Z,414,414
2026-06-15T00:06:55.000000Z,BTCUSDT,futures,10010.0,10010.0,10010.0,10010.0,1.0,10010.0,1,0.5,0.5,5005.0,5005.0,1.0,2026-06-15T00:06:55.000000Z,2026-06-15T00:06:55.000000Z,415,415
2026-06-15T00:06:56.000000Z,BTCUSDT,futures,10010.5,10010.5,10010.5,10010.5,1.0,10010.5,1,0.5,0.5,5005.25,5005.25,1.0,2026-06-15T00:06:56.000000Z,2026-06-15T00:06:56.000000Z,416,416
2026-06-15T00:06:57.000000Z,BTCUSDT,futures,10009.5,10009.5,10009.5,10009.5,1.0,10009.5,1,0.5,0.5,5004.75,5004.75,1.0,2026-06-15T00:06:57.000000Z,2026-06-15T00:06:57.000000Z,417,417
2026-06-15T00:06:58.000000Z,BTCUSDT,futures,10010.0,10010.0,10010.0,10010.0,1.0,10010.0,1,0.5,0.5,5005.0,5005.0,1.0,2026-06-15T00:06:58.000000Z,2026-06-15T00:06:58.000000Z,418,418
2026-06-15T00:06:59.000000Z,BTCUSDT,futures,10010.5,10010.5,10010.5,10010.5,1.0,10010.5,1,0.5,0.5,5005.25,5005.25,1.0,2026-06-15T00:06:59.000000Z,2026-06-15T00:06:59.000000Z,419,419
2026-06-15T00:07:00.000000Z,BTCUSDT,futures,10009.5,10009.5,10009.5,10009.5,1.0,10009.5,1,0.5,0.5,5004.75,5004.75,1.0,2026-06-15T00:07:00.000000Z,2026-06-15T00:07:00.000000Z,420,420
2026-06-15T00:07:01.000000Z,BTCUSDT,futures,10010.0,10010.0,10010.0,10010.0,1.0,10010.0,1,0.5,0.5,5005.0,5005.0,1.0,2026-06-15T00:07:01.000000Z,2026-06-15T00:07:01.000000Z,421,421
2026-06-15T00:07:02.000000Z,BTCUSDT,futures,10010.5,10010.5,10010.5,10010.5,1.0,10010.5,1,0.5,0.5,5005.25,5005.25,1.0,2026-06-15T00:07:02.000000Z,2026-06-15T00:07:02.000000Z,422,422
2026-06-15T00:07:03.000000Z,BTCUSDT,futures,10009.5,10009.5,10009.5,10009.5,1.0,10009.5,1,0.5,0.5,5004.75,5004.75,1.0,2026-06-15T00:07:03.000000Z,2026-06-15T00:07:03.000000Z,423,423
2026-06-15T00:07:04.000000Z,BTCUSDT,futures,10010.0,10010.0,10010.0,10010.0,1.0,10010.0,1,0.5,0.5,5005.0,5005.0,1.0,2026-06-15T00:07:04.000000Z,2026-06-15T00:07:04.000000Z,424,424
2026-06-15T00:07:05.000000Z,BTCUSDT,futures,10010.5,10010.5,10010.5,10010.5,1.0,10010.5,1,0.5,0.5,5005.25,5005.25,1.0,2026-06-15T00:07:05.000000Z,2026-06-15T00:07:05.000000Z,425,425
2026-06-15T00:07:06.000000Z,BTCUSDT,futures,10009.5,10009.5,10009.5,10009.5,1.0,10009.5,1,0.5,0.5,5004.75,5004.75,1.0,2026-06-15T00:07:06.000000Z,2026-06-15T00:07:06.000000Z,426,426
2026-06-15T00:07:07.000000Z,BTCUSDT,futures,10010.0,10010.0,10010.0,10010.0,1.0,10010.0,1,0.5,0.5,5005.0,5005.0,1.0,2026-06-15T00:07:07.000000Z,2026-06-15T00:07:07.000000Z,427,427
2026-06-15T00:07:08.000000Z,BTCUSDT,futures,10010.5,10010.5,10010.5,10010.5,1.0,10010.5,1,0.5,0.5,5005.25,5005.25,1.0,2026-06-15T00:07:08.000000Z,2026-06-15T00:07:08.000000Z,428,428
2026-06-15T00:07:09.000000Z,BTCUSDT,futures,10009.5,10009.5,10009.5,10009.5,1.0,10009.5,1,0.5,0.5,5004.75,5004.75,1.0,2026-06-15T00:07:09.000000Z,2026-06-15T00:07:09.000000Z,429,429
2026-06-15T00:07:10.000000Z,BTCUSDT,futures,10010.0,10010.0,10010.0,10010.0,1.0,10010.0,1,0.5,0.5,5005.0,5005.0,1.0,2026-06-15T00:07:10.000000Z,2026-06-15T00:07:10.000000Z,430,430
2026-06-15T00:07:11.000000Z,BTCUSDT,futures,10010.5,10010.5,10010.5,10010.5,1.0,10010.5,1,0.5,0.5,5005.25,5005.25,1.0,2026-06-15T00:07:11.000000Z,2026-06-15T00:07:11.000000Z,431,431
2026-06-15T00:07:12.000000Z,BTCUSDT,futures,10009.5,10009.5,10009.5,10009.5,1.0,10009.5,1,0.5,0.5,5004.75,5004.75,1.0,2026-06-15T00:07:12.000000Z,2026-06-15T00:07:12.000000Z,432,432
2026-06-15T00:07:13.000000Z,BTCUSDT,futures,10010.0,10010.0,10010.0,10010.0,1.0,10010.0,1,0.5,0.5,5005.0,5005.0,1.0,2026-06-15T00:07:13.000000Z,2026-06-15T00:07:13.000000Z,433,433
2026-06-15T00:07:14.000000Z,BTCUSDT,futures,10010.5,10010.5,10010.5,10010.5,1.0,10010.5,1,0.5,0.5,5005.25,5005.25,1.0,2026-06-15T00:07:14.000000Z,2026-06-15T00:07:14.000000Z,434,434
2026-06-15T00:07:15.000000Z,BTCUSDT,futures,10009.5,10009.5,10009.5,10009.5,1.0,10009.5,1,0.5,0.5,5004.75,5004.75,1.0,2026-06-15T00:07:15.000000Z,2026-06-15T00:07:15.000000Z,435,435
2026-06-15T00:07:16.000000Z,BTCUSDT,futures,10010.0,10010.0,10010.0,10010.0,1.0,10010.0,1,0.5,0.5,5005.0,5005.0,1.0,2026-06-15T00:07:16.000000Z,2026-06-15T00:07:16.000000Z,436,436
2026-06-15T00:07:17.000000Z,BTCUSDT,futures,10010.5,10010.5,10010.5,10010.5,1.0,10010.5,1,0.5,0.5,5005.25,5005.25,1.0,2026-06-15T00:07:17.000000Z,2026-06-15T00:07:17.000000Z,437,437
2026-06-15T00:07:18.000000Z,BTCUSDT,futures,10009.5,10009.5,10009.5,10009.5,1.0,10009.5,1,0.5,0.5,5004.75,5004.75,1.0,2026-06-15T00:07:18.000000Z,2026-06-15T00:07:18.000000Z,438,438
2026-06-15T00:07:19.000000Z,BTCUSDT,futures,10010.0,10010.0,10010.0,10010.0,1.0,10010.0,1,0.5,0.5,5005.0,5005.0,1.0,2026-06-15T00:07:19.000000Z,2026-06-15T00:07:19.000000Z,439,439
2026-06-15T00:07:20.000000Z,BTCUSDT,futures,10010.5,10010.5,10010.5,10010.5,1.0,10010.5,1,0.5,0.5,5005.25,5005.25,1.0,2026-06-15T00:07:20.000000Z,2026-06-15T00:07:20.000000Z,440,440
2026-06-15T00:07:21.000000Z,BTCUSDT,futures,10009.5,10009.5,10009.5,10009.5,1.0,10009.5,1,0.5,0.5,5004.75,5004.75,1.0,2026-06-15T00:07:21.000000Z,2026-06-15T00:07:21.000000Z,441,441
2026-06-15T00:07:22.000000Z,BTCUSDT,futures,10010.0,10010.0,10010.0,10010.0,1.0,10010.0,1,0.5,0.5,5005.0,5005.0,1.0,2026-06-15T00:07:22.000000Z,2026-06-15T00:07:22.000000Z,442,442
2026-06-15T00:07:23.000000Z,BTCUSDT,futures,10010.5,10010.5,10010.5,10010.5,1.0,10010.5,1,0.5,0.5,5005.25,5005.25,1.0,2026-06-15T00:07:23.000000Z,2026-06-15T00:07:23.000000Z,443,443
2026-06-15T00:07:24.000000Z,BTCUSDT,futures,10009.5,10009.5,10009.5,10009.5,1.0,10009.5,1,0.5,0.5,5004.75,5004.75,1.0,2026-06-15T00:07:24.000000Z,2026-06-15T00:07:24.000000Z,444,444
2026-06-15T00:07:25.000000Z,BTCUSDT,futures,10010.0,10010.0,10010.0,10010.0,1.0,10010.0,1,0.5,0.5,5005.0,5005.0,1.0,2026-06-15T00:07:25.000000Z,2026-06-15T00:07:25.000000Z,445,445
2026-06-15T00:07:26.000000Z,BTCUSDT,futures,10010.5,10010.5,10010.5,10010.5,1.0,10010.5,1,0.5,0.5,5005.25,5005.25,1.0,2026-06-15T00:07:26.000000Z,2026-06-15T00:07:26.000000Z,446,446
2026-06-15T00:07:27.000000Z,BTCUSDT,futures,10009.5,10009.5,10009.5,10009.5,1.0,10009.5,1,0.5,0.5,5004.75,5004.75,1.0,2026-06-15T00:07:27.000000Z,2026-06-15T00:07:27.000000Z,447,447
2026-06-15T00:07:28.000000Z,BTCUSDT,futures,10010.0,10010.0,10010.0,10010.0,1.0,10010.0,1,0.5,0.5,5005.0,5005.0,1.0,2026-06-15T00:07:28.000000Z,2026-06-15T00:07:28.000000Z,448,448
2026-06-15T00:07:29.000000Z,BTCUSDT,futures,10010.5,10010.5,10010.5,10010.5,1.0,10010.5,1,0.5,0.5,5005.25,5005.25,1.0,2026-06-15T00:07:29.000000Z,2026-06-15T00:07:29.000000Z,449,449
2026-06-15T00:07:30.000000Z,BTCUSDT,futures,10009.5,10009.5,10009.5,10009.5,1.0,10009.5,1,0.5,0.5,5004.75,5004.75,1.0,2026-06-15T00:07:30.000000Z,2026-06-15T00:07:30.000000Z,450,450
2026-06-15T00:07:31.000000Z,BTCUSDT,futures,10010.0,10010.0,10010.0,10010.0,1.0,10010.0,1,0.5,0.5,5005.0,5005.0,1.0,2026-06-15T00:07:31.000000Z,2026-06-15T00:07:31.000000Z,451,451
2026-06-15T00:07:32.000000Z,BTCUSDT,futures,10010.5,10010.5,10010.5,10010.5,1.0,10010.5,1,0.5,0.5,5005.25,5005.25,1.0,2026-06-15T00:07:32.000000Z,2026-06-15T00:07:32.000000Z,452,452
2026-06-15T00:07:33.000000Z,BTCUSDT,futures,10009.5,10009.5,10009.5,10009.5,1.0,10009.5,1,0.5,0.5,5004.75,5004.75,1.0,2026-06-15T00:07:33.000000Z,2026-06-15T00:07:33.000000Z,453,453
2026-06-15T00:07:34.000000Z,BTCUSDT,futures,10010.0,10010.0,10010.0,10010.0,1.0,10010.0,1,0.5,0.5,5005.0,5005.0,1.0,2026-06-15T00:07:34.000000Z,2026-06-15T00:07:34.000000Z,454,454
2026-06-15T00:07:35.000000Z,BTCUSDT,futures,10010.5,10010.5,10010.5,10010.5,1.0,10010.5,1,0.5,0.5,5005.25,5005.25,1.0,2026-06-15T00:07:35.000000Z,2026-06-15T00:07:35.000000Z,455,455
2026-06-15T00:07:36.000000Z,BTCUSDT,futures,10009.5,10009.5,10009.5,10009.5,1.0,10009.5,1,0.5,0.5,5004.75,5004.75,1.0,2026-06-15T00:07:36.000000Z,2026-06-15T00:07:36.000000Z,456,456
2026-06-15T00:07:37.000000Z,BTCUSDT,futures,10010.0,10010.0,10010.0,10010.0,1.0,10010.0,1,0.5,0.5,5005.0,5005.0,1.0,2026-06-15T00:07:37.000000Z,2026-06-15T00:07:37.000000Z,457,457
2026-06-15T00:07:38.000000Z,BTCUSDT,futures,10010.5,10010.5,10010.5,10010.5,1.0,10010.5,1,0.5,0.5,5005.25,5005.25,1.0,2026-06-15T00:07:38.000000Z,2026-06-15T00:07:38.000000Z,458,458
2026-06-15T00:07:39.000000Z,BTCUSDT,futures,10009.5,10009.5,10009.5,10009.5,1.0,10009.5,1,0.5,0.5,5004.75,5004.75,1.0,2026-06-15T00:07:39.000000Z,2026-06-15T00:07:39.000000Z,459,459
2026-06-15T00:07:40.000000Z,BTCUSDT,futures,10010.0,10010.0,10010.0,10010.0,1.0,10010.0,1,0.5,0.5,5005.0,5005.0,1.0,2026-06-15T00:07:40.000000Z,2026-06-15T00:07:40.000000Z,460,460
2026-06-15T00:07:41.000000Z,BTCUSDT,futures,10010.5,10010.5,10010.5,10010.5,1.0,10010.5,1,0.5,0.5,5005.25,5005.25,1.0,2026-06-15T00:07:41.000000Z,2026-06-15T00:07:41.000000Z,461,461
2026-06-15T00:07:42.000000Z,BTCUSDT,futures,10009.5,10009.5,10009.5,10009.5,1.0,10009.5,1,0.5,0.5,5004.75,5004.75,1.0,2026-06-15T00:07:42.000000Z,2026-06-15T00:07:42.000000Z,462,462
2026-06-15T00:07:43.000000Z,BTCUSDT,futures,10010.0,10010.0,10010.0,10010.0,1.0,10010.0,1,0.5,0.5,5005.0,5005.0,1.0,2026-06-15T00:07:43.000000Z,2026-06-15T00:07:43.000000Z,463,463
2026-06-15T00:07:44.000000Z,BTCUSDT,futures,10010.5,10010.5,10010.5,10010.5,1.0,10010.5,1,0.5,0.5,5005.25,5005.25,1.0,2026-06-15T00:07:44.000000Z,2026-06-15T00:07:44.000000Z,464,464
2026-06-15T00:07:45.000000Z,BTCUSDT,futures,10009.5,10009.5,10009.5,10009.5,1.0,10009.5,1,0.5,0.5,5004.75,5004.75,1.0,2026-06-15T00:07:45.000000Z,2026-06-15T00:07:45.000000Z,465,465
2026-06-15T00:07:46.000000Z,BTCUSDT,futures,10010.0,10010.0,10010.0,10010.0,1.0,10010.0,1,0.5,0.5,5005.0,5005.0,1.0,2026-06-15T00:07:46.000000Z,2026-06-15T00:07:46.000000Z,466,466
2026-06-15T00:07:47.000000Z,BTCUSDT,futures,10010.5,10010.5,10010.5,10010.5,1.0,10010.5,1,0.5,0.5,5005.25,5005.25,1.0,2026-06-15T00:07:47.000000Z,2026-06-15T00:07:47.000000Z,467,467
2026-06-15T00:07:48.000000Z,BTCUSDT,futures,10009.5,10009.5,10009.5,10009.5,1.0,10009.5,1,0.5,0.5,5004.75,5004.75,1.0,2026-06-15T00:07:48.000000Z,2026-06-15T00:07:48.000000Z,468,468
2026-06-15T00:07:49.000000Z,BTCUSDT,futures,10010.0,10010.0,10010.0,10010.0,1.0,10010.0,1,0.5,0.5,5005.0,5005.0,1.0,2026-06-15T00:07:49.000000Z,2026-06-15T00:07:49.000000Z,469,469
2026-06-15T00:07:50.000000Z,BTCUSDT,futures,10010.5,10010.5,10010.5,10010.5,1.0,10010.5,1,0.5,0.5,5005.25,5005.25,1.0,2026-06-15T00:07:50.000000Z,2026-06-15T00:07:50.000000Z,470,470
2026-06-15T00:07:51.000000Z,BTCUSDT,futures,10009.5,10009.5,10009.5,10009.5,1.0,10009.5,1,0.5,0.5,5004.75,5004.75,1.0,2026-06-15T00:07:51.000000Z,2026-06-15T00:07:51.000000Z,471,471
2026-06-15T00:07:52.000000Z,BTCUSDT,futures,10010.0,10010.0,10010.0,10010.0,1.0,10010.0,1,0.5,0.5,5005.0,5005.0,1.0,2026-06-15T00:07:52.000000Z,2026-06-15T00:07:52.000000Z,472,472
2026-06-15T00:07:53.000000Z,BTCUSDT,futures,10010.5,10010.5,10010.5,10010.5,1.0,10010.5,1,0.5,0.5,5005.25,5005.25,1.0,2026-06-15T00:07:53.000000Z,2026-06-15T00:07:53.000000Z,473,473
2026-06-15T00:07:54.000000Z,BTCUSDT,futures,10009.5,10009.5,10009.5,10009.5,1.0,10009.5,1,0.5,0.5,5004.75,5004.75,1.0,2026-06-15T00:07:54.000000Z,2026-06-15T00:07:54.000000Z,474,474
2026-06-15T00:07:55.000000Z,BTCUSDT,futures,10010.0,10010.0,10010.0,10010.0,1.0,10010.0,1,0.5,0.5,5005.0,5005.0,1.0,2026-06-15T00:07:55.000000Z,2026-06-15T00:07:55.000000Z,475,475
2026-06-15T00:07:56.000000Z,BTCUSDT,futures,10010.5,10010.5,10010.5,10010.5,1.0,10010.5,1,0.5,0.5,5005.25,5005.25,1.0,2026-06-15T00:07:56.000000Z,2026-06-15T00:07:56.000000Z,476,476
2026-06-15T00:07:57.000000Z,BTCUSDT,futures,10009.5,10009.5,10009.5,10009.5,1.0,10009.5,1,0.5,0.5,5004.75,5004.75,1.0,2026-06-15T00:07:57.000000Z,2026-06-15T00:07:57.000000Z,477,477
2026-06-15T00:07:58.000000Z,BTCUSDT,futures,10010.0,10010.0,10010.0,10010.0,1.0,10010.0,1,0.5,0.5,5005.0,5005.0,1.0,2026-06-15T00:07:58.000000Z,2026-06-15T00:07:58.000000Z,478,478
2026-06-15T00:07:59.000000Z,BTCUSDT,futures,10010.5,10010.5,10010.5,10010.5,1.0,10010.5,1,0.5,0.5,5005.25,5005.25,1.0,2026-06-15T00:07:59.000000Z,2026-06-15T00:07:59.000000Z,479,479
2026-06-15T00:08:00.000000Z,BTCUSDT,futures,10009.5,10009.5,10009.5,10009.5,1.0,10009.5,1,0.5,0.5,5004.75,5004.75,1.0,2026-06-15T00:08:00.000000Z,2026-06-15T00:08:00.000000Z,480,480
2026-06-15T00:08:01.000000Z,BTCUSDT,futures,10010.0,10010.0,10010.0,10010.0,1.0,10010.0,1,0.5,0.5,5005.0,5005.0,1.0,2026-06-15T00:08:01.000000Z,2026-06-15T00:08:01.000000Z,481,481
2026-06-15T00:08:02.000000Z,BTCUSDT,futures,10010.5,10010.5,10010.5,10010.5,1.0,10010.5,1,0.5,0.5,5005.25,5005.25,1.0,2026-06-15T00:08:02.000000Z,2026-06-15T00:08:02.000000Z,482,482
2026-06-15T00:08:03.000000Z,BTCUSDT,futures,10009.5,10009.5,10009.5,10009.5,1.0,10009.5,1,0.5,0.5,5004.75,5004.75,1.0,2026-06-15T00:08:03.000000Z,2026-06-15T00:08:03.000000Z,483,483
2026-06-15T00:08:04.000000Z,BTCUSDT,futures,10010.0,10010.0,10010.0,10010.0,1.0,10010.0,1,0.5,0.5,5005.0,5005.0,1.0,2026-06-15T00:08:04.000000Z,2026-06-15T00:08:04.000000Z,484,484
2026-06-15T00:08:05.000000Z,BTCUSDT,futures,10010.5,10010.5,10010.5,10010.5,1.0,10010.5,1,0.5,0.5,5005.25,5005.25,1.0,2026-06-15T00:08:05.000000Z,2026-06-15T00:08:05.000000Z,485,485
2026-06-15T00:08:06.000000Z,BTCUSDT,futures,10009.5,10009.5,10009.5,10009.5,1.0,10009.5,1,0.5,0.5,5004.75,5004.75,1.0,2026-06-15T00:08:06.000000Z,2026-06-15T00:08:06.000000Z,486,486
2026-06-15T00:08:07.000000Z,BTCUSDT,futures,10010.0,10010.0,10010.0,10010.0,1.0,10010.0,1,0.5,0.5,5005.0,5005.0,1.0,2026-06-15T00:08:07.000000Z,2026-06-15T00:08:07.000000Z,487,487
2026-06-15T00:08:08.000000Z,BTCUSDT,futures,10010.5,10010.5,10010.5,10010.5,1.0,10010.5,1,0.5,0.5,5005.25,5005.25,1.0,2026-06-15T00:08:08.000000Z,2026-06-15T00:08:08.000000Z,488,488
2026-06-15T00:08:09.000000Z,BTCUSDT,futures,10009.5,10009.5,10009.5,10009.5,1.0,10009.5,1,0.5,0.5,5004.75,5004.75,1.0,2026-06-15T00:08:09.000000Z,2026-06-15T00:08:09.000000Z,489,489
2026-06-15T00:08:10.000000Z,BTCUSDT,futures,10010.0,10010.0,10010.0,10010.0,1.0,10010.0,1,0.5,0.5,5005.0,5005.0,1.0,2026-06-15T00:08:10.000000Z,2026-06-15T00:08:10.000000Z,490,490
2026-06-15T00:08:11.000000Z,BTCUSDT,futures,10010.5,10010.5,10010.5,10010.5,1.0,10010.5,1,0.5,0.5,5005.25,5005.25,1.0,2026-06-15T00:08:11.000000Z,2026-06-15T00:08:11.000000Z,491,491
2026-06-15T00:08:12.000000Z,BTCUSDT,futures,10009.5,10009.5,10009.5,10009.5,1.0,10009.5,1,0.5,0.5,5004.75,5004.75,1.0,2026-06-15T00:08:12.000000Z,2026-06-15T00:08:12.000000Z,492,492
2026-06-15T00:08:13.000000Z,BTCUSDT,futures,10010.0,10010.0,10010.0,10010.0,1.0,10010.0,1,0.5,0.5,5005.0,5005.0,1.0,2026-06-15T00:08:13.000000Z,2026-06-15T00:08:13.000000Z,493,493
2026-06-15T00:08:14.000000Z,BTCUSDT,futures,10010.5,10010.5,10010.5,10010.5,1.0,10010.5,1,0.5,0.5,5005.25,5005.25,1.0,2026-06-15T00:08:14.000000Z,2026-06-15T00:08:14.000000Z,494,494
2026-06-15T00:08:15.000000Z,BTCUSDT,futures,10009.5,10009.5,10009.5,10009.5,1.0,10009.5,1,0.5,0.5,5004.75,5004.75,1.0,2026-06-15T00:08:15.000000Z,2026-06-15T00:08:15.000000Z,495,495
2026-06-15T00:08:16.000000Z,BTCUSDT,futures,10010.0,10010.0,10010.0,10010.0,1.0,10010.0,1,0.5,0.5,5005.0,5005.0,1.0,2026-06-15T00:08:16.000000Z,2026-06-15T00:08:16.000000Z,496,496
2026-06-15T00:08:17.000000Z,BTCUSDT,futures,10010.5,10010.5,10010.5,10010.5,1.0,10010.5,1,0.5,0.5,5005.25,5005.25,1.0,2026-06-15T00:08:17.000000Z,2026-06-15T00:08:17.000000Z,497,497
2026-06-15T00:08:18.000000Z,BTCUSDT,futures,10009.5,10009.5,10009.5,10009.5,1.0,10009.5,1,0.5,0.5,5004.75,5004.75,1.0,2026-06-15T00:08:18.000000Z,2026-06-15T00:08:18.000000Z,498,498
2026-06-15T00:08:19.000000Z,BTCUSDT,futures,10010.0,10010.0,10010.0,10010.0,1.0,10010.0,1,0.5,0.5,5005.0,5005.0,1.0,2026-06-15T00:08:19.000000Z,2026-06-15T00:08:19.000000Z,499,499
2026-06-15T00:08:20.000000Z,BTCUSDT,futures,10010.5,10010.5,10010.5,10010.5,1.0,10010.5,1,0.5,0.5,5005.25,5005.25,1.0,2026-06-15T00:08:20.000000Z,2026-06-15T00:08:20.000000Z,500,500
2026-06-15T00:08:21.000000Z,BTCUSDT,futures,10009.5,10009.5,10009.5,10009.5,1.0,10009.5,1,0.5,0.5,5004.75,5004.75,1.0,2026-06-15T00:08:21.000000Z,2026-06-15T00:08:21.000000Z,501,501
2026-06-15T00:08:22.000000Z,BTCUSDT,futures,10010.0,10010.0,10010.0,10010.0,1.0,10010.0,1,0.5,0.5,5005.0,5005.0,1.0,2026-06-15T00:08:22.000000Z,2026-06-15T00:08:22.000000Z,502,502
2026-06-15T00:08:23.000000Z,BTCUSDT,futures,10010.5,10010.5,10010.5,10010.5,1.0,10010.5,1,0.5,0.5,5005.25,5005.25,1.0,2026-06-15T00:08:23.000000Z,2026-06-15T00:08:23.000000Z,503,503
2026-06-15T00:08:24.000000Z,BTCUSDT,futures,10009.5,10009.5,10009.5,10009.5,1.0,10009.5,1,0.5,0.5,5004.75,5004.75,1.0,2026-06-15T00:08:24.000000Z,2026-06-15T00:08:24.000000Z,504,504
2026-06-15T00:08:25.000000Z,BTCUSDT,futures,10010.0,10010.0,10010.0,10010.0,1.0,10010.0,1,0.5,0.5,5005.0,5005.0,1.0,2026-06-15T00:08:25.000000Z,2026-06-15T00:08:25.000000Z,505,505
2026-06-15T00:08:26.000000Z,BTCUSDT,futures,10010.5,10010.5,10010.5,10010.5,1.0,10010.5,1,0.5,0.5,5005.25,5005.25,1.0,2026-06-15T00:08:26.000000Z,2026-06-15T00:08:26.000000Z,506,506
2026-06-15T00:08:27.000000Z,BTCUSDT,futures,10009.5,10009.5,10009.5,10009.5,1.0,10009.5,1,0.5,0.5,5004.75,5004.75,1.0,2026-06-15T00:08:27.000000Z,2026-06-15T00:08:27.000000Z,507,507
2026-06-15T00:08:28.000000Z,BTCUSDT,futures,10010.0,10010.0,10010.0,10010.0,1.0,10010.0,1,0.5,0.5,5005.0,5005.0,1.0,2026-06-15T00:08:28.000000Z,2026-06-15T00:08:28.000000Z,508,508
2026-06-15T00:08:29.000000Z,BTCUSDT,futures,10010.5,10010.5,10010.5,10010.5,1.0,10010.5,1,0.5,0.5,5005.25,5005.25,1.0,2026-06-15T00:08:29.000000Z,2026-06-15T00:08:29.000000Z,509,509
2026-06-15T00:08:30.000000Z,BTCUSDT,futures,10009.5,10009.5,10009.5,10009.5,1.0,10009.5,1,0.5,0.5,5004.75,5004.75,1.0,2026-06-15T00:08:30.000000Z,2026-06-15T00:08:30.000000Z,510,510
2026-06-15T00:08:31.000000Z,BTCUSDT,futures,10010.0,10010.0,10010.0,10010.0,1.0,10010.0,1,0.5,0.5,5005.0,5005.0,1.0,2026-06-15T00:08:31.000000Z,2026-06-15T00:08:31.000000Z,511,511
2026-06-15T00:08:32.000000Z,BTCUSDT,futures,10010.5,10010.5,10010.5,10010.5,1.0,10010.5,1,0.5,0.5,5005.25,5005.25,1.0,2026-06-15T00:08:32.000000Z,2026-06-15T00:08:32.000000Z,512,512
2026-06-15T00:08:33.000000Z,BTCUSDT,futures,10009.5,10009.5,10009.5,10009.5,1.0,10009.5,1,0.5,0.5,5004.75,5004.75,1.0,2026-06-15T00:08:33.000000Z,2026-06-15T00:08:33.000000Z,513,513
2026-06-15T00:08:34.000000Z,BTCUSDT,futures,10010.0,10010.0,10010.0,10010.0,1.0,10010.0,1,0.5,0.5,5005.0,5005.0,1.0,2026-06-15T00:08:34.000000Z,2026-06-15T00:08:34.000000Z,514,514
2026-06-15T00:08:35.000000Z,BTCUSDT,futures,10010.5,10010.5,10010.5,10010.5,1.0,10010.5,1,0.5,0.5,5005.25,5005.25,1.0,2026-06-15T00:08:35.000000Z,2026-06-15T00:08:35.000000Z,515,515
2026-06-15T00:08:36.000000Z,BTCUSDT,futures,10009.5,10009.5,10009.5,10009.5,1.0,10009.5,1,0.5,0.5,5004.75,5004.75,1.0,2026-06-15T00:08:36.000000Z,2026-06-15T00:08:36.000000Z,516,516
2026-06-15T00:08:37.000000Z,BTCUSDT,futures,10010.0,10010.0,10010.0,10010.0,1.0,10010.0,1,0.5,0.5,5005.0,5005.0,1.0,2026-06-15T00:08:37.000000Z,2026-06-15T00:08:37.000000Z,517,517
2026-06-15T00:08:38.000000Z,BTCUSDT,futures,10010.5,10010.5,10010.5,10010.5,1.0,10010.5,1,0.5,0.5,5005.25,5005.25,1.0,2026-06-15T00:08:38.000000Z,2026-06-15T00:08:38.000000Z,518,518
2026-06-15T00:08:39.000000Z,BTCUSDT,futures,10009.5,10009.5,10009.5,10009.5,1.0,10009.5,1,0.5,0.5,5004.75,5004.75,1.0,2026-06-15T00:08:39.000000Z,2026-06-15T00:08:39.000000Z,519,519
2026-06-15T00:08:40.000000Z,BTCUSDT,futures,10010.0,10010.0,10010.0,10010.0,1.0,10010.0,1,0.5,0.5,5005.0,5005.0,1.0,2026-06-15T00:08:40.000000Z,2026-06-15T00:08:40.000000Z,520,520
2026-06-15T00:08:41.000000Z,BTCUSDT,futures,10010.5,10010.5,10010.5,10010.5,1.0,10010.5,1,0.5,0.5,5005.25,5005.25,1.0,2026-06-15T00:08:41.000000Z,2026-06-15T00:08:41.000000Z,521,521
2026-06-15T00:08:42.000000Z,BTCUSDT,futures,10009.5,10009.5,10009.5,10009.5,1.0,10009.5,1,0.5,0.5,5004.75,5004.75,1.0,2026-06-15T00:08:42.000000Z,2026-06-15T00:08:42.000000Z,522,522
2026-06-15T00:08:43.000000Z,BTCUSDT,futures,10010.0,10010.0,10010.0,10010.0,1.0,10010.0,1,0.5,0.5,5005.0,5005.0,1.0,2026-06-15T00:08:43.000000Z,2026-06-15T00:08:43.000000Z,523,523
2026-06-15T00:08:44.000000Z,BTCUSDT,futures,10010.5,10010.5,10010.5,10010.5,1.0,10010.5,1,0.5,0.5,5005.25,5005.25,1.0,2026-06-15T00:08:44.000000Z,2026-06-15T00:08:44.000000Z,524,524
2026-06-15T00:08:45.000000Z,BTCUSDT,futures,10009.5,10009.5,10009.5,10009.5,1.0,10009.5,1,0.5,0.5,5004.75,5004.75,1.0,2026-06-15T00:08:45.000000Z,2026-06-15T00:08:45.000000Z,525,525
2026-06-15T00:08:46.000000Z,BTCUSDT,futures,10010.0,10010.0,10010.0,10010.0,1.0,10010.0,1,0.5,0.5,5005.0,5005.0,1.0,2026-06-15T00:08:46.000000Z,2026-06-15T00:08:46.000000Z,526,526
2026-06-15T00:08:47.000000Z,BTCUSDT,futures,10010.5,10010.5,10010.5,10010.5,1.0,10010.5,1,0.5,0.5,5005.25,5005.25,1.0,2026-06-15T00:08:47.000000Z,2026-06-15T00:08:47.000000Z,527,527
2026-06-15T00:08:48.000000Z,BTCUSDT,futures,10009.5,10009.5,10009.5,10009.5,1.0,10009.5,1,0.5,0.5,5004.75,5004.75,1.0,2026-06-15T00:08:48.000000Z,2026-06-15T00:08:48.000000Z,528,528
2026-06-15T00:08:49.000000Z,BTCUSDT,futures,10010.0,10010.0,10010.0,10010.0,1.0,10010.0,1,0.5,0.5,5005.0,5005.0,1.0,2026-06-15T00:08:49.000000Z,2026-06-15T00:08:49.000000Z,529,529
2026-06-15T00:08:50.000000Z,BTCUSDT,futures,10010.5,10010.5,10010.5,10010.5,1.0,10010.5,1,0.5,0.5,5005.25,5005.25,1.0,2026-06-15T00:08:50.000000Z,2026-06-15T00:08:50.000000Z,530,530
2026-06-15T00:08:51.000000Z,BTCUSDT,futures,10009.5,10009.5,10009.5,10009.5,1.0,10009.5,1,0.5,0.5,5004.75,5004.75,1.0,2026-06-15T00:08:51.000000Z,2026-06-15T00:08:51.000000Z,531,531
2026-06-15T00:08:52.000000Z,BTCUSDT,futures,10010.0,10010.0,10010.0,10010.0,1.0,10010.0,1,0.5,0.5,5005.0,5005.0,1.0,2026-06-15T00:08:52.000000Z,2026-06-15T00:08:52.000000Z,532,532
2026-06-15T00:08:53.000000Z,BTCUSDT,futures,10010.5,10010.5,10010.5,10010.5,1.0,10010.5,1,0.5,0.5,5005.25,5005.25,1.0,2026-06-15T00:08:53.000000Z,2026-06-15T00:08:53.000000Z,533,533
2026-06-15T00:08:54.000000Z,BTCUSDT,futures,10009.5,10009.5,10009.5,10009.5,1.0,10009.5,1,0.5,0.5,5004.75,5004.75,1.0,2026-06-15T00:08:54.000000Z,2026-06-15T00:08:54.000000Z,534,534
2026-06-15T00:08:55.000000Z,BTCUSDT,futures,10010.0,10010.0,10010.0,10010.0,1.0,10010.0,1,0.5,0.5,5005.0,5005.0,1.0,2026-06-15T00:08:55.000000Z,2026-06-15T00:08:55.000000Z,535,535
2026-06-15T00:08:56.000000Z,BTCUSDT,futures,10010.5,10010.5,10010.5,10010.5,1.0,10010.5,1,0.5,0.5,5005.25,5005.25,1.0,2026-06-15T00:08:56.000000Z,2026-06-15T00:08:56.000000Z,536,536
2026-06-15T00:08:57.000000Z,BTCUSDT,futures,10009.5,10009.5,10009.5,10009.5,1.0,10009.5,1,0.5,0.5,5004.75,5004.75,1.0,2026-06-15T00:08:57.000000Z,2026-06-15T00:08:57.000000Z,537,537
2026-06-15T00:08:58.000000Z,BTCUSDT,futures,10010.0,10010.0,10010.0,10010.0,1.0,10010.0,1,0.5,0.5,5005.0,5005.0,1.0,2026-06-15T00:08:58.000000Z,2026-06-15T00:08:58.000000Z,538,538
2026-06-15T00:08:59.000000Z,BTCUSDT,futures,10010.5,10010.5,10010.5,10010.5,1.0,10010.5,1,0.5,0.5,5005.25,5005.25,1.0,2026-06-15T00:08:59.000000Z,2026-06-15T00:08:59.000000Z,539,539
2026-06-15T00:09:00.000000Z,BTCUSDT,futures,10009.5,10009.5,10009.5,10009.5,1.0,10009.5,1,0.5,0.5,5004.75,5004.75,1.0,2026-06-15T00:09:00.000000Z,2026-06-15T00:09:00.000000Z,540,540
2026-06-15T00:09:01.000000Z,BTCUSDT,futures,10010.0,10010.0,10010.0,10010.0,1.0,10010.0,1,0.5,0.5,5005.0,5005.0,1.0,2026-06-15T00:09:01.000000Z,2026-06-15T00:09:01.000000Z,541,541
2026-06-15T00:09:02.000000Z,BTCUSDT,futures,10010.5,10010.5,10010.5,10010.5,1.0,10010.5,1,0.5,0.5,5005.25,5005.25,1.0,2026-06-15T00:09:02.000000Z,2026-06-15T00:09:02.000000Z,542,542
2026-06-15T00:09:03.000000Z,BTCUSDT,futures,10009.5,10009.5,10009.5,10009.5,1.0,10009.5,1,0.5,0.5,5004.75,5004.75,1.0,2026-06-15T00:09:03.000000Z,2026-06-15T00:09:03.000000Z,543,543
2026-06-15T00:09:04.000000Z,BTCUSDT,futures,10010.0,10010.0,10010.0,10010.0,1.0,10010.0,1,0.5,0.5,5005.0,5005.0,1.0,2026-06-15T00:09:04.000000Z,2026-06-15T00:09:04.000000Z,544,544
2026-06-15T00:09:05.000000Z,BTCUSDT,futures,10010.5,10010.5,10010.5,10010.5,1.0,10010.5,1,0.5,0.5,5005.25,5005.25,1.0,2026-06-15T00:09:05.000000Z,2026-06-15T00:09:05.000000Z,545,545
2026-06-15T00:09:06.000000Z,BTCUSDT,futures,10009.5,10009.5,10009.5,10009.5,1.0,10009.5,1,0.5,0.5,5004.75,5004.75,1.0,2026-06-15T00:09:06.000000Z,2026-06-15T00:09:06.000000Z,546,546
2026-06-15T00:09:07.000000Z,BTCUSDT,futures,10010.0,10010.0,10010.0,10010.0,1.0,10010.0,1,0.5,0.5,5005.0,5005.0,1.0,2026-06-15T00:09:07.000000Z,2026-06-15T00:09:07.000000Z,547,547
2026-06-15T00:09:08.000000Z,BTCUSDT,futures,10010.5,10010.5,10010.5,10010.5,1.0,10010.5,1,0.5,0.5,5005.25,5005.25,1.0,2026-06-15T00:09:08.000000Z,2026-06-15T00:09:08.000000Z,548,548
2026-06-15T00:09:09.000000Z,BTCUSDT,futures,10009.5,10009.5,10009.5,10009.5,1.0,10009.5,1,0.5,0.5,5004.75,5004.75,1.0,2026-06-15T00:09:09.000000Z,2026-06-15T00:09:09.000000Z,549,549
2026-06-15T00:09:10.000000Z,BTCUSDT,futures,10010.0,10010.0,10010.0,10010.0,1.0,10010.0,1,0.5,0.5,5005.0,5005.0,1.0,2026-06-15T00:09:10.000000Z,2026-06-15T00:09:10.000000Z,550,550
2026-06-15T00:09:11.000000Z,BTCUSDT,futures,10010.5,10010.5,10010.5,10010.5,1.0,10010.5,1,0.5,0.5,5005.25,5005.25,1.0,2026-06-15T00:09:11.000000Z,2026-06-15T00:09:11.000000Z,551,551
2026-06-15T00:09:12.000000Z,BTCUSDT,futures,10009.5,10009.5,10009.5,10009.5,1.0,10009.5,1,0.5,0.5,5004.75,5004.75,1.0,2026-06-15T00:09:12.000000Z,2026-06-15T00:09:12.000000Z,552,552
2026-06-15T00:09:13.000000Z,BTCUSDT,futures,10010.0,10010.0,10010.0,10010.0,1.0,10010.0,1,0.5,0.5,5005.0,5005.0,1.0,2026-06-15T00:09:13.000000Z,2026-06-15T00:09:13.000000Z,553,553
2026-06-15T00:09:14.000000Z,BTCUSDT,futures,10010.5,10010.5,10010.5,10010.5,1.0,10010.5,1,0.5,0.5,5005.25,5005.25,1.0,2026-06-15T00:09:14.000000Z,2026-06-15T00:09:14.000000Z,554,554
2026-06-15T00:09:15.000000Z,BTCUSDT,futures,10009.5,10009.5,10009.5,10009.5,1.0,10009.5,1,0.5,0.5,5004.75,5004.75,1.0,2026-06-15T00:09:15.000000Z,2026-06-15T00:09:15.000000Z,555,555
2026-06-15T00:09:16.000000Z,BTCUSDT,futures,10010.0,10010.0,10010.0,10010.0,1.0,10010.0,1,0.5,0.5,5005.0,5005.0,1.0,2026-06-15T00:09:16.000000Z,2026-06-15T00:09:16.000000Z,556,556
2026-06-15T00:09:17.000000Z,BTCUSDT,futures,10010.5,10010.5,10010.5,10010.5,1.0,10010.5,1,0.5,0.5,5005.25,5005.25,1.0,2026-06-15T00:09:17.000000Z,2026-06-15T00:09:17.000000Z,557,557
2026-06-15T00:09:18.000000Z,BTCUSDT,futures,10009.5,10009.5,10009.5,10009.5,1.0,10009.5,1,0.5,0.5,5004.75,5004.75,1.0,2026-06-15T00:09:18.000000Z,2026-06-15T00:09:18.000000Z,558,558
2026-06-15T00:09:19.000000Z,BTCUSDT,futures,10010.0,10010.0,10010.0,10010.0,1.0,10010.0,1,0.5,0.5,5005.0,5005.0,1.0,2026-06-15T00:09:19.000000Z,2026-06-15T00:09:19.000000Z,559,559
2026-06-15T00:09:20.000000Z,BTCUSDT,futures,10010.5,10010.5,10010.5,10010.5,1.0,10010.5,1,0.5,0.5,5005.25,5005.25,1.0,2026-06-15T00:09:20.000000Z,2026-06-15T00:09:20.000000Z,560,560
2026-06-15T00:09:21.000000Z,BTCUSDT,futures,10009.5,10009.5,10009.5,10009.5,1.0,10009.5,1,0.5,0.5,5004.75,5004.75,1.0,2026-06-15T00:09:21.000000Z,2026-06-15T00:09:21.000000Z,561,561
2026-06-15T00:09:22.000000Z,BTCUSDT,futures,10010.0,10010.0,10010.0,10010.0,1.0,10010.0,1,0.5,0.5,5005.0,5005.0,1.0,2026-06-15T00:09:22.000000Z,2026-06-15T00:09:22.000000Z,562,562
2026-06-15T00:09:23.000000Z,BTCUSDT,futures,10010.5,10010.5,10010.5,10010.5,1.0,10010.5,1,0.5,0.5,5005.25,5005.25,1.0,2026-06-15T00:09:23.000000Z,2026-06-15T00:09:23.000000Z,563,563
2026-06-15T00:09:24.000000Z,BTCUSDT,futures,10009.5,10009.5,10009.5,10009.5,1.0,10009.5,1,0.5,0.5,5004.75,5004.75,1.0,2026-06-15T00:09:24.000000Z,2026-06-15T00:09:24.000000Z,564,564
2026-06-15T00:09:25.000000Z,BTCUSDT,futures,10010.0,10010.0,10010.0,10010.0,1.0,10010.0,1,0.5,0.5,5005.0,5005.0,1.0,2026-06-15T00:09:25.000000Z,2026-06-15T00:09:25.000000Z,565,565
2026-06-15T00:09:26.000000Z,BTCUSDT,futures,10010.5,10010.5,10010.5,10010.5,1.0,10010.5,1,0.5,0.5,5005.25,5005.25,1.0,2026-06-15T00:09:26.000000Z,2026-06-15T00:09:26.000000Z,566,566
2026-06-15T00:09:27.000000Z,BTCUSDT,futures,10009.5,10009.5,10009.5,10009.5,1.0,10009.5,1,0.5,0.5,5004.75,5004.75,1.0,2026-06-15T00:09:27.000000Z,2026-06-15T00:09:27.000000Z,567,567
2026-06-15T00:09:28.000000Z,BTCUSDT,futures,10010.0,10010.0,10010.0,10010.0,1.0,10010.0,1,0.5,0.5,5005.0,5005.0,1.0,2026-06-15T00:09:28.000000Z,2026-06-15T00:09:28.000000Z,568,568
2026-06-15T00:09:29.000000Z,BTCUSDT,futures,10010.5,10010.5,10010.5,10010.5,1.0,10010.5,1,0.5,0.5,5005.25,5005.25,1.0,2026-06-15T00:09:29.000000Z,2026-06-15T00:09:29.000000Z,569,569
2026-06-15T00:09:30.000000Z,BTCUSDT,futures,10009.5,10009.5,10009.5,10009.5,1.0,10009.5,1,0.5,0.5,5004.75,5004.75,1.0,2026-06-15T00:09:30.000000Z,2026-06-15T00:09:30.000000Z,570,570
2026-06-15T00:09:31.000000Z,BTCUSDT,futures,10010.0,10010.0,10010.0,10010.0,1.0,10010.0,1,0.5,0.5,5005.0,5005.0,1.0,2026-06-15T00:09:31.000000Z,2026-06-15T00:09:31.000000Z,571,571
2026-06-15T00:09:32.000000Z,BTCUSDT,futures,10010.5,10010.5,10010.5,10010.5,1.0,10010.5,1,0.5,0.5,5005.25,5005.25,1.0,2026-06-15T00:09:32.000000Z,2026-06-15T00:09:32.000000Z,572,572
2026-06-15T00:09:33.000000Z,BTCUSDT,futures,10009.5,10009.5,10009.5,10009.5,1.0,10009.5,1,0.5,0.5,5004.75,5004.75,1.0,2026-06-15T00:09:33.000000Z,2026-06-15T00:09:33.000000Z,573,573
2026-06-15T00:09:34.000000Z,BTCUSDT,futures,10010.0,10010.0,10010.0,10010.0,1.0,10010.0,1,0.5,0.5,5005.0,5005.0,1.0,2026-06-15T00:09:34.000000Z,2026-06-15T00:09:34.000000Z,574,574
2026-06-15T00:09:35.000000Z,BTCUSDT,futures,10010.5,10010.5,10010.5,10010.5,1.0,10010.5,1,0.5,0.5,5005.25,5005.25,1.0,2026-06-15T00:09:35.000000Z,2026-06-15T00:09:35.000000Z,575,575
2026-06-15T00:09:36.000000Z,BTCUSDT,futures,10009.5,10009.5,10009.5,10009.5,1.0,10009.5,1,0.5,0.5,5004.75,5004.75,1.0,2026-06-15T00:09:36.000000Z,2026-06-15T00:09:36.000000Z,576,576
2026-06-15T00:09:37.000000Z,BTCUSDT,futures,10010.0,10010.0,10010.0,10010.0,1.0,10010.0,1,0.5,0.5,5005.0,5005.0,1.0,2026-06-15T00:09:37.000000Z,2026-06-15T00:09:37.000000Z,577,577
2026-06-15T00:09:38.000000Z,BTCUSDT,futures,10010.5,10010.5,10010.5,10010.5,1.0,10010.5,1,0.5,0.5,5005.25,5005.25,1.0,2026-06-15T00:09:38.000000Z,2026-06-15T00:09:38.000000Z,578,578
2026-06-15T00:09:39.000000Z,BTCUSDT,futures,10009.5,10009.5,10009.5,10009.5,1.0,10009.5,1,0.5,0.5,5004.75,5004.75,1.0,2026-06-15T00:09:39.000000Z,2026-06-15T00:09:39.000000Z,579,579
2026-06-15T00:09:40.000000Z,BTCUSDT,futures,10010.0,10010.0,10010.0,10010.0,1.0,10010.0,1,0.5,0.5,5005.0,5005.0,1.0,2026-06-15T00:09:40.000000Z,2026-06-15T00:09:40.000000Z,580,580
2026-06-15T00:09:41.000000Z,BTCUSDT,futures,10010.5,10010.5,10010.5,10010.5,1.0,10010.5,1,0.5,0.5,5005.25,5005.25,1.0,2026-06-15T00:09:41.000000Z,2026-06-15T00:09:41.000000Z,581,581
2026-06-15T00:09:42.000000Z,BTCUSDT,futures,10009.5,10009.5,10009.5,10009.5,1.0,10009.5,1,0.5,0.5,5004.75,5004.75,1.0,2026-06-15T00:09:42.000000Z,2026-06-15T00:09:42.000000Z,582,582
2026-06-15T00:09:43.000000Z,BTCUSDT,futures,10010.0,10010.0,10010.0,10010.0,1.0,10010.0,1,0.5,0.5,5005.0,5005.0,1.0,2026-06-15T00:09:43.000000Z,2026-06-15T00:09:43.000000Z,583,583
2026-06-15T00:09:44.000000Z,BTCUSDT,futures,10010.5,10010.5,10010.5,10010.5,1.0,10010.5,1,0.5,0.5,5005.25,5005.25,1.0,2026-06-15T00:09:44.000000Z,2026-06-15T00:09:44.000000Z,584,584
2026-06-15T00:09:45.000000Z,BTCUSDT,futures,10009.5,10009.5,10009.5,10009.5,1.0,10009.5,1,0.5,0.5,5004.75,5004.75,1.0,2026-06-15T00:09:45.000000Z,2026-06-15T00:09:45.000000Z,585,585
2026-06-15T00:09:46.000000Z,BTCUSDT,futures,10010.0,10010.0,10010.0,10010.0,1.0,10010.0,1,0.5,0.5,5005.0,5005.0,1.0,2026-06-15T00:09:46.000000Z,2026-06-15T00:09:46.000000Z,586,586
2026-06-15T00:09:47.000000Z,BTCUSDT,futures,10010.5,10010.5,10010.5,10010.5,1.0,10010.5,1,0.5,0.5,5005.25,5005.25,1.0,2026-06-15T00:09:47.000000Z,2026-06-15T00:09:47.000000Z,587,587
2026-06-15T00:09:48.000000Z,BTCUSDT,futures,10009.5,10009.5,10009.5,10009.5,1.0,10009.5,1,0.5,0.5,5004.75,5004.75,1.0,2026-06-15T00:09:48.000000Z,2026-06-15T00:09:48.000000Z,588,588
2026-06-15T00:09:49.000000Z,BTCUSDT,futures,10010.0,10010.0,10010.0,10010.0,1.0,10010.0,1,0.5,0.5,5005.0,5005.0,1.0,2026-06-15T00:09:49.000000Z,2026-06-15T00:09:49.000000Z,589,589
2026-06-15T00:09:50.000000Z,BTCUSDT,futures,10010.5,10010.5,10010.5,10010.5,1.0,10010.5,1,0.5,0.5,5005.25,5005.25,1.0,2026-06-15T00:09:50.000000Z,2026-06-15T00:09:50.000000Z,590,590
2026-06-15T00:09:51.000000Z,BTCUSDT,futures,10009.5,10009.5,10009.5,10009.5,1.0,10009.5,1,0.5,0.5,5004.75,5004.75,1.0,2026-06-15T00:09:51.000000Z,2026-06-15T00:09:51.000000Z,591,591
2026-06-15T00:09:52.000000Z,BTCUSDT,futures,10010.0,10010.0,10010.0,10010.0,1.0,10010.0,1,0.5,0.5,5005.0,5005.0,1.0,2026-06-15T00:09:52.000000Z,2026-06-15T00:09:52.000000Z,592,592
2026-06-15T00:09:53.000000Z,BTCUSDT,futures,10010.5,10010.5,10010.5,10010.5,1.0,10010.5,1,0.5,0.5,5005.25,5005.25,1.0,2026-06-15T00:09:53.000000Z,2026-06-15T00:09:53.000000Z,593,593
2026-06-15T00:09:54.000000Z,BTCUSDT,futures,10009.5,10009.5,10009.5,10009.5,1.0,10009.5,1,0.5,0.5,5004.75,5004.75,1.0,2026-06-15T00:09:54.000000Z,2026-06-15T00:09:54.000000Z,594,594
2026-06-15T00:09:55.000000Z,BTCUSDT,futures,10010.0,10010.0,10010.0,10010.0,1.0,10010.0,1,0.5,0.5,5005.0,5005.0,1.0,2026-06-15T00:09:55.000000Z,2026-06-15T00:09:55.000000Z,595,595
2026-06-15T00:09:56.000000Z,BTCUSDT,futures,10010.5,10010.5,10010.5,10010.5,1.0,10010.5,1,0.5,0.5,5005.25,5005.25,1.0,2026-06-15T00:09:56.000000Z,2026-06-15T00:09:56.000000Z,596,596
2026-06-15T00:09:57.000000Z,BTCUSDT,futures,10009.5,10009.5,10009.5,10009.5,1.0,10009.5,1,0.5,0.5,5004.75,5004.75,1.0,2026-06-15T00:09:57.000000Z,2026-06-15T00:09:57.000000Z,597,597
2026-06-15T00:09:58.000000Z,BTCUSDT,futures,10010.0,10010.0,10010.0,10010.0,1.0,10010.0,1,0.5,0.5,5005.0,5005.0,1.0,2026-06-15T00:09:58.000000Z,2026-06-15T00:09:58.000000Z,598,598
2026-06-15T00:09:59.000000Z,BTCUSDT,futures,10010.5,10010.5,10010.5,10010.5,1.0,10010.5,1,0.5,0.5,5005.25,5005.25,1.0,2026-06-15T00:09:59.000000Z,2026-06-15T00:09:59.000000Z,599,599
2026-06-15T00:10:00.000000Z,BTCUSDT,futures,10009.5,10009.5,10009.5,10009.5,1.0,10009.5,1,0.5,0.5,5004.75,5004.75,1.0,2026-06-15T00:10:00.000000Z,2026-06-15T00:10:00.000000Z,600,600
2026-06-15T00:10:01.000000Z,BTCUSDT,futures,10010.0,10010.0,10010.0,10010.0,1.0,10010.0,1,0.5,0.5,5005.0,5005.0,1.0,2026-06-15T00:10:01.000000Z,2026-06-15T00:10:01.000000Z,601,601
2026-06-15T00:10:02.000000Z,BTCUSDT,futures,10010.5,10010.5,10010.5,10010.5,1.0,10010.5,1,0.5,0.5,5005.25,5005.25,1.0,2026-06-15T00:10:02.000000Z,2026-06-15T00:10:02.000000Z,602,602
2026-06-15T00:10:03.000000Z,BTCUSDT,futures,10009.5,10009.5,10009.5,10009.5,1.0,10009.5,1,0.5,0.5,5004.75,5004.75,1.0,2026-06-15T00:10:03.000000Z,2026-06-15T00:10:03.000000Z,603,603
2026-06-15T00:10:04.000000Z,BTCUSDT,futures,10010.0,10010.0,10010.0,10010.0,1.0,10010.0,1,0.5,0.5,5005.0,5005.0,1.0,2026-06-15T00:10:04.000000Z,2026-06-15T00:10:04.000000Z,604,604
2026-06-15T00:10:05.000000Z,BTCUSDT,futures,10010.5,10010.5,10010.5,10010.5,1.0,10010.5,1,0.5,0.5,5005.25,5005.25,1.0,2026-06-15T00:10:05.000000Z,2026-06-15T00:10:05.000000Z,605,605
2026-06-15T00:10:06.000000Z,BTCUSDT,futures,10009.5,10009.5,10009.5,10009.5,1.0,10009.5,1,0.5,0.5,5004.75,5004.75,1.0,2026-06-15T00:10:06.000000Z,2026-06-15T00:10:06.000000Z,606,606
2026-06-15T00:10:07.000000Z,BTCUSDT,futures,10010.0,10010.0,10010.0,10010.0,1.0,10010.0,1,0.5,0.5,5005.0,5005.0,1.0,2026-06-15T00:10:07.000000Z,2026-06-15T00:10:07.000000Z,607,607
2026-06-15T00:10:08.000000Z,BTCUSDT,futures,10010.5,10010.5,10010.5,10010.5,1.0,10010.5,1,0.5,0.5,5005.25,5005.25,1.0,2026-06-15T00:10:08.000000Z,2026-06-15T00:10:08.000000Z,608,608
2026-06-15T00:10:09.000000Z,BTCUSDT,futures,10009.5,10009.5,10009.5,10009.5,1.0,10009.5,1,0.5,0.5,5004.75,5004.75,1.0,2026-06-15T00:10:09.000000Z,2026-06-15T00:10:09.000000Z,609,609
2026-06-15T00:10:10.000000Z,BTCUSDT,futures,10010.0,10010.0,10010.0,10010.0,1.0,10010.0,1,0.5,0.5,5005.0,5005.0,1.0,2026-06-15T00:10:10.000000Z,2026-06-15T00:10:10.000000Z,610,610
2026-06-15T00:10:11.000000Z,BTCUSDT,futures,10010.5,10010.5,10010.5,10010.5,1.0,10010.5,1,0.5,0.5,5005.25,5005.25,1.0,2026-06-15T00:10:11.000000Z,2026-06-15T00:10:11.000000Z,611,611
2026-06-15T00:10:12.000000Z,BTCUSDT,futures,10009.5,10009.5,10009.5,10009.5,1.0,10009.5,1,0.5,0.5,5004.75,5004.75,1.0,2026-06-15T00:10:12.000000Z,2026-06-15T00:10:12.000000Z,612,612
2026-06-15T00:10:13.000000Z,BTCUSDT,futures,10010.0,10010.0,10010.0,10010.0,1.0,10010.0,1,0.5,0.5,5005.0,5005.0,1.0,2026-06-15T00:10:13.000000Z,2026-06-15T00:10:13.000000Z,613,613
2026-06-15T00:10:14.000000Z,BTCUSDT,futures,10010.5,10010.5,10010.5,10010.5,1.0,10010.5,1,0.5,0.5,5005.25,5005.25,1.0,2026-06-15T00:10:14.000000Z,2026-06-15T00:10:14.000000Z,614,614
2026-06-15T00:10:15.000000Z,BTCUSDT,futures,10009.5,10009.5,10009.5,10009.5,1.0,10009.5,1,0.5,0.5,5004.75,5004.75,1.0,2026-06-15T00:10:15.000000Z,2026-06-15T00:10:15.000000Z,615,615
2026-06-15T00:10:16.000000Z,BTCUSDT,futures,10010.0,10010.0,10010.0,10010.0,1.0,10010.0,1,0.5,0.5,5005.0,5005.0,1.0,2026-06-15T00:10:16.000000Z,2026-06-15T00:10:16.000000Z,616,616
2026-06-15T00:10:17.000000Z,BTCUSDT,futures,10010.5,10010.5,10010.5,10010.5,1.0,10010.5,1,0.5,0.5,5005.25,5005.25,1.0,2026-06-15T00:10:17.000000Z,2026-06-15T00:10:17.000000Z,617,617
2026-06-15T00:10:18.000000Z,BTCUSDT,futures,10009.5,10009.5,10009.5,10009.5,1.0,10009.5,1,0.5,0.5,5004.75,5004.75,1.0,2026-06-15T00:10:18.000000Z,2026-06-15T00:10:18.000000Z,618,618
2026-06-15T00:10:19.000000Z,BTCUSDT,futures,10010.0,10010.0,10010.0,10010.0,1.0,10010.0,1,0.5,0.5,5005.0,5005.0,1.0,2026-06-15T00:10:19.000000Z,2026-06-15T00:10:19.000000Z,619,619
2026-06-15T00:10:20.000000Z,BTCUSDT,futures,10010.5,10010.5,10010.5,10010.5,1.0,10010.5,1,0.5,0.5,5005.25,5005.25,1.0,2026-06-15T00:10:20.000000Z,2026-06-15T00:10:20.000000Z,620,620
2026-06-15T00:10:21.000000Z,BTCUSDT,futures,10009.5,10009.5,10009.5,10009.5,1.0,10009.5,1,0.5,0.5,5004.75,5004.75,1.0,2026-06-15T00:10:21.000000Z,2026-06-15T00:10:21.000000Z,621,621
2026-06-15T00:10:22.000000Z,BTCUSDT,futures,10010.0,10010.0,10010.0,10010.0,1.0,10010.0,1,0.5,0.5,5005.0,5005.0,1.0,2026-06-15T00:10:22.000000Z,2026-06-15T00:10:22.000000Z,622,622
2026-06-15T00:10:23.000000Z,BTCUSDT,futures,10010.5,10010.5,10010.5,10010.5,1.0,10010.5,1,0.5,0.5,5005.25,5005.25,1.0,2026-06-15T00:10:23.000000Z,2026-06-15T00:10:23.000000Z,623,623
2026-06-15T00:10:24.000000Z,BTCUSDT,futures,10009.5,10009.5,10009.5,10009.5,1.0,10009.5,1,0.5,0.5,5004.75,5004.75,1.0,2026-06-15T00:10:24.000000Z,2026-06-15T00:10:24.000000Z,624,624
2026-06-15T00:10:25.000000Z,BTCUSDT,futures,10010.0,10010.0,10010.0,10010.0,1.0,10010.0,1,0.5,0.5,5005.0,5005.0,1.0,2026-06-15T00:10:25.000000Z,2026-06-15T00:10:25.000000Z,625,625
2026-06-15T00:10:26.000000Z,BTCUSDT,futures,10010.5,10010.5,10010.5,10010.5,1.0,10010.5,1,0.5,0.5,5005.25,5005.25,1.0,2026-06-15T00:10:26.000000Z,2026-06-15T00:10:26.000000Z,626,626
2026-06-15T00:10:27.000000Z,BTCUSDT,futures,10009.5,10009.5,10009.5,10009.5,1.0,10009.5,1,0.5,0.5,5004.75,5004.75,1.0,2026-06-15T00:10:27.000000Z,2026-06-15T00:10:27.000000Z,627,627
2026-06-15T00:10:28.000000Z,BTCUSDT,futures,10010.0,10010.0,10010.0,10010.0,1.0,10010.0,1,0.5,0.5,5005.0,5005.0,1.0,2026-06-15T00:10:28.000000Z,2026-06-15T00:10:28.000000Z,628,628
2026-06-15T00:10:29.000000Z,BTCUSDT,futures,10010.5,10010.5,10010.5,10010.5,1.0,10010.5,1,0.5,0.5,5005.25,5005.25,1.0,2026-06-15T00:10:29.000000Z,2026-06-15T00:10:29.000000Z,629,629
2026-06-15T00:10:30.000000Z,BTCUSDT,futures,10009.5,10009.5,10009.5,10009.5,1.0,10009.5,1,0.5,0.5,5004.75,5004.75,1.0,2026-06-15T00:10:30.000000Z,2026-06-15T00:10:30.000000Z,630,630
2026-06-15T00:10:31.000000Z,BTCUSDT,futures,10010.0,10010.0,10010.0,10010.0,1.0,10010.0,1,0.5,0.5,5005.0,5005.0,1.0,2026-06-15T00:10:31.000000Z,2026-06-15T00:10:31.000000Z,631,631
2026-06-15T00:10:32.000000Z,BTCUSDT,futures,10010.5,10010.5,10010.5,10010.5,1.0,10010.5,1,0.5,0.5,5005.25,5005.25,1.0,2026-06-15T00:10:32.000000Z,2026-06-15T00:10:32.000000Z,632,632
2026-06-15T00:10:33.000000Z,BTCUSDT,futures,10009.5,10009.5,10009.5,10009.5,1.0,10009.5,1,0.5,0.5,5004.75,5004.75,1.0,2026-06-15T00:10:33.000000Z,2026-06-15T00:10:33.000000Z,633,633
2026-06-15T00:10:34.000000Z,BTCUSDT,futures,10010.0,10010.0,10010.0,10010.0,1.0,10010.0,1,0.5,0.5,5005.0,5005.0,1.0,2026-06-15T00:10:34.000000Z,2026-06-15T00:10:34.000000Z,634,634
2026-06-15T00:10:35.000000Z,BTCUSDT,futures,10010.5,10010.5,10010.5,10010.5,1.0,10010.5,1,0.5,0.5,5005.25,5005.25,1.0,2026-06-15T00:10:35.000000Z,2026-06-15T00:10:35.000000Z,635,635
2026-06-15T00:10:36.000000Z,BTCUSDT,futures,10009.5,10009.5,10009.5,10009.5,1.0,10009.5,1,0.5,0.5,5004.75,5004.75,1.0,2026-06-15T00:10:36.000000Z,2026-06-15T00:10:36.000000Z,636,636
2026-06-15T00:10:37.000000Z,BTCUSDT,futures,10010.0,10010.0,10010.0,10010.0,1.0,10010.0,1,0.5,0.5,5005.0,5005.0,1.0,2026-06-15T00:10:37.000000Z,2026-06-15T00:10:37.000000Z,637,637
2026-06-15T00:10:38.000000Z,BTCUSDT,futures,10010.5,10010.5,10010.5,10010.5,1.0,10010.5,1,0.5,0.5,5005.25,5005.25,1.0,2026-06-15T00:10:38.000000Z,2026-06-15T00:10:38.000000Z,638,638
2026-06-15T00:10:39.000000Z,BTCUSDT,futures,10009.5,10009.5,10009.5,10009.5,1.0,10009.5,1,0.5,0.5,5004.75,5004.75,1.0,2026-06-15T00:10:39.000000Z,2026-06-15T00:10:39.000000Z,639,639
2026-06-15T00:10:40.000000Z,BTCUSDT,futures,10010.0,10010.0,10010.0,10010.0,1.0,10010.0,1,0.5,0.5,5005.0,5005.0,1.0,2026-06-15T00:10:40.000000Z,2026-06-15T00:10:40.000000Z,640,640
2026-06-15T00:10:41.000000Z,BTCUSDT,futures,10010.5,10010.5,10010.5,10010.5,1.0,10010.5,1,0.5,0.5,5005.25,5005.25,1.0,2026-06-15T00:10:41.000000Z,2026-06-15T00:10:41.000000Z,641,641
2026-06-15T00:10:42.000000Z,BTCUSDT,futures,10009.5,10009.5,10009.5,10009.5,1.0,10009.5,1,0.5,0.5,5004.75,5004.75,1.0,2026-06-15T00:10:42.000000Z,2026-06-15T00:10:42.000000Z,642,642
2026-06-15T00:10:43.000000Z,BTCUSDT,futures,10010.0,10010.0,10010.0,10010.0,1.0,10010.0,1,0.5,0.5,5005.0,5005.0,1.0,2026-06-15T00:10:43.000000Z,2026-06-15T00:10:43.000000Z,643,643
2026-06-15T00:10:44.000000Z,BTCUSDT,futures,10010.5,10010.5,10010.5,10010.5,1.0,10010.5,1,0.5,0.5,5005.25,5005.25,1.0,2026-06-15T00:10:44.000000Z,2026-06-15T00:10:44.000000Z,644,644
2026-06-15T00:10:45.000000Z,BTCUSDT,futures,10009.5,10009.5,10009.5,10009.5,1.0,10009.5,1,0.5,0.5,5004.75,5004.75,1.0,2026-06-15T00:10:45.000000Z,2026-06-15T00:10:45.000000Z,645,645
2026-06-15T00:10:46.000000Z,BTCUSDT,futures,10010.0,10010.0,10010.0,10010.0,1.0,10010.0,1,0.5,0.5,5005.0,5005.0,1.0,2026-06-15T00:10:46.000000Z,2026-06-15T00:10:46.000000Z,646,646
2026-06-15T00:10:47.000000Z,BTCUSDT,futures,10010.5,10010.5,10010.5,10010.5,1.0,10010.5,1,0.5,0.5,5005.25,5005.25,1.0,2026-06-15T00:10:47.000000Z,2026-06-15T00:10:47.000000Z,647,647
2026-06-15T00:10:48.000000Z,BTCUSDT,futures,10009.5,10009.5,10009.5,10009.5,1.0,10009.5,1,0.5,0.5,5004.75,5004.75,1.0,2026-06-15T00:10:48.000000Z,2026-06-15T00:10:48.000000Z,648,648
2026-06-15T00:10:49.000000Z,BTCUSDT,futures,10010.0,10010.0,10010.0,10010.0,1.0,10010.0,1,0.5,0.5,5005.0,5005.0,1.0,2026-06-15T00:10:49.000000Z,2026-06-15T00:10:49.000000Z,649,649
2026-06-15T00:10:50.000000Z,BTCUSDT,futures,10010.5,10010.5,10010.5,10010.5,1.0,10010.5,1,0.5,0.5,5005.25,5005.25,1.0,2026-06-15T00:10:50.000000Z,2026-06-15T00:10:50.000000Z,650,650
2026-06-15T00:10:51.000000Z,BTCUSDT,futures,10009.5,10009.5,10009.5,10009.5,1.0,10009.5,1,0.5,0.5,5004.75,5004.75,1.0,2026-06-15T00:10:51.000000Z,2026-06-15T00:10:51.000000Z,651,651
2026-06-15T00:10:52.000000Z,BTCUSDT,futures,10010.0,10010.0,10010.0,10010.0,1.0,10010.0,1,0.5,0.5,5005.0,5005.0,1.0,2026-06-15T00:10:52.000000Z,2026-06-15T00:10:52.000000Z,652,652
2026-06-15T00:10:53.000000Z,BTCUSDT,futures,10010.5,10010.5,10010.5,10010.5,1.0,10010.5,1,0.5,0.5,5005.25,5005.25,1.0,2026-06-15T00:10:53.000000Z,2026-06-15T00:10:53.000000Z,653,653
2026-06-15T00:10:54.000000Z,BTCUSDT,futures,10009.5,10009.5,10009.5,10009.5,1.0,10009.5,1,0.5,0.5,5004.75,5004.75,1.0,2026-06-15T00:10:54.000000Z,2026-06-15T00:10:54.000000Z,654,654
2026-06-15T00:10:55.000000Z,BTCUSDT,futures,10010.0,10010.0,10010.0,10010.0,1.0,10010.0,1,0.5,0.5,5005.0,5005.0,1.0,2026-06-15T00:10:55.000000Z,2026-06-15T00:10:55.000000Z,655,655
2026-06-15T00:10:56.000000Z,BTCUSDT,futures,10010.5,10010.5,10010.5,10010.5,1.0,10010.5,1,0.5,0.5,5005.25,5005.25,1.0,2026-06-15T00:10:56.000000Z,2026-06-15T00:10:56.000000Z,656,656
2026-06-15T00:10:57.000000Z,BTCUSDT,futures,10009.5,10009.5,10009.5,10009.5,1.0,10009.5,1,0.5,0.5,5004.75,5004.75,1.0,2026-06-15T00:10:57.000000Z,2026-06-15T00:10:57.000000Z,657,657
2026-06-15T00:10:58.000000Z,BTCUSDT,futures,10010.0,10010.0,10010.0,10010.0,1.0,10010.0,1,0.5,0.5,5005.0,5005.0,1.0,2026-06-15T00:10:58.000000Z,2026-06-15T00:10:58.000000Z,658,658
2026-06-15T00:10:59.000000Z,BTCUSDT,futures,10010.5,10010.5,10010.5,10010.5,1.0,10010.5,1,0.5,0.5,5005.25,5005.25,1.0,2026-06-15T00:10:59.000000Z,2026-06-15T00:10:59.000000Z,659,659
2026-06-15T00:11:00.000000Z,BTCUSDT,futures,10009.5,10009.5,10009.5,10009.5,1.0,10009.5,1,0.5,0.5,5004.75,5004.75,1.0,2026-06-15T00:11:00.000000Z,2026-06-15T00:11:00.000000Z,660,660
2026-06-15T00:11:01.000000Z,BTCUSDT,futures,10010.0,10010.0,10010.0,10010.0,1.0,10010.0,1,0.5,0.5,5005.0,5005.0,1.0,2026-06-15T00:11:01.000000Z,2026-06-15T00:11:01.000000Z,661,661
2026-06-15T00:11:02.000000Z,BTCUSDT,futures,10010.5,10010.5,10010.5,10010.5,1.0,10010.5,1,0.5,0.5,5005.25,5005.25,1.0,2026-06-15T00:11:02.000000Z,2026-06-15T00:11:02.000000Z,662,662
2026-06-15T00:11:03.000000Z,BTCUSDT,futures,10009.5,10009.5,10009.5,10009.5,1.0,10009.5,1,0.5,0.5,5004.75,5004.75,1.0,2026-06-15T00:11:03.000000Z,2026-06-15T00:11:03.000000Z,663,663
2026-06-15T00:11:04.000000Z,BTCUSDT,futures,10010.0,10010.0,10010.0,10010.0,1.0,10010.0,1,0.5,0.5,5005.0,5005.0,1.0,2026-06-15T00:11:04.000000Z,2026-06-15T00:11:04.000000Z,664,664
2026-06-15T00:11:05.000000Z,BTCUSDT,futures,10010.5,10010.5,10010.5,10010.5,1.0,10010.5,1,0.5,0.5,5005.25,5005.25,1.0,2026-06-15T00:11:05.000000Z,2026-06-15T00:11:05.000000Z,665,665
2026-06-15T00:11:06.000000Z,BTCUSDT,futures,10009.5,10009.5,10009.5,10009.5,1.0,10009.5,1,0.5,0.5,5004.75,5004.75,1.0,2026-06-15T00:11:06.000000Z,2026-06-15T00:11:06.000000Z,666,666
2026-06-15T00:11:07.000000Z,BTCUSDT,futures,10010.0,10010.0,10010.0,10010.0,1.0,10010.0,1,0.5,0.5,5005.0,5005.0,1.0,2026-06-15T00:11:07.000000Z,2026-06-15T00:11:07.000000Z,667,667
2026-06-15T00:11:08.000000Z,BTCUSDT,futures,10010.5,10010.5,10010.5,10010.5,1.0,10010.5,1,0.5,0.5,5005.25,5005.25,1.0,2026-06-15T00:11:08.000000Z,2026-06-15T00:11:08.000000Z,668,668
2026-06-15T00:11:09.000000Z,BTCUSDT,futures,10009.5,10009.5,10009.5,10009.5,1.0,10009.5,1,0.5,0.5,5004.75,5004.75,1.0,2026-06-15T00:11:09.000000Z,2026-06-15T00:11:09.000000Z,669,669
2026-06-15T00:11:10.000000Z,BTCUSDT,futures,10010.0,10010.0,10010.0,10010.0,1.0,10010.0,1,0.5,0.5,5005.0,5005.0,1.0,2026-06-15T00:11:10.000000Z,2026-06-15T00:11:10.000000Z,670,670
2026-06-15T00:11:11.000000Z,BTCUSDT,futures,10010.5,10010.5,10010.5,10010.5,1.0,10010.5,1,0.5,0.5,5005.25,5005.25,1.0,2026-06-15T00:11:11.000000Z,2026-06-15T00:11:11.000000Z,671,671
2026-06-15T00:11:12.000000Z,BTCUSDT,futures,10009.5,10009.5,10009.5,10009.5,1.0,10009.5,1,0.5,0.5,5004.75,5004.75,1.0,2026-06-15T00:11:12.000000Z,2026-06-15T00:11:12.000000Z,672,672
2026-06-15T00:11:13.000000Z,BTCUSDT,futures,10010.0,10010.0,10010.0,10010.0,1.0,10010.0,1,0.5,0.5,5005.0,5005.0,1.0,2026-06-15T00:11:13.000000Z,2026-06-15T00:11:13.000000Z,673,673
2026-06-15T00:11:14.000000Z,BTCUSDT,futures,10010.5,10010.5,10010.5,10010.5,1.0,10010.5,1,0.5,0.5,5005.25,5005.25,1.0,2026-06-15T00:11:14.000000Z,2026-06-15T00:11:14.000000Z,674,674
2026-06-15T00:11:15.000000Z,BTCUSDT,futures,10009.5,10009.5,10009.5,10009.5,1.0,10009.5,1,0.5,0.5,5004.75,5004.75,1.0,2026-06-15T00:11:15.000000Z,2026-06-15T00:11:15.000000Z,675,675
2026-06-15T00:11:16.000000Z,BTCUSDT,futures,10010.0,10010.0,10010.0,10010.0,1.0,10010.0,1,0.5,0.5,5005.0,5005.0,1.0,2026-06-15T00:11:16.000000Z,2026-06-15T00:11:16.000000Z,676,676
2026-06-15T00:11:17.000000Z,BTCUSDT,futures,10010.5,10010.5,10010.5,10010.5,1.0,10010.5,1,0.5,0.5,5005.25,5005.25,1.0,2026-06-15T00:11:17.000000Z,2026-06-15T00:11:17.000000Z,677,677
2026-06-15T00:11:18.000000Z,BTCUSDT,futures,10009.5,10009.5,10009.5,10009.5,1.0,10009.5,1,0.5,0.5,5004.75,5004.75,1.0,2026-06-15T00:11:18.000000Z,2026-06-15T00:11:18.000000Z,678,678
2026-06-15T00:11:19.000000Z,BTCUSDT,futures,10010.0,10010.0,10010.0,10010.0,1.0,10010.0,1,0.5,0.5,5005.0,5005.0,1.0,2026-06-15T00:11:19.000000Z,2026-06-15T00:11:19.000000Z,679,679
2026-06-15T00:11:20.000000Z,BTCUSDT,futures,10010.5,10010.5,10010.5,10010.5,1.0,10010.5,1,0.5,0.5,5005.25,5005.25,1.0,2026-06-15T00:11:20.000000Z,2026-06-15T00:11:20.000000Z,680,680
2026-06-15T00:11:21.000000Z,BTCUSDT,futures,10009.5,10009.5,10009.5,10009.5,1.0,10009.5,1,0.5,0.5,5004.75,5004.75,1.0,2026-06-15T00:11:21.000000Z,2026-06-15T00:11:21.000000Z,681,681
2026-06-15T00:11:22.000000Z,BTCUSDT,futures,10010.0,10010.0,10010.0,10010.0,1.0,10010.0,1,0.5,0.5,5005.0,5005.0,1.0,2026-06-15T00:11:22.000000Z,2026-06-15T00:11:22.000000Z,682,682
2026-06-15T00:11:23.000000Z,BTCUSDT,futures,10010.5,10010.5,10010.5,10010.5,1.0,10010.5,1,0.5,0.5,5005.25,5005.25,1.0,2026-06-15T00:11:23.000000Z,2026-06-15T00:11:23.000000Z,683,683
2026-06-15T00:11:24.000000Z,BTCUSDT,futures,10009.5,10009.5,10009.5,10009.5,1.0,10009.5,1,0.5,0.5,5004.75,5004.75,1.0,2026-06-15T00:11:24.000000Z,2026-06-15T00:11:24.000000Z,684,684
2026-06-15T00:11:25.000000Z,BTCUSDT,futures,10010.0,10010.0,10010.0,10010.0,1.0,10010.0,1,0.5,0.5,5005.0,5005.0,1.0,2026-06-15T00:11:25.000000Z,2026-06-15T00:11:25.000000Z,685,685
2026-06-15T00:11:26.000000Z,BTCUSDT,futures,10010.5,10010.5,10010.5,10010.5,1.0,10010.5,1,0.5,0.5,5005.25,5005.25,1.0,2026-06-15T00:11:26.000000Z,2026-06-15T00:11:26.000000Z,686,686
2026-06-15T00:11:27.000000Z,BTCUSDT,futures,10009.5,10009.5,10009.5,10009.5,1.0,10009.5,1,0.5,0.5,5004.75,5004.75,1.0,2026-06-15T00:11:27.000000Z,2026-06-15T00:11:27.000000Z,687,687
2026-06-15T00:11:28.000000Z,BTCUSDT,futures,10010.0,10010.0,10010.0,10010.0,1.0,10010.0,1,0.5,0.5,5005.0,5005.0,1.0,2026-06-15T00:11:28.000000Z,2026-06-15T00:11:28.000000Z,688,688
2026-06-15T00:11:29.000000Z,BTCUSDT,futures,10010.5,10010.5,10010.5,10010.5,1.0,10010.5,1,0.5,0.5,5005.25,5005.25,1.0,2026-06-15T00:11:29.000000Z,2026-06-15T00:11:29.000000Z,689,689
2026-06-15T00:11:30.000000Z,BTCUSDT,futures,10009.5,10009.5,10009.5,10009.5,1.0,10009.5,1,0.5,0.5,5004.75,5004.75,1.0,2026-06-15T00:11:30.000000Z,2026-06-15T00:11:30.000000Z,690,690
2026-06-15T00:11:31.000000Z,BTCUSDT,futures,10010.0,10010.0,10010.0,10010.0,1.0,10010.0,1,0.5,0.5,5005.0,5005.0,1.0,2026-06-15T00:11:31.000000Z,2026-06-15T00:11:31.000000Z,691,691
2026-06-15T00:11:32.000000Z,BTCUSDT,futures,10010.5,10010.5,10010.5,10010.5,1.0,10010.5,1,0.5,0.5,5005.25,5005.25,1.0,2026-06-15T00:11:32.000000Z,2026-06-15T00:11:32.000000Z,692,692
2026-06-15T00:11:33.000000Z,BTCUSDT,futures,10009.5,10009.5,10009.5,10009.5,1.0,10009.5,1,0.5,0.5,5004.75,5004.75,1.0,2026-06-15T00:11:33.000000Z,2026-06-15T00:11:33.000000Z,693,693
2026-06-15T00:11:34.000000Z,BTCUSDT,futures,10010.0,10010.0,10010.0,10010.0,1.0,10010.0,1,0.5,0.5,5005.0,5005.0,1.0,2026-06-15T00:11:34.000000Z,2026-06-15T00:11:34.000000Z,694,694
2026-06-15T00:11:35.000000Z,BTCUSDT,futures,10010.5,10010.5,10010.5,10010.5,1.0,10010.5,1,0.5,0.5,5005.25,5005.25,1.0,2026-06-15T00:11:35.000000Z,2026-06-15T00:11:35.000000Z,695,695
2026-06-15T00:11:36.000000Z,BTCUSDT,futures,10009.5,10009.5,10009.5,10009.5,1.0,10009.5,1,0.5,0.5,5004.75,5004.75,1.0,2026-06-15T00:11:36.000000Z,2026-06-15T00:11:36.000000Z,696,696
2026-06-15T00:11:37.000000Z,BTCUSDT,futures,10010.0,10010.0,10010.0,10010.0,1.0,10010.0,1,0.5,0.5,5005.0,5005.0,1.0,2026-06-15T00:11:37.000000Z,2026-06-15T00:11:37.000000Z,697,697
2026-06-15T00:11:38.000000Z,BTCUSDT,futures,10010.5,10010.5,10010.5,10010.5,1.0,10010.5,1,0.5,0.5,5005.25,5005.25,1.0,2026-06-15T00:11:38.000000Z,2026-06-15T00:11:38.000000Z,698,698
2026-06-15T00:11:39.000000Z,BTCUSDT,futures,10009.5,10009.5,10009.5,10009.5,1.0,10009.5,1,0.5,0.5,5004.75,5004.75,1.0,2026-06-15T00:11:39.000000Z,2026-06-15T00:11:39.000000Z,699,699
2026-06-15T00:11:40.000000Z,BTCUSDT,futures,10010.0,10010.0,10010.0,10010.0,1.0,10010.0,1,0.5,0.5,5005.0,5005.0,1.0,2026-06-15T00:11:40.000000Z,2026-06-15T00:11:40.000000Z,700,700
2026-06-15T00:11:41.000000Z,BTCUSDT,futures,10010.5,10010.5,10010.5,10010.5,1.0,10010.5,1,0.5,0.5,5005.25,5005.25,1.0,2026-06-15T00:11:41.000000Z,2026-06-15T00:11:41.000000Z,701,701
2026-06-15T00:11:42.000000Z,BTCUSDT,futures,10009.5,10009.5,10009.5,10009.5,1.0,10009.5,1,0.5,0.5,5004.75,5004.75,1.0,2026-06-15T00:11:42.000000Z,2026-06-15T00:11:42.000000Z,702,702
2026-06-15T00:11:43.000000Z,BTCUSDT,futures,10010.0,10010.0,10010.0,10010.0,1.0,10010.0,1,0.5,0.5,5005.0,5005.0,1.0,2026-06-15T00:11:43.000000Z,2026-06-15T00:11:43.000000Z,703,703
2026-06-15T00:11:44.000000Z,BTCUSDT,futures,10010.5,10010.5,10010.5,10010.5,1.0,10010.5,1,0.5,0.5,5005.25,5005.25,1.0,2026-06-15T00:11:44.000000Z,2026-06-15T00:11:44.000000Z,704,704
2026-06-15T00:11:45.000000Z,BTCUSDT,futures,10009.5,10009.5,10009.5,10009.5,1.0,10009.5,1,0.5,0.5,5004.75,5004.75,1.0,2026-06-15T00:11:45.000000Z,2026-06-15T00:11:45.000000Z,705,705
2026-06-15T00:11:46.000000Z,BTCUSDT,futures,10010.0,10010.0,10010.0,10010.0,1.0,10010.0,1,0.5,0.5,5005.0,5005.0,1.0,2026-06-15T00:11:46.000000Z,2026-06-15T00:11:46.000000Z,706,706
2026-06-15T00:11:47.000000Z,BTCUSDT,futures,10010.5,10010.5,10010.5,10010.5,1.0,10010.5,1,0.5,0.5,5005.25,5005.25,1.0,2026-06-15T00:11:47.000000Z,2026-06-15T00:11:47.000000Z,707,707
2026-06-15T00:11:48.000000Z,BTCUSDT,futures,10009.5,10009.5,10009.5,10009.5,1.0,10009.5,1,0.5,0.5,5004.75,5004.75,1.0,2026-06-15T00:11:48.000000Z,2026-06-15T00:11:48.000000Z,708,708
2026-06-15T00:11:49.000000Z,BTCUSDT,futures,10010.0,10010.0,10010.0,10010.0,1.0,10010.0,1,0.5,0.5,5005.0,5005.0,1.0,2026-06-15T00:11:49.000000Z,2026-06-15T00:11:49.000000Z,709,709
2026-06-15T00:11:50.000000Z,BTCUSDT,futures,10010.5,10010.5,10010.5,10010.5,1.0,10010.5,1,0.5,0.5,5005.25,5005.25,1.0,2026-06-15T00:11:50.000000Z,2026-06-15T00:11:50.000000Z,710,710
2026-06-15T00:11:51.000000Z,BTCUSDT,futures,10009.5,10009.5,10009.5,10009.5,1.0,10009.5,1,0.5,0.5,5004.75,5004.75,1.0,2026-06-15T00:11:51.000000Z,2026-06-15T00:11:51.000000Z,711,711
2026-06-15T00:11:52.000000Z,BTCUSDT,futures,10010.0,10010.0,10010.0,10010.0,1.0,10010.0,1,0.5,0.5,5005.0,5005.0,1.0,2026-06-15T00:11:52.000000Z,2026-06-15T00:11:52.000000Z,712,712
2026-06-15T00:11:53.000000Z,BTCUSDT,futures,10010.5,10010.5,10010.5,10010.5,1.0,10010.5,1,0.5,0.5,5005.25,5005.25,1.0,2026-06-15T00:11:53.000000Z,2026-06-15T00:11:53.000000Z,713,713
2026-06-15T00:11:54.000000Z,BTCUSDT,futures,10009.5,10009.5,10009.5,10009.5,1.0,10009.5,1,0.5,0.5,5004.75,5004.75,1.0,2026-06-15T00:11:54.000000Z,2026-06-15T00:11:54.000000Z,714,714
2026-06-15T00:11:55.000000Z,BTCUSDT,futures,10010.0,10010.0,10010.0,10010.0,1.0,10010.0,1,0.5,0.5,5005.0,5005.0,1.0,2026-06-15T00:11:55.000000Z,2026-06-15T00:11:55.000000Z,715,715
2026-06-15T00:11:56.000000Z,BTCUSDT,futures,10010.5,10010.5,10010.5,10010.5,1.0,10010.5,1,0.5,0.5,5005.25,5005.25,1.0,2026-06-15T00:11:56.000000Z,2026-06-15T00:11:56.000000Z,716,716
2026-06-15T00:11:57.000000Z,BTCUSDT,futures,10009.5,10009.5,10009.5,10009.5,1.0,10009.5,1,0.5,0.5,5004.75,5004.75,1.0,2026-06-15T00:11:57.000000Z,2026-06-15T00:11:57.000000Z,717,717
2026-06-15T00:11:58.000000Z,BTCUSDT,futures,10010.0,10010.0,10010.0,10010.0,1.0,10010.0,1,0.5,0.5,5005.0,5005.0,1.0,2026-06-15T00:11:58.000000Z,2026-06-15T00:11:58.000000Z,718,718
2026-06-15T00:11:59.000000Z,BTCUSDT,futures,10010.5,10010.5,10010.5,10010.5,1.0,10010.5,1,0.5,0.5,5005.25,5005.25,1.0,2026-06-15T00:11:59.000000Z,2026-06-15T00:11:59.000000Z,719,719
2026-06-15T00:12:00.000000Z,BTCUSDT,futures,10009.5,10009.5,10009.5,10009.5,1.0,10009.5,1,0.5,0.5,5004.75,5004.75,1.0,2026-06-15T00:12:00.000000Z,2026-06-15T00:12:00.000000Z,720,720
2026-06-15T00:12:01.000000Z,BTCUSDT,futures,10010.0,10010.0,10010.0,10010.0,1.0,10010.0,1,0.5,0.5,5005.0,5005.0,1.0,2026-06-15T00:12:01.000000Z,2026-06-15T00:12:01.000000Z,721,721
2026-06-15T00:12:02.000000Z,BTCUSDT,futures,10010.5,10010.5,10010.5,10010.5,1.0,10010.5,1,0.5,0.5,5005.25,5005.25,1.0,2026-06-15T00:12:02.000000Z,2026-06-15T00:12:02.000000Z,722,722
2026-06-15T00:12:03.000000Z,BTCUSDT,futures,10009.5,10009.5,10009.5,10009.5,1.0,10009.5,1,0.5,0.5,5004.75,5004.75,1.0,2026-06-15T00:12:03.000000Z,2026-06-15T00:12:03.000000Z,723,723
2026-06-15T00:12:04.000000Z,BTCUSDT,futures,10010.0,10010.0,10010.0,10010.0,1.0,10010.0,1,0.5,0.5,5005.0,5005.0,1.0,2026-06-15T00:12:04.000000Z,2026-06-15T00:12:04.000000Z,724,724
2026-06-15T00:12:05.000000Z,BTCUSDT,futures,10010.5,10010.5,10010.5,10010.5,1.0,10010.5,1,0.5,0.5,5005.25,5005.25,1.0,2026-06-15T00:12:05.000000Z,2026-06-15T00:12:05.000000Z,725,725
2026-06-15T00:12:06.000000Z,BTCUSDT,futures,10009.5,10009.5,10009.5,10009.5,1.0,10009.5,1,0.5,0.5,5004.75,5004.75,1.0,2026-06-15T00:12:06.000000Z,2026-06-15T00:12:06.000000Z,726,726
2026-06-15T00:12:07.000000Z,BTCUSDT,futures,10010.0,10010.0,10010.0,10010.0,1.0,10010.0,1,0.5,0.5,5005.0,5005.0,1.0,2026-06-15T00:12:07.000000Z,2026-06-15T00:12:07.000000Z,727,727
2026-06-15T00:12:08.000000Z,BTCUSDT,futures,10010.5,10010.5,10010.5,10010.5,1.0,10010.5,1,0.5,0.5,5005.25,5005.25,1.0,2026-06-15T00:12:08.000000Z,2026-06-15T00:12:08.000000Z,728,728
2026-06-15T00:12:09.000000Z,BTCUSDT,futures,10009.5,10009.5,10009.5,10009.5,1.0,10009.5,1,0.5,0.5,5004.75,5004.75,1.0,2026-06-15T00:12:09.000000Z,2026-06-15T00:12:09.000000Z,729,729
2026-06-15T00:12:10.000000Z,BTCUSDT,futures,10010.0,10010.0,10010.0,10010.0,1.0,10010.0,1,0.5,0.5,5005.0,5005.0,1.0,2026-06-15T00:12:10.000000Z,2026-06-15T00:12:10.000000Z,730,730
2026-06-15T00:12:11.000000Z,BTCUSDT,futures,10010.5,10010.5,10010.5,10010.5,1.0,10010.5,1,0.5,0.5,5005.25,5005.25,1.0,2026-06-15T00:12:11.000000Z,2026-06-15T00:12:11.000000Z,731,731
2026-06-15T00:12:12.000000Z,BTCUSDT,futures,10009.5,10009.5,10009.5,10009.5,1.0,10009.5,1,0.5,0.5,5004.75,5004.75,1.0,2026-06-15T00:12:12.000000Z,2026-06-15T00:12:12.000000Z,732,732
2026-06-15T00:12:13.000000Z,BTCUSDT,futures,10010.0,10010.0,10010.0,10010.0,1.0,10010.0,1,0.5,0.5,5005.0,5005.0,1.0,2026-06-15T00:12:13.000000Z,2026-06-15T00:12:13.000000Z,733,733
2026-06-15T00:12:14.000000Z,BTCUSDT,futures,10010.5,10010.5,10010.5,10010.5,1.0,10010.5,1,0.5,0.5,5005.25,5005.25,1.0,2026-06-15T00:12:14.000000Z,2026-06-15T00:12:14.000000Z,734,734
2026-06-15T00:12:15.000000Z,BTCUSDT,futures,10009.5,10009.5,10009.5,10009.5,1.0,10009.5,1,0.5,0.5,5004.75,5004.75,1.0,2026-06-15T00:12:15.000000Z,2026-06-15T00:12:15.000000Z,735,735
2026-06-15T00:12:16.000000Z,BTCUSDT,futures,10010.0,10010.0,10010.0,10010.0,1.0,10010.0,1,0.5,0.5,5005.0,5005.0,1.0,2026-06-15T00:12:16.000000Z,2026-06-15T00:12:16.000000Z,736,736
2026-06-15T00:12:17.000000Z,BTCUSDT,futures,10010.5,10010.5,10010.5,10010.5,1.0,10010.5,1,0.5,0.5,5005.25,5005.25,1.0,2026-06-15T00:12:17.000000Z,2026-06-15T00:12:17.000000Z,737,737
2026-06-15T00:12:18.000000Z,BTCUSDT,futures,10009.5,10009.5,10009.5,10009.5,1.0,10009.5,1,0.5,0.5,5004.75,5004.75,1.0,2026-06-15T00:12:18.000000Z,2026-06-15T00:12:18.000000Z,738,738
2026-06-15T00:12:19.000000Z,BTCUSDT,futures,10010.0,10010.0,10010.0,10010.0,1.0,10010.0,1,0.5,0.5,5005.0,5005.0,1.0,2026-06-15T00:12:19.000000Z,2026-06-15T00:12:19.000000Z,739,739
2026-06-15T00:12:20.000000Z,BTCUSDT,futures,10010.5,10010.5,10010.5,10010.5,1.0,10010.5,1,0.5,0.5,5005.25,5005.25,1.0,2026-06-15T00:12:20.000000Z,2026-06-15T00:12:20.000000Z,740,740
2026-06-15T00:12:21.000000Z,BTCUSDT,futures,10009.5,10009.5,10009.5,10009.5,1.0,10009.5,1,0.5,0.5,5004.75,5004.75,1.0,2026-06-15T00:12:21.000000Z,2026-06-15T00:12:21.000000Z,741,741
2026-06-15T00:12:22.000000Z,BTCUSDT,futures,10010.0,10010.0,10010.0,10010.0,1.0,10010.0,1,0.5,0.5,5005.0,5005.0,1.0,2026-06-15T00:12:22.000000Z,2026-06-15T00:12:22.000000Z,742,742
2026-06-15T00:12:23.000000Z,BTCUSDT,futures,10010.5,10010.5,10010.5,10010.5,1.0,10010.5,1,0.5,0.5,5005.25,5005.25,1.0,2026-06-15T00:12:23.000000Z,2026-06-15T00:12:23.000000Z,743,743
2026-06-15T00:12:24.000000Z,BTCUSDT,futures,10009.5,10009.5,10009.5,10009.5,1.0,10009.5,1,0.5,0.5,5004.75,5004.75,1.0,2026-06-15T00:12:24.000000Z,2026-06-15T00:12:24.000000Z,744,744
2026-06-15T00:12:25.000000Z,BTCUSDT,futures,10010.0,10010.0,10010.0,10010.0,1.0,10010.0,1,0.5,0.5,5005.0,5005.0,1.0,2026-06-15T00:12:25.000000Z,2026-06-15T00:12:25.000000Z,745,745
2026-06-15T00:12:26.000000Z,BTCUSDT,futures,10010.5,10010.5,10010.5,10010.5,1.0,10010.5,1,0.5,0.5,5005.25,5005.25,1.0,2026-06-15T00:12:26.000000Z,2026-06-15T00:12:26.000000Z,746,746
2026-06-15T00:12:27.000000Z,BTCUSDT,futures,10009.5,10009.5,10009.5,10009.5,1.0,10009.5,1,0.5,0.5,5004.75,5004.75,1.0,2026-06-15T00:12:27.000000Z,2026-06-15T00:12:27.000000Z,747,747
2026-06-15T00:12:28.000000Z,BTCUSDT,futures,10010.0,10010.0,10010.0,10010.0,1.0,10010.0,1,0.5,0.5,5005.0,5005.0,1.0,2026-06-15T00:12:28.000000Z,2026-06-15T00:12:28.000000Z,748,748
2026-06-15T00:12:29.000000Z,BTCUSDT,futures,10010.5,10010.5,10010.5,10010.5,1.0,10010.5,1,0.5,0.5,5005.25,5005.25,1.0,2026-06-15T00:12:29.000000Z,2026-06-15T00:12:29.000000Z,749,749
2026-06-15T00:12:30.000000Z,BTCUSDT,futures,10009.5,10009.5,10009.5,10009.5,1.0,10009.5,1,0.5,0.5,5004.75,5004.75,1.0,2026-06-15T00:12:30.000000Z,2026-06-15T00:12:30.000000Z,750,750
2026-06-15T00:12:31.000000Z,BTCUSDT,futures,10010.0,10010.0,10010.0,10010.0,1.0,10010.0,1,0.5,0.5,5005.0,5005.0,1.0,2026-06-15T00:12:31.000000Z,2026-06-15T00:12:31.000000Z,751,751
2026-06-15T00:12:32.000000Z,BTCUSDT,futures,10010.5,10010.5,10010.5,10010.5,1.0,10010.5,1,0.5,0.5,5005.25,5005.25,1.0,2026-06-15T00:12:32.000000Z,2026-06-15T00:12:32.000000Z,752,752
2026-06-15T00:12:33.000000Z,BTCUSDT,futures,10009.5,10009.5,10009.5,10009.5,1.0,10009.5,1,0.5,0.5,5004.75,5004.75,1.0,2026-06-15T00:12:33.000000Z,2026-06-15T00:12:33.000000Z,753,753
2026-06-15T00:12:34.000000Z,BTCUSDT,futures,10010.0,10010.0,10010.0,10010.0,1.0,10010.0,1,0.5,0.5,5005.0,5005.0,1.0,2026-06-15T00:12:34.000000Z,2026-06-15T00:12:34.000000Z,754,754
2026-06-15T00:12:35.000000Z,BTCUSDT,futures,10010.5,10010.5,10010.5,10010.5,1.0,10010.5,1,0.5,0.5,5005.25,5005.25,1.0,2026-06-15T00:12:35.000000Z,2026-06-15T00:12:35.000000Z,755,755
2026-06-15T00:12:36.000000Z,BTCUSDT,futures,10009.5,10009.5,10009.5,10009.5,1.0,10009.5,1,0.5,0.5,5004.75,5004.75,1.0,2026-06-15T00:12:36.000000Z,2026-06-15T00:12:36.000000Z,756,756
2026-06-15T00:12:37.000000Z,BTCUSDT,futures,10010.0,10010.0,10010.0,10010.0,1.0,10010.0,1,0.5,0.5,5005.0,5005.0,1.0,2026-06-15T00:12:37.000000Z,2026-06-15T00:12:37.000000Z,757,757
2026-06-15T00:12:38.000000Z,BTCUSDT,futures,10010.5,10010.5,10010.5,10010.5,1.0,10010.5,1,0.5,0.5,5005.25,5005.25,1.0,2026-06-15T00:12:38.000000Z,2026-06-15T00:12:38.000000Z,758,758
2026-06-15T00:12:39.000000Z,BTCUSDT,futures,10009.5,10009.5,10009.5,10009.5,1.0,10009.5,1,0.5,0.5,5004.75,5004.75,1.0,2026-06-15T00:12:39.000000Z,2026-06-15T00:12:39.000000Z,759,759
2026-06-15T00:12:40.000000Z,BTCUSDT,futures,10010.0,10010.0,10010.0,10010.0,1.0,10010.0,1,0.5,0.5,5005.0,5005.0,1.0,2026-06-15T00:12:40.000000Z,2026-06-15T00:12:40.000000Z,760,760
2026-06-15T00:12:41.000000Z,BTCUSDT,futures,10010.5,10010.5,10010.5,10010.5,1.0,10010.5,1,0.5,0.5,5005.25,5005.25,1.0,2026-06-15T00:12:41.000000Z,2026-06-15T00:12:41.000000Z,761,761
2026-06-15T00:12:42.000000Z,BTCUSDT,futures,10009.5,10009.5,10009.5,10009.5,1.0,10009.5,1,0.5,0.5,5004.75,5004.75,1.0,2026-06-15T00:12:42.000000Z,2026-06-15T00:12:42.000000Z,762,762
2026-06-15T00:12:43.000000Z,BTCUSDT,futures,10010.0,10010.0,10010.0,10010.0,1.0,10010.0,1,0.5,0.5,5005.0,5005.0,1.0,2026-06-15T00:12:43.000000Z,2026-06-15T00:12:43.000000Z,763,763
2026-06-15T00:12:44.000000Z,BTCUSDT,futures,10010.5,10010.5,10010.5,10010.5,1.0,10010.5,1,0.5,0.5,5005.25,5005.25,1.0,2026-06-15T00:12:44.000000Z,2026-06-15T00:12:44.000000Z,764,764
2026-06-15T00:12:45.000000Z,BTCUSDT,futures,10009.5,10009.5,10009.5,10009.5,1.0,10009.5,1,0.5,0.5,5004.75,5004.75,1.0,2026-06-15T00:12:45.000000Z,2026-06-15T00:12:45.000000Z,765,765
2026-06-15T00:12:46.000000Z,BTCUSDT,futures,10010.0,10010.0,10010.0,10010.0,1.0,10010.0,1,0.5,0.5,5005.0,5005.0,1.0,2026-06-15T00:12:46.000000Z,2026-06-15T00:12:46.000000Z,766,766
2026-06-15T00:12:47.000000Z,BTCUSDT,futures,10010.5,10010.5,10010.5,10010.5,1.0,10010.5,1,0.5,0.5,5005.25,5005.25,1.0,2026-06-15T00:12:47.000000Z,2026-06-15T00:12:47.000000Z,767,767
2026-06-15T00:12:48.000000Z,BTCUSDT,futures,10009.5,10009.5,10009.5,10009.5,1.0,10009.5,1,0.5,0.5,5004.75,5004.75,1.0,2026-06-15T00:12:48.000000Z,2026-06-15T00:12:48.000000Z,768,768
2026-06-15T00:12:49.000000Z,BTCUSDT,futures,10010.0,10010.0,10010.0,10010.0,1.0,10010.0,1,0.5,0.5,5005.0,5005.0,1.0,2026-06-15T00:12:49.000000Z,2026-06-15T00:12:49.000000Z,769,769
2026-06-15T00:12:50.000000Z,BTCUSDT,futures,10010.5,10010.5,10010.5,10010.5,1.0,10010.5,1,0.5,0.5,5005.25,5005.25,1.0,2026-06-15T00:12:50.000000Z,2026-06-15T00:12:50.000000Z,770,770
2026-06-15T00:12:51.000000Z,BTCUSDT,futures,10009.5,10009.5,10009.5,10009.5,1.0,10009.5,1,0.5,0.5,5004.75,5004.75,1.0,2026-06-15T00:12:51.000000Z,2026-06-15T00:12:51.000000Z,771,771
2026-06-15T00:12:52.000000Z,BTCUSDT,futures,10010.0,10010.0,10010.0,10010.0,1.0,10010.0,1,0.5,0.5,5005.0,5005.0,1.0,2026-06-15T00:12:52.000000Z,2026-06-15T00:12:52.000000Z,772,772
2026-06-15T00:12:53.000000Z,BTCUSDT,futures,10010.5,10010.5,10010.5,10010.5,1.0,10010.5,1,0.5,0.5,5005.25,5005.25,1.0,2026-06-15T00:12:53.000000Z,2026-06-15T00:12:53.000000Z,773,773
2026-06-15T00:12:54.000000Z,BTCUSDT,futures,10009.5,10009.5,10009.5,10009.5,1.0,10009.5,1,0.5,0.5,5004.75,5004.75,1.0,2026-06-15T00:12:54.000000Z,2026-06-15T00:12:54.000000Z,774,774
2026-06-15T00:12:55.000000Z,BTCUSDT,futures,10010.0,10010.0,10010.0,10010.0,1.0,10010.0,1,0.5,0.5,5005.0,5005.0,1.0,2026-06-15T00:12:55.000000Z,2026-06-15T00:12:55.000000Z,775,775
2026-06-15T00:12:56.000000Z,BTCUSDT,futures,10010.5,10010.5,10010.5,10010.5,1.0,10010.5,1,0.5,0.5,5005.25,5005.25,1.0,2026-06-15T00:12:56.000000Z,2026-06-15T00:12:56.000000Z,776,776
2026-06-15T00:12:57.000000Z,BTCUSDT,futures,10009.5,10009.5,10009.5,10009.5,1.0,10009.5,1,0.5,0.5,5004.75,5004.75,1.0,2026-06-15T00:12:57.000000Z,2026-06-15T00:12:57.000000Z,777,777
2026-06-15T00:12:58.000000Z,BTCUSDT,futures,10010.0,10010.0,10010.0,10010.0,1.0,10010.0,1,0.5,0.5,5005.0,5005.0,1.0,2026-06-15T00:12:58.000000Z,2026-06-15T00:12:58.000000Z,778,778
2026-06-15T00:12:59.000000Z,BTCUSDT,futures,10010.5,10010.5,10010.5,10010.5,1.0,10010.5,1,0.5,0.5,5005.25,5005.25,1.0,2026-06-15T00:12:59.000000Z,2026-06-15T00:12:59.000000Z,779,779
2026-06-15T00:13:00.000000Z,BTCUSDT,futures,10009.5,10009.5,10009.5,10009.5,1.0,10009.5,1,0.5,0.5,5004.75,5004.75,1.0,2026-06-15T00:13:00.000000Z,2026-06-15T00:13:00.000000Z,780,780
2026-06-15T00:13:01.000000Z,BTCUSDT,futures,10010.0,10010.0,10010.0,10010.0,1.0,10010.0,1,0.5,0.5,5005.0,5005.0,1.0,2026-06-15T00:13:01.000000Z,2026-06-15T00:13:01.000000Z,781,781
2026-06-15T00:13:02.000000Z,BTCUSDT,futures,10010.5,10010.5,10010.5,10010.5,1.0,10010.5,1,0.5,0.5,5005.25,5005.25,1.0,2026-06-15T00:13:02.000000Z,2026-06-15T00:13:02.000000Z,782,782
2026-06-15T00:13:03.000000Z,BTCUSDT,futures,10009.5,10009.5,10009.5,10009.5,1.0,10009.5,1,0.5,0.5,5004.75,5004.75,1.0,2026-06-15T00:13:03.000000Z,2026-06-15T00:13:03.000000Z,783,783
2026-06-15T00:13:04.000000Z,BTCUSDT,futures,10010.0,10010.0,10010.0,10010.0,1.0,10010.0,1,0.5,0.5,5005.0,5005.0,1.0,2026-06-15T00:13:04.000000Z,2026-06-15T00:13:04.000000Z,784,784
2026-06-15T00:13:05.000000Z,BTCUSDT,futures,10010.5,10010.5,10010.5,10010.5,1.0,10010.5,1,0.5,0.5,5005.25,5005.25,1.0,2026-06-15T00:13:05.000000Z,2026-06-15T00:13:05.000000Z,785,785
2026-06-15T00:13:06.000000Z,BTCUSDT,futures,10009.5,10009.5,10009.5,10009.5,1.0,10009.5,1,0.5,0.5,5004.75,5004.75,1.0,2026-06-15T00:13:06.000000Z,2026-06-15T00:13:06.000000Z,786,786
2026-06-15T00:13:07.000000Z,BTCUSDT,futures,10010.0,10010.0,10010.0,10010.0,1.0,10010.0,1,0.5,0.5,5005.0,5005.0,1.0,2026-06-15T00:13:07.000000Z,2026-06-15T00:13:07.000000Z,787,787
2026-06-15T00:13:08.000000Z,BTCUSDT,futures,10010.5,10010.5,10010.5,10010.5,1.0,10010.5,1,0.5,0.5,5005.25,5005.25,1.0,2026-06-15T00:13:08.000000Z,2026-06-15T00:13:08.000000Z,788,788
2026-06-15T00:13:09.000000Z,BTCUSDT,futures,10009.5,10009.5,10009.5,10009.5,1.0,10009.5,1,0.5,0.5,5004.75,5004.75,1.0,2026-06-15T00:13:09.000000Z,2026-06-15T00:13:09.000000Z,789,789
2026-06-15T00:13:10.000000Z,BTCUSDT,futures,10010.0,10010.0,10010.0,10010.0,1.0,10010.0,1,0.5,0.5,5005.0,5005.0,1.0,2026-06-15T00:13:10.000000Z,2026-06-15T00:13:10.000000Z,790,790
2026-06-15T00:13:11.000000Z,BTCUSDT,futures,10010.5,10010.5,10010.5,10010.5,1.0,10010.5,1,0.5,0.5,5005.25,5005.25,1.0,2026-06-15T00:13:11.000000Z,2026-06-15T00:13:11.000000Z,791,791
2026-06-15T00:13:12.000000Z,BTCUSDT,futures,10009.5,10009.5,10009.5,10009.5,1.0,10009.5,1,0.5,0.5,5004.75,5004.75,1.0,2026-06-15T00:13:12.000000Z,2026-06-15T00:13:12.000000Z,792,792
2026-06-15T00:13:13.000000Z,BTCUSDT,futures,10010.0,10010.0,10010.0,10010.0,1.0,10010.0,1,0.5,0.5,5005.0,5005.0,1.0,2026-06-15T00:13:13.000000Z,2026-06-15T00:13:13.000000Z,793,793
2026-06-15T00:13:14.000000Z,BTCUSDT,futures,10010.5,10010.5,10010.5,10010.5,1.0,10010.5,1,0.5,0.5,5005.25,5005.25,1.0,2026-06-15T00:13:14.000000Z,2026-06-15T00:13:14.000000Z,794,794
2026-06-15T00:13:15.000000Z,BTCUSDT,futures,10009.5,10009.5,10009.5,10009.5,1.0,10009.5,1,0.5,0.5,5004.75,5004.75,1.0,2026-06-15T00:13:15.000000Z,2026-06-15T00:13:15.000000Z,795,795
2026-06-15T00:13:16.000000Z,BTCUSDT,futures,10010.0,10010.0,10010.0,10010.0,1.0,10010.0,1,0.5,0.5,5005.0,5005.0,1.0,2026-06-15T00:13:16.000000Z,2026-06-15T00:13:16.000000Z,796,796
2026-06-15T00:13:17.000000Z,BTCUSDT,futures,10010.5,10010.5,10010.5,10010.5,1.0,10010.5,1,0.5,0.5,5005.25,5005.25,1.0,2026-06-15T00:13:17.000000Z,2026-06-15T00:13:17.000000Z,797,797
2026-06-15T00:13:18.000000Z,BTCUSDT,futures,10009.5,10009.5,10009.5,10009.5,1.0,10009.5,1,0.5,0.5,5004.75,5004.75,1.0,2026-06-15T00:13:18.000000Z,2026-06-15T00:13:18.000000Z,798,798
2026-06-15T00:13:19.000000Z,BTCUSDT,futures,10010.0,10010.0,10010.0,10010.0,1.0,10010.0,1,0.5,0.5,5005.0,5005.0,1.0,2026-06-15T00:13:19.000000Z,2026-06-15T00:13:19.000000Z,799,799
2026-06-15T00:13:20.000000Z,BTCUSDT,futures,10010.5,10010.5,10010.5,10010.5,1.0,10010.5,1,0.5,0.5,5005.25,5005.25,1.0,2026-06-15T00:13:20.000000Z,2026-06-15T00:13:20.000000Z,800,800
2026-06-15T00:13:21.000000Z,BTCUSDT,futures,10009.5,10009.5,10009.5,10009.5,1.0,10009.5,1,0.5,0.5,5004.75,5004.75,1.0,2026-06-15T00:13:21.000000Z,2026-06-15T00:13:21.000000Z,801,801
2026-06-15T00:13:22.000000Z,BTCUSDT,futures,10010.0,10010.0,10010.0,10010.0,1.0,10010.0,1,0.5,0.5,5005.0,5005.0,1.0,2026-06-15T00:13:22.000000Z,2026-06-15T00:13:22.000000Z,802,802
2026-06-15T00:13:23.000000Z,BTCUSDT,futures,10010.5,10010.5,10010.5,10010.5,1.0,10010.5,1,0.5,0.5,5005.25,5005.25,1.0,2026-06-15T00:13:23.000000Z,2026-06-15T00:13:23.000000Z,803,803
2026-06-15T00:13:24.000000Z,BTCUSDT,futures,10009.5,10009.5,10009.5,10009.5,1.0,10009.5,1,0.5,0.5,5004.75,5004.75,1.0,2026-06-15T00:13:24.000000Z,2026-06-15T00:13:24.000000Z,804,804
2026-06-15T00:13:25.000000Z,BTCUSDT,futures,10010.0,10010.0,10010.0,10010.0,1.0,10010.0,1,0.5,0.5,5005.0,5005.0,1.0,2026-06-15T00:13:25.000000Z,2026-06-15T00:13:25.000000Z,805,805
2026-06-15T00:13:26.000000Z,BTCUSDT,futures,10010.5,10010.5,10010.5,10010.5,1.0,10010.5,1,0.5,0.5,5005.25,5005.25,1.0,2026-06-15T00:13:26.000000Z,2026-06-15T00:13:26.000000Z,806,806
2026-06-15T00:13:27.000000Z,BTCUSDT,futures,10009.5,10009.5,10009.5,10009.5,1.0,10009.5,1,0.5,0.5,5004.75,5004.75,1.0,2026-06-15T00:13:27.000000Z,2026-06-15T00:13:27.000000Z,807,807
2026-06-15T00:13:28.000000Z,BTCUSDT,futures,10010.0,10010.0,10010.0,10010.0,1.0,10010.0,1,0.5,0.5,5005.0,5005.0,1.0,2026-06-15T00:13:28.000000Z,2026-06-15T00:13:28.000000Z,808,808
2026-06-15T00:13:29.000000Z,BTCUSDT,futures,10010.5,10010.5,10010.5,10010.5,1.0,10010.5,1,0.5,0.5,5005.25,5005.25,1.0,2026-06-15T00:13:29.000000Z,2026-06-15T00:13:29.000000Z,809,809
2026-06-15T00:13:30.000000Z,BTCUSDT,futures,10009.5,10009.5,10009.5,10009.5,1.0,10009.5,1,0.5,0.5,5004.75,5004.75,1.0,2026-06-15T00:13:30.000000Z,2026-06-15T00:13:30.000000Z,810,810
2026-06-15T00:13:31.000000Z,BTCUSDT,futures,10010.0,10010.0,10010.0,10010.0,1.0,10010.0,1,0.5,0.5,5005.0,5005.0,1.0,2026-06-15T00:13:31.000000Z,2026-06-15T00:13:31.000000Z,811,811
2026-06-15T00:13:32.000000Z,BTCUSDT,futures,10010.5,10010.5,10010.5,10010.5,1.0,10010.5,1,0.5,0.5,5005.25,5005.25,1.0,2026-06-15T00:13:32.000000Z,2026-06-15T00:13:32.000000Z,812,812
2026-06-15T00:13:33.000000Z,BTCUSDT,futures,10009.5,10009.5,10009.5,10009.5,1.0,10009.5,1,0.5,0.5,5004.75,5004.75,1.0,2026-06-15T00:13:33.000000Z,2026-06-15T00:13:33.000000Z,813,813
2026-06-15T00:13:34.000000Z,BTCUSDT,futures,10010.0,10010.0,10010.0,10010.0,1.0,10010.0,1,0.5,0.5,5005.0,5005.0,1.0,2026-06-15T00:13:34.000000Z,2026-06-15T00:13:34.000000Z,814,814
2026-06-15T00:13:35.000000Z,BTCUSDT,futures,10010.5,10010.5,10010.5,10010.5,1.0,10010.5,1,0.5,0.5,5005.25,5005.25,1.0,2026-06-15T00:13:35.000000Z,2026-06-15T00:13:35.000000Z,815,815
2026-06-15T00:13:36.000000Z,BTCUSDT,futures,10009.5,10009.5,10009.5,10009.5,1.0,10009.5,1,0.5,0.5,5004.75,5004.75,1.0,2026-06-15T00:13:36.000000Z,2026-06-15T00:13:36.000000Z,816,816
2026-06-15T00:13:37.000000Z,BTCUSDT,futures,10010.0,10010.0,10010.0,10010.0,1.0,10010.0,1,0.5,0.5,5005.0,5005.0,1.0,2026-06-15T00:13:37.000000Z,2026-06-15T00:13:37.000000Z,817,817
2026-06-15T00:13:38.000000Z,BTCUSDT,futures,10010.5,10010.5,10010.5,10010.5,1.0,10010.5,1,0.5,0.5,5005.25,5005.25,1.0,2026-06-15T00:13:38.000000Z,2026-06-15T00:13:38.000000Z,818,818
2026-06-15T00:13:39.000000Z,BTCUSDT,futures,10009.5,10009.5,10009.5,10009.5,1.0,10009.5,1,0.5,0.5,5004.75,5004.75,1.0,2026-06-15T00:13:39.000000Z,2026-06-15T00:13:39.000000Z,819,819
2026-06-15T00:13:40.000000Z,BTCUSDT,futures,10010.0,10010.0,10010.0,10010.0,1.0,10010.0,1,0.5,0.5,5005.0,5005.0,1.0,2026-06-15T00:13:40.000000Z,2026-06-15T00:13:40.000000Z,820,820
2026-06-15T00:13:41.000000Z,BTCUSDT,futures,10010.5,10010.5,10010.5,10010.5,1.0,10010.5,1,0.5,0.5,5005.25,5005.25,1.0,2026-06-15T00:13:41.000000Z,2026-06-15T00:13:41.000000Z,821,821
2026-06-15T00:13:42.000000Z,BTCUSDT,futures,10009.5,10009.5,10009.5,10009.5,1.0,10009.5,1,0.5,0.5,5004.75,5004.75,1.0,2026-06-15T00:13:42.000000Z,2026-06-15T00:13:42.000000Z,822,822
2026-06-15T00:13:43.000000Z,BTCUSDT,futures,10010.0,10010.0,10010.0,10010.0,1.0,10010.0,1,0.5,0.5,5005.0,5005.0,1.0,2026-06-15T00:13:43.000000Z,2026-06-15T00:13:43.000000Z,823,823
2026-06-15T00:13:44.000000Z,BTCUSDT,futures,10010.5,10010.5,10010.5,10010.5,1.0,10010.5,1,0.5,0.5,5005.25,5005.25,1.0,2026-06-15T00:13:44.000000Z,2026-06-15T00:13:44.000000Z,824,824
2026-06-15T00:13:45.000000Z,BTCUSDT,futures,10009.5,10009.5,10009.5,10009.5,1.0,10009.5,1,0.5,0.5,5004.75,5004.75,1.0,2026-06-15T00:13:45.000000Z,2026-06-15T00:13:45.000000Z,825,825
2026-06-15T00:13:46.000000Z,BTCUSDT,futures,10010.0,10010.0,10010.0,10010.0,1.0,10010.0,1,0.5,0.5,5005.0,5005.0,1.0,2026-06-15T00:13:46.000000Z,2026-06-15T00:13:46.000000Z,826,826
2026-06-15T00:13:47.000000Z,BTCUSDT,futures,10010.5,10010.5,10010.5,10010.5,1.0,10010.5,1,0.5,0.5,5005.25,5005.25,1.0,2026-06-15T00:13:47.000000Z,2026-06-15T00:13:47.000000Z,827,827
2026-06-15T00:13:48.000000Z,BTCUSDT,futures,10009.5,10009.5,10009.5,10009.5,1.0,10009.5,1,0.5,0.5,5004.75,5004.75,1.0,2026-06-15T00:13:48.000000Z,2026-06-15T00:13:48.000000Z,828,828
2026-06-15T00:13:49.000000Z,BTCUSDT,futures,10010.0,10010.0,10010.0,10010.0,1.0,10010.0,1,0.5,0.5,5005.0,5005.0,1.0,2026-06-15T00:13:49.000000Z,2026-06-15T00:13:49.000000Z,829,829
2026-06-15T00:13:50.000000Z,BTCUSDT,futures,10010.5,10010.5,10010.5,10010.5,1.0,10010.5,1,0.5,0.5,5005.25,5005.25,1.0,2026-06-15T00:13:50.000000Z,2026-06-15T00:13:50.000000Z,830,830
2026-06-15T00:13:51.000000Z,BTCUSDT,futures,10009.5,10009.5,10009.5,10009.5,1.0,10009.5,1,0.5,0.5,5004.75,5004.75,1.0,2026-06-15T00:13:51.000000Z,2026-06-15T00:13:51.000000Z,831,831
2026-06-15T00:13:52.000000Z,BTCUSDT,futures,10010.0,10010.0,10010.0,10010.0,1.0,10010.0,1,0.5,0.5,5005.0,5005.0,1.0,2026-06-15T00:13:52.000000Z,2026-06-15T00:13:52.000000Z,832,832
2026-06-15T00:13:53.000000Z,BTCUSDT,futures,10010.5,10010.5,10010.5,10010.5,1.0,10010.5,1,0.5,0.5,5005.25,5005.25,1.0,2026-06-15T00:13:53.000000Z,2026-06-15T00:13:53.000000Z,833,833
2026-06-15T00:13:54.000000Z,BTCUSDT,futures,10009.5,10009.5,10009.5,10009.5,1.0,10009.5,1,0.5,0.5,5004.75,5004.75,1.0,2026-06-15T00:13:54.000000Z,2026-06-15T00:13:54.000000Z,834,834
2026-06-15T00:13:55.000000Z,BTCUSDT,futures,10010.0,10010.0,10010.0,10010.0,1.0,10010.0,1,0.5,0.5,5005.0,5005.0,1.0,2026-06-15T00:13:55.000000Z,2026-06-15T00:13:55.000000Z,835,835
2026-06-15T00:13:56.000000Z,BTCUSDT,futures,10010.5,10010.5,10010.5,10010.5,1.0,10010.5,1,0.5,0.5,5005.25,5005.25,1.0,2026-06-15T00:13:56.000000Z,2026-06-15T00:13:56.000000Z,836,836
2026-06-15T00:13:57.000000Z,BTCUSDT,futures,10009.5,10009.5,10009.5,10009.5,1.0,10009.5,1,0.5,0.5,5004.75,5004.75,1.0,2026-06-15T00:13:57.000000Z,2026-06-15T00:13:57.000000Z,837,837
2026-06-15T00:13:58.000000Z,BTCUSDT,futures,10010.0,10010.0,10010.0,10010.0,1.0,10010.0,1,0.5,0.5,5005.0,5005.0,1.0,2026-06-15T00:13:58.000000Z,2026-06-15T00:13:58.000000Z,838,838
2026-06-15T00:13:59.000000Z,BTCUSDT,futures,10010.5,10010.5,10010.5,10010.5,1.0,10010.5,1,0.5,0.5,5005.25,5005.25,1.0,2026-06-15T00:13:59.000000Z,2026-06-15T00:13:59.000000Z,839,839
2026-06-15T00:14:00.000000Z,BTCUSDT,futures,10009.5,10009.5,10009.5,10009.5,1.0,10009.5,1,0.5,0.5,5004.75,5004.75,1.0,2026-06-15T00:14:00.000000Z,2026-06-15T00:14:00.000000Z,840,840
2026-06-15T00:14:01.000000Z,BTCUSDT,futures,10010.0,10010.0,10010.0,10010.0,1.0,10010.0,1,0.5,0.5,5005.0,5005.0,1.0,2026-06-15T00:14:01.000000Z,2026-06-15T00:14:01.000000Z,841,841
2026-06-15T00:14:02.000000Z,BTCUSDT,futures,10010.5,10010.5,10010.5,10010.5,1.0,10010.5,1,0.5,0.5,5005.25,5005.25,1.0,2026-06-15T00:14:02.000000Z,2026-06-15T00:14:02.000000Z,842,842
2026-06-15T00:14:03.000000Z,BTCUSDT,futures,10009.5,10009.5,10009.5,10009.5,1.0,10009.5,1,0.5,0.5,5004.75,5004.75,1.0,2026-06-15T00:14:03.000000Z,2026-06-15T00:14:03.000000Z,843,843
2026-06-15T00:14:04.000000Z,BTCUSDT,futures,10010.0,10010.0,10010.0,10010.0,1.0,10010.0,1,0.5,0.5,5005.0,5005.0,1.0,2026-06-15T00:14:04.000000Z,2026-06-15T00:14:04.000000Z,844,844
2026-06-15T00:14:05.000000Z,BTCUSDT,futures,10010.5,10010.5,10010.5,10010.5,1.0,10010.5,1,0.5,0.5,5005.25,5005.25,1.0,2026-06-15T00:14:05.000000Z,2026-06-15T00:14:05.000000Z,845,845
2026-06-15T00:14:06.000000Z,BTCUSDT,futures,10009.5,10009.5,10009.5,10009.5,1.0,10009.5,1,0.5,0.5,5004.75,5004.75,1.0,2026-06-15T00:14:06.000000Z,2026-06-15T00:14:06.000000Z,846,846
2026-06-15T00:14:07.000000Z,BTCUSDT,futures,10010.0,10010.0,10010.0,10010.0,1.0,10010.0,1,0.5,0.5,5005.0,5005.0,1.0,2026-06-15T00:14:07.000000Z,2026-06-15T00:14:07.000000Z,847,847
2026-06-15T00:14:08.000000Z,BTCUSDT,futures,10010.5,10010.5,10010.5,10010.5,1.0,10010.5,1,0.5,0.5,5005.25,5005.25,1.0,2026-06-15T00:14:08.000000Z,2026-06-15T00:14:08.000000Z,848,848
2026-06-15T00:14:09.000000Z,BTCUSDT,futures,10009.5,10009.5,10009.5,10009.5,1.0,10009.5,1,0.5,0.5,5004.75,5004.75,1.0,2026-06-15T00:14:09.000000Z,2026-06-15T00:14:09.000000Z,849,849
2026-06-15T00:14:10.000000Z,BTCUSDT,futures,10010.0,10010.0,10010.0,10010.0,1.0,10010.0,1,0.5,0.5,5005.0,5005.0,1.0,2026-06-15T00:14:10.000000Z,2026-06-15T00:14:10.000000Z,850,850
2026-06-15T00:14:11.000000Z,BTCUSDT,futures,10010.5,10010.5,10010.5,10010.5,1.0,10010.5,1,0.5,0.5,5005.25,5005.25,1.0,2026-06-15T00:14:11.000000Z,2026-06-15T00:14:11.000000Z,851,851
2026-06-15T00:14:12.000000Z,BTCUSDT,futures,10009.5,10009.5,10009.5,10009.5,1.0,10009.5,1,0.5,0.5,5004.75,5004.75,1.0,2026-06-15T00:14:12.000000Z,2026-06-15T00:14:12.000000Z,852,852
2026-06-15T00:14:13.000000Z,BTCUSDT,futures,10010.0,10010.0,10010.0,10010.0,1.0,10010.0,1,0.5,0.5,5005.0,5005.0,1.0,2026-06-15T00:14:13.000000Z,2026-06-15T00:14:13.000000Z,853,853
2026-06-15T00:14:14.000000Z,BTCUSDT,futures,10010.5,10010.5,10010.5,10010.5,1.0,10010.5,1,0.5,0.5,5005.25,5005.25,1.0,2026-06-15T00:14:14.000000Z,2026-06-15T00:14:14.000000Z,854,854
2026-06-15T00:14:15.000000Z,BTCUSDT,futures,10009.5,10009.5,10009.5,10009.5,1.0,10009.5,1,0.5,0.5,5004.75,5004.75,1.0,2026-06-15T00:14:15.000000Z,2026-06-15T00:14:15.000000Z,855,855
2026-06-15T00:14:16.000000Z,BTCUSDT,futures,10010.0,10010.0,10010.0,10010.0,1.0,10010.0,1,0.5,0.5,5005.0,5005.0,1.0,2026-06-15T00:14:16.000000Z,2026-06-15T00:14:16.000000Z,856,856
2026-06-15T00:14:17.000000Z,BTCUSDT,futures,10010.5,10010.5,10010.5,10010.5,1.0,10010.5,1,0.5,0.5,5005.25,5005.25,1.0,2026-06-15T00:14:17.000000Z,2026-06-15T00:14:17.000000Z,857,857
2026-06-15T00:14:18.000000Z,BTCUSDT,futures,10009.5,10009.5,10009.5,10009.5,1.0,10009.5,1,0.5,0.5,5004.75,5004.75,1.0,2026-06-15T00:14:18.000000Z,2026-06-15T00:14:18.000000Z,858,858
2026-06-15T00:14:19.000000Z,BTCUSDT,futures,10010.0,10010.0,10010.0,10010.0,1.0,10010.0,1,0.5,0.5,5005.0,5005.0,1.0,2026-06-15T00:14:19.000000Z,2026-06-15T00:14:19.000000Z,859,859
2026-06-15T00:14:20.000000Z,BTCUSDT,futures,10010.5,10010.5,10010.5,10010.5,1.0,10010.5,1,0.5,0.5,5005.25,5005.25,1.0,2026-06-15T00:14:20.000000Z,2026-06-15T00:14:20.000000Z,860,860
2026-06-15T00:14:21.000000Z,BTCUSDT,futures,10009.5,10009.5,10009.5,10009.5,1.0,10009.5,1,0.5,0.5,5004.75,5004.75,1.0,2026-06-15T00:14:21.000000Z,2026-06-15T00:14:21.000000Z,861,861
2026-06-15T00:14:22.000000Z,BTCUSDT,futures,10010.0,10010.0,10010.0,10010.0,1.0,10010.0,1,0.5,0.5,5005.0,5005.0,1.0,2026-06-15T00:14:22.000000Z,2026-06-15T00:14:22.000000Z,862,862
2026-06-15T00:14:23.000000Z,BTCUSDT,futures,10010.5,10010.5,10010.5,10010.5,1.0,10010.5,1,0.5,0.5,5005.25,5005.25,1.0,2026-06-15T00:14:23.000000Z,2026-06-15T00:14:23.000000Z,863,863
2026-06-15T00:14:24.000000Z,BTCUSDT,futures,10009.5,10009.5,10009.5,10009.5,1.0,10009.5,1,0.5,0.5,5004.75,5004.75,1.0,2026-06-15T00:14:24.000000Z,2026-06-15T00:14:24.000000Z,864,864
2026-06-15T00:14:25.000000Z,BTCUSDT,futures,10010.0,10010.0,10010.0,10010.0,1.0,10010.0,1,0.5,0.5,5005.0,5005.0,1.0,2026-06-15T00:14:25.000000Z,2026-06-15T00:14:25.000000Z,865,865
2026-06-15T00:14:26.000000Z,BTCUSDT,futures,10010.5,10010.5,10010.5,10010.5,1.0,10010.5,1,0.5,0.5,5005.25,5005.25,1.0,2026-06-15T00:14:26.000000Z,2026-06-15T00:14:26.000000Z,866,866
2026-06-15T00:14:27.000000Z,BTCUSDT,futures,10009.5,10009.5,10009.5,10009.5,1.0,10009.5,1,0.5,0.5,5004.75,5004.75,1.0,2026-06-15T00:14:27.000000Z,2026-06-15T00:14:27.000000Z,867,867
2026-06-15T00:14:28.000000Z,BTCUSDT,futures,10010.0,10010.0,10010.0,10010.0,1.0,10010.0,1,0.5,0.5,5005.0,5005.0,1.0,2026-06-15T00:14:28.000000Z,2026-06-15T00:14:28.000000Z,868,868
2026-06-15T00:14:29.000000Z,BTCUSDT,futures,10010.5,10010.5,10010.5,10010.5,1.0,10010.5,1,0.5,0.5,5005.25,5005.25,1.0,2026-06-15T00:14:29.000000Z,2026-06-15T00:14:29.000000Z,869,869
2026-06-15T00:14:30.000000Z,BTCUSDT,futures,10009.5,10009.5,10009.5,10009.5,1.0,10009.5,1,0.5,0.5,5004.75,5004.75,1.0,2026-06-15T00:14:30.000000Z,2026-06-15T00:14:30.000000Z,870,870
2026-06-15T00:14:31.000000Z,BTCUSDT,futures,10010.0,10010.0,10010.0,10010.0,1.0,10010.0,1,0.5,0.5,5005.0,5005.0,1.0,2026-06-15T00:14:31.000000Z,2026-06-15T00:14:31.000000Z,871,871
2026-06-15T00:14:32.000000Z,BTCUSDT,futures,10010.5,10010.5,10010.5,10010.5,1.0,10010.5,1,0.5,0.5,5005.25,5005.25,1.0,2026-06-15T00:14:32.000000Z,2026-06-15T00:14:32.000000Z,872,872
2026-06-15T00:14:33.000000Z,BTCUSDT,futures,10009.5,10009.5,10009.5,10009.5,1.0,10009.5,1,0.5,0.5,5004.75,5004.75,1.0,2026-06-15T00:14:33.000000Z,2026-06-15T00:14:33.000000Z,873,873
2026-06-15T00:14:34.000000Z,BTCUSDT,futures,10010.0,10010.0,10010.0,10010.0,1.0,10010.0,1,0.5,0.5,5005.0,5005.0,1.0,2026-06-15T00:14:34.000000Z,2026-06-15T00:14:34.000000Z,874,874
2026-06-15T00:14:35.000000Z,BTCUSDT,futures,10010.5,10010.5,10010.5,10010.5,1.0,10010.5,1,0.5,0.5,5005.25,5005.25,1.0,2026-06-15T00:14:35.000000Z,2026-06-15T00:14:35.000000Z,875,875
2026-06-15T00:14:36.000000Z,BTCUSDT,futures,10009.5,10009.5,10009.5,10009.5,1.0,10009.5,1,0.5,0.5,5004.75,5004.75,1.0,2026-06-15T00:14:36.000000Z,2026-06-15T00:14:36.000000Z,876,876
2026-06-15T00:14:37.000000Z,BTCUSDT,futures,10010.0,10010.0,10010.0,10010.0,1.0,10010.0,1,0.5,0.5,5005.0,5005.0,1.0,2026-06-15T00:14:37.000000Z,2026-06-15T00:14:37.000000Z,877,877
2026-06-15T00:14:38.000000Z,BTCUSDT,futures,10010.5,10010.5,10010.5,10010.5,1.0,10010.5,1,0.5,0.5,5005.25,5005.25,1.0,2026-06-15T00:14:38.000000Z,2026-06-15T00:14:38.000000Z,878,878
2026-06-15T00:14:39.000000Z,BTCUSDT,futures,10009.5,10009.5,10009.5,10009.5,1.0,10009.5,1,0.5,0.5,5004.75,5004.75,1.0,2026-06-15T00:14:39.000000Z,2026-06-15T00:14:39.000000Z,879,879
2026-06-15T00:14:40.000000Z,BTCUSDT,futures,10010.0,10010.0,10010.0,10010.0,1.0,10010.0,1,0.5,0.5,5005.0,5005.0,1.0,2026-06-15T00:14:40.000000Z,2026-06-15T00:14:40.000000Z,880,880
2026-06-15T00:14:41.000000Z,BTCUSDT,futures,10010.5,10010.5,10010.5,10010.5,1.0,10010.5,1,0.5,0.5,5005.25,5005.25,1.0,2026-06-15T00:14:41.000000Z,2026-06-15T00:14:41.000000Z,881,881
2026-06-15T00:14:42.000000Z,BTCUSDT,futures,10009.5,10009.5,10009.5,10009.5,1.0,10009.5,1,0.5,0.5,5004.75,5004.75,1.0,2026-06-15T00:14:42.000000Z,2026-06-15T00:14:42.000000Z,882,882
2026-06-15T00:14:43.000000Z,BTCUSDT,futures,10010.0,10010.0,10010.0,10010.0,1.0,10010.0,1,0.5,0.5,5005.0,5005.0,1.0,2026-06-15T00:14:43.000000Z,2026-06-15T00:14:43.000000Z,883,883
2026-06-15T00:14:44.000000Z,BTCUSDT,futures,10010.5,10010.5,10010.5,10010.5,1.0,10010.5,1,0.5,0.5,5005.25,5005.25,1.0,2026-06-15T00:14:44.000000Z,2026-06-15T00:14:44.000000Z,884,884
2026-06-15T00:14:45.000000Z,BTCUSDT,futures,10009.5,10009.5,10009.5,10009.5,1.0,10009.5,1,0.5,0.5,5004.75,5004.75,1.0,2026-06-15T00:14:45.000000Z,2026-06-15T00:14:45.000000Z,885,885
2026-06-15T00:14:46.000000Z,BTCUSDT,futures,10010.0,10010.0,10010.0,10010.0,1.0,10010.0,1,0.5,0.5,5005.0,5005.0,1.0,2026-06-15T00:14:46.000000Z,2026-06-15T00:14:46.000000Z,886,886
2026-06-15T00:14:47.000000Z,BTCUSDT,futures,10010.5,10010.5,10010.5,10010.5,1.0,10010.5,1,0.5,0.5,5005.25,5005.25,1.0,2026-06-15T00:14:47.000000Z,2026-06-15T00:14:47.000000Z,887,887
2026-06-15T00:14:48.000000Z,BTCUSDT,futures,10009.5,10009.5,10009.5,10009.5,1.0,10009.5,1,0.5,0.5,5004.75,5004.75,1.0,2026-06-15T00:14:48.000000Z,2026-06-15T00:14:48.000000Z,888,888
2026-06-15T00:14:49.000000Z,BTCUSDT,futures,10010.0,10010.0,10010.0,10010.0,1.0,10010.0,1,0.5,0.5,5005.0,5005.0,1.0,2026-06-15T00:14:49.000000Z,2026-06-15T00:14:49.000000Z,889,889
2026-06-15T00:14:50.000000Z,BTCUSDT,futures,10010.5,10010.5,10010.5,10010.5,1.0,10010.5,1,0.5,0.5,5005.25,5005.25,1.0,2026-06-15T00:14:50.000000Z,2026-06-15T00:14:50.000000Z,890,890
2026-06-15T00:14:51.000000Z,BTCUSDT,futures,10009.5,10009.5,10009.5,10009.5,1.0,10009.5,1,0.5,0.5,5004.75,5004.75,1.0,2026-06-15T00:14:51.000000Z,2026-06-15T00:14:51.000000Z,891,891
2026-06-15T00:14:52.000000Z,BTCUSDT,futures,10010.0,10010.0,10010.0,10010.0,1.0,10010.0,1,0.5,0.5,5005.0,5005.0,1.0,2026-06-15T00:14:52.000000Z,2026-06-15T00:14:52.000000Z,892,892
2026-06-15T00:14:53.000000Z,BTCUSDT,futures,10010.5,10010.5,10010.5,10010.5,1.0,10010.5,1,0.5,0.5,5005.25,5005.25,1.0,2026-06-15T00:14:53.000000Z,2026-06-15T00:14:53.000000Z,893,893
2026-06-15T00:14:54.000000Z,BTCUSDT,futures,10009.5,10009.5,10009.5,10009.5,1.0,10009.5,1,0.5,0.5,5004.75,5004.75,1.0,2026-06-15T00:14:54.000000Z,2026-06-15T00:14:54.000000Z,894,894
2026-06-15T00:14:55.000000Z,BTCUSDT,futures,10010.0,10010.0,10010.0,10010.0,1.0,10010.0,1,0.5,0.5,5005.0,5005.0,1.0,2026-06-15T00:14:55.000000Z,2026-06-15T00:14:55.000000Z,895,895
2026-06-15T00:14:56.000000Z,BTCUSDT,futures,10010.5,10010.5,10010.5,10010.5,1.0,10010.5,1,0.5,0.5,5005.25,5005.25,1.0,2026-06-15T00:14:56.000000Z,2026-06-15T00:14:56.000000Z,896,896
2026-06-15T00:14:57.000000Z,BTCUSDT,futures,10009.5,10009.5,10009.5,10009.5,1.0,10009.5,1,0.5,0.5,5004.75,5004.75,1.0,2026-06-15T00:14:57.000000Z,2026-06-15T00:14:57.000000Z,897,897
2026-06-15T00:14:58.000000Z,BTCUSDT,futures,10010.0,10010.0,10010.0,10010.0,1.0,10010.0,1,0.5,0.5,5005.0,5005.0,1.0,2026-06-15T00:14:58.000000Z,2026-06-15T00:14:58.000000Z,898,898
2026-06-15T00:14:59.000000Z,BTCUSDT,futures,10010.5,10010.5,10010.5,10010.5,1.0,10010.5,1,0.5,0.5,5005.25,5005.25,1.0,2026-06-15T00:14:59.000000Z,2026-06-15T00:14:59.000000Z,899,899
2026-06-15T00:15:00.000000Z,BTCUSDT,futures,10009.5,10009.5,10009.5,10009.5,1.0,10009.5,1,0.5,0.5,5004.75,5004.75,1.0,2026-06-15T00:15:00.000000Z,2026-06-15T00:15:00.000000Z,900,900
2026-06-15T00:15:01.000000Z,BTCUSDT,futures,10010.0,10010.0,10010.0,10010.0,1.0,10010.0,1,0.5,0.5,5005.0,5005.0,1.0,2026-06-15T00:15:01.000000Z,2026-06-15T00:15:01.000000Z,901,901
2026-06-15T00:15:02.000000Z,BTCUSDT,futures,10010.5,10010.5,10010.5,10010.5,1.0,10010.5,1,0.5,0.5,5005.25,5005.25,1.0,2026-06-15T00:15:02.000000Z,2026-06-15T00:15:02.000000Z,902,902
2026-06-15T00:15:03.000000Z,BTCUSDT,futures,10009.5,10009.5,10009.5,10009.5,1.0,10009.5,1,0.5,0.5,5004.75,5004.75,1.0,2026-06-15T00:15:03.000000Z,2026-06-15T00:15:03.000000Z,903,903
2026-06-15T00:15:04.000000Z,BTCUSDT,futures,10010.0,10010.0,10010.0,10010.0,1.0,10010.0,1,0.5,0.5,5005.0,5005.0,1.0,2026-06-15T00:15:04.000000Z,2026-06-15T00:15:04.000000Z,904,904
2026-06-15T00:15:05.000000Z,BTCUSDT,futures,10010.5,10010.5,10010.5,10010.5,1.0,10010.5,1,0.5,0.5,5005.25,5005.25,1.0,2026-06-15T00:15:05.000000Z,2026-06-15T00:15:05.000000Z,905,905
2026-06-15T00:15:06.000000Z,BTCUSDT,futures,10009.5,10009.5,10009.5,10009.5,1.0,10009.5,1,0.5,0.5,5004.75,5004.75,1.0,2026-06-15T00:15:06.000000Z,2026-06-15T00:15:06.000000Z,906,906
2026-06-15T00:15:07.000000Z,BTCUSDT,futures,10010.0,10010.0,10010.0,10010.0,1.0,10010.0,1,0.5,0.5,5005.0,5005.0,1.0,2026-06-15T00:15:07.000000Z,2026-06-15T00:15:07.000000Z,907,907
2026-06-15T00:15:08.000000Z,BTCUSDT,futures,10010.5,10010.5,10010.5,10010.5,1.0,10010.5,1,0.5,0.5,5005.25,5005.25,1.0,2026-06-15T00:15:08.000000Z,2026-06-15T00:15:08.000000Z,908,908
2026-06-15T00:15:09.000000Z,BTCUSDT,futures,10009.5,10009.5,10009.5,10009.5,1.0,10009.5,1,0.5,0.5,5004.75,5004.75,1.0,2026-06-15T00:15:09.000000Z,2026-06-15T00:15:09.000000Z,909,909
2026-06-15T00:15:10.000000Z,BTCUSDT,futures,10010.0,10010.0,10010.0,10010.0,1.0,10010.0,1,0.5,0.5,5005.0,5005.0,1.0,2026-06-15T00:15:10.000000Z,2026-06-15T00:15:10.000000Z,910,910
2026-06-15T00:15:11.000000Z,BTCUSDT,futures,10010.5,10010.5,10010.5,10010.5,1.0,10010.5,1,0.5,0.5,5005.25,5005.25,1.0,2026-06-15T00:15:11.000000Z,2026-06-15T00:15:11.000000Z,911,911
2026-06-15T00:15:12.000000Z,BTCUSDT,futures,10009.5,10009.5,10009.5,10009.5,1.0,10009.5,1,0.5,0.5,5004.75,5004.75,1.0,2026-06-15T00:15:12.000000Z,2026-06-15T00:15:12.000000Z,912,912
2026-06-15T00:15:13.000000Z,BTCUSDT,futures,10010.0,10010.0,10010.0,10010.0,1.0,10010.0,1,0.5,0.5,5005.0,5005.0,1.0,2026-06-15T00:15:13.000000Z,2026-06-15T00:15:13.000000Z,913,913
2026-06-15T00:15:14.000000Z,BTCUSDT,futures,10010.5,10010.5,10010.5,10010.5,1.0,10010.5,1,0.5,0.5,5005.25,5005.25,1.0,2026-06-15T00:15:14.000000Z,2026-06-15T00:15:14.000000Z,914,914
2026-06-15T00:15:15.000000Z,BTCUSDT,futures,10009.5,10009.5,10009.5,10009.5,1.0,10009.5,1,0.5,0.5,5004.75,5004.75,1.0,2026-06-15T00:15:15.000000Z,2026-06-15T00:15:15.000000Z,915,915
2026-06-15T00:15:16.000000Z,BTCUSDT,futures,10010.0,10010.0,10010.0,10010.0,1.0,10010.0,1,0.5,0.5,5005.0,5005.0,1.0,2026-06-15T00:15:16.000000Z,2026-06-15T00:15:16.000000Z,916,916
2026-06-15T00:15:17.000000Z,BTCUSDT,futures,10010.5,10010.5,10010.5,10010.5,1.0,10010.5,1,0.5,0.5,5005.25,5005.25,1.0,2026-06-15T00:15:17.000000Z,2026-06-15T00:15:17.000000Z,917,917
2026-06-15T00:15:18.000000Z,BTCUSDT,futures,10009.5,10009.5,10009.5,10009.5,1.0,10009.5,1,0.5,0.5,5004.75,5004.75,1.0,2026-06-15T00:15:18.000000Z,2026-06-15T00:15:18.000000Z,918,918
2026-06-15T00:15:19.000000Z,BTCUSDT,futures,10010.0,10010.0,10010.0,10010.0,1.0,10010.0,1,0.5,0.5,5005.0,5005.0,1.0,2026-06-15T00:15:19.000000Z,2026-06-15T00:15:19.000000Z,919,919
2026-06-15T00:15:20.000000Z,BTCUSDT,futures,10010.5,10010.5,10010.5,10010.5,1.0,10010.5,1,0.5,0.5,5005.25,5005.25,1.0,2026-06-15T00:15:20.000000Z,2026-06-15T00:15:20.000000Z,920,920
2026-06-15T00:15:21.000000Z,BTCUSDT,futures,10009.5,10009.5,10009.5,10009.5,1.0,10009.5,1,0.5,0.5,5004.75,5004.75,1.0,2026-06-15T00:15:21.000000Z,2026-06-15T00:15:21.000000Z,921,921
2026-06-15T00:15:22.000000Z,BTCUSDT,futures,10010.0,10010.0,10010.0,10010.0,1.0,10010.0,1,0.5,0.5,5005.0,5005.0,1.0,2026-06-15T00:15:22.000000Z,2026-06-15T00:15:22.000000Z,922,922
2026-06-15T00:15:23.000000Z,BTCUSDT,futures,10010.5,10010.5,10010.5,10010.5,1.0,10010.5,1,0.5,0.5,5005.25,5005.25,1.0,2026-06-15T00:15:23.000000Z,2026-06-15T00:15:23.000000Z,923,923
2026-06-15T00:15:24.000000Z,BTCUSDT,futures,10009.5,10009.5,10009.5,10009.5,1.0,10009.5,1,0.5,0.5,5004.75,5004.75,1.0,2026-06-15T00:15:24.000000Z,2026-06-15T00:15:24.000000Z,924,924
2026-06-15T00:15:25.000000Z,BTCUSDT,futures,10010.0,10010.0,10010.0,10010.0,1.0,10010.0,1,0.5,0.5,5005.0,5005.0,1.0,2026-06-15T00:15:25.000000Z,2026-06-15T00:15:25.000000Z,925,925
2026-06-15T00:15:26.000000Z,BTCUSDT,futures,10010.5,10010.5,10010.5,10010.5,1.0,10010.5,1,0.5,0.5,5005.25,5005.25,1.0,2026-06-15T00:15:26.000000Z,2026-06-15T00:15:26.000000Z,926,926
2026-06-15T00:15:27.000000Z,BTCUSDT,futures,10009.5,10009.5,10009.5,10009.5,1.0,10009.5,1,0.5,0.5,5004.75,5004.75,1.0,2026-06-15T00:15:27.000000Z,2026-06-15T00:15:27.000000Z,927,927
2026-06-15T00:15:28.000000Z,BTCUSDT,futures,10010.0,10010.0,10010.0,10010.0,1.0,10010.0,1,0.5,0.5,5005.0,5005.0,1.0,2026-06-15T00:15:28.000000Z,2026-06-15T00:15:28.000000Z,928,928
2026-06-15T00:15:29.000000Z,BTCUSDT,futures,10010.5,10010.5,10010.5,10010.5,1.0,10010.5,1,0.5,0.5,5005.25,5005.25,1.0,2026-06-15T00:15:29.000000Z,2026-06-15T00:15:29.000000Z,929,929
2026-06-15T00:15:30.000000Z,BTCUSDT,futures,10009.5,10009.5,10009.5,10009.5,1.0,10009.5,1,0.5,0.5,5004.75,5004.75,1.0,2026-06-15T00:15:30.000000Z,2026-06-15T00:15:30.000000Z,930,930
2026-06-15T00:15:31.000000Z,BTCUSDT,futures,10010.0,10010.0,10010.0,10010.0,1.0,10010.0,1,0.5,0.5,5005.0,5005.0,1.0,2026-06-15T00:15:31.000000Z,2026-06-15T00:15:31.000000Z,931,931
2026-06-15T00:15:32.000000Z,BTCUSDT,futures,10010.5,10010.5,10010.5,10010.5,1.0,10010.5,1,0.5,0.5,5005.25,5005.25,1.0,2026-06-15T00:15:32.000000Z,2026-06-15T00:15:32.000000Z,932,932
2026-06-15T00:15:33.000000Z,BTCUSDT,futures,10009.5,10009.5,10009.5,10009.5,1.0,10009.5,1,0.5,0.5,5004.75,5004.75,1.0,2026-06-15T00:15:33.000000Z,2026-06-15T00:15:33.000000Z,933,933
2026-06-15T00:15:34.000000Z,BTCUSDT,futures,10010.0,10010.0,10010.0,10010.0,1.0,10010.0,1,0.5,0.5,5005.0,5005.0,1.0,2026-06-15T00:15:34.000000Z,2026-06-15T00:15:34.000000Z,934,934
2026-06-15T00:15:35.000000Z,BTCUSDT,futures,10010.5,10010.5,10010.5,10010.5,1.0,10010.5,1,0.5,0.5,5005.25,5005.25,1.0,2026-06-15T00:15:35.000000Z,2026-06-15T00:15:35.000000Z,935,935
2026-06-15T00:15:36.000000Z,BTCUSDT,futures,10009.5,10009.5,10009.5,10009.5,1.0,10009.5,1,0.5,0.5,5004.75,5004.75,1.0,2026-06-15T00:15:36.000000Z,2026-06-15T00:15:36.000000Z,936,936
2026-06-15T00:15:37.000000Z,BTCUSDT,futures,10010.0,10010.0,10010.0,10010.0,1.0,10010.0,1,0.5,0.5,5005.0,5005.0,1.0,2026-06-15T00:15:37.000000Z,2026-06-15T00:15:37.000000Z,937,937
2026-06-15T00:15:38.000000Z,BTCUSDT,futures,10010.5,10010.5,10010.5,10010.5,1.0,10010.5,1,0.5,0.5,5005.25,5005.25,1.0,2026-06-15T00:15:38.000000Z,2026-06-15T00:15:38.000000Z,938,938
2026-06-15T00:15:39.000000Z,BTCUSDT,futures,10009.5,10009.5,10009.5,10009.5,1.0,10009.5,1,0.5,0.5,5004.75,5004.75,1.0,2026-06-15T00:15:39.000000Z,2026-06-15T00:15:39.000000Z,939,939
2026-06-15T00:15:40.000000Z,BTCUSDT,futures,10010.0,10010.0,10010.0,10010.0,1.0,10010.0,1,0.5,0.5,5005.0,5005.0,1.0,2026-06-15T00:15:40.000000Z,2026-06-15T00:15:40.000000Z,940,940
2026-06-15T00:15:41.000000Z,BTCUSDT,futures,10010.5,10010.5,10010.5,10010.5,1.0,10010.5,1,0.5,0.5,5005.25,5005.25,1.0,2026-06-15T00:15:41.000000Z,2026-06-15T00:15:41.000000Z,941,941
2026-06-15T00:15:42.000000Z,BTCUSDT,futures,10009.5,10009.5,10009.5,10009.5,1.0,10009.5,1,0.5,0.5,5004.75,5004.75,1.0,2026-06-15T00:15:42.000000Z,2026-06-15T00:15:42.000000Z,942,942
2026-06-15T00:15:43.000000Z,BTCUSDT,futures,10010.0,10010.0,10010.0,10010.0,1.0,10010.0,1,0.5,0.5,5005.0,5005.0,1.0,2026-06-15T00:15:43.000000Z,2026-06-15T00:15:43.000000Z,943,943
2026-06-15T00:15:44.000000Z,BTCUSDT,futures,10010.5,10010.5,10010.5,10010.5,1.0,10010.5,1,0.5,0.5,5005.25,5005.25,1.0,2026-06-15T00:15:44.000000Z,2026-06-15T00:15:44.000000Z,944,944
2026-06-15T00:15:45.000000Z,BTCUSDT,futures,10009.5,10009.5,10009.5,10009.5,1.0,10009.5,1,0.5,0.5,5004.75,5004.75,1.0,2026-06-15T00:15:45.000000Z,2026-06-15T00:15:45.000000Z,945,945
2026-06-15T00:15:46.000000Z,BTCUSDT,futures,10010.0,10010.0,10010.0,10010.0,1.0,10010.0,1,0.5,0.5,5005.0,5005.0,1.0,2026-06-15T00:15:46.000000Z,2026-06-15T00:15:46.000000Z,946,946
2026-06-15T00:15:47.000000Z,BTCUSDT,futures,10010.5,10010.5,10010.5,10010.5,1.0,10010.5,1,0.5,0.5,5005.25,5005.25,1.0,2026-06-15T00:15:47.000000Z,2026-06-15T00:15:47.000000Z,947,947
2026-06-15T00:15:48.000000Z,BTCUSDT,futures,10009.5,10009.5,10009.5,10009.5,1.0,10009.5,1,0.5,0.5,5004.75,5004.75,1.0,2026-06-15T00:15:48.000000Z,2026-06-15T00:15:48.000000Z,948,948
2026-06-15T00:15:49.000000Z,BTCUSDT,futures,10010.0,10010.0,10010.0,10010.0,1.0,10010.0,1,0.5,0.5,5005.0,5005.0,1.0,2026-06-15T00:15:49.000000Z,2026-06-15T00:15:49.000000Z,949,949
2026-06-15T00:15:50.000000Z,BTCUSDT,futures,10010.5,10010.5,10010.5,10010.5,1.0,10010.5,1,0.5,0.5,5005.25,5005.25,1.0,2026-06-15T00:15:50.000000Z,2026-06-15T00:15:50.000000Z,950,950
2026-06-15T00:15:51.000000Z,BTCUSDT,futures,10009.5,10009.5,10009.5,10009.5,1.0,10009.5,1,0.5,0.5,5004.75,5004.75,1.0,2026-06-15T00:15:51.000000Z,2026-06-15T00:15:51.000000Z,951,951
2026-06-15T00:15:52.000000Z,BTCUSDT,futures,10010.0,10010.0,10010.0,10010.0,1.0,10010.0,1,0.5,0.5,5005.0,5005.0,1.0,2026-06-15T00:15:52.000000Z,2026-06-15T00:15:52.000000Z,952,952
2026-06-15T00:15:53.000000Z,BTCUSDT,futures,10010.5,10010.5,10010.5,10010.5,1.0,10010.5,1,0.5,0.5,5005.25,5005.25,1.0,2026-06-15T00:15:53.000000Z,2026-06-15T00:15:53.000000Z,953,953
2026-06-15T00:15:54.000000Z,BTCUSDT,futures,10009.5,10009.5,10009.5,10009.5,1.0,10009.5,1,0.5,0.5,5004.75,5004.75,1.0,2026-06-15T00:15:54.000000Z,2026-06-15T00:15:54.000000Z,954,954
2026-06-15T00:15:55.000000Z,BTCUSDT,futures,10010.0,10010.0,10010.0,10010.0,1.0,10010.0,1,0.5,0.5,5005.0,5005.0,1.0,2026-06-15T00:15:55.000000Z,2026-06-15T00:15:55.000000Z,955,955
2026-06-15T00:15:56.000000Z,BTCUSDT,futures,10010.5,10010.5,10010.5,10010.5,1.0,10010.5,1,0.5,0.5,5005.25,5005.25,1.0,2026-06-15T00:15:56.000000Z,2026-06-15T00:15:56.000000Z,956,956
2026-06-15T00:15:57.000000Z,BTCUSDT,futures,10009.5,10009.5,10009.5,10009.5,1.0,10009.5,1,0.5,0.5,5004.75,5004.75,1.0,2026-06-15T00:15:57.000000Z,2026-06-15T00:15:57.000000Z,957,957
2026-06-15T00:15:58.000000Z,BTCUSDT,futures,10010.0,10010.0,10010.0,10010.0,1.0,10010.0,1,0.5,0.5,5005.0,5005.0,1.0,2026-06-15T00:15:58.000000Z,2026-06-15T00:15:58.000000Z,958,958
2026-06-15T00:15:59.000000Z,BTCUSDT,futures,10010.5,10010.5,10010.5,10010.5,1.0,10010.5,1,0.5,0.5,5005.25,5005.25,1.0,2026-06-15T00:15:59.000000Z,2026-06-15T00:15:59.000000Z,959,959
2026-06-15T00:16:00.000000Z,BTCUSDT,futures,10009.5,10009.5,10009.5,10009.5,1.0,10009.5,1,0.5,0.5,5004.75,5004.75,1.0,2026-06-15T00:16:00.000000Z,2026-06-15T00:16:00.000000Z,960,960
2026-06-15T00:16:01.000000Z,BTCUSDT,futures,10010.0,10010.0,10010.0,10010.0,1.0,10010.0,1,0.5,0.5,5005.0,5005.0,1.0,2026-06-15T00:16:01.000000Z,2026-06-15T00:16:01.000000Z,961,961
2026-06-15T00:16:02.000000Z,BTCUSDT,futures,10010.5,10010.5,10010.5,10010.5,1.0,10010.5,1,0.5,0.5,5005.25,5005.25,1.0,2026-06-15T00:16:02.000000Z,2026-06-15T00:16:02.000000Z,962,962
2026-06-15T00:16:03.000000Z,BTCUSDT,futures,10009.5,10009.5,10009.5,10009.5,1.0,10009.5,1,0.5,0.5,5004.75,5004.75,1.0,2026-06-15T00:16:03.000000Z,2026-06-15T00:16:03.000000Z,963,963
2026-06-15T00:16:04.000000Z,BTCUSDT,futures,10010.0,10010.0,10010.0,10010.0,1.0,10010.0,1,0.5,0.5,5005.0,5005.0,1.0,2026-06-15T00:16:04.000000Z,2026-06-15T00:16:04.000000Z,964,964
2026-06-15T00:16:05.000000Z,BTCUSDT,futures,10010.5,10010.5,10010.5,10010.5,1.0,10010.5,1,0.5,0.5,5005.25,5005.25,1.0,2026-06-15T00:16:05.000000Z,2026-06-15T00:16:05.000000Z,965,965
2026-06-15T00:16:06.000000Z,BTCUSDT,futures,10009.5,10009.5,10009.5,10009.5,1.0,10009.5,1,0.5,0.5,5004.75,5004.75,1.0,2026-06-15T00:16:06.000000Z,2026-06-15T00:16:06.000000Z,966,966
2026-06-15T00:16:07.000000Z,BTCUSDT,futures,10010.0,10010.0,10010.0,10010.0,1.0,10010.0,1,0.5,0.5,5005.0,5005.0,1.0,2026-06-15T00:16:07.000000Z,2026-06-15T00:16:07.000000Z,967,967
2026-06-15T00:16:08.000000Z,BTCUSDT,futures,10010.5,10010.5,10010.5,10010.5,1.0,10010.5,1,0.5,0.5,5005.25,5005.25,1.0,2026-06-15T00:16:08.000000Z,2026-06-15T00:16:08.000000Z,968,968
2026-06-15T00:16:09.000000Z,BTCUSDT,futures,10009.5,10009.5,10009.5,10009.5,1.0,10009.5,1,0.5,0.5,5004.75,5004.75,1.0,2026-06-15T00:16:09.000000Z,2026-06-15T00:16:09.000000Z,969,969
2026-06-15T00:16:10.000000Z,BTCUSDT,futures,10010.0,10010.0,10010.0,10010.0,1.0,10010.0,1,0.5,0.5,5005.0,5005.0,1.0,2026-06-15T00:16:10.000000Z,2026-06-15T00:16:10.000000Z,970,970
2026-06-15T00:16:11.000000Z,BTCUSDT,futures,10010.5,10010.5,10010.5,10010.5,1.0,10010.5,1,0.5,0.5,5005.25,5005.25,1.0,2026-06-15T00:16:11.000000Z,2026-06-15T00:16:11.000000Z,971,971
2026-06-15T00:16:12.000000Z,BTCUSDT,futures,10009.5,10009.5,10009.5,10009.5,1.0,10009.5,1,0.5,0.5,5004.75,5004.75,1.0,2026-06-15T00:16:12.000000Z,2026-06-15T00:16:12.000000Z,972,972
2026-06-15T00:16:13.000000Z,BTCUSDT,futures,10010.0,10010.0,10010.0,10010.0,1.0,10010.0,1,0.5,0.5,5005.0,5005.0,1.0,2026-06-15T00:16:13.000000Z,2026-06-15T00:16:13.000000Z,973,973
2026-06-15T00:16:14.000000Z,BTCUSDT,futures,10010.5,10010.5,10010.5,10010.5,1.0,10010.5,1,0.5,0.5,5005.25,5005.25,1.0,2026-06-15T00:16:14.000000Z,2026-06-15T00:16:14.000000Z,974,974
2026-06-15T00:16:15.000000Z,BTCUSDT,futures,10009.5,10009.5,10009.5,10009.5,1.0,10009.5,1,0.5,0.5,5004.75,5004.75,1.0,2026-06-15T00:16:15.000000Z,2026-06-15T00:16:15.000000Z,975,975
2026-06-15T00:16:16.000000Z,BTCUSDT,futures,10010.0,10010.0,10010.0,10010.0,1.0,10010.0,1,0.5,0.5,5005.0,5005.0,1.0,2026-06-15T00:16:16.000000Z,2026-06-15T00:16:16.000000Z,976,976
2026-06-15T00:16:17.000000Z,BTCUSDT,futures,10010.5,10010.5,10010.5,10010.5,1.0,10010.5,1,0.5,0.5,5005.25,5005.25,1.0,2026-06-15T00:16:17.000000Z,2026-06-15T00:16:17.000000Z,977,977
2026-06-15T00:16:18.000000Z,BTCUSDT,futures,10009.5,10009.5,10009.5,10009.5,1.0,10009.5,1,0.5,0.5,5004.75,5004.75,1.0,2026-06-15T00:16:18.000000Z,2026-06-15T00:16:18.000000Z,978,978
2026-06-15T00:16:19.000000Z,BTCUSDT,futures,10010.0,10010.0,10010.0,10010.0,1.0,10010.0,1,0.5,0.5,5005.0,5005.0,1.0,2026-06-15T00:16:19.000000Z,2026-06-15T00:16:19.000000Z,979,979
2026-06-15T00:16:20.000000Z,BTCUSDT,futures,10010.5,10010.5,10010.5,10010.5,1.0,10010.5,1,0.5,0.5,5005.25,5005.25,1.0,2026-06-15T00:16:20.000000Z,2026-06-15T00:16:20.000000Z,980,980
2026-06-15T00:16:21.000000Z,BTCUSDT,futures,10009.5,10009.5,10009.5,10009.5,1.0,10009.5,1,0.5,0.5,5004.75,5004.75,1.0,2026-06-15T00:16:21.000000Z,2026-06-15T00:16:21.000000Z,981,981
2026-06-15T00:16:22.000000Z,BTCUSDT,futures,10010.0,10010.0,10010.0,10010.0,1.0,10010.0,1,0.5,0.5,5005.0,5005.0,1.0,2026-06-15T00:16:22.000000Z,2026-06-15T00:16:22.000000Z,982,982
2026-06-15T00:16:23.000000Z,BTCUSDT,futures,10010.5,10010.5,10010.5,10010.5,1.0,10010.5,1,0.5,0.5,5005.25,5005.25,1.0,2026-06-15T00:16:23.000000Z,2026-06-15T00:16:23.000000Z,983,983
2026-06-15T00:16:24.000000Z,BTCUSDT,futures,10009.5,10009.5,10009.5,10009.5,1.0,10009.5,1,0.5,0.5,5004.75,5004.75,1.0,2026-06-15T00:16:24.000000Z,2026-06-15T00:16:24.000000Z,984,984
2026-06-15T00:16:25.000000Z,BTCUSDT,futures,10010.0,10010.0,10010.0,10010.0,1.0,10010.0,1,0.5,0.5,5005.0,5005.0,1.0,2026-06-15T00:16:25.000000Z,2026-06-15T00:16:25.000000Z,985,985
2026-06-15T00:16:26.000000Z,BTCUSDT,futures,10010.5,10010.5,10010.5,10010.5,1.0,10010.5,1,0.5,0.5,5005.25,5005.25,1.0,2026-06-15T00:16:26.000000Z,2026-06-15T00:16:26.000000Z,986,986
2026-06-15T00:16:27.000000Z,BTCUSDT,futures,10009.5,10009.5,10009.5,10009.5,1.0,10009.5,1,0.5,0.5,5004.75,5004.75,1.0,2026-06-15T00:16:27.000000Z,2026-06-15T00:16:27.000000Z,987,987
2026-06-15T00:16:28.000000Z,BTCUSDT,futures,10010.0,10010.0,10010.0,10010.0,1.0,10010.0,1,0.5,0.5,5005.0,5005.0,1.0,2026-06-15T00:16:28.000000Z,2026-06-15T00:16:28.000000Z,988,988
2026-06-15T00:16:29.000000Z,BTCUSDT,futures,10010.5,10010.5,10010.5,10010.5,1.0,10010.5,1,0.5,0.5,5005.25,5005.25,1.0,2026-06-15T00:16:29.000000Z,2026-06-15T00:16:29.000000Z,989,989
2026-06-15T00:16:30.000000Z,BTCUSDT,futures,10009.5,10009.5,10009.5,10009.5,1.0,10009.5,1,0.5,0.5,5004.75,5004.75,1.0,2026-06-15T00:16:30.000000Z,2026-06-15T00:16:30.000000Z,990,990
2026-06-15T00:16:31.000000Z,BTCUSDT,futures,10010.0,10010.0,10010.0,10010.0,1.0,10010.0,1,0.5,0.5,5005.0,5005.0,1.0,2026-06-15T00:16:31.000000Z,2026-06-15T00:16:31.000000Z,991,991
2026-06-15T00:16:32.000000Z,BTCUSDT,futures,10010.5,10010.5,10010.5,10010.5,1.0,10010.5,1,0.5,0.5,5005.25,5005.25,1.0,2026-06-15T00:16:32.000000Z,2026-06-15T00:16:32.000000Z,992,992
2026-06-15T00:16:33.000000Z,BTCUSDT,futures,10009.5,10009.5,10009.5,10009.5,1.0,10009.5,1,0.5,0.5,5004.75,5004.75,1.0,2026-06-15T00:16:33.000000Z,2026-06-15T00:16:33.000000Z,993,993
2026-06-15T00:16:34.000000Z,BTCUSDT,futures,10010.0,10010.0,10010.0,10010.0,1.0,10010.0,1,0.5,0.5,5005.0,5005.0,1.0,2026-06-15T00:16:34.000000Z,2026-06-15T00:16:34.000000Z,994,994
2026-06-15T00:16:35.000000Z,BTCUSDT,futures,10010.5,10010.5,10010.5,10010.5,1.0,10010.5,1,0.5,0.5,5005.25,5005.25,1.0,2026-06-15T00:16:35.000000Z,2026-06-15T00:16:35.000000Z,995,995
2026-06-15T00:16:36.000000Z,BTCUSDT,futures,10009.5,10009.5,10009.5,10009.5,1.0,10009.5,1,0.5,0.5,5004.75,5004.75,1.0,2026-06-15T00:16:36.000000Z,2026-06-15T00:16:36.000000Z,996,996
2026-06-15T00:16:37.000000Z,BTCUSDT,futures,10010.0,10010.0,10010.0,10010.0,1.0,10010.0,1,0.5,0.5,5005.0,5005.0,1.0,2026-06-15T00:16:37.000000Z,2026-06-15T00:16:37.000000Z,997,997
2026-06-15T00:16:38.000000Z,BTCUSDT,futures,10010.5,10010.5,10010.5,10010.5,1.0,10010.5,1,0.5,0.5,5005.25,5005.25,1.0,2026-06-15T00:16:38.000000Z,2026-06-15T00:16:38.000000Z,998,998
2026-06-15T00:16:39.000000Z,BTCUSDT,futures,10009.5,10009.5,10009.5,10009.5,1.0,10009.5,1,0.5,0.5,5004.75,5004.75,1.0,2026-06-15T00:16:39.000000Z,2026-06-15T00:16:39.000000Z,999,999
2026-06-15T00:16:40.000000Z,BTCUSDT,futures,10010.0,10010.0,10010.0,10010.0,1.0,10010.0,1,0.5,0.5,5005.0,5005.0,1.0,2026-06-15T00:16:40.000000Z,2026-06-15T00:16:40.000000Z,1000,1000
2026-06-15T00:16:41.000000Z,BTCUSDT,futures,10010.5,10010.5,10010.5,10010.5,1.0,10010.5,1,0.5,0.5,5005.25,5005.25,1.0,2026-06-15T00:16:41.000000Z,2026-06-15T00:16:41.000000Z,1001,1001
2026-06-15T00:16:42.000000Z,BTCUSDT,futures,10009.5,10009.5,10009.5,10009.5,1.0,10009.5,1,0.5,0.5,5004.75,5004.75,1.0,2026-06-15T00:16:42.000000Z,2026-06-15T00:16:42.000000Z,1002,1002
2026-06-15T00:16:43.000000Z,BTCUSDT,futures,10010.0,10010.0,10010.0,10010.0,1.0,10010.0,1,0.5,0.5,5005.0,5005.0,1.0,2026-06-15T00:16:43.000000Z,2026-06-15T00:16:43.000000Z,1003,1003
2026-06-15T00:16:44.000000Z,BTCUSDT,futures,10010.5,10010.5,10010.5,10010.5,1.0,10010.5,1,0.5,0.5,5005.25,5005.25,1.0,2026-06-15T00:16:44.000000Z,2026-06-15T00:16:44.000000Z,1004,1004
2026-06-15T00:16:45.000000Z,BTCUSDT,futures,10009.5,10009.5,10009.5,10009.5,1.0,10009.5,1,0.5,0.5,5004.75,5004.75,1.0,2026-06-15T00:16:45.000000Z,2026-06-15T00:16:45.000000Z,1005,1005
2026-06-15T00:16:46.000000Z,BTCUSDT,futures,10010.0,10010.0,10010.0,10010.0,1.0,10010.0,1,0.5,0.5,5005.0,5005.0,1.0,2026-06-15T00:16:46.000000Z,2026-06-15T00:16:46.000000Z,1006,1006
2026-06-15T00:16:47.000000Z,BTCUSDT,futures,10010.5,10010.5,10010.5,10010.5,1.0,10010.5,1,0.5,0.5,5005.25,5005.25,1.0,2026-06-15T00:16:47.000000Z,2026-06-15T00:16:47.000000Z,1007,1007
2026-06-15T00:16:48.000000Z,BTCUSDT,futures,10009.5,10009.5,10009.5,10009.5,1.0,10009.5,1,0.5,0.5,5004.75,5004.75,1.0,2026-06-15T00:16:48.000000Z,2026-06-15T00:16:48.000000Z,1008,1008
2026-06-15T00:16:49.000000Z,BTCUSDT,futures,10010.0,10010.0,10010.0,10010.0,1.0,10010.0,1,0.5,0.5,5005.0,5005.0,1.0,2026-06-15T00:16:49.000000Z,2026-06-15T00:16:49.000000Z,1009,1009
2026-06-15T00:16:50.000000Z,BTCUSDT,futures,10010.5,10010.5,10010.5,10010.5,1.0,10010.5,1,0.5,0.5,5005.25,5005.25,1.0,2026-06-15T00:16:50.000000Z,2026-06-15T00:16:50.000000Z,1010,1010
2026-06-15T00:16:51.000000Z,BTCUSDT,futures,10009.5,10009.5,10009.5,10009.5,1.0,10009.5,1,0.5,0.5,5004.75,5004.75,1.0,2026-06-15T00:16:51.000000Z,2026-06-15T00:16:51.000000Z,1011,1011
2026-06-15T00:16:52.000000Z,BTCUSDT,futures,10010.0,10010.0,10010.0,10010.0,1.0,10010.0,1,0.5,0.5,5005.0,5005.0,1.0,2026-06-15T00:16:52.000000Z,2026-06-15T00:16:52.000000Z,1012,1012
2026-06-15T00:16:53.000000Z,BTCUSDT,futures,10010.5,10010.5,10010.5,10010.5,1.0,10010.5,1,0.5,0.5,5005.25,5005.25,1.0,2026-06-15T00:16:53.000000Z,2026-06-15T00:16:53.000000Z,1013,1013
2026-06-15T00:16:54.000000Z,BTCUSDT,futures,10009.5,10009.5,10009.5,10009.5,1.0,10009.5,1,0.5,0.5,5004.75,5004.75,1.0,2026-06-15T00:16:54.000000Z,2026-06-15T00:16:54.000000Z,1014,1014
2026-06-15T00:16:55.000000Z,BTCUSDT,futures,10010.0,10010.0,10010.0,10010.0,1.0,10010.0,1,0.5,0.5,5005.0,5005.0,1.0,2026-06-15T00:16:55.000000Z,2026-06-15T00:16:55.000000Z,1015,1015
2026-06-15T00:16:56.000000Z,BTCUSDT,futures,10010.5,10010.5,10010.5,10010.5,1.0,10010.5,1,0.5,0.5,5005.25,5005.25,1.0,2026-06-15T00:16:56.000000Z,2026-06-15T00:16:56.000000Z,1016,1016
2026-06-15T00:16:57.000000Z,BTCUSDT,futures,10009.5,10009.5,10009.5,10009.5,1.0,10009.5,1,0.5,0.5,5004.75,5004.75,1.0,2026-06-15T00:16:57.000000Z,2026-06-15T00:16:57.000000Z,1017,1017
2026-06-15T00:16:58.000000Z,BTCUSDT,futures,10010.0,10010.0,10010.0,10010.0,1.0,10010.0,1,0.5,0.5,5005.0,5005.0,1.0,2026-06-15T00:16:58.000000Z,2026-06-15T00:16:58.000000Z,1018,1018
2026-06-15T00:16:59.000000Z,BTCUSDT,futures,10010.5,10010.5,10010.5,10010.5,1.0,10010.5,1,0.5,0.5,5005.25,5005.25,1.0,2026-06-15T00:16:59.000000Z,2026-06-15T00:16:59.000000Z,1019,1019
2026-06-15T00:17:00.000000Z,BTCUSDT,futures,10009.5,10009.5,10009.5,10009.5,1.0,10009.5,1,0.5,0.5,5004.75,5004.75,1.0,2026-06-15T00:17:00.000000Z,2026-06-15T00:17:00.000000Z,1020,1020
2026-06-15T00:17:01.000000Z,BTCUSDT,futures,10010.0,10010.0,10010.0,10010.0,1.0,10010.0,1,0.5,0.5,5005.0,5005.0,1.0,2026-06-15T00:17:01.000000Z,2026-06-15T00:17:01.000000Z,1021,1021
2026-06-15T00:17:02.000000Z,BTCUSDT,futures,10010.5,10010.5,10010.5,10010.5,1.0,10010.5,1,0.5,0.5,5005.25,5005.25,1.0,2026-06-15T00:17:02.000000Z,2026-06-15T00:17:02.000000Z,1022,1022
2026-06-15T00:17:03.000000Z,BTCUSDT,futures,10009.5,10009.5,10009.5,10009.5,1.0,10009.5,1,0.5,0.5,5004.75,5004.75,1.0,2026-06-15T00:17:03.000000Z,2026-06-15T00:17:03.000000Z,1023,1023
2026-06-15T00:17:04.000000Z,BTCUSDT,futures,10010.0,10010.0,10010.0,10010.0,1.0,10010.0,1,0.5,0.5,5005.0,5005.0,1.0,2026-06-15T00:17:04.000000Z,2026-06-15T00:17:04.000000Z,1024,1024
2026-06-15T00:17:05.000000Z,BTCUSDT,futures,10010.5,10010.5,10010.5,10010.5,1.0,10010.5,1,0.5,0.5,5005.25,5005.25,1.0,2026-06-15T00:17:05.000000Z,2026-06-15T00:17:05.000000Z,1025,1025
2026-06-15T00:17:06.000000Z,BTCUSDT,futures,10009.5,10009.5,10009.5,10009.5,1.0,10009.5,1,0.5,0.5,5004.75,5004.75,1.0,2026-06-15T00:17:06.000000Z,2026-06-15T00:17:06.000000Z,1026,1026
2026-06-15T00:17:07.000000Z,BTCUSDT,futures,10010.0,10010.0,10010.0,10010.0,1.0,10010.0,1,0.5,0.5,5005.0,5005.0,1.0,2026-06-15T00:17:07.000000Z,2026-06-15T00:17:07.000000Z,1027,1027
2026-06-15T00:17:08.000000Z,BTCUSDT,futures,10010.5,10010.5,10010.5,10010.5,1.0,10010.5,1,0.5,0.5,5005.25,5005.25,1.0,2026-06-15T00:17:08.000000Z,2026-06-15T00:17:08.000000Z,1028,1028
2026-06-15T00:17:09.000000Z,BTCUSDT,futures,10009.5,10009.5,10009.5,10009.5,1.0,10009.5,1,0.5,0.5,5004.75,5004.75,1.0,2026-06-15T00:17:09.000000Z,2026-06-15T00:17:09.000000Z,1029,1029
2026-06-15T00:17:10.000000Z,BTCUSDT,futures,10010.0,10010.0,10010.0,10010.0,1.0,10010.0,1,0.5,0.5,5005.0,5005.0,1.0,2026-06-15T00:17:10.000000Z,2026-06-15T00:17:10.000000Z,1030,1030
2026-06-15T00:17:11.000000Z,BTCUSDT,futures,10010.5,10010.5,10010.5,10010.5,1.0,10010.5,1,0.5,0.5,5005.25,5005.25,1.0,2026-06-15T00:17:11.000000Z,2026-06-15T00:17:11.000000Z,1031,1031
2026-06-15T00:17:12.000000Z,BTCUSDT,futures,10009.5,10009.5,10009.5,10009.5,1.0,10009.5,1,0.5,0.5,5004.75,5004.75,1.0,2026-06-15T00:17:12.000000Z,2026-06-15T00:17:12.000000Z,1032,1032
2026-06-15T00:17:13.000000Z,BTCUSDT,futures,10010.0,10010.0,10010.0,10010.0,1.0,10010.0,1,0.5,0.5,5005.0,5005.0,1.0,2026-06-15T00:17:13.000000Z,2026-06-15T00:17:13.000000Z,1033,1033
2026-06-15T00:17:14.000000Z,BTCUSDT,futures,10010.5,10010.5,10010.5,10010.5,1.0,10010.5,1,0.5,0.5,5005.25,5005.25,1.0,2026-06-15T00:17:14.000000Z,2026-06-15T00:17:14.000000Z,1034,1034
2026-06-15T00:17:15.000000Z,BTCUSDT,futures,10009.5,10009.5,10009.5,10009.5,1.0,10009.5,1,0.5,0.5,5004.75,5004.75,1.0,2026-06-15T00:17:15.000000Z,2026-06-15T00:17:15.000000Z,1035,1035
2026-06-15T00:17:16.000000Z,BTCUSDT,futures,10010.0,10010.0,10010.0,10010.0,1.0,10010.0,1,0.5,0.5,5005.0,5005.0,1.0,2026-06-15T00:17:16.000000Z,2026-06-15T00:17:16.000000Z,1036,1036
2026-06-15T00:17:17.000000Z,BTCUSDT,futures,10010.5,10010.5,10010.5,10010.5,1.0,10010.5,1,0.5,0.5,5005.25,5005.25,1.0,2026-06-15T00:17:17.000000Z,2026-06-15T00:17:17.000000Z,1037,1037
2026-06-15T00:17:18.000000Z,BTCUSDT,futures,10009.5,10009.5,10009.5,10009.5,1.0,10009.5,1,0.5,0.5,5004.75,5004.75,1.0,2026-06-15T00:17:18.000000Z,2026-06-15T00:17:18.000000Z,1038,1038
2026-06-15T00:17:19.000000Z,BTCUSDT,futures,10010.0,10010.0,10010.0,10010.0,1.0,10010.0,1,0.5,0.5,5005.0,5005.0,1.0,2026-06-15T00:17:19.000000Z,2026-06-15T00:17:19.000000Z,1039,1039
2026-06-15T00:17:20.000000Z,BTCUSDT,futures,10010.5,10010.5,10010.5,10010.5,1.0,10010.5,1,0.5,0.5,5005.25,5005.25,1.0,2026-06-15T00:17:20.000000Z,2026-06-15T00:17:20.000000Z,1040,1040
2026-06-15T00:17:21.000000Z,BTCUSDT,futures,10009.5,10009.5,10009.5,10009.5,1.0,10009.5,1,0.5,0.5,5004.75,5004.75,1.0,2026-06-15T00:17:21.000000Z,2026-06-15T00:17:21.000000Z,1041,1041
2026-06-15T00:17:22.000000Z,BTCUSDT,futures,10010.0,10010.0,10010.0,10010.0,1.0,10010.0,1,0.5,0.5,5005.0,5005.0,1.0,2026-06-15T00:17:22.000000Z,2026-06-15T00:17:22.000000Z,1042,1042
2026-06-15T00:17:23.000000Z,BTCUSDT,futures,10010.5,10010.5,10010.5,10010.5,1.0,10010.5,1,0.5,0.5,5005.25,5005.25,1.0,2026-06-15T00:17:23.000000Z,2026-06-15T00:17:23.000000Z,1043,1043
2026-06-15T00:17:24.000000Z,BTCUSDT,futures,10009.5,10009.5,10009.5,10009.5,1.0,10009.5,1,0.5,0.5,5004.75,5004.75,1.0,2026-06-15T00:17:24.000000Z,2026-06-15T00:17:24.000000Z,1044,1044
2026-06-15T00:17:25.000000Z,BTCUSDT,futures,10010.0,10010.0,10010.0,10010.0,1.0,10010.0,1,0.5,0.5,5005.0,5005.0,1.0,2026-06-15T00:17:25.000000Z,2026-06-15T00:17:25.000000Z,1045,1045
2026-06-15T00:17:26.000000Z,BTCUSDT,futures,10010.5,10010.5,10010.5,10010.5,1.0,10010.5,1,0.5,0.5,5005.25,5005.25,1.0,2026-06-15T00:17:26.000000Z,2026-06-15T00:17:26.000000Z,1046,1046
2026-06-15T00:17:27.000000Z,BTCUSDT,futures,10009.5,10009.5,10009.5,10009.5,1.0,10009.5,1,0.5,0.5,5004.75,5004.75,1.0,2026-06-15T00:17:27.000000Z,2026-06-15T00:17:27.000000Z,1047,1047
2026-06-15T00:17:28.000000Z,BTCUSDT,futures,10010.0,10010.0,10010.0,10010.0,1.0,10010.0,1,0.5,0.5,5005.0,5005.0,1.0,2026-06-15T00:17:28.000000Z,2026-06-15T00:17:28.000000Z,1048,1048
2026-06-15T00:17:29.000000Z,BTCUSDT,futures,10010.5,10010.5,10010.5,10010.5,1.0,10010.5,1,0.5,0.5,5005.25,5005.25,1.0,2026-06-15T00:17:29.000000Z,2026-06-15T00:17:29.000000Z,1049,1049
2026-06-15T00:17:30.000000Z,BTCUSDT,futures,10009.5,10009.5,10009.5,10009.5,1.0,10009.5,1,0.5,0.5,5004.75,5004.75,1.0,2026-06-15T00:17:30.000000Z,2026-06-15T00:17:30.000000Z,1050,1050
2026-06-15T00:17:31.000000Z,BTCUSDT,futures,10010.0,10010.0,10010.0,10010.0,1.0,10010.0,1,0.5,0.5,5005.0,5005.0,1.0,2026-06-15T00:17:31.000000Z,2026-06-15T00:17:31.000000Z,1051,1051
2026-06-15T00:17:32.000000Z,BTCUSDT,futures,10010.5,10010.5,10010.5,10010.5,1.0,10010.5,1,0.5,0.5,5005.25,5005.25,1.0,2026-06-15T00:17:32.000000Z,2026-06-15T00:17:32.000000Z,1052,1052
2026-06-15T00:17:33.000000Z,BTCUSDT,futures,10009.5,10009.5,10009.5,10009.5,1.0,10009.5,1,0.5,0.5,5004.75,5004.75,1.0,2026-06-15T00:17:33.000000Z,2026-06-15T00:17:33.000000Z,1053,1053
2026-06-15T00:17:34.000000Z,BTCUSDT,futures,10010.0,10010.0,10010.0,10010.0,1.0,10010.0,1,0.5,0.5,5005.0,5005.0,1.0,2026-06-15T00:17:34.000000Z,2026-06-15T00:17:34.000000Z,1054,1054
2026-06-15T00:17:35.000000Z,BTCUSDT,futures,10010.5,10010.5,10010.5,10010.5,1.0,10010.5,1,0.5,0.5,5005.25,5005.25,1.0,2026-06-15T00:17:35.000000Z,2026-06-15T00:17:35.000000Z,1055,1055
2026-06-15T00:17:36.000000Z,BTCUSDT,futures,10009.5,10009.5,10009.5,10009.5,1.0,10009.5,1,0.5,0.5,5004.75,5004.75,1.0,2026-06-15T00:17:36.000000Z,2026-06-15T00:17:36.000000Z,1056,1056
2026-06-15T00:17:37.000000Z,BTCUSDT,futures,10010.0,10010.0,10010.0,10010.0,1.0,10010.0,1,0.5,0.5,5005.0,5005.0,1.0,2026-06-15T00:17:37.000000Z,2026-06-15T00:17:37.000000Z,1057,1057
2026-06-15T00:17:38.000000Z,BTCUSDT,futures,10010.5,10010.5,10010.5,10010.5,1.0,10010.5,1,0.5,0.5,5005.25,5005.25,1.0,2026-06-15T00:17:38.000000Z,2026-06-15T00:17:38.000000Z,1058,1058
2026-06-15T00:17:39.000000Z,BTCUSDT,futures,10009.5,10009.5,10009.5,10009.5,1.0,10009.5,1,0.5,0.5,5004.75,5004.75,1.0,2026-06-15T00:17:39.000000Z,2026-06-15T00:17:39.000000Z,1059,1059
2026-06-15T00:17:40.000000Z,BTCUSDT,futures,10010.0,10010.0,10010.0,10010.0,1.0,10010.0,1,0.5,0.5,5005.0,5005.0,1.0,2026-06-15T00:17:40.000000Z,2026-06-15T00:17:40.000000Z,1060,1060
2026-06-15T00:17:41.000000Z,BTCUSDT,futures,10010.5,10010.5,10010.5,10010.5,1.0,10010.5,1,0.5,0.5,5005.25,5005.25,1.0,2026-06-15T00:17:41.000000Z,2026-06-15T00:17:41.000000Z,1061,1061
2026-06-15T00:17:42.000000Z,BTCUSDT,futures,10009.5,10009.5,10009.5,10009.5,1.0,10009.5,1,0.5,0.5,5004.75,5004.75,1.0,2026-06-15T00:17:42.000000Z,2026-06-15T00:17:42.000000Z,1062,1062
2026-06-15T00:17:43.000000Z,BTCUSDT,futures,10010.0,10010.0,10010.0,10010.0,1.0,10010.0,1,0.5,0.5,5005.0,5005.0,1.0,2026-06-15T00:17:43.000000Z,2026-06-15T00:17:43.000000Z,1063,1063
2026-06-15T00:17:44.000000Z,BTCUSDT,futures,10010.5,10010.5,10010.5,10010.5,1.0,10010.5,1,0.5,0.5,5005.25,5005.25,1.0,2026-06-15T00:17:44.000000Z,2026-06-15T00:17:44.000000Z,1064,1064
2026-06-15T00:17:45.000000Z,BTCUSDT,futures,10009.5,10009.5,10009.5,10009.5,1.0,10009.5,1,0.5,0.5,5004.75,5004.75,1.0,2026-06-15T00:17:45.000000Z,2026-06-15T00:17:45.000000Z,1065,1065
2026-06-15T00:17:46.000000Z,BTCUSDT,futures,10010.0,10010.0,10010.0,10010.0,1.0,10010.0,1,0.5,0.5,5005.0,5005.0,1.0,2026-06-15T00:17:46.000000Z,2026-06-15T00:17:46.000000Z,1066,1066
2026-06-15T00:17:47.000000Z,BTCUSDT,futures,10010.5,10010.5,10010.5,10010.5,1.0,10010.5,1,0.5,0.5,5005.25,5005.25,1.0,2026-06-15T00:17:47.000000Z,2026-06-15T00:17:47.000000Z,1067,1067
2026-06-15T00:17:48.000000Z,BTCUSDT,futures,10009.5,10009.5,10009.5,10009.5,1.0,10009.5,1,0.5,0.5,5004.75,5004.75,1.0,2026-06-15T00:17:48.000000Z,2026-06-15T00:17:48.000000Z,1068,1068
2026-06-15T00:17:49.000000Z,BTCUSDT,futures,10010.0,10010.0,10010.0,10010.0,1.0,10010.0,1,0.5,0.5,5005.0,5005.0,1.0,2026-06-15T00:17:49.000000Z,2026-06-15T00:17:49.000000Z,1069,1069
2026-06-15T00:17:50.000000Z,BTCUSDT,futures,10010.5,10010.5,10010.5,10010.5,1.0,10010.5,1,0.5,0.5,5005.25,5005.25,1.0,2026-06-15T00:17:50.000000Z,2026-06-15T00:17:50.000000Z,1070,1070
2026-06-15T00:17:51.000000Z,BTCUSDT,futures,10009.5,10009.5,10009.5,10009.5,1.0,10009.5,1,0.5,0.5,5004.75,5004.75,1.0,2026-06-15T00:17:51.000000Z,2026-06-15T00:17:51.000000Z,1071,1071
2026-06-15T00:17:52.000000Z,BTCUSDT,futures,10010.0,10010.0,10010.0,10010.0,1.0,10010.0,1,0.5,0.5,5005.0,5005.0,1.0,2026-06-15T00:17:52.000000Z,2026-06-15T00:17:52.000000Z,1072,1072
2026-06-15T00:17:53.000000Z,BTCUSDT,futures,10010.5,10010.5,10010.5,10010.5,1.0,10010.5,1,0.5,0.5,5005.25,5005.25,1.0,2026-06-15T00:17:53.000000Z,2026-06-15T00:17:53.000000Z,1073,1073
2026-06-15T00:17:54.000000Z,BTCUSDT,futures,10009.5,10009.5,10009.5,10009.5,1.0,10009.5,1,0.5,0.5,5004.75,5004.75,1.0,2026-06-15T00:17:54.000000Z,2026-06-15T00:17:54.000000Z,1074,1074
2026-06-15T00:17:55.000000Z,BTCUSDT,futures,10010.0,10010.0,10010.0,10010.0,1.0,10010.0,1,0.5,0.5,5005.0,5005.0,1.0,2026-06-15T00:17:55.000000Z,2026-06-15T00:17:55.000000Z,1075,1075
2026-06-15T00:17:56.000000Z,BTCUSDT,futures,10010.5,10010.5,10010.5,10010.5,1.0,10010.5,1,0.5,0.5,5005.25,5005.25,1.0,2026-06-15T00:17:56.000000Z,2026-06-15T00:17:56.000000Z,1076,1076
2026-06-15T00:17:57.000000Z,BTCUSDT,futures,10009.5,10009.5,10009.5,10009.5,1.0,10009.5,1,0.5,0.5,5004.75,5004.75,1.0,2026-06-15T00:17:57.000000Z,2026-06-15T00:17:57.000000Z,1077,1077
2026-06-15T00:17:58.000000Z,BTCUSDT,futures,10010.0,10010.0,10010.0,10010.0,1.0,10010.0,1,0.5,0.5,5005.0,5005.0,1.0,2026-06-15T00:17:58.000000Z,2026-06-15T00:17:58.000000Z,1078,1078
2026-06-15T00:17:59.000000Z,BTCUSDT,futures,10010.5,10010.5,10010.5,10010.5,1.0,10010.5,1,0.5,0.5,5005.25,5005.25,1.0,2026-06-15T00:17:59.000000Z,2026-06-15T00:17:59.000000Z,1079,1079
2026-06-15T00:18:00.000000Z,BTCUSDT,futures,10009.5,10009.5,10009.5,10009.5,1.0,10009.5,1,0.5,0.5,5004.75,5004.75,1.0,2026-06-15T00:18:00.000000Z,2026-06-15T00:18:00.000000Z,1080,1080
2026-06-15T00:18:01.000000Z,BTCUSDT,futures,10010.0,10010.0,10010.0,10010.0,1.0,10010.0,1,0.5,0.5,5005.0,5005.0,1.0,2026-06-15T00:18:01.000000Z,2026-06-15T00:18:01.000000Z,1081,1081
2026-06-15T00:18:02.000000Z,BTCUSDT,futures,10010.5,10010.5,10010.5,10010.5,1.0,10010.5,1,0.5,0.5,5005.25,5005.25,1.0,2026-06-15T00:18:02.000000Z,2026-06-15T00:18:02.000000Z,1082,1082
2026-06-15T00:18:03.000000Z,BTCUSDT,futures,10009.5,10009.5,10009.5,10009.5,1.0,10009.5,1,0.5,0.5,5004.75,5004.75,1.0,2026-06-15T00:18:03.000000Z,2026-06-15T00:18:03.000000Z,1083,1083
2026-06-15T00:18:04.000000Z,BTCUSDT,futures,10010.0,10010.0,10010.0,10010.0,1.0,10010.0,1,0.5,0.5,5005.0,5005.0,1.0,2026-06-15T00:18:04.000000Z,2026-06-15T00:18:04.000000Z,1084,1084
2026-06-15T00:18:05.000000Z,BTCUSDT,futures,10010.5,10010.5,10010.5,10010.5,1.0,10010.5,1,0.5,0.5,5005.25,5005.25,1.0,2026-06-15T00:18:05.000000Z,2026-06-15T00:18:05.000000Z,1085,1085
2026-06-15T00:18:06.000000Z,BTCUSDT,futures,10009.5,10009.5,10009.5,10009.5,1.0,10009.5,1,0.5,0.5,5004.75,5004.75,1.0,2026-06-15T00:18:06.000000Z,2026-06-15T00:18:06.000000Z,1086,1086
2026-06-15T00:18:07.000000Z,BTCUSDT,futures,10010.0,10010.0,10010.0,10010.0,1.0,10010.0,1,0.5,0.5,5005.0,5005.0,1.0,2026-06-15T00:18:07.000000Z,2026-06-15T00:18:07.000000Z,1087,1087
2026-06-15T00:18:08.000000Z,BTCUSDT,futures,10010.5,10010.5,10010.5,10010.5,1.0,10010.5,1,0.5,0.5,5005.25,5005.25,1.0,2026-06-15T00:18:08.000000Z,2026-06-15T00:18:08.000000Z,1088,1088
2026-06-15T00:18:09.000000Z,BTCUSDT,futures,10009.5,10009.5,10009.5,10009.5,1.0,10009.5,1,0.5,0.5,5004.75,5004.75,1.0,2026-06-15T00:18:09.000000Z,2026-06-15T00:18:09.000000Z,1089,1089
2026-06-15T00:18:10.000000Z,BTCUSDT,futures,10010.0,10010.0,10010.0,10010.0,1.0,10010.0,1,0.5,0.5,5005.0,5005.0,1.0,2026-06-15T00:18:10.000000Z,2026-06-15T00:18:10.000000Z,1090,1090
2026-06-15T00:18:11.000000Z,BTCUSDT,futures,10010.5,10010.5,10010.5,10010.5,1.0,10010.5,1,0.5,0.5,5005.25,5005.25,1.0,2026-06-15T00:18:11.000000Z,2026-06-15T00:18:11.000000Z,1091,1091
2026-06-15T00:18:12.000000Z,BTCUSDT,futures,10009.5,10009.5,10009.5,10009.5,1.0,10009.5,1,0.5,0.5,5004.75,5004.75,1.0,2026-06-15T00:18:12.000000Z,2026-06-15T00:18:12.000000Z,1092,1092
2026-06-15T00:18:13.000000Z,BTCUSDT,futures,10010.0,10010.0,10010.0,10010.0,1.0,10010.0,1,0.5,0.5,5005.0,5005.0,1.0,2026-06-15T00:18:13.000000Z,2026-06-15T00:18:13.000000Z,1093,1093
2026-06-15T00:18:14.000000Z,BTCUSDT,futures,10010.5,10010.5,10010.5,10010.5,1.0,10010.5,1,0.5,0.5,5005.25,5005.25,1.0,2026-06-15T00:18:14.000000Z,2026-06-15T00:18:14.000000Z,1094,1094
2026-06-15T00:18:15.000000Z,BTCUSDT,futures,10009.5,10009.5,10009.5,10009.5,1.0,10009.5,1,0.5,0.5,5004.75,5004.75,1.0,2026-06-15T00:18:15.000000Z,2026-06-15T00:18:15.000000Z,1095,1095
2026-06-15T00:18:16.000000Z,BTCUSDT,futures,10010.0,10010.0,10010.0,10010.0,1.0,10010.0,1,0.5,0.5,5005.0,5005.0,1.0,2026-06-15T00:18:16.000000Z,2026-06-15T00:18:16.000000Z,1096,1096
2026-06-15T00:18:17.000000Z,BTCUSDT,futures,10010.5,10010.5,10010.5,10010.5,1.0,10010.5,1,0.5,0.5,5005.25,5005.25,1.0,2026-06-15T00:18:17.000000Z,2026-06-15T00:18:17.000000Z,1097,1097
2026-06-15T00:18:18.000000Z,BTCUSDT,futures,10009.5,10009.5,10009.5,10009.5,1.0,10009.5,1,0.5,0.5,5004.75,5004.75,1.0,2026-06-15T00:18:18.000000Z,2026-06-15T00:18:18.000000Z,1098,1098
2026-06-15T00:18:19.000000Z,BTCUSDT,futures,10010.0,10010.0,10010.0,10010.0,1.0,10010.0,1,0.5,0.5,5005.0,5005.0,1.0,2026-06-15T00:18:19.000000Z,2026-06-15T00:18:19.000000Z,1099,1099
2026-06-15T00:18:20.000000Z,BTCUSDT,futures,10010.5,10010.5,10010.5,10010.5,1.0,10010.5,1,0.5,0.5,5005.25,5005.25,1.0,2026-06-15T00:18:20.000000Z,2026-06-15T00:18:20.000000Z,1100,1100
2026-06-15T00:18:21.000000Z,BTCUSDT,futures,10009.5,10009.5,10009.5,10009.5,1.0,10009.5,1,0.5,0.5,5004.75,5004.75,1.0,2026-06-15T00:18:21.000000Z,2026-06-15T00:18:21.000000Z,1101,1101
2026-06-15T00:18:22.000000Z,BTCUSDT,futures,10010.0,10010.0,10010.0,10010.0,1.0,10010.0,1,0.5,0.5,5005.0,5005.0,1.0,2026-06-15T00:18:22.000000Z,2026-06-15T00:18:22.000000Z,1102,1102
2026-06-15T00:18:23.000000Z,BTCUSDT,futures,10010.5,10010.5,10010.5,10010.5,1.0,10010.5,1,0.5,0.5,5005.25,5005.25,1.0,2026-06-15T00:18:23.000000Z,2026-06-15T00:18:23.000000Z,1103,1103
2026-06-15T00:18:24.000000Z,BTCUSDT,futures,10009.5,10009.5,10009.5,10009.5,1.0,10009.5,1,0.5,0.5,5004.75,5004.75,1.0,2026-06-15T00:18:24.000000Z,2026-06-15T00:18:24.000000Z,1104,1104
2026-06-15T00:18:25.000000Z,BTCUSDT,futures,10010.0,10010.0,10010.0,10010.0,1.0,10010.0,1,0.5,0.5,5005.0,5005.0,1.0,2026-06-15T00:18:25.000000Z,2026-06-15T00:18:25.000000Z,1105,1105
2026-06-15T00:18:26.000000Z,BTCUSDT,futures,10010.5,10010.5,10010.5,10010.5,1.0,10010.5,1,0.5,0.5,5005.25,5005.25,1.0,2026-06-15T00:18:26.000000Z,2026-06-15T00:18:26.000000Z,1106,1106
2026-06-15T00:18:27.000000Z,BTCUSDT,futures,10009.5,10009.5,10009.5,10009.5,1.0,10009.5,1,0.5,0.5,5004.75,5004.75,1.0,2026-06-15T00:18:27.000000Z,2026-06-15T00:18:27.000000Z,1107,1107
2026-06-15T00:18:28.000000Z,BTCUSDT,futures,10010.0,10010.0,10010.0,10010.0,1.0,10010.0,1,0.5,0.5,5005.0,5005.0,1.0,2026-06-15T00:18:28.000000Z,2026-06-15T00:18:28.000000Z,1108,1108
2026-06-15T00:18:29.000000Z,BTCUSDT,futures,10010.5,10010.5,10010.5,10010.5,1.0,10010.5,1,0.5,0.5,5005.25,5005.25,1.0,2026-06-15T00:18:29.000000Z,2026-06-15T00:18:29.000000Z,1109,1109
2026-06-15T00:18:30.000000Z,BTCUSDT,futures,10009.5,10009.5,10009.5,10009.5,1.0,10009.5,1,0.5,0.5,5004.75,5004.75,1.0,2026-06-15T00:18:30.000000Z,2026-06-15T00:18:30.000000Z,1110,1110
2026-06-15T00:18:31.000000Z,BTCUSDT,futures,10010.0,10010.0,10010.0,10010.0,1.0,10010.0,1,0.5,0.5,5005.0,5005.0,1.0,2026-06-15T00:18:31.000000Z,2026-06-15T00:18:31.000000Z,1111,1111
2026-06-15T00:18:32.000000Z,BTCUSDT,futures,10010.5,10010.5,10010.5,10010.5,1.0,10010.5,1,0.5,0.5,5005.25,5005.25,1.0,2026-06-15T00:18:32.000000Z,2026-06-15T00:18:32.000000Z,1112,1112
2026-06-15T00:18:33.000000Z,BTCUSDT,futures,10009.5,10009.5,10009.5,10009.5,1.0,10009.5,1,0.5,0.5,5004.75,5004.75,1.0,2026-06-15T00:18:33.000000Z,2026-06-15T00:18:33.000000Z,1113,1113
2026-06-15T00:18:34.000000Z,BTCUSDT,futures,10010.0,10010.0,10010.0,10010.0,1.0,10010.0,1,0.5,0.5,5005.0,5005.0,1.0,2026-06-15T00:18:34.000000Z,2026-06-15T00:18:34.000000Z,1114,1114
2026-06-15T00:18:35.000000Z,BTCUSDT,futures,10010.5,10010.5,10010.5,10010.5,1.0,10010.5,1,0.5,0.5,5005.25,5005.25,1.0,2026-06-15T00:18:35.000000Z,2026-06-15T00:18:35.000000Z,1115,1115
2026-06-15T00:18:36.000000Z,BTCUSDT,futures,10009.5,10009.5,10009.5,10009.5,1.0,10009.5,1,0.5,0.5,5004.75,5004.75,1.0,2026-06-15T00:18:36.000000Z,2026-06-15T00:18:36.000000Z,1116,1116
2026-06-15T00:18:37.000000Z,BTCUSDT,futures,10010.0,10010.0,10010.0,10010.0,1.0,10010.0,1,0.5,0.5,5005.0,5005.0,1.0,2026-06-15T00:18:37.000000Z,2026-06-15T00:18:37.000000Z,1117,1117
2026-06-15T00:18:38.000000Z,BTCUSDT,futures,10010.5,10010.5,10010.5,10010.5,1.0,10010.5,1,0.5,0.5,5005.25,5005.25,1.0,2026-06-15T00:18:38.000000Z,2026-06-15T00:18:38.000000Z,1118,1118
2026-06-15T00:18:39.000000Z,BTCUSDT,futures,10009.5,10009.5,10009.5,10009.5,1.0,10009.5,1,0.5,0.5,5004.75,5004.75,1.0,2026-06-15T00:18:39.000000Z,2026-06-15T00:18:39.000000Z,1119,1119
2026-06-15T00:18:40.000000Z,BTCUSDT,futures,10010.0,10010.0,10010.0,10010.0,1.0,10010.0,1,0.5,0.5,5005.0,5005.0,1.0,2026-06-15T00:18:40.000000Z,2026-06-15T00:18:40.000000Z,1120,1120
2026-06-15T00:18:41.000000Z,BTCUSDT,futures,10010.5,10010.5,10010.5,10010.5,1.0,10010.5,1,0.5,0.5,5005.25,5005.25,1.0,2026-06-15T00:18:41.000000Z,2026-06-15T00:18:41.000000Z,1121,1121
2026-06-15T00:18:42.000000Z,BTCUSDT,futures,10009.5,10009.5,10009.5,10009.5,1.0,10009.5,1,0.5,0.5,5004.75,5004.75,1.0,2026-06-15T00:18:42.000000Z,2026-06-15T00:18:42.000000Z,1122,1122
2026-06-15T00:18:43.000000Z,BTCUSDT,futures,10010.0,10010.0,10010.0,10010.0,1.0,10010.0,1,0.5,0.5,5005.0,5005.0,1.0,2026-06-15T00:18:43.000000Z,2026-06-15T00:18:43.000000Z,1123,1123
2026-06-15T00:18:44.000000Z,BTCUSDT,futures,10010.5,10010.5,10010.5,10010.5,1.0,10010.5,1,0.5,0.5,5005.25,5005.25,1.0,2026-06-15T00:18:44.000000Z,2026-06-15T00:18:44.000000Z,1124,1124
2026-06-15T00:18:45.000000Z,BTCUSDT,futures,10009.5,10009.5,10009.5,10009.5,1.0,10009.5,1,0.5,0.5,5004.75,5004.75,1.0,2026-06-15T00:18:45.000000Z,2026-06-15T00:18:45.000000Z,1125,1125
2026-06-15T00:18:46.000000Z,BTCUSDT,futures,10010.0,10010.0,10010.0,10010.0,1.0,10010.0,1,0.5,0.5,5005.0,5005.0,1.0,2026-06-15T00:18:46.000000Z,2026-06-15T00:18:46.000000Z,1126,1126
2026-06-15T00:18:47.000000Z,BTCUSDT,futures,10010.5,10010.5,10010.5,10010.5,1.0,10010.5,1,0.5,0.5,5005.25,5005.25,1.0,2026-06-15T00:18:47.000000Z,2026-06-15T00:18:47.000000Z,1127,1127
2026-06-15T00:18:48.000000Z,BTCUSDT,futures,10009.5,10009.5,10009.5,10009.5,1.0,10009.5,1,0.5,0.5,5004.75,5004.75,1.0,2026-06-15T00:18:48.000000Z,2026-06-15T00:18:48.000000Z,1128,1128
2026-06-15T00:18:49.000000Z,BTCUSDT,futures,10010.0,10010.0,10010.0,10010.0,1.0,10010.0,1,0.5,0.5,5005.0,5005.0,1.0,2026-06-15T00:18:49.000000Z,2026-06-15T00:18:49.000000Z,1129,1129
2026-06-15T00:18:50.000000Z,BTCUSDT,futures,10010.5,10010.5,10010.5,10010.5,1.0,10010.5,1,0.5,0.5,5005.25,5005.25,1.0,2026-06-15T00:18:50.000000Z,2026-06-15T00:18:50.000000Z,1130,1130
2026-06-15T00:18:51.000000Z,BTCUSDT,futures,10009.5,10009.5,10009.5,10009.5,1.0,10009.5,1,0.5,0.5,5004.75,5004.75,1.0,2026-06-15T00:18:51.000000Z,2026-06-15T00:18:51.000000Z,1131,1131
2026-06-15T00:18:52.000000Z,BTCUSDT,futures,10010.0,10010.0,10010.0,10010.0,1.0,10010.0,1,0.5,0.5,5005.0,5005.0,1.0,2026-06-15T00:18:52.000000Z,2026-06-15T00:18:52.000000Z,1132,1132
2026-06-15T00:18:53.000000Z,BTCUSDT,futures,10010.5,10010.5,10010.5,10010.5,1.0,10010.5,1,0.5,0.5,5005.25,5005.25,1.0,2026-06-15T00:18:53.000000Z,2026-06-15T00:18:53.000000Z,1133,1133
2026-06-15T00:18:54.000000Z,BTCUSDT,futures,10009.5,10009.5,10009.5,10009.5,1.0,10009.5,1,0.5,0.5,5004.75,5004.75,1.0,2026-06-15T00:18:54.000000Z,2026-06-15T00:18:54.000000Z,1134,1134
2026-06-15T00:18:55.000000Z,BTCUSDT,futures,10010.0,10010.0,10010.0,10010.0,1.0,10010.0,1,0.5,0.5,5005.0,5005.0,1.0,2026-06-15T00:18:55.000000Z,2026-06-15T00:18:55.000000Z,1135,1135
2026-06-15T00:18:56.000000Z,BTCUSDT,futures,10010.5,10010.5,10010.5,10010.5,1.0,10010.5,1,0.5,0.5,5005.25,5005.25,1.0,2026-06-15T00:18:56.000000Z,2026-06-15T00:18:56.000000Z,1136,1136
2026-06-15T00:18:57.000000Z,BTCUSDT,futures,10009.5,10009.5,10009.5,10009.5,1.0,10009.5,1,0.5,0.5,5004.75,5004.75,1.0,2026-06-15T00:18:57.000000Z,2026-06-15T00:18:57.000000Z,1137,1137
2026-06-15T00:18:58.000000Z,BTCUSDT,futures,10010.0,10010.0,10010.0,10010.0,1.0,10010.0,1,0.5,0.5,5005.0,5005.0,1.0,2026-06-15T00:18:58.000000Z,2026-06-15T00:18:58.000000Z,1138,1138
2026-06-15T00:18:59.000000Z,BTCUSDT,futures,10010.5,10010.5,10010.5,10010.5,1.0,10010.5,1,0.5,0.5,5005.25,5005.25,1.0,2026-06-15T00:18:59.000000Z,2026-06-15T00:18:59.000000Z,1139,1139
2026-06-15T00:19:00.000000Z,BTCUSDT,futures,10009.5,10009.5,10009.5,10009.5,1.0,10009.5,1,0.5,0.5,5004.75,5004.75,1.0,2026-06-15T00:19:00.000000Z,2026-06-15T00:19:00.000000Z,1140,1140
2026-06-15T00:19:01.000000Z,BTCUSDT,futures,10010.0,10010.0,10010.0,10010.0,1.0,10010.0,1,0.5,0.5,5005.0,5005.0,1.0,2026-06-15T00:19:01.000000Z,2026-06-15T00:19:01.000000Z,1141,1141
2026-06-15T00:19:02.000000Z,BTCUSDT,futures,10010.5,10010.5,10010.5,10010.5,1.0,10010.5,1,0.5,0.5,5005.25,5005.25,1.0,2026-06-15T00:19:02.000000Z,2026-06-15T00:19:02.000000Z,1142,1142
2026-06-15T00:19:03.000000Z,BTCUSDT,futures,10009.5,10009.5,10009.5,10009.5,1.0,10009.5,1,0.5,0.5,5004.75,5004.75,1.0,2026-06-15T00:19:03.000000Z,2026-06-15T00:19:03.000000Z,1143,1143
2026-06-15T00:19:04.000000Z,BTCUSDT,futures,10010.0,10010.0,10010.0,10010.0,1.0,10010.0,1,0.5,0.5,5005.0,5005.0,1.0,2026-06-15T00:19:04.000000Z,2026-06-15T00:19:04.000000Z,1144,1144
2026-06-15T00:19:05.000000Z,BTCUSDT,futures,10010.5,10010.5,10010.5,10010.5,1.0,10010.5,1,0.5,0.5,5005.25,5005.25,1.0,2026-06-15T00:19:05.000000Z,2026-06-15T00:19:05.000000Z,1145,1145
2026-06-15T00:19:06.000000Z,BTCUSDT,futures,10009.5,10009.5,10009.5,10009.5,1.0,10009.5,1,0.5,0.5,5004.75,5004.75,1.0,2026-06-15T00:19:06.000000Z,2026-06-15T00:19:06.000000Z,1146,1146
2026-06-15T00:19:07.000000Z,BTCUSDT,futures,10010.0,10010.0,10010.0,10010.0,1.0,10010.0,1,0.5,0.5,5005.0,5005.0,1.0,2026-06-15T00:19:07.000000Z,2026-06-15T00:19:07.000000Z,1147,1147
2026-06-15T00:19:08.000000Z,BTCUSDT,futures,10010.5,10010.5,10010.5,10010.5,1.0,10010.5,1,0.5,0.5,5005.25,5005.25,1.0,2026-06-15T00:19:08.000000Z,2026-06-15T00:19:08.000000Z,1148,1148
2026-06-15T00:19:09.000000Z,BTCUSDT,futures,10009.5,10009.5,10009.5,10009.5,1.0,10009.5,1,0.5,0.5,5004.75,5004.75,1.0,2026-06-15T00:19:09.000000Z,2026-06-15T00:19:09.000000Z,1149,1149
2026-06-15T00:19:10.000000Z,BTCUSDT,futures,10010.0,10010.0,10010.0,10010.0,1.0,10010.0,1,0.5,0.5,5005.0,5005.0,1.0,2026-06-15T00:19:10.000000Z,2026-06-15T00:19:10.000000Z,1150,1150
2026-06-15T00:19:11.000000Z,BTCUSDT,futures,10010.5,10010.5,10010.5,10010.5,1.0,10010.5,1,0.5,0.5,5005.25,5005.25,1.0,2026-06-15T00:19:11.000000Z,2026-06-15T00:19:11.000000Z,1151,1151
2026-06-15T00:19:12.000000Z,BTCUSDT,futures,10009.5,10009.5,10009.5,10009.5,1.0,10009.5,1,0.5,0.5,5004.75,5004.75,1.0,2026-06-15T00:19:12.000000Z,2026-06-15T00:19:12.000000Z,1152,1152
2026-06-15T00:19:13.000000Z,BTCUSDT,futures,10010.0,10010.0,10010.0,10010.0,1.0,10010.0,1,0.5,0.5,5005.0,5005.0,1.0,2026-06-15T00:19:13.000000Z,2026-06-15T00:19:13.000000Z,1153,1153
2026-06-15T00:19:14.000000Z,BTCUSDT,futures,10010.5,10010.5,10010.5,10010.5,1.0,10010.5,1,0.5,0.5,5005.25,5005.25,1.0,2026-06-15T00:19:14.000000Z,2026-06-15T00:19:14.000000Z,1154,1154
2026-06-15T00:19:15.000000Z,BTCUSDT,futures,10009.5,10009.5,10009.5,10009.5,1.0,10009.5,1,0.5,0.5,5004.75,5004.75,1.0,2026-06-15T00:19:15.000000Z,2026-06-15T00:19:15.000000Z,1155,1155
2026-06-15T00:19:16.000000Z,BTCUSDT,futures,10010.0,10010.0,10010.0,10010.0,1.0,10010.0,1,0.5,0.5,5005.0,5005.0,1.0,2026-06-15T00:19:16.000000Z,2026-06-15T00:19:16.000000Z,1156,1156
2026-06-15T00:19:17.000000Z,BTCUSDT,futures,10010.5,10010.5,10010.5,10010.5,1.0,10010.5,1,0.5,0.5,5005.25,5005.25,1.0,2026-06-15T00:19:17.000000Z,2026-06-15T00:19:17.000000Z,1157,1157
2026-06-15T00:19:18.000000Z,BTCUSDT,futures,10009.5,10009.5,10009.5,10009.5,1.0,10009.5,1,0.5,0.5,5004.75,5004.75,1.0,2026-06-15T00:19:18.000000Z,2026-06-15T00:19:18.000000Z,1158,1158
2026-06-15T00:19:19.000000Z,BTCUSDT,futures,10010.0,10010.0,10010.0,10010.0,1.0,10010.0,1,0.5,0.5,5005.0,5005.0,1.0,2026-06-15T00:19:19.000000Z,2026-06-15T00:19:19.000000Z,1159,1159
2026-06-15T00:19:20.000000Z,BTCUSDT,futures,10010.5,10010.5,10010.5,10010.5,1.0,10010.5,1,0.5,0.5,5005.25,5005.25,1.0,2026-06-15T00:19:20.000000Z,2026-06-15T00:19:20.000000Z,1160,1160
2026-06-15T00:19:21.000000Z,BTCUSDT,futures,10009.5,10009.5,10009.5,10009.5,1.0,10009.5,1,0.5,0.5,5004.75,5004.75,1.0,2026-06-15T00:19:21.000000Z,2026-06-15T00:19:21.000000Z,1161,1161
2026-06-15T00:19:22.000000Z,BTCUSDT,futures,10010.0,10010.0,10010.0,10010.0,1.0,10010.0,1,0.5,0.5,5005.0,5005.0,1.0,2026-06-15T00:19:22.000000Z,2026-06-15T00:19:22.000000Z,1162,1162
2026-06-15T00:19:23.000000Z,BTCUSDT,futures,10010.5,10010.5,10010.5,10010.5,1.0,10010.5,1,0.5,0.5,5005.25,5005.25,1.0,2026-06-15T00:19:23.000000Z,2026-06-15T00:19:23.000000Z,1163,1163
2026-06-15T00:19:24.000000Z,BTCUSDT,futures,10009.5,10009.5,10009.5,10009.5,1.0,10009.5,1,0.5,0.5,5004.75,5004.75,1.0,2026-06-15T00:19:24.000000Z,2026-06-15T00:19:24.000000Z,1164,1164
2026-06-15T00:19:25.000000Z,BTCUSDT,futures,10010.0,10010.0,10010.0,10010.0,1.0,10010.0,1,0.5,0.5,5005.0,5005.0,1.0,2026-06-15T00:19:25.000000Z,2026-06-15T00:19:25.000000Z,1165,1165
2026-06-15T00:19:26.000000Z,BTCUSDT,futures,10010.5,10010.5,10010.5,10010.5,1.0,10010.5,1,0.5,0.5,5005.25,5005.25,1.0,2026-06-15T00:19:26.000000Z,2026-06-15T00:19:26.000000Z,1166,1166
2026-06-15T00:19:27.000000Z,BTCUSDT,futures,10009.5,10009.5,10009.5,10009.5,1.0,10009.5,1,0.5,0.5,5004.75,5004.75,1.0,2026-06-15T00:19:27.000000Z,2026-06-15T00:19:27.000000Z,1167,1167
2026-06-15T00:19:28.000000Z,BTCUSDT,futures,10010.0,10010.0,10010.0,10010.0,1.0,10010.0,1,0.5,0.5,5005.0,5005.0,1.0,2026-06-15T00:19:28.000000Z,2026-06-15T00:19:28.000000Z,1168,1168
2026-06-15T00:19:29.000000Z,BTCUSDT,futures,10010.5,10010.5,10010.5,10010.5,1.0,10010.5,1,0.5,0.5,5005.25,5005.25,1.0,2026-06-15T00:19:29.000000Z,2026-06-15T00:19:29.000000Z,1169,1169
2026-06-15T00:19:30.000000Z,BTCUSDT,futures,10009.5,10009.5,10009.5,10009.5,1.0,10009.5,1,0.5,0.5,5004.75,5004.75,1.0,2026-06-15T00:19:30.000000Z,2026-06-15T00:19:30.000000Z,1170,1170
2026-06-15T00:19:31.000000Z,BTCUSDT,futures,10010.0,10010.0,10010.0,10010.0,1.0,10010.0,1,0.5,0.5,5005.0,5005.0,1.0,2026-06-15T00:19:31.000000Z,2026-06-15T00:19:31.000000Z,1171,1171
2026-06-15T00:19:32.000000Z,BTCUSDT,futures,10010.5,10010.5,10010.5,10010.5,1.0,10010.5,1,0.5,0.5,5005.25,5005.25,1.0,2026-06-15T00:19:32.000000Z,2026-06-15T00:19:32.000000Z,1172,1172
2026-06-15T00:19:33.000000Z,BTCUSDT,futures,10009.5,10009.5,10009.5,10009.5,1.0,10009.5,1,0.5,0.5,5004.75,5004.75,1.0,2026-06-15T00:19:33.000000Z,2026-06-15T00:19:33.000000Z,1173,1173
2026-06-15T00:19:34.000000Z,BTCUSDT,futures,10010.0,10010.0,10010.0,10010.0,1.0,10010.0,1,0.5,0.5,5005.0,5005.0,1.0,2026-06-15T00:19:34.000000Z,2026-06-15T00:19:34.000000Z,1174,1174
2026-06-15T00:19:35.000000Z,BTCUSDT,futures,10010.5,10010.5,10010.5,10010.5,1.0,10010.5,1,0.5,0.5,5005.25,5005.25,1.0,2026-06-15T00:19:35.000000Z,2026-06-15T00:19:35.000000Z,1175,1175
2026-06-15T00:19:36.000000Z,BTCUSDT,futures,10009.5,10009.5,10009.5,10009.5,1.0,10009.5,1,0.5,0.5,5004.75,5004.75,1.0,2026-06-15T00:19:36.000000Z,2026-06-15T00:19:36.000000Z,1176,1176
2026-06-15T00:19:37.000000Z,BTCUSDT,futures,10010.0,10010.0,10010.0,10010.0,1.0,10010.0,1,0.5,0.5,5005.0,5005.0,1.0,2026-06-15T00:19:37.000000Z,2026-06-15T00:19:37.000000Z,1177,1177
2026-06-15T00:19:38.000000Z,BTCUSDT,futures,10010.5,10010.5,10010.5,10010.5,1.0,10010.5,1,0.5,0.5,5005.25,5005.25,1.0,2026-06-15T00:19:38.000000Z,2026-06-15T00:19:38.000000Z,1178,1178
2026-06-15T00:19:39.000000Z,BTCUSDT,futures,10009.5,10009.5,10009.5,10009.5,1.0,10009.5,1,0.5,0.5,5004.75,5004.75,1.0,2026-06-15T00:19:39.000000Z,2026-06-15T00:19:39.000000Z,1179,1179
2026-06-15T00:19:40.000000Z,BTCUSDT,futures,10010.0,10010.0,10010.0,10010.0,1.0,10010.0,1,0.5,0.5,5005.0,5005.0,1.0,2026-06-15T00:19:40.000000Z,2026-06-15T00:19:40.000000Z,1180,1180
2026-06-15T00:19:41.000000Z,BTCUSDT,futures,10010.5,10010.5,10010.5,10010.5,1.0,10010.5,1,0.5,0.5,5005.25,5005.25,1.0,2026-06-15T00:19:41.000000Z,2026-06-15T00:19:41.000000Z,1181,1181
2026-06-15T00:19:42.000000Z,BTCUSDT,futures,10009.5,10009.5,10009.5,10009.5,1.0,10009.5,1,0.5,0.5,5004.75,5004.75,1.0,2026-06-15T00:19:42.000000Z,2026-06-15T00:19:42.000000Z,1182,1182
2026-06-15T00:19:43.000000Z,BTCUSDT,futures,10010.0,10010.0,10010.0,10010.0,1.0,10010.0,1,0.5,0.5,5005.0,5005.0,1.0,2026-06-15T00:19:43.000000Z,2026-06-15T00:19:43.000000Z,1183,1183
2026-06-15T00:19:44.000000Z,BTCUSDT,futures,10010.5,10010.5,10010.5,10010.5,1.0,10010.5,1,0.5,0.5,5005.25,5005.25,1.0,2026-06-15T00:19:44.000000Z,2026-06-15T00:19:44.000000Z,1184,1184
2026-06-15T00:19:45.000000Z,BTCUSDT,futures,10009.5,10009.5,10009.5,10009.5,1.0,10009.5,1,0.5,0.5,5004.75,5004.75,1.0,2026-06-15T00:19:45.000000Z,2026-06-15T00:19:45.000000Z,1185,1185
2026-06-15T00:19:46.000000Z,BTCUSDT,futures,10010.0,10010.0,10010.0,10010.0,1.0,10010.0,1,0.5,0.5,5005.0,5005.0,1.0,2026-06-15T00:19:46.000000Z,2026-06-15T00:19:46.000000Z,1186,1186
2026-06-15T00:19:47.000000Z,BTCUSDT,futures,10010.5,10010.5,10010.5,10010.5,1.0,10010.5,1,0.5,0.5,5005.25,5005.25,1.0,2026-06-15T00:19:47.000000Z,2026-06-15T00:19:47.000000Z,1187,1187
2026-06-15T00:19:48.000000Z,BTCUSDT,futures,10009.5,10009.5,10009.5,10009.5,1.0,10009.5,1,0.5,0.5,5004.75,5004.75,1.0,2026-06-15T00:19:48.000000Z,2026-06-15T00:19:48.000000Z,1188,1188
2026-06-15T00:19:49.000000Z,BTCUSDT,futures,10010.0,10010.0,10010.0,10010.0,1.0,10010.0,1,0.5,0.5,5005.0,5005.0,1.0,2026-06-15T00:19:49.000000Z,2026-06-15T00:19:49.000000Z,1189,1189
2026-06-15T00:19:50.000000Z,BTCUSDT,futures,10010.5,10010.5,10010.5,10010.5,1.0,10010.5,1,0.5,0.5,5005.25,5005.25,1.0,2026-06-15T00:19:50.000000Z,2026-06-15T00:19:50.000000Z,1190,1190
2026-06-15T00:19:51.000000Z,BTCUSDT,futures,10009.5,10009.5,10009.5,10009.5,1.0,10009.5,1,0.5,0.5,5004.75,5004.75,1.0,2026-06-15T00:19:51.000000Z,2026-06-15T00:19:51.000000Z,1191,1191
2026-06-15T00:19:52.000000Z,BTCUSDT,futures,10010.0,10010.0,10010.0,10010.0,1.0,10010.0,1,0.5,0.5,5005.0,5005.0,1.0,2026-06-15T00:19:52.000000Z,2026-06-15T00:19:52.000000Z,1192,1192
2026-06-15T00:19:53.000000Z,BTCUSDT,futures,10010.5,10010.5,10010.5,10010.5,1.0,10010.5,1,0.5,0.5,5005.25,5005.25,1.0,2026-06-15T00:19:53.000000Z,2026-06-15T00:19:53.000000Z,1193,1193
2026-06-15T00:19:54.000000Z,BTCUSDT,futures,10009.5,10009.5,10009.5,10009.5,1.0,10009.5,1,0.5,0.5,5004.75,5004.75,1.0,2026-06-15T00:19:54.000000Z,2026-06-15T00:19:54.000000Z,1194,1194
2026-06-15T00:19:55.000000Z,BTCUSDT,futures,10010.0,10010.0,10010.0,10010.0,1.0,10010.0,1,0.5,0.5,5005.0,5005.0,1.0,2026-06-15T00:19:55.000000Z,2026-06-15T00:19:55.000000Z,1195,1195
2026-06-15T00:19:56.000000Z,BTCUSDT,futures,10010.5,10010.5,10010.5,10010.5,1.0,10010.5,1,0.5,0.5,5005.25,5005.25,1.0,2026-06-15T00:19:56.000000Z,2026-06-15T00:19:56.000000Z,1196,1196
2026-06-15T00:19:57.000000Z,BTCUSDT,futures,10009.5,10009.5,10009.5,10009.5,1.0,10009.5,1,0.5,0.5,5004.75,5004.75,1.0,2026-06-15T00:19:57.000000Z,2026-06-15T00:19:57.000000Z,1197,1197
2026-06-15T00:19:58.000000Z,BTCUSDT,futures,10010.0,10010.0,10010.0,10010.0,1.0,10010.0,1,0.5,0.5,5005.0,5005.0,1.0,2026-06-15T00:19:58.000000Z,2026-06-15T00:19:58.000000Z,1198,1198
2026-06-15T00:19:59.000000Z,BTCUSDT,futures,10010.5,10010.5,10010.5,10010.5,1.0,10010.5,1,0.5,0.5,5005.25,5005.25,1.0,2026-06-15T00:19:59.000000Z,2026-06-15T00:19:59.000000Z,1199,1199
2026-06-15T00:20:00.000000Z,BTCUSDT,futures,10009.5,10009.5,10009.5,10009.5,1.0,10009.5,1,0.5,0.5,5004.75,5004.75,1.0,2026-06-15T00:20:00.000000Z,2026-06-15T00:20:00.000000Z,1200,1200
2026-06-15T00:20:01.000000Z,BTCUSDT,futures,10010.0,10010.0,10010.0,10010.0,1.0,10010.0,1,0.5,0.5,5005.0,5005.0,1.0,2026-06-15T00:20:01.000000Z,2026-06-15T00:20:01.000000Z,1201,1201
2026-06-15T00:20:02.000000Z,BTCUSDT,futures,10010.5,10010.5,10010.5,10010.5,1.0,10010.5,1,0.5,0.5,5005.25,5005.25,1.0,2026-06-15T00:20:02.000000Z,2026-06-15T00:20:02.000000Z,1202,1202
2026-06-15T00:20:03.000000Z,BTCUSDT,futures,10009.5,10009.5,10009.5,10009.5,1.0,10009.5,1,0.5,0.5,5004.75,5004.75,1.0,2026-06-15T00:20:03.000000Z,2026-06-15T00:20:03.000000Z,1203,1203
2026-06-15T00:20:04.000000Z,BTCUSDT,futures,10010.0,10010.0,10010.0,10010.0,1.0,10010.0,1,0.5,0.5,5005.0,5005.0,1.0,2026-06-15T00:20:04.000000Z,2026-06-15T00:20:04.000000Z,1204,1204
2026-06-15T00:20:05.000000Z,BTCUSDT,futures,10010.5,10010.5,10010.5,10010.5,1.0,10010.5,1,0.5,0.5,5005.25,5005.25,1.0,2026-06-15T00:20:05.000000Z,2026-06-15T00:20:05.000000Z,1205,1205
2026-06-15T00:20:06.000000Z,BTCUSDT,futures,10009.5,10009.5,10009.5,10009.5,1.0,10009.5,1,0.5,0.5,5004.75,5004.75,1.0,2026-06-15T00:20:06.000000Z,2026-06-15T00:20:06.000000Z,1206,1206
2026-06-15T00:20:07.000000Z,BTCUSDT,futures,10010.0,10010.0,10010.0,10010.0,1.0,10010.0,1,0.5,0.5,5005.0,5005.0,1.0,2026-06-15T00:20:07.000000Z,2026-06-15T00:20:07.000000Z,1207,1207
2026-06-15T00:20:08.000000Z,BTCUSDT,futures,10010.5,10010.5,10010.5,10010.5,1.0,10010.5,1,0.5,0.5,5005.25,5005.25,1.0,2026-06-15T00:20:08.000000Z,2026-06-15T00:20:08.000000Z,1208,1208
2026-06-15T00:20:09.000000Z,BTCUSDT,futures,10009.5,10009.5,10009.5,10009.5,1.0,10009.5,1,0.5,0.5,5004.75,5004.75,1.0,2026-06-15T00:20:09.000000Z,2026-06-15T00:20:09.000000Z,1209,1209
2026-06-15T00:20:10.000000Z,BTCUSDT,futures,10010.0,10010.0,10010.0,10010.0,1.0,10010.0,1,0.5,0.5,5005.0,5005.0,1.0,2026-06-15T00:20:10.000000Z,2026-06-15T00:20:10.000000Z,1210,1210
2026-06-15T00:20:11.000000Z,BTCUSDT,futures,10010.5,10010.5,10010.5,10010.5,1.0,10010.5,1,0.5,0.5,5005.25,5005.25,1.0,2026-06-15T00:20:11.000000Z,2026-06-15T00:20:11.000000Z,1211,1211
2026-06-15T00:20:12.000000Z,BTCUSDT,futures,10009.5,10009.5,10009.5,10009.5,1.0,10009.5,1,0.5,0.5,5004.75,5004.75,1.0,2026-06-15T00:20:12.000000Z,2026-06-15T00:20:12.000000Z,1212,1212
2026-06-15T00:20:13.000000Z,BTCUSDT,futures,10010.0,10010.0,10010.0,10010.0,1.0,10010.0,1,0.5,0.5,5005.0,5005.0,1.0,2026-06-15T00:20:13.000000Z,2026-06-15T00:20:13.000000Z,1213,1213
2026-06-15T00:20:14.000000Z,BTCUSDT,futures,10010.5,10010.5,10010.5,10010.5,1.0,10010.5,1,0.5,0.5,5005.25,5005.25,1.0,2026-06-15T00:20:14.000000Z,2026-06-15T00:20:14.000000Z,1214,1214
2026-06-15T00:20:15.000000Z,BTCUSDT,futures,10009.5,10009.5,10009.5,10009.5,1.0,10009.5,1,0.5,0.5,5004.75,5004.75,1.0,2026-06-15T00:20:15.000000Z,2026-06-15T00:20:15.000000Z,1215,1215
2026-06-15T00:20:16.000000Z,BTCUSDT,futures,10010.0,10010.0,10010.0,10010.0,1.0,10010.0,1,0.5,0.5,5005.0,5005.0,1.0,2026-06-15T00:20:16.000000Z,2026-06-15T00:20:16.000000Z,1216,1216
2026-06-15T00:20:17.000000Z,BTCUSDT,futures,10010.5,10010.5,10010.5,10010.5,1.0,10010.5,1,0.5,0.5,5005.25,5005.25,1.0,2026-06-15T00:20:17.000000Z,2026-06-15T00:20:17.000000Z,1217,1217
2026-06-15T00:20:18.000000Z,BTCUSDT,futures,10009.5,10009.5,10009.5,10009.5,1.0,10009.5,1,0.5,0.5,5004.75,5004.75,1.0,2026-06-15T00:20:18.000000Z,2026-06-15T00:20:18.000000Z,1218,1218
2026-06-15T00:20:19.000000Z,BTCUSDT,futures,10010.0,10010.0,10010.0,10010.0,1.0,10010.0,1,0.5,0.5,5005.0,5005.0,1.0,2026-06-15T00:20:19.000000Z,2026-06-15T00:20:19.000000Z,1219,1219
2026-06-15T00:20:20.000000Z,BTCUSDT,futures,10010.5,10010.5,10010.5,10010.5,1.0,10010.5,1,0.5,0.5,5005.25,5005.25,1.0,2026-06-15T00:20:20.000000Z,2026-06-15T00:20:20.000000Z,1220,1220
2026-06-15T00:20:21.000000Z,BTCUSDT,futures,10009.5,10009.5,10009.5,10009.5,1.0,10009.5,1,0.5,0.5,5004.75,5004.75,1.0,2026-06-15T00:20:21.000000Z,2026-06-15T00:20:21.000000Z,1221,1221
2026-06-15T00:20:22.000000Z,BTCUSDT,futures,10010.0,10010.0,10010.0,10010.0,1.0,10010.0,1,0.5,0.5,5005.0,5005.0,1.0,2026-06-15T00:20:22.000000Z,2026-06-15T00:20:22.000000Z,1222,1222
2026-06-15T00:20:23.000000Z,BTCUSDT,futures,10010.5,10010.5,10010.5,10010.5,1.0,10010.5,1,0.5,0.5,5005.25,5005.25,1.0,2026-06-15T00:20:23.000000Z,2026-06-15T00:20:23.000000Z,1223,1223
2026-06-15T00:20:24.000000Z,BTCUSDT,futures,10009.5,10009.5,10009.5,10009.5,1.0,10009.5,1,0.5,0.5,5004.75,5004.75,1.0,2026-06-15T00:20:24.000000Z,2026-06-15T00:20:24.000000Z,1224,1224
2026-06-15T00:20:25.000000Z,BTCUSDT,futures,10010.0,10010.0,10010.0,10010.0,1.0,10010.0,1,0.5,0.5,5005.0,5005.0,1.0,2026-06-15T00:20:25.000000Z,2026-06-15T00:20:25.000000Z,1225,1225
2026-06-15T00:20:26.000000Z,BTCUSDT,futures,10010.5,10010.5,10010.5,10010.5,1.0,10010.5,1,0.5,0.5,5005.25,5005.25,1.0,2026-06-15T00:20:26.000000Z,2026-06-15T00:20:26.000000Z,1226,1226
2026-06-15T00:20:27.000000Z,BTCUSDT,futures,10009.5,10009.5,10009.5,10009.5,1.0,10009.5,1,0.5,0.5,5004.75,5004.75,1.0,2026-06-15T00:20:27.000000Z,2026-06-15T00:20:27.000000Z,1227,1227
2026-06-15T00:20:28.000000Z,BTCUSDT,futures,10010.0,10010.0,10010.0,10010.0,1.0,10010.0,1,0.5,0.5,5005.0,5005.0,1.0,2026-06-15T00:20:28.000000Z,2026-06-15T00:20:28.000000Z,1228,1228
2026-06-15T00:20:29.000000Z,BTCUSDT,futures,10010.5,10010.5,10010.5,10010.5,1.0,10010.5,1,0.5,0.5,5005.25,5005.25,1.0,2026-06-15T00:20:29.000000Z,2026-06-15T00:20:29.000000Z,1229,1229
2026-06-15T00:20:30.000000Z,BTCUSDT,futures,10009.5,10009.5,10009.5,10009.5,1.0,10009.5,1,0.5,0.5,5004.75,5004.75,1.0,2026-06-15T00:20:30.000000Z,2026-06-15T00:20:30.000000Z,1230,1230
2026-06-15T00:20:31.000000Z,BTCUSDT,futures,10010.0,10010.0,10010.0,10010.0,1.0,10010.0,1,0.5,0.5,5005.0,5005.0,1.0,2026-06-15T00:20:31.000000Z,2026-06-15T00:20:31.000000Z,1231,1231
2026-06-15T00:20:32.000000Z,BTCUSDT,futures,10010.5,10010.5,10010.5,10010.5,1.0,10010.5,1,0.5,0.5,5005.25,5005.25,1.0,2026-06-15T00:20:32.000000Z,2026-06-15T00:20:32.000000Z,1232,1232
2026-06-15T00:20:33.000000Z,BTCUSDT,futures,10009.5,10009.5,10009.5,10009.5,1.0,10009.5,1,0.5,0.5,5004.75,5004.75,1.0,2026-06-15T00:20:33.000000Z,2026-06-15T00:20:33.000000Z,1233,1233
2026-06-15T00:20:34.000000Z,BTCUSDT,futures,10010.0,10010.0,10010.0,10010.0,1.0,10010.0,1,0.5,0.5,5005.0,5005.0,1.0,2026-06-15T00:20:34.000000Z,2026-06-15T00:20:34.000000Z,1234,1234
2026-06-15T00:20:35.000000Z,BTCUSDT,futures,10010.5,10010.5,10010.5,10010.5,1.0,10010.5,1,0.5,0.5,5005.25,5005.25,1.0,2026-06-15T00:20:35.000000Z,2026-06-15T00:20:35.000000Z,1235,1235
2026-06-15T00:20:36.000000Z,BTCUSDT,futures,10009.5,10009.5,10009.5,10009.5,1.0,10009.5,1,0.5,0.5,5004.75,5004.75,1.0,2026-06-15T00:20:36.000000Z,2026-06-15T00:20:36.000000Z,1236,1236
2026-06-15T00:20:37.000000Z,BTCUSDT,futures,10010.0,10010.0,10010.0,10010.0,1.0,10010.0,1,0.5,0.5,5005.0,5005.0,1.0,2026-06-15T00:20:37.000000Z,2026-06-15T00:20:37.000000Z,1237,1237
2026-06-15T00:20:38.000000Z,BTCUSDT,futures,10010.5,10010.5,10010.5,10010.5,1.0,10010.5,1,0.5,0.5,5005.25,5005.25,1.0,2026-06-15T00:20:38.000000Z,2026-06-15T00:20:38.000000Z,1238,1238
2026-06-15T00:20:39.000000Z,BTCUSDT,futures,10009.5,10009.5,10009.5,10009.5,1.0,10009.5,1,0.5,0.5,5004.75,5004.75,1.0,2026-06-15T00:20:39.000000Z,2026-06-15T00:20:39.000000Z,1239,1239
2026-06-15T00:20:40.000000Z,BTCUSDT,futures,10010.0,10010.0,10010.0,10010.0,1.0,10010.0,1,0.5,0.5,5005.0,5005.0,1.0,2026-06-15T00:20:40.000000Z,2026-06-15T00:20:40.000000Z,1240,1240
2026-06-15T00:20:41.000000Z,BTCUSDT,futures,10010.5,10010.5,10010.5,10010.5,1.0,10010.5,1,0.5,0.5,5005.25,5005.25,1.0,2026-06-15T00:20:41.000000Z,2026-06-15T00:20:41.000000Z,1241,1241
2026-06-15T00:20:42.000000Z,BTCUSDT,futures,10009.5,10009.5,10009.5,10009.5,1.0,10009.5,1,0.5,0.5,5004.75,5004.75,1.0,2026-06-15T00:20:42.000000Z,2026-06-15T00:20:42.000000Z,1242,1242
2026-06-15T00:20:43.000000Z,BTCUSDT,futures,10010.0,10010.0,10010.0,10010.0,1.0,10010.0,1,0.5,0.5,5005.0,5005.0,1.0,2026-06-15T00:20:43.000000Z,2026-06-15T00:20:43.000000Z,1243,1243
2026-06-15T00:20:44.000000Z,BTCUSDT,futures,10010.5,10010.5,10010.5,10010.5,1.0,10010.5,1,0.5,0.5,5005.25,5005.25,1.0,2026-06-15T00:20:44.000000Z,2026-06-15T00:20:44.000000Z,1244,1244
2026-06-15T00:20:45.000000Z,BTCUSDT,futures,10009.5,10009.5,10009.5,10009.5,1.0,10009.5,1,0.5,0.5,5004.75,5004.75,1.0,2026-06-15T00:20:45.000000Z,2026-06-15T00:20:45.000000Z,1245,1245
2026-06-15T00:20:46.000000Z,BTCUSDT,futures,10010.0,10010.0,10010.0,10010.0,1.0,10010.0,1,0.5,0.5,5005.0,5005.0,1.0,2026-06-15T00:20:46.000000Z,2026-06-15T00:20:46.000000Z,1246,1246
2026-06-15T00:20:47.000000Z,BTCUSDT,futures,10010.5,10010.5,10010.5,10010.5,1.0,10010.5,1,0.5,0.5,5005.25,5005.25,1.0,2026-06-15T00:20:47.000000Z,2026-06-15T00:20:47.000000Z,1247,1247
2026-06-15T00:20:48.000000Z,BTCUSDT,futures,10009.5,10009.5,10009.5,10009.5,1.0,10009.5,1,0.5,0.5,5004.75,5004.75,1.0,2026-06-15T00:20:48.000000Z,2026-06-15T00:20:48.000000Z,1248,1248
2026-06-15T00:20:49.000000Z,BTCUSDT,futures,10010.0,10010.0,10010.0,10010.0,1.0,10010.0,1,0.5,0.5,5005.0,5005.0,1.0,2026-06-15T00:20:49.000000Z,2026-06-15T00:20:49.000000Z,1249,1249
2026-06-15T00:20:50.000000Z,BTCUSDT,futures,10010.5,10010.5,10010.5,10010.5,1.0,10010.5,1,0.5,0.5,5005.25,5005.25,1.0,2026-06-15T00:20:50.000000Z,2026-06-15T00:20:50.000000Z,1250,1250
2026-06-15T00:20:51.000000Z,BTCUSDT,futures,10009.5,10009.5,10009.5,10009.5,1.0,10009.5,1,0.5,0.5,5004.75,5004.75,1.0,2026-06-15T00:20:51.000000Z,2026-06-15T00:20:51.000000Z,1251,1251
2026-06-15T00:20:52.000000Z,BTCUSDT,futures,10010.0,10010.0,10010.0,10010.0,1.0,10010.0,1,0.5,0.5,5005.0,5005.0,1.0,2026-06-15T00:20:52.000000Z,2026-06-15T00:20:52.000000Z,1252,1252
2026-06-15T00:20:53.000000Z,BTCUSDT,futures,10010.5,10010.5,10010.5,10010.5,1.0,10010.5,1,0.5,0.5,5005.25,5005.25,1.0,2026-06-15T00:20:53.000000Z,2026-06-15T00:20:53.000000Z,1253,1253
2026-06-15T00:20:54.000000Z,BTCUSDT,futures,10009.5,10009.5,10009.5,10009.5,1.0,10009.5,1,0.5,0.5,5004.75,5004.75,1.0,2026-06-15T00:20:54.000000Z,2026-06-15T00:20:54.000000Z,1254,1254
2026-06-15T00:20:55.000000Z,BTCUSDT,futures,10010.0,10010.0,10010.0,10010.0,1.0,10010.0,1,0.5,0.5,5005.0,5005.0,1.0,2026-06-15T00:20:55.000000Z,2026-06-15T00:20:55.000000Z,1255,1255
2026-06-15T00:20:56.000000Z,BTCUSDT,futures,10010.5,10010.5,10010.5,10010.5,1.0,10010.5,1,0.5,0.5,5005.25,5005.25,1.0,2026-06-15T00:20:56.000000Z,2026-06-15T00:20:56.000000Z,1256,1256
2026-06-15T00:20:57.000000Z,BTCUSDT,futures,10009.5,10009.5,10009.5,10009.5,1.0,10009.5,1,0.5,0.5,5004.75,5004.75,1.0,2026-06-15T00:20:57.000000Z,2026-06-15T00:20:57.000000Z,1257,1257
2026-06-15T00:20:58.000000Z,BTCUSDT,futures,10010.0,10010.0,10010.0,10010.0,1.0,10010.0,1,0.5,0.5,5005.0,5005.0,1.0,2026-06-15T00:20:58.000000Z,2026-06-15T00:20:58.000000Z,1258,1258
2026-06-15T00:20:59.000000Z,BTCUSDT,futures,10010.5,10010.5,10010.5,10010.5,1.0,10010.5,1,0.5,0.5,5005.25,5005.25,1.0,2026-06-15T00:20:59.000000Z,2026-06-15T00:20:59.000000Z,1259,1259
2026-06-15T00:21:00.000000Z,BTCUSDT,futures,10009.5,10009.5,10009.5,10009.5,1.0,10009.5,1,0.5,0.5,5004.75,5004.75,1.0,2026-06-15T00:21:00.000000Z,2026-06-15T00:21:00.000000Z,1260,1260
2026-06-15T00:21:01.000000Z,BTCUSDT,futures,10010.0,10010.0,10010.0,10010.0,1.0,10010.0,1,0.5,0.5,5005.0,5005.0,1.0,2026-06-15T00:21:01.000000Z,2026-06-15T00:21:01.000000Z,1261,1261
2026-06-15T00:21:02.000000Z,BTCUSDT,futures,10010.5,10010.5,10010.5,10010.5,1.0,10010.5,1,0.5,0.5,5005.25,5005.25,1.0,2026-06-15T00:21:02.000000Z,2026-06-15T00:21:02.000000Z,1262,1262
2026-06-15T00:21:03.000000Z,BTCUSDT,futures,10009.5,10009.5,10009.5,10009.5,1.0,10009.5,1,0.5,0.5,5004.75,5004.75,1.0,2026-06-15T00:21:03.000000Z,2026-06-15T00:21:03.000000Z,1263,1263
2026-06-15T00:21:04.000000Z,BTCUSDT,futures,10010.0,10010.0,10010.0,10010.0,1.0,10010.0,1,0.5,0.5,5005.0,5005.0,1.0,2026-06-15T00:21:04.000000Z,2026-06-15T00:21:04.000000Z,1264,1264
2026-06-15T00:21:05.000000Z,BTCUSDT,futures,10010.5,10010.5,10010.5,10010.5,1.0,10010.5,1,0.5,0.5,5005.25,5005.25,1.0,2026-06-15T00:21:05.000000Z,2026-06-15T00:21:05.000000Z,1265,1265
2026-06-15T00:21:06.000000Z,BTCUSDT,futures,10009.5,10009.5,10009.5,10009.5,1.0,10009.5,1,0.5,0.5,5004.75,5004.75,1.0,2026-06-15T00:21:06.000000Z,2026-06-15T00:21:06.000000Z,1266,1266
2026-06-15T00:21:07.000000Z,BTCUSDT,futures,10010.0,10010.0,10010.0,10010.0,1.0,10010.0,1,0.5,0.5,5005.0,5005.0,1.0,2026-06-15T00:21:07.000000Z,2026-06-15T00:21:07.000000Z,1267,1267
2026-06-15T00:21:08.000000Z,BTCUSDT,futures,10010.5,10010.5,10010.5,10010.5,1.0,10010.5,1,0.5,0.5,5005.25,5005.25,1.0,2026-06-15T00:21:08.000000Z,2026-06-15T00:21:08.000000Z,1268,1268
2026-06-15T00:21:09.000000Z,BTCUSDT,futures,10009.5,10009.5,10009.5,10009.5,1.0,10009.5,1,0.5,0.5,5004.75,5004.75,1.0,2026-06-15T00:21:09.000000Z,2026-06-15T00:21:09.000000Z,1269,1269
2026-06-15T00:21:10.000000Z,BTCUSDT,futures,10010.0,10010.0,10010.0,10010.0,1.0,10010.0,1,0.5,0.5,5005.0,5005.0,1.0,2026-06-15T00:21:10.000000Z,2026-06-15T00:21:10.000000Z,1270,1270
2026-06-15T00:21:11.000000Z,BTCUSDT,futures,10010.5,10010.5,10010.5,10010.5,1.0,10010.5,1,0.5,0.5,5005.25,5005.25,1.0,2026-06-15T00:21:11.000000Z,2026-06-15T00:21:11.000000Z,1271,1271
2026-06-15T00:21:12.000000Z,BTCUSDT,futures,10009.5,10009.5,10009.5,10009.5,1.0,10009.5,1,0.5,0.5,5004.75,5004.75,1.0,2026-06-15T00:21:12.000000Z,2026-06-15T00:21:12.000000Z,1272,1272
2026-06-15T00:21:13.000000Z,BTCUSDT,futures,10010.0,10010.0,10010.0,10010.0,1.0,10010.0,1,0.5,0.5,5005.0,5005.0,1.0,2026-06-15T00:21:13.000000Z,2026-06-15T00:21:13.000000Z,1273,1273
2026-06-15T00:21:14.000000Z,BTCUSDT,futures,10010.5,10010.5,10010.5,10010.5,1.0,10010.5,1,0.5,0.5,5005.25,5005.25,1.0,2026-06-15T00:21:14.000000Z,2026-06-15T00:21:14.000000Z,1274,1274
2026-06-15T00:21:15.000000Z,BTCUSDT,futures,10009.5,10009.5,10009.5,10009.5,1.0,10009.5,1,0.5,0.5,5004.75,5004.75,1.0,2026-06-15T00:21:15.000000Z,2026-06-15T00:21:15.000000Z,1275,1275
2026-06-15T00:21:16.000000Z,BTCUSDT,futures,10010.0,10010.0,10010.0,10010.0,1.0,10010.0,1,0.5,0.5,5005.0,5005.0,1.0,2026-06-15T00:21:16.000000Z,2026-06-15T00:21:16.000000Z,1276,1276
2026-06-15T00:21:17.000000Z,BTCUSDT,futures,10010.5,10010.5,10010.5,10010.5,1.0,10010.5,1,0.5,0.5,5005.25,5005.25,1.0,2026-06-15T00:21:17.000000Z,2026-06-15T00:21:17.000000Z,1277,1277
2026-06-15T00:21:18.000000Z,BTCUSDT,futures,10009.5,10009.5,10009.5,10009.5,1.0,10009.5,1,0.5,0.5,5004.75,5004.75,1.0,2026-06-15T00:21:18.000000Z,2026-06-15T00:21:18.000000Z,1278,1278
2026-06-15T00:21:19.000000Z,BTCUSDT,futures,10010.0,10010.0,10010.0,10010.0,1.0,10010.0,1,0.5,0.5,5005.0,5005.0,1.0,2026-06-15T00:21:19.000000Z,2026-06-15T00:21:19.000000Z,1279,1279
2026-06-15T00:21:20.000000Z,BTCUSDT,futures,10010.5,10010.5,10010.5,10010.5,1.0,10010.5,1,0.5,0.5,5005.25,5005.25,1.0,2026-06-15T00:21:20.000000Z,2026-06-15T00:21:20.000000Z,1280,1280
2026-06-15T00:21:21.000000Z,BTCUSDT,futures,10009.5,10009.5,10009.5,10009.5,1.0,10009.5,1,0.5,0.5,5004.75,5004.75,1.0,2026-06-15T00:21:21.000000Z,2026-06-15T00:21:21.000000Z,1281,1281
2026-06-15T00:21:22.000000Z,BTCUSDT,futures,10010.0,10010.0,10010.0,10010.0,1.0,10010.0,1,0.5,0.5,5005.0,5005.0,1.0,2026-06-15T00:21:22.000000Z,2026-06-15T00:21:22.000000Z,1282,1282
2026-06-15T00:21:23.000000Z,BTCUSDT,futures,10010.5,10010.5,10010.5,10010.5,1.0,10010.5,1,0.5,0.5,5005.25,5005.25,1.0,2026-06-15T00:21:23.000000Z,2026-06-15T00:21:23.000000Z,1283,1283
2026-06-15T00:21:24.000000Z,BTCUSDT,futures,10009.5,10009.5,10009.5,10009.5,1.0,10009.5,1,0.5,0.5,5004.75,5004.75,1.0,2026-06-15T00:21:24.000000Z,2026-06-15T00:21:24.000000Z,1284,1284
2026-06-15T00:21:25.000000Z,BTCUSDT,futures,10010.0,10010.0,10010.0,10010.0,1.0,10010.0,1,0.5,0.5,5005.0,5005.0,1.0,2026-06-15T00:21:25.000000Z,2026-06-15T00:21:25.000000Z,1285,1285
2026-06-15T00:21:26.000000Z,BTCUSDT,futures,10010.5,10010.5,10010.5,10010.5,1.0,10010.5,1,0.5,0.5,5005.25,5005.25,1.0,2026-06-15T00:21:26.000000Z,2026-06-15T00:21:26.000000Z,1286,1286
2026-06-15T00:21:27.000000Z,BTCUSDT,futures,10009.5,10009.5,10009.5,10009.5,1.0,10009.5,1,0.5,0.5,5004.75,5004.75,1.0,2026-06-15T00:21:27.000000Z,2026-06-15T00:21:27.000000Z,1287,1287
2026-06-15T00:21:28.000000Z,BTCUSDT,futures,10010.0,10010.0,10010.0,10010.0,1.0,10010.0,1,0.5,0.5,5005.0,5005.0,1.0,2026-06-15T00:21:28.000000Z,2026-06-15T00:21:28.000000Z,1288,1288
2026-06-15T00:21:29.000000Z,BTCUSDT,futures,10010.5,10010.5,10010.5,10010.5,1.0,10010.5,1,0.5,0.5,5005.25,5005.25,1.0,2026-06-15T00:21:29.000000Z,2026-06-15T00:21:29.000000Z,1289,1289
2026-06-15T00:21:30.000000Z,BTCUSDT,futures,10009.5,10009.5,10009.5,10009.5,1.0,10009.5,1,0.5,0.5,5004.75,5004.75,1.0,2026-06-15T00:21:30.000000Z,2026-06-15T00:21:30.000000Z,1290,1290
2026-06-15T00:21:31.000000Z,BTCUSDT,futures,10010.0,10010.0,10010.0,10010.0,1.0,10010.0,1,0.5,0.5,5005.0,5005.0,1.0,2026-06-15T00:21:31.000000Z,2026-06-15T00:21:31.000000Z,1291,1291
2026-06-15T00:21:32.000000Z,BTCUSDT,futures,10010.5,10010.5,10010.5,10010.5,1.0,10010.5,1,0.5,0.5,5005.25,5005.25,1.0,2026-06-15T00:21:32.000000Z,2026-06-15T00:21:32.000000Z,1292,1292
2026-06-15T00:21:33.000000Z,BTCUSDT,futures,10009.5,10009.5,10009.5,10009.5,1.0,10009.5,1,0.5,0.5,5004.75,5004.75,1.0,2026-06-15T00:21:33.000000Z,2026-06-15T00:21:33.000000Z,1293,1293
2026-06-15T00:21:34.000000Z,BTCUSDT,futures,10010.0,10010.0,10010.0,10010.0,1.0,10010.0,1,0.5,0.5,5005.0,5005.0,1.0,2026-06-15T00:21:34.000000Z,2026-06-15T00:21:34.000000Z,1294,1294
2026-06-15T00:21:35.000000Z,BTCUSDT,futures,10010.5,10010.5,10010.5,10010.5,1.0,10010.5,1,0.5,0.5,5005.25,5005.25,1.0,2026-06-15T00:21:35.000000Z,2026-06-15T00:21:35.000000Z,1295,1295
2026-06-15T00:21:36.000000Z,BTCUSDT,futures,10009.5,10009.5,10009.5,10009.5,1.0,10009.5,1,0.5,0.5,5004.75,5004.75,1.0,2026-06-15T00:21:36.000000Z,2026-06-15T00:21:36.000000Z,1296,1296
2026-06-15T00:21:37.000000Z,BTCUSDT,futures,10010.0,10010.0,10010.0,10010.0,1.0,10010.0,1,0.5,0.5,5005.0,5005.0,1.0,2026-06-15T00:21:37.000000Z,2026-06-15T00:21:37.000000Z,1297,1297
2026-06-15T00:21:38.000000Z,BTCUSDT,futures,10010.5,10010.5,10010.5,10010.5,1.0,10010.5,1,0.5,0.5,5005.25,5005.25,1.0,2026-06-15T00:21:38.000000Z,2026-06-15T00:21:38.000000Z,1298,1298
2026-06-15T00:21:39.000000Z,BTCUSDT,futures,10009.5,10009.5,10009.5,10009.5,1.0,10009.5,1,0.5,0.5,5004.75,5004.75,1.0,2026-06-15T00:21:39.000000Z,2026-06-15T00:21:39.000000Z,1299,1299
2026-06-15T00:21:40.000000Z,BTCUSDT,futures,10010.0,10010.0,10010.0,10010.0,1.0,10010.0,1,0.5,0.5,5005.0,5005.0,1.0,2026-06-15T00:21:40.000000Z,2026-06-15T00:21:40.000000Z,1300,1300
2026-06-15T00:21:41.000000Z,BTCUSDT,futures,10010.5,10010.5,10010.5,10010.5,1.0,10010.5,1,0.5,0.5,5005.25,5005.25,1.0,2026-06-15T00:21:41.000000Z,2026-06-15T00:21:41.000000Z,1301,1301
2026-06-15T00:21:42.000000Z,BTCUSDT,futures,10009.5,10009.5,10009.5,10009.5,1.0,10009.5,1,0.5,0.5,5004.75,5004.75,1.0,2026-06-15T00:21:42.000000Z,2026-06-15T00:21:42.000000Z,1302,1302
2026-06-15T00:21:43.000000Z,BTCUSDT,futures,10010.0,10010.0,10010.0,10010.0,1.0,10010.0,1,0.5,0.5,5005.0,5005.0,1.0,2026-06-15T00:21:43.000000Z,2026-06-15T00:21:43.000000Z,1303,1303
2026-06-15T00:21:44.000000Z,BTCUSDT,futures,10010.5,10010.5,10010.5,10010.5,1.0,10010.5,1,0.5,0.5,5005.25,5005.25,1.0,2026-06-15T00:21:44.000000Z,2026-06-15T00:21:44.000000Z,1304,1304
2026-06-15T00:21:45.000000Z,BTCUSDT,futures,10009.5,10009.5,10009.5,10009.5,1.0,10009.5,1,0.5,0.5,5004.75,5004.75,1.0,2026-06-15T00:21:45.000000Z,2026-06-15T00:21:45.000000Z,1305,1305
2026-06-15T00:21:46.000000Z,BTCUSDT,futures,10010.0,10010.0,10010.0,10010.0,1.0,10010.0,1,0.5,0.5,5005.0,5005.0,1.0,2026-06-15T00:21:46.000000Z,2026-06-15T00:21:46.000000Z,1306,1306
2026-06-15T00:21:47.000000Z,BTCUSDT,futures,10010.5,10010.5,10010.5,10010.5,1.0,10010.5,1,0.5,0.5,5005.25,5005.25,1.0,2026-06-15T00:21:47.000000Z,2026-06-15T00:21:47.000000Z,1307,1307
2026-06-15T00:21:48.000000Z,BTCUSDT,futures,10009.5,10009.5,10009.5,10009.5,1.0,10009.5,1,0.5,0.5,5004.75,5004.75,1.0,2026-06-15T00:21:48.000000Z,2026-06-15T00:21:48.000000Z,1308,1308
2026-06-15T00:21:49.000000Z,BTCUSDT,futures,10010.0,10010.0,10010.0,10010.0,1.0,10010.0,1,0.5,0.5,5005.0,5005.0,1.0,2026-06-15T00:21:49.000000Z,2026-06-15T00:21:49.000000Z,1309,1309
2026-06-15T00:21:50.000000Z,BTCUSDT,futures,10010.5,10010.5,10010.5,10010.5,1.0,10010.5,1,0.5,0.5,5005.25,5005.25,1.0,2026-06-15T00:21:50.000000Z,2026-06-15T00:21:50.000000Z,1310,1310
2026-06-15T00:21:51.000000Z,BTCUSDT,futures,10009.5,10009.5,10009.5,10009.5,1.0,10009.5,1,0.5,0.5,5004.75,5004.75,1.0,2026-06-15T00:21:51.000000Z,2026-06-15T00:21:51.000000Z,1311,1311
2026-06-15T00:21:52.000000Z,BTCUSDT,futures,10010.0,10010.0,10010.0,10010.0,1.0,10010.0,1,0.5,0.5,5005.0,5005.0,1.0,2026-06-15T00:21:52.000000Z,2026-06-15T00:21:52.000000Z,1312,1312
2026-06-15T00:21:53.000000Z,BTCUSDT,futures,10010.5,10010.5,10010.5,10010.5,1.0,10010.5,1,0.5,0.5,5005.25,5005.25,1.0,2026-06-15T00:21:53.000000Z,2026-06-15T00:21:53.000000Z,1313,1313
2026-06-15T00:21:54.000000Z,BTCUSDT,futures,10009.5,10009.5,10009.5,10009.5,1.0,10009.5,1,0.5,0.5,5004.75,5004.75,1.0,2026-06-15T00:21:54.000000Z,2026-06-15T00:21:54.000000Z,1314,1314
2026-06-15T00:21:55.000000Z,BTCUSDT,futures,10010.0,10010.0,10010.0,10010.0,1.0,10010.0,1,0.5,0.5,5005.0,5005.0,1.0,2026-06-15T00:21:55.000000Z,2026-06-15T00:21:55.000000Z,1315,1315
2026-06-15T00:21:56.000000Z,BTCUSDT,futures,10010.5,10010.5,10010.5,10010.5,1.0,10010.5,1,0.5,0.5,5005.25,5005.25,1.0,2026-06-15T00:21:56.000000Z,2026-06-15T00:21:56.000000Z,1316,1316
2026-06-15T00:21:57.000000Z,BTCUSDT,futures,10009.5,10009.5,10009.5,10009.5,1.0,10009.5,1,0.5,0.5,5004.75,5004.75,1.0,2026-06-15T00:21:57.000000Z,2026-06-15T00:21:57.000000Z,1317,1317
2026-06-15T00:21:58.000000Z,BTCUSDT,futures,10010.0,10010.0,10010.0,10010.0,1.0,10010.0,1,0.5,0.5,5005.0,5005.0,1.0,2026-06-15T00:21:58.000000Z,2026-06-15T00:21:58.000000Z,1318,1318
2026-06-15T00:21:59.000000Z,BTCUSDT,futures,10010.5,10010.5,10010.5,10010.5,1.0,10010.5,1,0.5,0.5,5005.25,5005.25,1.0,2026-06-15T00:21:59.000000Z,2026-06-15T00:21:59.000000Z,1319,1319
2026-06-15T00:22:00.000000Z,BTCUSDT,futures,10009.5,10009.5,10009.5,10009.5,1.0,10009.5,1,0.5,0.5,5004.75,5004.75,1.0,2026-06-15T00:22:00.000000Z,2026-06-15T00:22:00.000000Z,1320,1320
2026-06-15T00:22:01.000000Z,BTCUSDT,futures,10010.0,10010.0,10010.0,10010.0,1.0,10010.0,1,0.5,0.5,5005.0,5005.0,1.0,2026-06-15T00:22:01.000000Z,2026-06-15T00:22:01.000000Z,1321,1321
2026-06-15T00:22:02.000000Z,BTCUSDT,futures,10010.5,10010.5,10010.5,10010.5,1.0,10010.5,1,0.5,0.5,5005.25,5005.25,1.0,2026-06-15T00:22:02.000000Z,2026-06-15T00:22:02.000000Z,1322,1322
2026-06-15T00:22:03.000000Z,BTCUSDT,futures,10009.5,10009.5,10009.5,10009.5,1.0,10009.5,1,0.5,0.5,5004.75,5004.75,1.0,2026-06-15T00:22:03.000000Z,2026-06-15T00:22:03.000000Z,1323,1323
2026-06-15T00:22:04.000000Z,BTCUSDT,futures,10010.0,10010.0,10010.0,10010.0,1.0,10010.0,1,0.5,0.5,5005.0,5005.0,1.0,2026-06-15T00:22:04.000000Z,2026-06-15T00:22:04.000000Z,1324,1324
2026-06-15T00:22:05.000000Z,BTCUSDT,futures,10010.5,10010.5,10010.5,10010.5,1.0,10010.5,1,0.5,0.5,5005.25,5005.25,1.0,2026-06-15T00:22:05.000000Z,2026-06-15T00:22:05.000000Z,1325,1325
2026-06-15T00:22:06.000000Z,BTCUSDT,futures,10009.5,10009.5,10009.5,10009.5,1.0,10009.5,1,0.5,0.5,5004.75,5004.75,1.0,2026-06-15T00:22:06.000000Z,2026-06-15T00:22:06.000000Z,1326,1326
2026-06-15T00:22:07.000000Z,BTCUSDT,futures,10010.0,10010.0,10010.0,10010.0,1.0,10010.0,1,0.5,0.5,5005.0,5005.0,1.0,2026-06-15T00:22:07.000000Z,2026-06-15T00:22:07.000000Z,1327,1327
2026-06-15T00:22:08.000000Z,BTCUSDT,futures,10010.5,10010.5,10010.5,10010.5,1.0,10010.5,1,0.5,0.5,5005.25,5005.25,1.0,2026-06-15T00:22:08.000000Z,2026-06-15T00:22:08.000000Z,1328,1328
2026-06-15T00:22:09.000000Z,BTCUSDT,futures,10009.5,10009.5,10009.5,10009.5,1.0,10009.5,1,0.5,0.5,5004.75,5004.75,1.0,2026-06-15T00:22:09.000000Z,2026-06-15T00:22:09.000000Z,1329,1329
2026-06-15T00:22:10.000000Z,BTCUSDT,futures,10010.0,10010.0,10010.0,10010.0,1.0,10010.0,1,0.5,0.5,5005.0,5005.0,1.0,2026-06-15T00:22:10.000000Z,2026-06-15T00:22:10.000000Z,1330,1330
2026-06-15T00:22:11.000000Z,BTCUSDT,futures,10010.5,10010.5,10010.5,10010.5,1.0,10010.5,1,0.5,0.5,5005.25,5005.25,1.0,2026-06-15T00:22:11.000000Z,2026-06-15T00:22:11.000000Z,1331,1331
2026-06-15T00:22:12.000000Z,BTCUSDT,futures,10009.5,10009.5,10009.5,10009.5,1.0,10009.5,1,0.5,0.5,5004.75,5004.75,1.0,2026-06-15T00:22:12.000000Z,2026-06-15T00:22:12.000000Z,1332,1332
2026-06-15T00:22:13.000000Z,BTCUSDT,futures,10010.0,10010.0,10010.0,10010.0,1.0,10010.0,1,0.5,0.5,5005.0,5005.0,1.0,2026-06-15T00:22:13.000000Z,2026-06-15T00:22:13.000000Z,1333,1333
2026-06-15T00:22:14.000000Z,BTCUSDT,futures,10010.5,10010.5,10010.5,10010.5,1.0,10010.5,1,0.5,0.5,5005.25,5005.25,1.0,2026-06-15T00:22:14.000000Z,2026-06-15T00:22:14.000000Z,1334,1334
2026-06-15T00:22:15.000000Z,BTCUSDT,futures,10009.5,10009.5,10009.5,10009.5,1.0,10009.5,1,0.5,0.5,5004.75,5004.75,1.0,2026-06-15T00:22:15.000000Z,2026-06-15T00:22:15.000000Z,1335,1335
2026-06-15T00:22:16.000000Z,BTCUSDT,futures,10010.0,10010.0,10010.0,10010.0,1.0,10010.0,1,0.5,0.5,5005.0,5005.0,1.0,2026-06-15T00:22:16.000000Z,2026-06-15T00:22:16.000000Z,1336,1336
2026-06-15T00:22:17.000000Z,BTCUSDT,futures,10010.5,10010.5,10010.5,10010.5,1.0,10010.5,1,0.5,0.5,5005.25,5005.25,1.0,2026-06-15T00:22:17.000000Z,2026-06-15T00:22:17.000000Z,1337,1337
2026-06-15T00:22:18.000000Z,BTCUSDT,futures,10009.5,10009.5,10009.5,10009.5,1.0,10009.5,1,0.5,0.5,5004.75,5004.75,1.0,2026-06-15T00:22:18.000000Z,2026-06-15T00:22:18.000000Z,1338,1338
2026-06-15T00:22:19.000000Z,BTCUSDT,futures,10010.0,10010.0,10010.0,10010.0,1.0,10010.0,1,0.5,0.5,5005.0,5005.0,1.0,2026-06-15T00:22:19.000000Z,2026-06-15T00:22:19.000000Z,1339,1339
2026-06-15T00:22:20.000000Z,BTCUSDT,futures,10010.5,10010.5,10010.5,10010.5,1.0,10010.5,1,0.5,0.5,5005.25,5005.25,1.0,2026-06-15T00:22:20.000000Z,2026-06-15T00:22:20.000000Z,1340,1340
2026-06-15T00:22:21.000000Z,BTCUSDT,futures,10009.5,10009.5,10009.5,10009.5,1.0,10009.5,1,0.5,0.5,5004.75,5004.75,1.0,2026-06-15T00:22:21.000000Z,2026-06-15T00:22:21.000000Z,1341,1341
2026-06-15T00:22:22.000000Z,BTCUSDT,futures,10010.0,10010.0,10010.0,10010.0,1.0,10010.0,1,0.5,0.5,5005.0,5005.0,1.0,2026-06-15T00:22:22.000000Z,2026-06-15T00:22:22.000000Z,1342,1342
2026-06-15T00:22:23.000000Z,BTCUSDT,futures,10010.5,10010.5,10010.5,10010.5,1.0,10010.5,1,0.5,0.5,5005.25,5005.25,1.0,2026-06-15T00:22:23.000000Z,2026-06-15T00:22:23.000000Z,1343,1343
2026-06-15T00:22:24.000000Z,BTCUSDT,futures,10009.5,10009.5,10009.5,10009.5,1.0,10009.5,1,0.5,0.5,5004.75,5004.75,1.0,2026-06-15T00:22:24.000000Z,2026-06-15T00:22:24.000000Z,1344,1344
2026-06-15T00:22:25.000000Z,BTCUSDT,futures,10010.0,10010.0,10010.0,10010.0,1.0,10010.0,1,0.5,0.5,5005.0,5005.0,1.0,2026-06-15T00:22:25.000000Z,2026-06-15T00:22:25.000000Z,1345,1345
2026-06-15T00:22:26.000000Z,BTCUSDT,futures,10010.5,10010.5,10010.5,10010.5,1.0,10010.5,1,0.5,0.5,5005.25,5005.25,1.0,2026-06-15T00:22:26.000000Z,2026-06-15T00:22:26.000000Z,1346,1346
2026-06-15T00:22:27.000000Z,BTCUSDT,futures,10009.5,10009.5,10009.5,10009.5,1.0,10009.5,1,0.5,0.5,5004.75,5004.75,1.0,2026-06-15T00:22:27.000000Z,2026-06-15T00:22:27.000000Z,1347,1347
2026-06-15T00:22:28.000000Z,BTCUSDT,futures,10010.0,10010.0,10010.0,10010.0,1.0,10010.0,1,0.5,0.5,5005.0,5005.0,1.0,2026-06-15T00:22:28.000000Z,2026-06-15T00:22:28.000000Z,1348,1348
2026-06-15T00:22:29.000000Z,BTCUSDT,futures,10010.5,10010.5,10010.5,10010.5,1.0,10010.5,1,0.5,0.5,5005.25,5005.25,1.0,2026-06-15T00:22:29.000000Z,2026-06-15T00:22:29.000000Z,1349,1349
2026-06-15T00:22:30.000000Z,BTCUSDT,futures,10009.5,10009.5,10009.5,10009.5,1.0,10009.5,1,0.5,0.5,5004.75,5004.75,1.0,2026-06-15T00:22:30.000000Z,2026-06-15T00:22:30.000000Z,1350,1350
2026-06-15T00:22:31.000000Z,BTCUSDT,futures,10010.0,10010.0,10010.0,10010.0,1.0,10010.0,1,0.5,0.5,5005.0,5005.0,1.0,2026-06-15T00:22:31.000000Z,2026-06-15T00:22:31.000000Z,1351,1351
2026-06-15T00:22:32.000000Z,BTCUSDT,futures,10010.5,10010.5,10010.5,10010.5,1.0,10010.5,1,0.5,0.5,5005.25,5005.25,1.0,2026-06-15T00:22:32.000000Z,2026-06-15T00:22:32.000000Z,1352,1352
2026-06-15T00:22:33.000000Z,BTCUSDT,futures,10009.5,10009.5,10009.5,10009.5,1.0,10009.5,1,0.5,0.5,5004.75,5004.75,1.0,2026-06-15T00:22:33.000000Z,2026-06-15T00:22:33.000000Z,1353,1353
2026-06-15T00:22:34.000000Z,BTCUSDT,futures,10010.0,10010.0,10010.0,10010.0,1.0,10010.0,1,0.5,0.5,5005.0,5005.0,1.0,2026-06-15T00:22:34.000000Z,2026-06-15T00:22:34.000000Z,1354,1354
2026-06-15T00:22:35.000000Z,BTCUSDT,futures,10010.5,10010.5,10010.5,10010.5,1.0,10010.5,1,0.5,0.5,5005.25,5005.25,1.0,2026-06-15T00:22:35.000000Z,2026-06-15T00:22:35.000000Z,1355,1355
2026-06-15T00:22:36.000000Z,BTCUSDT,futures,10009.5,10009.5,10009.5,10009.5,1.0,10009.5,1,0.5,0.5,5004.75,5004.75,1.0,2026-06-15T00:22:36.000000Z,2026-06-15T00:22:36.000000Z,1356,1356
2026-06-15T00:22:37.000000Z,BTCUSDT,futures,10010.0,10010.0,10010.0,10010.0,1.0,10010.0,1,0.5,0.5,5005.0,5005.0,1.0,2026-06-15T00:22:37.000000Z,2026-06-15T00:22:37.000000Z,1357,1357
2026-06-15T00:22:38.000000Z,BTCUSDT,futures,10010.5,10010.5,10010.5,10010.5,1.0,10010.5,1,0.5,0.5,5005.25,5005.25,1.0,2026-06-15T00:22:38.000000Z,2026-06-15T00:22:38.000000Z,1358,1358
2026-06-15T00:22:39.000000Z,BTCUSDT,futures,10009.5,10009.5,10009.5,10009.5,1.0,10009.5,1,0.5,0.5,5004.75,5004.75,1.0,2026-06-15T00:22:39.000000Z,2026-06-15T00:22:39.000000Z,1359,1359
2026-06-15T00:22:40.000000Z,BTCUSDT,futures,10010.0,10010.0,10010.0,10010.0,1.0,10010.0,1,0.5,0.5,5005.0,5005.0,1.0,2026-06-15T00:22:40.000000Z,2026-06-15T00:22:40.000000Z,1360,1360
2026-06-15T00:22:41.000000Z,BTCUSDT,futures,10010.5,10010.5,10010.5,10010.5,1.0,10010.5,1,0.5,0.5,5005.25,5005.25,1.0,2026-06-15T00:22:41.000000Z,2026-06-15T00:22:41.000000Z,1361,1361
2026-06-15T00:22:42.000000Z,BTCUSDT,futures,10009.5,10009.5,10009.5,10009.5,1.0,10009.5,1,0.5,0.5,5004.75,5004.75,1.0,2026-06-15T00:22:42.000000Z,2026-06-15T00:22:42.000000Z,1362,1362
2026-06-15T00:22:43.000000Z,BTCUSDT,futures,10010.0,10010.0,10010.0,10010.0,1.0,10010.0,1,0.5,0.5,5005.0,5005.0,1.0,2026-06-15T00:22:43.000000Z,2026-06-15T00:22:43.000000Z,1363,1363
2026-06-15T00:22:44.000000Z,BTCUSDT,futures,10010.5,10010.5,10010.5,10010.5,1.0,10010.5,1,0.5,0.5,5005.25,5005.25,1.0,2026-06-15T00:22:44.000000Z,2026-06-15T00:22:44.000000Z,1364,1364
2026-06-15T00:22:45.000000Z,BTCUSDT,futures,10009.5,10009.5,10009.5,10009.5,1.0,10009.5,1,0.5,0.5,5004.75,5004.75,1.0,2026-06-15T00:22:45.000000Z,2026-06-15T00:22:45.000000Z,1365,1365
2026-06-15T00:22:46.000000Z,BTCUSDT,futures,10010.0,10010.0,10010.0,10010.0,1.0,10010.0,1,0.5,0.5,5005.0,5005.0,1.0,2026-06-15T00:22:46.000000Z,2026-06-15T00:22:46.000000Z,1366,1366
2026-06-15T00:22:47.000000Z,BTCUSDT,futures,10010.5,10010.5,10010.5,10010.5,1.0,10010.5,1,0.5,0.5,5005.25,5005.25,1.0,2026-06-15T00:22:47.000000Z,2026-06-15T00:22:47.000000Z,1367,1367
2026-06-15T00:22:48.000000Z,BTCUSDT,futures,10009.5,10009.5,10009.5,10009.5,1.0,10009.5,1,0.5,0.5,5004.75,5004.75,1.0,2026-06-15T00:22:48.000000Z,2026-06-15T00:22:48.000000Z,1368,1368
2026-06-15T00:22:49.000000Z,BTCUSDT,futures,10010.0,10010.0,10010.0,10010.0,1.0,10010.0,1,0.5,0.5,5005.0,5005.0,1.0,2026-06-15T00:22:49.000000Z,2026-06-15T00:22:49.000000Z,1369,1369
2026-06-15T00:22:50.000000Z,BTCUSDT,futures,10010.5,10010.5,10010.5,10010.5,1.0,10010.5,1,0.5,0.5,5005.25,5005.25,1.0,2026-06-15T00:22:50.000000Z,2026-06-15T00:22:50.000000Z,1370,1370
2026-06-15T00:22:51.000000Z,BTCUSDT,futures,10009.5,10009.5,10009.5,10009.5,1.0,10009.5,1,0.5,0.5,5004.75,5004.75,1.0,2026-06-15T00:22:51.000000Z,2026-06-15T00:22:51.000000Z,1371,1371
2026-06-15T00:22:52.000000Z,BTCUSDT,futures,10010.0,10010.0,10010.0,10010.0,1.0,10010.0,1,0.5,0.5,5005.0,5005.0,1.0,2026-06-15T00:22:52.000000Z,2026-06-15T00:22:52.000000Z,1372,1372
2026-06-15T00:22:53.000000Z,BTCUSDT,futures,10010.5,10010.5,10010.5,10010.5,1.0,10010.5,1,0.5,0.5,5005.25,5005.25,1.0,2026-06-15T00:22:53.000000Z,2026-06-15T00:22:53.000000Z,1373,1373
2026-06-15T00:22:54.000000Z,BTCUSDT,futures,10009.5,10009.5,10009.5,10009.5,1.0,10009.5,1,0.5,0.5,5004.75,5004.75,1.0,2026-06-15T00:22:54.000000Z,2026-06-15T00:22:54.000000Z,1374,1374
2026-06-15T00:22:55.000000Z,BTCUSDT,futures,10010.0,10010.0,10010.0,10010.0,1.0,10010.0,1,0.5,0.5,5005.0,5005.0,1.0,2026-06-15T00:22:55.000000Z,2026-06-15T00:22:55.000000Z,1375,1375
2026-06-15T00:22:56.000000Z,BTCUSDT,futures,10010.5,10010.5,10010.5,10010.5,1.0,10010.5,1,0.5,0.5,5005.25,5005.25,1.0,2026-06-15T00:22:56.000000Z,2026-06-15T00:22:56.000000Z,1376,1376
2026-06-15T00:22:57.000000Z,BTCUSDT,futures,10009.5,10009.5,10009.5,10009.5,1.0,10009.5,1,0.5,0.5,5004.75,5004.75,1.0,2026-06-15T00:22:57.000000Z,2026-06-15T00:22:57.000000Z,1377,1377
2026-06-15T00:22:58.000000Z,BTCUSDT,futures,10010.0,10010.0,10010.0,10010.0,1.0,10010.0,1,0.5,0.5,5005.0,5005.0,1.0,2026-06-15T00:22:58.000000Z,2026-06-15T00:22:58.000000Z,1378,1378
2026-06-15T00:22:59.000000Z,BTCUSDT,futures,10010.5,10010.5,10010.5,10010.5,1.0,10010.5,1,0.5,0.5,5005.25,5005.25,1.0,2026-06-15T00:22:59.000000Z,2026-06-15T00:22:59.000000Z,1379,1379
2026-06-15T00:23:00.000000Z,BTCUSDT,futures,10009.5,10009.5,10009.5,10009.5,1.0,10009.5,1,0.5,0.5,5004.75,5004.75,1.0,2026-06-15T00:23:00.000000Z,2026-06-15T00:23:00.000000Z,1380,1380
2026-06-15T00:23:01.000000Z,BTCUSDT,futures,10010.0,10010.0,10010.0,10010.0,1.0,10010.0,1,0.5,0.5,5005.0,5005.0,1.0,2026-06-15T00:23:01.000000Z,2026-06-15T00:23:01.000000Z,1381,1381
2026-06-15T00:23:02.000000Z,BTCUSDT,futures,10010.5,10010.5,10010.5,10010.5,1.0,10010.5,1,0.5,0.5,5005.25,5005.25,1.0,2026-06-15T00:23:02.000000Z,2026-06-15T00:23:02.000000Z,1382,1382
2026-06-15T00:23:03.000000Z,BTCUSDT,futures,10009.5,10009.5,10009.5,10009.5,1.0,10009.5,1,0.5,0.5,5004.75,5004.75,1.0,2026-06-15T00:23:03.000000Z,2026-06-15T00:23:03.000000Z,1383,1383
2026-06-15T00:23:04.000000Z,BTCUSDT,futures,10010.0,10010.0,10010.0,10010.0,1.0,10010.0,1,0.5,0.5,5005.0,5005.0,1.0,2026-06-15T00:23:04.000000Z,2026-06-15T00:23:04.000000Z,1384,1384
2026-06-15T00:23:05.000000Z,BTCUSDT,futures,10010.5,10010.5,10010.5,10010.5,1.0,10010.5,1,0.5,0.5,5005.25,5005.25,1.0,2026-06-15T00:23:05.000000Z,2026-06-15T00:23:05.000000Z,1385,1385
2026-06-15T00:23:06.000000Z,BTCUSDT,futures,10009.5,10009.5,10009.5,10009.5,1.0,10009.5,1,0.5,0.5,5004.75,5004.75,1.0,2026-06-15T00:23:06.000000Z,2026-06-15T00:23:06.000000Z,1386,1386
2026-06-15T00:23:07.000000Z,BTCUSDT,futures,10010.0,10010.0,10010.0,10010.0,1.0,10010.0,1,0.5,0.5,5005.0,5005.0,1.0,2026-06-15T00:23:07.000000Z,2026-06-15T00:23:07.000000Z,1387,1387
2026-06-15T00:23:08.000000Z,BTCUSDT,futures,10010.5,10010.5,10010.5,10010.5,1.0,10010.5,1,0.5,0.5,5005.25,5005.25,1.0,2026-06-15T00:23:08.000000Z,2026-06-15T00:23:08.000000Z,1388,1388
2026-06-15T00:23:09.000000Z,BTCUSDT,futures,10009.5,10009.5,10009.5,10009.5,1.0,10009.5,1,0.5,0.5,5004.75,5004.75,1.0,2026-06-15T00:23:09.000000Z,2026-06-15T00:23:09.000000Z,1389,1389
2026-06-15T00:23:10.000000Z,BTCUSDT,futures,10010.0,10010.0,10010.0,10010.0,1.0,10010.0,1,0.5,0.5,5005.0,5005.0,1.0,2026-06-15T00:23:10.000000Z,2026-06-15T00:23:10.000000Z,1390,1390
2026-06-15T00:23:11.000000Z,BTCUSDT,futures,10010.5,10010.5,10010.5,10010.5,1.0,10010.5,1,0.5,0.5,5005.25,5005.25,1.0,2026-06-15T00:23:11.000000Z,2026-06-15T00:23:11.000000Z,1391,1391
2026-06-15T00:23:12.000000Z,BTCUSDT,futures,10009.5,10009.5,10009.5,10009.5,1.0,10009.5,1,0.5,0.5,5004.75,5004.75,1.0,2026-06-15T00:23:12.000000Z,2026-06-15T00:23:12.000000Z,1392,1392
2026-06-15T00:23:13.000000Z,BTCUSDT,futures,10010.0,10010.0,10010.0,10010.0,1.0,10010.0,1,0.5,0.5,5005.0,5005.0,1.0,2026-06-15T00:23:13.000000Z,2026-06-15T00:23:13.000000Z,1393,1393
2026-06-15T00:23:14.000000Z,BTCUSDT,futures,10010.5,10010.5,10010.5,10010.5,1.0,10010.5,1,0.5,0.5,5005.25,5005.25,1.0,2026-06-15T00:23:14.000000Z,2026-06-15T00:23:14.000000Z,1394,1394
2026-06-15T00:23:15.000000Z,BTCUSDT,futures,10009.5,10009.5,10009.5,10009.5,1.0,10009.5,1,0.5,0.5,5004.75,5004.75,1.0,2026-06-15T00:23:15.000000Z,2026-06-15T00:23:15.000000Z,1395,1395
2026-06-15T00:23:16.000000Z,BTCUSDT,futures,10010.0,10010.0,10010.0,10010.0,1.0,10010.0,1,0.5,0.5,5005.0,5005.0,1.0,2026-06-15T00:23:16.000000Z,2026-06-15T00:23:16.000000Z,1396,1396
2026-06-15T00:23:17.000000Z,BTCUSDT,futures,10010.5,10010.5,10010.5,10010.5,1.0,10010.5,1,0.5,0.5,5005.25,5005.25,1.0,2026-06-15T00:23:17.000000Z,2026-06-15T00:23:17.000000Z,1397,1397
2026-06-15T00:23:18.000000Z,BTCUSDT,futures,10009.5,10009.5,10009.5,10009.5,1.0,10009.5,1,0.5,0.5,5004.75,5004.75,1.0,2026-06-15T00:23:18.000000Z,2026-06-15T00:23:18.000000Z,1398,1398
2026-06-15T00:23:19.000000Z,BTCUSDT,futures,10010.0,10010.0,10010.0,10010.0,1.0,10010.0,1,0.5,0.5,5005.0,5005.0,1.0,2026-06-15T00:23:19.000000Z,2026-06-15T00:23:19.000000Z,1399,1399
2026-06-15T00:23:20.000000Z,BTCUSDT,futures,10010.5,10010.5,10010.5,10010.5,1.0,10010.5,1,0.5,0.5,5005.25,5005.25,1.0,2026-06-15T00:23:20.000000Z,2026-06-15T00:23:20.000000Z,1400,1400
2026-06-15T00:23:21.000000Z,BTCUSDT,futures,10009.5,10009.5,10009.5,10009.5,1.0,10009.5,1,0.5,0.5,5004.75,5004.75,1.0,2026-06-15T00:23:21.000000Z,2026-06-15T00:23:21.000000Z,1401,1401
2026-06-15T00:23:22.000000Z,BTCUSDT,futures,10010.0,10010.0,10010.0,10010.0,1.0,10010.0,1,0.5,0.5,5005.0,5005.0,1.0,2026-06-15T00:23:22.000000Z,2026-06-15T00:23:22.000000Z,1402,1402
2026-06-15T00:23:23.000000Z,BTCUSDT,futures,10010.5,10010.5,10010.5,10010.5,1.0,10010.5,1,0.5,0.5,5005.25,5005.25,1.0,2026-06-15T00:23:23.000000Z,2026-06-15T00:23:23.000000Z,1403,1403
2026-06-15T00:23:24.000000Z,BTCUSDT,futures,10009.5,10009.5,10009.5,10009.5,1.0,10009.5,1,0.5,0.5,5004.75,5004.75,1.0,2026-06-15T00:23:24.000000Z,2026-06-15T00:23:24.000000Z,1404,1404
2026-06-15T00:23:25.000000Z,BTCUSDT,futures,10010.0,10010.0,10010.0,10010.0,1.0,10010.0,1,0.5,0.5,5005.0,5005.0,1.0,2026-06-15T00:23:25.000000Z,2026-06-15T00:23:25.000000Z,1405,1405
2026-06-15T00:23:26.000000Z,BTCUSDT,futures,10010.5,10010.5,10010.5,10010.5,1.0,10010.5,1,0.5,0.5,5005.25,5005.25,1.0,2026-06-15T00:23:26.000000Z,2026-06-15T00:23:26.000000Z,1406,1406
2026-06-15T00:23:27.000000Z,BTCUSDT,futures,10009.5,10009.5,10009.5,10009.5,1.0,10009.5,1,0.5,0.5,5004.75,5004.75,1.0,2026-06-15T00:23:27.000000Z,2026-06-15T00:23:27.000000Z,1407,1407
2026-06-15T00:23:28.000000Z,BTCUSDT,futures,10010.0,10010.0,10010.0,10010.0,1.0,10010.0,1,0.5,0.5,5005.0,5005.0,1.0,2026-06-15T00:23:28.000000Z,2026-06-15T00:23:28.000000Z,1408,1408
2026-06-15T00:23:29.000000Z,BTCUSDT,futures,10010.5,10010.5,10010.5,10010.5,1.0,10010.5,1,0.5,0.5,5005.25,5005.25,1.0,2026-06-15T00:23:29.000000Z,2026-06-15T00:23:29.000000Z,1409,1409
2026-06-15T00:23:30.000000Z,BTCUSDT,futures,10009.5,10009.5,10009.5,10009.5,1.0,10009.5,1,0.5,0.5,5004.75,5004.75,1.0,2026-06-15T00:23:30.000000Z,2026-06-15T00:23:30.000000Z,1410,1410
2026-06-15T00:23:31.000000Z,BTCUSDT,futures,10010.0,10010.0,10010.0,10010.0,1.0,10010.0,1,0.5,0.5,5005.0,5005.0,1.0,2026-06-15T00:23:31.000000Z,2026-06-15T00:23:31.000000Z,1411,1411
2026-06-15T00:23:32.000000Z,BTCUSDT,futures,10010.5,10010.5,10010.5,10010.5,1.0,10010.5,1,0.5,0.5,5005.25,5005.25,1.0,2026-06-15T00:23:32.000000Z,2026-06-15T00:23:32.000000Z,1412,1412
2026-06-15T00:23:33.000000Z,BTCUSDT,futures,10009.5,10009.5,10009.5,10009.5,1.0,10009.5,1,0.5,0.5,5004.75,5004.75,1.0,2026-06-15T00:23:33.000000Z,2026-06-15T00:23:33.000000Z,1413,1413
2026-06-15T00:23:34.000000Z,BTCUSDT,futures,10010.0,10010.0,10010.0,10010.0,1.0,10010.0,1,0.5,0.5,5005.0,5005.0,1.0,2026-06-15T00:23:34.000000Z,2026-06-15T00:23:34.000000Z,1414,1414
2026-06-15T00:23:35.000000Z,BTCUSDT,futures,10010.5,10010.5,10010.5,10010.5,1.0,10010.5,1,0.5,0.5,5005.25,5005.25,1.0,2026-06-15T00:23:35.000000Z,2026-06-15T00:23:35.000000Z,1415,1415
2026-06-15T00:23:36.000000Z,BTCUSDT,futures,10009.5,10009.5,10009.5,10009.5,1.0,10009.5,1,0.5,0.5,5004.75,5004.75,1.0,2026-06-15T00:23:36.000000Z,2026-06-15T00:23:36.000000Z,1416,1416
2026-06-15T00:23:37.000000Z,BTCUSDT,futures,10010.0,10010.0,10010.0,10010.0,1.0,10010.0,1,0.5,0.5,5005.0,5005.0,1.0,2026-06-15T00:23:37.000000Z,2026-06-15T00:23:37.000000Z,1417,1417
2026-06-15T00:23:38.000000Z,BTCUSDT,futures,10010.5,10010.5,10010.5,10010.5,1.0,10010.5,1,0.5,0.5,5005.25,5005.25,1.0,2026-06-15T00:23:38.000000Z,2026-06-15T00:23:38.000000Z,1418,1418
2026-06-15T00:23:39.000000Z,BTCUSDT,futures,10009.5,10009.5,10009.5,10009.5,1.0,10009.5,1,0.5,0.5,5004.75,5004.75,1.0,2026-06-15T00:23:39.000000Z,2026-06-15T00:23:39.000000Z,1419,1419
2026-06-15T00:23:40.000000Z,BTCUSDT,futures,10010.0,10010.0,10010.0,10010.0,1.0,10010.0,1,0.5,0.5,5005.0,5005.0,1.0,2026-06-15T00:23:40.000000Z,2026-06-15T00:23:40.000000Z,1420,1420
2026-06-15T00:23:41.000000Z,BTCUSDT,futures,10010.5,10010.5,10010.5,10010.5,1.0,10010.5,1,0.5,0.5,5005.25,5005.25,1.0,2026-06-15T00:23:41.000000Z,2026-06-15T00:23:41.000000Z,1421,1421
2026-06-15T00:23:42.000000Z,BTCUSDT,futures,10009.5,10009.5,10009.5,10009.5,1.0,10009.5,1,0.5,0.5,5004.75,5004.75,1.0,2026-06-15T00:23:42.000000Z,2026-06-15T00:23:42.000000Z,1422,1422
2026-06-15T00:23:43.000000Z,BTCUSDT,futures,10010.0,10010.0,10010.0,10010.0,1.0,10010.0,1,0.5,0.5,5005.0,5005.0,1.0,2026-06-15T00:23:43.000000Z,2026-06-15T00:23:43.000000Z,1423,1423
2026-06-15T00:23:44.000000Z,BTCUSDT,futures,10010.5,10010.5,10010.5,10010.5,1.0,10010.5,1,0.5,0.5,5005.25,5005.25,1.0,2026-06-15T00:23:44.000000Z,2026-06-15T00:23:44.000000Z,1424,1424
2026-06-15T00:23:45.000000Z,BTCUSDT,futures,10009.5,10009.5,10009.5,10009.5,1.0,10009.5,1,0.5,0.5,5004.75,5004.75,1.0,2026-06-15T00:23:45.000000Z,2026-06-15T00:23:45.000000Z,1425,1425
2026-06-15T00:23:46.000000Z,BTCUSDT,futures,10010.0,10010.0,10010.0,10010.0,1.0,10010.0,1,0.5,0.5,5005.0,5005.0,1.0,2026-06-15T00:23:46.000000Z,2026-06-15T00:23:46.000000Z,1426,1426
2026-06-15T00:23:47.000000Z,BTCUSDT,futures,10010.5,10010.5,10010.5,10010.5,1.0,10010.5,1,0.5,0.5,5005.25,5005.25,1.0,2026-06-15T00:23:47.000000Z,2026-06-15T00:23:47.000000Z,1427,1427
2026-06-15T00:23:48.000000Z,BTCUSDT,futures,10009.5,10009.5,10009.5,10009.5,1.0,10009.5,1,0.5,0.5,5004.75,5004.75,1.0,2026-06-15T00:23:48.000000Z,2026-06-15T00:23:48.000000Z,1428,1428
2026-06-15T00:23:49.000000Z,BTCUSDT,futures,10010.0,10010.0,10010.0,10010.0,1.0,10010.0,1,0.5,0.5,5005.0,5005.0,1.0,2026-06-15T00:23:49.000000Z,2026-06-15T00:23:49.000000Z,1429,1429
2026-06-15T00:23:50.000000Z,BTCUSDT,futures,10010.5,10010.5,10010.5,10010.5,1.0,10010.5,1,0.5,0.5,5005.25,5005.25,1.0,2026-06-15T00:23:50.000000Z,2026-06-15T00:23:50.000000Z,1430,1430
2026-06-15T00:23:51.000000Z,BTCUSDT,futures,10009.5,10009.5,10009.5,10009.5,1.0,10009.5,1,0.5,0.5,5004.75,5004.75,1.0,2026-06-15T00:23:51.000000Z,2026-06-15T00:23:51.000000Z,1431,1431
2026-06-15T00:23:52.000000Z,BTCUSDT,futures,10010.0,10010.0,10010.0,10010.0,1.0,10010.0,1,0.5,0.5,5005.0,5005.0,1.0,2026-06-15T00:23:52.000000Z,2026-06-15T00:23:52.000000Z,1432,1432
2026-06-15T00:23:53.000000Z,BTCUSDT,futures,10010.5,10010.5,10010.5,10010.5,1.0,10010.5,1,0.5,0.5,5005.25,5005.25,1.0,2026-06-15T00:23:53.000000Z,2026-06-15T00:23:53.000000Z,1433,1433
2026-06-15T00:23:54.000000Z,BTCUSDT,futures,10009.5,10009.5,10009.5,10009.5,1.0,10009.5,1,0.5,0.5,5004.75,5004.75,1.0,2026-06-15T00:23:54.000000Z,2026-06-15T00:23:54.000000Z,1434,1434
2026-06-15T00:23:55.000000Z,BTCUSDT,futures,10010.0,10010.0,10010.0,10010.0,1.0,10010.0,1,0.5,0.5,5005.0,5005.0,1.0,2026-06-15T00:23:55.000000Z,2026-06-15T00:23:55.000000Z,1435,1435
2026-06-15T00:23:56.000000Z,BTCUSDT,futures,10010.5,10010.5,10010.5,10010.5,1.0,10010.5,1,0.5,0.5,5005.25,5005.25,1.0,2026-06-15T00:23:56.000000Z,2026-06-15T00:23:56.000000Z,1436,1436
2026-06-15T00:23:57.000000Z,BTCUSDT,futures,10009.5,10009.5,10009.5,10009.5,1.0,10009.5,1,0.5,0.5,5004.75,5004.75,1.0,2026-06-15T00:23:57.000000Z,2026-06-15T00:23:57.000000Z,1437,1437
2026-06-15T00:23:58.000000Z,BTCUSDT,futures,10010.0,10010.0,10010.0,10010.0,1.0,10010.0,1,0.5,0.5,5005.0,5005.0,1.0,2026-06-15T00:23:58.000000Z,2026-06-15T00:23:58.000000Z,1438,1438
2026-06-15T00:23:59.000000Z,BTCUSDT,futures,10010.5,10010.5,10010.5,10010.5,1.0,10010.5,1,0.5,0.5,5005.25,5005.25,1.0,2026-06-15T00:23:59.000000Z,2026-06-15T00:23:59.000000Z,1439,1439
2026-06-15T00:24:00.000000Z,BTCUSDT,futures,10009.5,10009.5,10009.5,10009.5,1.0,10009.5,1,0.5,0.5,5004.75,5004.75,1.0,2026-06-15T00:24:00.000000Z,2026-06-15T00:24:00.000000Z,1440,1440
2026-06-15T00:24:01.000000Z,BTCUSDT,futures,10010.0,10010.0,10010.0,10010.0,1.0,10010.0,1,0.5,0.5,5005.0,5005.0,1.0,2026-06-15T00:24:01.000000Z,2026-06-15T00:24:01.000000Z,1441,1441
2026-06-15T00:24:02.000000Z,BTCUSDT,futures,10010.5,10010.5,10010.5,10010.5,1.0,10010.5,1,0.5,0.5,5005.25,5005.25,1.0,2026-06-15T00:24:02.000000Z,2026-06-15T00:24:02.000000Z,1442,1442
2026-06-15T00:24:03.000000Z,BTCUSDT,futures,10009.5,10009.5,10009.5,10009.5,1.0,10009.5,1,0.5,0.5,5004.75,5004.75,1.0,2026-06-15T00:24:03.000000Z,2026-06-15T00:24:03.000000Z,1443,1443
2026-06-15T00:24:04.000000Z,BTCUSDT,futures,10010.0,10010.0,10010.0,10010.0,1.0,10010.0,1,0.5,0.5,5005.0,5005.0,1.0,2026-06-15T00:24:04.000000Z,2026-06-15T00:24:04.000000Z,1444,1444
2026-06-15T00:24:05.000000Z,BTCUSDT,futures,10010.5,10010.5,10010.5,10010.5,1.0,10010.5,1,0.5,0.5,5005.25,5005.25,1.0,2026-06-15T00:24:05.000000Z,2026-06-15T00:24:05.000000Z,1445,1445
2026-06-15T00:24:06.000000Z,BTCUSDT,futures,10009.5,10009.5,10009.5,10009.5,1.0,10009.5,1,0.5,0.5,5004.75,5004.75,1.0,2026-06-15T00:24:06.000000Z,2026-06-15T00:24:06.000000Z,1446,1446
2026-06-15T00:24:07.000000Z,BTCUSDT,futures,10010.0,10010.0,10010.0,10010.0,1.0,10010.0,1,0.5,0.5,5005.0,5005.0,1.0,2026-06-15T00:24:07.000000Z,2026-06-15T00:24:07.000000Z,1447,1447
2026-06-15T00:24:08.000000Z,BTCUSDT,futures,10010.5,10010.5,10010.5,10010.5,1.0,10010.5,1,0.5,0.5,5005.25,5005.25,1.0,2026-06-15T00:24:08.000000Z,2026-06-15T00:24:08.000000Z,1448,1448
2026-06-15T00:24:09.000000Z,BTCUSDT,futures,10009.5,10009.5,10009.5,10009.5,1.0,10009.5,1,0.5,0.5,5004.75,5004.75,1.0,2026-06-15T00:24:09.000000Z,2026-06-15T00:24:09.000000Z,1449,1449
2026-06-15T00:24:10.000000Z,BTCUSDT,futures,10010.0,10010.0,10010.0,10010.0,1.0,10010.0,1,0.5,0.5,5005.0,5005.0,1.0,2026-06-15T00:24:10.000000Z,2026-06-15T00:24:10.000000Z,1450,1450
2026-06-15T00:24:11.000000Z,BTCUSDT,futures,10010.5,10010.5,10010.5,10010.5,1.0,10010.5,1,0.5,0.5,5005.25,5005.25,1.0,2026-06-15T00:24:11.000000Z,2026-06-15T00:24:11.000000Z,1451,1451
2026-06-15T00:24:12.000000Z,BTCUSDT,futures,10009.5,10009.5,10009.5,10009.5,1.0,10009.5,1,0.5,0.5,5004.75,5004.75,1.0,2026-06-15T00:24:12.000000Z,2026-06-15T00:24:12.000000Z,1452,1452
2026-06-15T00:24:13.000000Z,BTCUSDT,futures,10010.0,10010.0,10010.0,10010.0,1.0,10010.0,1,0.5,0.5,5005.0,5005.0,1.0,2026-06-15T00:24:13.000000Z,2026-06-15T00:24:13.000000Z,1453,1453
2026-06-15T00:24:14.000000Z,BTCUSDT,futures,10010.5,10010.5,10010.5,10010.5,1.0,10010.5,1,0.5,0.5,5005.25,5005.25,1.0,2026-06-15T00:24:14.000000Z,2026-06-15T00:24:14.000000Z,1454,1454
2026-06-15T00:24:15.000000Z,BTCUSDT,futures,10009.5,10009.5,10009.5,10009.5,1.0,10009.5,1,0.5,0.5,5004.75,5004.75,1.0,2026-06-15T00:24:15.000000Z,2026-06-15T00:24:15.000000Z,1455,1455
2026-06-15T00:24:16.000000Z,BTCUSDT,futures,10010.0,10010.0,10010.0,10010.0,1.0,10010.0,1,0.5,0.5,5005.0,5005.0,1.0,2026-06-15T00:24:16.000000Z,2026-06-15T00:24:16.000000Z,1456,1456
2026-06-15T00:24:17.000000Z,BTCUSDT,futures,10010.5,10010.5,10010.5,10010.5,1.0,10010.5,1,0.5,0.5,5005.25,5005.25,1.0,2026-06-15T00:24:17.000000Z,2026-06-15T00:24:17.000000Z,1457,1457
2026-06-15T00:24:18.000000Z,BTCUSDT,futures,10009.5,10009.5,10009.5,10009.5,1.0,10009.5,1,0.5,0.5,5004.75,5004.75,1.0,2026-06-15T00:24:18.000000Z,2026-06-15T00:24:18.000000Z,1458,1458
2026-06-15T00:24:19.000000Z,BTCUSDT,futures,10010.0,10010.0,10010.0,10010.0,1.0,10010.0,1,0.5,0.5,5005.0,5005.0,1.0,2026-06-15T00:24:19.000000Z,2026-06-15T00:24:19.000000Z,1459,1459
2026-06-15T00:24:20.000000Z,BTCUSDT,futures,10010.5,10010.5,10010.5,10010.5,1.0,10010.5,1,0.5,0.5,5005.25,5005.25,1.0,2026-06-15T00:24:20.000000Z,2026-06-15T00:24:20.000000Z,1460,1460
2026-06-15T00:24:21.000000Z,BTCUSDT,futures,10009.5,10009.5,10009.5,10009.5,1.0,10009.5,1,0.5,0.5,5004.75,5004.75,1.0,2026-06-15T00:24:21.000000Z,2026-06-15T00:24:21.000000Z,1461,1461
2026-06-15T00:24:22.000000Z,BTCUSDT,futures,10010.0,10010.0,10010.0,10010.0,1.0,10010.0,1,0.5,0.5,5005.0,5005.0,1.0,2026-06-15T00:24:22.000000Z,2026-06-15T00:24:22.000000Z,1462,1462
2026-06-15T00:24:23.000000Z,BTCUSDT,futures,10010.5,10010.5,10010.5,10010.5,1.0,10010.5,1,0.5,0.5,5005.25,5005.25,1.0,2026-06-15T00:24:23.000000Z,2026-06-15T00:24:23.000000Z,1463,1463
2026-06-15T00:24:24.000000Z,BTCUSDT,futures,10009.5,10009.5,10009.5,10009.5,1.0,10009.5,1,0.5,0.5,5004.75,5004.75,1.0,2026-06-15T00:24:24.000000Z,2026-06-15T00:24:24.000000Z,1464,1464
2026-06-15T00:24:25.000000Z,BTCUSDT,futures,10010.0,10010.0,10010.0,10010.0,1.0,10010.0,1,0.5,0.5,5005.0,5005.0,1.0,2026-06-15T00:24:25.000000Z,2026-06-15T00:24:25.000000Z,1465,1465
2026-06-15T00:24:26.000000Z,BTCUSDT,futures,10010.5,10010.5,10010.5,10010.5,1.0,10010.5,1,0.5,0.5,5005.25,5005.25,1.0,2026-06-15T00:24:26.000000Z,2026-06-15T00:24:26.000000Z,1466,1466
2026-06-15T00:24:27.000000Z,BTCUSDT,futures,10009.5,10009.5,10009.5,10009.5,1.0,10009.5,1,0.5,0.5,5004.75,5004.75,1.0,2026-06-15T00:24:27.000000Z,2026-06-15T00:24:27.000000Z,1467,1467
2026-06-15T00:24:28.000000Z,BTCUSDT,futures,10010.0,10010.0,10010.0,10010.0,1.0,10010.0,1,0.5,0.5,5005.0,5005.0,1.0,2026-06-15T00:24:28.000000Z,2026-06-15T00:24:28.000000Z,1468,1468
2026-06-15T00:24:29.000000Z,BTCUSDT,futures,10010.5,10010.5,10010.5,10010.5,1.0,10010.5,1,0.5,0.5,5005.25,5005.25,1.0,2026-06-15T00:24:29.000000Z,2026-06-15T00:24:29.000000Z,1469,1469
2026-06-15T00:24:30.000000Z,BTCUSDT,futures,10009.5,10009.5,10009.5,10009.5,1.0,10009.5,1,0.5,0.5,5004.75,5004.75,1.0,2026-06-15T00:24:30.000000Z,2026-06-15T00:24:30.000000Z,1470,1470
2026-06-15T00:24:31.000000Z,BTCUSDT,futures,10010.0,10010.0,10010.0,10010.0,1.0,10010.0,1,0.5,0.5,5005.0,5005.0,1.0,2026-06-15T00:24:31.000000Z,2026-06-15T00:24:31.000000Z,1471,1471
2026-06-15T00:24:32.000000Z,BTCUSDT,futures,10010.5,10010.5,10010.5,10010.5,1.0,10010.5,1,0.5,0.5,5005.25,5005.25,1.0,2026-06-15T00:24:32.000000Z,2026-06-15T00:24:32.000000Z,1472,1472
2026-06-15T00:24:33.000000Z,BTCUSDT,futures,10009.5,10009.5,10009.5,10009.5,1.0,10009.5,1,0.5,0.5,5004.75,5004.75,1.0,2026-06-15T00:24:33.000000Z,2026-06-15T00:24:33.000000Z,1473,1473
2026-06-15T00:24:34.000000Z,BTCUSDT,futures,10010.0,10010.0,10010.0,10010.0,1.0,10010.0,1,0.5,0.5,5005.0,5005.0,1.0,2026-06-15T00:24:34.000000Z,2026-06-15T00:24:34.000000Z,1474,1474
2026-06-15T00:24:35.000000Z,BTCUSDT,futures,10010.5,10010.5,10010.5,10010.5,1.0,10010.5,1,0.5,0.5,5005.25,5005.25,1.0,2026-06-15T00:24:35.000000Z,2026-06-15T00:24:35.000000Z,1475,1475
2026-06-15T00:24:36.000000Z,BTCUSDT,futures,10009.5,10009.5,10009.5,10009.5,1.0,10009.5,1,0.5,0.5,5004.75,5004.75,1.0,2026-06-15T00:24:36.000000Z,2026-06-15T00:24:36.000000Z,1476,1476
2026-06-15T00:24:37.000000Z,BTCUSDT,futures,10010.0,10010.0,10010.0,10010.0,1.0,10010.0,1,0.5,0.5,5005.0,5005.0,1.0,2026-06-15T00:24:37.000000Z,2026-06-15T00:24:37.000000Z,1477,1477
2026-06-15T00:24:38.000000Z,BTCUSDT,futures,10010.5,10010.5,10010.5,10010.5,1.0,10010.5,1,0.5,0.5,5005.25,5005.25,1.0,2026-06-15T00:24:38.000000Z,2026-06-15T00:24:38.000000Z,1478,1478
2026-06-15T00:24:39.000000Z,BTCUSDT,futures,10009.5,10009.5,10009.5,10009.5,1.0,10009.5,1,0.5,0.5,5004.75,5004.75,1.0,2026-06-15T00:24:39.000000Z,2026-06-15T00:24:39.000000Z,1479,1479
2026-06-15T00:24:40.000000Z,BTCUSDT,futures,10010.0,10010.0,10010.0,10010.0,1.0,10010.0,1,0.5,0.5,5005.0,5005.0,1.0,2026-06-15T00:24:40.000000Z,2026-06-15T00:24:40.000000Z,1480,1480
2026-06-15T00:24:41.000000Z,BTCUSDT,futures,10010.5,10010.5,10010.5,10010.5,1.0,10010.5,1,0.5,0.5,5005.25,5005.25,1.0,2026-06-15T00:24:41.000000Z,2026-06-15T00:24:41.000000Z,1481,1481
2026-06-15T00:24:42.000000Z,BTCUSDT,futures,10009.5,10009.5,10009.5,10009.5,1.0,10009.5,1,0.5,0.5,5004.75,5004.75,1.0,2026-06-15T00:24:42.000000Z,2026-06-15T00:24:42.000000Z,1482,1482
2026-06-15T00:24:43.000000Z,BTCUSDT,futures,10010.0,10010.0,10010.0,10010.0,1.0,10010.0,1,0.5,0.5,5005.0,5005.0,1.0,2026-06-15T00:24:43.000000Z,2026-06-15T00:24:43.000000Z,1483,1483
2026-06-15T00:24:44.000000Z,BTCUSDT,futures,10010.5,10010.5,10010.5,10010.5,1.0,10010.5,1,0.5,0.5,5005.25,5005.25,1.0,2026-06-15T00:24:44.000000Z,2026-06-15T00:24:44.000000Z,1484,1484
2026-06-15T00:24:45.000000Z,BTCUSDT,futures,10009.5,10009.5,10009.5,10009.5,1.0,10009.5,1,0.5,0.5,5004.75,5004.75,1.0,2026-06-15T00:24:45.000000Z,2026-06-15T00:24:45.000000Z,1485,1485
2026-06-15T00:24:46.000000Z,BTCUSDT,futures,10010.0,10010.0,10010.0,10010.0,1.0,10010.0,1,0.5,0.5,5005.0,5005.0,1.0,2026-06-15T00:24:46.000000Z,2026-06-15T00:24:46.000000Z,1486,1486
2026-06-15T00:24:47.000000Z,BTCUSDT,futures,10010.5,10010.5,10010.5,10010.5,1.0,10010.5,1,0.5,0.5,5005.25,5005.25,1.0,2026-06-15T00:24:47.000000Z,2026-06-15T00:24:47.000000Z,1487,1487
2026-06-15T00:24:48.000000Z,BTCUSDT,futures,10009.5,10009.5,10009.5,10009.5,1.0,10009.5,1,0.5,0.5,5004.75,5004.75,1.0,2026-06-15T00:24:48.000000Z,2026-06-15T00:24:48.000000Z,1488,1488
2026-06-15T00:24:49.000000Z,BTCUSDT,futures,10010.0,10010.0,10010.0,10010.0,1.0,10010.0,1,0.5,0.5,5005.0,5005.0,1.0,2026-06-15T00:24:49.000000Z,2026-06-15T00:24:49.000000Z,1489,1489
2026-06-15T00:24:50.000000Z,BTCUSDT,futures,10010.5,10010.5,10010.5,10010.5,1.0,10010.5,1,0.5,0.5,5005.25,5005.25,1.0,2026-06-15T00:24:50.000000Z,2026-06-15T00:24:50.000000Z,1490,1490
2026-06-15T00:24:51.000000Z,BTCUSDT,futures,10009.5,10009.5,10009.5,10009.5,1.0,10009.5,1,0.5,0.5,5004.75,5004.75,1.0,2026-06-15T00:24:51.000000Z,2026-06-15T00:24:51.000000Z,1491,1491
2026-06-15T00:24:52.000000Z,BTCUSDT,futures,10010.0,10010.0,10010.0,10010.0,1.0,10010.0,1,0.5,0.5,5005.0,5005.0,1.0,2026-06-15T00:24:52.000000Z,2026-06-15T00:24:52.000000Z,1492,1492
2026-06-15T00:24:53.000000Z,BTCUSDT,futures,10010.5,10010.5,10010.5,10010.5,1.0,10010.5,1,0.5,0.5,5005.25,5005.25,1.0,2026-06-15T00:24:53.000000Z,2026-06-15T00:24:53.000000Z,1493,1493
2026-06-15T00:24:54.000000Z,BTCUSDT,futures,10009.5,10009.5,10009.5,10009.5,1.0,10009.5,1,0.5,0.5,5004.75,5004.75,1.0,2026-06-15T00:24:54.000000Z,2026-06-15T00:24:54.000000Z,1494,1494
2026-06-15T00:24:55.000000Z,BTCUSDT,futures,10010.0,10010.0,10010.0,10010.0,1.0,10010.0,1,0.5,0.5,5005.0,5005.0,1.0,2026-06-15T00:24:55.000000Z,2026-06-15T00:24:55.000000Z,1495,1495
2026-06-15T00:24:56.000000Z,BTCUSDT,futures,10010.5,10010.5,10010.5,10010.5,1.0,10010.5,1,0.5,0.5,5005.25,5005.25,1.0,2026-06-15T00:24:56.000000Z,2026-06-15T00:24:56.000000Z,1496,1496
2026-06-15T00:24:57.000000Z,BTCUSDT,futures,10009.5,10009.5,10009.5,10009.5,1.0,10009.5,1,0.5,0.5,5004.75,5004.75,1.0,2026-06-15T00:24:57.000000Z,2026-06-15T00:24:57.000000Z,1497,1497
2026-06-15T00:24:58.000000Z,BTCUSDT,futures,10010.0,10010.0,10010.0,10010.0,1.0,10010.0,1,0.5,0.5,5005.0,5005.0,1.0,2026-06-15T00:24:58.000000Z,2026-06-15T00:24:58.000000Z,1498,1498
2026-06-15T00:24:59.000000Z,BTCUSDT,futures,10010.5,10010.5,10010.5,10010.5,1.0,10010.5,1,0.5,0.5,5005.25,5005.25,1.0,2026-06-15T00:24:59.000000Z,2026-06-15T00:24:59.000000Z,1499,1499
2026-06-15T00:25:00.000000Z,BTCUSDT,futures,10009.5,10009.5,10009.5,10009.5,1.0,10009.5,1,0.5,0.5,5004.75,5004.75,1.0,2026-06-15T00:25:00.000000Z,2026-06-15T00:25:00.000000Z,1500,1500
2026-06-15T00:25:01.000000Z,BTCUSDT,futures,10010.0,10010.0,10010.0,10010.0,1.0,10010.0,1,0.5,0.5,5005.0,5005.0,1.0,2026-06-15T00:25:01.000000Z,2026-06-15T00:25:01.000000Z,1501,1501
2026-06-15T00:25:02.000000Z,BTCUSDT,futures,10010.5,10010.5,10010.5,10010.5,1.0,10010.5,1,0.5,0.5,5005.25,5005.25,1.0,2026-06-15T00:25:02.000000Z,2026-06-15T00:25:02.000000Z,1502,1502
2026-06-15T00:25:03.000000Z,BTCUSDT,futures,10009.5,10009.5,10009.5,10009.5,1.0,10009.5,1,0.5,0.5,5004.75,5004.75,1.0,2026-06-15T00:25:03.000000Z,2026-06-15T00:25:03.000000Z,1503,1503
2026-06-15T00:25:04.000000Z,BTCUSDT,futures,10010.0,10010.0,10010.0,10010.0,1.0,10010.0,1,0.5,0.5,5005.0,5005.0,1.0,2026-06-15T00:25:04.000000Z,2026-06-15T00:25:04.000000Z,1504,1504
2026-06-15T00:25:05.000000Z,BTCUSDT,futures,10010.5,10010.5,10010.5,10010.5,1.0,10010.5,1,0.5,0.5,5005.25,5005.25,1.0,2026-06-15T00:25:05.000000Z,2026-06-15T00:25:05.000000Z,1505,1505
2026-06-15T00:25:06.000000Z,BTCUSDT,futures,10009.5,10009.5,10009.5,10009.5,1.0,10009.5,1,0.5,0.5,5004.75,5004.75,1.0,2026-06-15T00:25:06.000000Z,2026-06-15T00:25:06.000000Z,1506,1506
2026-06-15T00:25:07.000000Z,BTCUSDT,futures,10010.0,10010.0,10010.0,10010.0,1.0,10010.0,1,0.5,0.5,5005.0,5005.0,1.0,2026-06-15T00:25:07.000000Z,2026-06-15T00:25:07.000000Z,1507,1507
2026-06-15T00:25:08.000000Z,BTCUSDT,futures,10010.5,10010.5,10010.5,10010.5,1.0,10010.5,1,0.5,0.5,5005.25,5005.25,1.0,2026-06-15T00:25:08.000000Z,2026-06-15T00:25:08.000000Z,1508,1508
2026-06-15T00:25:09.000000Z,BTCUSDT,futures,10009.5,10009.5,10009.5,10009.5,1.0,10009.5,1,0.5,0.5,5004.75,5004.75,1.0,2026-06-15T00:25:09.000000Z,2026-06-15T00:25:09.000000Z,1509,1509
2026-06-15T00:25:10.000000Z,BTCUSDT,futures,10010.0,10010.0,10010.0,10010.0,1.0,10010.0,1,0.5,0.5,5005.0,5005.0,1.0,2026-06-15T00:25:10.000000Z,2026-06-15T00:25:10.000000Z,1510,1510
2026-06-15T00:25:11.000000Z,BTCUSDT,futures,10010.5,10010.5,10010.5,10010.5,1.0,10010.5,1,0.5,0.5,5005.25,5005.25,1.0,2026-06-15T00:25:11.000000Z,2026-06-15T00:25:11.000000Z,1511,1511
2026-06-15T00:25:12.000000Z,BTCUSDT,futures,10009.5,10009.5,10009.5,10009.5,1.0,10009.5,1,0.5,0.5,5004.75,5004.75,1.0,2026-06-15T00:25:12.000000Z,2026-06-15T00:25:12.000000Z,1512,1512
2026-06-15T00:25:13.000000Z,BTCUSDT,futures,10010.0,10010.0,10010.0,10010.0,1.0,10010.0,1,0.5,0.5,5005.0,5005.0,1.0,2026-06-15T00:25:13.000000Z,2026-06-15T00:25:13.000000Z,1513,1513
2026-06-15T00:25:14.000000Z,BTCUSDT,futures,10010.5,10010.5,10010.5,10010.5,1.0,10010.5,1,0.5,0.5,5005.25,5005.25,1.0,2026-06-15T00:25:14.000000Z,2026-06-15T00:25:14.000000Z,1514,1514
2026-06-15T00:25:15.000000Z,BTCUSDT,futures,10009.5,10009.5,10009.5,10009.5,1.0,10009.5,1,0.5,0.5,5004.75,5004.75,1.0,2026-06-15T00:25:15.000000Z,2026-06-15T00:25:15.000000Z,1515,1515
2026-06-15T00:25:16.000000Z,BTCUSDT,futures,10010.0,10010.0,10010.0,10010.0,1.0,10010.0,1,0.5,0.5,5005.0,5005.0,1.0,2026-06-15T00:25:16.000000Z,2026-06-15T00:25:16.000000Z,1516,1516
2026-06-15T00:25:17.000000Z,BTCUSDT,futures,10010.5,10010.5,10010.5,10010.5,1.0,10010.5,1,0.5,0.5,5005.25,5005.25,1.0,2026-06-15T00:25:17.000000Z,2026-06-15T00:25:17.000000Z,1517,1517
2026-06-15T00:25:18.000000Z,BTCUSDT,futures,10009.5,10009.5,10009.5,10009.5,1.0,10009.5,1,0.5,0.5,5004.75,5004.75,1.0,2026-06-15T00:25:18.000000Z,2026-06-15T00:25:18.000000Z,1518,1518
2026-06-15T00:25:19.000000Z,BTCUSDT,futures,10010.0,10010.0,10010.0,10010.0,1.0,10010.0,1,0.5,0.5,5005.0,5005.0,1.0,2026-06-15T00:25:19.000000Z,2026-06-15T00:25:19.000000Z,1519,1519
2026-06-15T00:25:20.000000Z,BTCUSDT,futures,10010.5,10010.5,10010.5,10010.5,1.0,10010.5,1,0.5,0.5,5005.25,5005.25,1.0,2026-06-15T00:25:20.000000Z,2026-06-15T00:25:20.000000Z,1520,1520
2026-06-15T00:25:21.000000Z,BTCUSDT,futures,10009.5,10009.5,10009.5,10009.5,1.0,10009.5,1,0.5,0.5,5004.75,5004.75,1.0,2026-06-15T00:25:21.000000Z,2026-06-15T00:25:21.000000Z,1521,1521
2026-06-15T00:25:22.000000Z,BTCUSDT,futures,10010.0,10010.0,10010.0,10010.0,1.0,10010.0,1,0.5,0.5,5005.0,5005.0,1.0,2026-06-15T00:25:22.000000Z,2026-06-15T00:25:22.000000Z,1522,1522
2026-06-15T00:25:23.000000Z,BTCUSDT,futures,10010.5,10010.5,10010.5,10010.5,1.0,10010.5,1,0.5,0.5,5005.25,5005.25,1.0,2026-06-15T00:25:23.000000Z,2026-06-15T00:25:23.000000Z,1523,1523
2026-06-15T00:25:24.000000Z,BTCUSDT,futures,10009.5,10009.5,10009.5,10009.5,1.0,10009.5,1,0.5,0.5,5004.75,5004.75,1.0,2026-06-15T00:25:24.000000Z,2026-06-15T00:25:24.000000Z,1524,1524
2026-06-15T00:25:25.000000Z,BTCUSDT,futures,10010.0,10010.0,10010.0,10010.0,1.0,10010.0,1,0.5,0.5,5005.0,5005.0,1.0,2026-06-15T00:25:25.000000Z,2026-06-15T00:25:25.000000Z,1525,1525
2026-06-15T00:25:26.000000Z,BTCUSDT,futures,10010.5,10010.5,10010.5,10010.5,1.0,10010.5,1,0.5,0.5,5005.25,5005.25,1.0,2026-06-15T00:25:26.000000Z,2026-06-15T00:25:26.000000Z,1526,1526
2026-06-15T00:25:27.000000Z,BTCUSDT,futures,10009.5,10009.5,10009.5,10009.5,1.0,10009.5,1,0.5,0.5,5004.75,5004.75,1.0,2026-06-15T00:25:27.000000Z,2026-06-15T00:25:27.000000Z,1527,1527
2026-06-15T00:25:28.000000Z,BTCUSDT,futures,10010.0,10010.0,10010.0,10010.0,1.0,10010.0,1,0.5,0.5,5005.0,5005.0,1.0,2026-06-15T00:25:28.000000Z,2026-06-15T00:25:28.000000Z,1528,1528
2026-06-15T00:25:29.000000Z,BTCUSDT,futures,10010.5,10010.5,10010.5,10010.5,1.0,10010.5,1,0.5,0.5,5005.25,5005.25,1.0,2026-06-15T00:25:29.000000Z,2026-06-15T00:25:29.000000Z,1529,1529
2026-06-15T00:25:30.000000Z,BTCUSDT,futures,10009.5,10009.5,10009.5,10009.5,1.0,10009.5,1,0.5,0.5,5004.75,5004.75,1.0,2026-06-15T00:25:30.000000Z,2026-06-15T00:25:30.000000Z,1530,1530
2026-06-15T00:25:31.000000Z,BTCUSDT,futures,10010.0,10010.0,10010.0,10010.0,1.0,10010.0,1,0.5,0.5,5005.0,5005.0,1.0,2026-06-15T00:25:31.000000Z,2026-06-15T00:25:31.000000Z,1531,1531
2026-06-15T00:25:32.000000Z,BTCUSDT,futures,10010.5,10010.5,10010.5,10010.5,1.0,10010.5,1,0.5,0.5,5005.25,5005.25,1.0,2026-06-15T00:25:32.000000Z,2026-06-15T00:25:32.000000Z,1532,1532
2026-06-15T00:25:33.000000Z,BTCUSDT,futures,10009.5,10009.5,10009.5,10009.5,1.0,10009.5,1,0.5,0.5,5004.75,5004.75,1.0,2026-06-15T00:25:33.000000Z,2026-06-15T00:25:33.000000Z,1533,1533
2026-06-15T00:25:34.000000Z,BTCUSDT,futures,10010.0,10010.0,10010.0,10010.0,1.0,10010.0,1,0.5,0.5,5005.0,5005.0,1.0,2026-06-15T00:25:34.000000Z,2026-06-15T00:25:34.000000Z,1534,1534
2026-06-15T00:25:35.000000Z,BTCUSDT,futures,10010.5,10010.5,10010.5,10010.5,1.0,10010.5,1,0.5,0.5,5005.25,5005.25,1.0,2026-06-15T00:25:35.000000Z,2026-06-15T00:25:35.000000Z,1535,1535
2026-06-15T00:25:36.000000Z,BTCUSDT,futures,10009.5,10009.5,10009.5,10009.5,1.0,10009.5,1,0.5,0.5,5004.75,5004.75,1.0,2026-06-15T00:25:36.000000Z,2026-06-15T00:25:36.000000Z,1536,1536
2026-06-15T00:25:37.000000Z,BTCUSDT,futures,10010.0,10010.0,10010.0,10010.0,1.0,10010.0,1,0.5,0.5,5005.0,5005.0,1.0,2026-06-15T00:25:37.000000Z,2026-06-15T00:25:37.000000Z,1537,1537
2026-06-15T00:25:38.000000Z,BTCUSDT,futures,10010.5,10010.5,10010.5,10010.5,1.0,10010.5,1,0.5,0.5,5005.25,5005.25,1.0,2026-06-15T00:25:38.000000Z,2026-06-15T00:25:38.000000Z,1538,1538
2026-06-15T00:25:39.000000Z,BTCUSDT,futures,10009.5,10009.5,10009.5,10009.5,1.0,10009.5,1,0.5,0.5,5004.75,5004.75,1.0,2026-06-15T00:25:39.000000Z,2026-06-15T00:25:39.000000Z,1539,1539
2026-06-15T00:25:40.000000Z,BTCUSDT,futures,10010.0,10010.0,10010.0,10010.0,1.0,10010.0,1,0.5,0.5,5005.0,5005.0,1.0,2026-06-15T00:25:40.000000Z,2026-06-15T00:25:40.000000Z,1540,1540
2026-06-15T00:25:41.000000Z,BTCUSDT,futures,10010.5,10010.5,10010.5,10010.5,1.0,10010.5,1,0.5,0.5,5005.25,5005.25,1.0,2026-06-15T00:25:41.000000Z,2026-06-15T00:25:41.000000Z,1541,1541
2026-06-15T00:25:42.000000Z,BTCUSDT,futures,10009.5,10009.5,10009.5,10009.5,1.0,10009.5,1,0.5,0.5,5004.75,5004.75,1.0,2026-06-15T00:25:42.000000Z,2026-06-15T00:25:42.000000Z,1542,1542
2026-06-15T00:25:43.000000Z,BTCUSDT,futures,10010.0,10010.0,10010.0,10010.0,1.0,10010.0,1,0.5,0.5,5005.0,5005.0,1.0,2026-06-15T00:25:43.000000Z,2026-06-15T00:25:43.000000Z,1543,1543
2026-06-15T00:25:44.000000Z,BTCUSDT,futures,10010.5,10010.5,10010.5,10010.5,1.0,10010.5,1,0.5,0.5,5005.25,5005.25,1.0,2026-06-15T00:25:44.000000Z,2026-06-15T00:25:44.000000Z,1544,1544
2026-06-15T00:25:45.000000Z,BTCUSDT,futures,10009.5,10009.5,10009.5,10009.5,1.0,10009.5,1,0.5,0.5,5004.75,5004.75,1.0,2026-06-15T00:25:45.000000Z,2026-06-15T00:25:45.000000Z,1545,1545
2026-06-15T00:25:46.000000Z,BTCUSDT,futures,10010.0,10010.0,10010.0,10010.0,1.0,10010.0,1,0.5,0.5,5005.0,5005.0,1.0,2026-06-15T00:25:46.000000Z,2026-06-15T00:25:46.000000Z,1546,1546
2026-06-15T00:25:47.000000Z,BTCUSDT,futures,10010.5,10010.5,10010.5,10010.5,1.0,10010.5,1,0.5,0.5,5005.25,5005.25,1.0,2026-06-15T00:25:47.000000Z,2026-06-15T00:25:47.000000Z,1547,1547
2026-06-15T00:25:48.000000Z,BTCUSDT,futures,10009.5,10009.5,10009.5,10009.5,1.0,10009.5,1,0.5,0.5,5004.75,5004.75,1.0,2026-06-15T00:25:48.000000Z,2026-06-15T00:25:48.000000Z,1548,1548
2026-06-15T00:25:49.000000Z,BTCUSDT,futures,10010.0,10010.0,10010.0,10010.0,1.0,10010.0,1,0.5,0.5,5005.0,5005.0,1.0,2026-06-15T00:25:49.000000Z,2026-06-15T00:25:49.000000Z,1549,1549
2026-06-15T00:25:50.000000Z,BTCUSDT,futures,10010.5,10010.5,10010.5,10010.5,1.0,10010.5,1,0.5,0.5,5005.25,5005.25,1.0,2026-06-15T00:25:50.000000Z,2026-06-15T00:25:50.000000Z,1550,1550
2026-06-15T00:25:51.000000Z,BTCUSDT,futures,10009.5,10009.5,10009.5,10009.5,1.0,10009.5,1,0.5,0.5,5004.75,5004.75,1.0,2026-06-15T00:25:51.000000Z,2026-06-15T00:25:51.000000Z,1551,1551
2026-06-15T00:25:52.000000Z,BTCUSDT,futures,10010.0,10010.0,10010.0,10010.0,1.0,10010.0,1,0.5,0.5,5005.0,5005.0,1.0,2026-06-15T00:25:52.000000Z,2026-06-15T00:25:52.000000Z,1552,1552
2026-06-15T00:25:53.000000Z,BTCUSDT,futures,10010.5,10010.5,10010.5,10010.5,1.0,10010.5,1,0.5,0.5,5005.25,5005.25,1.0,2026-06-15T00:25:53.000000Z,2026-06-15T00:25:53.000000Z,1553,1553
2026-06-15T00:25:54.000000Z,BTCUSDT,futures,10009.5,10009.5,10009.5,10009.5,1.0,10009.5,1,0.5,0.5,5004.75,5004.75,1.0,2026-06-15T00:25:54.000000Z,2026-06-15T00:25:54.000000Z,1554,1554
2026-06-15T00:25:55.000000Z,BTCUSDT,futures,10010.0,10010.0,10010.0,10010.0,1.0,10010.0,1,0.5,0.5,5005.0,5005.0,1.0,2026-06-15T00:25:55.000000Z,2026-06-15T00:25:55.000000Z,1555,1555
2026-06-15T00:25:56.000000Z,BTCUSDT,futures,10010.5,10010.5,10010.5,10010.5,1.0,10010.5,1,0.5,0.5,5005.25,5005.25,1.0,2026-06-15T00:25:56.000000Z,2026-06-15T00:25:56.000000Z,1556,1556
2026-06-15T00:25:57.000000Z,BTCUSDT,futures,10009.5,10009.5,10009.5,10009.5,1.0,10009.5,1,0.5,0.5,5004.75,5004.75,1.0,2026-06-15T00:25:57.000000Z,2026-06-15T00:25:57.000000Z,1557,1557
2026-06-15T00:25:58.000000Z,BTCUSDT,futures,10010.0,10010.0,10010.0,10010.0,1.0,10010.0,1,0.5,0.5,5005.0,5005.0,1.0,2026-06-15T00:25:58.000000Z,2026-06-15T00:25:58.000000Z,1558,1558
2026-06-15T00:25:59.000000Z,BTCUSDT,futures,10010.5,10010.5,10010.5,10010.5,1.0,10010.5,1,0.5,0.5,5005.25,5005.25,1.0,2026-06-15T00:25:59.000000Z,2026-06-15T00:25:59.000000Z,1559,1559
2026-06-15T00:26:00.000000Z,BTCUSDT,futures,10009.5,10009.5,10009.5,10009.5,1.0,10009.5,1,0.5,0.5,5004.75,5004.75,1.0,2026-06-15T00:26:00.000000Z,2026-06-15T00:26:00.000000Z,1560,1560
2026-06-15T00:26:01.000000Z,BTCUSDT,futures,10010.0,10010.0,10010.0,10010.0,1.0,10010.0,1,0.5,0.5,5005.0,5005.0,1.0,2026-06-15T00:26:01.000000Z,2026-06-15T00:26:01.000000Z,1561,1561
2026-06-15T00:26:02.000000Z,BTCUSDT,futures,10010.5,10010.5,10010.5,10010.5,1.0,10010.5,1,0.5,0.5,5005.25,5005.25,1.0,2026-06-15T00:26:02.000000Z,2026-06-15T00:26:02.000000Z,1562,1562
2026-06-15T00:26:03.000000Z,BTCUSDT,futures,10009.5,10009.5,10009.5,10009.5,1.0,10009.5,1,0.5,0.5,5004.75,5004.75,1.0,2026-06-15T00:26:03.000000Z,2026-06-15T00:26:03.000000Z,1563,1563
2026-06-15T00:26:04.000000Z,BTCUSDT,futures,10010.0,10010.0,10010.0,10010.0,1.0,10010.0,1,0.5,0.5,5005.0,5005.0,1.0,2026-06-15T00:26:04.000000Z,2026-06-15T00:26:04.000000Z,1564,1564
2026-06-15T00:26:05.000000Z,BTCUSDT,futures,10010.5,10010.5,10010.5,10010.5,1.0,10010.5,1,0.5,0.5,5005.25,5005.25,1.0,2026-06-15T00:26:05.000000Z,2026-06-15T00:26:05.000000Z,1565,1565
2026-06-15T00:26:06.000000Z,BTCUSDT,futures,10009.5,10009.5,10009.5,10009.5,1.0,10009.5,1,0.5,0.5,5004.75,5004.75,1.0,2026-06-15T00:26:06.000000Z,2026-06-15T00:26:06.000000Z,1566,1566
2026-06-15T00:26:07.000000Z,BTCUSDT,futures,10010.0,10010.0,10010.0,10010.0,1.0,10010.0,1,0.5,0.5,5005.0,5005.0,1.0,2026-06-15T00:26:07.000000Z,2026-06-15T00:26:07.000000Z,1567,1567
2026-06-15T00:26:08.000000Z,BTCUSDT,futures,10010.5,10010.5,10010.5,10010.5,1.0,10010.5,1,0.5,0.5,5005.25,5005.25,1.0,2026-06-15T00:26:08.000000Z,2026-06-15T00:26:08.000000Z,1568,1568
2026-06-15T00:26:09.000000Z,BTCUSDT,futures,10009.5,10009.5,10009.5,10009.5,1.0,10009.5,1,0.5,0.5,5004.75,5004.75,1.0,2026-06-15T00:26:09.000000Z,2026-06-15T00:26:09.000000Z,1569,1569
2026-06-15T00:26:10.000000Z,BTCUSDT,futures,10010.0,10010.0,10010.0,10010.0,1.0,10010.0,1,0.5,0.5,5005.0,5005.0,1.0,2026-06-15T00:26:10.000000Z,2026-06-15T00:26:10.000000Z,1570,1570
2026-06-15T00:26:11.000000Z,BTCUSDT,futures,10010.5,10010.5,10010.5,10010.5,1.0,10010.5,1,0.5,0.5,5005.25,5005.25,1.0,2026-06-15T00:26:11.000000Z,2026-06-15T00:26:11.000000Z,1571,1571
2026-06-15T00:26:12.000000Z,BTCUSDT,futures,10009.5,10009.5,10009.5,10009.5,1.0,10009.5,1,0.5,0.5,5004.75,5004.75,1.0,2026-06-15T00:26:12.000000Z,2026-06-15T00:26:12.000000Z,1572,1572
2026-06-15T00:26:13.000000Z,BTCUSDT,futures,10010.0,10010.0,10010.0,10010.0,1.0,10010.0,1,0.5,0.5,5005.0,5005.0,1.0,2026-06-15T00:26:13.000000Z,2026-06-15T00:26:13.000000Z,1573,1573
2026-06-15T00:26:14.000000Z,BTCUSDT,futures,10010.5,10010.5,10010.5,10010.5,1.0,10010.5,1,0.5,0.5,5005.25,5005.25,1.0,2026-06-15T00:26:14.000000Z,2026-06-15T00:26:14.000000Z,1574,1574
2026-06-15T00:26:15.000000Z,BTCUSDT,futures,10009.5,10009.5,10009.5,10009.5,1.0,10009.5,1,0.5,0.5,5004.75,5004.75,1.0,2026-06-15T00:26:15.000000Z,2026-06-15T00:26:15.000000Z,1575,1575
2026-06-15T00:26:16.000000Z,BTCUSDT,futures,10010.0,10010.0,10010.0,10010.0,1.0,10010.0,1,0.5,0.5,5005.0,5005.0,1.0,2026-06-15T00:26:16.000000Z,2026-06-15T00:26:16.000000Z,1576,1576
2026-06-15T00:26:17.000000Z,BTCUSDT,futures,10010.5,10010.5,10010.5,10010.5,1.0,10010.5,1,0.5,0.5,5005.25,5005.25,1.0,2026-06-15T00:26:17.000000Z,2026-06-15T00:26:17.000000Z,1577,1577
2026-06-15T00:26:18.000000Z,BTCUSDT,futures,10009.5,10009.5,10009.5,10009.5,1.0,10009.5,1,0.5,0.5,5004.75,5004.75,1.0,2026-06-15T00:26:18.000000Z,2026-06-15T00:26:18.000000Z,1578,1578
2026-06-15T00:26:19.000000Z,BTCUSDT,futures,10010.0,10010.0,10010.0,10010.0,1.0,10010.0,1,0.5,0.5,5005.0,5005.0,1.0,2026-06-15T00:26:19.000000Z,2026-06-15T00:26:19.000000Z,1579,1579
2026-06-15T00:26:20.000000Z,BTCUSDT,futures,10010.5,10010.5,10010.5,10010.5,1.0,10010.5,1,0.5,0.5,5005.25,5005.25,1.0,2026-06-15T00:26:20.000000Z,2026-06-15T00:26:20.000000Z,1580,1580
2026-06-15T00:26:21.000000Z,BTCUSDT,futures,10009.5,10009.5,10009.5,10009.5,1.0,10009.5,1,0.5,0.5,5004.75,5004.75,1.0,2026-06-15T00:26:21.000000Z,2026-06-15T00:26:21.000000Z,1581,1581
2026-06-15T00:26:22.000000Z,BTCUSDT,futures,10010.0,10010.0,10010.0,10010.0,1.0,10010.0,1,0.5,0.5,5005.0,5005.0,1.0,2026-06-15T00:26:22.000000Z,2026-06-15T00:26:22.000000Z,1582,1582
2026-06-15T00:26:23.000000Z,BTCUSDT,futures,10010.5,10010.5,10010.5,10010.5,1.0,10010.5,1,0.5,0.5,5005.25,5005.25,1.0,2026-06-15T00:26:23.000000Z,2026-06-15T00:26:23.000000Z,1583,1583
2026-06-15T00:26:24.000000Z,BTCUSDT,futures,10009.5,10009.5,10009.5,10009.5,1.0,10009.5,1,0.5,0.5,5004.75,5004.75,1.0,2026-06-15T00:26:24.000000Z,2026-06-15T00:26:24.000000Z,1584,1584
2026-06-15T00:26:25.000000Z,BTCUSDT,futures,10010.0,10010.0,10010.0,10010.0,1.0,10010.0,1,0.5,0.5,5005.0,5005.0,1.0,2026-06-15T00:26:25.000000Z,2026-06-15T00:26:25.000000Z,1585,1585
2026-06-15T00:26:26.000000Z,BTCUSDT,futures,10010.5,10010.5,10010.5,10010.5,1.0,10010.5,1,0.5,0.5,5005.25,5005.25,1.0,2026-06-15T00:26:26.000000Z,2026-06-15T00:26:26.000000Z,1586,1586
2026-06-15T00:26:27.000000Z,BTCUSDT,futures,10009.5,10009.5,10009.5,10009.5,1.0,10009.5,1,0.5,0.5,5004.75,5004.75,1.0,2026-06-15T00:26:27.000000Z,2026-06-15T00:26:27.000000Z,1587,1587
2026-06-15T00:26:28.000000Z,BTCUSDT,futures,10010.0,10010.0,10010.0,10010.0,1.0,10010.0,1,0.5,0.5,5005.0,5005.0,1.0,2026-06-15T00:26:28.000000Z,2026-06-15T00:26:28.000000Z,1588,1588
2026-06-15T00:26:29.000000Z,BTCUSDT,futures,10010.5,10010.5,10010.5,10010.5,1.0,10010.5,1,0.5,0.5,5005.25,5005.25,1.0,2026-06-15T00:26:29.000000Z,2026-06-15T00:26:29.000000Z,1589,1589
2026-06-15T00:26:30.000000Z,BTCUSDT,futures,10009.5,10009.5,10009.5,10009.5,1.0,10009.5,1,0.5,0.5,5004.75,5004.75,1.0,2026-06-15T00:26:30.000000Z,2026-06-15T00:26:30.000000Z,1590,1590
2026-06-15T00:26:31.000000Z,BTCUSDT,futures,10010.0,10010.0,10010.0,10010.0,1.0,10010.0,1,0.5,0.5,5005.0,5005.0,1.0,2026-06-15T00:26:31.000000Z,2026-06-15T00:26:31.000000Z,1591,1591
2026-06-15T00:26:32.000000Z,BTCUSDT,futures,10010.5,10010.5,10010.5,10010.5,1.0,10010.5,1,0.5,0.5,5005.25,5005.25,1.0,2026-06-15T00:26:32.000000Z,2026-06-15T00:26:32.000000Z,1592,1592
2026-06-15T00:26:33.000000Z,BTCUSDT,futures,10009.5,10009.5,10009.5,10009.5,1.0,10009.5,1,0.5,0.5,5004.75,5004.75,1.0,2026-06-15T00:26:33.000000Z,2026-06-15T00:26:33.000000Z,1593,1593
2026-06-15T00:26:34.000000Z,BTCUSDT,futures,10010.0,10010.0,10010.0,10010.0,1.0,10010.0,1,0.5,0.5,5005.0,5005.0,1.0,2026-06-15T00:26:34.000000Z,2026-06-15T00:26:34.000000Z,1594,1594
2026-06-15T00:26:35.000000Z,BTCUSDT,futures,10010.5,10010.5,10010.5,10010.5,1.0,10010.5,1,0.5,0.5,5005.25,5005.25,1.0,2026-06-15T00:26:35.000000Z,2026-06-15T00:26:35.000000Z,1595,1595
2026-06-15T00:26:36.000000Z,BTCUSDT,futures,10009.5,10009.5,10009.5,10009.5,1.0,10009.5,1,0.5,0.5,5004.75,5004.75,1.0,2026-06-15T00:26:36.000000Z,2026-06-15T00:26:36.000000Z,1596,1596
2026-06-15T00:26:37.000000Z,BTCUSDT,futures,10010.0,10010.0,10010.0,10010.0,1.0,10010.0,1,0.5,0.5,5005.0,5005.0,1.0,2026-06-15T00:26:37.000000Z,2026-06-15T00:26:37.000000Z,1597,1597
2026-06-15T00:26:38.000000Z,BTCUSDT,futures,10010.5,10010.5,10010.5,10010.5,1.0,10010.5,1,0.5,0.5,5005.25,5005.25,1.0,2026-06-15T00:26:38.000000Z,2026-06-15T00:26:38.000000Z,1598,1598
2026-06-15T00:26:39.000000Z,BTCUSDT,futures,10009.5,10009.5,10009.5,10009.5,1.0,10009.5,1,0.5,0.5,5004.75,5004.75,1.0,2026-06-15T00:26:39.000000Z,2026-06-15T00:26:39.000000Z,1599,1599
2026-06-15T00:26:40.000000Z,BTCUSDT,futures,10010.0,10010.0,10010.0,10010.0,1.0,10010.0,1,0.5,0.5,5005.0,5005.0,1.0,2026-06-15T00:26:40.000000Z,2026-06-15T00:26:40.000000Z,1600,1600
2026-06-15T00:26:41.000000Z,BTCUSDT,futures,10010.5,10010.5,10010.5,10010.5,1.0,10010.5,1,0.5,0.5,5005.25,5005.25,1.0,2026-06-15T00:26:41.000000Z,2026-06-15T00:26:41.000000Z,1601,1601
2026-06-15T00:26:42.000000Z,BTCUSDT,futures,10009.5,10009.5,10009.5,10009.5,1.0,10009.5,1,0.5,0.5,5004.75,5004.75,1.0,2026-06-15T00:26:42.000000Z,2026-06-15T00:26:42.000000Z,1602,1602
2026-06-15T00:26:43.000000Z,BTCUSDT,futures,10010.0,10010.0,10010.0,10010.0,1.0,10010.0,1,0.5,0.5,5005.0,5005.0,1.0,2026-06-15T00:26:43.000000Z,2026-06-15T00:26:43.000000Z,1603,1603
2026-06-15T00:26:44.000000Z,BTCUSDT,futures,10010.5,10010.5,10010.5,10010.5,1.0,10010.5,1,0.5,0.5,5005.25,5005.25,1.0,2026-06-15T00:26:44.000000Z,2026-06-15T00:26:44.000000Z,1604,1604
2026-06-15T00:26:45.000000Z,BTCUSDT,futures,10009.5,10009.5,10009.5,10009.5,1.0,10009.5,1,0.5,0.5,5004.75,5004.75,1.0,2026-06-15T00:26:45.000000Z,2026-06-15T00:26:45.000000Z,1605,1605
2026-06-15T00:26:46.000000Z,BTCUSDT,futures,10010.0,10010.0,10010.0,10010.0,1.0,10010.0,1,0.5,0.5,5005.0,5005.0,1.0,2026-06-15T00:26:46.000000Z,2026-06-15T00:26:46.000000Z,1606,1606
2026-06-15T00:26:47.000000Z,BTCUSDT,futures,10010.5,10010.5,10010.5,10010.5,1.0,10010.5,1,0.5,0.5,5005.25,5005.25,1.0,2026-06-15T00:26:47.000000Z,2026-06-15T00:26:47.000000Z,1607,1607
2026-06-15T00:26:48.000000Z,BTCUSDT,futures,10009.5,10009.5,10009.5,10009.5,1.0,10009.5,1,0.5,0.5,5004.75,5004.75,1.0,2026-06-15T00:26:48.000000Z,2026-06-15T00:26:48.000000Z,1608,1608
2026-06-15T00:26:49.000000Z,BTCUSDT,futures,10010.0,10010.0,10010.0,10010.0,1.0,10010.0,1,0.5,0.5,5005.0,5005.0,1.0,2026-06-15T00:26:49.000000Z,2026-06-15T00:26:49.000000Z,1609,1609
2026-06-15T00:26:50.000000Z,BTCUSDT,futures,10010.5,10010.5,10010.5,10010.5,1.0,10010.5,1,0.5,0.5,5005.25,5005.25,1.0,2026-06-15T00:26:50.000000Z,2026-06-15T00:26:50.000000Z,1610,1610
2026-06-15T00:26:51.000000Z,BTCUSDT,futures,10009.5,10009.5,10009.5,10009.5,1.0,10009.5,1,0.5,0.5,5004.75,5004.75,1.0,2026-06-15T00:26:51.000000Z,2026-06-15T00:26:51.000000Z,1611,1611
2026-06-15T00:26:52.000000Z,BTCUSDT,futures,10010.0,10010.0,10010.0,10010.0,1.0,10010.0,1,0.5,0.5,5005.0,5005.0,1.0,2026-06-15T00:26:52.000000Z,2026-06-15T00:26:52.000000Z,1612,1612
2026-06-15T00:26:53.000000Z,BTCUSDT,futures,10010.5,10010.5,10010.5,10010.5,1.0,10010.5,1,0.5,0.5,5005.25,5005.25,1.0,2026-06-15T00:26:53.000000Z,2026-06-15T00:26:53.000000Z,1613,1613
2026-06-15T00:26:54.000000Z,BTCUSDT,futures,10009.5,10009.5,10009.5,10009.5,1.0,10009.5,1,0.5,0.5,5004.75,5004.75,1.0,2026-06-15T00:26:54.000000Z,2026-06-15T00:26:54.000000Z,1614,1614
2026-06-15T00:26:55.000000Z,BTCUSDT,futures,10010.0,10010.0,10010.0,10010.0,1.0,10010.0,1,0.5,0.5,5005.0,5005.0,1.0,2026-06-15T00:26:55.000000Z,2026-06-15T00:26:55.000000Z,1615,1615
2026-06-15T00:26:56.000000Z,BTCUSDT,futures,10010.5,10010.5,10010.5,10010.5,1.0,10010.5,1,0.5,0.5,5005.25,5005.25,1.0,2026-06-15T00:26:56.000000Z,2026-06-15T00:26:56.000000Z,1616,1616
2026-06-15T00:26:57.000000Z,BTCUSDT,futures,10009.5,10009.5,10009.5,10009.5,1.0,10009.5,1,0.5,0.5,5004.75,5004.75,1.0,2026-06-15T00:26:57.000000Z,2026-06-15T00:26:57.000000Z,1617,1617
2026-06-15T00:26:58.000000Z,BTCUSDT,futures,10010.0,10010.0,10010.0,10010.0,1.0,10010.0,1,0.5,0.5,5005.0,5005.0,1.0,2026-06-15T00:26:58.000000Z,2026-06-15T00:26:58.000000Z,1618,1618
2026-06-15T00:26:59.000000Z,BTCUSDT,futures,10010.5,10010.5,10010.5,10010.5,1.0,10010.5,1,0.5,0.5,5005.25,5005.25,1.0,2026-06-15T00:26:59.000000Z,2026-06-15T00:26:59.000000Z,1619,1619
2026-06-15T00:27:00.000000Z,BTCUSDT,futures,10009.5,10009.5,10009.5,10009.5,1.0,10009.5,1,0.5,0.5,5004.75,5004.75,1.0,2026-06-15T00:27:00.000000Z,2026-06-15T00:27:00.000000Z,1620,1620
2026-06-15T00:27:01.000000Z,BTCUSDT,futures,10010.0,10010.0,10010.0,10010.0,1.0,10010.0,1,0.5,0.5,5005.0,5005.0,1.0,2026-06-15T00:27:01.000000Z,2026-06-15T00:27:01.000000Z,1621,1621
2026-06-15T00:27:02.000000Z,BTCUSDT,futures,10010.5,10010.5,10010.5,10010.5,1.0,10010.5,1,0.5,0.5,5005.25,5005.25,1.0,2026-06-15T00:27:02.000000Z,2026-06-15T00:27:02.000000Z,1622,1622
2026-06-15T00:27:03.000000Z,BTCUSDT,futures,10009.5,10009.5,10009.5,10009.5,1.0,10009.5,1,0.5,0.5,5004.75,5004.75,1.0,2026-06-15T00:27:03.000000Z,2026-06-15T00:27:03.000000Z,1623,1623
2026-06-15T00:27:04.000000Z,BTCUSDT,futures,10010.0,10010.0,10010.0,10010.0,1.0,10010.0,1,0.5,0.5,5005.0,5005.0,1.0,2026-06-15T00:27:04.000000Z,2026-06-15T00:27:04.000000Z,1624,1624
2026-06-15T00:27:05.000000Z,BTCUSDT,futures,10010.5,10010.5,10010.5,10010.5,1.0,10010.5,1,0.5,0.5,5005.25,5005.25,1.0,2026-06-15T00:27:05.000000Z,2026-06-15T00:27:05.000000Z,1625,1625
2026-06-15T00:27:06.000000Z,BTCUSDT,futures,10009.5,10009.5,10009.5,10009.5,1.0,10009.5,1,0.5,0.5,5004.75,5004.75,1.0,2026-06-15T00:27:06.000000Z,2026-06-15T00:27:06.000000Z,1626,1626
2026-06-15T00:27:07.000000Z,BTCUSDT,futures,10010.0,10010.0,10010.0,10010.0,1.0,10010.0,1,0.5,0.5,5005.0,5005.0,1.0,2026-06-15T00:27:07.000000Z,2026-06-15T00:27:07.000000Z,1627,1627
2026-06-15T00:27:08.000000Z,BTCUSDT,futures,10010.5,10010.5,10010.5,10010.5,1.0,10010.5,1,0.5,0.5,5005.25,5005.25,1.0,2026-06-15T00:27:08.000000Z,2026-06-15T00:27:08.000000Z,1628,1628
2026-06-15T00:27:09.000000Z,BTCUSDT,futures,10009.5,10009.5,10009.5,10009.5,1.0,10009.5,1,0.5,0.5,5004.75,5004.75,1.0,2026-06-15T00:27:09.000000Z,2026-06-15T00:27:09.000000Z,1629,1629
2026-06-15T00:27:10.000000Z,BTCUSDT,futures,10010.0,10010.0,10010.0,10010.0,1.0,10010.0,1,0.5,0.5,5005.0,5005.0,1.0,2026-06-15T00:27:10.000000Z,2026-06-15T00:27:10.000000Z,1630,1630
2026-06-15T00:27:11.000000Z,BTCUSDT,futures,10010.5,10010.5,10010.5,10010.5,1.0,10010.5,1,0.5,0.5,5005.25,5005.25,1.0,2026-06-15T00:27:11.000000Z,2026-06-15T00:27:11.000000Z,1631,1631
2026-06-15T00:27:12.000000Z,BTCUSDT,futures,10009.5,10009.5,10009.5,10009.5,1.0,10009.5,1,0.5,0.5,5004.75,5004.75,1.0,2026-06-15T00:27:12.000000Z,2026-06-15T00:27:12.000000Z,1632,1632
2026-06-15T00:27:13.000000Z,BTCUSDT,futures,10010.0,10010.0,10010.0,10010.0,1.0,10010.0,1,0.5,0.5,5005.0,5005.0,1.0,2026-06-15T00:27:13.000000Z,2026-06-15T00:27:13.000000Z,1633,1633
2026-06-15T00:27:14.000000Z,BTCUSDT,futures,10010.5,10010.5,10010.5,10010.5,1.0,10010.5,1,0.5,0.5,5005.25,5005.25,1.0,2026-06-15T00:27:14.000000Z,2026-06-15T00:27:14.000000Z,1634,1634
2026-06-15T00:27:15.000000Z,BTCUSDT,futures,10009.5,10009.5,10009.5,10009.5,1.0,10009.5,1,0.5,0.5,5004.75,5004.75,1.0,2026-06-15T00:27:15.000000Z,2026-06-15T00:27:15.000000Z,1635,1635
2026-06-15T00:27:16.000000Z,BTCUSDT,futures,10010.0,10010.0,10010.0,10010.0,1.0,10010.0,1,0.5,0.5,5005.0,5005.0,1.0,2026-06-15T00:27:16.000000Z,2026-06-15T00:27:16.000000Z,1636,1636
2026-06-15T00:27:17.000000Z,BTCUSDT,futures,10010.5,10010.5,10010.5,10010.5,1.0,10010.5,1,0.5,0.5,5005.25,5005.25,1.0,2026-06-15T00:27:17.000000Z,2026-06-15T00:27:17.000000Z,1637,1637
2026-06-15T00:27:18.000000Z,BTCUSDT,futures,10009.5,10009.5,10009.5,10009.5,1.0,10009.5,1,0.5,0.5,5004.75,5004.75,1.0,2026-06-15T00:27:18.000000Z,2026-06-15T00:27:18.000000Z,1638,1638
2026-06-15T00:27:19.000000Z,BTCUSDT,futures,10010.0,10010.0,10010.0,10010.0,1.0,10010.0,1,0.5,0.5,5005.0,5005.0,1.0,2026-06-15T00:27:19.000000Z,2026-06-15T00:27:19.000000Z,1639,1639
2026-06-15T00:27:20.000000Z,BTCUSDT,futures,10010.5,10010.5,10010.5,10010.5,1.0,10010.5,1,0.5,0.5,5005.25,5005.25,1.0,2026-06-15T00:27:20.000000Z,2026-06-15T00:27:20.000000Z,1640,1640
2026-06-15T00:27:21.000000Z,BTCUSDT,futures,10009.5,10009.5,10009.5,10009.5,1.0,10009.5,1,0.5,0.5,5004.75,5004.75,1.0,2026-06-15T00:27:21.000000Z,2026-06-15T00:27:21.000000Z,1641,1641
2026-06-15T00:27:22.000000Z,BTCUSDT,futures,10010.0,10010.0,10010.0,10010.0,1.0,10010.0,1,0.5,0.5,5005.0,5005.0,1.0,2026-06-15T00:27:22.000000Z,2026-06-15T00:27:22.000000Z,1642,1642
2026-06-15T00:27:23.000000Z,BTCUSDT,futures,10010.5,10010.5,10010.5,10010.5,1.0,10010.5,1,0.5,0.5,5005.25,5005.25,1.0,2026-06-15T00:27:23.000000Z,2026-06-15T00:27:23.000000Z,1643,1643
2026-06-15T00:27:24.000000Z,BTCUSDT,futures,10009.5,10009.5,10009.5,10009.5,1.0,10009.5,1,0.5,0.5,5004.75,5004.75,1.0,2026-06-15T00:27:24.000000Z,2026-06-15T00:27:24.000000Z,1644,1644
2026-06-15T00:27:25.000000Z,BTCUSDT,futures,10010.0,10010.0,10010.0,10010.0,1.0,10010.0,1,0.5,0.5,5005.0,5005.0,1.0,2026-06-15T00:27:25.000000Z,2026-06-15T00:27:25.000000Z,1645,1645
2026-06-15T00:27:26.000000Z,BTCUSDT,futures,10010.5,10010.5,10010.5,10010.5,1.0,10010.5,1,0.5,0.5,5005.25,5005.25,1.0,2026-06-15T00:27:26.000000Z,2026-06-15T00:27:26.000000Z,1646,1646
2026-06-15T00:27:27.000000Z,BTCUSDT,futures,10009.5,10009.5,10009.5,10009.5,1.0,10009.5,1,0.5,0.5,5004.75,5004.75,1.0,2026-06-15T00:27:27.000000Z,2026-06-15T00:27:27.000000Z,1647,1647
2026-06-15T00:27:28.000000Z,BTCUSDT,futures,10010.0,10010.0,10010.0,10010.0,1.0,10010.0,1,0.5,0.5,5005.0,5005.0,1.0,2026-06-15T00:27:28.000000Z,2026-06-15T00:27:28.000000Z,1648,1648
2026-06-15T00:27:29.000000Z,BTCUSDT,futures,10010.5,10010.5,10010.5,10010.5,1.0,10010.5,1,0.5,0.5,5005.25,5005.25,1.0,2026-06-15T00:27:29.000000Z,2026-06-15T00:27:29.000000Z,1649,1649
2026-06-15T00:27:30.000000Z,BTCUSDT,futures,10009.5,10009.5,10009.5,10009.5,1.0,10009.5,1,0.5,0.5,5004.75,5004.75,1.0,2026-06-15T00:27:30.000000Z,2026-06-15T00:27:30.000000Z,1650,1650
2026-06-15T00:27:31.000000Z,BTCUSDT,futures,10010.0,10010.0,10010.0,10010.0,1.0,10010.0,1,0.5,0.5,5005.0,5005.0,1.0,2026-06-15T00:27:31.000000Z,2026-06-15T00:27:31.000000Z,1651,1651
2026-06-15T00:27:32.000000Z,BTCUSDT,futures,10010.5,10010.5,10010.5,10010.5,1.0,10010.5,1,0.5,0.5,5005.25,5005.25,1.0,2026-06-15T00:27:32.000000Z,2026-06-15T00:27:32.000000Z,1652,1652
2026-06-15T00:27:33.000000Z,BTCUSDT,futures,10009.5,10009.5,10009.5,10009.5,1.0,10009.5,1,0.5,0.5,5004.75,5004.75,1.0,2026-06-15T00:27:33.000000Z,2026-06-15T00:27:33.000000Z,1653,1653
2026-06-15T00:27:34.000000Z,BTCUSDT,futures,10010.0,10010.0,10010.0,10010.0,1.0,10010.0,1,0.5,0.5,5005.0,5005.0,1.0,2026-06-15T00:27:34.000000Z,2026-06-15T00:27:34.000000Z,1654,1654
2026-06-15T00:27:35.000000Z,BTCUSDT,futures,10010.5,10010.5,10010.5,10010.5,1.0,10010.5,1,0.5,0.5,5005.25,5005.25,1.0,2026-06-15T00:27:35.000000Z,2026-06-15T00:27:35.000000Z,1655,1655
2026-06-15T00:27:36.000000Z,BTCUSDT,futures,10009.5,10009.5,10009.5,10009.5,1.0,10009.5,1,0.5,0.5,5004.75,5004.75,1.0,2026-06-15T00:27:36.000000Z,2026-06-15T00:27:36.000000Z,1656,1656
2026-06-15T00:27:37.000000Z,BTCUSDT,futures,10010.0,10010.0,10010.0,10010.0,1.0,10010.0,1,0.5,0.5,5005.0,5005.0,1.0,2026-06-15T00:27:37.000000Z,2026-06-15T00:27:37.000000Z,1657,1657
2026-06-15T00:27:38.000000Z,BTCUSDT,futures,10010.5,10010.5,10010.5,10010.5,1.0,10010.5,1,0.5,0.5,5005.25,5005.25,1.0,2026-06-15T00:27:38.000000Z,2026-06-15T00:27:38.000000Z,1658,1658
2026-06-15T00:27:39.000000Z,BTCUSDT,futures,10009.5,10009.5,10009.5,10009.5,1.0,10009.5,1,0.5,0.5,5004.75,5004.75,1.0,2026-06-15T00:27:39.000000Z,2026-06-15T00:27:39.000000Z,1659,1659
2026-06-15T00:27:40.000000Z,BTCUSDT,futures,10010.0,10010.0,10010.0,10010.0,1.0,10010.0,1,0.5,0.5,5005.0,5005.0,1.0,2026-06-15T00:27:40.000000Z,2026-06-15T00:27:40.000000Z,1660,1660
2026-06-15T00:27:41.000000Z,BTCUSDT,futures,10010.5,10010.5,10010.5,10010.5,1.0,10010.5,1,0.5,0.5,5005.25,5005.25,1.0,2026-06-15T00:27:41.000000Z,2026-06-15T00:27:41.000000Z,1661,1661
2026-06-15T00:27:42.000000Z,BTCUSDT,futures,10009.5,10009.5,10009.5,10009.5,1.0,10009.5,1,0.5,0.5,5004.75,5004.75,1.0,2026-06-15T00:27:42.000000Z,2026-06-15T00:27:42.000000Z,1662,1662
2026-06-15T00:27:43.000000Z,BTCUSDT,futures,10010.0,10010.0,10010.0,10010.0,1.0,10010.0,1,0.5,0.5,5005.0,5005.0,1.0,2026-06-15T00:27:43.000000Z,2026-06-15T00:27:43.000000Z,1663,1663
2026-06-15T00:27:44.000000Z,BTCUSDT,futures,10010.5,10010.5,10010.5,10010.5,1.0,10010.5,1,0.5,0.5,5005.25,5005.25,1.0,2026-06-15T00:27:44.000000Z,2026-06-15T00:27:44.000000Z,1664,1664
2026-06-15T00:27:45.000000Z,BTCUSDT,futures,10009.5,10009.5,10009.5,10009.5,1.0,10009.5,1,0.5,0.5,5004.75,5004.75,1.0,2026-06-15T00:27:45.000000Z,2026-06-15T00:27:45.000000Z,1665,1665
2026-06-15T00:27:46.000000Z,BTCUSDT,futures,10010.0,10010.0,10010.0,10010.0,1.0,10010.0,1,0.5,0.5,5005.0,5005.0,1.0,2026-06-15T00:27:46.000000Z,2026-06-15T00:27:46.000000Z,1666,1666
2026-06-15T00:27:47.000000Z,BTCUSDT,futures,10010.5,10010.5,10010.5,10010.5,1.0,10010.5,1,0.5,0.5,5005.25,5005.25,1.0,2026-06-15T00:27:47.000000Z,2026-06-15T00:27:47.000000Z,1667,1667
2026-06-15T00:27:48.000000Z,BTCUSDT,futures,10009.5,10009.5,10009.5,10009.5,1.0,10009.5,1,0.5,0.5,5004.75,5004.75,1.0,2026-06-15T00:27:48.000000Z,2026-06-15T00:27:48.000000Z,1668,1668
2026-06-15T00:27:49.000000Z,BTCUSDT,futures,10010.0,10010.0,10010.0,10010.0,1.0,10010.0,1,0.5,0.5,5005.0,5005.0,1.0,2026-06-15T00:27:49.000000Z,2026-06-15T00:27:49.000000Z,1669,1669
2026-06-15T00:27:50.000000Z,BTCUSDT,futures,10010.5,10010.5,10010.5,10010.5,1.0,10010.5,1,0.5,0.5,5005.25,5005.25,1.0,2026-06-15T00:27:50.000000Z,2026-06-15T00:27:50.000000Z,1670,1670
2026-06-15T00:27:51.000000Z,BTCUSDT,futures,10009.5,10009.5,10009.5,10009.5,1.0,10009.5,1,0.5,0.5,5004.75,5004.75,1.0,2026-06-15T00:27:51.000000Z,2026-06-15T00:27:51.000000Z,1671,1671
2026-06-15T00:27:52.000000Z,BTCUSDT,futures,10010.0,10010.0,10010.0,10010.0,1.0,10010.0,1,0.5,0.5,5005.0,5005.0,1.0,2026-06-15T00:27:52.000000Z,2026-06-15T00:27:52.000000Z,1672,1672
2026-06-15T00:27:53.000000Z,BTCUSDT,futures,10010.5,10010.5,10010.5,10010.5,1.0,10010.5,1,0.5,0.5,5005.25,5005.25,1.0,2026-06-15T00:27:53.000000Z,2026-06-15T00:27:53.000000Z,1673,1673
2026-06-15T00:27:54.000000Z,BTCUSDT,futures,10009.5,10009.5,10009.5,10009.5,1.0,10009.5,1,0.5,0.5,5004.75,5004.75,1.0,2026-06-15T00:27:54.000000Z,2026-06-15T00:27:54.000000Z,1674,1674
2026-06-15T00:27:55.000000Z,BTCUSDT,futures,10010.0,10010.0,10010.0,10010.0,1.0,10010.0,1,0.5,0.5,5005.0,5005.0,1.0,2026-06-15T00:27:55.000000Z,2026-06-15T00:27:55.000000Z,1675,1675
2026-06-15T00:27:56.000000Z,BTCUSDT,futures,10010.5,10010.5,10010.5,10010.5,1.0,10010.5,1,0.5,0.5,5005.25,5005.25,1.0,2026-06-15T00:27:56.000000Z,2026-06-15T00:27:56.000000Z,1676,1676
2026-06-15T00:27:57.000000Z,BTCUSDT,futures,10009.5,10009.5,10009.5,10009.5,1.0,10009.5,1,0.5,0.5,5004.75,5004.75,1.0,2026-06-15T00:27:57.000000Z,2026-06-15T00:27:57.000000Z,1677,1677
2026-06-15T00:27:58.000000Z,BTCUSDT,futures,10010.0,10010.0,10010.0,10010.0,1.0,10010.0,1,0.5,0.5,5005.0,5005.0,1.0,2026-06-15T00:27:58.000000Z,2026-06-15T00:27:58.000000Z,1678,1678
2026-06-15T00:27:59.000000Z,BTCUSDT,futures,10010.5,10010.5,10010.5,10010.5,1.0,10010.5,1,0.5,0.5,5005.25,5005.25,1.0,2026-06-15T00:27:59.000000Z,2026-06-15T00:27:59.000000Z,1679,1679
2026-06-15T00:28:00.000000Z,BTCUSDT,futures,10009.5,10009.5,10009.5,10009.5,1.0,10009.5,1,0.5,0.5,5004.75,5004.75,1.0,2026-06-15T00:28:00.000000Z,2026-06-15T00:28:00.000000Z,1680,1680
2026-06-15T00:28:01.000000Z,BTCUSDT,futures,10010.0,10010.0,10010.0,10010.0,1.0,10010.0,1,0.5,0.5,5005.0,5005.0,1.0,2026-06-15T00:28:01.000000Z,2026-06-15T00:28:01.000000Z,1681,1681
2026-06-15T00:28:02.000000Z,BTCUSDT,futures,10010.5,10010.5,10010.5,10010.5,1.0,10010.5,1,0.5,0.5,5005.25,5005.25,1.0,2026-06-15T00:28:02.000000Z,2026-06-15T00:28:02.000000Z,1682,1682
2026-06-15T00:28:03.000000Z,BTCUSDT,futures,10009.5,10009.5,10009.5,10009.5,1.0,10009.5,1,0.5,0.5,5004.75,5004.75,1.0,2026-06-15T00:28:03.000000Z,2026-06-15T00:28:03.000000Z,1683,1683
2026-06-15T00:28:04.000000Z,BTCUSDT,futures,10010.0,10010.0,10010.0,10010.0,1.0,10010.0,1,0.5,0.5,5005.0,5005.0,1.0,2026-06-15T00:28:04.000000Z,2026-06-15T00:28:04.000000Z,1684,1684
2026-06-15T00:28:05.000000Z,BTCUSDT,futures,10010.5,10010.5,10010.5,10010.5,1.0,10010.5,1,0.5,0.5,5005.25,5005.25,1.0,2026-06-15T00:28:05.000000Z,2026-06-15T00:28:05.000000Z,1685,1685
2026-06-15T00:28:06.000000Z,BTCUSDT,futures,10009.5,10009.5,10009.5,10009.5,1.0,10009.5,1,0.5,0.5,5004.75,5004.75,1.0,2026-06-15T00:28:06.000000Z,2026-06-15T00:28:06.000000Z,1686,1686
2026-06-15T00:28:07.000000Z,BTCUSDT,futures,10010.0,10010.0,10010.0,10010.0,1.0,10010.0,1,0.5,0.5,5005.0,5005.0,1.0,2026-06-15T00:28:07.000000Z,2026-06-15T00:28:07.000000Z,1687,1687
2026-06-15T00:28:08.000000Z,BTCUSDT,futures,10010.5,10010.5,10010.5,10010.5,1.0,10010.5,1,0.5,0.5,5005.25,5005.25,1.0,2026-06-15T00:28:08.000000Z,2026-06-15T00:28:08.000000Z,1688,1688
2026-06-15T00:28:09.000000Z,BTCUSDT,futures,10009.5,10009.5,10009.5,10009.5,1.0,10009.5,1,0.5,0.5,5004.75,5004.75,1.0,2026-06-15T00:28:09.000000Z,2026-06-15T00:28:09.000000Z,1689,1689
2026-06-15T00:28:10.000000Z,BTCUSDT,futures,10010.0,10010.0,10010.0,10010.0,1.0,10010.0,1,0.5,0.5,5005.0,5005.0,1.0,2026-06-15T00:28:10.000000Z,2026-06-15T00:28:10.000000Z,1690,1690
2026-06-15T00:28:11.000000Z,BTCUSDT,futures,10010.5,10010.5,10010.5,10010.5,1.0,10010.5,1,0.5,0.5,5005.25,5005.25,1.0,2026-06-15T00:28:11.000000Z,2026-06-15T00:28:11.000000Z,1691,1691
2026-06-15T00:28:12.000000Z,BTCUSDT,futures,10009.5,10009.5,10009.5,10009.5,1.0,10009.5,1,0.5,0.5,5004.75,5004.75,1.0,2026-06-15T00:28:12.000000Z,2026-06-15T00:28:12.000000Z,1692,1692
2026-06-15T00:28:13.000000Z,BTCUSDT,futures,10010.0,10010.0,10010.0,10010.0,1.0,10010.0,1,0.5,0.5,5005.0,5005.0,1.0,2026-06-15T00:28:13.000000Z,2026-06-15T00:28:13.000000Z,1693,1693
2026-06-15T00:28:14.000000Z,BTCUSDT,futures,10010.5,10010.5,10010.5,10010.5,1.0,10010.5,1,0.5,0.5,5005.25,5005.25,1.0,2026-06-15T00:28:14.000000Z,2026-06-15T00:28:14.000000Z,1694,1694
2026-06-15T00:28:15.000000Z,BTCUSDT,futures,10009.5,10009.5,10009.5,10009.5,1.0,10009.5,1,0.5,0.5,5004.75,5004.75,1.0,2026-06-15T00:28:15.000000Z,2026-06-15T00:28:15.000000Z,1695,1695
2026-06-15T00:28:16.000000Z,BTCUSDT,futures,10010.0,10010.0,10010.0,10010.0,1.0,10010.0,1,0.5,0.5,5005.0,5005.0,1.0,2026-06-15T00:28:16.000000Z,2026-06-15T00:28:16.000000Z,1696,1696
2026-06-15T00:28:17.000000Z,BTCUSDT,futures,10010.5,10010.5,10010.5,10010.5,1.0,10010.5,1,0.5,0.5,5005.25,5005.25,1.0,2026-06-15T00:28:17.000000Z,2026-06-15T00:28:17.000000Z,1697,1697
2026-06-15T00:28:18.000000Z,BTCUSDT,futures,10009.5,10009.5,10009.5,10009.5,1.0,10009.5,1,0.5,0.5,5004.75,5004.75,1.0,2026-06-15T00:28:18.000000Z,2026-06-15T00:28:18.000000Z,1698,1698
2026-06-15T00:28:19.000000Z,BTCUSDT,futures,10010.0,10010.0,10010.0,10010.0,1.0,10010.0,1,0.5,0.5,5005.0,5005.0,1.0,2026-06-15T00:28:19.000000Z,2026-06-15T00:28:19.000000Z,1699,1699
2026-06-15T00:28:20.000000Z,BTCUSDT,futures,10010.5,10010.5,10010.5,10010.5,1.0,10010.5,1,0.5,0.5,5005.25,5005.25,1.0,2026-06-15T00:28:20.000000Z,2026-06-15T00:28:20.000000Z,1700,1700
2026-06-15T00:28:21.000000Z,BTCUSDT,futures,10009.5,10009.5,10009.5,10009.5,1.0,10009.5,1,0.5,0.5,5004.75,5004.75,1.0,2026-06-15T00:28:21.000000Z,2026-06-15T00:28:21.000000Z,1701,1701
2026-06-15T00:28:22.000000Z,BTCUSDT,futures,10010.0,10010.0,10010.0,10010.0,1.0,10010.0,1,0.5,0.5,5005.0,5005.0,1.0,2026-06-15T00:28:22.000000Z,2026-06-15T00:28:22.000000Z,1702,1702
2026-06-15T00:28:23.000000Z,BTCUSDT,futures,10010.5,10010.5,10010.5,10010.5,1.0,10010.5,1,0.5,0.5,5005.25,5005.25,1.0,2026-06-15T00:28:23.000000Z,2026-06-15T00:28:23.000000Z,1703,1703
2026-06-15T00:28:24.000000Z,BTCUSDT,futures,10009.5,10009.5,10009.5,10009.5,1.0,10009.5,1,0.5,0.5,5004.75,5004.75,1.0,2026-06-15T00:28:24.000000Z,2026-06-15T00:28:24.000000Z,1704,1704
2026-06-15T00:28:25.000000Z,BTCUSDT,futures,10010.0,10010.0,10010.0,10010.0,1.0,10010.0,1,0.5,0.5,5005.0,5005.0,1.0,2026-06-15T00:28:25.000000Z,2026-06-15T00:28:25.000000Z,1705,1705
2026-06-15T00:28:26.000000Z,BTCUSDT,futures,10010.5,10010.5,10010.5,10010.5,1.0,10010.5,1,0.5,0.5,5005.25,5005.25,1.0,2026-06-15T00:28:26.000000Z,2026-06-15T00:28:26.000000Z,1706,1706
2026-06-15T00:28:27.000000Z,BTCUSDT,futures,10009.5,10009.5,10009.5,10009.5,1.0,10009.5,1,0.5,0.5,5004.75,5004.75,1.0,2026-06-15T00:28:27.000000Z,2026-06-15T00:28:27.000000Z,1707,1707
2026-06-15T00:28:28.000000Z,BTCUSDT,futures,10010.0,10010.0,10010.0,10010.0,1.0,10010.0,1,0.5,0.5,5005.0,5005.0,1.0,2026-06-15T00:28:28.000000Z,2026-06-15T00:28:28.000000Z,1708,1708
2026-06-15T00:28:29.000000Z,BTCUSDT,futures,10010.5,10010.5,10010.5,10010.5,1.0,10010.5,1,0.5,0.5,5005.25,5005.25,1.0,2026-06-15T00:28:29.000000Z,2026-06-15T00:28:29.000000Z,1709,1709
2026-06-15T00:28:30.000000Z,BTCUSDT,futures,10009.5,10009.5,10009.5,10009.5,1.0,10009.5,1,0.5,0.5,5004.75,5004.75,1.0,2026-06-15T00:28:30.000000Z,2026-06-15T00:28:30.000000Z,1710,1710
2026-06-15T00:28:31.000000Z,BTCUSDT,futures,10010.0,10010.0,10010.0,10010.0,1.0,10010.0,1,0.5,0.5,5005.0,5005.0,1.0,2026-06-15T00:28:31.000000Z,2026-06-15T00:28:31.000000Z,1711,1711
2026-06-15T00:28:32.000000Z,BTCUSDT,futures,10010.5,10010.5,10010.5,10010.5,1.0,10010.5,1,0.5,0.5,5005.25,5005.25,1.0,2026-06-15T00:28:32.000000Z,2026-06-15T00:28:32.000000Z,1712,1712
2026-06-15T00:28:33.000000Z,BTCUSDT,futures,10009.5,10009.5,10009.5,10009.5,1.0,10009.5,1,0.5,0.5,5004.75,5004.75,1.0,2026-06-15T00:28:33.000000Z,2026-06-15T00:28:33.000000Z,1713,1713
2026-06-15T00:28:34.000000Z,BTCUSDT,futures,10010.0,10010.0,10010.0,10010.0,1.0,10010.0,1,0.5,0.5,5005.0,5005.0,1.0,2026-06-15T00:28:34.000000Z,2026-06-15T00:28:34.000000Z,1714,1714
2026-06-15T00:28:35.000000Z,BTCUSDT,futures,10010.5,10010.5,10010.5,10010.5,1.0,10010.5,1,0.5,0.5,5005.25,5005.25,1.0,2026-06-15T00:28:35.000000Z,2026-06-15T00:28:35.000000Z,1715,1715
2026-06-15T00:28:36.000000Z,BTCUSDT,futures,10009.5,10009.5,10009.5,10009.5,1.0,10009.5,1,0.5,0.5,5004.75,5004.75,1.0,2026-06-15T00:28:36.000000Z,2026-06-15T00:28:36.000000Z,1716,1716
2026-06-15T00:28:37.000000Z,BTCUSDT,futures,10010.0,10010.0,10010.0,10010.0,1.0,10010.0,1,0.5,0.5,5005.0,5005.0,1.0,2026-06-15T00:28:37.000000Z,2026-06-15T00:28:37.000000Z,1717,1717
2026-06-15T00:28:38.000000Z,BTCUSDT,futures,10010.5,10010.5,10010.5,10010.5,1.0,10010.5,1,0.5,0.5,5005.25,5005.25,1.0,2026-06-15T00:28:38.000000Z,2026-06-15T00:28:38.000000Z,1718,1718
2026-06-15T00:28:39.000000Z,BTCUSDT,futures,10009.5,10009.5,10009.5,10009.5,1.0,10009.5,1,0.5,0.5,5004.75,5004.75,1.0,2026-06-15T00:28:39.000000Z,2026-06-15T00:28:39.000000Z,1719,1719
2026-06-15T00:28:40.000000Z,BTCUSDT,futures,10010.0,10010.0,10010.0,10010.0,1.0,10010.0,1,0.5,0.5,5005.0,5005.0,1.0,2026-06-15T00:28:40.000000Z,2026-06-15T00:28:40.000000Z,1720,1720
2026-06-15T00:28:41.000000Z,BTCUSDT,futures,10010.5,10010.5,10010.5,10010.5,1.0,10010.5,1,0.5,0.5,5005.25,5005.25,1.0,2026-06-15T00:28:41.000000Z,2026-06-15T00:28:41.000000Z,1721,1721
2026-06-15T00:28:42.000000Z,BTCUSDT,futures,10009.5,10009.5,10009.5,10009.5,1.0,10009.5,1,0.5,0.5,5004.75,5004.75,1.0,2026-06-15T00:28:42.000000Z,2026-06-15T00:28:42.000000Z,1722,1722
2026-06-15T00:28:43.000000Z,BTCUSDT,futures,10010.0,10010.0,10010.0,10010.0,1.0,10010.0,1,0.5,0.5,5005.0,5005.0,1.0,2026-06-15T00:28:43.000000Z,2026-06-15T00:28:43.000000Z,1723,1723
2026-06-15T00:28:44.000000Z,BTCUSDT,futures,10010.5,10010.5,10010.5,10010.5,1.0,10010.5,1,0.5,0.5,5005.25,5005.25,1.0,2026-06-15T00:28:44.000000Z,2026-06-15T00:28:44.000000Z,1724,1724
2026-06-15T00:28:45.000000Z,BTCUSDT,futures,10009.5,10009.5,10009.5,10009.5,1.0,10009.5,1,0.5,0.5,5004.75,5004.75,1.0,2026-06-15T00:28:45.000000Z,2026-06-15T00:28:45.000000Z,1725,1725
2026-06-15T00:28:46.000000Z,BTCUSDT,futures,10010.0,10010.0,10010.0,10010.0,1.0,10010.0,1,0.5,0.5,5005.0,5005.0,1.0,2026-06-15T00:28:46.000000Z,2026-06-15T00:28:46.000000Z,1726,1726
2026-06-15T00:28:47.000000Z,BTCUSDT,futures,10010.5,10010.5,10010.5,10010.5,1.0,10010.5,1,0.5,0.5,5005.25,5005.25,1.0,2026-06-15T00:28:47.000000Z,2026-06-15T00:28:47.000000Z,1727,1727
2026-06-15T00:28:48.000000Z,BTCUSDT,futures,10009.5,10009.5,10009.5,10009.5,1.0,10009.5,1,0.5,0.5,5004.75,5004.75,1.0,2026-06-15T00:28:48.000000Z,2026-06-15T00:28:48.000000Z,1728,1728
2026-06-15T00:28:49.000000Z,BTCUSDT,futures,10010.0,10010.0,10010.0,10010.0,1.0,10010.0,1,0.5,0.5,5005.0,5005.0,1.0,2026-06-15T00:28:49.000000Z,2026-06-15T00:28:49.000000Z,1729,1729
2026-06-15T00:28:50.000000Z,BTCUSDT,futures,10010.5,10010.5,10010.5,10010.5,1.0,10010.5,1,0.5,0.5,5005.25,5005.25,1.0,2026-06-15T00:28:50.000000Z,2026-06-15T00:28:50.000000Z,1730,1730
2026-06-15T00:28:51.000000Z,BTCUSDT,futures,10009.5,10009.5,10009.5,10009.5,1.0,10009.5,1,0.5,0.5,5004.75,5004.75,1.0,2026-06-15T00:28:51.000000Z,2026-06-15T00:28:51.000000Z,1731,1731
2026-06-15T00:28:52.000000Z,BTCUSDT,futures,10010.0,10010.0,10010.0,10010.0,1.0,10010.0,1,0.5,0.5,5005.0,5005.0,1.0,2026-06-15T00:28:52.000000Z,2026-06-15T00:28:52.000000Z,1732,1732
2026-06-15T00:28:53.000000Z,BTCUSDT,futures,10010.5,10010.5,10010.5,10010.5,1.0,10010.5,1,0.5,0.5,5005.25,5005.25,1.0,2026-06-15T00:28:53.000000Z,2026-06-15T00:28:53.000000Z,1733,1733
2026-06-15T00:28:54.000000Z,BTCUSDT,futures,10009.5,10009.5,10009.5,10009.5,1.0,10009.5,1,0.5,0.5,5004.75,5004.75,1.0,2026-06-15T00:28:54.000000Z,2026-06-15T00:28:54.000000Z,1734,1734
2026-06-15T00:28:55.000000Z,BTCUSDT,futures,10010.0,10010.0,10010.0,10010.0,1.0,10010.0,1,0.5,0.5,5005.0,5005.0,1.0,2026-06-15T00:28:55.000000Z,2026-06-15T00:28:55.000000Z,1735,1735
2026-06-15T00:28:56.000000Z,BTCUSDT,futures,10010.5,10010.5,10010.5,10010.5,1.0,10010.5,1,0.5,0.5,5005.25,5005.25,1.0,2026-06-15T00:28:56.000000Z,2026-06-15T00:28:56.000000Z,1736,1736
2026-06-15T00:28:57.000000Z,BTCUSDT,futures,10009.5,10009.5,10009.5,10009.5,1.0,10009.5,1,0.5,0.5,5004.75,5004.75,1.0,2026-06-15T00:28:57.000000Z,2026-06-15T00:28:57.000000Z,1737,1737
2026-06-15T00:28:58.000000Z,BTCUSDT,futures,10010.0,10010.0,10010.0,10010.0,1.0,10010.0,1,0.5,0.5,5005.0,5005.0,1.0,2026-06-15T00:28:58.000000Z,2026-06-15T00:28:58.000000Z,1738,1738
2026-06-15T00:28:59.000000Z,BTCUSDT,futures,10010.5,10010.5,10010.5,10010.5,1.0,10010.5,1,0.5,0.5,5005.25,5005.25,1.0,2026-06-15T00:28:59.000000Z,2026-06-15T00:28:59.000000Z,1739,1739
2026-06-15T00:29:00.000000Z,BTCUSDT,futures,10009.5,10009.5,10009.5,10009.5,1.0,10009.5,1,0.5,0.5,5004.75,5004.75,1.0,2026-06-15T00:29:00.000000Z,2026-06-15T00:29:00.000000Z,1740,1740
2026-06-15T00:29:01.000000Z,BTCUSDT,futures,10010.0,10010.0,10010.0,10010.0,1.0,10010.0,1,0.5,0.5,5005.0,5005.0,1.0,2026-06-15T00:29:01.000000Z,2026-06-15T00:29:01.000000Z,1741,1741
2026-06-15T00:29:02.000000Z,BTCUSDT,futures,10010.5,10010.5,10010.5,10010.5,1.0,10010.5,1,0.5,0.5,5005.25,5005.25,1.0,2026-06-15T00:29:02.000000Z,2026-06-15T00:29:02.000000Z,1742,1742
2026-06-15T00:29:03.000000Z,BTCUSDT,futures,10009.5,10009.5,10009.5,10009.5,1.0,10009.5,1,0.5,0.5,5004.75,5004.75,1.0,2026-06-15T00:29:03.000000Z,2026-06-15T00:29:03.000000Z,1743,1743
2026-06-15T00:29:04.000000Z,BTCUSDT,futures,10010.0,10010.0,10010.0,10010.0,1.0,10010.0,1,0.5,0.5,5005.0,5005.0,1.0,2026-06-15T00:29:04.000000Z,2026-06-15T00:29:04.000000Z,1744,1744
2026-06-15T00:29:05.000000Z,BTCUSDT,futures,10010.5,10010.5,10010.5,10010.5,1.0,10010.5,1,0.5,0.5,5005.25,5005.25,1.0,2026-06-15T00:29:05.000000Z,2026-06-15T00:29:05.000000Z,1745,1745
2026-06-15T00:29:06.000000Z,BTCUSDT,futures,10009.5,10009.5,10009.5,10009.5,1.0,10009.5,1,0.5,0.5,5004.75,5004.75,1.0,2026-06-15T00:29:06.000000Z,2026-06-15T00:29:06.000000Z,1746,1746
2026-06-15T00:29:07.000000Z,BTCUSDT,futures,10010.0,10010.0,10010.0,10010.0,1.0,10010.0,1,0.5,0.5,5005.0,5005.0,1.0,2026-06-15T00:29:07.000000Z,2026-06-15T00:29:07.000000Z,1747,1747
2026-06-15T00:29:08.000000Z,BTCUSDT,futures,10010.5,10010.5,10010.5,10010.5,1.0,10010.5,1,0.5,0.5,5005.25,5005.25,1.0,2026-06-15T00:29:08.000000Z,2026-06-15T00:29:08.000000Z,1748,1748
2026-06-15T00:29:09.000000Z,BTCUSDT,futures,10009.5,10009.5,10009.5,10009.5,1.0,10009.5,1,0.5,0.5,5004.75,5004.75,1.0,2026-06-15T00:29:09.000000Z,2026-06-15T00:29:09.000000Z,1749,1749
2026-06-15T00:29:10.000000Z,BTCUSDT,futures,10010.0,10010.0,10010.0,10010.0,1.0,10010.0,1,0.5,0.5,5005.0,5005.0,1.0,2026-06-15T00:29:10.000000Z,2026-06-15T00:29:10.000000Z,1750,1750
2026-06-15T00:29:11.000000Z,BTCUSDT,futures,10010.5,10010.5,10010.5,10010.5,1.0,10010.5,1,0.5,0.5,5005.25,5005.25,1.0,2026-06-15T00:29:11.000000Z,2026-06-15T00:29:11.000000Z,1751,1751
2026-06-15T00:29:12.000000Z,BTCUSDT,futures,10009.5,10009.5,10009.5,10009.5,1.0,10009.5,1,0.5,0.5,5004.75,5004.75,1.0,2026-06-15T00:29:12.000000Z,2026-06-15T00:29:12.000000Z,1752,1752
2026-06-15T00:29:13.000000Z,BTCUSDT,futures,10010.0,10010.0,10010.0,10010.0,1.0,10010.0,1,0.5,0.5,5005.0,5005.0,1.0,2026-06-15T00:29:13.000000Z,2026-06-15T00:29:13.000000Z,1753,1753
2026-06-15T00:29:14.000000Z,BTCUSDT,futures,10010.5,10010.5,10010.5,10010.5,1.0,10010.5,1,0.5,0.5,5005.25,5005.25,1.0,2026-06-15T00:29:14.000000Z,2026-06-15T00:29:14.000000Z,1754,1754
2026-06-15T00:29:15.000000Z,BTCUSDT,futures,10009.5,10009.5,10009.5,10009.5,1.0,10009.5,1,0.5,0.5,5004.75,5004.75,1.0,2026-06-15T00:29:15.000000Z,2026-06-15T00:29:15.000000Z,1755,1755
2026-06-15T00:29:16.000000Z,BTCUSDT,futures,10010.0,10010.0,10010.0,10010.0,1.0,10010.0,1,0.5,0.5,5005.0,5005.0,1.0,2026-06-15T00:29:16.000000Z,2026-06-15T00:29:16.000000Z,1756,1756
2026-06-15T00:29:17.000000Z,BTCUSDT,futures,10010.5,10010.5,10010.5,10010.5,1.0,10010.5,1,0.5,0.5,5005.25,5005.25,1.0,2026-06-15T00:29:17.000000Z,2026-06-15T00:29:17.000000Z,1757,1757
2026-06-15T00:29:18.000000Z,BTCUSDT,futures,10009.5,10009.5,10009.5,10009.5,1.0,10009.5,1,0.5,0.5,5004.75,5004.75,1.0,2026-06-15T00:29:18.000000Z,2026-06-15T00:29:18.000000Z,1758,1758
2026-06-15T00:29:19.000000Z,BTCUSDT,futures,10010.0,10010.0,10010.0,10010.0,1.0,10010.0,1,0.5,0.5,5005.0,5005.0,1.0,2026-06-15T00:29:19.000000Z,2026-06-15T00:29:19.000000Z,1759,1759
2026-06-15T00:29:20.000000Z,BTCUSDT,futures,10010.5,10010.5,10010.5,10010.5,1.0,10010.5,1,0.5,0.5,5005.25,5005.25,1.0,2026-06-15T00:29:20.000000Z,2026-06-15T00:29:20.000000Z,1760,1760
2026-06-15T00:29:21.000000Z,BTCUSDT,futures,10009.5,10009.5,10009.5,10009.5,1.0,10009.5,1,0.5,0.5,5004.75,5004.75,1.0,2026-06-15T00:29:21.000000Z,2026-06-15T00:29:21.000000Z,1761,1761
2026-06-15T00:29:22.000000Z,BTCUSDT,futures,10010.0,10010.0,10010.0,10010.0,1.0,10010.0,1,0.5,0.5,5005.0,5005.0,1.0,2026-06-15T00:29:22.000000Z,2026-06-15T00:29:22.000000Z,1762,1762
2026-06-15T00:29:23.000000Z,BTCUSDT,futures,10010.5,10010.5,10010.5,10010.5,1.0,10010.5,1,0.5,0.5,5005.25,5005.25,1.0,2026-06-15T00:29:23.000000Z,2026-06-15T00:29:23.000000Z,1763,1763
2026-06-15T00:29:24.000000Z,BTCUSDT,futures,10009.5,10009.5,10009.5,10009.5,1.0,10009.5,1,0.5,0.5,5004.75,5004.75,1.0,2026-06-15T00:29:24.000000Z,2026-06-15T00:29:24.000000Z,1764,1764
2026-06-15T00:29:25.000000Z,BTCUSDT,futures,10010.0,10010.0,10010.0,10010.0,1.0,10010.0,1,0.5,0.5,5005.0,5005.0,1.0,2026-06-15T00:29:25.000000Z,2026-06-15T00:29:25.000000Z,1765,1765
2026-06-15T00:29:26.000000Z,BTCUSDT,futures,10010.5,10010.5,10010.5,10010.5,1.0,10010.5,1,0.5,0.5,5005.25,5005.25,1.0,2026-06-15T00:29:26.000000Z,2026-06-15T00:29:26.000000Z,1766,1766
2026-06-15T00:29:27.000000Z,BTCUSDT,futures,10009.5,10009.5,10009.5,10009.5,1.0,10009.5,1,0.5,0.5,5004.75,5004.75,1.0,2026-06-15T00:29:27.000000Z,2026-06-15T00:29:27.000000Z,1767,1767
2026-06-15T00:29:28.000000Z,BTCUSDT,futures,10010.0,10010.0,10010.0,10010.0,1.0,10010.0,1,0.5,0.5,5005.0,5005.0,1.0,2026-06-15T00:29:28.000000Z,2026-06-15T00:29:28.000000Z,1768,1768
2026-06-15T00:29:29.000000Z,BTCUSDT,futures,10010.5,10010.5,10010.5,10010.5,1.0,10010.5,1,0.5,0.5,5005.25,5005.25,1.0,2026-06-15T00:29:29.000000Z,2026-06-15T00:29:29.000000Z,1769,1769
2026-06-15T00:29:30.000000Z,BTCUSDT,futures,10009.5,10009.5,10009.5,10009.5,1.0,10009.5,1,0.5,0.5,5004.75,5004.75,1.0,2026-06-15T00:29:30.000000Z,2026-06-15T00:29:30.000000Z,1770,1770
2026-06-15T00:29:31.000000Z,BTCUSDT,futures,10010.0,10010.0,10010.0,10010.0,1.0,10010.0,1,0.5,0.5,5005.0,5005.0,1.0,2026-06-15T00:29:31.000000Z,2026-06-15T00:29:31.000000Z,1771,1771
2026-06-15T00:29:32.000000Z,BTCUSDT,futures,10010.5,10010.5,10010.5,10010.5,1.0,10010.5,1,0.5,0.5,5005.25,5005.25,1.0,2026-06-15T00:29:32.000000Z,2026-06-15T00:29:32.000000Z,1772,1772
2026-06-15T00:29:33.000000Z,BTCUSDT,futures,10009.5,10009.5,10009.5,10009.5,1.0,10009.5,1,0.5,0.5,5004.75,5004.75,1.0,2026-06-15T00:29:33.000000Z,2026-06-15T00:29:33.000000Z,1773,1773
2026-06-15T00:29:34.000000Z,BTCUSDT,futures,10010.0,10010.0,10010.0,10010.0,1.0,10010.0,1,0.5,0.5,5005.0,5005.0,1.0,2026-06-15T00:29:34.000000Z,2026-06-15T00:29:34.000000Z,1774,1774
2026-06-15T00:29:35.000000Z,BTCUSDT,futures,10010.5,10010.5,10010.5,10010.5,1.0,10010.5,1,0.5,0.5,5005.25,5005.25,1.0,2026-06-15T00:29:35.000000Z,2026-06-15T00:29:35.000000Z,1775,1775
2026-06-15T00:29:36.000000Z,BTCUSDT,futures,10009.5,10009.5,10009.5,10009.5,1.0,10009.5,1,0.5,0.5,5004.75,5004.75,1.0,2026-06-15T00:29:36.000000Z,2026-06-15T00:29:36.000000Z,1776,1776
2026-06-15T00:29:37.000000Z,BTCUSDT,futures,10010.0,10010.0,10010.0,10010.0,1.0,10010.0,1,0.5,0.5,5005.0,5005.0,1.0,2026-06-15T00:29:37.000000Z,2026-06-15T00:29:37.000000Z,1777,1777
2026-06-15T00:29:38.000000Z,BTCUSDT,futures,10010.5,10010.5,10010.5,10010.5,1.0,10010.5,1,0.5,0.5,5005.25,5005.25,1.0,2026-06-15T00:29:38.000000Z,2026-06-15T00:29:38.000000Z,1778,1778
2026-06-15T00:29:39.000000Z,BTCUSDT,futures,10009.5,10009.5,10009.5,10009.5,1.0,10009.5,1,0.5,0.5,5004.75,5004.75,1.0,2026-06-15T00:29:39.000000Z,2026-06-15T00:29:39.000000Z,1779,1779
2026-06-15T00:29:40.000000Z,BTCUSDT,futures,10010.0,10010.0,10010.0,10010.0,1.0,10010.0,1,0.5,0.5,5005.0,5005.0,1.0,2026-06-15T00:29:40.000000Z,2026-06-15T00:29:40.000000Z,1780,1780
2026-06-15T00:29:41.000000Z,BTCUSDT,futures,10010.5,10010.5,10010.5,10010.5,1.0,10010.5,1,0.5,0.5,5005.25,5005.25,1.0,2026-06-15T00:29:41.000000Z,2026-06-15T00:29:41.000000Z,1781,1781
2026-06-15T00:29:42.000000Z,BTCUSDT,futures,10009.5,10009.5,10009.5,10009.5,1.0,10009.5,1,0.5,0.5,5004.75,5004.75,1.0,2026-06-15T00:29:42.000000Z,2026-06-15T00:29:42.000000Z,1782,1782
2026-06-15T00:29:43.000000Z,BTCUSDT,futures,10010.0,10010.0,10010.0,10010.0,1.0,10010.0,1,0.5,0.5,5005.0,5005.0,1.0,2026-06-15T00:29:43.000000Z,2026-06-15T00:29:43.000000Z,1783,1783
2026-06-15T00:29:44.000000Z,BTCUSDT,futures,10010.5,10010.5,10010.5,10010.5,1.0,10010.5,1,0.5,0.5,5005.25,5005.25,1.0,2026-06-15T00:29:44.000000Z,2026-06-15T00:29:44.000000Z,1784,1784
2026-06-15T00:29:45.000000Z,BTCUSDT,futures,10009.5,10009.5,10009.5,10009.5,1.0,10009.5,1,0.5,0.5,5004.75,5004.75,1.0,2026-06-15T00:29:45.000000Z,2026-06-15T00:29:45.000000Z,1785,1785
2026-06-15T00:29:46.000000Z,BTCUSDT,futures,10010.0,10010.0,10010.0,10010.0,1.0,10010.0,1,0.5,0.5,5005.0,5005.0,1.0,2026-06-15T00:29:46.000000Z,2026-06-15T00:29:46.000000Z,1786,1786
2026-06-15T00:29:47.000000Z,BTCUSDT,futures,10010.5,10010.5,10010.5,10010.5,1.0,10010.5,1,0.5,0.5,5005.25,5005.25,1.0,2026-06-15T00:29:47.000000Z,2026-06-15T00:29:47.000000Z,1787,1787
2026-06-15T00:29:48.000000Z,BTCUSDT,futures,10009.5,10009.5,10009.5,10009.5,1.0,10009.5,1,0.5,0.5,5004.75,5004.75,1.0,2026-06-15T00:29:48.000000Z,2026-06-15T00:29:48.000000Z,1788,1788
2026-06-15T00:29:49.000000Z,BTCUSDT,futures,10010.0,10010.0,10010.0,10010.0,1.0,10010.0,1,0.5,0.5,5005.0,5005.0,1.0,2026-06-15T00:29:49.000000Z,2026-06-15T00:29:49.000000Z,1789,1789
2026-06-15T00:29:50.000000Z,BTCUSDT,futures,10010.5,10010.5,10010.5,10010.5,1.0,10010.5,1,0.5,0.5,5005.25,5005.25,1.0,2026-06-15T00:29:50.000000Z,2026-06-15T00:29:50.000000Z,1790,1790
2026-06-15T00:29:51.000000Z,BTCUSDT,futures,10009.5,10009.5,10009.5,10009.5,1.0,10009.5,1,0.5,0.5,5004.75,5004.75,1.0,2026-06-15T00:29:51.000000Z,2026-06-15T00:29:51.000000Z,1791,1791
2026-06-15T00:29:52.000000Z,BTCUSDT,futures,10010.0,10010.0,10010.0,10010.0,1.0,10010.0,1,0.5,0.5,5005.0,5005.0,1.0,2026-06-15T00:29:52.000000Z,2026-06-15T00:29:52.000000Z,1792,1792
2026-06-15T00:29:53.000000Z,BTCUSDT,futures,10010.5,10010.5,10010.5,10010.5,1.0,10010.5,1,0.5,0.5,5005.25,5005.25,1.0,2026-06-15T00:29:53.000000Z,2026-06-15T00:29:53.000000Z,1793,1793
2026-06-15T00:29:54.000000Z,BTCUSDT,futures,10009.5,10009.5,10009.5,10009.5,1.0,10009.5,1,0.5,0.5,5004.75,5004.75,1.0,2026-06-15T00:29:54.000000Z,2026-06-15T00:29:54.000000Z,1794,1794
2026-06-15T00:29:55.000000Z,BTCUSDT,futures,10010.0,10010.0,10010.0,10010.0,1.0,10010.0,1,0.5,0.5,5005.0,5005.0,1.0,2026-06-15T00:29:55.000000Z,2026-06-15T00:29:55.000000Z,1795,1795
2026-06-15T00:29:56.000000Z,BTCUSDT,futures,10010.5,10010.5,10010.5,10010.5,1.0,10010.5,1,0.5,0.5,5005.25,5005.25,1.0,2026-06-15T00:29:56.000000Z,2026-06-15T00:29:56.000000Z,1796,1796
2026-06-15T00:29:57.000000Z,BTCUSDT,futures,10009.5,10009.5,10009.5,10009.5,1.0,10009.5,1,0.5,0.5,5004.75,5004.75,1.0,2026-06-15T00:29:57.000000Z,2026-06-15T00:29:57.000000Z,1797,1797
2026-06-15T00:29:58.000000Z,BTCUSDT,futures,10010.0,10010.0,10010.0,10010.0,1.0,10010.0,1,0.5,0.5,5005.0,5005.0,1.0,2026-06-15T00:29:58.000000Z,2026-06-15T00:29:58.000000Z,1798,1798
2026-06-15T00:29:59.000000Z,BTCUSDT,futures,10010.5,10010.5,10010.5,10010.5,1.0,10010.5,1,0.5,0.5,5005.25,5005.25,1.0,2026-06-15T00:29:59.000000Z,2026-06-15T00:29:59.000000Z,1799,1799
2026-06-15T00:30:00.000000Z,BTCUSDT,futures,10009.5,10009.5,10009.5,10009.5,1.0,10009.5,1,0.5,0.5,5004.75,5004.75,1.0,2026-06-15T00:30:00.000000Z,2026-06-15T00:30:00.000000Z,1800,1800
2026-06-15T00:30:01.000000Z,BTCUSDT,futures,10010.0,10010.0,10010.0,10010.0,1.0,10010.0,1,0.5,0.5,5005.0,5005.0,1.0,2026-06-15T00:30:01.000000Z,2026-06-15T00:30:01.000000Z,1801,1801
2026-06-15T00:30:02.000000Z,BTCUSDT,futures,10010.5,10010.5,10010.5,10010.5,1.0,10010.5,1,0.5,0.5,5005.25,5005.25,1.0,2026-06-15T00:30:02.000000Z,2026-06-15T00:30:02.000000Z,1802,1802
2026-06-15T00:30:03.000000Z,BTCUSDT,futures,10009.5,10009.5,10009.5,10009.5,1.0,10009.5,1,0.5,0.5,5004.75,5004.75,1.0,2026-06-15T00:30:03.000000Z,2026-06-15T00:30:03.000000Z,1803,1803
2026-06-15T00:30:04.000000Z,BTCUSDT,futures,10010.0,10010.0,10010.0,10010.0,1.0,10010.0,1,0.5,0.5,5005.0,5005.0,1.0,2026-06-15T00:30:04.000000Z,2026-06-15T00:30:04.000000Z,1804,1804
2026-06-15T00:30:05.000000Z,BTCUSDT,futures,10010.5,10010.5,10010.5,10010.5,1.0,10010.5,1,0.5,0.5,5005.25,5005.25,1.0,2026-06-15T00:30:05.000000Z,2026-06-15T00:30:05.000000Z,1805,1805
2026-06-15T00:30:06.000000Z,BTCUSDT,futures,10009.5,10009.5,10009.5,10009.5,1.0,10009.5,1,0.5,0.5,5004.75,5004.75,1.0,2026-06-15T00:30:06.000000Z,2026-06-15T00:30:06.000000Z,1806,1806
2026-06-15T00:30:07.000000Z,BTCUSDT,futures,10010.0,10010.0,10010.0,10010.0,1.0,10010.0,1,0.5,0.5,5005.0,5005.0,1.0,2026-06-15T00:30:07.000000Z,2026-06-15T00:30:07.000000Z,1807,1807
2026-06-15T00:30:08.000000Z,BTCUSDT,futures,10010.5,10010.5,10010.5,10010.5,1.0,10010.5,1,0.5,0.5,5005.25,5005.25,1.0,2026-06-15T00:30:08.000000Z,2026-06-15T00:30:08.000000Z,1808,1808
2026-06-15T00:30:09.000000Z,BTCUSDT,futures,10009.5,10009.5,10009.5,10009.5,1.0,10009.5,1,0.5,0.5,5004.75,5004.75,1.0,2026-06-15T00:30:09.000000Z,2026-06-15T00:30:09.000000Z,1809,1809
2026-06-15T00:30:10.000000Z,BTCUSDT,futures,10010.0,10010.0,10010.0,10010.0,1.0,10010.0,1,0.5,0.5,5005.0,5005.0,1.0,2026-06-15T00:30:10.000000Z,2026-06-15T00:30:10.000000Z,1810,1810
2026-06-15T00:30:11.000000Z,BTCUSDT,futures,10010.5,10010.5,10010.5,10010.5,1.0,10010.5,1,0.5,0.5,5005.25,5005.25,1.0,2026-06-15T00:30:11.000000Z,2026-06-15T00:30:11.000000Z,1811,1811
2026-06-15T00:30:12.000000Z,BTCUSDT,futures,10009.5,10009.5,10009.5,10009.5,1.0,10009.5,1,0.5,0.5,5004.75,5004.75,1.0,2026-06-15T00:30:12.000000Z,2026-06-15T00:30:12.000000Z,1812,1812
2026-06-15T00:30:13.000000Z,BTCUSDT,futures,10010.0,10010.0,10010.0,10010.0,1.0,10010.0,1,0.5,0.5,5005.0,5005.0,1.0,2026-06-15T00:30:13.000000Z,2026-06-15T00:30:13.000000Z,1813,1813
2026-06-15T00:30:14.000000Z,BTCUSDT,futures,10010.5,10010.5,10010.5,10010.5,1.0,10010.5,1,0.5,0.5,5005.25,5005.25,1.0,2026-06-15T00:30:14.000000Z,2026-06-15T00:30:14.000000Z,1814,1814
2026-06-15T00:30:15.000000Z,BTCUSDT,futures,10009.5,10009.5,10009.5,10009.5,1.0,10009.5,1,0.5,0.5,5004.75,5004.75,1.0,2026-06-15T00:30:15.000000Z,2026-06-15T00:30:15.000000Z,1815,1815
2026-06-15T00:30:16.000000Z,BTCUSDT,futures,10010.0,10010.0,10010.0,10010.0,1.0,10010.0,1,0.5,0.5,5005.0,5005.0,1.0,2026-06-15T00:30:16.000000Z,2026-06-15T00:30:16.000000Z,1816,1816
2026-06-15T00:30:17.000000Z,BTCUSDT,futures,10010.5,10010.5,10010.5,10010.5,1.0,10010.5,1,0.5,0.5,5005.25,5005.25,1.0,2026-06-15T00:30:17.000000Z,2026-06-15T00:30:17.000000Z,1817,1817
2026-06-15T00:30:18.000000Z,BTCUSDT,futures,10009.5,10009.5,10009.5,10009.5,1.0,10009.5,1,0.5,0.5,5004.75,5004.75,1.0,2026-06-15T00:30:18.000000Z,2026-06-15T00:30:18.000000Z,1818,1818
2026-06-15T00:30:19.000000Z,BTCUSDT,futures,10010.0,10010.0,10010.0,10010.0,1.0,10010.0,1,0.5,0.5,5005.0,5005.0,1.0,2026-06-15T00:30:19.000000Z,2026-06-15T00:30:19.000000Z,1819,1819
2026-06-15T00:30:20.000000Z,BTCUSDT,futures,10010.5,10010.5,10010.5,10010.5,1.0,10010.5,1,0.5,0.5,5005.25,5005.25,1.0,2026-06-15T00:30:20.000000Z,2026-06-15T00:30:20.000000Z,1820,1820
2026-06-15T00:30:21.000000Z,BTCUSDT,futures,10009.5,10009.5,10009.5,10009.5,1.0,10009.5,1,0.5,0.5,5004.75,5004.75,1.0,2026-06-15T00:30:21.000000Z,2026-06-15T00:30:21.000000Z,1821,1821
2026-06-15T00:30:22.000000Z,BTCUSDT,futures,10010.0,10010.0,10010.0,10010.0,1.0,10010.0,1,0.5,0.5,5005.0,5005.0,1.0,2026-06-15T00:30:22.000000Z,2026-06-15T00:30:22.000000Z,1822,1822
2026-06-15T00:30:23.000000Z,BTCUSDT,futures,10010.5,10010.5,10010.5,10010.5,1.0,10010.5,1,0.5,0.5,5005.25,5005.25,1.0,2026-06-15T00:30:23.000000Z,2026-06-15T00:30:23.000000Z,1823,1823
2026-06-15T00:30:24.000000Z,BTCUSDT,futures,10009.5,10009.5,10009.5,10009.5,1.0,10009.5,1,0.5,0.5,5004.75,5004.75,1.0,2026-06-15T00:30:24.000000Z,2026-06-15T00:30:24.000000Z,1824,1824
2026-06-15T00:30:25.000000Z,BTCUSDT,futures,10010.0,10010.0,10010.0,10010.0,1.0,10010.0,1,0.5,0.5,5005.0,5005.0,1.0,2026-06-15T00:30:25.000000Z,2026-06-15T00:30:25.000000Z,1825,1825
2026-06-15T00:30:26.000000Z,BTCUSDT,futures,10010.5,10010.5,10010.5,10010.5,1.0,10010.5,1,0.5,0.5,5005.25,5005.25,1.0,2026-06-15T00:30:26.000000Z,2026-06-15T00:30:26.000000Z,1826,1826
2026-06-15T00:30:27.000000Z,BTCUSDT,futures,10009.5,10009.5,10009.5,10009.5,1.0,10009.5,1,0.5,0.5,5004.75,5004.75,1.0,2026-06-15T00:30:27.000000Z,2026-06-15T00:30:27.000000Z,1827,1827
2026-06-15T00:30:28.000000Z,BTCUSDT,futures,10010.0,10010.0,10010.0,10010.0,1.0,10010.0,1,0.5,0.5,5005.0,5005.0,1.0,2026-06-15T00:30:28.000000Z,2026-06-15T00:30:28.000000Z,1828,1828
2026-06-15T00:30:29.000000Z,BTCUSDT,futures,10010.5,10010.5,10010.5,10010.5,1.0,10010.5,1,0.5,0.5,5005.25,5005.25,1.0,2026-06-15T00:30:29.000000Z,2026-06-15T00:30:29.000000Z,1829,1829
2026-06-15T00:30:30.000000Z,BTCUSDT,futures,10009.5,10009.5,10009.5,10009.5,1.0,10009.5,1,0.5,0.5,5004.75,5004.75,1.0,2026-06-15T00:30:30.000000Z,2026-06-15T00:30:30.000000Z,1830,1830
2026-06-15T00:30:31.000000Z,BTCUSDT,futures,10010.0,10010.0,10010.0,10010.0,1.0,10010.0,1,0.5,0.5,5005.0,5005.0,1.0,2026-06-15T00:30:31.000000Z,2026-06-15T00:30:31.000000Z,1831,1831
2026-06-15T00:30:32.000000Z,BTCUSDT,futures,10010.5,10010.5,10010.5,10010.5,1.0,10010.5,1,0.5,0.5,5005.25,5005.25,1.0,2026-06-15T00:30:32.000000Z,2026-06-15T00:30:32.000000Z,1832,1832
2026-06-15T00:30:33.000000Z,BTCUSDT,futures,10009.5,10009.5,10009.5,10009.5,1.0,10009.5,1,0.5,0.5,5004.75,5004.75,1.0,2026-06-15T00:30:33.000000Z,2026-06-15T00:30:33.000000Z,1833,1833
2026-06-15T00:30:34.000000Z,BTCUSDT,futures,10010.0,10010.0,10010.0,10010.0,1.0,10010.0,1,0.5,0.5,5005.0,5005.0,1.0,2026-06-15T00:30:34.000000Z,2026-06-15T00:30:34.000000Z,1834,1834
2026-06-15T00:30:35.000000Z,BTCUSDT,futures,10010.5,10010.5,10010.5,10010.5,1.0,10010.5,1,0.5,0.5,5005.25,5005.25,1.0,2026-06-15T00:30:35.000000Z,2026-06-15T00:30:35.000000Z,1835,1835
2026-06-15T00:30:36.000000Z,BTCUSDT,futures,10009.5,10009.5,10009.5,10009.5,1.0,10009.5,1,0.5,0.5,5004.75,5004.75,1.0,2026-06-15T00:30:36.000000Z,2026-06-15T00:30:36.000000Z,1836,1836
2026-06-15T00:30:37.000000Z,BTCUSDT,futures,10010.0,10010.0,10010.0,10010.0,1.0,10010.0,1,0.5,0.5,5005.0,5005.0,1.0,2026-06-15T00:30:37.000000Z,2026-06-15T00:30:37.000000Z,1837,1837
2026-06-15T00:30:38.000000Z,BTCUSDT,futures,10010.5,10010.5,10010.5,10010.5,1.0,10010.5,1,0.5,0.5,5005.25,5005.25,1.0,2026-06-15T00:30:38.000000Z,2026-06-15T00:30:38.000000Z,1838,1838
2026-06-15T00:30:39.000000Z,BTCUSDT,futures,10009.5,10009.5,10009.5,10009.5,1.0,10009.5,1,0.5,0.5,5004.75,5004.75,1.0,2026-06-15T00:30:39.000000Z,2026-06-15T00:30:39.000000Z,1839,1839
2026-06-15T00:30:40.000000Z,BTCUSDT,futures,10010.0,10010.0,10010.0,10010.0,1.0,10010.0,1,0.5,0.5,5005.0,5005.0,1.0,2026-06-15T00:30:40.000000Z,2026-06-15T00:30:40.000000Z,1840,1840
2026-06-15T00:30:41.000000Z,BTCUSDT,futures,10010.5,10010.5,10010.5,10010.5,1.0,10010.5,1,0.5,0.5,5005.25,5005.25,1.0,2026-06-15T00:30:41.000000Z,2026-06-15T00:30:41.000000Z,1841,1841
2026-06-15T00:30:42.000000Z,BTCUSDT,futures,10009.5,10009.5,10009.5,10009.5,1.0,10009.5,1,0.5,0.5,5004.75,5004.75,1.0,2026-06-15T00:30:42.000000Z,2026-06-15T00:30:42.000000Z,1842,1842
2026-06-15T00:30:43.000000Z,BTCUSDT,futures,10010.0,10010.0,10010.0,10010.0,1.0,10010.0,1,0.5,0.5,5005.0,5005.0,1.0,2026-06-15T00:30:43.000000Z,2026-06-15T00:30:43.000000Z,1843,1843
2026-06-15T00:30:44.000000Z,BTCUSDT,futures,10010.5,10010.5,10010.5,10010.5,1.0,10010.5,1,0.5,0.5,5005.25,5005.25,1.0,2026-06-15T00:30:44.000000Z,2026-06-15T00:30:44.000000Z,1844,1844
2026-06-15T00:30:45.000000Z,BTCUSDT,futures,10009.5,10009.5,10009.5,10009.5,1.0,10009.5,1,0.5,0.5,5004.75,5004.75,1.0,2026-06-15T00:30:45.000000Z,2026-06-15T00:30:45.000000Z,1845,1845
2026-06-15T00:30:46.000000Z,BTCUSDT,futures,10010.0,10010.0,10010.0,10010.0,1.0,10010.0,1,0.5,0.5,5005.0,5005.0,1.0,2026-06-15T00:30:46.000000Z,2026-06-15T00:30:46.000000Z,1846,1846
2026-06-15T00:30:47.000000Z,BTCUSDT,futures,10010.5,10010.5,10010.5,10010.5,1.0,10010.5,1,0.5,0.5,5005.25,5005.25,1.0,2026-06-15T00:30:47.000000Z,2026-06-15T00:30:47.000000Z,1847,1847
2026-06-15T00:30:48.000000Z,BTCUSDT,futures,10009.5,10009.5,10009.5,10009.5,1.0,10009.5,1,0.5,0.5,5004.75,5004.75,1.0,2026-06-15T00:30:48.000000Z,2026-06-15T00:30:48.000000Z,1848,1848
2026-06-15T00:30:49.000000Z,BTCUSDT,futures,10010.0,10010.0,10010.0,10010.0,1.0,10010.0,1,0.5,0.5,5005.0,5005.0,1.0,2026-06-15T00:30:49.000000Z,2026-06-15T00:30:49.000000Z,1849,1849
2026-06-15T00:30:50.000000Z,BTCUSDT,futures,10010.5,10010.5,10010.5,10010.5,1.0,10010.5,1,0.5,0.5,5005.25,5005.25,1.0,2026-06-15T00:30:50.000000Z,2026-06-15T00:30:50.000000Z,1850,1850
2026-06-15T00:30:51.000000Z,BTCUSDT,futures,10009.5,10009.5,10009.5,10009.5,1.0,10009.5,1,0.5,0.5,5004.75,5004.75,1.0,2026-06-15T00:30:51.000000Z,2026-06-15T00:30:51.000000Z,1851,1851
2026-06-15T00:30:52.000000Z,BTCUSDT,futures,10010.0,10010.0,10010.0,10010.0,1.0,10010.0,1,0.5,0.5,5005.0,5005.0,1.0,2026-06-15T00:30:52.000000Z,2026-06-15T00:30:52.000000Z,1852,1852
2026-06-15T00:30:53.000000Z,BTCUSDT,futures,10010.5,10010.5,10010.5,10010.5,1.0,10010.5,1,0.5,0.5,5005.25,5005.25,1.0,2026-06-15T00:30:53.000000Z,2026-06-15T00:30:53.000000Z,1853,1853
2026-06-15T00:30:54.000000Z,BTCUSDT,futures,10009.5,10009.5,10009.5,10009.5,1.0,10009.5,1,0.5,0.5,5004.75,5004.75,1.0,2026-06-15T00:30:54.000000Z,2026-06-15T00:30:54.000000Z,1854,1854
2026-06-15T00:30:55.000000Z,BTCUSDT,futures,10010.0,10010.0,10010.0,10010.0,1.0,10010.0,1,0.5,0.5,5005.0,5005.0,1.0,2026-06-15T00:30:55.000000Z,2026-06-15T00:30:55.000000Z,1855,1855
2026-06-15T00:30:56.000000Z,BTCUSDT,futures,10010.5,10010.5,10010.5,10010.5,1.0,10010.5,1,0.5,0.5,5005.25,5005.25,1.0,2026-06-15T00:30:56.000000Z,2026-06-15T00:30:56.000000Z,1856,1856
2026-06-15T00:30:57.000000Z,BTCUSDT,futures,10009.5,10009.5,10009.5,10009.5,1.0,10009.5,1,0.5,0.5,5004.75,5004.75,1.0,2026-06-15T00:30:57.000000Z,2026-06-15T00:30:57.000000Z,1857,1857
2026-06-15T00:30:58.000000Z,BTCUSDT,futures,10010.0,10010.0,10010.0,10010.0,1.0,10010.0,1,0.5,0.5,5005.0,5005.0,1.0,2026-06-15T00:30:58.000000Z,2026-06-15T00:30:58.000000Z,1858,1858
2026-06-15T00:30:59.000000Z,BTCUSDT,futures,10010.5,10010.5,10010.5,10010.5,1.0,10010.5,1,0.5,0.5,5005.25,5005.25,1.0,2026-06-15T00:30:59.000000Z,2026-06-15T00:30:59.000000Z,1859,1859
2026-06-15T00:31:00.000000Z,BTCUSDT,futures,10009.5,10009.5,10009.5,10009.5,1.0,10009.5,1,0.5,0.5,5004.75,5004.75,1.0,2026-06-15T00:31:00.000000Z,2026-06-15T00:31:00.000000Z,1860,1860
2026-06-15T00:31:01.000000Z,BTCUSDT,futures,10010.0,10010.0,10010.0,10010.0,1.0,10010.0,1,0.5,0.5,5005.0,5005.0,1.0,2026-06-15T00:31:01.000000Z,2026-06-15T00:31:01.000000Z,1861,1861
2026-06-15T00:31:02.000000Z,BTCUSDT,futures,10010.5,10010.5,10010.5,10010.5,1.0,10010.5,1,0.5,0.5,5005.25,5005.25,1.0,2026-06-15T00:31:02.000000Z,2026-06-15T00:31:02.000000Z,1862,1862
2026-06-15T00:31:03.000000Z,BTCUSDT,futures,10009.5,10009.5,10009.5,10009.5,1.0,10009.5,1,0.5,0.5,5004.75,5004.75,1.0,2026-06-15T00:31:03.000000Z,2026-06-15T00:31:03.000000Z,1863,1863
2026-06-15T00:31:04.000000Z,BTCUSDT,futures,10010.0,10010.0,10010.0,10010.0,1.0,10010.0,1,0.5,0.5,5005.0,5005.0,1.0,2026-06-15T00:31:04.000000Z,2026-06-15T00:31:04.000000Z,1864,1864
2026-06-15T00:31:05.000000Z,BTCUSDT,futures,10010.5,10010.5,10010.5,10010.5,1.0,10010.5,1,0.5,0.5,5005.25,5005.25,1.0,2026-06-15T00:31:05.000000Z,2026-06-15T00:31:05.000000Z,1865,1865
2026-06-15T00:31:06.000000Z,BTCUSDT,futures,10009.5,10009.5,10009.5,10009.5,1.0,10009.5,1,0.5,0.5,5004.75,5004.75,1.0,2026-06-15T00:31:06.000000Z,2026-06-15T00:31:06.000000Z,1866,1866
2026-06-15T00:31:07.000000Z,BTCUSDT,futures,10010.0,10010.0,10010.0,10010.0,1.0,10010.0,1,0.5,0.5,5005.0,5005.0,1.0,2026-06-15T00:31:07.000000Z,2026-06-15T00:31:07.000000Z,1867,1867
2026-06-15T00:31:08.000000Z,BTCUSDT,futures,10010.5,10010.5,10010.5,10010.5,1.0,10010.5,1,0.5,0.5,5005.25,5005.25,1.0,2026-06-15T00:31:08.000000Z,2026-06-15T00:31:08.000000Z,1868,1868
2026-06-15T00:31:09.000000Z,BTCUSDT,futures,10009.5,10009.5,10009.5,10009.5,1.0,10009.5,1,0.5,0.5,5004.75,5004.75,1.0,2026-06-15T00:31:09.000000Z,2026-06-15T00:31:09.000000Z,1869,1869
2026-06-15T00:31:10.000000Z,BTCUSDT,futures,10010.0,10010.0,10010.0,10010.0,1.0,10010.0,1,0.5,0.5,5005.0,5005.0,1.0,2026-06-15T00:31:10.000000Z,2026-06-15T00:31:10.000000Z,1870,1870
2026-06-15T00:31:11.000000Z,BTCUSDT,futures,10010.5,10010.5,10010.5,10010.5,1.0,10010.5,1,0.5,0.5,5005.25,5005.25,1.0,2026-06-15T00:31:11.000000Z,2026-06-15T00:31:11.000000Z,1871,1871
2026-06-15T00:31:12.000000Z,BTCUSDT,futures,10009.5,10009.5,10009.5,10009.5,1.0,10009.5,1,0.5,0.5,5004.75,5004.75,1.0,2026-06-15T00:31:12.000000Z,2026-06-15T00:31:12.000000Z,1872,1872
2026-06-15T00:31:13.000000Z,BTCUSDT,futures,10010.0,10010.0,10010.0,10010.0,1.0,10010.0,1,0.5,0.5,5005.0,5005.0,1.0,2026-06-15T00:31:13.000000Z,2026-06-15T00:31:13.000000Z,1873,1873
2026-06-15T00:31:14.000000Z,BTCUSDT,futures,10010.5,10010.5,10010.5,10010.5,1.0,10010.5,1,0.5,0.5,5005.25,5005.25,1.0,2026-06-15T00:31:14.000000Z,2026-06-15T00:31:14.000000Z,1874,1874
2026-06-15T00:31:15.000000Z,BTCUSDT,futures,10009.5,10009.5,10009.5,10009.5,1.0,10009.5,1,0.5,0.5,5004.75,5004.75,1.0,2026-06-15T00:31:15.000000Z,2026-06-15T00:31:15.000000Z,1875,1875
2026-06-15T00:31:16.000000Z,BTCUSDT,futures,10010.0,10010.0,10010.0,10010.0,1.0,10010.0,1,0.5,0.5,5005.0,5005.0,1.0,2026-06-15T00:31:16.000000Z,2026-06-15T00:31:16.000000Z,1876,1876
2026-06-15T00:31:17.000000Z,BTCUSDT,futures,10010.5,10010.5,10010.5,10010.5,1.0,10010.5,1,0.5,0.5,5005.25,5005.25,1.0,2026-06-15T00:31:17.000000Z,2026-06-15T00:31:17.000000Z,1877,1877
2026-06-15T00:31:18.000000Z,BTCUSDT,futures,10009.5,10009.5,10009.5,10009.5,1.0,10009.5,1,0.5,0.5,5004.75,5004.75,1.0,2026-06-15T00:31:18.000000Z,2026-06-15T00:31:18.000000Z,1878,1878
2026-06-15T00:31:19.000000Z,BTCUSDT,futures,10010.0,10010.0,10010.0,10010.0,1.0,10010.0,1,0.5,0.5,5005.0,5005.0,1.0,2026-06-15T00:31:19.000000Z,2026-06-15T00:31:19.000000Z,1879,1879
2026-06-15T00:31:20.000000Z,BTCUSDT,futures,10010.5,10010.5,10010.5,10010.5,1.0,10010.5,1,0.5,0.5,5005.25,5005.25,1.0,2026-06-15T00:31:20.000000Z,2026-06-15T00:31:20.000000Z,1880,1880
2026-06-15T00:31:21.000000Z,BTCUSDT,futures,10009.5,10009.5,10009.5,10009.5,1.0,10009.5,1,0.5,0.5,5004.75,5004.75,1.0,2026-06-15T00:31:21.000000Z,2026-06-15T00:31:21.000000Z,1881,1881
2026-06-15T00:31:22.000000Z,BTCUSDT,futures,10010.0,10010.0,10010.0,10010.0,1.0,10010.0,1,0.5,0.5,5005.0,5005.0,1.0,2026-06-15T00:31:22.000000Z,2026-06-15T00:31:22.000000Z,1882,1882
2026-06-15T00:31:23.000000Z,BTCUSDT,futures,10010.5,10010.5,10010.5,10010.5,1.0,10010.5,1,0.5,0.5,5005.25,5005.25,1.0,2026-06-15T00:31:23.000000Z,2026-06-15T00:31:23.000000Z,1883,1883
2026-06-15T00:31:24.000000Z,BTCUSDT,futures,10009.5,10009.5,10009.5,10009.5,1.0,10009.5,1,0.5,0.5,5004.75,5004.75,1.0,2026-06-15T00:31:24.000000Z,2026-06-15T00:31:24.000000Z,1884,1884
2026-06-15T00:31:25.000000Z,BTCUSDT,futures,10010.0,10010.0,10010.0,10010.0,1.0,10010.0,1,0.5,0.5,5005.0,5005.0,1.0,2026-06-15T00:31:25.000000Z,2026-06-15T00:31:25.000000Z,1885,1885
2026-06-15T00:31:26.000000Z,BTCUSDT,futures,10010.5,10010.5,10010.5,10010.5,1.0,10010.5,1,0.5,0.5,5005.25,5005.25,1.0,2026-06-15T00:31:26.000000Z,2026-06-15T00:31:26.000000Z,1886,1886
2026-06-15T00:31:27.000000Z,BTCUSDT,futures,10009.5,10009.5,10009.5,10009.5,1.0,10009.5,1,0.5,0.5,5004.75,5004.75,1.0,2026-06-15T00:31:27.000000Z,2026-06-15T00:31:27.000000Z,1887,1887
2026-06-15T00:31:28.000000Z,BTCUSDT,futures,10010.0,10010.0,10010.0,10010.0,1.0,10010.0,1,0.5,0.5,5005.0,5005.0,1.0,2026-06-15T00:31:28.000000Z,2026-06-15T00:31:28.000000Z,1888,1888
2026-06-15T00:31:29.000000Z,BTCUSDT,futures,10010.5,10010.5,10010.5,10010.5,1.0,10010.5,1,0.5,0.5,5005.25,5005.25,1.0,2026-06-15T00:31:29.000000Z,2026-06-15T00:31:29.000000Z,1889,1889
2026-06-15T00:31:30.000000Z,BTCUSDT,futures,10009.5,10009.5,10009.5,10009.5,1.0,10009.5,1,0.5,0.5,5004.75,5004.75,1.0,2026-06-15T00:31:30.000000Z,2026-06-15T00:31:30.000000Z,1890,1890
2026-06-15T00:31:31.000000Z,BTCUSDT,futures,10010.0,10010.0,10010.0,10010.0,1.0,10010.0,1,0.5,0.5,5005.0,5005.0,1.0,2026-06-15T00:31:31.000000Z,2026-06-15T00:31:31.000000Z,1891,1891
2026-06-15T00:31:32.000000Z,BTCUSDT,futures,10010.5,10010.5,10010.5,10010.5,1.0,10010.5,1,0.5,0.5,5005.25,5005.25,1.0,2026-06-15T00:31:32.000000Z,2026-06-15T00:31:32.000000Z,1892,1892
2026-06-15T00:31:33.000000Z,BTCUSDT,futures,10009.5,10009.5,10009.5,10009.5,1.0,10009.5,1,0.5,0.5,5004.75,5004.75,1.0,2026-06-15T00:31:33.000000Z,2026-06-15T00:31:33.000000Z,1893,1893
2026-06-15T00:31:34.000000Z,BTCUSDT,futures,10010.0,10010.0,10010.0,10010.0,1.0,10010.0,1,0.5,0.5,5005.0,5005.0,1.0,2026-06-15T00:31:34.000000Z,2026-06-15T00:31:34.000000Z,1894,1894
2026-06-15T00:31:35.000000Z,BTCUSDT,futures,10010.5,10010.5,10010.5,10010.5,1.0,10010.5,1,0.5,0.5,5005.25,5005.25,1.0,2026-06-15T00:31:35.000000Z,2026-06-15T00:31:35.000000Z,1895,1895
2026-06-15T00:31:36.000000Z,BTCUSDT,futures,10009.5,10009.5,10009.5,10009.5,1.0,10009.5,1,0.5,0.5,5004.75,5004.75,1.0,2026-06-15T00:31:36.000000Z,2026-06-15T00:31:36.000000Z,1896,1896
2026-06-15T00:31:37.000000Z,BTCUSDT,futures,10010.0,10010.0,10010.0,10010.0,1.0,10010.0,1,0.5,0.5,5005.0,5005.0,1.0,2026-06-15T00:31:37.000000Z,2026-06-15T00:31:37.000000Z,1897,1897
2026-06-15T00:31:38.000000Z,BTCUSDT,futures,10010.5,10010.5,10010.5,10010.5,1.0,10010.5,1,0.5,0.5,5005.25,5005.25,1.0,2026-06-15T00:31:38.000000Z,2026-06-15T00:31:38.000000Z,1898,1898
2026-06-15T00:31:39.000000Z,BTCUSDT,futures,10009.5,10009.5,10009.5,10009.5,1.0,10009.5,1,0.5,0.5,5004.75,5004.75,1.0,2026-06-15T00:31:39.000000Z,2026-06-15T00:31:39.000000Z,1899,1899
2026-06-15T00:31:40.000000Z,BTCUSDT,futures,10010.0,10010.0,10010.0,10010.0,1.0,10010.0,1,0.5,0.5,5005.0,5005.0,1.0,2026-06-15T00:31:40.000000Z,2026-06-15T00:31:40.000000Z,1900,1900
2026-06-15T00:31:41.000000Z,BTCUSDT,futures,10010.5,10010.5,10010.5,10010.5,1.0,10010.5,1,0.5,0.5,5005.25,5005.25,1.0,2026-06-15T00:31:41.000000Z,2026-06-15T00:31:41.000000Z,1901,1901
2026-06-15T00:31:42.000000Z,BTCUSDT,futures,10009.5,10009.5,10009.5,10009.5,1.0,10009.5,1,0.5,0.5,5004.75,5004.75,1.0,2026-06-15T00:31:42.000000Z,2026-06-15T00:31:42.000000Z,1902,1902
2026-06-15T00:31:43.000000Z,BTCUSDT,futures,10010.0,10010.0,10010.0,10010.0,1.0,10010.0,1,0.5,0.5,5005.0,5005.0,1.0,2026-06-15T00:31:43.000000Z,2026-06-15T00:31:43.000000Z,1903,1903
2026-06-15T00:31:44.000000Z,BTCUSDT,futures,10010.5,10010.5,10010.5,10010.5,1.0,10010.5,1,0.5,0.5,5005.25,5005.25,1.0,2026-06-15T00:31:44.000000Z,2026-06-15T00:31:44.000000Z,1904,1904
2026-06-15T00:31:45.000000Z,BTCUSDT,futures,10009.5,10009.5,10009.5,10009.5,1.0,10009.5,1,0.5,0.5,5004.75,5004.75,1.0,2026-06-15T00:31:45.000000Z,2026-06-15T00:31:45.000000Z,1905,1905
2026-06-15T00:31:46.000000Z,BTCUSDT,futures,10010.0,10010.0,10010.0,10010.0,1.0,10010.0,1,0.5,0.5,5005.0,5005.0,1.0,2026-06-15T00:31:46.000000Z,2026-06-15T00:31:46.000000Z,1906,1906
2026-06-15T00:31:47.000000Z,BTCUSDT,futures,10010.5,10010.5,10010.5,10010.5,1.0,10010.5,1,0.5,0.5,5005.25,5005.25,1.0,2026-06-15T00:31:47.000000Z,2026-06-15T00:31:47.000000Z,1907,1907
2026-06-15T00:31:48.000000Z,BTCUSDT,futures,10009.5,10009.5,10009.5,10009.5,1.0,10009.5,1,0.5,0.5,5004.75,5004.75,1.0,2026-06-15T00:31:48.000000Z,2026-06-15T00:31:48.000000Z,1908,1908
2026-06-15T00:31:49.000000Z,BTCUSDT,futures,10010.0,10010.0,10010.0,10010.0,1.0,10010.0,1,0.5,0.5,5005.0,5005.0,1.0,2026-06-15T00:31:49.000000Z,2026-06-15T00:31:49.000000Z,1909,1909
2026-06-15T00:31:50.000000Z,BTCUSDT,futures,10010.5,10010.5,10010.5,10010.5,1.0,10010.5,1,0.5,0.5,5005.25,5005.25,1.0,2026-06-15T00:31:50.000000Z,2026-06-15T00:31:50.000000Z,1910,1910
2026-06-15T00:31:51.000000Z,BTCUSDT,futures,10009.5,10009.5,10009.5,10009.5,1.0,10009.5,1,0.5,0.5,5004.75,5004.75,1.0,2026-06-15T00:31:51.000000Z,2026-06-15T00:31:51.000000Z,1911,1911
2026-06-15T00:31:52.000000Z,BTCUSDT,futures,10010.0,10010.0,10010.0,10010.0,1.0,10010.0,1,0.5,0.5,5005.0,5005.0,1.0,2026-06-15T00:31:52.000000Z,2026-06-15T00:31:52.000000Z,1912,1912
2026-06-15T00:31:53.000000Z,BTCUSDT,futures,10010.5,10010.5,10010.5,10010.5,1.0,10010.5,1,0.5,0.5,5005.25,5005.25,1.0,2026-06-15T00:31:53.000000Z,2026-06-15T00:31:53.000000Z,1913,1913
2026-06-15T00:31:54.000000Z,BTCUSDT,futures,10009.5,10009.5,10009.5,10009.5,1.0,10009.5,1,0.5,0.5,5004.75,5004.75,1.0,2026-06-15T00:31:54.000000Z,2026-06-15T00:31:54.000000Z,1914,1914
2026-06-15T00:31:55.000000Z,BTCUSDT,futures,10010.0,10010.0,10010.0,10010.0,1.0,10010.0,1,0.5,0.5,5005.0,5005.0,1.0,2026-06-15T00:31:55.000000Z,2026-06-15T00:31:55.000000Z,1915,1915
2026-06-15T00:31:56.000000Z,BTCUSDT,futures,10010.5,10010.5,10010.5,10010.5,1.0,10010.5,1,0.5,0.5,5005.25,5005.25,1.0,2026-06-15T00:31:56.000000Z,2026-06-15T00:31:56.000000Z,1916,1916
2026-06-15T00:31:57.000000Z,BTCUSDT,futures,10009.5,10009.5,10009.5,10009.5,1.0,10009.5,1,0.5,0.5,5004.75,5004.75,1.0,2026-06-15T00:31:57.000000Z,2026-06-15T00:31:57.000000Z,1917,1917
2026-06-15T00:31:58.000000Z,BTCUSDT,futures,10010.0,10010.0,10010.0,10010.0,1.0,10010.0,1,0.5,0.5,5005.0,5005.0,1.0,2026-06-15T00:31:58.000000Z,2026-06-15T00:31:58.000000Z,1918,1918
2026-06-15T00:31:59.000000Z,BTCUSDT,futures,10010.5,10010.5,10010.5,10010.5,1.0,10010.5,1,0.5,0.5,5005.25,5005.25,1.0,2026-06-15T00:31:59.000000Z,2026-06-15T00:31:59.000000Z,1919,1919
2026-06-15T00:32:00.000000Z,BTCUSDT,futures,10009.5,10009.5,10009.5,10009.5,1.0,10009.5,1,0.5,0.5,5004.75,5004.75,1.0,2026-06-15T00:32:00.000000Z,2026-06-15T00:32:00.000000Z,1920,1920
2026-06-15T00:32:01.000000Z,BTCUSDT,futures,10010.0,10010.0,10010.0,10010.0,1.0,10010.0,1,0.5,0.5,5005.0,5005.0,1.0,2026-06-15T00:32:01.000000Z,2026-06-15T00:32:01.000000Z,1921,1921
2026-06-15T00:32:02.000000Z,BTCUSDT,futures,10010.5,10010.5,10010.5,10010.5,1.0,10010.5,1,0.5,0.5,5005.25,5005.25,1.0,2026-06-15T00:32:02.000000Z,2026-06-15T00:32:02.000000Z,1922,1922
2026-06-15T00:32:03.000000Z,BTCUSDT,futures,10009.5,10009.5,10009.5,10009.5,1.0,10009.5,1,0.5,0.5,5004.75,5004.75,1.0,2026-06-15T00:32:03.000000Z,2026-06-15T00:32:03.000000Z,1923,1923
2026-06-15T00:32:04.000000Z,BTCUSDT,futures,10010.0,10010.0,10010.0,10010.0,1.0,10010.0,1,0.5,0.5,5005.0,5005.0,1.0,2026-06-15T00:32:04.000000Z,2026-06-15T00:32:04.000000Z,1924,1924
2026-06-15T00:32:05.000000Z,BTCUSDT,futures,10010.5,10010.5,10010.5,10010.5,1.0,10010.5,1,0.5,0.5,5005.25,5005.25,1.0,2026-06-15T00:32:05.000000Z,2026-06-15T00:32:05.000000Z,1925,1925
2026-06-15T00:32:06.000000Z,BTCUSDT,futures,10009.5,10009.5,10009.5,10009.5,1.0,10009.5,1,0.5,0.5,5004.75,5004.75,1.0,2026-06-15T00:32:06.000000Z,2026-06-15T00:32:06.000000Z,1926,1926
2026-06-15T00:32:07.000000Z,BTCUSDT,futures,10010.0,10010.0,10010.0,10010.0,1.0,10010.0,1,0.5,0.5,5005.0,5005.0,1.0,2026-06-15T00:32:07.000000Z,2026-06-15T00:32:07.000000Z,1927,1927
2026-06-15T00:32:08.000000Z,BTCUSDT,futures,10010.5,10010.5,10010.5,10010.5,1.0,10010.5,1,0.5,0.5,5005.25,5005.25,1.0,2026-06-15T00:32:08.000000Z,2026-06-15T00:32:08.000000Z,1928,1928
2026-06-15T00:32:09.000000Z,BTCUSDT,futures,10009.5,10009.5,10009.5,10009.5,1.0,10009.5,1,0.5,0.5,5004.75,5004.75,1.0,2026-06-15T00:32:09.000000Z,2026-06-15T00:32:09.000000Z,1929,1929
2026-06-15T00:32:10.000000Z,BTCUSDT,futures,10010.0,10010.0,10010.0,10010.0,1.0,10010.0,1,0.5,0.5,5005.0,5005.0,1.0,2026-06-15T00:32:10.000000Z,2026-06-15T00:32:10.000000Z,1930,1930
2026-06-15T00:32:11.000000Z,BTCUSDT,futures,10010.5,10010.5,10010.5,10010.5,1.0,10010.5,1,0.5,0.5,5005.25,5005.25,1.0,2026-06-15T00:32:11.000000Z,2026-06-15T00:32:11.000000Z,1931,1931
2026-06-15T00:32:12.000000Z,BTCUSDT,futures,10009.5,10009.5,10009.5,10009.5,1.0,10009.5,1,0.5,0.5,5004.75,5004.75,1.0,2026-06-15T00:32:12.000000Z,2026-06-15T00:32:12.000000Z,1932,1932
2026-06-15T00:32:13.000000Z,BTCUSDT,futures,10010.0,10010.0,10010.0,10010.0,1.0,10010.0,1,0.5,0.5,5005.0,5005.0,1.0,2026-06-15T00:32:13.000000Z,2026-06-15T00:32:13.000000Z,1933,1933
2026-06-15T00:32:14.000000Z,BTCUSDT,futures,10010.5,10010.5,10010.5,10010.5,1.0,10010.5,1,0.5,0.5,5005.25,5005.25,1.0,2026-06-15T00:32:14.000000Z,2026-06-15T00:32:14.000000Z,1934,1934
2026-06-15T00:32:15.000000Z,BTCUSDT,futures,10009.5,10009.5,10009.5,10009.5,1.0,10009.5,1,0.5,0.5,5004.75,5004.75,1.0,2026-06-15T00:32:15.000000Z,2026-06-15T00:32:15.000000Z,1935,1935
2026-06-15T00:32:16.000000Z,BTCUSDT,futures,10010.0,10010.0,10010.0,10010.0,1.0,10010.0,1,0.5,0.5,5005.0,5005.0,1.0,2026-06-15T00:32:16.000000Z,2026-06-15T00:32:16.000000Z,1936,1936
2026-06-15T00:32:17.000000Z,BTCUSDT,futures,10010.5,10010.5,10010.5,10010.5,1.0,10010.5,1,0.5,0.5,5005.25,5005.25,1.0,2026-06-15T00:32:17.000000Z,2026-06-15T00:32:17.000000Z,1937,1937
2026-06-15T00:32:18.000000Z,BTCUSDT,futures,10009.5,10009.5,10009.5,10009.5,1.0,10009.5,1,0.5,0.5,5004.75,5004.75,1.0,2026-06-15T00:32:18.000000Z,2026-06-15T00:32:18.000000Z,1938,1938
2026-06-15T00:32:19.000000Z,BTCUSDT,futures,10010.0,10010.0,10010.0,10010.0,1.0,10010.0,1,0.5,0.5,5005.0,5005.0,1.0,2026-06-15T00:32:19.000000Z,2026-06-15T00:32:19.000000Z,1939,1939
2026-06-15T00:32:20.000000Z,BTCUSDT,futures,10010.5,10010.5,10010.5,10010.5,1.0,10010.5,1,0.5,0.5,5005.25,5005.25,1.0,2026-06-15T00:32:20.000000Z,2026-06-15T00:32:20.000000Z,1940,1940
2026-06-15T00:32:21.000000Z,BTCUSDT,futures,10009.5,10009.5,10009.5,10009.5,1.0,10009.5,1,0.5,0.5,5004.75,5004.75,1.0,2026-06-15T00:32:21.000000Z,2026-06-15T00:32:21.000000Z,1941,1941
2026-06-15T00:32:22.000000Z,BTCUSDT,futures,10010.0,10010.0,10010.0,10010.0,1.0,10010.0,1,0.5,0.5,5005.0,5005.0,1.0,2026-06-15T00:32:22.000000Z,2026-06-15T00:32:22.000000Z,1942,1942
2026-06-15T00:32:23.000000Z,BTCUSDT,futures,10010.5,10010.5,10010.5,10010.5,1.0,10010.5,1,0.5,0.5,5005.25,5005.25,1.0,2026-06-15T00:32:23.000000Z,2026-06-15T00:32:23.000000Z,1943,1943
2026-06-15T00:32:24.000000Z,BTCUSDT,futures,10009.5,10009.5,10009.5,10009.5,1.0,10009.5,1,0.5,0.5,5004.75,5004.75,1.0,2026-06-15T00:32:24.000000Z,2026-06-15T00:32:24.000000Z,1944,1944
2026-06-15T00:32:25.000000Z,BTCUSDT,futures,10010.0,10010.0,10010.0,10010.0,1.0,10010.0,1,0.5,0.5,5005.0,5005.0,1.0,2026-06-15T00:32:25.000000Z,2026-06-15T00:32:25.000000Z,1945,1945
2026-06-15T00:32:26.000000Z,BTCUSDT,futures,10010.5,10010.5,10010.5,10010.5,1.0,10010.5,1,0.5,0.5,5005.25,5005.25,1.0,2026-06-15T00:32:26.000000Z,2026-06-15T00:32:26.000000Z,1946,1946
2026-06-15T00:32:27.000000Z,BTCUSDT,futures,10009.5,10009.5,10009.5,10009.5,1.0,10009.5,1,0.5,0.5,5004.75,5004.75,1.0,2026-06-15T00:32:27.000000Z,2026-06-15T00:32:27.000000Z,1947,1947
2026-06-15T00:32:28.000000Z,BTCUSDT,futures,10010.0,10010.0,10010.0,10010.0,1.0,10010.0,1,0.5,0.5,5005.0,5005.0,1.0,2026-06-15T00:32:28.000000Z,2026-06-15T00:32:28.000000Z,1948,1948
2026-06-15T00:32:29.000000Z,BTCUSDT,futures,10010.5,10010.5,10010.5,10010.5,1.0,10010.5,1,0.5,0.5,5005.25,5005.25,1.0,2026-06-15T00:32:29.000000Z,2026-06-15T00:32:29.000000Z,1949,1949
2026-06-15T00:32:30.000000Z,BTCUSDT,futures,10009.5,10009.5,10009.5,10009.5,1.0,10009.5,1,0.5,0.5,5004.75,5004.75,1.0,2026-06-15T00:32:30.000000Z,2026-06-15T00:32:30.000000Z,1950,1950
2026-06-15T00:32:31.000000Z,BTCUSDT,futures,10010.0,10010.0,10010.0,10010.0,1.0,10010.0,1,0.5,0.5,5005.0,5005.0,1.0,2026-06-15T00:32:31.000000Z,2026-06-15T00:32:31.000000Z,1951,1951
2026-06-15T00:32:32.000000Z,BTCUSDT,futures,10010.5,10010.5,10010.5,10010.5,1.0,10010.5,1,0.5,0.5,5005.25,5005.25,1.0,2026-06-15T00:32:32.000000Z,2026-06-15T00:32:32.000000Z,1952,1952
2026-06-15T00:32:33.000000Z,BTCUSDT,futures,10009.5,10009.5,10009.5,10009.5,1.0,10009.5,1,0.5,0.5,5004.75,5004.75,1.0,2026-06-15T00:32:33.000000Z,2026-06-15T00:32:33.000000Z,1953,1953
2026-06-15T00:32:34.000000Z,BTCUSDT,futures,10010.0,10010.0,10010.0,10010.0,1.0,10010.0,1,0.5,0.5,5005.0,5005.0,1.0,2026-06-15T00:32:34.000000Z,2026-06-15T00:32:34.000000Z,1954,1954
2026-06-15T00:32:35.000000Z,BTCUSDT,futures,10010.5,10010.5,10010.5,10010.5,1.0,10010.5,1,0.5,0.5,5005.25,5005.25,1.0,2026-06-15T00:32:35.000000Z,2026-06-15T00:32:35.000000Z,1955,1955
2026-06-15T00:32:36.000000Z,BTCUSDT,futures,10009.5,10009.5,10009.5,10009.5,1.0,10009.5,1,0.5,0.5,5004.75,5004.75,1.0,2026-06-15T00:32:36.000000Z,2026-06-15T00:32:36.000000Z,1956,1956
2026-06-15T00:32:37.000000Z,BTCUSDT,futures,10010.0,10010.0,10010.0,10010.0,1.0,10010.0,1,0.5,0.5,5005.0,5005.0,1.0,2026-06-15T00:32:37.000000Z,2026-06-15T00:32:37.000000Z,1957,1957
2026-06-15T00:32:38.000000Z,BTCUSDT,futures,10010.5,10010.5,10010.5,10010.5,1.0,10010.5,1,0.5,0.5,5005.25,5005.25,1.0,2026-06-15T00:32:38.000000Z,2026-06-15T00:32:38.000000Z,1958,1958
2026-06-15T00:32:39.000000Z,BTCUSDT,futures,10009.5,10009.5,10009.5,10009.5,1.0,10009.5,1,0.5,0.5,5004.75,5004.75,1.0,2026-06-15T00:32:39.000000Z,2026-06-15T00:32:39.000000Z,1959,1959
2026-06-15T00:32:40.000000Z,BTCUSDT,futures,10010.0,10010.0,10010.0,10010.0,1.0,10010.0,1,0.5,0.5,5005.0,5005.0,1.0,2026-06-15T00:32:40.000000Z,2026-06-15T00:32:40.000000Z,1960,1960
2026-06-15T00:32:41.000000Z,BTCUSDT,futures,10010.5,10010.5,10010.5,10010.5,1.0,10010.5,1,0.5,0.5,5005.25,5005.25,1.0,2026-06-15T00:32:41.000000Z,2026-06-15T00:32:41.000000Z,1961,1961
2026-06-15T00:32:42.000000Z,BTCUSDT,futures,10009.5,10009.5,10009.5,10009.5,1.0,10009.5,1,0.5,0.5,5004.75,5004.75,1.0,2026-06-15T00:32:42.000000Z,2026-06-15T00:32:42.000000Z,1962,1962
2026-06-15T00:32:43.000000Z,BTCUSDT,futures,10010.0,10010.0,10010.0,10010.0,1.0,10010.0,1,0.5,0.5,5005.0,5005.0,1.0,2026-06-15T00:32:43.000000Z,2026-06-15T00:32:43.000000Z,1963,1963
2026-06-15T00:32:44.000000Z,BTCUSDT,futures,10010.5,10010.5,10010.5,10010.5,1.0,10010.5,1,0.5,0.5,5005.25,5005.25,1.0,2026-06-15T00:32:44.000000Z,2026-06-15T00:32:44.000000Z,1964,1964
2026-06-15T00:32:45.000000Z,BTCUSDT,futures,10009.5,10009.5,10009.5,10009.5,1.0,10009.5,1,0.5,0.5,5004.75,5004.75,1.0,2026-06-15T00:32:45.000000Z,2026-06-15T00:32:45.000000Z,1965,1965
2026-06-15T00:32:46.000000Z,BTCUSDT,futures,10010.0,10010.0,10010.0,10010.0,1.0,10010.0,1,0.5,0.5,5005.0,5005.0,1.0,2026-06-15T00:32:46.000000Z,2026-06-15T00:32:46.000000Z,1966,1966
2026-06-15T00:32:47.000000Z,BTCUSDT,futures,10010.5,10010.5,10010.5,10010.5,1.0,10010.5,1,0.5,0.5,5005.25,5005.25,1.0,2026-06-15T00:32:47.000000Z,2026-06-15T00:32:47.000000Z,1967,1967
2026-06-15T00:32:48.000000Z,BTCUSDT,futures,10009.5,10009.5,10009.5,10009.5,1.0,10009.5,1,0.5,0.5,5004.75,5004.75,1.0,2026-06-15T00:32:48.000000Z,2026-06-15T00:32:48.000000Z,1968,1968
2026-06-15T00:32:49.000000Z,BTCUSDT,futures,10010.0,10010.0,10010.0,10010.0,1.0,10010.0,1,0.5,0.5,5005.0,5005.0,1.0,2026-06-15T00:32:49.000000Z,2026-06-15T00:32:49.000000Z,1969,1969
2026-06-15T00:32:50.000000Z,BTCUSDT,futures,10010.5,10010.5,10010.5,10010.5,1.0,10010.5,1,0.5,0.5,5005.25,5005.25,1.0,2026-06-15T00:32:50.000000Z,2026-06-15T00:32:50.000000Z,1970,1970
2026-06-15T00:32:51.000000Z,BTCUSDT,futures,10009.5,10009.5,10009.5,10009.5,1.0,10009.5,1,0.5,0.5,5004.75,5004.75,1.0,2026-06-15T00:32:51.000000Z,2026-06-15T00:32:51.000000Z,1971,1971
2026-06-15T00:32:52.000000Z,BTCUSDT,futures,10010.0,10010.0,10010.0,10010.0,1.0,10010.0,1,0.5,0.5,5005.0,5005.0,1.0,2026-06-15T00:32:52.000000Z,2026-06-15T00:32:52.000000Z,1972,1972
2026-06-15T00:32:53.000000Z,BTCUSDT,futures,10010.5,10010.5,10010.5,10010.5,1.0,10010.5,1,0.5,0.5,5005.25,5005.25,1.0,2026-06-15T00:32:53.000000Z,2026-06-15T00:32:53.000000Z,1973,1973
2026-06-15T00:32:54.000000Z,BTCUSDT,futures,10009.5,10009.5,10009.5,10009.5,1.0,10009.5,1,0.5,0.5,5004.75,5004.75,1.0,2026-06-15T00:32:54.000000Z,2026-06-15T00:32:54.000000Z,1974,1974
2026-06-15T00:32:55.000000Z,BTCUSDT,futures,10010.0,10010.0,10010.0,10010.0,1.0,10010.0,1,0.5,0.5,5005.0,5005.0,1.0,2026-06-15T00:32:55.000000Z,2026-06-15T00:32:55.000000Z,1975,1975
2026-06-15T00:32:56.000000Z,BTCUSDT,futures,10010.5,10010.5,10010.5,10010.5,1.0,10010.5,1,0.5,0.5,5005.25,5005.25,1.0,2026-06-15T00:32:56.000000Z,2026-06-15T00:32:56.000000Z,1976,1976
2026-06-15T00:32:57.000000Z,BTCUSDT,futures,10009.5,10009.5,10009.5,10009.5,1.0,10009.5,1,0.5,0.5,5004.75,5004.75,1.0,2026-06-15T00:32:57.000000Z,2026-06-15T00:32:57.000000Z,1977,1977
2026-06-15T00:32:58.000000Z,BTCUSDT,futures,10010.0,10010.0,10010.0,10010.0,1.0,10010.0,1,0.5,0.5,5005.0,5005.0,1.0,2026-06-15T00:32:58.000000Z,2026-06-15T00:32:58.000000Z,1978,1978
2026-06-15T00:32:59.000000Z,BTCUSDT,futures,10010.5,10010.5,10010.5,10010.5,1.0,10010.5,1,0.5,0.5,5005.25,5005.25,1.0,2026-06-15T00:32:59.000000Z,2026-06-15T00:32:59.000000Z,1979,1979
2026-06-15T00:33:00.000000Z,BTCUSDT,futures,10009.5,10009.5,10009.5,10009.5,1.0,10009.5,1,0.5,0.5,5004.75,5004.75,1.0,2026-06-15T00:33:00.000000Z,2026-06-15T00:33:00.000000Z,1980,1980
2026-06-15T00:33:01.000000Z,BTCUSDT,futures,10010.0,10010.0,10010.0,10010.0,1.0,10010.0,1,0.5,0.5,5005.0,5005.0,1.0,2026-06-15T00:33:01.000000Z,2026-06-15T00:33:01.000000Z,1981,1981
2026-06-15T00:33:02.000000Z,BTCUSDT,futures,10010.5,10010.5,10010.5,10010.5,1.0,10010.5,1,0.5,0.5,5005.25,5005.25,1.0,2026-06-15T00:33:02.000000Z,2026-06-15T00:33:02.000000Z,1982,1982
2026-06-15T00:33:03.000000Z,BTCUSDT,futures,10009.5,10009.5,10009.5,10009.5,1.0,10009.5,1,0.5,0.5,5004.75,5004.75,1.0,2026-06-15T00:33:03.000000Z,2026-06-15T00:33:03.000000Z,1983,1983
2026-06-15T00:33:04.000000Z,BTCUSDT,futures,10010.0,10010.0,10010.0,10010.0,1.0,10010.0,1,0.5,0.5,5005.0,5005.0,1.0,2026-06-15T00:33:04.000000Z,2026-06-15T00:33:04.000000Z,1984,1984
2026-06-15T00:33:05.000000Z,BTCUSDT,futures,10010.5,10010.5,10010.5,10010.5,1.0,10010.5,1,0.5,0.5,5005.25,5005.25,1.0,2026-06-15T00:33:05.000000Z,2026-06-15T00:33:05.000000Z,1985,1985
2026-06-15T00:33:06.000000Z,BTCUSDT,futures,10009.5,10009.5,10009.5,10009.5,1.0,10009.5,1,0.5,0.5,5004.75,5004.75,1.0,2026-06-15T00:33:06.000000Z,2026-06-15T00:33:06.000000Z,1986,1986
2026-06-15T00:33:07.000000Z,BTCUSDT,futures,10010.0,10010.0,10010.0,10010.0,1.0,10010.0,1,0.5,0.5,5005.0,5005.0,1.0,2026-06-15T00:33:07.000000Z,2026-06-15T00:33:07.000000Z,1987,1987
2026-06-15T00:33:08.000000Z,BTCUSDT,futures,10010.5,10010.5,10010.5,10010.5,1.0,10010.5,1,0.5,0.5,5005.25,5005.25,1.0,2026-06-15T00:33:08.000000Z,2026-06-15T00:33:08.000000Z,1988,1988
2026-06-15T00:33:09.000000Z,BTCUSDT,futures,10009.5,10009.5,10009.5,10009.5,1.0,10009.5,1,0.5,0.5,5004.75,5004.75,1.0,2026-06-15T00:33:09.000000Z,2026-06-15T00:33:09.000000Z,1989,1989
2026-06-15T00:33:10.000000Z,BTCUSDT,futures,10010.0,10010.0,10010.0,10010.0,1.0,10010.0,1,0.5,0.5,5005.0,5005.0,1.0,2026-06-15T00:33:10.000000Z,2026-06-15T00:33:10.000000Z,1990,1990
2026-06-15T00:33:11.000000Z,BTCUSDT,futures,10010.5,10010.5,10010.5,10010.5,1.0,10010.5,1,0.5,0.5,5005.25,5005.25,1.0,2026-06-15T00:33:11.000000Z,2026-06-15T00:33:11.000000Z,1991,1991
2026-06-15T00:33:12.000000Z,BTCUSDT,futures,10009.5,10009.5,10009.5,10009.5,1.0,10009.5,1,0.5,0.5,5004.75,5004.75,1.0,2026-06-15T00:33:12.000000Z,2026-06-15T00:33:12.000000Z,1992,1992
2026-06-15T00:33:13.000000Z,BTCUSDT,futures,10010.0,10010.0,10010.0,10010.0,1.0,10010.0,1,0.5,0.5,5005.0,5005.0,1.0,2026-06-15T00:33:13.000000Z,2026-06-15T00:33:13.000000Z,1993,1993
2026-06-15T00:33:14.000000Z,BTCUSDT,futures,10010.5,10010.5,10010.5,10010.5,1.0,10010.5,1,0.5,0.5,5005.25,5005.25,1.0,2026-06-15T00:33:14.000000Z,2026-06-15T00:33:14.000000Z,1994,1994
2026-06-15T00:33:15.000000Z,BTCUSDT,futures,10009.5,10009.5,10009.5,10009.5,1.0,10009.5,1,0.5,0.5,5004.75,5004.75,1.0,2026-06-15T00:33:15.000000Z,2026-06-15T00:33:15.000000Z,1995,1995
2026-06-15T00:33:16.000000Z,BTCUSDT,futures,10010.0,10010.0,10010.0,10010.0,1.0,10010.0,1,0.5,0.5,5005.0,5005.0,1.0,2026-06-15T00:33:16.000000Z,2026-06-15T00:33:16.000000Z,1996,1996
2026-06-15T00:33:17.000000Z,BTCUSDT,futures,10010.5,10010.5,10010.5,10010.5,1.0,10010.5,1,0.5,0.5,5005.25,5005.25,1.0,2026-06-15T00:33:17.000000Z,2026-06-15T00:33:17.000000Z,1997,1997
2026-06-15T00:33:18.000000Z,BTCUSDT,futures,10009.5,10009.5,10009.5,10009.5,1.0,10009.5,1,0.5,0.5,5004.75,5004.75,1.0,2026-06-15T00:33:18.000000Z,2026-06-15T00:33:18.000000Z,1998,1998
2026-06-15T00:33:19.000000Z,BTCUSDT,futures,10010.0,10010.0,10010.0,10010.0,1.0,10010.0,1,0.5,0.5,5005.0,5005.0,1.0,2026-06-15T00:33:19.000000Z,2026-06-15T00:33:19.000000Z,1999,1999
2026-06-15T00:33:20.000000Z,BTCUSDT,futures,10010.5,10010.5,10010.5,10010.5,1.0,10010.5,1,0.5,0.5,5005.25,5005.25,1.0,2026-06-15T00:33:20.000000Z,2026-06-15T00:33:20.000000Z,2000,2000
2026-06-15T00:33:21.000000Z,BTCUSDT,futures,10009.5,10009.5,10009.5,10009.5,1.0,10009.5,1,0.5,0.5,5004.75,5004.75,1.0,2026-06-15T00:33:21.000000Z,2026-06-15T00:33:21.000000Z,2001,2001
2026-06-15T00:33:22.000000Z,BTCUSDT,futures,10010.0,10010.0,10010.0,10010.0,1.0,10010.0,1,0.5,0.5,5005.0,5005.0,1.0,2026-06-15T00:33:22.000000Z,2026-06-15T00:33:22.000000Z,2002,2002
2026-06-15T00:33:23.000000Z,BTCUSDT,futures,10010.5,10010.5,10010.5,10010.5,1.0,10010.5,1,0.5,0.5,5005.25,5005.25,1.0,2026-06-15T00:33:23.000000Z,2026-06-15T00:33:23.000000Z,2003,2003
2026-06-15T00:33:24.000000Z,BTCUSDT,futures,10009.5,10009.5,10009.5,10009.5,1.0,10009.5,1,0.5,0.5,5004.75,5004.75,1.0,2026-06-15T00:33:24.000000Z,2026-06-15T00:33:24.000000Z,2004,2004
2026-06-15T00:33:25.000000Z,BTCUSDT,futures,10010.0,10010.0,10010.0,10010.0,1.0,10010.0,1,0.5,0.5,5005.0,5005.0,1.0,2026-06-15T00:33:25.000000Z,2026-06-15T00:33:25.000000Z,2005,2005
2026-06-15T00:33:26.000000Z,BTCUSDT,futures,10010.5,10010.5,10010.5,10010.5,1.0,10010.5,1,0.5,0.5,5005.25,5005.25,1.0,2026-06-15T00:33:26.000000Z,2026-06-15T00:33:26.000000Z,2006,2006
2026-06-15T00:33:27.000000Z,BTCUSDT,futures,10009.5,10009.5,10009.5,10009.5,1.0,10009.5,1,0.5,0.5,5004.75,5004.75,1.0,2026-06-15T00:33:27.000000Z,2026-06-15T00:33:27.000000Z,2007,2007
2026-06-15T00:33:28.000000Z,BTCUSDT,futures,10010.0,10010.0,10010.0,10010.0,1.0,10010.0,1,0.5,0.5,5005.0,5005.0,1.0,2026-06-15T00:33:28.000000Z,2026-06-15T00:33:28.000000Z,2008,2008
2026-06-15T00:33:29.000000Z,BTCUSDT,futures,10010.5,10010.5,10010.5,10010.5,1.0,10010.5,1,0.5,0.5,5005.25,5005.25,1.0,2026-06-15T00:33:29.000000Z,2026-06-15T00:33:29.000000Z,2009,2009
2026-06-15T00:33:30.000000Z,BTCUSDT,futures,10009.5,10009.5,10009.5,10009.5,1.0,10009.5,1,0.5,0.5,5004.75,5004.75,1.0,2026-06-15T00:33:30.000000Z,2026-06-15T00:33:30.000000Z,2010,2010
2026-06-15T00:33:31.000000Z,BTCUSDT,futures,10010.0,10010.0,10010.0,10010.0,1.0,10010.0,1,0.5,0.5,5005.0,5005.0,1.0,2026-06-15T00:33:31.000000Z,2026-06-15T00:33:31.000000Z,2011,2011
2026-06-15T00:33:32.000000Z,BTCUSDT,futures,10010.5,10010.5,10010.5,10010.5,1.0,10010.5,1,0.5,0.5,5005.25,5005.25,1.0,2026-06-15T00:33:32.000000Z,2026-06-15T00:33:32.000000Z,2012,2012
2026-06-15T00:33:33.000000Z,BTCUSDT,futures,10009.5,10009.5,10009.5,10009.5,1.0,10009.5,1,0.5,0.5,5004.75,5004.75,1.0,2026-06-15T00:33:33.000000Z,2026-06-15T00:33:33.000000Z,2013,2013
2026-06-15T00:33:34.000000Z,BTCUSDT,futures,10010.0,10010.0,10010.0,10010.0,1.0,10010.0,1,0.5,0.5,5005.0,5005.0,1.0,2026-06-15T00:33:34.000000Z,2026-06-15T00:33:34.000000Z,2014,2014
2026-06-15T00:33:35.000000Z,BTCUSDT,futures,10010.5,10010.5,10010.5,10010.5,1.0,10010.5,1,0.5,0.5,5005.25,5005.25,1.0,2026-06-15T00:33:35.000000Z,2026-06-15T00:33:35.000000Z,2015,2015
2026-06-15T00:33:36.000000Z,BTCUSDT,futures,10009.5,10009.5,10009.5,10009.5,1.0,10009.5,1,0.5,0.5,5004.75,5004.75,1.0,2026-06-15T00:33:36.000000Z,2026-06-15T00:33:36.000000Z,2016,2016
2026-06-15T00:33:37.000000Z,BTCUSDT,futures,10010.0,10010.0,10010.0,10010.0,1.0,10010.0,1,0.5,0.5,5005.0,5005.0,1.0,2026-06-15T00:33:37.000000Z,2026-06-15T00:33:37.000000Z,2017,2017
2026-06-15T00:33:38.000000Z,BTCUSDT,futures,10010.5,10010.5,10010.5,10010.5,1.0,10010.5,1,0.5,0.5,5005.25,5005.25,1.0,2026-06-15T00:33:38.000000Z,2026-06-15T00:33:38.000000Z,2018,2018
2026-06-15T00:33:39.000000Z,BTCUSDT,futures,10009.5,10009.5,10009.5,10009.5,1.0,10009.5,1,0.5,0.5,5004.75,5004.75,1.0,2026-06-15T00:33:39.000000Z,2026-06-15T00:33:39.000000Z,2019,2019
2026-06-15T00:33:40.000000Z,BTCUSDT,futures,10010.0,10010.0,10010.0,10010.0,1.0,10010.0,1,0.5,0.5,5005.0,5005.0,1.0,2026-06-15T00:33:40.000000Z,2026-06-15T00:33:40.000000Z,2020,2020
2026-06-15T00:33:41.000000Z,BTCUSDT,futures,10010.5,10010.5,10010.5,10010.5,1.0,10010.5,1,0.5,0.5,5005.25,5005.25,1.0,2026-06-15T00:33:41.000000Z,2026-06-15T00:33:41.000000Z,2021,2021
2026-06-15T00:33:42.000000Z,BTCUSDT,futures,10009.5,10009.5,10009.5,10009.5,1.0,10009.5,1,0.5,0.5,5004.75,5004.75,1.0,2026-06-15T00:33:42.000000Z,2026-06-15T00:33:42.000000Z,2022,2022
2026-06-15T00:33:43.000000Z,BTCUSDT,futures,10010.0,10010.0,10010.0,10010.0,1.0,10010.0,1,0.5,0.5,5005.0,5005.0,1.0,2026-06-15T00:33:43.000000Z,2026-06-15T00:33:43.000000Z,2023,2023
2026-06-15T00:33:44.000000Z,BTCUSDT,futures,10010.5,10010.5,10010.5,10010.5,1.0,10010.5,1,0.5,0.5,5005.25,5005.25,1.0,2026-06-15T00:33:44.000000Z,2026-06-15T00:33:44.000000Z,2024,2024
2026-06-15T00:33:45.000000Z,BTCUSDT,futures,10009.5,10009.5,10009.5,10009.5,1.0,10009.5,1,0.5,0.5,5004.75,5004.75,1.0,2026-06-15T00:33:45.000000Z,2026-06-15T00:33:45.000000Z,2025,2025
2026-06-15T00:33:46.000000Z,BTCUSDT,futures,10010.0,10010.0,10010.0,10010.0,1.0,10010.0,1,0.5,0.5,5005.0,5005.0,1.0,2026-06-15T00:33:46.000000Z,2026-06-15T00:33:46.000000Z,2026,2026
2026-06-15T00:33:47.000000Z,BTCUSDT,futures,10010.5,10010.5,10010.5,10010.5,1.0,10010.5,1,0.5,0.5,5005.25,5005.25,1.0,2026-06-15T00:33:47.000000Z,2026-06-15T00:33:47.000000Z,2027,2027
2026-06-15T00:33:48.000000Z,BTCUSDT,futures,10009.5,10009.5,10009.5,10009.5,1.0,10009.5,1,0.5,0.5,5004.75,5004.75,1.0,2026-06-15T00:33:48.000000Z,2026-06-15T00:33:48.000000Z,2028,2028
2026-06-15T00:33:49.000000Z,BTCUSDT,futures,10010.0,10010.0,10010.0,10010.0,1.0,10010.0,1,0.5,0.5,5005.0,5005.0,1.0,2026-06-15T00:33:49.000000Z,2026-06-15T00:33:49.000000Z,2029,2029
2026-06-15T00:33:50.000000Z,BTCUSDT,futures,10010.5,10010.5,10010.5,10010.5,1.0,10010.5,1,0.5,0.5,5005.25,5005.25,1.0,2026-06-15T00:33:50.000000Z,2026-06-15T00:33:50.000000Z,2030,2030
2026-06-15T00:33:51.000000Z,BTCUSDT,futures,10009.5,10009.5,10009.5,10009.5,1.0,10009.5,1,0.5,0.5,5004.75,5004.75,1.0,2026-06-15T00:33:51.000000Z,2026-06-15T00:33:51.000000Z,2031,2031
2026-06-15T00:33:52.000000Z,BTCUSDT,futures,10010.0,10010.0,10010.0,10010.0,1.0,10010.0,1,0.5,0.5,5005.0,5005.0,1.0,2026-06-15T00:33:52.000000Z,2026-06-15T00:33:52.000000Z,2032,2032
2026-06-15T00:33:53.000000Z,BTCUSDT,futures,10010.5,10010.5,10010.5,10010.5,1.0,10010.5,1,0.5,0.5,5005.25,5005.25,1.0,2026-06-15T00:33:53.000000Z,2026-06-15T00:33:53.000000Z,2033,2033
2026-06-15T00:33:54.000000Z,BTCUSDT,futures,10009.5,10009.5,10009.5,10009.5,1.0,10009.5,1,0.5,0.5,5004.75,5004.75,1.0,2026-06-15T00:33:54.000000Z,2026-06-15T00:33:54.000000Z,2034,2034
2026-06-15T00:33:55.000000Z,BTCUSDT,futures,10010.0,10010.0,10010.0,10010.0,1.0,10010.0,1,0.5,0.5,5005.0,5005.0,1.0,2026-06-15T00:33:55.000000Z,2026-06-15T00:33:55.000000Z,2035,2035
2026-06-15T00:33:56.000000Z,BTCUSDT,futures,10010.5,10010.5,10010.5,10010.5,1.0,10010.5,1,0.5,0.5,5005.25,5005.25,1.0,2026-06-15T00:33:56.000000Z,2026-06-15T00:33:56.000000Z,2036,2036
2026-06-15T00:33:57.000000Z,BTCUSDT,futures,10009.5,10009.5,10009.5,10009.5,1.0,10009.5,1,0.5,0.5,5004.75,5004.75,1.0,2026-06-15T00:33:57.000000Z,2026-06-15T00:33:57.000000Z,2037,2037
2026-06-15T00:33:58.000000Z,BTCUSDT,futures,10010.0,10010.0,10010.0,10010.0,1.0,10010.0,1,0.5,0.5,5005.0,5005.0,1.0,2026-06-15T00:33:58.000000Z,2026-06-15T00:33:58.000000Z,2038,2038
2026-06-15T00:33:59.000000Z,BTCUSDT,futures,10010.5,10010.5,10010.5,10010.5,1.0,10010.5,1,0.5,0.5,5005.25,5005.25,1.0,2026-06-15T00:33:59.000000Z,2026-06-15T00:33:59.000000Z,2039,2039
2026-06-15T00:34:00.000000Z,BTCUSDT,futures,10009.5,10009.5,10009.5,10009.5,1.0,10009.5,1,0.5,0.5,5004.75,5004.75,1.0,2026-06-15T00:34:00.000000Z,2026-06-15T00:34:00.000000Z,2040,2040
2026-06-15T00:34:01.000000Z,BTCUSDT,futures,10010.0,10010.0,10010.0,10010.0,1.0,10010.0,1,0.5,0.5,5005.0,5005.0,1.0,2026-06-15T00:34:01.000000Z,2026-06-15T00:34:01.000000Z,2041,2041
2026-06-15T00:34:02.000000Z,BTCUSDT,futures,10010.5,10010.5,10010.5,10010.5,1.0,10010.5,1,0.5,0.5,5005.25,5005.25,1.0,2026-06-15T00:34:02.000000Z,2026-06-15T00:34:02.000000Z,2042,2042
2026-06-15T00:34:03.000000Z,BTCUSDT,futures,10009.5,10009.5,10009.5,10009.5,1.0,10009.5,1,0.5,0.5,5004.75,5004.75,1.0,2026-06-15T00:34:03.000000Z,2026-06-15T00:34:03.000000Z,2043,2043
2026-06-15T00:34:04.000000Z,BTCUSDT,futures,10010.0,10010.0,10010.0,10010.0,1.0,10010.0,1,0.5,0.5,5005.0,5005.0,1.0,2026-06-15T00:34:04.000000Z,2026-06-15T00:34:04.000000Z,2044,2044
2026-06-15T00:34:05.000000Z,BTCUSDT,futures,10010.5,10010.5,10010.5,10010.5,1.0,10010.5,1,0.5,0.5,5005.25,5005.25,1.0,2026-06-15T00:34:05.000000Z,2026-06-15T00:34:05.000000Z,2045,2045
2026-06-15T00:34:06.000000Z,BTCUSDT,futures,10009.5,10009.5,10009.5,10009.5,1.0,10009.5,1,0.5,0.5,5004.75,5004.75,1.0,2026-06-15T00:34:06.000000Z,2026-06-15T00:34:06.000000Z,2046,2046
2026-06-15T00:34:07.000000Z,BTCUSDT,futures,10010.0,10010.0,10010.0,10010.0,1.0,10010.0,1,0.5,0.5,5005.0,5005.0,1.0,2026-06-15T00:34:07.000000Z,2026-06-15T00:34:07.000000Z,2047,2047
2026-06-15T00:34:08.000000Z,BTCUSDT,futures,10010.5,10010.5,10010.5,10010.5,1.0,10010.5,1,0.5,0.5,5005.25,5005.25,1.0,2026-06-15T00:34:08.000000Z,2026-06-15T00:34:08.000000Z,2048,2048
2026-06-15T00:34:09.000000Z,BTCUSDT,futures,10009.5,10009.5,10009.5,10009.5,1.0,10009.5,1,0.5,0.5,5004.75,5004.75,1.0,2026-06-15T00:34:09.000000Z,2026-06-15T00:34:09.000000Z,2049,2049
2026-06-15T00:34:10.000000Z,BTCUSDT,futures,10010.0,10010.0,10010.0,10010.0,1.0,10010.0,1,0.5,0.5,5005.0,5005.0,1.0,2026-06-15T00:34:10.000000Z,2026-06-15T00:34:10.000000Z,2050,2050
2026-06-15T00:34:11.000000Z,BTCUSDT,futures,10010.5,10010.5,10010.5,10010.5,1.0,10010.5,1,0.5,0.5,5005.25,5005.25,1.0,2026-06-15T00:34:11.000000Z,2026-06-15T00:34:11.000000Z,2051,2051
2026-06-15T00:34:12.000000Z,BTCUSDT,futures,10009.5,10009.5,10009.5,10009.5,1.0,10009.5,1,0.5,0.5,5004.75,5004.75,1.0,2026-06-15T00:34:12.000000Z,2026-06-15T00:34:12.000000Z,2052,2052
2026-06-15T00:34:13.000000Z,BTCUSDT,futures,10010.0,10010.0,10010.0,10010.0,1.0,10010.0,1,0.5,0.5,5005.0,5005.0,1.0,2026-06-15T00:34:13.000000Z,2026-06-15T00:34:13.000000Z,2053,2053
2026-06-15T00:34:14.000000Z,BTCUSDT,futures,10010.5,10010.5,10010.5,10010.5,1.0,10010.5,1,0.5,0.5,5005.25,5005.25,1.0,2026-06-15T00:34:14.000000Z,2026-06-15T00:34:14.000000Z,2054,2054
2026-06-15T00:34:15.000000Z,BTCUSDT,futures,10009.5,10009.5,10009.5,10009.5,1.0,10009.5,1,0.5,0.5,5004.75,5004.75,1.0,2026-06-15T00:34:15.000000Z,2026-06-15T00:34:15.000000Z,2055,2055
2026-06-15T00:34:16.000000Z,BTCUSDT,futures,10010.0,10010.0,10010.0,10010.0,1.0,10010.0,1,0.5,0.5,5005.0,5005.0,1.0,2026-06-15T00:34:16.000000Z,2026-06-15T00:34:16.000000Z,2056,2056
2026-06-15T00:34:17.000000Z,BTCUSDT,futures,10010.5,10010.5,10010.5,10010.5,1.0,10010.5,1,0.5,0.5,5005.25,5005.25,1.0,2026-06-15T00:34:17.000000Z,2026-06-15T00:34:17.000000Z,2057,2057
2026-06-15T00:34:18.000000Z,BTCUSDT,futures,10009.5,10009.5,10009.5,10009.5,1.0,10009.5,1,0.5,0.5,5004.75,5004.75,1.0,2026-06-15T00:34:18.000000Z,2026-06-15T00:34:18.000000Z,2058,2058
2026-06-15T00:34:19.000000Z,BTCUSDT,futures,10010.0,10010.0,10010.0,10010.0,1.0,10010.0,1,0.5,0.5,5005.0,5005.0,1.0,2026-06-15T00:34:19.000000Z,2026-06-15T00:34:19.000000Z,2059,2059
2026-06-15T00:34:20.000000Z,BTCUSDT,futures,10010.5,10010.5,10010.5,10010.5,1.0,10010.5,1,0.5,0.5,5005.25,5005.25,1.0,2026-06-15T00:34:20.000000Z,2026-06-15T00:34:20.000000Z,2060,2060
2026-06-15T00:34:21.000000Z,BTCUSDT,futures,10009.5,10009.5,10009.5,10009.5,1.0,10009.5,1,0.5,0.5,5004.75,5004.75,1.0,2026-06-15T00:34:21.000000Z,2026-06-15T00:34:21.000000Z,2061,2061
2026-06-15T00:34:22.000000Z,BTCUSDT,futures,10010.0,10010.0,10010.0,10010.0,1.0,10010.0,1,0.5,0.5,5005.0,5005.0,1.0,2026-06-15T00:34:22.000000Z,2026-06-15T00:34:22.000000Z,2062,2062
2026-06-15T00:34:23.000000Z,BTCUSDT,futures,10010.5,10010.5,10010.5,10010.5,1.0,10010.5,1,0.5,0.5,5005.25,5005.25,1.0,2026-06-15T00:34:23.000000Z,2026-06-15T00:34:23.000000Z,2063,2063
2026-06-15T00:34:24.000000Z,BTCUSDT,futures,10009.5,10009.5,10009.5,10009.5,1.0,10009.5,1,0.5,0.5,5004.75,5004.75,1.0,2026-06-15T00:34:24.000000Z,2026-06-15T00:34:24.000000Z,2064,2064
2026-06-15T00:34:25.000000Z,BTCUSDT,futures,10010.0,10010.0,10010.0,10010.0,1.0,10010.0,1,0.5,0.5,5005.0,5005.0,1.0,2026-06-15T00:34:25.000000Z,2026-06-15T00:34:25.000000Z,2065,2065
2026-06-15T00:34:26.000000Z,BTCUSDT,futures,10010.5,10010.5,10010.5,10010.5,1.0,10010.5,1,0.5,0.5,5005.25,5005.25,1.0,2026-06-15T00:34:26.000000Z,2026-06-15T00:34:26.000000Z,2066,2066
2026-06-15T00:34:27.000000Z,BTCUSDT,futures,10009.5,10009.5,10009.5,10009.5,1.0,10009.5,1,0.5,0.5,5004.75,5004.75,1.0,2026-06-15T00:34:27.000000Z,2026-06-15T00:34:27.000000Z,2067,2067
2026-06-15T00:34:28.000000Z,BTCUSDT,futures,10010.0,10010.0,10010.0,10010.0,1.0,10010.0,1,0.5,0.5,5005.0,5005.0,1.0,2026-06-15T00:34:28.000000Z,2026-06-15T00:34:28.000000Z,2068,2068
2026-06-15T00:34:29.000000Z,BTCUSDT,futures,10010.5,10010.5,10010.5,10010.5,1.0,10010.5,1,0.5,0.5,5005.25,5005.25,1.0,2026-06-15T00:34:29.000000Z,2026-06-15T00:34:29.000000Z,2069,2069
2026-06-15T00:34:30.000000Z,BTCUSDT,futures,10009.5,10009.5,10009.5,10009.5,1.0,10009.5,1,0.5,0.5,5004.75,5004.75,1.0,2026-06-15T00:34:30.000000Z,2026-06-15T00:34:30.000000Z,2070,2070
2026-06-15T00:34:31.000000Z,BTCUSDT,futures,10010.0,10010.0,10010.0,10010.0,1.0,10010.0,1,0.5,0.5,5005.0,5005.0,1.0,2026-06-15T00:34:31.000000Z,2026-06-15T00:34:31.000000Z,2071,2071
2026-06-15T00:34:32.000000Z,BTCUSDT,futures,10010.5,10010.5,10010.5,10010.5,1.0,10010.5,1,0.5,0.5,5005.25,5005.25,1.0,2026-06-15T00:34:32.000000Z,2026-06-15T00:34:32.000000Z,2072,2072
2026-06-15T00:34:33.000000Z,BTCUSDT,futures,10009.5,10009.5,10009.5,10009.5,1.0,10009.5,1,0.5,0.5,5004.75,5004.75,1.0,2026-06-15T00:34:33.000000Z,2026-06-15T00:34:33.000000Z,2073,2073
2026-06-15T00:34:34.000000Z,BTCUSDT,futures,10010.0,10010.0,10010.0,10010.0,1.0,10010.0,1,0.5,0.5,5005.0,5005.0,1.0,2026-06-15T00:34:34.000000Z,2026-06-15T00:34:34.000000Z,2074,2074
2026-06-15T00:34:35.000000Z,BTCUSDT,futures,10010.5,10010.5,10010.5,10010.5,1.0,10010.5,1,0.5,0.5,5005.25,5005.25,1.0,2026-06-15T00:34:35.000000Z,2026-06-15T00:34:35.000000Z,2075,2075
2026-06-15T00:34:36.000000Z,BTCUSDT,futures,10009.5,10009.5,10009.5,10009.5,1.0,10009.5,1,0.5,0.5,5004.75,5004.75,1.0,2026-06-15T00:34:36.000000Z,2026-06-15T00:34:36.000000Z,2076,2076
2026-06-15T00:34:37.000000Z,BTCUSDT,futures,10010.0,10010.0,10010.0,10010.0,1.0,10010.0,1,0.5,0.5,5005.0,5005.0,1.0,2026-06-15T00:34:37.000000Z,2026-06-15T00:34:37.000000Z,2077,2077
2026-06-15T00:34:38.000000Z,BTCUSDT,futures,10010.5,10010.5,10010.5,10010.5,1.0,10010.5,1,0.5,0.5,5005.25,5005.25,1.0,2026-06-15T00:34:38.000000Z,2026-06-15T00:34:38.000000Z,2078,2078
2026-06-15T00:34:39.000000Z,BTCUSDT,futures,10009.5,10009.5,10009.5,10009.5,1.0,10009.5,1,0.5,0.5,5004.75,5004.75,1.0,2026-06-15T00:34:39.000000Z,2026-06-15T00:34:39.000000Z,2079,2079
2026-06-15T00:34:40.000000Z,BTCUSDT,futures,10010.0,10010.0,10010.0,10010.0,1.0,10010.0,1,0.5,0.5,5005.0,5005.0,1.0,2026-06-15T00:34:40.000000Z,2026-06-15T00:34:40.000000Z,2080,2080
2026-06-15T00:34:41.000000Z,BTCUSDT,futures,10010.5,10010.5,10010.5,10010.5,1.0,10010.5,1,0.5,0.5,5005.25,5005.25,1.0,2026-06-15T00:34:41.000000Z,2026-06-15T00:34:41.000000Z,2081,2081
2026-06-15T00:34:42.000000Z,BTCUSDT,futures,10009.5,10009.5,10009.5,10009.5,1.0,10009.5,1,0.5,0.5,5004.75,5004.75,1.0,2026-06-15T00:34:42.000000Z,2026-06-15T00:34:42.000000Z,2082,2082
2026-06-15T00:34:43.000000Z,BTCUSDT,futures,10010.0,10010.0,10010.0,10010.0,1.0,10010.0,1,0.5,0.5,5005.0,5005.0,1.0,2026-06-15T00:34:43.000000Z,2026-06-15T00:34:43.000000Z,2083,2083
2026-06-15T00:34:44.000000Z,BTCUSDT,futures,10010.5,10010.5,10010.5,10010.5,1.0,10010.5,1,0.5,0.5,5005.25,5005.25,1.0,2026-06-15T00:34:44.000000Z,2026-06-15T00:34:44.000000Z,2084,2084
2026-06-15T00:34:45.000000Z,BTCUSDT,futures,10009.5,10009.5,10009.5,10009.5,1.0,10009.5,1,0.5,0.5,5004.75,5004.75,1.0,2026-06-15T00:34:45.000000Z,2026-06-15T00:34:45.000000Z,2085,2085
2026-06-15T00:34:46.000000Z,BTCUSDT,futures,10010.0,10010.0,10010.0,10010.0,1.0,10010.0,1,0.5,0.5,5005.0,5005.0,1.0,2026-06-15T00:34:46.000000Z,2026-06-15T00:34:46.000000Z,2086,2086
2026-06-15T00:34:47.000000Z,BTCUSDT,futures,10010.5,10010.5,10010.5,10010.5,1.0,10010.5,1,0.5,0.5,5005.25,5005.25,1.0,2026-06-15T00:34:47.000000Z,2026-06-15T00:34:47.000000Z,2087,2087
2026-06-15T00:34:48.000000Z,BTCUSDT,futures,10009.5,10009.5,10009.5,10009.5,1.0,10009.5,1,0.5,0.5,5004.75,5004.75,1.0,2026-06-15T00:34:48.000000Z,2026-06-15T00:34:48.000000Z,2088,2088
2026-06-15T00:34:49.000000Z,BTCUSDT,futures,10010.0,10010.0,10010.0,10010.0,1.0,10010.0,1,0.5,0.5,5005.0,5005.0,1.0,2026-06-15T00:34:49.000000Z,2026-06-15T00:34:49.000000Z,2089,2089
2026-06-15T00:34:50.000000Z,BTCUSDT,futures,10010.5,10010.5,10010.5,10010.5,1.0,10010.5,1,0.5,0.5,5005.25,5005.25,1.0,2026-06-15T00:34:50.000000Z,2026-06-15T00:34:50.000000Z,2090,2090
2026-06-15T00:34:51.000000Z,BTCUSDT,futures,10009.5,10009.5,10009.5,10009.5,1.0,10009.5,1,0.5,0.5,5004.75,5004.75,1.0,2026-06-15T00:34:51.000000Z,2026-06-15T00:34:51.000000Z,2091,2091
2026-06-15T00:34:52.000000Z,BTCUSDT,futures,10010.0,10010.0,10010.0,10010.0,1.0,10010.0,1,0.5,0.5,5005.0,5005.0,1.0,2026-06-15T00:34:52.000000Z,2026-06-15T00:34:52.000000Z,2092,2092
2026-06-15T00:34:53.000000Z,BTCUSDT,futures,10010.5,10010.5,10010.5,10010.5,1.0,10010.5,1,0.5,0.5,5005.25,5005.25,1.0,2026-06-15T00:34:53.000000Z,2026-06-15T00:34:53.000000Z,2093,2093
2026-06-15T00:34:54.000000Z,BTCUSDT,futures,10009.5,10009.5,10009.5,10009.5,1.0,10009.5,1,0.5,0.5,5004.75,5004.75,1.0,2026-06-15T00:34:54.000000Z,2026-06-15T00:34:54.000000Z,2094,2094
2026-06-15T00:34:55.000000Z,BTCUSDT,futures,10010.0,10010.0,10010.0,10010.0,1.0,10010.0,1,0.5,0.5,5005.0,5005.0,1.0,2026-06-15T00:34:55.000000Z,2026-06-15T00:34:55.000000Z,2095,2095
2026-06-15T00:34:56.000000Z,BTCUSDT,futures,10010.5,10010.5,10010.5,10010.5,1.0,10010.5,1,0.5,0.5,5005.25,5005.25,1.0,2026-06-15T00:34:56.000000Z,2026-06-15T00:34:56.000000Z,2096,2096
2026-06-15T00:34:57.000000Z,BTCUSDT,futures,10009.5,10009.5,10009.5,10009.5,1.0,10009.5,1,0.5,0.5,5004.75,5004.75,1.0,2026-06-15T00:34:57.000000Z,2026-06-15T00:34:57.000000Z,2097,2097
2026-06-15T00:34:58.000000Z,BTCUSDT,futures,10010.0,10010.0,10010.0,10010.0,1.0,10010.0,1,0.5,0.5,5005.0,5005.0,1.0,2026-06-15T00:34:58.000000Z,2026-06-15T00:34:58.000000Z,2098,2098
2026-06-15T00:34:59.000000Z,BTCUSDT,futures,10010.5,10010.5,10010.5,10010.5,1.0,10010.5,1,0.5,0.5,5005.25,5005.25,1.0,2026-06-15T00:34:59.000000Z,2026-06-15T00:34:59.000000Z,2099,2099
2026-06-15T00:35:00.000000Z,BTCUSDT,futures,10009.5,10009.5,10009.5,10009.5,1.0,10009.5,1,0.5,0.5,5004.75,5004.75,1.0,2026-06-15T00:35:00.000000Z,2026-06-15T00:35:00.000000Z,2100,2100
2026-06-15T00:35:01.000000Z,BTCUSDT,futures,10010.0,10010.0,10010.0,10010.0,1.0,10010.0,1,0.5,0.5,5005.0,5005.0,1.0,2026-06-15T00:35:01.000000Z,2026-06-15T00:35:01.000000Z,2101,2101
2026-06-15T00:35:02.000000Z,BTCUSDT,futures,10010.5,10010.5,10010.5,10010.5,1.0,10010.5,1,0.5,0.5,5005.25,5005.25,1.0,2026-06-15T00:35:02.000000Z,2026-06-15T00:35:02.000000Z,2102,2102
2026-06-15T00:35:03.000000Z,BTCUSDT,futures,10009.5,10009.5,10009.5,10009.5,1.0,10009.5,1,0.5,0.5,5004.75,5004.75,1.0,2026-06-15T00:35:03.000000Z,2026-06-15T00:35:03.000000Z,2103,2103
2026-06-15T00:35:04.000000Z,BTCUSDT,futures,10010.0,10010.0,10010.0,10010.0,1.0,10010.0,1,0.5,0.5,5005.0,5005.0,1.0,2026-06-15T00:35:04.000000Z,2026-06-15T00:35:04.000000Z,2104,2104
2026-06-15T00:35:05.000000Z,BTCUSDT,futures,10010.5,10010.5,10010.5,10010.5,1.0,10010.5,1,0.5,0.5,5005.25,5005.25,1.0,2026-06-15T00:35:05.000000Z,2026-06-15T00:35:05.000000Z,2105,2105
2026-06-15T00:35:06.000000Z,BTCUSDT,futures,10009.5,10009.5,10009.5,10009.5,1.0,10009.5,1,0.5,0.5,5004.75,5004.75,1.0,2026-06-15T00:35:06.000000Z,2026-06-15T00:35:06.000000Z,2106,2106
2026-06-15T00:35:07.000000Z,BTCUSDT,futures,10010.0,10010.0,10010.0,10010.0,1.0,10010.0,1,0.5,0.5,5005.0,5005.0,1.0,2026-06-15T00:35:07.000000Z,2026-06-15T00:35:07.000000Z,2107,2107
2026-06-15T00:35:08.000000Z,BTCUSDT,futures,10010.5,10010.5,10010.5,10010.5,1.0,10010.5,1,0.5,0.5,5005.25,5005.25,1.0,2026-06-15T00:35:08.000000Z,2026-06-15T00:35:08.000000Z,2108,2108
2026-06-15T00:35:09.000000Z,BTCUSDT,futures,10009.5,10009.5,10009.5,10009.5,1.0,10009.5,1,0.5,0.5,5004.75,5004.75,1.0,2026-06-15T00:35:09.000000Z,2026-06-15T00:35:09.000000Z,2109,2109
2026-06-15T00:35:10.000000Z,BTCUSDT,futures,10010.0,10010.0,10010.0,10010.0,1.0,10010.0,1,0.5,0.5,5005.0,5005.0,1.0,2026-06-15T00:35:10.000000Z,2026-06-15T00:35:10.000000Z,2110,2110
2026-06-15T00:35:11.000000Z,BTCUSDT,futures,10010.5,10010.5,10010.5,10010.5,1.0,10010.5,1,0.5,0.5,5005.25,5005.25,1.0,2026-06-15T00:35:11.000000Z,2026-06-15T00:35:11.000000Z,2111,2111
2026-06-15T00:35:12.000000Z,BTCUSDT,futures,10009.5,10009.5,10009.5,10009.5,1.0,10009.5,1,0.5,0.5,5004.75,5004.75,1.0,2026-06-15T00:35:12.000000Z,2026-06-15T00:35:12.000000Z,2112,2112
2026-06-15T00:35:13.000000Z,BTCUSDT,futures,10010.0,10010.0,10010.0,10010.0,1.0,10010.0,1,0.5,0.5,5005.0,5005.0,1.0,2026-06-15T00:35:13.000000Z,2026-06-15T00:35:13.000000Z,2113,2113
2026-06-15T00:35:14.000000Z,BTCUSDT,futures,10010.5,10010.5,10010.5,10010.5,1.0,10010.5,1,0.5,0.5,5005.25,5005.25,1.0,2026-06-15T00:35:14.000000Z,2026-06-15T00:35:14.000000Z,2114,2114
2026-06-15T00:35:15.000000Z,BTCUSDT,futures,10009.5,10009.5,10009.5,10009.5,1.0,10009.5,1,0.5,0.5,5004.75,5004.75,1.0,2026-06-15T00:35:15.000000Z,2026-06-15T00:35:15.000000Z,2115,2115
2026-06-15T00:35:16.000000Z,BTCUSDT,futures,10010.0,10010.0,10010.0,10010.0,1.0,10010.0,1,0.5,0.5,5005.0,5005.0,1.0,2026-06-15T00:35:16.000000Z,2026-06-15T00:35:16.000000Z,2116,2116
2026-06-15T00:35:17.000000Z,BTCUSDT,futures,10010.5,10010.5,10010.5,10010.5,1.0,10010.5,1,0.5,0.5,5005.25,5005.25,1.0,2026-06-15T00:35:17.000000Z,2026-06-15T00:35:17.000000Z,2117,2117
2026-06-15T00:35:18.000000Z,BTCUSDT,futures,10009.5,10009.5,10009.5,10009.5,1.0,10009.5,1,0.5,0.5,5004.75,5004.75,1.0,2026-06-15T00:35:18.000000Z,2026-06-15T00:35:18.000000Z,2118,2118
2026-06-15T00:35:19.000000Z,BTCUSDT,futures,10010.0,10010.0,10010.0,10010.0,1.0,10010.0,1,0.5,0.5,5005.0,5005.0,1.0,2026-06-15T00:35:19.000000Z,2026-06-15T00:35:19.000000Z,2119,2119
2026-06-15T00:35:20.000000Z,BTCUSDT,futures,10010.5,10010.5,10010.5,10010.5,1.0,10010.5,1,0.5,0.5,5005.25,5005.25,1.0,2026-06-15T00:35:20.000000Z,2026-06-15T00:35:20.000000Z,2120,2120
2026-06-15T00:35:21.000000Z,BTCUSDT,futures,10009.5,10009.5,10009.5,10009.5,1.0,10009.5,1,0.5,0.5,5004.75,5004.75,1.0,2026-06-15T00:35:21.000000Z,2026-06-15T00:35:21.000000Z,2121,2121
2026-06-15T00:35:22.000000Z,BTCUSDT,futures,10010.0,10010.0,10010.0,10010.0,1.0,10010.0,1,0.5,0.5,5005.0,5005.0,1.0,2026-06-15T00:35:22.000000Z,2026-06-15T00:35:22.000000Z,2122,2122
2026-06-15T00:35:23.000000Z,BTCUSDT,futures,10010.5,10010.5,10010.5,10010.5,1.0,10010.5,1,0.5,0.5,5005.25,5005.25,1.0,2026-06-15T00:35:23.000000Z,2026-06-15T00:35:23.000000Z,2123,2123
2026-06-15T00:35:24.000000Z,BTCUSDT,futures,10009.5,10009.5,10009.5,10009.5,1.0,10009.5,1,0.5,0.5,5004.75,5004.75,1.0,2026-06-15T00:35:24.000000Z,2026-06-15T00:35:24.000000Z,2124,2124
2026-06-15T00:35:25.000000Z,BTCUSDT,futures,10010.0,10010.0,10010.0,10010.0,1.0,10010.0,1,0.5,0.5,5005.0,5005.0,1.0,2026-06-15T00:35:25.000000Z,2026-06-15T00:35:25.000000Z,2125,2125
2026-06-15T00:35:26.000000Z,BTCUSDT,futures,10010.5,10010.5,10010.5,10010.5,1.0,10010.5,1,0.5,0.5,5005.25,5005.25,1.0,2026-06-15T00:35:26.000000Z,2026-06-15T00:35:26.000000Z,2126,2126
2026-06-15T00:35:27.000000Z,BTCUSDT,futures,10009.5,10009.5,10009.5,10009.5,1.0,10009.5,1,0.5,0.5,5004.75,5004.75,1.0,2026-06-15T00:35:27.000000Z,2026-06-15T00:35:27.000000Z,2127,2127
2026-06-15T00:35:28.000000Z,BTCUSDT,futures,10010.0,10010.0,10010.0,10010.0,1.0,10010.0,1,0.5,0.5,5005.0,5005.0,1.0,2026-06-15T00:35:28.000000Z,2026-06-15T00:35:28.000000Z,2128,2128
2026-06-15T00:35:29.000000Z,BTCUSDT,futures,10010.5,10010.5,10010.5,10010.5,1.0,10010.5,1,0.5,0.5,5005.25,5005.25,1.0,2026-06-15T00:35:29.000000Z,2026-06-15T00:35:29.000000Z,2129,2129
2026-06-15T00:35:30.000000Z,BTCUSDT,futures,10009.5,10009.5,10009.5,10009.5,1.0,10009.5,1,0.5,0.5,5004.75,5004.75,1.0,2026-06-15T00:35:30.000000Z,2026-06-15T00:35:30.000000Z,2130,2130
2026-06-15T00:35:31.000000Z,BTCUSDT,futures,10010.0,10010.0,10010.0,10010.0,1.0,10010.0,1,0.5,0.5,5005.0,5005.0,1.0,2026-06-15T00:35:31.000000Z,2026-06-15T00:35:31.000000Z,2131,2131
2026-06-15T00:35:32.000000Z,BTCUSDT,futures,10010.5,10010.5,10010.5,10010.5,1.0,10010.5,1,0.5,0.5,5005.25,5005.25,1.0,2026-06-15T00:35:32.000000Z,2026-06-15T00:35:32.000000Z,2132,2132
2026-06-15T00:35:33.000000Z,BTCUSDT,futures,10009.5,10009.5,10009.5,10009.5,1.0,10009.5,1,0.5,0.5,5004.75,5004.75,1.0,2026-06-15T00:35:33.000000Z,2026-06-15T00:35:33.000000Z,2133,2133
2026-06-15T00:35:34.000000Z,BTCUSDT,futures,10010.0,10010.0,10010.0,10010.0,1.0,10010.0,1,0.5,0.5,5005.0,5005.0,1.0,2026-06-15T00:35:34.000000Z,2026-06-15T00:35:34.000000Z,2134,2134
2026-06-15T00:35:35.000000Z,BTCUSDT,futures,10010.5,10010.5,10010.5,10010.5,1.0,10010.5,1,0.5,0.5,5005.25,5005.25,1.0,2026-06-15T00:35:35.000000Z,2026-06-15T00:35:35.000000Z,2135,2135
2026-06-15T00:35:36.000000Z,BTCUSDT,futures,10009.5,10009.5,10009.5,10009.5,1.0,10009.5,1,0.5,0.5,5004.75,5004.75,1.0,2026-06-15T00:35:36.000000Z,2026-06-15T00:35:36.000000Z,2136,2136
2026-06-15T00:35:37.000000Z,BTCUSDT,futures,10010.0,10010.0,10010.0,10010.0,1.0,10010.0,1,0.5,0.5,5005.0,5005.0,1.0,2026-06-15T00:35:37.000000Z,2026-06-15T00:35:37.000000Z,2137,2137
2026-06-15T00:35:38.000000Z,BTCUSDT,futures,10010.5,10010.5,10010.5,10010.5,1.0,10010.5,1,0.5,0.5,5005.25,5005.25,1.0,2026-06-15T00:35:38.000000Z,2026-06-15T00:35:38.000000Z,2138,2138
2026-06-15T00:35:39.000000Z,BTCUSDT,futures,10009.5,10009.5,10009.5,10009.5,1.0,10009.5,1,0.5,0.5,5004.75,5004.75,1.0,2026-06-15T00:35:39.000000Z,2026-06-15T00:35:39.000000Z,2139,2139
2026-06-15T00:35:40.000000Z,BTCUSDT,futures,10010.0,10010.0,10010.0,10010.0,1.0,10010.0,1,0.5,0.5,5005.0,5005.0,1.0,2026-06-15T00:35:40.000000Z,2026-06-15T00:35:40.000000Z,2140,2140
2026-06-15T00:35:41.000000Z,BTCUSDT,futures,10010.5,10010.5,10010.5,10010.5,1.0,10010.5,1,0.5,0.5,5005.25,5005.25,1.0,2026-06-15T00:35:41.000000Z,2026-06-15T00:35:41.000000Z,2141,2141
2026-06-15T00:35:42.000000Z,BTCUSDT,futures,10009.5,10009.5,10009.5,10009.5,1.0,10009.5,1,0.5,0.5,5004.75,5004.75,1.0,2026-06-15T00:35:42.000000Z,2026-06-15T00:35:42.000000Z,2142,2142
2026-06-15T00:35:43.000000Z,BTCUSDT,futures,10010.0,10010.0,10010.0,10010.0,1.0,10010.0,1,0.5,0.5,5005.0,5005.0,1.0,2026-06-15T00:35:43.000000Z,2026-06-15T00:35:43.000000Z,2143,2143
2026-06-15T00:35:44.000000Z,BTCUSDT,futures,10010.5,10010.5,10010.5,10010.5,1.0,10010.5,1,0.5,0.5,5005.25,5005.25,1.0,2026-06-15T00:35:44.000000Z,2026-06-15T00:35:44.000000Z,2144,2144
2026-06-15T00:35:45.000000Z,BTCUSDT,futures,10009.5,10009.5,10009.5,10009.5,1.0,10009.5,1,0.5,0.5,5004.75,5004.75,1.0,2026-06-15T00:35:45.000000Z,2026-06-15T00:35:45.000000Z,2145,2145
2026-06-15T00:35:46.000000Z,BTCUSDT,futures,10010.0,10010.0,10010.0,10010.0,1.0,10010.0,1,0.5,0.5,5005.0,5005.0,1.0,2026-06-15T00:35:46.000000Z,2026-06-15T00:35:46.000000Z,2146,2146
2026-06-15T00:35:47.000000Z,BTCUSDT,futures,10010.5,10010.5,10010.5,10010.5,1.0,10010.5,1,0.5,0.5,5005.25,5005.25,1.0,2026-06-15T00:35:47.000000Z,2026-06-15T00:35:47.000000Z,2147,2147
2026-06-15T00:35:48.000000Z,BTCUSDT,futures,10009.5,10009.5,10009.5,10009.5,1.0,10009.5,1,0.5,0.5,5004.75,5004.75,1.0,2026-06-15T00:35:48.000000Z,2026-06-15T00:35:48.000000Z,2148,2148
2026-06-15T00:35:49.000000Z,BTCUSDT,futures,10010.0,10010.0,10010.0,10010.0,1.0,10010.0,1,0.5,0.5,5005.0,5005.0,1.0,2026-06-15T00:35:49.000000Z,2026-06-15T00:35:49.000000Z,2149,2149
2026-06-15T00:35:50.000000Z,BTCUSDT,futures,10010.5,10010.5,10010.5,10010.5,1.0,10010.5,1,0.5,0.5,5005.25,5005.25,1.0,2026-06-15T00:35:50.000000Z,2026-06-15T00:35:50.000000Z,2150,2150
2026-06-15T00:35:51.000000Z,BTCUSDT,futures,10009.5,10009.5,10009.5,10009.5,1.0,10009.5,1,0.5,0.5,5004.75,5004.75,1.0,2026-06-15T00:35:51.000000Z,2026-06-15T00:35:51.000000Z,2151,2151
2026-06-15T00:35:52.000000Z,BTCUSDT,futures,10010.0,10010.0,10010.0,10010.0,1.0,10010.0,1,0.5,0.5,5005.0,5005.0,1.0,2026-06-15T00:35:52.000000Z,2026-06-15T00:35:52.000000Z,2152,2152
2026-06-15T00:35:53.000000Z,BTCUSDT,futures,10010.5,10010.5,10010.5,10010.5,1.0,10010.5,1,0.5,0.5,5005.25,5005.25,1.0,2026-06-15T00:35:53.000000Z,2026-06-15T00:35:53.000000Z,2153,2153
2026-06-15T00:35:54.000000Z,BTCUSDT,futures,10009.5,10009.5,10009.5,10009.5,1.0,10009.5,1,0.5,0.5,5004.75,5004.75,1.0,2026-06-15T00:35:54.000000Z,2026-06-15T00:35:54.000000Z,2154,2154
2026-06-15T00:35:55.000000Z,BTCUSDT,futures,10010.0,10010.0,10010.0,10010.0,1.0,10010.0,1,0.5,0.5,5005.0,5005.0,1.0,2026-06-15T00:35:55.000000Z,2026-06-15T00:35:55.000000Z,2155,2155
2026-06-15T00:35:56.000000Z,BTCUSDT,futures,10010.5,10010.5,10010.5,10010.5,1.0,10010.5,1,0.5,0.5,5005.25,5005.25,1.0,2026-06-15T00:35:56.000000Z,2026-06-15T00:35:56.000000Z,2156,2156
2026-06-15T00:35:57.000000Z,BTCUSDT,futures,10009.5,10009.5,10009.5,10009.5,1.0,10009.5,1,0.5,0.5,5004.75,5004.75,1.0,2026-06-15T00:35:57.000000Z,2026-06-15T00:35:57.000000Z,2157,2157
2026-06-15T00:35:58.000000Z,BTCUSDT,futures,10010.0,10010.0,10010.0,10010.0,1.0,10010.0,1,0.5,0.5,5005.0,5005.0,1.0,2026-06-15T00:35:58.000000Z,2026-06-15T00:35:58.000000Z,2158,2158
2026-06-15T00:35:59.000000Z,BTCUSDT,futures,10010.5,10010.5,10010.5,10010.5,1.0,10010.5,1,0.5,0.5,5005.25,5005.25,1.0,2026-06-15T00:35:59.000000Z,2026-06-15T00:35:59.000000Z,2159,2159
2026-06-15T00:36:00.000000Z,BTCUSDT,futures,10009.5,10009.5,10009.5,10009.5,1.0,10009.5,1,0.5,0.5,5004.75,5004.75,1.0,2026-06-15T00:36:00.000000Z,2026-06-15T00:36:00.000000Z,2160,2160
2026-06-15T00:36:01.000000Z,BTCUSDT,futures,10010.0,10010.0,10010.0,10010.0,1.0,10010.0,1,0.5,0.5,5005.0,5005.0,1.0,2026-06-15T00:36:01.000000Z,2026-06-15T00:36:01.000000Z,2161,2161
2026-06-15T00:36:02.000000Z,BTCUSDT,futures,10010.5,10010.5,10010.5,10010.5,1.0,10010.5,1,0.5,0.5,5005.25,5005.25,1.0,2026-06-15T00:36:02.000000Z,2026-06-15T00:36:02.000000Z,2162,2162
2026-06-15T00:36:03.000000Z,BTCUSDT,futures,10009.5,10009.5,10009.5,10009.5,1.0,10009.5,1,0.5,0.5,5004.75,5004.75,1.0,2026-06-15T00:36:03.000000Z,2026-06-15T00:36:03.000000Z,2163,2163
2026-06-15T00:36:04.000000Z,BTCUSDT,futures,10010.0,10010.0,10010.0,10010.0,1.0,10010.0,1,0.5,0.5,5005.0,5005.0,1.0,2026-06-15T00:36:04.000000Z,2026-06-15T00:36:04.000000Z,2164,2164
2026-06-15T00:36:05.000000Z,BTCUSDT,futures,10010.5,10010.5,10010.5,10010.5,1.0,10010.5,1,0.5,0.5,5005.25,5005.25,1.0,2026-06-15T00:36:05.000000Z,2026-06-15T00:36:05.000000Z,2165,2165
2026-06-15T00:36:06.000000Z,BTCUSDT,futures,10009.5,10009.5,10009.5,10009.5,1.0,10009.5,1,0.5,0.5,5004.75,5004.75,1.0,2026-06-15T00:36:06.000000Z,2026-06-15T00:36:06.000000Z,2166,2166
2026-06-15T00:36:07.000000Z,BTCUSDT,futures,10010.0,10010.0,10010.0,10010.0,1.0,10010.0,1,0.5,0.5,5005.0,5005.0,1.0,2026-06-15T00:36:07.000000Z,2026-06-15T00:36:07.000000Z,2167,2167
2026-06-15T00:36:08.000000Z,BTCUSDT,futures,10010.5,10010.5,10010.5,10010.5,1.0,10010.5,1,0.5,0.5,5005.25,5005.25,1.0,2026-06-15T00:36:08.000000Z,2026-06-15T00:36:08.000000Z,2168,2168
2026-06-15T00:36:09.000000Z,BTCUSDT,futures,10009.5,10009.5,10009.5,10009.5,1.0,10009.5,1,0.5,0.5,5004.75,5004.75,1.0,2026-06-15T00:36:09.000000Z,2026-06-15T00:36:09.000000Z,2169,2169
2026-06-15T00:36:10.000000Z,BTCUSDT,futures,10010.0,10010.0,10010.0,10010.0,1.0,10010.0,1,0.5,0.5,5005.0,5005.0,1.0,2026-06-15T00:36:10.000000Z,2026-06-15T00:36:10.000000Z,2170,2170
2026-06-15T00:36:11.000000Z,BTCUSDT,futures,10010.5,10010.5,10010.5,10010.5,1.0,10010.5,1,0.5,0.5,5005.25,5005.25,1.0,2026-06-15T00:36:11.000000Z,2026-06-15T00:36:11.000000Z,2171,2171
2026-06-15T00:36:12.000000Z,BTCUSDT,futures,10009.5,10009.5,10009.5,10009.5,1.0,10009.5,1,0.5,0.5,5004.75,5004.75,1.0,2026-06-15T00:36:12.000000Z,2026-06-15T00:36:12.000000Z,2172,2172
2026-06-15T00:36:13.000000Z,BTCUSDT,futures,10010.0,10010.0,10010.0,10010.0,1.0,10010.0,1,0.5,0.5,5005.0,5005.0,1.0,2026-06-15T00:36:13.000000Z,2026-06-15T00:36:13.000000Z,2173,2173
2026-06-15T00:36:14.000000Z,BTCUSDT,futures,10010.5,10010.5,10010.5,10010.5,1.0,10010.5,1,0.5,0.5,5005.25,5005.25,1.0,2026-06-15T00:36:14.000000Z,2026-06-15T00:36:14.000000Z,2174,2174
2026-06-15T00:36:15.000000Z,BTCUSDT,futures,10009.5,10009.5,10009.5,10009.5,1.0,10009.5,1,0.5,0.5,5004.75,5004.75,1.0,2026-06-15T00:36:15.000000Z,2026-06-15T00:36:15.000000Z,2175,2175
2026-06-15T00:36:16.000000Z,BTCUSDT,futures,10010.0,10010.0,10010.0,10010.0,1.0,10010.0,1,0.5,0.5,5005.0,5005.0,1.0,2026-06-15T00:36:16.000000Z,2026-06-15T00:36:16.000000Z,2176,2176
2026-06-15T00:36:17.000000Z,BTCUSDT,futures,10010.5,10010.5,10010.5,10010.5,1.0,10010.5,1,0.5,0.5,5005.25,5005.25,1.0,2026-06-15T00:36:17.000000Z,2026-06-15T00:36:17.000000Z,2177,2177
2026-06-15T00:36:18.000000Z,BTCUSDT,futures,10009.5,10009.5,10009.5,10009.5,1.0,10009.5,1,0.5,0.5,5004.75,5004.75,1.0,2026-06-15T00:36:18.000000Z,2026-06-15T00:36:18.000000Z,2178,2178
2026-06-15T00:36:19.000000Z,BTCUSDT,futures,10010.0,10010.0,10010.0,10010.0,1.0,10010.0,1,0.5,0.5,5005.0,5005.0,1.0,2026-06-15T00:36:19.000000Z,2026-06-15T00:36:19.000000Z,2179,2179
2026-06-15T00:36:20.000000Z,BTCUSDT,futures,10010.5,10010.5,10010.5,10010.5,1.0,10010.5,1,0.5,0.5,5005.25,5005.25,1.0,2026-06-15T00:36:20.000000Z,2026-06-15T00:36:20.000000Z,2180,2180
2026-06-15T00:36:21.000000Z,BTCUSDT,futures,10009.5,10009.5,10009.5,10009.5,1.0,10009.5,1,0.5,0.5,5004.75,5004.75,1.0,2026-06-15T00:36:21.000000Z,2026-06-15T00:36:21.000000Z,2181,2181
2026-06-15T00:36:22.000000Z,BTCUSDT,futures,10010.0,10010.0,10010.0,10010.0,1.0,10010.0,1,0.5,0.5,5005.0,5005.0,1.0,2026-06-15T00:36:22.000000Z,2026-06-15T00:36:22.000000Z,2182,2182
2026-06-15T00:36:23.000000Z,BTCUSDT,futures,10010.5,10010.5,10010.5,10010.5,1.0,10010.5,1,0.5,0.5,5005.25,5005.25,1.0,2026-06-15T00:36:23.000000Z,2026-06-15T00:36:23.000000Z,2183,2183
2026-06-15T00:36:24.000000Z,BTCUSDT,futures,10009.5,10009.5,10009.5,10009.5,1.0,10009.5,1,0.5,0.5,5004.75,5004.75,1.0,2026-06-15T00:36:24.000000Z,2026-06-15T00:36:24.000000Z,2184,2184
2026-06-15T00:36:25.000000Z,BTCUSDT,futures,10010.0,10010.0,10010.0,10010.0,1.0,10010.0,1,0.5,0.5,5005.0,5005.0,1.0,2026-06-15T00:36:25.000000Z,2026-06-15T00:36:25.000000Z,2185,2185
2026-06-15T00:36:26.000000Z,BTCUSDT,futures,10010.5,10010.5,10010.5,10010.5,1.0,10010.5,1,0.5,0.5,5005.25,5005.25,1.0,2026-06-15T00:36:26.000000Z,2026-06-15T00:36:26.000000Z,2186,2186
2026-06-15T00:36:27.000000Z,BTCUSDT,futures,10009.5,10009.5,10009.5,10009.5,1.0,10009.5,1,0.5,0.5,5004.75,5004.75,1.0,2026-06-15T00:36:27.000000Z,2026-06-15T00:36:27.000000Z,2187,2187
2026-06-15T00:36:28.000000Z,BTCUSDT,futures,10010.0,10010.0,10010.0,10010.0,1.0,10010.0,1,0.5,0.5,5005.0,5005.0,1.0,2026-06-15T00:36:28.000000Z,2026-06-15T00:36:28.000000Z,2188,2188
2026-06-15T00:36:29.000000Z,BTCUSDT,futures,10010.5,10010.5,10010.5,10010.5,1.0,10010.5,1,0.5,0.5,5005.25,5005.25,1.0,2026-06-15T00:36:29.000000Z,2026-06-15T00:36:29.000000Z,2189,2189
2026-06-15T00:36:30.000000Z,BTCUSDT,futures,10009.5,10009.5,10009.5,10009.5,1.0,10009.5,1,0.5,0.5,5004.75,5004.75,1.0,2026-06-15T00:36:30.000000Z,2026-06-15T00:36:30.000000Z,2190,2190
2026-06-15T00:36:31.000000Z,BTCUSDT,futures,10010.0,10010.0,10010.0,10010.0,1.0,10010.0,1,0.5,0.5,5005.0,5005.0,1.0,2026-06-15T00:36:31.000000Z,2026-06-15T00:36:31.000000Z,2191,2191
2026-06-15T00:36:32.000000Z,BTCUSDT,futures,10010.5,10010.5,10010.5,10010.5,1.0,10010.5,1,0.5,0.5,5005.25,5005.25,1.0,2026-06-15T00:36:32.000000Z,2026-06-15T00:36:32.000000Z,2192,2192
2026-06-15T00:36:33.000000Z,BTCUSDT,futures,10009.5,10009.5,10009.5,10009.5,1.0,10009.5,1,0.5,0.5,5004.75,5004.75,1.0,2026-06-15T00:36:33.000000Z,2026-06-15T00:36:33.000000Z,2193,2193
2026-06-15T00:36:34.000000Z,BTCUSDT,futures,10010.0,10010.0,10010.0,10010.0,1.0,10010.0,1,0.5,0.5,5005.0,5005.0,1.0,2026-06-15T00:36:34.000000Z,2026-06-15T00:36:34.000000Z,2194,2194
2026-06-15T00:36:35.000000Z,BTCUSDT,futures,10010.5,10010.5,10010.5,10010.5,1.0,10010.5,1,0.5,0.5,5005.25,5005.25,1.0,2026-06-15T00:36:35.000000Z,2026-06-15T00:36:35.000000Z,2195,2195
2026-06-15T00:36:36.000000Z,BTCUSDT,futures,10009.5,10009.5,10009.5,10009.5,1.0,10009.5,1,0.5,0.5,5004.75,5004.75,1.0,2026-06-15T00:36:36.000000Z,2026-06-15T00:36:36.000000Z,2196,2196
2026-06-15T00:36:37.000000Z,BTCUSDT,futures,10010.0,10010.0,10010.0,10010.0,1.0,10010.0,1,0.5,0.5,5005.0,5005.0,1.0,2026-06-15T00:36:37.000000Z,2026-06-15T00:36:37.000000Z,2197,2197
2026-06-15T00:36:38.000000Z,BTCUSDT,futures,10010.5,10010.5,10010.5,10010.5,1.0,10010.5,1,0.5,0.5,5005.25,5005.25,1.0,2026-06-15T00:36:38.000000Z,2026-06-15T00:36:38.000000Z,2198,2198
2026-06-15T00:36:39.000000Z,BTCUSDT,futures,10009.5,10009.5,10009.5,10009.5,1.0,10009.5,1,0.5,0.5,5004.75,5004.75,1.0,2026-06-15T00:36:39.000000Z,2026-06-15T00:36:39.000000Z,2199,2199
2026-06-15T00:36:40.000000Z,BTCUSDT,futures,10010.0,10010.0,10010.0,10010.0,1.0,10010.0,1,0.5,0.5,5005.0,5005.0,1.0,2026-06-15T00:36:40.000000Z,2026-06-15T00:36:40.000000Z,2200,2200
2026-06-15T00:36:41.000000Z,BTCUSDT,futures,10010.5,10010.5,10010.5,10010.5,1.0,10010.5,1,0.5,0.5,5005.25,5005.25,1.0,2026-06-15T00:36:41.000000Z,2026-06-15T00:36:41.000000Z,2201,2201
2026-06-15T00:36:42.000000Z,BTCUSDT,futures,10009.5,10009.5,10009.5,10009.5,1.0,10009.5,1,0.5,0.5,5004.75,5004.75,1.0,2026-06-15T00:36:42.000000Z,2026-06-15T00:36:42.000000Z,2202,2202
2026-06-15T00:36:43.000000Z,BTCUSDT,futures,10010.0,10010.0,10010.0,10010.0,1.0,10010.0,1,0.5,0.5,5005.0,5005.0,1.0,2026-06-15T00:36:43.000000Z,2026-06-15T00:36:43.000000Z,2203,2203
2026-06-15T00:36:44.000000Z,BTCUSDT,futures,10010.5,10010.5,10010.5,10010.5,1.0,10010.5,1,0.5,0.5,5005.25,5005.25,1.0,2026-06-15T00:36:44.000000Z,2026-06-15T00:36:44.000000Z,2204,2204
2026-06-15T00:36:45.000000Z,BTCUSDT,futures,10009.5,10009.5,10009.5,10009.5,1.0,10009.5,1,0.5,0.5,5004.75,5004.75,1.0,2026-06-15T00:36:45.000000Z,2026-06-15T00:36:45.000000Z,2205,2205
2026-06-15T00:36:46.000000Z,BTCUSDT,futures,10010.0,10010.0,10010.0,10010.0,1.0,10010.0,1,0.5,0.5,5005.0,5005.0,1.0,2026-06-15T00:36:46.000000Z,2026-06-15T00:36:46.000000Z,2206,2206
2026-06-15T00:36:47.000000Z,BTCUSDT,futures,10010.5,10010.5,10010.5,10010.5,1.0,10010.5,1,0.5,0.5,5005.25,5005.25,1.0,2026-06-15T00:36:47.000000Z,2026-06-15T00:36:47.000000Z,2207,2207
2026-06-15T00:36:48.000000Z,BTCUSDT,futures,10009.5,10009.5,10009.5,10009.5,1.0,10009.5,1,0.5,0.5,5004.75,5004.75,1.0,2026-06-15T00:36:48.000000Z,2026-06-15T00:36:48.000000Z,2208,2208
2026-06-15T00:36:49.000000Z,BTCUSDT,futures,10010.0,10010.0,10010.0,10010.0,1.0,10010.0,1,0.5,0.5,5005.0,5005.0,1.0,2026-06-15T00:36:49.000000Z,2026-06-15T00:36:49.000000Z,2209,2209
2026-06-15T00:36:50.000000Z,BTCUSDT,futures,10010.5,10010.5,10010.5,10010.5,1.0,10010.5,1,0.5,0.5,5005.25,5005.25,1.0,2026-06-15T00:36:50.000000Z,2026-06-15T00:36:50.000000Z,2210,2210
2026-06-15T00:36:51.000000Z,BTCUSDT,futures,10009.5,10009.5,10009.5,10009.5,1.0,10009.5,1,0.5,0.5,5004.75,5004.75,1.0,2026-06-15T00:36:51.000000Z,2026-06-15T00:36:51.000000Z,2211,2211
2026-06-15T00:36:52.000000Z,BTCUSDT,futures,10010.0,10010.0,10010.0,10010.0,1.0,10010.0,1,0.5,0.5,5005.0,5005.0,1.0,2026-06-15T00:36:52.000000Z,2026-06-15T00:36:52.000000Z,2212,2212
2026-06-15T00:36:53.000000Z,BTCUSDT,futures,10010.5,10010.5,10010.5,10010.5,1.0,10010.5,1,0.5,0.5,5005.25,5005.25,1.0,2026-06-15T00:36:53.000000Z,2026-06-15T00:36:53.000000Z,2213,2213
2026-06-15T00:36:54.000000Z,BTCUSDT,futures,10009.5,10009.5,10009.5,10009.5,1.0,10009.5,1,0.5,0.5,5004.75,5004.75,1.0,2026-06-15T00:36:54.000000Z,2026-06-15T00:36:54.000000Z,2214,2214
2026-06-15T00:36:55.000000Z,BTCUSDT,futures,10010.0,10010.0,10010.0,10010.0,1.0,10010.0,1,0.5,0.5,5005.0,5005.0,1.0,2026-06-15T00:36:55.000000Z,2026-06-15T00:36:55.000000Z,2215,2215
2026-06-15T00:36:56.000000Z,BTCUSDT,futures,10010.5,10010.5,10010.5,10010.5,1.0,10010.5,1,0.5,0.5,5005.25,5005.25,1.0,2026-06-15T00:36:56.000000Z,2026-06-15T00:36:56.000000Z,2216,2216
2026-06-15T00:36:57.000000Z,BTCUSDT,futures,10009.5,10009.5,10009.5,10009.5,1.0,10009.5,1,0.5,0.5,5004.75,5004.75,1.0,2026-06-15T00:36:57.000000Z,2026-06-15T00:36:57.000000Z,2217,2217
2026-06-15T00:36:58.000000Z,BTCUSDT,futures,10010.0,10010.0,10010.0,10010.0,1.0,10010.0,1,0.5,0.5,5005.0,5005.0,1.0,2026-06-15T00:36:58.000000Z,2026-06-15T00:36:58.000000Z,2218,2218
2026-06-15T00:36:59.000000Z,BTCUSDT,futures,10010.5,10010.5,10010.5,10010.5,1.0,10010.5,1,0.5,0.5,5005.25,5005.25,1.0,2026-06-15T00:36:59.000000Z,2026-06-15T00:36:59.000000Z,2219,2219
2026-06-15T00:37:00.000000Z,BTCUSDT,futures,10009.5,10009.5,10009.5,10009.5,1.0,10009.5,1,0.5,0.5,5004.75,5004.75,1.0,2026-06-15T00:37:00.000000Z,2026-06-15T00:37:00.000000Z,2220,2220
2026-06-15T00:37:01.000000Z,BTCUSDT,futures,10010.0,10010.0,10010.0,10010.0,1.0,10010.0,1,0.5,0.5,5005.0,5005.0,1.0,2026-06-15T00:37:01.000000Z,2026-06-15T00:37:01.000000Z,2221,2221
2026-06-15T00:37:02.000000Z,BTCUSDT,futures,10010.5,10010.5,10010.5,10010.5,1.0,10010.5,1,0.5,0.5,5005.25,5005.25,1.0,2026-06-15T00:37:02.000000Z,2026-06-15T00:37:02.000000Z,2222,2222
2026-06-15T00:37:03.000000Z,BTCUSDT,futures,10009.5,10009.5,10009.5,10009.5,1.0,10009.5,1,0.5,0.5,5004.75,5004.75,1.0,2026-06-15T00:37:03.000000Z,2026-06-15T00:37:03.000000Z,2223,2223
2026-06-15T00:37:04.000000Z,BTCUSDT,futures,10010.0,10010.0,10010.0,10010.0,1.0,10010.0,1,0.5,0.5,5005.0,5005.0,1.0,2026-06-15T00:37:04.000000Z,2026-06-15T00:37:04.000000Z,2224,2224
2026-06-15T00:37:05.000000Z,BTCUSDT,futures,10010.5,10010.5,10010.5,10010.5,1.0,10010.5,1,0.5,0.5,5005.25,5005.25,1.0,2026-06-15T00:37:05.000000Z,2026-06-15T00:37:05.000000Z,2225,2225
2026-06-15T00:37:06.000000Z,BTCUSDT,futures,10009.5,10009.5,10009.5,10009.5,1.0,10009.5,1,0.5,0.5,5004.75,5004.75,1.0,2026-06-15T00:37:06.000000Z,2026-06-15T00:37:06.000000Z,2226,2226
2026-06-15T00:37:07.000000Z,BTCUSDT,futures,10010.0,10010.0,10010.0,10010.0,1.0,10010.0,1,0.5,0.5,5005.0,5005.0,1.0,2026-06-15T00:37:07.000000Z,2026-06-15T00:37:07.000000Z,2227,2227
2026-06-15T00:37:08.000000Z,BTCUSDT,futures,10010.5,10010.5,10010.5,10010.5,1.0,10010.5,1,0.5,0.5,5005.25,5005.25,1.0,2026-06-15T00:37:08.000000Z,2026-06-15T00:37:08.000000Z,2228,2228
2026-06-15T00:37:09.000000Z,BTCUSDT,futures,10009.5,10009.5,10009.5,10009.5,1.0,10009.5,1,0.5,0.5,5004.75,5004.75,1.0,2026-06-15T00:37:09.000000Z,2026-06-15T00:37:09.000000Z,2229,2229
2026-06-15T00:37:10.000000Z,BTCUSDT,futures,10010.0,10010.0,10010.0,10010.0,1.0,10010.0,1,0.5,0.5,5005.0,5005.0,1.0,2026-06-15T00:37:10.000000Z,2026-06-15T00:37:10.000000Z,2230,2230
2026-06-15T00:37:11.000000Z,BTCUSDT,futures,10010.5,10010.5,10010.5,10010.5,1.0,10010.5,1,0.5,0.5,5005.25,5005.25,1.0,2026-06-15T00:37:11.000000Z,2026-06-15T00:37:11.000000Z,2231,2231
2026-06-15T00:37:12.000000Z,BTCUSDT,futures,10009.5,10009.5,10009.5,10009.5,1.0,10009.5,1,0.5,0.5,5004.75,5004.75,1.0,2026-06-15T00:37:12.000000Z,2026-06-15T00:37:12.000000Z,2232,2232
2026-06-15T00:37:13.000000Z,BTCUSDT,futures,10010.0,10010.0,10010.0,10010.0,1.0,10010.0,1,0.5,0.5,5005.0,5005.0,1.0,2026-06-15T00:37:13.000000Z,2026-06-15T00:37:13.000000Z,2233,2233
2026-06-15T00:37:14.000000Z,BTCUSDT,futures,10010.5,10010.5,10010.5,10010.5,1.0,10010.5,1,0.5,0.5,5005.25,5005.25,1.0,2026-06-15T00:37:14.000000Z,2026-06-15T00:37:14.000000Z,2234,2234
2026-06-15T00:37:15.000000Z,BTCUSDT,futures,10009.5,10009.5,10009.5,10009.5,1.0,10009.5,1,0.5,0.5,5004.75,5004.75,1.0,2026-06-15T00:37:15.000000Z,2026-06-15T00:37:15.000000Z,2235,2235
2026-06-15T00:37:16.000000Z,BTCUSDT,futures,10010.0,10010.0,10010.0,10010.0,1.0,10010.0,1,0.5,0.5,5005.0,5005.0,1.0,2026-06-15T00:37:16.000000Z,2026-06-15T00:37:16.000000Z,2236,2236
2026-06-15T00:37:17.000000Z,BTCUSDT,futures,10010.5,10010.5,10010.5,10010.5,1.0,10010.5,1,0.5,0.5,5005.25,5005.25,1.0,2026-06-15T00:37:17.000000Z,2026-06-15T00:37:17.000000Z,2237,2237
2026-06-15T00:37:18.000000Z,BTCUSDT,futures,10009.5,10009.5,10009.5,10009.5,1.0,10009.5,1,0.5,0.5,5004.75,5004.75,1.0,2026-06-15T00:37:18.000000Z,2026-06-15T00:37:18.000000Z,2238,2238
2026-06-15T00:37:19.000000Z,BTCUSDT,futures,10010.0,10010.0,10010.0,10010.0,1.0,10010.0,1,0.5,0.5,5005.0,5005.0,1.0,2026-06-15T00:37:19.000000Z,2026-06-15T00:37:19.000000Z,2239,2239
2026-06-15T00:37:20.000000Z,BTCUSDT,futures,10010.5,10010.5,10010.5,10010.5,1.0,10010.5,1,0.5,0.5,5005.25,5005.25,1.0,2026-06-15T00:37:20.000000Z,2026-06-15T00:37:20.000000Z,2240,2240
2026-06-15T00:37:21.000000Z,BTCUSDT,futures,10009.5,10009.5,10009.5,10009.5,1.0,10009.5,1,0.5,0.5,5004.75,5004.75,1.0,2026-06-15T00:37:21.000000Z,2026-06-15T00:37:21.000000Z,2241,2241
2026-06-15T00:37:22.000000Z,BTCUSDT,futures,10010.0,10010.0,10010.0,10010.0,1.0,10010.0,1,0.5,0.5,5005.0,5005.0,1.0,2026-06-15T00:37:22.000000Z,2026-06-15T00:37:22.000000Z,2242,2242
2026-06-15T00:37:23.000000Z,BTCUSDT,futures,10010.5,10010.5,10010.5,10010.5,1.0,10010.5,1,0.5,0.5,5005.25,5005.25,1.0,2026-06-15T00:37:23.000000Z,2026-06-15T00:37:23.000000Z,2243,2243
2026-06-15T00:37:24.000000Z,BTCUSDT,futures,10009.5,10009.5,10009.5,10009.5,1.0,10009.5,1,0.5,0.5,5004.75,5004.75,1.0,2026-06-15T00:37:24.000000Z,2026-06-15T00:37:24.000000Z,2244,2244
2026-06-15T00:37:25.000000Z,BTCUSDT,futures,10010.0,10010.0,10010.0,10010.0,1.0,10010.0,1,0.5,0.5,5005.0,5005.0,1.0,2026-06-15T00:37:25.000000Z,2026-06-15T00:37:25.000000Z,2245,2245
2026-06-15T00:37:26.000000Z,BTCUSDT,futures,10010.5,10010.5,10010.5,10010.5,1.0,10010.5,1,0.5,0.5,5005.25,5005.25,1.0,2026-06-15T00:37:26.000000Z,2026-06-15T00:37:26.000000Z,2246,2246
2026-06-15T00:37:27.000000Z,BTCUSDT,futures,10009.5,10009.5,10009.5,10009.5,1.0,10009.5,1,0.5,0.5,5004.75,5004.75,1.0,2026-06-15T00:37:27.000000Z,2026-06-15T00:37:27.000000Z,2247,2247
2026-06-15T00:37:28.000000Z,BTCUSDT,futures,10010.0,10010.0,10010.0,10010.0,1.0,10010.0,1,0.5,0.5,5005.0,5005.0,1.0,2026-06-15T00:37:28.000000Z,2026-06-15T00:37:28.000000Z,2248,2248
2026-06-15T00:37:29.000000Z,BTCUSDT,futures,10010.5,10010.5,10010.5,10010.5,1.0,10010.5,1,0.5,0.5,5005.25,5005.25,1.0,2026-06-15T00:37:29.000000Z,2026-06-15T00:37:29.000000Z,2249,2249
2026-06-15T00:37:30.000000Z,BTCUSDT,futures,10009.5,10009.5,10009.5,10009.5,1.0,10009.5,1,0.5,0.5,5004.75,5004.75,1.0,2026-06-15T00:37:30.000000Z,2026-06-15T00:37:30.000000Z,2250,2250
2026-06-15T00:37:31.000000Z,BTCUSDT,futures,10010.0,10010.0,10010.0,10010.0,1.0,10010.0,1,0.5,0.5,5005.0,5005.0,1.0,2026-06-15T00:37:31.000000Z,2026-06-15T00:37:31.000000Z,2251,2251
2026-06-15T00:37:32.000000Z,BTCUSDT,futures,10010.5,10010.5,10010.5,10010.5,1.0,10010.5,1,0.5,0.5,5005.25,5005.25,1.0,2026-06-15T00:37:32.000000Z,2026-06-15T00:37:32.000000Z,2252,2252
2026-06-15T00:37:33.000000Z,BTCUSDT,futures,10009.5,10009.5,10009.5,10009.5,1.0,10009.5,1,0.5,0.5,5004.75,5004.75,1.0,2026-06-15T00:37:33.000000Z,2026-06-15T00:37:33.000000Z,2253,2253
2026-06-15T00:37:34.000000Z,BTCUSDT,futures,10010.0,10010.0,10010.0,10010.0,1.0,10010.0,1,0.5,0.5,5005.0,5005.0,1.0,2026-06-15T00:37:34.000000Z,2026-06-15T00:37:34.000000Z,2254,2254
2026-06-15T00:37:35.000000Z,BTCUSDT,futures,10010.5,10010.5,10010.5,10010.5,1.0,10010.5,1,0.5,0.5,5005.25,5005.25,1.0,2026-06-15T00:37:35.000000Z,2026-06-15T00:37:35.000000Z,2255,2255
2026-06-15T00:37:36.000000Z,BTCUSDT,futures,10009.5,10009.5,10009.5,10009.5,1.0,10009.5,1,0.5,0.5,5004.75,5004.75,1.0,2026-06-15T00:37:36.000000Z,2026-06-15T00:37:36.000000Z,2256,2256
2026-06-15T00:37:37.000000Z,BTCUSDT,futures,10010.0,10010.0,10010.0,10010.0,1.0,10010.0,1,0.5,0.5,5005.0,5005.0,1.0,2026-06-15T00:37:37.000000Z,2026-06-15T00:37:37.000000Z,2257,2257
2026-06-15T00:37:38.000000Z,BTCUSDT,futures,10010.5,10010.5,10010.5,10010.5,1.0,10010.5,1,0.5,0.5,5005.25,5005.25,1.0,2026-06-15T00:37:38.000000Z,2026-06-15T00:37:38.000000Z,2258,2258
2026-06-15T00:37:39.000000Z,BTCUSDT,futures,10009.5,10009.5,10009.5,10009.5,1.0,10009.5,1,0.5,0.5,5004.75,5004.75,1.0,2026-06-15T00:37:39.000000Z,2026-06-15T00:37:39.000000Z,2259,2259
2026-06-15T00:37:40.000000Z,BTCUSDT,futures,10010.0,10010.0,10010.0,10010.0,1.0,10010.0,1,0.5,0.5,5005.0,5005.0,1.0,2026-06-15T00:37:40.000000Z,2026-06-15T00:37:40.000000Z,2260,2260
2026-06-15T00:37:41.000000Z,BTCUSDT,futures,10010.5,10010.5,10010.5,10010.5,1.0,10010.5,1,0.5,0.5,5005.25,5005.25,1.0,2026-06-15T00:37:41.000000Z,2026-06-15T00:37:41.000000Z,2261,2261
2026-06-15T00:37:42.000000Z,BTCUSDT,futures,10009.5,10009.5,10009.5,10009.5,1.0,10009.5,1,0.5,0.5,5004.75,5004.75,1.0,2026-06-15T00:37:42.000000Z,2026-06-15T00:37:42.000000Z,2262,2262
2026-06-15T00:37:43.000000Z,BTCUSDT,futures,10010.0,10010.0,10010.0,10010.0,1.0,10010.0,1,0.5,0.5,5005.0,5005.0,1.0,2026-06-15T00:37:43.000000Z,2026-06-15T00:37:43.000000Z,2263,2263
2026-06-15T00:37:44.000000Z,BTCUSDT,futures,10010.5,10010.5,10010.5,10010.5,1.0,10010.5,1,0.5,0.5,5005.25,5005.25,1.0,2026-06-15T00:37:44.000000Z,2026-06-15T00:37:44.000000Z,2264,2264
2026-06-15T00:37:45.000000Z,BTCUSDT,futures,10009.5,10009.5,10009.5,10009.5,1.0,10009.5,1,0.5,0.5,5004.75,5004.75,1.0,2026-06-15T00:37:45.000000Z,2026-06-15T00:37:45.000000Z,2265,2265
2026-06-15T00:37:46.000000Z,BTCUSDT,futures,10010.0,10010.0,10010.0,10010.0,1.0,10010.0,1,0.5,0.5,5005.0,5005.0,1.0,2026-06-15T00:37:46.000000Z,2026-06-15T00:37:46.000000Z,2266,2266
2026-06-15T00:37:47.000000Z,BTCUSDT,futures,10010.5,10010.5,10010.5,10010.5,1.0,10010.5,1,0.5,0.5,5005.25,5005.25,1.0,2026-06-15T00:37:47.000000Z,2026-06-15T00:37:47.000000Z,2267,2267
2026-06-15T00:37:48.000000Z,BTCUSDT,futures,10009.5,10009.5,10009.5,10009.5,1.0,10009.5,1,0.5,0.5,5004.75,5004.75,1.0,2026-06-15T00:37:48.000000Z,2026-06-15T00:37:48.000000Z,2268,2268
2026-06-15T00:37:49.000000Z,BTCUSDT,futures,10010.0,10010.0,10010.0,10010.0,1.0,10010.0,1,0.5,0.5,5005.0,5005.0,1.0,2026-06-15T00:37:49.000000Z,2026-06-15T00:37:49.000000Z,2269,2269
2026-06-15T00:37:50.000000Z,BTCUSDT,futures,10010.5,10010.5,10010.5,10010.5,1.0,10010.5,1,0.5,0.5,5005.25,5005.25,1.0,2026-06-15T00:37:50.000000Z,2026-06-15T00:37:50.000000Z,2270,2270
2026-06-15T00:37:51.000000Z,BTCUSDT,futures,10009.5,10009.5,10009.5,10009.5,1.0,10009.5,1,0.5,0.5,5004.75,5004.75,1.0,2026-06-15T00:37:51.000000Z,2026-06-15T00:37:51.000000Z,2271,2271
2026-06-15T00:37:52.000000Z,BTCUSDT,futures,10010.0,10010.0,10010.0,10010.0,1.0,10010.0,1,0.5,0.5,5005.0,5005.0,1.0,2026-06-15T00:37:52.000000Z,2026-06-15T00:37:52.000000Z,2272,2272
2026-06-15T00:37:53.000000Z,BTCUSDT,futures,10010.5,10010.5,10010.5,10010.5,1.0,10010.5,1,0.5,0.5,5005.25,5005.25,1.0,2026-06-15T00:37:53.000000Z,2026-06-15T00:37:53.000000Z,2273,2273
2026-06-15T00:37:54.000000Z,BTCUSDT,futures,10009.5,10009.5,10009.5,10009.5,1.0,10009.5,1,0.5,0.5,5004.75,5004.75,1.0,2026-06-15T00:37:54.000000Z,2026-06-15T00:37:54.000000Z,2274,2274
2026-06-15T00:37:55.000000Z,BTCUSDT,futures,10010.0,10010.0,10010.0,10010.0,1.0,10010.0,1,0.5,0.5,5005.0,5005.0,1.0,2026-06-15T00:37:55.000000Z,2026-06-15T00:37:55.000000Z,2275,2275
2026-06-15T00:37:56.000000Z,BTCUSDT,futures,10010.5,10010.5,10010.5,10010.5,1.0,10010.5,1,0.5,0.5,5005.25,5005.25,1.0,2026-06-15T00:37:56.000000Z,2026-06-15T00:37:56.000000Z,2276,2276
2026-06-15T00:37:57.000000Z,BTCUSDT,futures,10009.5,10009.5,10009.5,10009.5,1.0,10009.5,1,0.5,0.5,5004.75,5004.75,1.0,2026-06-15T00:37:57.000000Z,2026-06-15T00:37:57.000000Z,2277,2277
2026-06-15T00:37:58.000000Z,BTCUSDT,futures,10010.0,10010.0,10010.0,10010.0,1.0,10010.0,1,0.5,0.5,5005.0,5005.0,1.0,2026-06-15T00:37:58.000000Z,2026-06-15T00:37:58.000000Z,2278,2278
2026-06-15T00:37:59.000000Z,BTCUSDT,futures,10010.5,10010.5,10010.5,10010.5,1.0,10010.5,1,0.5,0.5,5005.25,5005.25,1.0,2026-06-15T00:37:59.000000Z,2026-06-15T00:37:59.000000Z,2279,2279
2026-06-15T00:38:00.000000Z,BTCUSDT,futures,10009.5,10009.5,10009.5,10009.5,1.0,10009.5,1,0.5,0.5,5004.75,5004.75,1.0,2026-06-15T00:38:00.000000Z,2026-06-15T00:38:00.000000Z,2280,2280
2026-06-15T00:38:01.000000Z,BTCUSDT,futures,10010.0,10010.0,10010.0,10010.0,1.0,10010.0,1,0.5,0.5,5005.0,5005.0,1.0,2026-06-15T00:38:01.000000Z,2026-06-15T00:38:01.000000Z,2281,2281
2026-06-15T00:38:02.000000Z,BTCUSDT,futures,10010.5,10010.5,10010.5,10010.5,1.0,10010.5,1,0.5,0.5,5005.25,5005.25,1.0,2026-06-15T00:38:02.000000Z,2026-06-15T00:38:02.000000Z,2282,2282
2026-06-15T00:38:03.000000Z,BTCUSDT,futures,10009.5,10009.5,10009.5,10009.5,1.0,10009.5,1,0.5,0.5,5004.75,5004.75,1.0,2026-06-15T00:38:03.000000Z,2026-06-15T00:38:03.000000Z,2283,2283
2026-06-15T00:38:04.000000Z,BTCUSDT,futures,10010.0,10010.0,10010.0,10010.0,1.0,10010.0,1,0.5,0.5,5005.0,5005.0,1.0,2026-06-15T00:38:04.000000Z,2026-06-15T00:38:04.000000Z,2284,2284
2026-06-15T00:38:05.000000Z,BTCUSDT,futures,10010.5,10010.5,10010.5,10010.5,1.0,10010.5,1,0.5,0.5,5005.25,5005.25,1.0,2026-06-15T00:38:05.000000Z,2026-06-15T00:38:05.000000Z,2285,2285
2026-06-15T00:38:06.000000Z,BTCUSDT,futures,10009.5,10009.5,10009.5,10009.5,1.0,10009.5,1,0.5,0.5,5004.75,5004.75,1.0,2026-06-15T00:38:06.000000Z,2026-06-15T00:38:06.000000Z,2286,2286
2026-06-15T00:38:07.000000Z,BTCUSDT,futures,10010.0,10010.0,10010.0,10010.0,1.0,10010.0,1,0.5,0.5,5005.0,5005.0,1.0,2026-06-15T00:38:07.000000Z,2026-06-15T00:38:07.000000Z,2287,2287
2026-06-15T00:38:08.000000Z,BTCUSDT,futures,10010.5,10010.5,10010.5,10010.5,1.0,10010.5,1,0.5,0.5,5005.25,5005.25,1.0,2026-06-15T00:38:08.000000Z,2026-06-15T00:38:08.000000Z,2288,2288
2026-06-15T00:38:09.000000Z,BTCUSDT,futures,10009.5,10009.5,10009.5,10009.5,1.0,10009.5,1,0.5,0.5,5004.75,5004.75,1.0,2026-06-15T00:38:09.000000Z,2026-06-15T00:38:09.000000Z,2289,2289
2026-06-15T00:38:10.000000Z,BTCUSDT,futures,10010.0,10010.0,10010.0,10010.0,1.0,10010.0,1,0.5,0.5,5005.0,5005.0,1.0,2026-06-15T00:38:10.000000Z,2026-06-15T00:38:10.000000Z,2290,2290
2026-06-15T00:38:11.000000Z,BTCUSDT,futures,10010.5,10010.5,10010.5,10010.5,1.0,10010.5,1,0.5,0.5,5005.25,5005.25,1.0,2026-06-15T00:38:11.000000Z,2026-06-15T00:38:11.000000Z,2291,2291
2026-06-15T00:38:12.000000Z,BTCUSDT,futures,10009.5,10009.5,10009.5,10009.5,1.0,10009.5,1,0.5,0.5,5004.75,5004.75,1.0,2026-06-15T00:38:12.000000Z,2026-06-15T00:38:12.000000Z,2292,2292
2026-06-15T00:38:13.000000Z,BTCUSDT,futures,10010.0,10010.0,10010.0,10010.0,1.0,10010.0,1,0.5,0.5,5005.0,5005.0,1.0,2026-06-15T00:38:13.000000Z,2026-06-15T00:38:13.000000Z,2293,2293
2026-06-15T00:38:14.000000Z,BTCUSDT,futures,10010.5,10010.5,10010.5,10010.5,1.0,10010.5,1,0.5,0.5,5005.25,5005.25,1.0,2026-06-15T00:38:14.000000Z,2026-06-15T00:38:14.000000Z,2294,2294
2026-06-15T00:38:15.000000Z,BTCUSDT,futures,10009.5,10009.5,10009.5,10009.5,1.0,10009.5,1,0.5,0.5,5004.75,5004.75,1.0,2026-06-15T00:38:15.000000Z,2026-06-15T00:38:15.000000Z,2295,2295
2026-06-15T00:38:16.000000Z,BTCUSDT,futures,10010.0,10010.0,10010.0,10010.0,1.0,10010.0,1,0.5,0.5,5005.0,5005.0,1.0,2026-06-15T00:38:16.000000Z,2026-06-15T00:38:16.000000Z,2296,2296
2026-06-15T00:38:17.000000Z,BTCUSDT,futures,10010.5,10010.5,10010.5,10010.5,1.0,10010.5,1,0.5,0.5,5005.25,5005.25,1.0,2026-06-15T00:38:17.000000Z,2026-06-15T00:38:17.000000Z,2297,2297
2026-06-15T00:38:18.000000Z,BTCUSDT,futures,10009.5,10009.5,10009.5,10009.5,1.0,10009.5,1,0.5,0.5,5004.75,5004.75,1.0,2026-06-15T00:38:18.000000Z,2026-06-15T00:38:18.000000Z,2298,2298
2026-06-15T00:38:19.000000Z,BTCUSDT,futures,10010.0,10010.0,10010.0,10010.0,1.0,10010.0,1,0.5,0.5,5005.0,5005.0,1.0,2026-06-15T00:38:19.000000Z,2026-06-15T00:38:19.000000Z,2299,2299
2026-06-15T00:38:20.000000Z,BTCUSDT,futures,10010.5,10010.5,10010.5,10010.5,1.0,10010.5,1,0.5,0.5,5005.25,5005.25,1.0,2026-06-15T00:38:20.000000Z,2026-06-15T00:38:20.000000Z,2300,2300
2026-06-15T00:38:21.000000Z,BTCUSDT,futures,10009.5,10009.5,10009.5,10009.5,1.0,10009.5,1,0.5,0.5,5004.75,5004.75,1.0,2026-06-15T00:38:21.000000Z,2026-06-15T00:38:21.000000Z,2301,2301
2026-06-15T00:38:22.000000Z,BTCUSDT,futures,10010.0,10010.0,10010.0,10010.0,1.0,10010.0,1,0.5,0.5,5005.0,5005.0,1.0,2026-06-15T00:38:22.000000Z,2026-06-15T00:38:22.000000Z,2302,2302
2026-06-15T00:38:23.000000Z,BTCUSDT,futures,10010.5,10010.5,10010.5,10010.5,1.0,10010.5,1,0.5,0.5,5005.25,5005.25,1.0,2026-06-15T00:38:23.000000Z,2026-06-15T00:38:23.000000Z,2303,2303
2026-06-15T00:38:24.000000Z,BTCUSDT,futures,10009.5,10009.5,10009.5,10009.5,1.0,10009.5,1,0.5,0.5,5004.75,5004.75,1.0,2026-06-15T00:38:24.000000Z,2026-06-15T00:38:24.000000Z,2304,2304
2026-06-15T00:38:25.000000Z,BTCUSDT,futures,10010.0,10010.0,10010.0,10010.0,1.0,10010.0,1,0.5,0.5,5005.0,5005.0,1.0,2026-06-15T00:38:25.000000Z,2026-06-15T00:38:25.000000Z,2305,2305
2026-06-15T00:38:26.000000Z,BTCUSDT,futures,10010.5,10010.5,10010.5,10010.5,1.0,10010.5,1,0.5,0.5,5005.25,5005.25,1.0,2026-06-15T00:38:26.000000Z,2026-06-15T00:38:26.000000Z,2306,2306
2026-06-15T00:38:27.000000Z,BTCUSDT,futures,10009.5,10009.5,10009.5,10009.5,1.0,10009.5,1,0.5,0.5,5004.75,5004.75,1.0,2026-06-15T00:38:27.000000Z,2026-06-15T00:38:27.000000Z,2307,2307
2026-06-15T00:38:28.000000Z,BTCUSDT,futures,10010.0,10010.0,10010.0,10010.0,1.0,10010.0,1,0.5,0.5,5005.0,5005.0,1.0,2026-06-15T00:38:28.000000Z,2026-06-15T00:38:28.000000Z,2308,2308
2026-06-15T00:38:29.000000Z,BTCUSDT,futures,10010.5,10010.5,10010.5,10010.5,1.0,10010.5,1,0.5,0.5,5005.25,5005.25,1.0,2026-06-15T00:38:29.000000Z,2026-06-15T00:38:29.000000Z,2309,2309
2026-06-15T00:38:30.000000Z,BTCUSDT,futures,10009.5,10009.5,10009.5,10009.5,1.0,10009.5,1,0.5,0.5,5004.75,5004.75,1.0,2026-06-15T00:38:30.000000Z,2026-06-15T00:38:30.000000Z,2310,2310
2026-06-15T00:38:31.000000Z,BTCUSDT,futures,10010.0,10010.0,10010.0,10010.0,1.0,10010.0,1,0.5,0.5,5005.0,5005.0,1.0,2026-06-15T00:38:31.000000Z,2026-06-15T00:38:31.000000Z,2311,2311
2026-06-15T00:38:32.000000Z,BTCUSDT,futures,10010.5,10010.5,10010.5,10010.5,1.0,10010.5,1,0.5,0.5,5005.25,5005.25,1.0,2026-06-15T00:38:32.000000Z,2026-06-15T00:38:32.000000Z,2312,2312
2026-06-15T00:38:33.000000Z,BTCUSDT,futures,10009.5,10009.5,10009.5,10009.5,1.0,10009.5,1,0.5,0.5,5004.75,5004.75,1.0,2026-06-15T00:38:33.000000Z,2026-06-15T00:38:33.000000Z,2313,2313
2026-06-15T00:38:34.000000Z,BTCUSDT,futures,10010.0,10010.0,10010.0,10010.0,1.0,10010.0,1,0.5,0.5,5005.0,5005.0,1.0,2026-06-15T00:38:34.000000Z,2026-06-15T00:38:34.000000Z,2314,2314
2026-06-15T00:38:35.000000Z,BTCUSDT,futures,10010.5,10010.5,10010.5,10010.5,1.0,10010.5,1,0.5,0.5,5005.25,5005.25,1.0,2026-06-15T00:38:35.000000Z,2026-06-15T00:38:35.000000Z,2315,2315
2026-06-15T00:38:36.000000Z,BTCUSDT,futures,10009.5,10009.5,10009.5,10009.5,1.0,10009.5,1,0.5,0.5,5004.75,5004.75,1.0,2026-06-15T00:38:36.000000Z,2026-06-15T00:38:36.000000Z,2316,2316
2026-06-15T00:38:37.000000Z,BTCUSDT,futures,10010.0,10010.0,10010.0,10010.0,1.0,10010.0,1,0.5,0.5,5005.0,5005.0,1.0,2026-06-15T00:38:37.000000Z,2026-06-15T00:38:37.000000Z,2317,2317
2026-06-15T00:38:38.000000Z,BTCUSDT,futures,10010.5,10010.5,10010.5,10010.5,1.0,10010.5,1,0.5,0.5,5005.25,5005.25,1.0,2026-06-15T00:38:38.000000Z,2026-06-15T00:38:38.000000Z,2318,2318
2026-06-15T00:38:39.000000Z,BTCUSDT,futures,10009.5,10009.5,10009.5,10009.5,1.0,10009.5,1,0.5,0.5,5004.75,5004.75,1.0,2026-06-15T00:38:39.000000Z,2026-06-15T00:38:39.000000Z,2319,2319
2026-06-15T00:38:40.000000Z,BTCUSDT,futures,10010.0,10010.0,10010.0,10010.0,1.0,10010.0,1,0.5,0.5,5005.0,5005.0,1.0,2026-06-15T00:38:40.000000Z,2026-06-15T00:38:40.000000Z,2320,2320
2026-06-15T00:38:41.000000Z,BTCUSDT,futures,10010.5,10010.5,10010.5,10010.5,1.0,10010.5,1,0.5,0.5,5005.25,5005.25,1.0,2026-06-15T00:38:41.000000Z,2026-06-15T00:38:41.000000Z,2321,2321
2026-06-15T00:38:42.000000Z,BTCUSDT,futures,10009.5,10009.5,10009.5,10009.5,1.0,10009.5,1,0.5,0.5,5004.75,5004.75,1.0,2026-06-15T00:38:42.000000Z,2026-06-15T00:38:42.000000Z,2322,2322
2026-06-15T00:38:43.000000Z,BTCUSDT,futures,10010.0,10010.0,10010.0,10010.0,1.0,10010.0,1,0.5,0.5,5005.0,5005.0,1.0,2026-06-15T00:38:43.000000Z,2026-06-15T00:38:43.000000Z,2323,2323
2026-06-15T00:38:44.000000Z,BTCUSDT,futures,10010.5,10010.5,10010.5,10010.5,1.0,10010.5,1,0.5,0.5,5005.25,5005.25,1.0,2026-06-15T00:38:44.000000Z,2026-06-15T00:38:44.000000Z,2324,2324
2026-06-15T00:38:45.000000Z,BTCUSDT,futures,10009.5,10009.5,10009.5,10009.5,1.0,10009.5,1,0.5,0.5,5004.75,5004.75,1.0,2026-06-15T00:38:45.000000Z,2026-06-15T00:38:45.000000Z,2325,2325
2026-06-15T00:38:46.000000Z,BTCUSDT,futures,10010.0,10010.0,10010.0,10010.0,1.0,10010.0,1,0.5,0.5,5005.0,5005.0,1.0,2026-06-15T00:38:46.000000Z,2026-06-15T00:38:46.000000Z,2326,2326
2026-06-15T00:38:47.000000Z,BTCUSDT,futures,10010.5,10010.5,10010.5,10010.5,1.0,10010.5,1,0.5,0.5,5005.25,5005.25,1.0,2026-06-15T00:38:47.000000Z,2026-06-15T00:38:47.000000Z,2327,2327
2026-06-15T00:38:48.000000Z,BTCUSDT,futures,10009.5,10009.5,10009.5,10009.5,1.0,10009.5,1,0.5,0.5,5004.75,5004.75,1.0,2026-06-15T00:38:48.000000Z,2026-06-15T00:38:48.000000Z,2328,2328
2026-06-15T00:38:49.000000Z,BTCUSDT,futures,10010.0,10010.0,10010.0,10010.0,1.0,10010.0,1,0.5,0.5,5005.0,5005.0,1.0,2026-06-15T00:38:49.000000Z,2026-06-15T00:38:49.000000Z,2329,2329
2026-06-15T00:38:50.000000Z,BTCUSDT,futures,10010.5,10010.5,10010.5,10010.5,1.0,10010.5,1,0.5,0.5,5005.25,5005.25,1.0,2026-06-15T00:38:50.000000Z,2026-06-15T00:38:50.000000Z,2330,2330
2026-06-15T00:38:51.000000Z,BTCUSDT,futures,10009.5,10009.5,10009.5,10009.5,1.0,10009.5,1,0.5,0.5,5004.75,5004.75,1.0,2026-06-15T00:38:51.000000Z,2026-06-15T00:38:51.000000Z,2331,2331
2026-06-15T00:38:52.000000Z,BTCUSDT,futures,10010.0,10010.0,10010.0,10010.0,1.0,10010.0,1,0.5,0.5,5005.0,5005.0,1.0,2026-06-15T00:38:52.000000Z,2026-06-15T00:38:52.000000Z,2332,2332
2026-06-15T00:38:53.000000Z,BTCUSDT,futures,10010.5,10010.5,10010.5,10010.5,1.0,10010.5,1,0.5,0.5,5005.25,5005.25,1.0,2026-06-15T00:38:53.000000Z,2026-06-15T00:38:53.000000Z,2333,2333
2026-06-15T00:38:54.000000Z,BTCUSDT,futures,10009.5,10009.5,10009.5,10009.5,1.0,10009.5,1,0.5,0.5,5004.75,5004.75,1.0,2026-06-15T00:38:54.000000Z,2026-06-15T00:38:54.000000Z,2334,2334
2026-06-15T00:38:55.000000Z,BTCUSDT,futures,10010.0,10010.0,10010.0,10010.0,1.0,10010.0,1,0.5,0.5,5005.0,5005.0,1.0,2026-06-15T00:38:55.000000Z,2026-06-15T00:38:55.000000Z,2335,2335
2026-06-15T00:38:56.000000Z,BTCUSDT,futures,10010.5,10010.5,10010.5,10010.5,1.0,10010.5,1,0.5,0.5,5005.25,5005.25,1.0,2026-06-15T00:38:56.000000Z,2026-06-15T00:38:56.000000Z,2336,2336
2026-06-15T00:38:57.000000Z,BTCUSDT,futures,10009.5,10009.5,10009.5,10009.5,1.0,10009.5,1,0.5,0.5,5004.75,5004.75,1.0,2026-06-15T00:38:57.000000Z,2026-06-15T00:38:57.000000Z,2337,2337
2026-06-15T00:38:58.000000Z,BTCUSDT,futures,10010.0,10010.0,10010.0,10010.0,1.0,10010.0,1,0.5,0.5,5005.0,5005.0,1.0,2026-06-15T00:38:58.000000Z,2026-06-15T00:38:58.000000Z,2338,2338
2026-06-15T00:38:59.000000Z,BTCUSDT,futures,10010.5,10010.5,10010.5,10010.5,1.0,10010.5,1,0.5,0.5,5005.25,5005.25,1.0,2026-06-15T00:38:59.000000Z,2026-06-15T00:38:59.000000Z,2339,2339
2026-06-15T00:39:00.000000Z,BTCUSDT,futures,10009.5,10009.5,10009.5,10009.5,1.0,10009.5,1,0.5,0.5,5004.75,5004.75,1.0,2026-06-15T00:39:00.000000Z,2026-06-15T00:39:00.000000Z,2340,2340
2026-06-15T00:39:01.000000Z,BTCUSDT,futures,10010.0,10010.0,10010.0,10010.0,1.0,10010.0,1,0.5,0.5,5005.0,5005.0,1.0,2026-06-15T00:39:01.000000Z,2026-06-15T00:39:01.000000Z,2341,2341
2026-06-15T00:39:02.000000Z,BTCUSDT,futures,10010.5,10010.5,10010.5,10010.5,1.0,10010.5,1,0.5,0.5,5005.25,5005.25,1.0,2026-06-15T00:39:02.000000Z,2026-06-15T00:39:02.000000Z,2342,2342
2026-06-15T00:39:03.000000Z,BTCUSDT,futures,10009.5,10009.5,10009.5,10009.5,1.0,10009.5,1,0.5,0.5,5004.75,5004.75,1.0,2026-06-15T00:39:03.000000Z,2026-06-15T00:39:03.000000Z,2343,2343
2026-06-15T00:39:04.000000Z,BTCUSDT,futures,10010.0,10010.0,10010.0,10010.0,1.0,10010.0,1,0.5,0.5,5005.0,5005.0,1.0,2026-06-15T00:39:04.000000Z,2026-06-15T00:39:04.000000Z,2344,2344
2026-06-15T00:39:05.000000Z,BTCUSDT,futures,10010.5,10010.5,10010.5,10010.5,1.0,10010.5,1,0.5,0.5,5005.25,5005.25,1.0,2026-06-15T00:39:05.000000Z,2026-06-15T00:39:05.000000Z,2345,2345
2026-06-15T00:39:06.000000Z,BTCUSDT,futures,10009.5,10009.5,10009.5,10009.5,1.0,10009.5,1,0.5,0.5,5004.75,5004.75,1.0,2026-06-15T00:39:06.000000Z,2026-06-15T00:39:06.000000Z,2346,2346
2026-06-15T00:39:07.000000Z,BTCUSDT,futures,10010.0,10010.0,10010.0,10010.0,1.0,10010.0,1,0.5,0.5,5005.0,5005.0,1.0,2026-06-15T00:39:07.000000Z,2026-06-15T00:39:07.000000Z,2347,2347
2026-06-15T00:39:08.000000Z,BTCUSDT,futures,10010.5,10010.5,10010.5,10010.5,1.0,10010.5,1,0.5,0.5,5005.25,5005.25,1.0,2026-06-15T00:39:08.000000Z,2026-06-15T00:39:08.000000Z,2348,2348
2026-06-15T00:39:09.000000Z,BTCUSDT,futures,10009.5,10009.5,10009.5,10009.5,1.0,10009.5,1,0.5,0.5,5004.75,5004.75,1.0,2026-06-15T00:39:09.000000Z,2026-06-15T00:39:09.000000Z,2349,2349
2026-06-15T00:39:10.000000Z,BTCUSDT,futures,10010.0,10010.0,10010.0,10010.0,1.0,10010.0,1,0.5,0.5,5005.0,5005.0,1.0,2026-06-15T00:39:10.000000Z,2026-06-15T00:39:10.000000Z,2350,2350
2026-06-15T00:39:11.000000Z,BTCUSDT,futures,10010.5,10010.5,10010.5,10010.5,1.0,10010.5,1,0.5,0.5,5005.25,5005.25,1.0,2026-06-15T00:39:11.000000Z,2026-06-15T00:39:11.000000Z,2351,2351
2026-06-15T00:39:12.000000Z,BTCUSDT,futures,10009.5,10009.5,10009.5,10009.5,1.0,10009.5,1,0.5,0.5,5004.75,5004.75,1.0,2026-06-15T00:39:12.000000Z,2026-06-15T00:39:12.000000Z,2352,2352
2026-06-15T00:39:13.000000Z,BTCUSDT,futures,10010.0,10010.0,10010.0,10010.0,1.0,10010.0,1,0.5,0.5,5005.0,5005.0,1.0,2026-06-15T00:39:13.000000Z,2026-06-15T00:39:13.000000Z,2353,2353
2026-06-15T00:39:14.000000Z,BTCUSDT,futures,10010.5,10010.5,10010.5,10010.5,1.0,10010.5,1,0.5,0.5,5005.25,5005.25,1.0,2026-06-15T00:39:14.000000Z,2026-06-15T00:39:14.000000Z,2354,2354
2026-06-15T00:39:15.000000Z,BTCUSDT,futures,10009.5,10009.5,10009.5,10009.5,1.0,10009.5,1,0.5,0.5,5004.75,5004.75,1.0,2026-06-15T00:39:15.000000Z,2026-06-15T00:39:15.000000Z,2355,2355
2026-06-15T00:39:16.000000Z,BTCUSDT,futures,10010.0,10010.0,10010.0,10010.0,1.0,10010.0,1,0.5,0.5,5005.0,5005.0,1.0,2026-06-15T00:39:16.000000Z,2026-06-15T00:39:16.000000Z,2356,2356
2026-06-15T00:39:17.000000Z,BTCUSDT,futures,10010.5,10010.5,10010.5,10010.5,1.0,10010.5,1,0.5,0.5,5005.25,5005.25,1.0,2026-06-15T00:39:17.000000Z,2026-06-15T00:39:17.000000Z,2357,2357
2026-06-15T00:39:18.000000Z,BTCUSDT,futures,10009.5,10009.5,10009.5,10009.5,1.0,10009.5,1,0.5,0.5,5004.75,5004.75,1.0,2026-06-15T00:39:18.000000Z,2026-06-15T00:39:18.000000Z,2358,2358
2026-06-15T00:39:19.000000Z,BTCUSDT,futures,10010.0,10010.0,10010.0,10010.0,1.0,10010.0,1,0.5,0.5,5005.0,5005.0,1.0,2026-06-15T00:39:19.000000Z,2026-06-15T00:39:19.000000Z,2359,2359
2026-06-15T00:39:20.000000Z,BTCUSDT,futures,10010.5,10010.5,10010.5,10010.5,1.0,10010.5,1,0.5,0.5,5005.25,5005.25,1.0,2026-06-15T00:39:20.000000Z,2026-06-15T00:39:20.000000Z,2360,2360
2026-06-15T00:39:21.000000Z,BTCUSDT,futures,10009.5,10009.5,10009.5,10009.5,1.0,10009.5,1,0.5,0.5,5004.75,5004.75,1.0,2026-06-15T00:39:21.000000Z,2026-06-15T00:39:21.000000Z,2361,2361
2026-06-15T00:39:22.000000Z,BTCUSDT,futures,10010.0,10010.0,10010.0,10010.0,1.0,10010.0,1,0.5,0.5,5005.0,5005.0,1.0,2026-06-15T00:39:22.000000Z,2026-06-15T00:39:22.000000Z,2362,2362
2026-06-15T00:39:23.000000Z,BTCUSDT,futures,10010.5,10010.5,10010.5,10010.5,1.0,10010.5,1,0.5,0.5,5005.25,5005.25,1.0,2026-06-15T00:39:23.000000Z,2026-06-15T00:39:23.000000Z,2363,2363
2026-06-15T00:39:24.000000Z,BTCUSDT,futures,10009.5,10009.5,10009.5,10009.5,1.0,10009.5,1,0.5,0.5,5004.75,5004.75,1.0,2026-06-15T00:39:24.000000Z,2026-06-15T00:39:24.000000Z,2364,2364
2026-06-15T00:39:25.000000Z,BTCUSDT,futures,10010.0,10010.0,10010.0,10010.0,1.0,10010.0,1,0.5,0.5,5005.0,5005.0,1.0,2026-06-15T00:39:25.000000Z,2026-06-15T00:39:25.000000Z,2365,2365
2026-06-15T00:39:26.000000Z,BTCUSDT,futures,10010.5,10010.5,10010.5,10010.5,1.0,10010.5,1,0.5,0.5,5005.25,5005.25,1.0,2026-06-15T00:39:26.000000Z,2026-06-15T00:39:26.000000Z,2366,2366
2026-06-15T00:39:27.000000Z,BTCUSDT,futures,10009.5,10009.5,10009.5,10009.5,1.0,10009.5,1,0.5,0.5,5004.75,5004.75,1.0,2026-06-15T00:39:27.000000Z,2026-06-15T00:39:27.000000Z,2367,2367
2026-06-15T00:39:28.000000Z,BTCUSDT,futures,10010.0,10010.0,10010.0,10010.0,1.0,10010.0,1,0.5,0.5,5005.0,5005.0,1.0,2026-06-15T00:39:28.000000Z,2026-06-15T00:39:28.000000Z,2368,2368
2026-06-15T00:39:29.000000Z,BTCUSDT,futures,10010.5,10010.5,10010.5,10010.5,1.0,10010.5,1,0.5,0.5,5005.25,5005.25,1.0,2026-06-15T00:39:29.000000Z,2026-06-15T00:39:29.000000Z,2369,2369
2026-06-15T00:39:30.000000Z,BTCUSDT,futures,10009.5,10009.5,10009.5,10009.5,1.0,10009.5,1,0.5,0.5,5004.75,5004.75,1.0,2026-06-15T00:39:30.000000Z,2026-06-15T00:39:30.000000Z,2370,2370
2026-06-15T00:39:31.000000Z,BTCUSDT,futures,10010.0,10010.0,10010.0,10010.0,1.0,10010.0,1,0.5,0.5,5005.0,5005.0,1.0,2026-06-15T00:39:31.000000Z,2026-06-15T00:39:31.000000Z,2371,2371
2026-06-15T00:39:32.000000Z,BTCUSDT,futures,10010.5,10010.5,10010.5,10010.5,1.0,10010.5,1,0.5,0.5,5005.25,5005.25,1.0,2026-06-15T00:39:32.000000Z,2026-06-15T00:39:32.000000Z,2372,2372
2026-06-15T00:39:33.000000Z,BTCUSDT,futures,10009.5,10009.5,10009.5,10009.5,1.0,10009.5,1,0.5,0.5,5004.75,5004.75,1.0,2026-06-15T00:39:33.000000Z,2026-06-15T00:39:33.000000Z,2373,2373
2026-06-15T00:39:34.000000Z,BTCUSDT,futures,10010.0,10010.0,10010.0,10010.0,1.0,10010.0,1,0.5,0.5,5005.0,5005.0,1.0,2026-06-15T00:39:34.000000Z,2026-06-15T00:39:34.000000Z,2374,2374
2026-06-15T00:39:35.000000Z,BTCUSDT,futures,10010.5,10010.5,10010.5,10010.5,1.0,10010.5,1,0.5,0.5,5005.25,5005.25,1.0,2026-06-15T00:39:35.000000Z,2026-06-15T00:39:35.000000Z,2375,2375
2026-06-15T00:39:36.000000Z,BTCUSDT,futures,10009.5,10009.5,10009.5,10009.5,1.0,10009.5,1,0.5,0.5,5004.75,5004.75,1.0,2026-06-15T00:39:36.000000Z,2026-06-15T00:39:36.000000Z,2376,2376
2026-06-15T00:39:37.000000Z,BTCUSDT,futures,10010.0,10010.0,10010.0,10010.0,1.0,10010.0,1,0.5,0.5,5005.0,5005.0,1.0,2026-06-15T00:39:37.000000Z,2026-06-15T00:39:37.000000Z,2377,2377
2026-06-15T00:39:38.000000Z,BTCUSDT,futures,10010.5,10010.5,10010.5,10010.5,1.0,10010.5,1,0.5,0.5,5005.25,5005.25,1.0,2026-06-15T00:39:38.000000Z,2026-06-15T00:39:38.000000Z,2378,2378
2026-06-15T00:39:39.000000Z,BTCUSDT,futures,10009.5,10009.5,10009.5,10009.5,1.0,10009.5,1,0.5,0.5,5004.75,5004.75,1.0,2026-06-15T00:39:39.000000Z,2026-06-15T00:39:39.000000Z,2379,2379
2026-06-15T00:39:40.000000Z,BTCUSDT,futures,10010.0,10010.0,10010.0,10010.0,1.0,10010.0,1,0.5,0.5,5005.0,5005.0,1.0,2026-06-15T00:39:40.000000Z,2026-06-15T00:39:40.000000Z,2380,2380
2026-06-15T00:39:41.000000Z,BTCUSDT,futures,10010.5,10010.5,10010.5,10010.5,1.0,10010.5,1,0.5,0.5,5005.25,5005.25,1.0,2026-06-15T00:39:41.000000Z,2026-06-15T00:39:41.000000Z,2381,2381
2026-06-15T00:39:42.000000Z,BTCUSDT,futures,10009.5,10009.5,10009.5,10009.5,1.0,10009.5,1,0.5,0.5,5004.75,5004.75,1.0,2026-06-15T00:39:42.000000Z,2026-06-15T00:39:42.000000Z,2382,2382
2026-06-15T00:39:43.000000Z,BTCUSDT,futures,10010.0,10010.0,10010.0,10010.0,1.0,10010.0,1,0.5,0.5,5005.0,5005.0,1.0,2026-06-15T00:39:43.000000Z,2026-06-15T00:39:43.000000Z,2383,2383
2026-06-15T00:39:44.000000Z,BTCUSDT,futures,10010.5,10010.5,10010.5,10010.5,1.0,10010.5,1,0.5,0.5,5005.25,5005.25,1.0,2026-06-15T00:39:44.000000Z,2026-06-15T00:39:44.000000Z,2384,2384
2026-06-15T00:39:45.000000Z,BTCUSDT,futures,10009.5,10009.5,10009.5,10009.5,1.0,10009.5,1,0.5,0.5,5004.75,5004.75,1.0,2026-06-15T00:39:45.000000Z,2026-06-15T00:39:45.000000Z,2385,2385
2026-06-15T00:39:46.000000Z,BTCUSDT,futures,10010.0,10010.0,10010.0,10010.0,1.0,10010.0,1,0.5,0.5,5005.0,5005.0,1.0,2026-06-15T00:39:46.000000Z,2026-06-15T00:39:46.000000Z,2386,2386
2026-06-15T00:39:47.000000Z,BTCUSDT,futures,10010.5,10010.5,10010.5,10010.5,1.0,10010.5,1,0.5,0.5,5005.25,5005.25,1.0,2026-06-15T00:39:47.000000Z,2026-06-15T00:39:47.000000Z,2387,2387
2026-06-15T00:39:48.000000Z,BTCUSDT,futures,10009.5,10009.5,10009.5,10009.5,1.0,10009.5,1,0.5,0.5,5004.75,5004.75,1.0,2026-06-15T00:39:48.000000Z,2026-06-15T00:39:48.000000Z,2388,2388
2026-06-15T00:39:49.000000Z,BTCUSDT,futures,10010.0,10010.0,10010.0,10010.0,1.0,10010.0,1,0.5,0.5,5005.0,5005.0,1.0,2026-06-15T00:39:49.000000Z,2026-06-15T00:39:49.000000Z,2389,2389
2026-06-15T00:39:50.000000Z,BTCUSDT,futures,10010.5,10010.5,10010.5,10010.5,1.0,10010.5,1,0.5,0.5,5005.25,5005.25,1.0,2026-06-15T00:39:50.000000Z,2026-06-15T00:39:50.000000Z,2390,2390
2026-06-15T00:39:51.000000Z,BTCUSDT,futures,10009.5,10009.5,10009.5,10009.5,1.0,10009.5,1,0.5,0.5,5004.75,5004.75,1.0,2026-06-15T00:39:51.000000Z,2026-06-15T00:39:51.000000Z,2391,2391
2026-06-15T00:39:52.000000Z,BTCUSDT,futures,10010.0,10010.0,10010.0,10010.0,1.0,10010.0,1,0.5,0.5,5005.0,5005.0,1.0,2026-06-15T00:39:52.000000Z,2026-06-15T00:39:52.000000Z,2392,2392
2026-06-15T00:39:53.000000Z,BTCUSDT,futures,10010.5,10010.5,10010.5,10010.5,1.0,10010.5,1,0.5,0.5,5005.25,5005.25,1.0,2026-06-15T00:39:53.000000Z,2026-06-15T00:39:53.000000Z,2393,2393
2026-06-15T00:39:54.000000Z,BTCUSDT,futures,10009.5,10009.5,10009.5,10009.5,1.0,10009.5,1,0.5,0.5,5004.75,5004.75,1.0,2026-06-15T00:39:54.000000Z,2026-06-15T00:39:54.000000Z,2394,2394
2026-06-15T00:39:55.000000Z,BTCUSDT,futures,10010.0,10010.0,10010.0,10010.0,1.0,10010.0,1,0.5,0.5,5005.0,5005.0,1.0,2026-06-15T00:39:55.000000Z,2026-06-15T00:39:55.000000Z,2395,2395
2026-06-15T00:39:56.000000Z,BTCUSDT,futures,10010.5,10010.5,10010.5,10010.5,1.0,10010.5,1,0.5,0.5,5005.25,5005.25,1.0,2026-06-15T00:39:56.000000Z,2026-06-15T00:39:56.000000Z,2396,2396
2026-06-15T00:39:57.000000Z,BTCUSDT,futures,10009.5,10009.5,10009.5,10009.5,1.0,10009.5,1,0.5,0.5,5004.75,5004.75,1.0,2026-06-15T00:39:57.000000Z,2026-06-15T00:39:57.000000Z,2397,2397
2026-06-15T00:39:58.000000Z,BTCUSDT,futures,10010.0,10010.0,10010.0,10010.0,1.0,10010.0,1,0.5,0.5,5005.0,5005.0,1.0,2026-06-15T00:39:58.000000Z,2026-06-15T00:39:58.000000Z,2398,2398
2026-06-15T00:39:59.000000Z,BTCUSDT,futures,10010.5,10010.5,10010.5,10010.5,1.0,10010.5,1,0.5,0.5,5005.25,5005.25,1.0,2026-06-15T00:39:59.000000Z,2026-06-15T00:39:59.000000Z,2399,2399
2026-06-15T00:40:00.000000Z,BTCUSDT,futures,10009.5,10009.5,10009.5,10009.5,1.0,10009.5,1,0.5,0.5,5004.75,5004.75,1.0,2026-06-15T00:40:00.000000Z,2026-06-15T00:40:00.000000Z,2400,2400
2026-06-15T00:40:01.000000Z,BTCUSDT,futures,10010.0,10010.0,10010.0,10010.0,1.0,10010.0,1,0.5,0.5,5005.0,5005.0,1.0,2026-06-15T00:40:01.000000Z,2026-06-15T00:40:01.000000Z,2401,2401
2026-06-15T00:40:02.000000Z,BTCUSDT,futures,10010.5,10010.5,10010.5,10010.5,1.0,10010.5,1,0.5,0.5,5005.25,5005.25,1.0,2026-06-15T00:40:02.000000Z,2026-06-15T00:40:02.000000Z,2402,2402
2026-06-15T00:40:03.000000Z,BTCUSDT,futures,10009.5,10009.5,10009.5,10009.5,1.0,10009.5,1,0.5,0.5,5004.75,5004.75,1.0,2026-06-15T00:40:03.000000Z,2026-06-15T00:40:03.000000Z,2403,2403
2026-06-15T00:40:04.000000Z,BTCUSDT,futures,10010.0,10010.0,10010.0,10010.0,1.0,10010.0,1,0.5,0.5,5005.0,5005.0,1.0,2026-06-15T00:40:04.000000Z,2026-06-15T00:40:04.000000Z,2404,2404
2026-06-15T00:40:05.000000Z,BTCUSDT,futures,10010.5,10010.5,10010.5,10010.5,1.0,10010.5,1,0.5,0.5,5005.25,5005.25,1.0,2026-06-15T00:40:05.000000Z,2026-06-15T00:40:05.000000Z,2405,2405
2026-06-15T00:40:06.000000Z,BTCUSDT,futures,10009.5,10009.5,10009.5,10009.5,1.0,10009.5,1,0.5,0.5,5004.75,5004.75,1.0,2026-06-15T00:40:06.000000Z,2026-06-15T00:40:06.000000Z,2406,2406
2026-06-15T00:40:07.000000Z,BTCUSDT,futures,10010.0,10010.0,10010.0,10010.0,1.0,10010.0,1,0.5,0.5,5005.0,5005.0,1.0,2026-06-15T00:40:07.000000Z,2026-06-15T00:40:07.000000Z,2407,2407
2026-06-15T00:40:08.000000Z,BTCUSDT,futures,10010.5,10010.5,10010.5,10010.5,1.0,10010.5,1,0.5,0.5,5005.25,5005.25,1.0,2026-06-15T00:40:08.000000Z,2026-06-15T00:40:08.000000Z,2408,2408
2026-06-15T00:40:09.000000Z,BTCUSDT,futures,10009.5,10009.5,10009.5,10009.5,1.0,10009.5,1,0.5,0.5,5004.75,5004.75,1.0,2026-06-15T00:40:09.000000Z,2026-06-15T00:40:09.000000Z,2409,2409
2026-06-15T00:40:10.000000Z,BTCUSDT,futures,10010.0,10010.0,10010.0,10010.0,1.0,10010.0,1,0.5,0.5,5005.0,5005.0,1.0,2026-06-15T00:40:10.000000Z,2026-06-15T00:40:10.000000Z,2410,2410
2026-06-15T00:40:11.000000Z,BTCUSDT,futures,10010.5,10010.5,10010.5,10010.5,1.0,10010.5,1,0.5,0.5,5005.25,5005.25,1.0,2026-06-15T00:40:11.000000Z,2026-06-15T00:40:11.000000Z,2411,2411
2026-06-15T00:40:12.000000Z,BTCUSDT,futures,10009.5,10009.5,10009.5,10009.5,1.0,10009.5,1,0.5,0.5,5004.75,5004.75,1.0,2026-06-15T00:40:12.000000Z,2026-06-15T00:40:12.000000Z,2412,2412
2026-06-15T00:40:13.000000Z,BTCUSDT,futures,10010.0,10010.0,10010.0,10010.0,1.0,10010.0,1,0.5,0.5,5005.0,5005.0,1.0,2026-06-15T00:40:13.000000Z,2026-06-15T00:40:13.000000Z,2413,2413
2026-06-15T00:40:14.000000Z,BTCUSDT,futures,10010.5,10010.5,10010.5,10010.5,1.0,10010.5,1,0.5,0.5,5005.25,5005.25,1.0,2026-06-15T00:40:14.000000Z,2026-06-15T00:40:14.000000Z,2414,2414
2026-06-15T00:40:15.000000Z,BTCUSDT,futures,10009.5,10009.5,10009.5,10009.5,1.0,10009.5,1,0.5,0.5,5004.75,5004.75,1.0,2026-06-15T00:40:15.000000Z,2026-06-15T00:40:15.000000Z,2415,2415
2026-06-15T00:40:16.000000Z,BTCUSDT,futures,10010.0,10010.0,10010.0,10010.0,1.0,10010.0,1,0.5,0.5,5005.0,5005.0,1.0,2026-06-15T00:40:16.000000Z,2026-06-15T00:40:16.000000Z,2416,2416
2026-06-15T00:40:17.000000Z,BTCUSDT,futures,10010.5,10010.5,10010.5,10010.5,1.0,10010.5,1,0.5,0.5,5005.25,5005.25,1.0,2026-06-15T00:40:17.000000Z,2026-06-15T00:40:17.000000Z,2417,2417
2026-06-15T00:40:18.000000Z,BTCUSDT,futures,10009.5,10009.5,10009.5,10009.5,1.0,10009.5,1,0.5,0.5,5004.75,5004.75,1.0,2026-06-15T00:40:18.000000Z,2026-06-15T00:40:18.000000Z,2418,2418
2026-06-15T00:40:19.000000Z,BTCUSDT,futures,10010.0,10010.0,10010.0,10010.0,1.0,10010.0,1,0.5,0.5,5005.0,5005.0,1.0,2026-06-15T00:40:19.000000Z,2026-06-15T00:40:19.000000Z,2419,2419
2026-06-15T00:40:20.000000Z,BTCUSDT,futures,10010.5,10010.5,10010.5,10010.5,1.0,10010.5,1,0.5,0.5,5005.25,5005.25,1.0,2026-06-15T00:40:20.000000Z,2026-06-15T00:40:20.000000Z,2420,2420
2026-06-15T00:40:21.000000Z,BTCUSDT,futures,10009.5,10009.5,10009.5,10009.5,1.0,10009.5,1,0.5,0.5,5004.75,5004.75,1.0,2026-06-15T00:40:21.000000Z,2026-06-15T00:40:21.000000Z,2421,2421
2026-06-15T00:40:22.000000Z,BTCUSDT,futures,10010.0,10010.0,10010.0,10010.0,1.0,10010.0,1,0.5,0.5,5005.0,5005.0,1.0,2026-06-15T00:40:22.000000Z,2026-06-15T00:40:22.000000Z,2422,2422
2026-06-15T00:40:23.000000Z,BTCUSDT,futures,10010.5,10010.5,10010.5,10010.5,1.0,10010.5,1,0.5,0.5,5005.25,5005.25,1.0,2026-06-15T00:40:23.000000Z,2026-06-15T00:40:23.000000Z,2423,2423
2026-06-15T00:40:24.000000Z,BTCUSDT,futures,10009.5,10009.5,10009.5,10009.5,1.0,10009.5,1,0.5,0.5,5004.75,5004.75,1.0,2026-06-15T00:40:24.000000Z,2026-06-15T00:40:24.000000Z,2424,2424
2026-06-15T00:40:25.000000Z,BTCUSDT,futures,10010.0,10010.0,10010.0,10010.0,1.0,10010.0,1,0.5,0.5,5005.0,5005.0,1.0,2026-06-15T00:40:25.000000Z,2026-06-15T00:40:25.000000Z,2425,2425
2026-06-15T00:40:26.000000Z,BTCUSDT,futures,10010.5,10010.5,10010.5,10010.5,1.0,10010.5,1,0.5,0.5,5005.25,5005.25,1.0,2026-06-15T00:40:26.000000Z,2026-06-15T00:40:26.000000Z,2426,2426
2026-06-15T00:40:27.000000Z,BTCUSDT,futures,10009.5,10009.5,10009.5,10009.5,1.0,10009.5,1,0.5,0.5,5004.75,5004.75,1.0,2026-06-15T00:40:27.000000Z,2026-06-15T00:40:27.000000Z,2427,2427
2026-06-15T00:40:28.000000Z,BTCUSDT,futures,10010.0,10010.0,10010.0,10010.0,1.0,10010.0,1,0.5,0.5,5005.0,5005.0,1.0,2026-06-15T00:40:28.000000Z,2026-06-15T00:40:28.000000Z,2428,2428
2026-06-15T00:40:29.000000Z,BTCUSDT,futures,10010.5,10010.5,10010.5,10010.5,1.0,10010.5,1,0.5,0.5,5005.25,5005.25,1.0,2026-06-15T00:40:29.000000Z,2026-06-15T00:40:29.000000Z,2429,2429
2026-06-15T00:40:30.000000Z,BTCUSDT,futures,10009.5,10009.5,10009.5,10009.5,1.0,10009.5,1,0.5,0.5,5004.75,5004.75,1.0,2026-06-15T00:40:30.000000Z,2026-06-15T00:40:30.000000Z,2430,2430
2026-06-15T00:40:31.000000Z,BTCUSDT,futures,10010.0,10010.0,10010.0,10010.0,1.0,10010.0,1,0.5,0.5,5005.0,5005.0,1.0,2026-06-15T00:40:31.000000Z,2026-06-15T00:40:31.000000Z,2431,2431
2026-06-15T00:40:32.000000Z,BTCUSDT,futures,10010.5,10010.5,10010.5,10010.5,1.0,10010.5,1,0.5,0.5,5005.25,5005.25,1.0,2026-06-15T00:40:32.000000Z,2026-06-15T00:40:32.000000Z,2432,2432
2026-06-15T00:40:33.000000Z,BTCUSDT,futures,10009.5,10009.5,10009.5,10009.5,1.0,10009.5,1,0.5,0.5,5004.75,5004.75,1.0,2026-06-15T00:40:33.000000Z,2026-06-15T00:40:33.000000Z,2433,2433
2026-06-15T00:40:34.000000Z,BTCUSDT,futures,10010.0,10010.0,10010.0,10010.0,1.0,10010.0,1,0.5,0.5,5005.0,5005.0,1.0,2026-06-15T00:40:34.000000Z,2026-06-15T00:40:34.000000Z,2434,2434
2026-06-15T00:40:35.000000Z,BTCUSDT,futures,10010.5,10010.5,10010.5,10010.5,1.0,10010.5,1,0.5,0.5,5005.25,5005.25,1.0,2026-06-15T00:40:35.000000Z,2026-06-15T00:40:35.000000Z,2435,2435
2026-06-15T00:40:36.000000Z,BTCUSDT,futures,10009.5,10009.5,10009.5,10009.5,1.0,10009.5,1,0.5,0.5,5004.75,5004.75,1.0,2026-06-15T00:40:36.000000Z,2026-06-15T00:40:36.000000Z,2436,2436
2026-06-15T00:40:37.000000Z,BTCUSDT,futures,10010.0,10010.0,10010.0,10010.0,1.0,10010.0,1,0.5,0.5,5005.0,5005.0,1.0,2026-06-15T00:40:37.000000Z,2026-06-15T00:40:37.000000Z,2437,2437
2026-06-15T00:40:38.000000Z,BTCUSDT,futures,10010.5,10010.5,10010.5,10010.5,1.0,10010.5,1,0.5,0.5,5005.25,5005.25,1.0,2026-06-15T00:40:38.000000Z,2026-06-15T00:40:38.000000Z,2438,2438
2026-06-15T00:40:39.000000Z,BTCUSDT,futures,10009.5,10009.5,10009.5,10009.5,1.0,10009.5,1,0.5,0.5,5004.75,5004.75,1.0,2026-06-15T00:40:39.000000Z,2026-06-15T00:40:39.000000Z,2439,2439
2026-06-15T00:40:40.000000Z,BTCUSDT,futures,10010.0,10010.0,10010.0,10010.0,1.0,10010.0,1,0.5,0.5,5005.0,5005.0,1.0,2026-06-15T00:40:40.000000Z,2026-06-15T00:40:40.000000Z,2440,2440
2026-06-15T00:40:41.000000Z,BTCUSDT,futures,10010.5,10010.5,10010.5,10010.5,1.0,10010.5,1,0.5,0.5,5005.25,5005.25,1.0,2026-06-15T00:40:41.000000Z,2026-06-15T00:40:41.000000Z,2441,2441
2026-06-15T00:40:42.000000Z,BTCUSDT,futures,10009.5,10009.5,10009.5,10009.5,1.0,10009.5,1,0.5,0.5,5004.75,5004.75,1.0,2026-06-15T00:40:42.000000Z,2026-06-15T00:40:42.000000Z,2442,2442
2026-06-15T00:40:43.000000Z,BTCUSDT,futures,10010.0,10010.0,10010.0,10010.0,1.0,10010.0,1,0.5,0.5,5005.0,5005.0,1.0,2026-06-15T00:40:43.000000Z,2026-06-15T00:40:43.000000Z,2443,2443
2026-06-15T00:40:44.000000Z,BTCUSDT,futures,10010.5,10010.5,10010.5,10010.5,1.0,10010.5,1,0.5,0.5,5005.25,5005.25,1.0,2026-06-15T00:40:44.000000Z,2026-06-15T00:40:44.000000Z,2444,2444
2026-06-15T00:40:45.000000Z,BTCUSDT,futures,10009.5,10009.5,10009.5,10009.5,1.0,10009.5,1,0.5,0.5,5004.75,5004.75,1.0,2026-06-15T00:40:45.000000Z,2026-06-15T00:40:45.000000Z,2445,2445
2026-06-15T00:40:46.000000Z,BTCUSDT,futures,10010.0,10010.0,10010.0,10010.0,1.0,10010.0,1,0.5,0.5,5005.0,5005.0,1.0,2026-06-15T00:40:46.000000Z,2026-06-15T00:40:46.000000Z,2446,2446
2026-06-15T00:40:47.000000Z,BTCUSDT,futures,10010.5,10010.5,10010.5,10010.5,1.0,10010.5,1,0.5,0.5,5005.25,5005.25,1.0,2026-06-15T00:40:47.000000Z,2026-06-15T00:40:47.000000Z,2447,2447
2026-06-15T00:40:48.000000Z,BTCUSDT,futures,10009.5,10009.5,10009.5,10009.5,1.0,10009.5,1,0.5,0.5,5004.75,5004.75,1.0,2026-06-15T00:40:48.000000Z,2026-06-15T00:40:48.000000Z,2448,2448
2026-06-15T00:40:49.000000Z,BTCUSDT,futures,10010.0,10010.0,10010.0,10010.0,1.0,10010.0,1,0.5,0.5,5005.0,5005.0,1.0,2026-06-15T00:40:49.000000Z,2026-06-15T00:40:49.000000Z,2449,2449
2026-06-15T00:40:50.000000Z,BTCUSDT,futures,10010.5,10010.5,10010.5,10010.5,1.0,10010.5,1,0.5,0.5,5005.25,5005.25,1.0,2026-06-15T00:40:50.000000Z,2026-06-15T00:40:50.000000Z,2450,2450
2026-06-15T00:40:51.000000Z,BTCUSDT,futures,10009.5,10009.5,10009.5,10009.5,1.0,10009.5,1,0.5,0.5,5004.75,5004.75,1.0,2026-06-15T00:40:51.000000Z,2026-06-15T00:40:51.000000Z,2451,2451
2026-06-15T00:40:52.000000Z,BTCUSDT,futures,10010.0,10010.0,10010.0,10010.0,1.0,10010.0,1,0.5,0.5,5005.0,5005.0,1.0,2026-06-15T00:40:52.000000Z,2026-06-15T00:40:52.000000Z,2452,2452
2026-06-15T00:40:53.000000Z,BTCUSDT,futures,10010.5,10010.5,10010.5,10010.5,1.0,10010.5,1,0.5,0.5,5005.25,5005.25,1.0,2026-06-15T00:40:53.000000Z,2026-06-15T00:40:53.000000Z,2453,2453
2026-06-15T00:40:54.000000Z,BTCUSDT,futures,10009.5,10009.5,10009.5,10009.5,1.0,10009.5,1,0.5,0.5,5004.75,5004.75,1.0,2026-06-15T00:40:54.000000Z,2026-06-15T00:40:54.000000Z,2454,2454
2026-06-15T00:40:55.000000Z,BTCUSDT,futures,10010.0,10010.0,10010.0,10010.0,1.0,10010.0,1,0.5,0.5,5005.0,5005.0,1.0,2026-06-15T00:40:55.000000Z,2026-06-15T00:40:55.000000Z,2455,2455
2026-06-15T00:40:56.000000Z,BTCUSDT,futures,10010.5,10010.5,10010.5,10010.5,1.0,10010.5,1,0.5,0.5,5005.25,5005.25,1.0,2026-06-15T00:40:56.000000Z,2026-06-15T00:40:56.000000Z,2456,2456
2026-06-15T00:40:57.000000Z,BTCUSDT,futures,10009.5,10009.5,10009.5,10009.5,1.0,10009.5,1,0.5,0.5,5004.75,5004.75,1.0,2026-06-15T00:40:57.000000Z,2026-06-15T00:40:57.000000Z,2457,2457
2026-06-15T00:40:58.000000Z,BTCUSDT,futures,10010.0,10010.0,10010.0,10010.0,1.0,10010.0,1,0.5,0.5,5005.0,5005.0,1.0,2026-06-15T00:40:58.000000Z,2026-06-15T00:40:58.000000Z,2458,2458
2026-06-15T00:40:59.000000Z,BTCUSDT,futures,10010.5,10010.5,10010.5,10010.5,1.0,10010.5,1,0.5,0.5,5005.25,5005.25,1.0,2026-06-15T00:40:59.000000Z,2026-06-15T00:40:59.000000Z,2459,2459
2026-06-15T00:41:00.000000Z,BTCUSDT,futures,10009.5,10009.5,10009.5,10009.5,1.0,10009.5,1,0.5,0.5,5004.75,5004.75,1.0,2026-06-15T00:41:00.000000Z,2026-06-15T00:41:00.000000Z,2460,2460
2026-06-15T00:41:01.000000Z,BTCUSDT,futures,10010.0,10010.0,10010.0,10010.0,1.0,10010.0,1,0.5,0.5,5005.0,5005.0,1.0,2026-06-15T00:41:01.000000Z,2026-06-15T00:41:01.000000Z,2461,2461
2026-06-15T00:41:02.000000Z,BTCUSDT,futures,10010.5,10010.5,10010.5,10010.5,1.0,10010.5,1,0.5,0.5,5005.25,5005.25,1.0,2026-06-15T00:41:02.000000Z,2026-06-15T00:41:02.000000Z,2462,2462
2026-06-15T00:41:03.000000Z,BTCUSDT,futures,10009.5,10009.5,10009.5,10009.5,1.0,10009.5,1,0.5,0.5,5004.75,5004.75,1.0,2026-06-15T00:41:03.000000Z,2026-06-15T00:41:03.000000Z,2463,2463
2026-06-15T00:41:04.000000Z,BTCUSDT,futures,10010.0,10010.0,10010.0,10010.0,1.0,10010.0,1,0.5,0.5,5005.0,5005.0,1.0,2026-06-15T00:41:04.000000Z,2026-06-15T00:41:04.000000Z,2464,2464
2026-06-15T00:41:05.000000Z,BTCUSDT,futures,10010.5,10010.5,10010.5,10010.5,1.0,10010.5,1,0.5,0.5,5005.25,5005.25,1.0,2026-06-15T00:41:05.000000Z,2026-06-15T00:41:05.000000Z,2465,2465
2026-06-15T00:41:06.000000Z,BTCUSDT,futures,10009.5,10009.5,10009.5,10009.5,1.0,10009.5,1,0.5,0.5,5004.75,5004.75,1.0,2026-06-15T00:41:06.000000Z,2026-06-15T00:41:06.000000Z,2466,2466
2026-06-15T00:41:07.000000Z,BTCUSDT,futures,10010.0,10010.0,10010.0,10010.0,1.0,10010.0,1,0.5,0.5,5005.0,5005.0,1.0,2026-06-15T00:41:07.000000Z,2026-06-15T00:41:07.000000Z,2467,2467
2026-06-15T00:41:08.000000Z,BTCUSDT,futures,10010.5,10010.5,10010.5,10010.5,1.0,10010.5,1,0.5,0.5,5005.25,5005.25,1.0,2026-06-15T00:41:08.000000Z,2026-06-15T00:41:08.000000Z,2468,2468
2026-06-15T00:41:09.000000Z,BTCUSDT,futures,10009.5,10009.5,10009.5,10009.5,1.0,10009.5,1,0.5,0.5,5004.75,5004.75,1.0,2026-06-15T00:41:09.000000Z,2026-06-15T00:41:09.000000Z,2469,2469
2026-06-15T00:41:10.000000Z,BTCUSDT,futures,10010.0,10010.0,10010.0,10010.0,1.0,10010.0,1,0.5,0.5,5005.0,5005.0,1.0,2026-06-15T00:41:10.000000Z,2026-06-15T00:41:10.000000Z,2470,2470
2026-06-15T00:41:11.000000Z,BTCUSDT,futures,10010.5,10010.5,10010.5,10010.5,1.0,10010.5,1,0.5,0.5,5005.25,5005.25,1.0,2026-06-15T00:41:11.000000Z,2026-06-15T00:41:11.000000Z,2471,2471
2026-06-15T00:41:12.000000Z,BTCUSDT,futures,10009.5,10009.5,10009.5,10009.5,1.0,10009.5,1,0.5,0.5,5004.75,5004.75,1.0,2026-06-15T00:41:12.000000Z,2026-06-15T00:41:12.000000Z,2472,2472
2026-06-15T00:41:13.000000Z,BTCUSDT,futures,10010.0,10010.0,10010.0,10010.0,1.0,10010.0,1,0.5,0.5,5005.0,5005.0,1.0,2026-06-15T00:41:13.000000Z,2026-06-15T00:41:13.000000Z,2473,2473
2026-06-15T00:41:14.000000Z,BTCUSDT,futures,10010.5,10010.5,10010.5,10010.5,1.0,10010.5,1,0.5,0.5,5005.25,5005.25,1.0,2026-06-15T00:41:14.000000Z,2026-06-15T00:41:14.000000Z,2474,2474
2026-06-15T00:41:15.000000Z,BTCUSDT,futures,10009.5,10009.5,10009.5,10009.5,1.0,10009.5,1,0.5,0.5,5004.75,5004.75,1.0,2026-06-15T00:41:15.000000Z,2026-06-15T00:41:15.000000Z,2475,2475
2026-06-15T00:41:16.000000Z,BTCUSDT,futures,10010.0,10010.0,10010.0,10010.0,1.0,10010.0,1,0.5,0.5,5005.0,5005.0,1.0,2026-06-15T00:41:16.000000Z,2026-06-15T00:41:16.000000Z,2476,2476
2026-06-15T00:41:17.000000Z,BTCUSDT,futures,10010.5,10010.5,10010.5,10010.5,1.0,10010.5,1,0.5,0.5,5005.25,5005.25,1.0,2026-06-15T00:41:17.000000Z,2026-06-15T00:41:17.000000Z,2477,2477
2026-06-15T00:41:18.000000Z,BTCUSDT,futures,10009.5,10009.5,10009.5,10009.5,1.0,10009.5,1,0.5,0.5,5004.75,5004.75,1.0,2026-06-15T00:41:18.000000Z,2026-06-15T00:41:18.000000Z,2478,2478
2026-06-15T00:41:19.000000Z,BTCUSDT,futures,10010.0,10010.0,10010.0,10010.0,1.0,10010.0,1,0.5,0.5,5005.0,5005.0,1.0,2026-06-15T00:41:19.000000Z,2026-06-15T00:41:19.000000Z,2479,2479
2026-06-15T00:41:20.000000Z,BTCUSDT,futures,10010.5,10010.5,10010.5,10010.5,1.0,10010.5,1,0.5,0.5,5005.25,5005.25,1.0,2026-06-15T00:41:20.000000Z,2026-06-15T00:41:20.000000Z,2480,2480
2026-06-15T00:41:21.000000Z,BTCUSDT,futures,10009.5,10009.5,10009.5,10009.5,1.0,10009.5,1,0.5,0.5,5004.75,5004.75,1.0,2026-06-15T00:41:21.000000Z,2026-06-15T00:41:21.000000Z,2481,2481
2026-06-15T00:41:22.000000Z,BTCUSDT,futures,10010.0,10010.0,10010.0,10010.0,1.0,10010.0,1,0.5,0.5,5005.0,5005.0,1.0,2026-06-15T00:41:22.000000Z,2026-06-15T00:41:22.000000Z,2482,2482
2026-06-15T00:41:23.000000Z,BTCUSDT,futures,10010.5,10010.5,10010.5,10010.5,1.0,10010.5,1,0.5,0.5,5005.25,5005.25,1.0,2026-06-15T00:41:23.000000Z,2026-06-15T00:41:23.000000Z,2483,2483
2026-06-15T00:41:24.000000Z,BTCUSDT,futures,10009.5,10009.5,10009.5,10009.5,1.0,10009.5,1,0.5,0.5,5004.75,5004.75,1.0,2026-06-15T00:41:24.000000Z,2026-06-15T00:41:24.000000Z,2484,2484
2026-06-15T00:41:25.000000Z,BTCUSDT,futures,10010.0,10010.0,10010.0,10010.0,1.0,10010.0,1,0.5,0.5,5005.0,5005.0,1.0,2026-06-15T00:41:25.000000Z,2026-06-15T00:41:25.000000Z,2485,2485
2026-06-15T00:41:26.000000Z,BTCUSDT,futures,10010.5,10010.5,10010.5,10010.5,1.0,10010.5,1,0.5,0.5,5005.25,5005.25,1.0,2026-06-15T00:41:26.000000Z,2026-06-15T00:41:26.000000Z,2486,2486
2026-06-15T00:41:27.000000Z,BTCUSDT,futures,10009.5,10009.5,10009.5,10009.5,1.0,10009.5,1,0.5,0.5,5004.75,5004.75,1.0,2026-06-15T00:41:27.000000Z,2026-06-15T00:41:27.000000Z,2487,2487
2026-06-15T00:41:28.000000Z,BTCUSDT,futures,10010.0,10010.0,10010.0,10010.0,1.0,10010.0,1,0.5,0.5,5005.0,5005.0,1.0,2026-06-15T00:41:28.000000Z,2026-06-15T00:41:28.000000Z,2488,2488
2026-06-15T00:41:29.000000Z,BTCUSDT,futures,10010.5,10010.5,10010.5,10010.5,1.0,10010.5,1,0.5,0.5,5005.25,5005.25,1.0,2026-06-15T00:41:29.000000Z,2026-06-15T00:41:29.000000Z,2489,2489
2026-06-15T00:41:30.000000Z,BTCUSDT,futures,10009.5,10009.5,10009.5,10009.5,1.0,10009.5,1,0.5,0.5,5004.75,5004.75,1.0,2026-06-15T00:41:30.000000Z,2026-06-15T00:41:30.000000Z,2490,2490
2026-06-15T00:41:31.000000Z,BTCUSDT,futures,10010.0,10010.0,10010.0,10010.0,1.0,10010.0,1,0.5,0.5,5005.0,5005.0,1.0,2026-06-15T00:41:31.000000Z,2026-06-15T00:41:31.000000Z,2491,2491
2026-06-15T00:41:32.000000Z,BTCUSDT,futures,10010.5,10010.5,10010.5,10010.5,1.0,10010.5,1,0.5,0.5,5005.25,5005.25,1.0,2026-06-15T00:41:32.000000Z,2026-06-15T00:41:32.000000Z,2492,2492
2026-06-15T00:41:33.000000Z,BTCUSDT,futures,10009.5,10009.5,10009.5,10009.5,1.0,10009.5,1,0.5,0.5,5004.75,5004.75,1.0,2026-06-15T00:41:33.000000Z,2026-06-15T00:41:33.000000Z,2493,2493
2026-06-15T00:41:34.000000Z,BTCUSDT,futures,10010.0,10010.0,10010.0,10010.0,1.0,10010.0,1,0.5,0.5,5005.0,5005.0,1.0,2026-06-15T00:41:34.000000Z,2026-06-15T00:41:34.000000Z,2494,2494
2026-06-15T00:41:35.000000Z,BTCUSDT,futures,10010.5,10010.5,10010.5,10010.5,1.0,10010.5,1,0.5,0.5,5005.25,5005.25,1.0,2026-06-15T00:41:35.000000Z,2026-06-15T00:41:35.000000Z,2495,2495
2026-06-15T00:41:36.000000Z,BTCUSDT,futures,10009.5,10009.5,10009.5,10009.5,1.0,10009.5,1,0.5,0.5,5004.75,5004.75,1.0,2026-06-15T00:41:36.000000Z,2026-06-15T00:41:36.000000Z,2496,2496
2026-06-15T00:41:37.000000Z,BTCUSDT,futures,10010.0,10010.0,10010.0,10010.0,1.0,10010.0,1,0.5,0.5,5005.0,5005.0,1.0,2026-06-15T00:41:37.000000Z,2026-06-15T00:41:37.000000Z,2497,2497
2026-06-15T00:41:38.000000Z,BTCUSDT,futures,10010.5,10010.5,10010.5,10010.5,1.0,10010.5,1,0.5,0.5,5005.25,5005.25,1.0,2026-06-15T00:41:38.000000Z,2026-06-15T00:41:38.000000Z,2498,2498
2026-06-15T00:41:39.000000Z,BTCUSDT,futures,10009.5,10009.5,10009.5,10009.5,1.0,10009.5,1,0.5,0.5,5004.75,5004.75,1.0,2026-06-15T00:41:39.000000Z,2026-06-15T00:41:39.000000Z,2499,2499
2026-06-15T00:41:40.000000Z,BTCUSDT,futures,10010.0,10010.0,10010.0,10010.0,1.0,10010.0,1,0.5,0.5,5005.0,5005.0,1.0,2026-06-15T00:41:40.000000Z,2026-06-15T00:41:40.000000Z,2500,2500
2026-06-15T00:41:41.000000Z,BTCUSDT,futures,10010.5,10010.5,10010.5,10010.5,1.0,10010.5,1,0.5,0.5,5005.25,5005.25,1.0,2026-06-15T00:41:41.000000Z,2026-06-15T00:41:41.000000Z,2501,2501
2026-06-15T00:41:42.000000Z,BTCUSDT,futures,10009.5,10009.5,10009.5,10009.5,1.0,10009.5,1,0.5,0.5,5004.75,5004.75,1.0,2026-06-15T00:41:42.000000Z,2026-06-15T00:41:42.000000Z,2502,2502
2026-06-15T00:41:43.000000Z,BTCUSDT,futures,10010.0,10010.0,10010.0,10010.0,1.0,10010.0,1,0.5,0.5,5005.0,5005.0,1.0,2026-06-15T00:41:43.000000Z,2026-06-15T00:41:43.000000Z,2503,2503
2026-06-15T00:41:44.000000Z,BTCUSDT,futures,10010.5,10010.5,10010.5,10010.5,1.0,10010.5,1,0.5,0.5,5005.25,5005.25,1.0,2026-06-15T00:41:44.000000Z,2026-06-15T00:41:44.000000Z,2504,2504
2026-06-15T00:41:45.000000Z,BTCUSDT,futures,10009.5,10009.5,10009.5,10009.5,1.0,10009.5,1,0.5,0.5,5004.75,5004.75,1.0,2026-06-15T00:41:45.000000Z,2026-06-15T00:41:45.000000Z,2505,2505
2026-06-15T00:41:46.000000Z,BTCUSDT,futures,10010.0,10010.0,10010.0,10010.0,1.0,10010.0,1,0.5,0.5,5005.0,5005.0,1.0,2026-06-15T00:41:46.000000Z,2026-06-15T00:41:46.000000Z,2506,2506
2026-06-15T00:41:47.000000Z,BTCUSDT,futures,10010.5,10010.5,10010.5,10010.5,1.0,10010.5,1,0.5,0.5,5005.25,5005.25,1.0,2026-06-15T00:41:47.000000Z,2026-06-15T00:41:47.000000Z,2507,2507
2026-06-15T00:41:48.000000Z,BTCUSDT,futures,10009.5,10009.5,10009.5,10009.5,1.0,10009.5,1,0.5,0.5,5004.75,5004.75,1.0,2026-06-15T00:41:48.000000Z,2026-06-15T00:41:48.000000Z,2508,2508
2026-06-15T00:41:49.000000Z,BTCUSDT,futures,10010.0,10010.0,10010.0,10010.0,1.0,10010.0,1,0.5,0.5,5005.0,5005.0,1.0,2026-06-15T00:41:49.000000Z,2026-06-15T00:41:49.000000Z,2509,2509
2026-06-15T00:41:50.000000Z,BTCUSDT,futures,10010.5,10010.5,10010.5,10010.5,1.0,10010.5,1,0.5,0.5,5005.25,5005.25,1.0,2026-06-15T00:41:50.000000Z,2026-06-15T00:41:50.000000Z,2510,2510
2026-06-15T00:41:51.000000Z,BTCUSDT,futures,10009.5,10009.5,10009.5,10009.5,1.0,10009.5,1,0.5,0.5,5004.75,5004.75,1.0,2026-06-15T00:41:51.000000Z,2026-06-15T00:41:51.000000Z,2511,2511
2026-06-15T00:41:52.000000Z,BTCUSDT,futures,10010.0,10010.0,10010.0,10010.0,1.0,10010.0,1,0.5,0.5,5005.0,5005.0,1.0,2026-06-15T00:41:52.000000Z,2026-06-15T00:41:52.000000Z,2512,2512
2026-06-15T00:41:53.000000Z,BTCUSDT,futures,10010.5,10010.5,10010.5,10010.5,1.0,10010.5,1,0.5,0.5,5005.25,5005.25,1.0,2026-06-15T00:41:53.000000Z,2026-06-15T00:41:53.000000Z,2513,2513
2026-06-15T00:41:54.000000Z,BTCUSDT,futures,10009.5,10009.5,10009.5,10009.5,1.0,10009.5,1,0.5,0.5,5004.75,5004.75,1.0,2026-06-15T00:41:54.000000Z,2026-06-15T00:41:54.000000Z,2514,2514
2026-06-15T00:41:55.000000Z,BTCUSDT,futures,10010.0,10010.0,10010.0,10010.0,1.0,10010.0,1,0.5,0.5,5005.0,5005.0,1.0,2026-06-15T00:41:55.000000Z,2026-06-15T00:41:55.000000Z,2515,2515
2026-06-15T00:41:56.000000Z,BTCUSDT,futures,10010.5,10010.5,10010.5,10010.5,1.0,10010.5,1,0.5,0.5,5005.25,5005.25,1.0,2026-06-15T00:41:56.000000Z,2026-06-15T00:41:56.000000Z,2516,2516
2026-06-15T00:41:57.000000Z,BTCUSDT,futures,10009.5,10009.5,10009.5,10009.5,1.0,10009.5,1,0.5,0.5,5004.75,5004.75,1.0,2026-06-15T00:41:57.000000Z,2026-06-15T00:41:57.000000Z,2517,2517
2026-06-15T00:41:58.000000Z,BTCUSDT,futures,10010.0,10010.0,10010.0,10010.0,1.0,10010.0,1,0.5,0.5,5005.0,5005.0,1.0,2026-06-15T00:41:58.000000Z,2026-06-15T00:41:58.000000Z,2518,2518
2026-06-15T00:41:59.000000Z,BTCUSDT,futures,10010.5,10010.5,10010.5,10010.5,1.0,10010.5,1,0.5,0.5,5005.25,5005.25,1.0,2026-06-15T00:41:59.000000Z,2026-06-15T00:41:59.000000Z,2519,2519
2026-06-15T00:42:00.000000Z,BTCUSDT,futures,10009.5,10009.5,10009.5,10009.5,1.0,10009.5,1,0.5,0.5,5004.75,5004.75,1.0,2026-06-15T00:42:00.000000Z,2026-06-15T00:42:00.000000Z,2520,2520
2026-06-15T00:42:01.000000Z,BTCUSDT,futures,10010.0,10010.0,10010.0,10010.0,1.0,10010.0,1,0.5,0.5,5005.0,5005.0,1.0,2026-06-15T00:42:01.000000Z,2026-06-15T00:42:01.000000Z,2521,2521
2026-06-15T00:42:02.000000Z,BTCUSDT,futures,10010.5,10010.5,10010.5,10010.5,1.0,10010.5,1,0.5,0.5,5005.25,5005.25,1.0,2026-06-15T00:42:02.000000Z,2026-06-15T00:42:02.000000Z,2522,2522
2026-06-15T00:42:03.000000Z,BTCUSDT,futures,10009.5,10009.5,10009.5,10009.5,1.0,10009.5,1,0.5,0.5,5004.75,5004.75,1.0,2026-06-15T00:42:03.000000Z,2026-06-15T00:42:03.000000Z,2523,2523
2026-06-15T00:42:04.000000Z,BTCUSDT,futures,10010.0,10010.0,10010.0,10010.0,1.0,10010.0,1,0.5,0.5,5005.0,5005.0,1.0,2026-06-15T00:42:04.000000Z,2026-06-15T00:42:04.000000Z,2524,2524
2026-06-15T00:42:05.000000Z,BTCUSDT,futures,10010.5,10010.5,10010.5,10010.5,1.0,10010.5,1,0.5,0.5,5005.25,5005.25,1.0,2026-06-15T00:42:05.000000Z,2026-06-15T00:42:05.000000Z,2525,2525
2026-06-15T00:42:06.000000Z,BTCUSDT,futures,10009.5,10009.5,10009.5,10009.5,1.0,10009.5,1,0.5,0.5,5004.75,5004.75,1.0,2026-06-15T00:42:06.000000Z,2026-06-15T00:42:06.000000Z,2526,2526
2026-06-15T00:42:07.000000Z,BTCUSDT,futures,10010.0,10010.0,10010.0,10010.0,1.0,10010.0,1,0.5,0.5,5005.0,5005.0,1.0,2026-06-15T00:42:07.000000Z,2026-06-15T00:42:07.000000Z,2527,2527
2026-06-15T00:42:08.000000Z,BTCUSDT,futures,10010.5,10010.5,10010.5,10010.5,1.0,10010.5,1,0.5,0.5,5005.25,5005.25,1.0,2026-06-15T00:42:08.000000Z,2026-06-15T00:42:08.000000Z,2528,2528
2026-06-15T00:42:09.000000Z,BTCUSDT,futures,10009.5,10009.5,10009.5,10009.5,1.0,10009.5,1,0.5,0.5,5004.75,5004.75,1.0,2026-06-15T00:42:09.000000Z,2026-06-15T00:42:09.000000Z,2529,2529
2026-06-15T00:42:10.000000Z,BTCUSDT,futures,10010.0,10010.0,10010.0,10010.0,1.0,10010.0,1,0.5,0.5,5005.0,5005.0,1.0,2026-06-15T00:42:10.000000Z,2026-06-15T00:42:10.000000Z,2530,2530
2026-06-15T00:42:11.000000Z,BTCUSDT,futures,10010.5,10010.5,10010.5,10010.5,1.0,10010.5,1,0.5,0.5,5005.25,5005.25,1.0,2026-06-15T00:42:11.000000Z,2026-06-15T00:42:11.000000Z,2531,2531
2026-06-15T00:42:12.000000Z,BTCUSDT,futures,10009.5,10009.5,10009.5,10009.5,1.0,10009.5,1,0.5,0.5,5004.75,5004.75,1.0,2026-06-15T00:42:12.000000Z,2026-06-15T00:42:12.000000Z,2532,2532
2026-06-15T00:42:13.000000Z,BTCUSDT,futures,10010.0,10010.0,10010.0,10010.0,1.0,10010.0,1,0.5,0.5,5005.0,5005.0,1.0,2026-06-15T00:42:13.000000Z,2026-06-15T00:42:13.000000Z,2533,2533
2026-06-15T00:42:14.000000Z,BTCUSDT,futures,10010.5,10010.5,10010.5,10010.5,1.0,10010.5,1,0.5,0.5,5005.25,5005.25,1.0,2026-06-15T00:42:14.000000Z,2026-06-15T00:42:14.000000Z,2534,2534
2026-06-15T00:42:15.000000Z,BTCUSDT,futures,10009.5,10009.5,10009.5,10009.5,1.0,10009.5,1,0.5,0.5,5004.75,5004.75,1.0,2026-06-15T00:42:15.000000Z,2026-06-15T00:42:15.000000Z,2535,2535
2026-06-15T00:42:16.000000Z,BTCUSDT,futures,10010.0,10010.0,10010.0,10010.0,1.0,10010.0,1,0.5,0.5,5005.0,5005.0,1.0,2026-06-15T00:42:16.000000Z,2026-06-15T00:42:16.000000Z,2536,2536
2026-06-15T00:42:17.000000Z,BTCUSDT,futures,10010.5,10010.5,10010.5,10010.5,1.0,10010.5,1,0.5,0.5,5005.25,5005.25,1.0,2026-06-15T00:42:17.000000Z,2026-06-15T00:42:17.000000Z,2537,2537
2026-06-15T00:42:18.000000Z,BTCUSDT,futures,10009.5,10009.5,10009.5,10009.5,1.0,10009.5,1,0.5,0.5,5004.75,5004.75,1.0,2026-06-15T00:42:18.000000Z,2026-06-15T00:42:18.000000Z,2538,2538
2026-06-15T00:42:19.000000Z,BTCUSDT,futures,10010.0,10010.0,10010.0,10010.0,1.0,10010.0,1,0.5,0.5,5005.0,5005.0,1.0,2026-06-15T00:42:19.000000Z,2026-06-15T00:42:19.000000Z,2539,2539
2026-06-15T00:42:20.000000Z,BTCUSDT,futures,10010.5,10010.5,10010.5,10010.5,1.0,10010.5,1,0.5,0.5,5005.25,5005.25,1.0,2026-06-15T00:42:20.000000Z,2026-06-15T00:42:20.000000Z,2540,2540
2026-06-15T00:42:21.000000Z,BTCUSDT,futures,10009.5,10009.5,10009.5,10009.5,1.0,10009.5,1,0.5,0.5,5004.75,5004.75,1.0,2026-06-15T00:42:21.000000Z,2026-06-15T00:42:21.000000Z,2541,2541
2026-06-15T00:42:22.000000Z,BTCUSDT,futures,10010.0,10010.0,10010.0,10010.0,1.0,10010.0,1,0.5,0.5,5005.0,5005.0,1.0,2026-06-15T00:42:22.000000Z,2026-06-15T00:42:22.000000Z,2542,2542
2026-06-15T00:42:23.000000Z,BTCUSDT,futures,10010.5,10010.5,10010.5,10010.5,1.0,10010.5,1,0.5,0.5,5005.25,5005.25,1.0,2026-06-15T00:42:23.000000Z,2026-06-15T00:42:23.000000Z,2543,2543
2026-06-15T00:42:24.000000Z,BTCUSDT,futures,10009.5,10009.5,10009.5,10009.5,1.0,10009.5,1,0.5,0.5,5004.75,5004.75,1.0,2026-06-15T00:42:24.000000Z,2026-06-15T00:42:24.000000Z,2544,2544
2026-06-15T00:42:25.000000Z,BTCUSDT,futures,10010.0,10010.0,10010.0,10010.0,1.0,10010.0,1,0.5,0.5,5005.0,5005.0,1.0,2026-06-15T00:42:25.000000Z,2026-06-15T00:42:25.000000Z,2545,2545
2026-06-15T00:42:26.000000Z,BTCUSDT,futures,10010.5,10010.5,10010.5,10010.5,1.0,10010.5,1,0.5,0.5,5005.25,5005.25,1.0,2026-06-15T00:42:26.000000Z,2026-06-15T00:42:26.000000Z,2546,2546
2026-06-15T00:42:27.000000Z,BTCUSDT,futures,10009.5,10009.5,10009.5,10009.5,1.0,10009.5,1,0.5,0.5,5004.75,5004.75,1.0,2026-06-15T00:42:27.000000Z,2026-06-15T00:42:27.000000Z,2547,2547
2026-06-15T00:42:28.000000Z,BTCUSDT,futures,10010.0,10010.0,10010.0,10010.0,1.0,10010.0,1,0.5,0.5,5005.0,5005.0,1.0,2026-06-15T00:42:28.000000Z,2026-06-15T00:42:28.000000Z,2548,2548
2026-06-15T00:42:29.000000Z,BTCUSDT,futures,10010.5,10010.5,10010.5,10010.5,1.0,10010.5,1,0.5,0.5,5005.25,5005.25,1.0,2026-06-15T00:42:29.000000Z,2026-06-15T00:42:29.000000Z,2549,2549
2026-06-15T00:42:30.000000Z,BTCUSDT,futures,10009.5,10009.5,10009.5,10009.5,1.0,10009.5,1,0.5,0.5,5004.75,5004.75,1.0,2026-06-15T00:42:30.000000Z,2026-06-15T00:42:30.000000Z,2550,2550
2026-06-15T00:42:31.000000Z,BTCUSDT,futures,10010.0,10010.0,10010.0,10010.0,1.0,10010.0,1,0.5,0.5,5005.0,5005.0,1.0,2026-06-15T00:42:31.000000Z,2026-06-15T00:42:31.000000Z,2551,2551
2026-06-15T00:42:32.000000Z,BTCUSDT,futures,10010.5,10010.5,10010.5,10010.5,1.0,10010.5,1,0.5,0.5,5005.25,5005.25,1.0,2026-06-15T00:42:32.000000Z,2026-06-15T00:42:32.000000Z,2552,2552
2026-06-15T00:42:33.000000Z,BTCUSDT,futures,10009.5,10009.5,10009.5,10009.5,1.0,10009.5,1,0.5,0.5,5004.75,5004.75,1.0,2026-06-15T00:42:33.000000Z,2026-06-15T00:42:33.000000Z,2553,2553
2026-06-15T00:42:34.000000Z,BTCUSDT,futures,10010.0,10010.0,10010.0,10010.0,1.0,10010.0,1,0.5,0.5,5005.0,5005.0,1.0,2026-06-15T00:42:34.000000Z,2026-06-15T00:42:34.000000Z,2554,2554
2026-06-15T00:42:35.000000Z,BTCUSDT,futures,10010.5,10010.5,10010.5,10010.5,1.0,10010.5,1,0.5,0.5,5005.25,5005.25,1.0,2026-06-15T00:42:35.000000Z,2026-06-15T00:42:35.000000Z,2555,2555
2026-06-15T00:42:36.000000Z,BTCUSDT,futures,10009.5,10009.5,10009.5,10009.5,1.0,10009.5,1,0.5,0.5,5004.75,5004.75,1.0,2026-06-15T00:42:36.000000Z,2026-06-15T00:42:36.000000Z,2556,2556
2026-06-15T00:42:37.000000Z,BTCUSDT,futures,10010.0,10010.0,10010.0,10010.0,1.0,10010.0,1,0.5,0.5,5005.0,5005.0,1.0,2026-06-15T00:42:37.000000Z,2026-06-15T00:42:37.000000Z,2557,2557
2026-06-15T00:42:38.000000Z,BTCUSDT,futures,10010.5,10010.5,10010.5,10010.5,1.0,10010.5,1,0.5,0.5,5005.25,5005.25,1.0,2026-06-15T00:42:38.000000Z,2026-06-15T00:42:38.000000Z,2558,2558
2026-06-15T00:42:39.000000Z,BTCUSDT,futures,10009.5,10009.5,10009.5,10009.5,1.0,10009.5,1,0.5,0.5,5004.75,5004.75,1.0,2026-06-15T00:42:39.000000Z,2026-06-15T00:42:39.000000Z,2559,2559
2026-06-15T00:42:40.000000Z,BTCUSDT,futures,10010.0,10010.0,10010.0,10010.0,1.0,10010.0,1,0.5,0.5,5005.0,5005.0,1.0,2026-06-15T00:42:40.000000Z,2026-06-15T00:42:40.000000Z,2560,2560
2026-06-15T00:42:41.000000Z,BTCUSDT,futures,10010.5,10010.5,10010.5,10010.5,1.0,10010.5,1,0.5,0.5,5005.25,5005.25,1.0,2026-06-15T00:42:41.000000Z,2026-06-15T00:42:41.000000Z,2561,2561
2026-06-15T00:42:42.000000Z,BTCUSDT,futures,10009.5,10009.5,10009.5,10009.5,1.0,10009.5,1,0.5,0.5,5004.75,5004.75,1.0,2026-06-15T00:42:42.000000Z,2026-06-15T00:42:42.000000Z,2562,2562
2026-06-15T00:42:43.000000Z,BTCUSDT,futures,10010.0,10010.0,10010.0,10010.0,1.0,10010.0,1,0.5,0.5,5005.0,5005.0,1.0,2026-06-15T00:42:43.000000Z,2026-06-15T00:42:43.000000Z,2563,2563
2026-06-15T00:42:44.000000Z,BTCUSDT,futures,10010.5,10010.5,10010.5,10010.5,1.0,10010.5,1,0.5,0.5,5005.25,5005.25,1.0,2026-06-15T00:42:44.000000Z,2026-06-15T00:42:44.000000Z,2564,2564
2026-06-15T00:42:45.000000Z,BTCUSDT,futures,10009.5,10009.5,10009.5,10009.5,1.0,10009.5,1,0.5,0.5,5004.75,5004.75,1.0,2026-06-15T00:42:45.000000Z,2026-06-15T00:42:45.000000Z,2565,2565
2026-06-15T00:42:46.000000Z,BTCUSDT,futures,10010.0,10010.0,10010.0,10010.0,1.0,10010.0,1,0.5,0.5,5005.0,5005.0,1.0,2026-06-15T00:42:46.000000Z,2026-06-15T00:42:46.000000Z,2566,2566
2026-06-15T00:42:47.000000Z,BTCUSDT,futures,10010.5,10010.5,10010.5,10010.5,1.0,10010.5,1,0.5,0.5,5005.25,5005.25,1.0,2026-06-15T00:42:47.000000Z,2026-06-15T00:42:47.000000Z,2567,2567
2026-06-15T00:42:48.000000Z,BTCUSDT,futures,10009.5,10009.5,10009.5,10009.5,1.0,10009.5,1,0.5,0.5,5004.75,5004.75,1.0,2026-06-15T00:42:48.000000Z,2026-06-15T00:42:48.000000Z,2568,2568
2026-06-15T00:42:49.000000Z,BTCUSDT,futures,10010.0,10010.0,10010.0,10010.0,1.0,10010.0,1,0.5,0.5,5005.0,5005.0,1.0,2026-06-15T00:42:49.000000Z,2026-06-15T00:42:49.000000Z,2569,2569
2026-06-15T00:42:50.000000Z,BTCUSDT,futures,10010.5,10010.5,10010.5,10010.5,1.0,10010.5,1,0.5,0.5,5005.25,5005.25,1.0,2026-06-15T00:42:50.000000Z,2026-06-15T00:42:50.000000Z,2570,2570
2026-06-15T00:42:51.000000Z,BTCUSDT,futures,10009.5,10009.5,10009.5,10009.5,1.0,10009.5,1,0.5,0.5,5004.75,5004.75,1.0,2026-06-15T00:42:51.000000Z,2026-06-15T00:42:51.000000Z,2571,2571
2026-06-15T00:42:52.000000Z,BTCUSDT,futures,10010.0,10010.0,10010.0,10010.0,1.0,10010.0,1,0.5,0.5,5005.0,5005.0,1.0,2026-06-15T00:42:52.000000Z,2026-06-15T00:42:52.000000Z,2572,2572
2026-06-15T00:42:53.000000Z,BTCUSDT,futures,10010.5,10010.5,10010.5,10010.5,1.0,10010.5,1,0.5,0.5,5005.25,5005.25,1.0,2026-06-15T00:42:53.000000Z,2026-06-15T00:42:53.000000Z,2573,2573
2026-06-15T00:42:54.000000Z,BTCUSDT,futures,10009.5,10009.5,10009.5,10009.5,1.0,10009.5,1,0.5,0.5,5004.75,5004.75,1.0,2026-06-15T00:42:54.000000Z,2026-06-15T00:42:54.000000Z,2574,2574
2026-06-15T00:42:55.000000Z,BTCUSDT,futures,10010.0,10010.0,10010.0,10010.0,1.0,10010.0,1,0.5,0.5,5005.0,5005.0,1.0,2026-06-15T00:42:55.000000Z,2026-06-15T00:42:55.000000Z,2575,2575
2026-06-15T00:42:56.000000Z,BTCUSDT,futures,10010.5,10010.5,10010.5,10010.5,1.0,10010.5,1,0.5,0.5,5005.25,5005.25,1.0,2026-06-15T00:42:56.000000Z,2026-06-15T00:42:56.000000Z,2576,2576
2026-06-15T00:42:57.000000Z,BTCUSDT,futures,10009.5,10009.5,10009.5,10009.5,1.0,10009.5,1,0.5,0.5,5004.75,5004.75,1.0,2026-06-15T00:42:57.000000Z,2026-06-15T00:42:57.000000Z,2577,2577
2026-06-15T00:42:58.000000Z,BTCUSDT,futures,10010.0,10010.0,10010.0,10010.0,1.0,10010.0,1,0.5,0.5,5005.0,5005.0,1.0,2026-06-15T00:42:58.000000Z,2026-06-15T00:42:58.000000Z,2578,2578
2026-06-15T00:42:59.000000Z,BTCUSDT,futures,10010.5,10010.5,10010.5,10010.5,1.0,10010.5,1,0.5,0.5,5005.25,5005.25,1.0,2026-06-15T00:42:59.000000Z,2026-06-15T00:42:59.000000Z,2579,2579
2026-06-15T00:43:00.000000Z,BTCUSDT,futures,10009.5,10009.5,10009.5,10009.5,1.0,10009.5,1,0.5,0.5,5004.75,5004.75,1.0,2026-06-15T00:43:00.000000Z,2026-06-15T00:43:00.000000Z,2580,2580
2026-06-15T00:43:01.000000Z,BTCUSDT,futures,10010.0,10010.0,10010.0,10010.0,1.0,10010.0,1,0.5,0.5,5005.0,5005.0,1.0,2026-06-15T00:43:01.000000Z,2026-06-15T00:43:01.000000Z,2581,2581
2026-06-15T00:43:02.000000Z,BTCUSDT,futures,10010.5,10010.5,10010.5,10010.5,1.0,10010.5,1,0.5,0.5,5005.25,5005.25,1.0,2026-06-15T00:43:02.000000Z,2026-06-15T00:43:02.000000Z,2582,2582
2026-06-15T00:43:03.000000Z,BTCUSDT,futures,10009.5,10009.5,10009.5,10009.5,1.0,10009.5,1,0.5,0.5,5004.75,5004.75,1.0,2026-06-15T00:43:03.000000Z,2026-06-15T00:43:03.000000Z,2583,2583
2026-06-15T00:43:04.000000Z,BTCUSDT,futures,10010.0,10010.0,10010.0,10010.0,1.0,10010.0,1,0.5,0.5,5005.0,5005.0,1.0,2026-06-15T00:43:04.000000Z,2026-06-15T00:43:04.000000Z,2584,2584
2026-06-15T00:43:05.000000Z,BTCUSDT,futures,10010.5,10010.5,10010.5,10010.5,1.0,10010.5,1,0.5,0.5,5005.25,5005.25,1.0,2026-06-15T00:43:05.000000Z,2026-06-15T00:43:05.000000Z,2585,2585
2026-06-15T00:43:06.000000Z,BTCUSDT,futures,10009.5,10009.5,10009.5,10009.5,1.0,10009.5,1,0.5,0.5,5004.75,5004.75,1.0,2026-06-15T00:43:06.000000Z,2026-06-15T00:43:06.000000Z,2586,2586
2026-06-15T00:43:07.000000Z,BTCUSDT,futures,10010.0,10010.0,10010.0,10010.0,1.0,10010.0,1,0.5,0.5,5005.0,5005.0,1.0,2026-06-15T00:43:07.000000Z,2026-06-15T00:43:07.000000Z,2587,2587
2026-06-15T00:43:08.000000Z,BTCUSDT,futures,10010.5,10010.5,10010.5,10010.5,1.0,10010.5,1,0.5,0.5,5005.25,5005.25,1.0,2026-06-15T00:43:08.000000Z,2026-06-15T00:43:08.000000Z,2588,2588
2026-06-15T00:43:09.000000Z,BTCUSDT,futures,10009.5,10009.5,10009.5,10009.5,1.0,10009.5,1,0.5,0.5,5004.75,5004.75,1.0,2026-06-15T00:43:09.000000Z,2026-06-15T00:43:09.000000Z,2589,2589
2026-06-15T00:43:10.000000Z,BTCUSDT,futures,10010.0,10010.0,10010.0,10010.0,1.0,10010.0,1,0.5,0.5,5005.0,5005.0,1.0,2026-06-15T00:43:10.000000Z,2026-06-15T00:43:10.000000Z,2590,2590
2026-06-15T00:43:11.000000Z,BTCUSDT,futures,10010.5,10010.5,10010.5,10010.5,1.0,10010.5,1,0.5,0.5,5005.25,5005.25,1.0,2026-06-15T00:43:11.000000Z,2026-06-15T00:43:11.000000Z,2591,2591
2026-06-15T00:43:12.000000Z,BTCUSDT,futures,10009.5,10009.5,10009.5,10009.5,1.0,10009.5,1,0.5,0.5,5004.75,5004.75,1.0,2026-06-15T00:43:12.000000Z,2026-06-15T00:43:12.000000Z,2592,2592
2026-06-15T00:43:13.000000Z,BTCUSDT,futures,10010.0,10010.0,10010.0,10010.0,1.0,10010.0,1,0.5,0.5,5005.0,5005.0,1.0,2026-06-15T00:43:13.000000Z,2026-06-15T00:43:13.000000Z,2593,2593
2026-06-15T00:43:14.000000Z,BTCUSDT,futures,10010.5,10010.5,10010.5,10010.5,1.0,10010.5,1,0.5,0.5,5005.25,5005.25,1.0,2026-06-15T00:43:14.000000Z,2026-06-15T00:43:14.000000Z,2594,2594
2026-06-15T00:43:15.000000Z,BTCUSDT,futures,10009.5,10009.5,10009.5,10009.5,1.0,10009.5,1,0.5,0.5,5004.75,5004.75,1.0,2026-06-15T00:43:15.000000Z,2026-06-15T00:43:15.000000Z,2595,2595
2026-06-15T00:43:16.000000Z,BTCUSDT,futures,10010.0,10010.0,10010.0,10010.0,1.0,10010.0,1,0.5,0.5,5005.0,5005.0,1.0,2026-06-15T00:43:16.000000Z,2026-06-15T00:43:16.000000Z,2596,2596
2026-06-15T00:43:17.000000Z,BTCUSDT,futures,10010.5,10010.5,10010.5,10010.5,1.0,10010.5,1,0.5,0.5,5005.25,5005.25,1.0,2026-06-15T00:43:17.000000Z,2026-06-15T00:43:17.000000Z,2597,2597
2026-06-15T00:43:18.000000Z,BTCUSDT,futures,10009.5,10009.5,10009.5,10009.5,1.0,10009.5,1,0.5,0.5,5004.75,5004.75,1.0,2026-06-15T00:43:18.000000Z,2026-06-15T00:43:18.000000Z,2598,2598
2026-06-15T00:43:19.000000Z,BTCUSDT,futures,10010.0,10010.0,10010.0,10010.0,1.0,10010.0,1,0.5,0.5,5005.0,5005.0,1.0,2026-06-15T00:43:19.000000Z,2026-06-15T00:43:19.000000Z,2599,2599
2026-06-15T00:43:20.000000Z,BTCUSDT,futures,10010.5,10010.5,10010.5,10010.5,1.0,10010.5,1,0.5,0.5,5005.25,5005.25,1.0,2026-06-15T00:43:20.000000Z,2026-06-15T00:43:20.000000Z,2600,2600
2026-06-15T00:43:21.000000Z,BTCUSDT,futures,10009.5,10009.5,10009.5,10009.5,1.0,10009.5,1,0.5,0.5,5004.75,5004.75,1.0,2026-06-15T00:43:21.000000Z,2026-06-15T00:43:21.000000Z,2601,2601
2026-06-15T00:43:22.000000Z,BTCUSDT,futures,10010.0,10010.0,10010.0,10010.0,1.0,10010.0,1,0.5,0.5,5005.0,5005.0,1.0,2026-06-15T00:43:22.000000Z,2026-06-15T00:43:22.000000Z,2602,2602
2026-06-15T00:43:23.000000Z,BTCUSDT,futures,10010.5,10010.5,10010.5,10010.5,1.0,10010.5,1,0.5,0.5,5005.25,5005.25,1.0,2026-06-15T00:43:23.000000Z,2026-06-15T00:43:23.000000Z,2603,2603
2026-06-15T00:43:24.000000Z,BTCUSDT,futures,10009.5,10009.5,10009.5,10009.5,1.0,10009.5,1,0.5,0.5,5004.75,5004.75,1.0,2026-06-15T00:43:24.000000Z,2026-06-15T00:43:24.000000Z,2604,2604
2026-06-15T00:43:25.000000Z,BTCUSDT,futures,10010.0,10010.0,10010.0,10010.0,1.0,10010.0,1,0.5,0.5,5005.0,5005.0,1.0,2026-06-15T00:43:25.000000Z,2026-06-15T00:43:25.000000Z,2605,2605
2026-06-15T00:43:26.000000Z,BTCUSDT,futures,10010.5,10010.5,10010.5,10010.5,1.0,10010.5,1,0.5,0.5,5005.25,5005.25,1.0,2026-06-15T00:43:26.000000Z,2026-06-15T00:43:26.000000Z,2606,2606
2026-06-15T00:43:27.000000Z,BTCUSDT,futures,10009.5,10009.5,10009.5,10009.5,1.0,10009.5,1,0.5,0.5,5004.75,5004.75,1.0,2026-06-15T00:43:27.000000Z,2026-06-15T00:43:27.000000Z,2607,2607
2026-06-15T00:43:28.000000Z,BTCUSDT,futures,10010.0,10010.0,10010.0,10010.0,1.0,10010.0,1,0.5,0.5,5005.0,5005.0,1.0,2026-06-15T00:43:28.000000Z,2026-06-15T00:43:28.000000Z,2608,2608
2026-06-15T00:43:29.000000Z,BTCUSDT,futures,10010.5,10010.5,10010.5,10010.5,1.0,10010.5,1,0.5,0.5,5005.25,5005.25,1.0,2026-06-15T00:43:29.000000Z,2026-06-15T00:43:29.000000Z,2609,2609
2026-06-15T00:43:30.000000Z,BTCUSDT,futures,10009.5,10009.5,10009.5,10009.5,1.0,10009.5,1,0.5,0.5,5004.75,5004.75,1.0,2026-06-15T00:43:30.000000Z,2026-06-15T00:43:30.000000Z,2610,2610
2026-06-15T00:43:31.000000Z,BTCUSDT,futures,10010.0,10010.0,10010.0,10010.0,1.0,10010.0,1,0.5,0.5,5005.0,5005.0,1.0,2026-06-15T00:43:31.000000Z,2026-06-15T00:43:31.000000Z,2611,2611
2026-06-15T00:43:32.000000Z,BTCUSDT,futures,10010.5,10010.5,10010.5,10010.5,1.0,10010.5,1,0.5,0.5,5005.25,5005.25,1.0,2026-06-15T00:43:32.000000Z,2026-06-15T00:43:32.000000Z,2612,2612
2026-06-15T00:43:33.000000Z,BTCUSDT,futures,10009.5,10009.5,10009.5,10009.5,1.0,10009.5,1,0.5,0.5,5004.75,5004.75,1.0,2026-06-15T00:43:33.000000Z,2026-06-15T00:43:33.000000Z,2613,2613
2026-06-15T00:43:34.000000Z,BTCUSDT,futures,10010.0,10010.0,10010.0,10010.0,1.0,10010.0,1,0.5,0.5,5005.0,5005.0,1.0,2026-06-15T00:43:34.000000Z,2026-06-15T00:43:34.000000Z,2614,2614
2026-06-15T00:43:35.000000Z,BTCUSDT,futures,10010.5,10010.5,10010.5,10010.5,1.0,10010.5,1,0.5,0.5,5005.25,5005.25,1.0,2026-06-15T00:43:35.000000Z,2026-06-15T00:43:35.000000Z,2615,2615
2026-06-15T00:43:36.000000Z,BTCUSDT,futures,10009.5,10009.5,10009.5,10009.5,1.0,10009.5,1,0.5,0.5,5004.75,5004.75,1.0,2026-06-15T00:43:36.000000Z,2026-06-15T00:43:36.000000Z,2616,2616
2026-06-15T00:43:37.000000Z,BTCUSDT,futures,10010.0,10010.0,10010.0,10010.0,1.0,10010.0,1,0.5,0.5,5005.0,5005.0,1.0,2026-06-15T00:43:37.000000Z,2026-06-15T00:43:37.000000Z,2617,2617
2026-06-15T00:43:38.000000Z,BTCUSDT,futures,10010.5,10010.5,10010.5,10010.5,1.0,10010.5,1,0.5,0.5,5005.25,5005.25,1.0,2026-06-15T00:43:38.000000Z,2026-06-15T00:43:38.000000Z,2618,2618
2026-06-15T00:43:39.000000Z,BTCUSDT,futures,10009.5,10009.5,10009.5,10009.5,1.0,10009.5,1,0.5,0.5,5004.75,5004.75,1.0,2026-06-15T00:43:39.000000Z,2026-06-15T00:43:39.000000Z,2619,2619
2026-06-15T00:43:40.000000Z,BTCUSDT,futures,10010.0,10010.0,10010.0,10010.0,1.0,10010.0,1,0.5,0.5,5005.0,5005.0,1.0,2026-06-15T00:43:40.000000Z,2026-06-15T00:43:40.000000Z,2620,2620
2026-06-15T00:43:41.000000Z,BTCUSDT,futures,10010.5,10010.5,10010.5,10010.5,1.0,10010.5,1,0.5,0.5,5005.25,5005.25,1.0,2026-06-15T00:43:41.000000Z,2026-06-15T00:43:41.000000Z,2621,2621
2026-06-15T00:43:42.000000Z,BTCUSDT,futures,10009.5,10009.5,10009.5,10009.5,1.0,10009.5,1,0.5,0.5,5004.75,5004.75,1.0,2026-06-15T00:43:42.000000Z,2026-06-15T00:43:42.000000Z,2622,2622
2026-06-15T00:43:43.000000Z,BTCUSDT,futures,10010.0,10010.0,10010.0,10010.0,1.0,10010.0,1,0.5,0.5,5005.0,5005.0,1.0,2026-06-15T00:43:43.000000Z,2026-06-15T00:43:43.000000Z,2623,2623
2026-06-15T00:43:44.000000Z,BTCUSDT,futures,10010.5,10010.5,10010.5,10010.5,1.0,10010.5,1,0.5,0.5,5005.25,5005.25,1.0,2026-06-15T00:43:44.000000Z,2026-06-15T00:43:44.000000Z,2624,2624
2026-06-15T00:43:45.000000Z,BTCUSDT,futures,10009.5,10009.5,10009.5,10009.5,1.0,10009.5,1,0.5,0.5,5004.75,5004.75,1.0,2026-06-15T00:43:45.000000Z,2026-06-15T00:43:45.000000Z,2625,2625
2026-06-15T00:43:46.000000Z,BTCUSDT,futures,10010.0,10010.0,10010.0,10010.0,1.0,10010.0,1,0.5,0.5,5005.0,5005.0,1.0,2026-06-15T00:43:46.000000Z,2026-06-15T00:43:46.000000Z,2626,2626
2026-06-15T00:43:47.000000Z,BTCUSDT,futures,10010.5,10010.5,10010.5,10010.5,1.0,10010.5,1,0.5,0.5,5005.25,5005.25,1.0,2026-06-15T00:43:47.000000Z,2026-06-15T00:43:47.000000Z,2627,2627
2026-06-15T00:43:48.000000Z,BTCUSDT,futures,10009.5,10009.5,10009.5,10009.5,1.0,10009.5,1,0.5,0.5,5004.75,5004.75,1.0,2026-06-15T00:43:48.000000Z,2026-06-15T00:43:48.000000Z,2628,2628
2026-06-15T00:43:49.000000Z,BTCUSDT,futures,10010.0,10010.0,10010.0,10010.0,1.0,10010.0,1,0.5,0.5,5005.0,5005.0,1.0,2026-06-15T00:43:49.000000Z,2026-06-15T00:43:49.000000Z,2629,2629
2026-06-15T00:43:50.000000Z,BTCUSDT,futures,10010.5,10010.5,10010.5,10010.5,1.0,10010.5,1,0.5,0.5,5005.25,5005.25,1.0,2026-06-15T00:43:50.000000Z,2026-06-15T00:43:50.000000Z,2630,2630
2026-06-15T00:43:51.000000Z,BTCUSDT,futures,10009.5,10009.5,10009.5,10009.5,1.0,10009.5,1,0.5,0.5,5004.75,5004.75,1.0,2026-06-15T00:43:51.000000Z,2026-06-15T00:43:51.000000Z,2631,2631
2026-06-15T00:43:52.000000Z,BTCUSDT,futures,10010.0,10010.0,10010.0,10010.0,1.0,10010.0,1,0.5,0.5,5005.0,5005.0,1.0,2026-06-15T00:43:52.000000Z,2026-06-15T00:43:52.000000Z,2632,2632
2026-06-15T00:43:53.000000Z,BTCUSDT,futures,10010.5,10010.5,10010.5,10010.5,1.0,10010.5,1,0.5,0.5,5005.25,5005.25,1.0,2026-06-15T00:43:53.000000Z,2026-06-15T00:43:53.000000Z,2633,2633
2026-06-15T00:43:54.000000Z,BTCUSDT,futures,10009.5,10009.5,10009.5,10009.5,1.0,10009.5,1,0.5,0.5,5004.75,5004.75,1.0,2026-06-15T00:43:54.000000Z,2026-06-15T00:43:54.000000Z,2634,2634
2026-06-15T00:43:55.000000Z,BTCUSDT,futures,10010.0,10010.0,10010.0,10010.0,1.0,10010.0,1,0.5,0.5,5005.0,5005.0,1.0,2026-06-15T00:43:55.000000Z,2026-06-15T00:43:55.000000Z,2635,2635
2026-06-15T00:43:56.000000Z,BTCUSDT,futures,10010.5,10010.5,10010.5,10010.5,1.0,10010.5,1,0.5,0.5,5005.25,5005.25,1.0,2026-06-15T00:43:56.000000Z,2026-06-15T00:43:56.000000Z,2636,2636
2026-06-15T00:43:57.000000Z,BTCUSDT,futures,10009.5,10009.5,10009.5,10009.5,1.0,10009.5,1,0.5,0.5,5004.75,5004.75,1.0,2026-06-15T00:43:57.000000Z,2026-06-15T00:43:57.000000Z,2637,2637
2026-06-15T00:43:58.000000Z,BTCUSDT,futures,10010.0,10010.0,10010.0,10010.0,1.0,10010.0,1,0.5,0.5,5005.0,5005.0,1.0,2026-06-15T00:43:58.000000Z,2026-06-15T00:43:58.000000Z,2638,2638
2026-06-15T00:43:59.000000Z,BTCUSDT,futures,10010.5,10010.5,10010.5,10010.5,1.0,10010.5,1,0.5,0.5,5005.25,5005.25,1.0,2026-06-15T00:43:59.000000Z,2026-06-15T00:43:59.000000Z,2639,2639
2026-06-15T00:44:00.000000Z,BTCUSDT,futures,10009.5,10009.5,10009.5,10009.5,1.0,10009.5,1,0.5,0.5,5004.75,5004.75,1.0,2026-06-15T00:44:00.000000Z,2026-06-15T00:44:00.000000Z,2640,2640
2026-06-15T00:44:01.000000Z,BTCUSDT,futures,10010.0,10010.0,10010.0,10010.0,1.0,10010.0,1,0.5,0.5,5005.0,5005.0,1.0,2026-06-15T00:44:01.000000Z,2026-06-15T00:44:01.000000Z,2641,2641
2026-06-15T00:44:02.000000Z,BTCUSDT,futures,10010.5,10010.5,10010.5,10010.5,1.0,10010.5,1,0.5,0.5,5005.25,5005.25,1.0,2026-06-15T00:44:02.000000Z,2026-06-15T00:44:02.000000Z,2642,2642
2026-06-15T00:44:03.000000Z,BTCUSDT,futures,10009.5,10009.5,10009.5,10009.5,1.0,10009.5,1,0.5,0.5,5004.75,5004.75,1.0,2026-06-15T00:44:03.000000Z,2026-06-15T00:44:03.000000Z,2643,2643
2026-06-15T00:44:04.000000Z,BTCUSDT,futures,10010.0,10010.0,10010.0,10010.0,1.0,10010.0,1,0.5,0.5,5005.0,5005.0,1.0,2026-06-15T00:44:04.000000Z,2026-06-15T00:44:04.000000Z,2644,2644
2026-06-15T00:44:05.000000Z,BTCUSDT,futures,10010.5,10010.5,10010.5,10010.5,1.0,10010.5,1,0.5,0.5,5005.25,5005.25,1.0,2026-06-15T00:44:05.000000Z,2026-06-15T00:44:05.000000Z,2645,2645
2026-06-15T00:44:06.000000Z,BTCUSDT,futures,10009.5,10009.5,10009.5,10009.5,1.0,10009.5,1,0.5,0.5,5004.75,5004.75,1.0,2026-06-15T00:44:06.000000Z,2026-06-15T00:44:06.000000Z,2646,2646
2026-06-15T00:44:07.000000Z,BTCUSDT,futures,10010.0,10010.0,10010.0,10010.0,1.0,10010.0,1,0.5,0.5,5005.0,5005.0,1.0,2026-06-15T00:44:07.000000Z,2026-06-15T00:44:07.000000Z,2647,2647
2026-06-15T00:44:08.000000Z,BTCUSDT,futures,10010.5,10010.5,10010.5,10010.5,1.0,10010.5,1,0.5,0.5,5005.25,5005.25,1.0,2026-06-15T00:44:08.000000Z,2026-06-15T00:44:08.000000Z,2648,2648
2026-06-15T00:44:09.000000Z,BTCUSDT,futures,10009.5,10009.5,10009.5,10009.5,1.0,10009.5,1,0.5,0.5,5004.75,5004.75,1.0,2026-06-15T00:44:09.000000Z,2026-06-15T00:44:09.000000Z,2649,2649
2026-06-15T00:44:10.000000Z,BTCUSDT,futures,10010.0,10010.0,10010.0,10010.0,1.0,10010.0,1,0.5,0.5,5005.0,5005.0,1.0,2026-06-15T00:44:10.000000Z,2026-06-15T00:44:10.000000Z,2650,2650
2026-06-15T00:44:11.000000Z,BTCUSDT,futures,10010.5,10010.5,10010.5,10010.5,1.0,10010.5,1,0.5,0.5,5005.25,5005.25,1.0,2026-06-15T00:44:11.000000Z,2026-06-15T00:44:11.000000Z,2651,2651
2026-06-15T00:44:12.000000Z,BTCUSDT,futures,10009.5,10009.5,10009.5,10009.5,1.0,10009.5,1,0.5,0.5,5004.75,5004.75,1.0,2026-06-15T00:44:12.000000Z,2026-06-15T00:44:12.000000Z,2652,2652
2026-06-15T00:44:13.000000Z,BTCUSDT,futures,10010.0,10010.0,10010.0,10010.0,1.0,10010.0,1,0.5,0.5,5005.0,5005.0,1.0,2026-06-15T00:44:13.000000Z,2026-06-15T00:44:13.000000Z,2653,2653
2026-06-15T00:44:14.000000Z,BTCUSDT,futures,10010.5,10010.5,10010.5,10010.5,1.0,10010.5,1,0.5,0.5,5005.25,5005.25,1.0,2026-06-15T00:44:14.000000Z,2026-06-15T00:44:14.000000Z,2654,2654
2026-06-15T00:44:15.000000Z,BTCUSDT,futures,10009.5,10009.5,10009.5,10009.5,1.0,10009.5,1,0.5,0.5,5004.75,5004.75,1.0,2026-06-15T00:44:15.000000Z,2026-06-15T00:44:15.000000Z,2655,2655
2026-06-15T00:44:16.000000Z,BTCUSDT,futures,10010.0,10010.0,10010.0,10010.0,1.0,10010.0,1,0.5,0.5,5005.0,5005.0,1.0,2026-06-15T00:44:16.000000Z,2026-06-15T00:44:16.000000Z,2656,2656
2026-06-15T00:44:17.000000Z,BTCUSDT,futures,10010.5,10010.5,10010.5,10010.5,1.0,10010.5,1,0.5,0.5,5005.25,5005.25,1.0,2026-06-15T00:44:17.000000Z,2026-06-15T00:44:17.000000Z,2657,2657
2026-06-15T00:44:18.000000Z,BTCUSDT,futures,10009.5,10009.5,10009.5,10009.5,1.0,10009.5,1,0.5,0.5,5004.75,5004.75,1.0,2026-06-15T00:44:18.000000Z,2026-06-15T00:44:18.000000Z,2658,2658
2026-06-15T00:44:19.000000Z,BTCUSDT,futures,10010.0,10010.0,10010.0,10010.0,1.0,10010.0,1,0.5,0.5,5005.0,5005.0,1.0,2026-06-15T00:44:19.000000Z,2026-06-15T00:44:19.000000Z,2659,2659
2026-06-15T00:44:20.000000Z,BTCUSDT,futures,10010.5,10010.5,10010.5,10010.5,1.0,10010.5,1,0.5,0.5,5005.25,5005.25,1.0,2026-06-15T00:44:20.000000Z,2026-06-15T00:44:20.000000Z,2660,2660
2026-06-15T00:44:21.000000Z,BTCUSDT,futures,10009.5,10009.5,10009.5,10009.5,1.0,10009.5,1,0.5,0.5,5004.75,5004.75,1.0,2026-06-15T00:44:21.000000Z,2026-06-15T00:44:21.000000Z,2661,2661
2026-06-15T00:44:22.000000Z,BTCUSDT,futures,10010.0,10010.0,10010.0,10010.0,1.0,10010.0,1,0.5,0.5,5005.0,5005.0,1.0,2026-06-15T00:44:22.000000Z,2026-06-15T00:44:22.000000Z,2662,2662
2026-06-15T00:44:23.000000Z,BTCUSDT,futures,10010.5,10010.5,10010.5,10010.5,1.0,10010.5,1,0.5,0.5,5005.25,5005.25,1.0,2026-06-15T00:44:23.000000Z,2026-06-15T00:44:23.000000Z,2663,2663
2026-06-15T00:44:24.000000Z,BTCUSDT,futures,10009.5,10009.5,10009.5,10009.5,1.0,10009.5,1,0.5,0.5,5004.75,5004.75,1.0,2026-06-15T00:44:24.000000Z,2026-06-15T00:44:24.000000Z,2664,2664
2026-06-15T00:44:25.000000Z,BTCUSDT,futures,10010.0,10010.0,10010.0,10010.0,1.0,10010.0,1,0.5,0.5,5005.0,5005.0,1.0,2026-06-15T00:44:25.000000Z,2026-06-15T00:44:25.000000Z,2665,2665
2026-06-15T00:44:26.000000Z,BTCUSDT,futures,10010.5,10010.5,10010.5,10010.5,1.0,10010.5,1,0.5,0.5,5005.25,5005.25,1.0,2026-06-15T00:44:26.000000Z,2026-06-15T00:44:26.000000Z,2666,2666
2026-06-15T00:44:27.000000Z,BTCUSDT,futures,10009.5,10009.5,10009.5,10009.5,1.0,10009.5,1,0.5,0.5,5004.75,5004.75,1.0,2026-06-15T00:44:27.000000Z,2026-06-15T00:44:27.000000Z,2667,2667
2026-06-15T00:44:28.000000Z,BTCUSDT,futures,10010.0,10010.0,10010.0,10010.0,1.0,10010.0,1,0.5,0.5,5005.0,5005.0,1.0,2026-06-15T00:44:28.000000Z,2026-06-15T00:44:28.000000Z,2668,2668
2026-06-15T00:44:29.000000Z,BTCUSDT,futures,10010.5,10010.5,10010.5,10010.5,1.0,10010.5,1,0.5,0.5,5005.25,5005.25,1.0,2026-06-15T00:44:29.000000Z,2026-06-15T00:44:29.000000Z,2669,2669
2026-06-15T00:44:30.000000Z,BTCUSDT,futures,10009.5,10009.5,10009.5,10009.5,1.0,10009.5,1,0.5,0.5,5004.75,5004.75,1.0,2026-06-15T00:44:30.000000Z,2026-06-15T00:44:30.000000Z,2670,2670
2026-06-15T00:44:31.000000Z,BTCUSDT,futures,10010.0,10010.0,10010.0,10010.0,1.0,10010.0,1,0.5,0.5,5005.0,5005.0,1.0,2026-06-15T00:44:31.000000Z,2026-06-15T00:44:31.000000Z,2671,2671
2026-06-15T00:44:32.000000Z,BTCUSDT,futures,10010.5,10010.5,10010.5,10010.5,1.0,10010.5,1,0.5,0.5,5005.25,5005.25,1.0,2026-06-15T00:44:32.000000Z,2026-06-15T00:44:32.000000Z,2672,2672
2026-06-15T00:44:33.000000Z,BTCUSDT,futures,10009.5,10009.5,10009.5,10009.5,1.0,10009.5,1,0.5,0.5,5004.75,5004.75,1.0,2026-06-15T00:44:33.000000Z,2026-06-15T00:44:33.000000Z,2673,2673
2026-06-15T00:44:34.000000Z,BTCUSDT,futures,10010.0,10010.0,10010.0,10010.0,1.0,10010.0,1,0.5,0.5,5005.0,5005.0,1.0,2026-06-15T00:44:34.000000Z,2026-06-15T00:44:34.000000Z,2674,2674
2026-06-15T00:44:35.000000Z,BTCUSDT,futures,10010.5,10010.5,10010.5,10010.5,1.0,10010.5,1,0.5,0.5,5005.25,5005.25,1.0,2026-06-15T00:44:35.000000Z,2026-06-15T00:44:35.000000Z,2675,2675
2026-06-15T00:44:36.000000Z,BTCUSDT,futures,10009.5,10009.5,10009.5,10009.5,1.0,10009.5,1,0.5,0.5,5004.75,5004.75,1.0,2026-06-15T00:44:36.000000Z,2026-06-15T00:44:36.000000Z,2676,2676
2026-06-15T00:44:37.000000Z,BTCUSDT,futures,10010.0,10010.0,10010.0,10010.0,1.0,10010.0,1,0.5,0.5,5005.0,5005.0,1.0,2026-06-15T00:44:37.000000Z,2026-06-15T00:44:37.000000Z,2677,2677
2026-06-15T00:44:38.000000Z,BTCUSDT,futures,10010.5,10010.5,10010.5,10010.5,1.0,10010.5,1,0.5,0.5,5005.25,5005.25,1.0,2026-06-15T00:44:38.000000Z,2026-06-15T00:44:38.000000Z,2678,2678
2026-06-15T00:44:39.000000Z,BTCUSDT,futures,10009.5,10009.5,10009.5,10009.5,1.0,10009.5,1,0.5,0.5,5004.75,5004.75,1.0,2026-06-15T00:44:39.000000Z,2026-06-15T00:44:39.000000Z,2679,2679
2026-06-15T00:44:40.000000Z,BTCUSDT,futures,10010.0,10010.0,10010.0,10010.0,1.0,10010.0,1,0.5,0.5,5005.0,5005.0,1.0,2026-06-15T00:44:40.000000Z,2026-06-15T00:44:40.000000Z,2680,2680
2026-06-15T00:44:41.000000Z,BTCUSDT,futures,10010.5,10010.5,10010.5,10010.5,1.0,10010.5,1,0.5,0.5,5005.25,5005.25,1.0,2026-06-15T00:44:41.000000Z,2026-06-15T00:44:41.000000Z,2681,2681
2026-06-15T00:44:42.000000Z,BTCUSDT,futures,10009.5,10009.5,10009.5,10009.5,1.0,10009.5,1,0.5,0.5,5004.75,5004.75,1.0,2026-06-15T00:44:42.000000Z,2026-06-15T00:44:42.000000Z,2682,2682
2026-06-15T00:44:43.000000Z,BTCUSDT,futures,10010.0,10010.0,10010.0,10010.0,1.0,10010.0,1,0.5,0.5,5005.0,5005.0,1.0,2026-06-15T00:44:43.000000Z,2026-06-15T00:44:43.000000Z,2683,2683
2026-06-15T00:44:44.000000Z,BTCUSDT,futures,10010.5,10010.5,10010.5,10010.5,1.0,10010.5,1,0.5,0.5,5005.25,5005.25,1.0,2026-06-15T00:44:44.000000Z,2026-06-15T00:44:44.000000Z,2684,2684
2026-06-15T00:44:45.000000Z,BTCUSDT,futures,10009.5,10009.5,10009.5,10009.5,1.0,10009.5,1,0.5,0.5,5004.75,5004.75,1.0,2026-06-15T00:44:45.000000Z,2026-06-15T00:44:45.000000Z,2685,2685
2026-06-15T00:44:46.000000Z,BTCUSDT,futures,10010.0,10010.0,10010.0,10010.0,1.0,10010.0,1,0.5,0.5,5005.0,5005.0,1.0,2026-06-15T00:44:46.000000Z,2026-06-15T00:44:46.000000Z,2686,2686
2026-06-15T00:44:47.000000Z,BTCUSDT,futures,10010.5,10010.5,10010.5,10010.5,1.0,10010.5,1,0.5,0.5,5005.25,5005.25,1.0,2026-06-15T00:44:47.000000Z,2026-06-15T00:44:47.000000Z,2687,2687
2026-06-15T00:44:48.000000Z,BTCUSDT,futures,10009.5,10009.5,10009.5,10009.5,1.0,10009.5,1,0.5,0.5,5004.75,5004.75,1.0,2026-06-15T00:44:48.000000Z,2026-06-15T00:44:48.000000Z,2688,2688
2026-06-15T00:44:49.000000Z,BTCUSDT,futures,10010.0,10010.0,10010.0,10010.0,1.0,10010.0,1,0.5,0.5,5005.0,5005.0,1.0,2026-06-15T00:44:49.000000Z,2026-06-15T00:44:49.000000Z,2689,2689
2026-06-15T00:44:50.000000Z,BTCUSDT,futures,10010.5,10010.5,10010.5,10010.5,1.0,10010.5,1,0.5,0.5,5005.25,5005.25,1.0,2026-06-15T00:44:50.000000Z,2026-06-15T00:44:50.000000Z,2690,2690
2026-06-15T00:44:51.000000Z,BTCUSDT,futures,10009.5,10009.5,10009.5,10009.5,1.0,10009.5,1,0.5,0.5,5004.75,5004.75,1.0,2026-06-15T00:44:51.000000Z,2026-06-15T00:44:51.000000Z,2691,2691
2026-06-15T00:44:52.000000Z,BTCUSDT,futures,10010.0,10010.0,10010.0,10010.0,1.0,10010.0,1,0.5,0.5,5005.0,5005.0,1.0,2026-06-15T00:44:52.000000Z,2026-06-15T00:44:52.000000Z,2692,2692
2026-06-15T00:44:53.000000Z,BTCUSDT,futures,10010.5,10010.5,10010.5,10010.5,1.0,10010.5,1,0.5,0.5,5005.25,5005.25,1.0,2026-06-15T00:44:53.000000Z,2026-06-15T00:44:53.000000Z,2693,2693
2026-06-15T00:44:54.000000Z,BTCUSDT,futures,10009.5,10009.5,10009.5,10009.5,1.0,10009.5,1,0.5,0.5,5004.75,5004.75,1.0,2026-06-15T00:44:54.000000Z,2026-06-15T00:44:54.000000Z,2694,2694
2026-06-15T00:44:55.000000Z,BTCUSDT,futures,10010.0,10010.0,10010.0,10010.0,1.0,10010.0,1,0.5,0.5,5005.0,5005.0,1.0,2026-06-15T00:44:55.000000Z,2026-06-15T00:44:55.000000Z,2695,2695
2026-06-15T00:44:56.000000Z,BTCUSDT,futures,10010.5,10010.5,10010.5,10010.5,1.0,10010.5,1,0.5,0.5,5005.25,5005.25,1.0,2026-06-15T00:44:56.000000Z,2026-06-15T00:44:56.000000Z,2696,2696
2026-06-15T00:44:57.000000Z,BTCUSDT,futures,10009.5,10009.5,10009.5,10009.5,1.0,10009.5,1,0.5,0.5,5004.75,5004.75,1.0,2026-06-15T00:44:57.000000Z,2026-06-15T00:44:57.000000Z,2697,2697
2026-06-15T00:44:58.000000Z,BTCUSDT,futures,10010.0,10010.0,10010.0,10010.0,1.0,10010.0,1,0.5,0.5,5005.0,5005.0,1.0,2026-06-15T00:44:58.000000Z,2026-06-15T00:44:58.000000Z,2698,2698
2026-06-15T00:44:59.000000Z,BTCUSDT,futures,10010.5,10010.5,10010.5,10010.5,1.0,10010.5,1,0.5,0.5,5005.25,5005.25,1.0,2026-06-15T00:44:59.000000Z,2026-06-15T00:44:59.000000Z,2699,2699
2026-06-15T00:45:00.000000Z,BTCUSDT,futures,10009.5,10009.5,10009.5,10009.5,1.0,10009.5,1,0.5,0.5,5004.75,5004.75,1.0,2026-06-15T00:45:00.000000Z,2026-06-15T00:45:00.000000Z,2700,2700
2026-06-15T00:45:01.000000Z,BTCUSDT,futures,10010.0,10010.0,10010.0,10010.0,1.0,10010.0,1,0.5,0.5,5005.0,5005.0,1.0,2026-06-15T00:45:01.000000Z,2026-06-15T00:45:01.000000Z,2701,2701
2026-06-15T00:45:02.000000Z,BTCUSDT,futures,10010.5,10010.5,10010.5,10010.5,1.0,10010.5,1,0.5,0.5,5005.25,5005.25,1.0,2026-06-15T00:45:02.000000Z,2026-06-15T00:45:02.000000Z,2702,2702
2026-06-15T00:45:03.000000Z,BTCUSDT,futures,10009.5,10009.5,10009.5,10009.5,1.0,10009.5,1,0.5,0.5,5004.75,5004.75,1.0,2026-06-15T00:45:03.000000Z,2026-06-15T00:45:03.000000Z,2703,2703
2026-06-15T00:45:04.000000Z,BTCUSDT,futures,10010.0,10010.0,10010.0,10010.0,1.0,10010.0,1,0.5,0.5,5005.0,5005.0,1.0,2026-06-15T00:45:04.000000Z,2026-06-15T00:45:04.000000Z,2704,2704
2026-06-15T00:45:05.000000Z,BTCUSDT,futures,10010.5,10010.5,10010.5,10010.5,1.0,10010.5,1,0.5,0.5,5005.25,5005.25,1.0,2026-06-15T00:45:05.000000Z,2026-06-15T00:45:05.000000Z,2705,2705
2026-06-15T00:45:06.000000Z,BTCUSDT,futures,10009.5,10009.5,10009.5,10009.5,1.0,10009.5,1,0.5,0.5,5004.75,5004.75,1.0,2026-06-15T00:45:06.000000Z,2026-06-15T00:45:06.000000Z,2706,2706
2026-06-15T00:45:07.000000Z,BTCUSDT,futures,10010.0,10010.0,10010.0,10010.0,1.0,10010.0,1,0.5,0.5,5005.0,5005.0,1.0,2026-06-15T00:45:07.000000Z,2026-06-15T00:45:07.000000Z,2707,2707
2026-06-15T00:45:08.000000Z,BTCUSDT,futures,10010.5,10010.5,10010.5,10010.5,1.0,10010.5,1,0.5,0.5,5005.25,5005.25,1.0,2026-06-15T00:45:08.000000Z,2026-06-15T00:45:08.000000Z,2708,2708
2026-06-15T00:45:09.000000Z,BTCUSDT,futures,10009.5,10009.5,10009.5,10009.5,1.0,10009.5,1,0.5,0.5,5004.75,5004.75,1.0,2026-06-15T00:45:09.000000Z,2026-06-15T00:45:09.000000Z,2709,2709
2026-06-15T00:45:10.000000Z,BTCUSDT,futures,10010.0,10010.0,10010.0,10010.0,1.0,10010.0,1,0.5,0.5,5005.0,5005.0,1.0,2026-06-15T00:45:10.000000Z,2026-06-15T00:45:10.000000Z,2710,2710
2026-06-15T00:45:11.000000Z,BTCUSDT,futures,10010.5,10010.5,10010.5,10010.5,1.0,10010.5,1,0.5,0.5,5005.25,5005.25,1.0,2026-06-15T00:45:11.000000Z,2026-06-15T00:45:11.000000Z,2711,2711
2026-06-15T00:45:12.000000Z,BTCUSDT,futures,10009.5,10009.5,10009.5,10009.5,1.0,10009.5,1,0.5,0.5,5004.75,5004.75,1.0,2026-06-15T00:45:12.000000Z,2026-06-15T00:45:12.000000Z,2712,2712
2026-06-15T00:45:13.000000Z,BTCUSDT,futures,10010.0,10010.0,10010.0,10010.0,1.0,10010.0,1,0.5,0.5,5005.0,5005.0,1.0,2026-06-15T00:45:13.000000Z,2026-06-15T00:45:13.000000Z,2713,2713
2026-06-15T00:45:14.000000Z,BTCUSDT,futures,10010.5,10010.5,10010.5,10010.5,1.0,10010.5,1,0.5,0.5,5005.25,5005.25,1.0,2026-06-15T00:45:14.000000Z,2026-06-15T00:45:14.000000Z,2714,2714
2026-06-15T00:45:15.000000Z,BTCUSDT,futures,10009.5,10009.5,10009.5,10009.5,1.0,10009.5,1,0.5,0.5,5004.75,5004.75,1.0,2026-06-15T00:45:15.000000Z,2026-06-15T00:45:15.000000Z,2715,2715
2026-06-15T00:45:16.000000Z,BTCUSDT,futures,10010.0,10010.0,10010.0,10010.0,1.0,10010.0,1,0.5,0.5,5005.0,5005.0,1.0,2026-06-15T00:45:16.000000Z,2026-06-15T00:45:16.000000Z,2716,2716
2026-06-15T00:45:17.000000Z,BTCUSDT,futures,10010.5,10010.5,10010.5,10010.5,1.0,10010.5,1,0.5,0.5,5005.25,5005.25,1.0,2026-06-15T00:45:17.000000Z,2026-06-15T00:45:17.000000Z,2717,2717
2026-06-15T00:45:18.000000Z,BTCUSDT,futures,10009.5,10009.5,10009.5,10009.5,1.0,10009.5,1,0.5,0.5,5004.75,5004.75,1.0,2026-06-15T00:45:18.000000Z,2026-06-15T00:45:18.000000Z,2718,2718
2026-06-15T00:45:19.000000Z,BTCUSDT,futures,10010.0,10010.0,10010.0,10010.0,1.0,10010.0,1,0.5,0.5,5005.0,5005.0,1.0,2026-06-15T00:45:19.000000Z,2026-06-15T00:45:19.000000Z,2719,2719
2026-06-15T00:45:20.000000Z,BTCUSDT,futures,10010.5,10010.5,10010.5,10010.5,1.0,10010.5,1,0.5,0.5,5005.25,5005.25,1.0,2026-06-15T00:45:20.000000Z,2026-06-15T00:45:20.000000Z,2720,2720
2026-06-15T00:45:21.000000Z,BTCUSDT,futures,10009.5,10009.5,10009.5,10009.5,1.0,10009.5,1,0.5,0.5,5004.75,5004.75,1.0,2026-06-15T00:45:21.000000Z,2026-06-15T00:45:21.000000Z,2721,2721
2026-06-15T00:45:22.000000Z,BTCUSDT,futures,10010.0,10010.0,10010.0,10010.0,1.0,10010.0,1,0.5,0.5,5005.0,5005.0,1.0,2026-06-15T00:45:22.000000Z,2026-06-15T00:45:22.000000Z,2722,2722
2026-06-15T00:45:23.000000Z,BTCUSDT,futures,10010.5,10010.5,10010.5,10010.5,1.0,10010.5,1,0.5,0.5,5005.25,5005.25,1.0,2026-06-15T00:45:23.000000Z,2026-06-15T00:45:23.000000Z,2723,2723
2026-06-15T00:45:24.000000Z,BTCUSDT,futures,10009.5,10009.5,10009.5,10009.5,1.0,10009.5,1,0.5,0.5,5004.75,5004.75,1.0,2026-06-15T00:45:24.000000Z,2026-06-15T00:45:24.000000Z,2724,2724
2026-06-15T00:45:25.000000Z,BTCUSDT,futures,10010.0,10010.0,10010.0,10010.0,1.0,10010.0,1,0.5,0.5,5005.0,5005.0,1.0,2026-06-15T00:45:25.000000Z,2026-06-15T00:45:25.000000Z,2725,2725
2026-06-15T00:45:26.000000Z,BTCUSDT,futures,10010.5,10010.5,10010.5,10010.5,1.0,10010.5,1,0.5,0.5,5005.25,5005.25,1.0,2026-06-15T00:45:26.000000Z,2026-06-15T00:45:26.000000Z,2726,2726
2026-06-15T00:45:27.000000Z,BTCUSDT,futures,10009.5,10009.5,10009.5,10009.5,1.0,10009.5,1,0.5,0.5,5004.75,5004.75,1.0,2026-06-15T00:45:27.000000Z,2026-06-15T00:45:27.000000Z,2727,2727
2026-06-15T00:45:28.000000Z,BTCUSDT,futures,10010.0,10010.0,10010.0,10010.0,1.0,10010.0,1,0.5,0.5,5005.0,5005.0,1.0,2026-06-15T00:45:28.000000Z,2026-06-15T00:45:28.000000Z,2728,2728
2026-06-15T00:45:29.000000Z,BTCUSDT,futures,10010.5,10010.5,10010.5,10010.5,1.0,10010.5,1,0.5,0.5,5005.25,5005.25,1.0,2026-06-15T00:45:29.000000Z,2026-06-15T00:45:29.000000Z,2729,2729
2026-06-15T00:45:30.000000Z,BTCUSDT,futures,10009.5,10009.5,10009.5,10009.5,1.0,10009.5,1,0.5,0.5,5004.75,5004.75,1.0,2026-06-15T00:45:30.000000Z,2026-06-15T00:45:30.000000Z,2730,2730
2026-06-15T00:45:31.000000Z,BTCUSDT,futures,10010.0,10010.0,10010.0,10010.0,1.0,10010.0,1,0.5,0.5,5005.0,5005.0,1.0,2026-06-15T00:45:31.000000Z,2026-06-15T00:45:31.000000Z,2731,2731
2026-06-15T00:45:32.000000Z,BTCUSDT,futures,10010.5,10010.5,10010.5,10010.5,1.0,10010.5,1,0.5,0.5,5005.25,5005.25,1.0,2026-06-15T00:45:32.000000Z,2026-06-15T00:45:32.000000Z,2732,2732
2026-06-15T00:45:33.000000Z,BTCUSDT,futures,10009.5,10009.5,10009.5,10009.5,1.0,10009.5,1,0.5,0.5,5004.75,5004.75,1.0,2026-06-15T00:45:33.000000Z,2026-06-15T00:45:33.000000Z,2733,2733
2026-06-15T00:45:34.000000Z,BTCUSDT,futures,10010.0,10010.0,10010.0,10010.0,1.0,10010.0,1,0.5,0.5,5005.0,5005.0,1.0,2026-06-15T00:45:34.000000Z,2026-06-15T00:45:34.000000Z,2734,2734
2026-06-15T00:45:35.000000Z,BTCUSDT,futures,10010.5,10010.5,10010.5,10010.5,1.0,10010.5,1,0.5,0.5,5005.25,5005.25,1.0,2026-06-15T00:45:35.000000Z,2026-06-15T00:45:35.000000Z,2735,2735
2026-06-15T00:45:36.000000Z,BTCUSDT,futures,10009.5,10009.5,10009.5,10009.5,1.0,10009.5,1,0.5,0.5,5004.75,5004.75,1.0,2026-06-15T00:45:36.000000Z,2026-06-15T00:45:36.000000Z,2736,2736
2026-06-15T00:45:37.000000Z,BTCUSDT,futures,10010.0,10010.0,10010.0,10010.0,1.0,10010.0,1,0.5,0.5,5005.0,5005.0,1.0,2026-06-15T00:45:37.000000Z,2026-06-15T00:45:37.000000Z,2737,2737
2026-06-15T00:45:38.000000Z,BTCUSDT,futures,10010.5,10010.5,10010.5,10010.5,1.0,10010.5,1,0.5,0.5,5005.25,5005.25,1.0,2026-06-15T00:45:38.000000Z,2026-06-15T00:45:38.000000Z,2738,2738
2026-06-15T00:45:39.000000Z,BTCUSDT,futures,10009.5,10009.5,10009.5,10009.5,1.0,10009.5,1,0.5,0.5,5004.75,5004.75,1.0,2026-06-15T00:45:39.000000Z,2026-06-15T00:45:39.000000Z,2739,2739
2026-06-15T00:45:40.000000Z,BTCUSDT,futures,10010.0,10010.0,10010.0,10010.0,1.0,10010.0,1,0.5,0.5,5005.0,5005.0,1.0,2026-06-15T00:45:40.000000Z,2026-06-15T00:45:40.000000Z,2740,2740
2026-06-15T00:45:41.000000Z,BTCUSDT,futures,10010.5,10010.5,10010.5,10010.5,1.0,10010.5,1,0.5,0.5,5005.25,5005.25,1.0,2026-06-15T00:45:41.000000Z,2026-06-15T00:45:41.000000Z,2741,2741
2026-06-15T00:45:42.000000Z,BTCUSDT,futures,10009.5,10009.5,10009.5,10009.5,1.0,10009.5,1,0.5,0.5,5004.75,5004.75,1.0,2026-06-15T00:45:42.000000Z,2026-06-15T00:45:42.000000Z,2742,2742
2026-06-15T00:45:43.000000Z,BTCUSDT,futures,10010.0,10010.0,10010.0,10010.0,1.0,10010.0,1,0.5,0.5,5005.0,5005.0,1.0,2026-06-15T00:45:43.000000Z,2026-06-15T00:45:43.000000Z,2743,2743
2026-06-15T00:45:44.000000Z,BTCUSDT,futures,10010.5,10010.5,10010.5,10010.5,1.0,10010.5,1,0.5,0.5,5005.25,5005.25,1.0,2026-06-15T00:45:44.000000Z,2026-06-15T00:45:44.000000Z,2744,2744
2026-06-15T00:45:45.000000Z,BTCUSDT,futures,10009.5,10009.5,10009.5,10009.5,1.0,10009.5,1,0.5,0.5,5004.75,5004.75,1.0,2026-06-15T00:45:45.000000Z,2026-06-15T00:45:45.000000Z,2745,2745
2026-06-15T00:45:46.000000Z,BTCUSDT,futures,10010.0,10010.0,10010.0,10010.0,1.0,10010.0,1,0.5,0.5,5005.0,5005.0,1.0,2026-06-15T00:45:46.000000Z,2026-06-15T00:45:46.000000Z,2746,2746
2026-06-15T00:45:47.000000Z,BTCUSDT,futures,10010.5,10010.5,10010.5,10010.5,1.0,10010.5,1,0.5,0.5,5005.25,5005.25,1.0,2026-06-15T00:45:47.000000Z,2026-06-15T00:45:47.000000Z,2747,2747
2026-06-15T00:45:48.000000Z,BTCUSDT,futures,10009.5,10009.5,10009.5,10009.5,1.0,10009.5,1,0.5,0.5,5004.75,5004.75,1.0,2026-06-15T00:45:48.000000Z,2026-06-15T00:45:48.000000Z,2748,2748
2026-06-15T00:45:49.000000Z,BTCUSDT,futures,10010.0,10010.0,10010.0,10010.0,1.0,10010.0,1,0.5,0.5,5005.0,5005.0,1.0,2026-06-15T00:45:49.000000Z,2026-06-15T00:45:49.000000Z,2749,2749
2026-06-15T00:45:50.000000Z,BTCUSDT,futures,10010.5,10010.5,10010.5,10010.5,1.0,10010.5,1,0.5,0.5,5005.25,5005.25,1.0,2026-06-15T00:45:50.000000Z,2026-06-15T00:45:50.000000Z,2750,2750
2026-06-15T00:45:51.000000Z,BTCUSDT,futures,10009.5,10009.5,10009.5,10009.5,1.0,10009.5,1,0.5,0.5,5004.75,5004.75,1.0,2026-06-15T00:45:51.000000Z,2026-06-15T00:45:51.000000Z,2751,2751
2026-06-15T00:45:52.000000Z,BTCUSDT,futures,10010.0,10010.0,10010.0,10010.0,1.0,10010.0,1,0.5,0.5,5005.0,5005.0,1.0,2026-06-15T00:45:52.000000Z,2026-06-15T00:45:52.000000Z,2752,2752
2026-06-15T00:45:53.000000Z,BTCUSDT,futures,10010.5,10010.5,10010.5,10010.5,1.0,10010.5,1,0.5,0.5,5005.25,5005.25,1.0,2026-06-15T00:45:53.000000Z,2026-06-15T00:45:53.000000Z,2753,2753
2026-06-15T00:45:54.000000Z,BTCUSDT,futures,10009.5,10009.5,10009.5,10009.5,1.0,10009.5,1,0.5,0.5,5004.75,5004.75,1.0,2026-06-15T00:45:54.000000Z,2026-06-15T00:45:54.000000Z,2754,2754
2026-06-15T00:45:55.000000Z,BTCUSDT,futures,10010.0,10010.0,10010.0,10010.0,1.0,10010.0,1,0.5,0.5,5005.0,5005.0,1.0,2026-06-15T00:45:55.000000Z,2026-06-15T00:45:55.000000Z,2755,2755
2026-06-15T00:45:56.000000Z,BTCUSDT,futures,10010.5,10010.5,10010.5,10010.5,1.0,10010.5,1,0.5,0.5,5005.25,5005.25,1.0,2026-06-15T00:45:56.000000Z,2026-06-15T00:45:56.000000Z,2756,2756
2026-06-15T00:45:57.000000Z,BTCUSDT,futures,10009.5,10009.5,10009.5,10009.5,1.0,10009.5,1,0.5,0.5,5004.75,5004.75,1.0,2026-06-15T00:45:57.000000Z,2026-06-15T00:45:57.000000Z,2757,2757
2026-06-15T00:45:58.000000Z,BTCUSDT,futures,10010.0,10010.0,10010.0,10010.0,1.0,10010.0,1,0.5,0.5,5005.0,5005.0,1.0,2026-06-15T00:45:58.000000Z,2026-06-15T00:45:58.000000Z,2758,2758
2026-06-15T00:45:59.000000Z,BTCUSDT,futures,10010.5,10010.5,10010.5,10010.5,1.0,10010.5,1,0.5,0.5,5005.25,5005.25,1.0,2026-06-15T00:45:59.000000Z,2026-06-15T00:45:59.000000Z,2759,2759
2026-06-15T00:46:00.000000Z,BTCUSDT,futures,10009.5,10009.5,10009.5,10009.5,1.0,10009.5,1,0.5,0.5,5004.75,5004.75,1.0,2026-06-15T00:46:00.000000Z,2026-06-15T00:46:00.000000Z,2760,2760
2026-06-15T00:46:01.000000Z,BTCUSDT,futures,10010.0,10010.0,10010.0,10010.0,1.0,10010.0,1,0.5,0.5,5005.0,5005.0,1.0,2026-06-15T00:46:01.000000Z,2026-06-15T00:46:01.000000Z,2761,2761
2026-06-15T00:46:02.000000Z,BTCUSDT,futures,10010.5,10010.5,10010.5,10010.5,1.0,10010.5,1,0.5,0.5,5005.25,5005.25,1.0,2026-06-15T00:46:02.000000Z,2026-06-15T00:46:02.000000Z,2762,2762
2026-06-15T00:46:03.000000Z,BTCUSDT,futures,10009.5,10009.5,10009.5,10009.5,1.0,10009.5,1,0.5,0.5,5004.75,5004.75,1.0,2026-06-15T00:46:03.000000Z,2026-06-15T00:46:03.000000Z,2763,2763
2026-06-15T00:46:04.000000Z,BTCUSDT,futures,10010.0,10010.0,10010.0,10010.0,1.0,10010.0,1,0.5,0.5,5005.0,5005.0,1.0,2026-06-15T00:46:04.000000Z,2026-06-15T00:46:04.000000Z,2764,2764
2026-06-15T00:46:05.000000Z,BTCUSDT,futures,10010.5,10010.5,10010.5,10010.5,1.0,10010.5,1,0.5,0.5,5005.25,5005.25,1.0,2026-06-15T00:46:05.000000Z,2026-06-15T00:46:05.000000Z,2765,2765
2026-06-15T00:46:06.000000Z,BTCUSDT,futures,10009.5,10009.5,10009.5,10009.5,1.0,10009.5,1,0.5,0.5,5004.75,5004.75,1.0,2026-06-15T00:46:06.000000Z,2026-06-15T00:46:06.000000Z,2766,2766
2026-06-15T00:46:07.000000Z,BTCUSDT,futures,10010.0,10010.0,10010.0,10010.0,1.0,10010.0,1,0.5,0.5,5005.0,5005.0,1.0,2026-06-15T00:46:07.000000Z,2026-06-15T00:46:07.000000Z,2767,2767
2026-06-15T00:46:08.000000Z,BTCUSDT,futures,10010.5,10010.5,10010.5,10010.5,1.0,10010.5,1,0.5,0.5,5005.25,5005.25,1.0,2026-06-15T00:46:08.000000Z,2026-06-15T00:46:08.000000Z,2768,2768
2026-06-15T00:46:09.000000Z,BTCUSDT,futures,10009.5,10009.5,10009.5,10009.5,1.0,10009.5,1,0.5,0.5,5004.75,5004.75,1.0,2026-06-15T00:46:09.000000Z,2026-06-15T00:46:09.000000Z,2769,2769
2026-06-15T00:46:10.000000Z,BTCUSDT,futures,10010.0,10010.0,10010.0,10010.0,1.0,10010.0,1,0.5,0.5,5005.0,5005.0,1.0,2026-06-15T00:46:10.000000Z,2026-06-15T00:46:10.000000Z,2770,2770
2026-06-15T00:46:11.000000Z,BTCUSDT,futures,10010.5,10010.5,10010.5,10010.5,1.0,10010.5,1,0.5,0.5,5005.25,5005.25,1.0,2026-06-15T00:46:11.000000Z,2026-06-15T00:46:11.000000Z,2771,2771
2026-06-15T00:46:12.000000Z,BTCUSDT,futures,10009.5,10009.5,10009.5,10009.5,1.0,10009.5,1,0.5,0.5,5004.75,5004.75,1.0,2026-06-15T00:46:12.000000Z,2026-06-15T00:46:12.000000Z,2772,2772
2026-06-15T00:46:13.000000Z,BTCUSDT,futures,10010.0,10010.0,10010.0,10010.0,1.0,10010.0,1,0.5,0.5,5005.0,5005.0,1.0,2026-06-15T00:46:13.000000Z,2026-06-15T00:46:13.000000Z,2773,2773
2026-06-15T00:46:14.000000Z,BTCUSDT,futures,10010.5,10010.5,10010.5,10010.5,1.0,10010.5,1,0.5,0.5,5005.25,5005.25,1.0,2026-06-15T00:46:14.000000Z,2026-06-15T00:46:14.000000Z,2774,2774
2026-06-15T00:46:15.000000Z,BTCUSDT,futures,10009.5,10009.5,10009.5,10009.5,1.0,10009.5,1,0.5,0.5,5004.75,5004.75,1.0,2026-06-15T00:46:15.000000Z,2026-06-15T00:46:15.000000Z,2775,2775
2026-06-15T00:46:16.000000Z,BTCUSDT,futures,10010.0,10010.0,10010.0,10010.0,1.0,10010.0,1,0.5,0.5,5005.0,5005.0,1.0,2026-06-15T00:46:16.000000Z,2026-06-15T00:46:16.000000Z,2776,2776
2026-06-15T00:46:17.000000Z,BTCUSDT,futures,10010.5,10010.5,10010.5,10010.5,1.0,10010.5,1,0.5,0.5,5005.25,5005.25,1.0,2026-06-15T00:46:17.000000Z,2026-06-15T00:46:17.000000Z,2777,2777
2026-06-15T00:46:18.000000Z,BTCUSDT,futures,10009.5,10009.5,10009.5,10009.5,1.0,10009.5,1,0.5,0.5,5004.75,5004.75,1.0,2026-06-15T00:46:18.000000Z,2026-06-15T00:46:18.000000Z,2778,2778
2026-06-15T00:46:19.000000Z,BTCUSDT,futures,10010.0,10010.0,10010.0,10010.0,1.0,10010.0,1,0.5,0.5,5005.0,5005.0,1.0,2026-06-15T00:46:19.000000Z,2026-06-15T00:46:19.000000Z,2779,2779
2026-06-15T00:46:20.000000Z,BTCUSDT,futures,10010.5,10010.5,10010.5,10010.5,1.0,10010.5,1,0.5,0.5,5005.25,5005.25,1.0,2026-06-15T00:46:20.000000Z,2026-06-15T00:46:20.000000Z,2780,2780
2026-06-15T00:46:21.000000Z,BTCUSDT,futures,10009.5,10009.5,10009.5,10009.5,1.0,10009.5,1,0.5,0.5,5004.75,5004.75,1.0,2026-06-15T00:46:21.000000Z,2026-06-15T00:46:21.000000Z,2781,2781
2026-06-15T00:46:22.000000Z,BTCUSDT,futures,10010.0,10010.0,10010.0,10010.0,1.0,10010.0,1,0.5,0.5,5005.0,5005.0,1.0,2026-06-15T00:46:22.000000Z,2026-06-15T00:46:22.000000Z,2782,2782
2026-06-15T00:46:23.000000Z,BTCUSDT,futures,10010.5,10010.5,10010.5,10010.5,1.0,10010.5,1,0.5,0.5,5005.25,5005.25,1.0,2026-06-15T00:46:23.000000Z,2026-06-15T00:46:23.000000Z,2783,2783
2026-06-15T00:46:24.000000Z,BTCUSDT,futures,10009.5,10009.5,10009.5,10009.5,1.0,10009.5,1,0.5,0.5,5004.75,5004.75,1.0,2026-06-15T00:46:24.000000Z,2026-06-15T00:46:24.000000Z,2784,2784
2026-06-15T00:46:25.000000Z,BTCUSDT,futures,10010.0,10010.0,10010.0,10010.0,1.0,10010.0,1,0.5,0.5,5005.0,5005.0,1.0,2026-06-15T00:46:25.000000Z,2026-06-15T00:46:25.000000Z,2785,2785
2026-06-15T00:46:26.000000Z,BTCUSDT,futures,10010.5,10010.5,10010.5,10010.5,1.0,10010.5,1,0.5,0.5,5005.25,5005.25,1.0,2026-06-15T00:46:26.000000Z,2026-06-15T00:46:26.000000Z,2786,2786
2026-06-15T00:46:27.000000Z,BTCUSDT,futures,10009.5,10009.5,10009.5,10009.5,1.0,10009.5,1,0.5,0.5,5004.75,5004.75,1.0,2026-06-15T00:46:27.000000Z,2026-06-15T00:46:27.000000Z,2787,2787
2026-06-15T00:46:28.000000Z,BTCUSDT,futures,10010.0,10010.0,10010.0,10010.0,1.0,10010.0,1,0.5,0.5,5005.0,5005.0,1.0,2026-06-15T00:46:28.000000Z,2026-06-15T00:46:28.000000Z,2788,2788
2026-06-15T00:46:29.000000Z,BTCUSDT,futures,10010.5,10010.5,10010.5,10010.5,1.0,10010.5,1,0.5,0.5,5005.25,5005.25,1.0,2026-06-15T00:46:29.000000Z,2026-06-15T00:46:29.000000Z,2789,2789
2026-06-15T00:46:30.000000Z,BTCUSDT,futures,10009.5,10009.5,10009.5,10009.5,1.0,10009.5,1,0.5,0.5,5004.75,5004.75,1.0,2026-06-15T00:46:30.000000Z,2026-06-15T00:46:30.000000Z,2790,2790
2026-06-15T00:46:31.000000Z,BTCUSDT,futures,10010.0,10010.0,10010.0,10010.0,1.0,10010.0,1,0.5,0.5,5005.0,5005.0,1.0,2026-06-15T00:46:31.000000Z,2026-06-15T00:46:31.000000Z,2791,2791
2026-06-15T00:46:32.000000Z,BTCUSDT,futures,10010.5,10010.5,10010.5,10010.5,1.0,10010.5,1,0.5,0.5,5005.25,5005.25,1.0,2026-06-15T00:46:32.000000Z,2026-06-15T00:46:32.000000Z,2792,2792
2026-06-15T00:46:33.000000Z,BTCUSDT,futures,10009.5,10009.5,10009.5,10009.5,1.0,10009.5,1,0.5,0.5,5004.75,5004.75,1.0,2026-06-15T00:46:33.000000Z,2026-06-15T00:46:33.000000Z,2793,2793
2026-06-15T00:46:34.000000Z,BTCUSDT,futures,10010.0,10010.0,10010.0,10010.0,1.0,10010.0,1,0.5,0.5,5005.0,5005.0,1.0,2026-06-15T00:46:34.000000Z,2026-06-15T00:46:34.000000Z,2794,2794
2026-06-15T00:46:35.000000Z,BTCUSDT,futures,10010.5,10010.5,10010.5,10010.5,1.0,10010.5,1,0.5,0.5,5005.25,5005.25,1.0,2026-06-15T00:46:35.000000Z,2026-06-15T00:46:35.000000Z,2795,2795
2026-06-15T00:46:36.000000Z,BTCUSDT,futures,10009.5,10009.5,10009.5,10009.5,1.0,10009.5,1,0.5,0.5,5004.75,5004.75,1.0,2026-06-15T00:46:36.000000Z,2026-06-15T00:46:36.000000Z,2796,2796
2026-06-15T00:46:37.000000Z,BTCUSDT,futures,10010.0,10010.0,10010.0,10010.0,1.0,10010.0,1,0.5,0.5,5005.0,5005.0,1.0,2026-06-15T00:46:37.000000Z,2026-06-15T00:46:37.000000Z,2797,2797
2026-06-15T00:46:38.000000Z,BTCUSDT,futures,10010.5,10010.5,10010.5,10010.5,1.0,10010.5,1,0.5,0.5,5005.25,5005.25,1.0,2026-06-15T00:46:38.000000Z,2026-06-15T00:46:38.000000Z,2798,2798
2026-06-15T00:46:39.000000Z,BTCUSDT,futures,10009.5,10009.5,10009.5,10009.5,1.0,10009.5,1,0.5,0.5,5004.75,5004.75,1.0,2026-06-15T00:46:39.000000Z,2026-06-15T00:46:39.000000Z,2799,2799
2026-06-15T00:46:40.000000Z,BTCUSDT,futures,10010.0,10010.0,10010.0,10010.0,1.0,10010.0,1,0.5,0.5,5005.0,5005.0,1.0,2026-06-15T00:46:40.000000Z,2026-06-15T00:46:40.000000Z,2800,2800
2026-06-15T00:46:41.000000Z,BTCUSDT,futures,10010.5,10010.5,10010.5,10010.5,1.0,10010.5,1,0.5,0.5,5005.25,5005.25,1.0,2026-06-15T00:46:41.000000Z,2026-06-15T00:46:41.000000Z,2801,2801
2026-06-15T00:46:42.000000Z,BTCUSDT,futures,10009.5,10009.5,10009.5,10009.5,1.0,10009.5,1,0.5,0.5,5004.75,5004.75,1.0,2026-06-15T00:46:42.000000Z,2026-06-15T00:46:42.000000Z,2802,2802
2026-06-15T00:46:43.000000Z,BTCUSDT,futures,10010.0,10010.0,10010.0,10010.0,1.0,10010.0,1,0.5,0.5,5005.0,5005.0,1.0,2026-06-15T00:46:43.000000Z,2026-06-15T00:46:43.000000Z,2803,2803
2026-06-15T00:46:44.000000Z,BTCUSDT,futures,10010.5,10010.5,10010.5,10010.5,1.0,10010.5,1,0.5,0.5,5005.25,5005.25,1.0,2026-06-15T00:46:44.000000Z,2026-06-15T00:46:44.000000Z,2804,2804
2026-06-15T00:46:45.000000Z,BTCUSDT,futures,10009.5,10009.5,10009.5,10009.5,1.0,10009.5,1,0.5,0.5,5004.75,5004.75,1.0,2026-06-15T00:46:45.000000Z,2026-06-15T00:46:45.000000Z,2805,2805
2026-06-15T00:46:46.000000Z,BTCUSDT,futures,10010.0,10010.0,10010.0,10010.0,1.0,10010.0,1,0.5,0.5,5005.0,5005.0,1.0,2026-06-15T00:46:46.000000Z,2026-06-15T00:46:46.000000Z,2806,2806
2026-06-15T00:46:47.000000Z,BTCUSDT,futures,10010.5,10010.5,10010.5,10010.5,1.0,10010.5,1,0.5,0.5,5005.25,5005.25,1.0,2026-06-15T00:46:47.000000Z,2026-06-15T00:46:47.000000Z,2807,2807
2026-06-15T00:46:48.000000Z,BTCUSDT,futures,10009.5,10009.5,10009.5,10009.5,1.0,10009.5,1,0.5,0.5,5004.75,5004.75,1.0,2026-06-15T00:46:48.000000Z,2026-06-15T00:46:48.000000Z,2808,2808
2026-06-15T00:46:49.000000Z,BTCUSDT,futures,10010.0,10010.0,10010.0,10010.0,1.0,10010.0,1,0.5,0.5,5005.0,5005.0,1.0,2026-06-15T00:46:49.000000Z,2026-06-15T00:46:49.000000Z,2809,2809
2026-06-15T00:46:50.000000Z,BTCUSDT,futures,10010.5,10010.5,10010.5,10010.5,1.0,10010.5,1,0.5,0.5,5005.25,5005.25,1.0,2026-06-15T00:46:50.000000Z,2026-06-15T00:46:50.000000Z,2810,2810
2026-06-15T00:46:51.000000Z,BTCUSDT,futures,10009.5,10009.5,10009.5,10009.5,1.0,10009.5,1,0.5,0.5,5004.75,5004.75,1.0,2026-06-15T00:46:51.000000Z,2026-06-15T00:46:51.000000Z,2811,2811
2026-06-15T00:46:52.000000Z,BTCUSDT,futures,10010.0,10010.0,10010.0,10010.0,1.0,10010.0,1,0.5,0.5,5005.0,5005.0,1.0,2026-06-15T00:46:52.000000Z,2026-06-15T00:46:52.000000Z,2812,2812
2026-06-15T00:46:53.000000Z,BTCUSDT,futures,10010.5,10010.5,10010.5,10010.5,1.0,10010.5,1,0.5,0.5,5005.25,5005.25,1.0,2026-06-15T00:46:53.000000Z,2026-06-15T00:46:53.000000Z,2813,2813
2026-06-15T00:46:54.000000Z,BTCUSDT,futures,10009.5,10009.5,10009.5,10009.5,1.0,10009.5,1,0.5,0.5,5004.75,5004.75,1.0,2026-06-15T00:46:54.000000Z,2026-06-15T00:46:54.000000Z,2814,2814
2026-06-15T00:46:55.000000Z,BTCUSDT,futures,10010.0,10010.0,10010.0,10010.0,1.0,10010.0,1,0.5,0.5,5005.0,5005.0,1.0,2026-06-15T00:46:55.000000Z,2026-06-15T00:46:55.000000Z,2815,2815
2026-06-15T00:46:56.000000Z,BTCUSDT,futures,10010.5,10010.5,10010.5,10010.5,1.0,10010.5,1,0.5,0.5,5005.25,5005.25,1.0,2026-06-15T00:46:56.000000Z,2026-06-15T00:46:56.000000Z,2816,2816
2026-06-15T00:46:57.000000Z,BTCUSDT,futures,10009.5,10009.5,10009.5,10009.5,1.0,10009.5,1,0.5,0.5,5004.75,5004.75,1.0,2026-06-15T00:46:57.000000Z,2026-06-15T00:46:57.000000Z,2817,2817
2026-06-15T00:46:58.000000Z,BTCUSDT,futures,10010.0,10010.0,10010.0,10010.0,1.0,10010.0,1,0.5,0.5,5005.0,5005.0,1.0,2026-06-15T00:46:58.000000Z,2026-06-15T00:46:58.000000Z,2818,2818
2026-06-15T00:46:59.000000Z,BTCUSDT,futures,10010.5,10010.5,10010.5,10010.5,1.0,10010.5,1,0.5,0.5,5005.25,5005.25,1.0,2026-06-15T00:46:59.000000Z,2026-06-15T00:46:59.000000Z,2819,2819
2026-06-15T00:47:00.000000Z,BTCUSDT,futures,10009.5,10009.5,10009.5,10009.5,1.0,10009.5,1,0.5,0.5,5004.75,5004.75,1.0,2026-06-15T00:47:00.000000Z,2026-06-15T00:47:00.000000Z,2820,2820
2026-06-15T00:47:01.000000Z,BTCUSDT,futures,10010.0,10010.0,10010.0,10010.0,1.0,10010.0,1,0.5,0.5,5005.0,5005.0,1.0,2026-06-15T00:47:01.000000Z,2026-06-15T00:47:01.000000Z,2821,2821
2026-06-15T00:47:02.000000Z,BTCUSDT,futures,10010.5,10010.5,10010.5,10010.5,1.0,10010.5,1,0.5,0.5,5005.25,5005.25,1.0,2026-06-15T00:47:02.000000Z,2026-06-15T00:47:02.000000Z,2822,2822
2026-06-15T00:47:03.000000Z,BTCUSDT,futures,10009.5,10009.5,10009.5,10009.5,1.0,10009.5,1,0.5,0.5,5004.75,5004.75,1.0,2026-06-15T00:47:03.000000Z,2026-06-15T00:47:03.000000Z,2823,2823
2026-06-15T00:47:04.000000Z,BTCUSDT,futures,10010.0,10010.0,10010.0,10010.0,1.0,10010.0,1,0.5,0.5,5005.0,5005.0,1.0,2026-06-15T00:47:04.000000Z,2026-06-15T00:47:04.000000Z,2824,2824
2026-06-15T00:47:05.000000Z,BTCUSDT,futures,10010.5,10010.5,10010.5,10010.5,1.0,10010.5,1,0.5,0.5,5005.25,5005.25,1.0,2026-06-15T00:47:05.000000Z,2026-06-15T00:47:05.000000Z,2825,2825
2026-06-15T00:47:06.000000Z,BTCUSDT,futures,10009.5,10009.5,10009.5,10009.5,1.0,10009.5,1,0.5,0.5,5004.75,5004.75,1.0,2026-06-15T00:47:06.000000Z,2026-06-15T00:47:06.000000Z,2826,2826
2026-06-15T00:47:07.000000Z,BTCUSDT,futures,10010.0,10010.0,10010.0,10010.0,1.0,10010.0,1,0.5,0.5,5005.0,5005.0,1.0,2026-06-15T00:47:07.000000Z,2026-06-15T00:47:07.000000Z,2827,2827
2026-06-15T00:47:08.000000Z,BTCUSDT,futures,10010.5,10010.5,10010.5,10010.5,1.0,10010.5,1,0.5,0.5,5005.25,5005.25,1.0,2026-06-15T00:47:08.000000Z,2026-06-15T00:47:08.000000Z,2828,2828
2026-06-15T00:47:09.000000Z,BTCUSDT,futures,10009.5,10009.5,10009.5,10009.5,1.0,10009.5,1,0.5,0.5,5004.75,5004.75,1.0,2026-06-15T00:47:09.000000Z,2026-06-15T00:47:09.000000Z,2829,2829
2026-06-15T00:47:10.000000Z,BTCUSDT,futures,10010.0,10010.0,10010.0,10010.0,1.0,10010.0,1,0.5,0.5,5005.0,5005.0,1.0,2026-06-15T00:47:10.000000Z,2026-06-15T00:47:10.000000Z,2830,2830
2026-06-15T00:47:11.000000Z,BTCUSDT,futures,10010.5,10010.5,10010.5,10010.5,1.0,10010.5,1,0.5,0.5,5005.25,5005.25,1.0,2026-06-15T00:47:11.000000Z,2026-06-15T00:47:11.000000Z,2831,2831
2026-06-15T00:47:12.000000Z,BTCUSDT,futures,10009.5,10009.5,10009.5,10009.5,1.0,10009.5,1,0.5,0.5,5004.75,5004.75,1.0,2026-06-15T00:47:12.000000Z,2026-06-15T00:47:12.000000Z,2832,2832
2026-06-15T00:47:13.000000Z,BTCUSDT,futures,10010.0,10010.0,10010.0,10010.0,1.0,10010.0,1,0.5,0.5,5005.0,5005.0,1.0,2026-06-15T00:47:13.000000Z,2026-06-15T00:47:13.000000Z,2833,2833
2026-06-15T00:47:14.000000Z,BTCUSDT,futures,10010.5,10010.5,10010.5,10010.5,1.0,10010.5,1,0.5,0.5,5005.25,5005.25,1.0,2026-06-15T00:47:14.000000Z,2026-06-15T00:47:14.000000Z,2834,2834
2026-06-15T00:47:15.000000Z,BTCUSDT,futures,10009.5,10009.5,10009.5,10009.5,1.0,10009.5,1,0.5,0.5,5004.75,5004.75,1.0,2026-06-15T00:47:15.000000Z,2026-06-15T00:47:15.000000Z,2835,2835
2026-06-15T00:47:16.000000Z,BTCUSDT,futures,10010.0,10010.0,10010.0,10010.0,1.0,10010.0,1,0.5,0.5,5005.0,5005.0,1.0,2026-06-15T00:47:16.000000Z,2026-06-15T00:47:16.000000Z,2836,2836
2026-06-15T00:47:17.000000Z,BTCUSDT,futures,10010.5,10010.5,10010.5,10010.5,1.0,10010.5,1,0.5,0.5,5005.25,5005.25,1.0,2026-06-15T00:47:17.000000Z,2026-06-15T00:47:17.000000Z,2837,2837
2026-06-15T00:47:18.000000Z,BTCUSDT,futures,10009.5,10009.5,10009.5,10009.5,1.0,10009.5,1,0.5,0.5,5004.75,5004.75,1.0,2026-06-15T00:47:18.000000Z,2026-06-15T00:47:18.000000Z,2838,2838
2026-06-15T00:47:19.000000Z,BTCUSDT,futures,10010.0,10010.0,10010.0,10010.0,1.0,10010.0,1,0.5,0.5,5005.0,5005.0,1.0,2026-06-15T00:47:19.000000Z,2026-06-15T00:47:19.000000Z,2839,2839
2026-06-15T00:47:20.000000Z,BTCUSDT,futures,10010.5,10010.5,10010.5,10010.5,1.0,10010.5,1,0.5,0.5,5005.25,5005.25,1.0,2026-06-15T00:47:20.000000Z,2026-06-15T00:47:20.000000Z,2840,2840
2026-06-15T00:47:21.000000Z,BTCUSDT,futures,10009.5,10009.5,10009.5,10009.5,1.0,10009.5,1,0.5,0.5,5004.75,5004.75,1.0,2026-06-15T00:47:21.000000Z,2026-06-15T00:47:21.000000Z,2841,2841
2026-06-15T00:47:22.000000Z,BTCUSDT,futures,10010.0,10010.0,10010.0,10010.0,1.0,10010.0,1,0.5,0.5,5005.0,5005.0,1.0,2026-06-15T00:47:22.000000Z,2026-06-15T00:47:22.000000Z,2842,2842
2026-06-15T00:47:23.000000Z,BTCUSDT,futures,10010.5,10010.5,10010.5,10010.5,1.0,10010.5,1,0.5,0.5,5005.25,5005.25,1.0,2026-06-15T00:47:23.000000Z,2026-06-15T00:47:23.000000Z,2843,2843
2026-06-15T00:47:24.000000Z,BTCUSDT,futures,10009.5,10009.5,10009.5,10009.5,1.0,10009.5,1,0.5,0.5,5004.75,5004.75,1.0,2026-06-15T00:47:24.000000Z,2026-06-15T00:47:24.000000Z,2844,2844
2026-06-15T00:47:25.000000Z,BTCUSDT,futures,10010.0,10010.0,10010.0,10010.0,1.0,10010.0,1,0.5,0.5,5005.0,5005.0,1.0,2026-06-15T00:47:25.000000Z,2026-06-15T00:47:25.000000Z,2845,2845
2026-06-15T00:47:26.000000Z,BTCUSDT,futures,10010.5,10010.5,10010.5,10010.5,1.0,10010.5,1,0.5,0.5,5005.25,5005.25,1.0,2026-06-15T00:47:26.000000Z,2026-06-15T00:47:26.000000Z,2846,2846
2026-06-15T00:47:27.000000Z,BTCUSDT,futures,10009.5,10009.5,10009.5,10009.5,1.0,10009.5,1,0.5,0.5,5004.75,5004.75,1.0,2026-06-15T00:47:27.000000Z,2026-06-15T00:47:27.000000Z,2847,2847
2026-06-15T00:47:28.000000Z,BTCUSDT,futures,10010.0,10010.0,10010.0,10010.0,1.0,10010.0,1,0.5,0.5,5005.0,5005.0,1.0,2026-06-15T00:47:28.000000Z,2026-06-15T00:47:28.000000Z,2848,2848
2026-06-15T00:47:29.000000Z,BTCUSDT,futures,10010.5,10010.5,10010.5,10010.5,1.0,10010.5,1,0.5,0.5,5005.25,5005.25,1.0,2026-06-15T00:47:29.000000Z,2026-06-15T00:47:29.000000Z,2849,2849
2026-06-15T00:47:30.000000Z,BTCUSDT,futures,10009.5,10009.5,10009.5,10009.5,1.0,10009.5,1,0.5,0.5,5004.75,5004.75,1.0,2026-06-15T00:47:30.000000Z,2026-06-15T00:47:30.000000Z,2850,2850
2026-06-15T00:47:31.000000Z,BTCUSDT,futures,10010.0,10010.0,10010.0,10010.0,1.0,10010.0,1,0.5,0.5,5005.0,5005.0,1.0,2026-06-15T00:47:31.000000Z,2026-06-15T00:47:31.000000Z,2851,2851
2026-06-15T00:47:32.000000Z,BTCUSDT,futures,10010.5,10010.5,10010.5,10010.5,1.0,10010.5,1,0.5,0.5,5005.25,5005.25,1.0,2026-06-15T00:47:32.000000Z,2026-06-15T00:47:32.000000Z,2852,2852
2026-06-15T00:47:33.000000Z,BTCUSDT,futures,10009.5,10009.5,10009.5,10009.5,1.0,10009.5,1,0.5,0.5,5004.75,5004.75,1.0,2026-06-15T00:47:33.000000Z,2026-06-15T00:47:33.000000Z,2853,2853
2026-06-15T00:47:34.000000Z,BTCUSDT,futures,10010.0,10010.0,10010.0,10010.0,1.0,10010.0,1,0.5,0.5,5005.0,5005.0,1.0,2026-06-15T00:47:34.000000Z,2026-06-15T00:47:34.000000Z,2854,2854
2026-06-15T00:47:35.000000Z,BTCUSDT,futures,10010.5,10010.5,10010.5,10010.5,1.0,10010.5,1,0.5,0.5,5005.25,5005.25,1.0,2026-06-15T00:47:35.000000Z,2026-06-15T00:47:35.000000Z,2855,2855
2026-06-15T00:47:36.000000Z,BTCUSDT,futures,10009.5,10009.5,10009.5,10009.5,1.0,10009.5,1,0.5,0.5,5004.75,5004.75,1.0,2026-06-15T00:47:36.000000Z,2026-06-15T00:47:36.000000Z,2856,2856
2026-06-15T00:47:37.000000Z,BTCUSDT,futures,10010.0,10010.0,10010.0,10010.0,1.0,10010.0,1,0.5,0.5,5005.0,5005.0,1.0,2026-06-15T00:47:37.000000Z,2026-06-15T00:47:37.000000Z,2857,2857
2026-06-15T00:47:38.000000Z,BTCUSDT,futures,10010.5,10010.5,10010.5,10010.5,1.0,10010.5,1,0.5,0.5,5005.25,5005.25,1.0,2026-06-15T00:47:38.000000Z,2026-06-15T00:47:38.000000Z,2858,2858
2026-06-15T00:47:39.000000Z,BTCUSDT,futures,10009.5,10009.5,10009.5,10009.5,1.0,10009.5,1,0.5,0.5,5004.75,5004.75,1.0,2026-06-15T00:47:39.000000Z,2026-06-15T00:47:39.000000Z,2859,2859
2026-06-15T00:47:40.000000Z,BTCUSDT,futures,10010.0,10010.0,10010.0,10010.0,1.0,10010.0,1,0.5,0.5,5005.0,5005.0,1.0,2026-06-15T00:47:40.000000Z,2026-06-15T00:47:40.000000Z,2860,2860
2026-06-15T00:47:41.000000Z,BTCUSDT,futures,10010.5,10010.5,10010.5,10010.5,1.0,10010.5,1,0.5,0.5,5005.25,5005.25,1.0,2026-06-15T00:47:41.000000Z,2026-06-15T00:47:41.000000Z,2861,2861
2026-06-15T00:47:42.000000Z,BTCUSDT,futures,10009.5,10009.5,10009.5,10009.5,1.0,10009.5,1,0.5,0.5,5004.75,5004.75,1.0,2026-06-15T00:47:42.000000Z,2026-06-15T00:47:42.000000Z,2862,2862
2026-06-15T00:47:43.000000Z,BTCUSDT,futures,10010.0,10010.0,10010.0,10010.0,1.0,10010.0,1,0.5,0.5,5005.0,5005.0,1.0,2026-06-15T00:47:43.000000Z,2026-06-15T00:47:43.000000Z,2863,2863
2026-06-15T00:47:44.000000Z,BTCUSDT,futures,10010.5,10010.5,10010.5,10010.5,1.0,10010.5,1,0.5,0.5,5005.25,5005.25,1.0,2026-06-15T00:47:44.000000Z,2026-06-15T00:47:44.000000Z,2864,2864
2026-06-15T00:47:45.000000Z,BTCUSDT,futures,10009.5,10009.5,10009.5,10009.5,1.0,10009.5,1,0.5,0.5,5004.75,5004.75,1.0,2026-06-15T00:47:45.000000Z,2026-06-15T00:47:45.000000Z,2865,2865
2026-06-15T00:47:46.000000Z,BTCUSDT,futures,10010.0,10010.0,10010.0,10010.0,1.0,10010.0,1,0.5,0.5,5005.0,5005.0,1.0,2026-06-15T00:47:46.000000Z,2026-06-15T00:47:46.000000Z,2866,2866
2026-06-15T00:47:47.000000Z,BTCUSDT,futures,10010.5,10010.5,10010.5,10010.5,1.0,10010.5,1,0.5,0.5,5005.25,5005.25,1.0,2026-06-15T00:47:47.000000Z,2026-06-15T00:47:47.000000Z,2867,2867
2026-06-15T00:47:48.000000Z,BTCUSDT,futures,10009.5,10009.5,10009.5,10009.5,1.0,10009.5,1,0.5,0.5,5004.75,5004.75,1.0,2026-06-15T00:47:48.000000Z,2026-06-15T00:47:48.000000Z,2868,2868
2026-06-15T00:47:49.000000Z,BTCUSDT,futures,10010.0,10010.0,10010.0,10010.0,1.0,10010.0,1,0.5,0.5,5005.0,5005.0,1.0,2026-06-15T00:47:49.000000Z,2026-06-15T00:47:49.000000Z,2869,2869
2026-06-15T00:47:50.000000Z,BTCUSDT,futures,10010.5,10010.5,10010.5,10010.5,1.0,10010.5,1,0.5,0.5,5005.25,5005.25,1.0,2026-06-15T00:47:50.000000Z,2026-06-15T00:47:50.000000Z,2870,2870
2026-06-15T00:47:51.000000Z,BTCUSDT,futures,10009.5,10009.5,10009.5,10009.5,1.0,10009.5,1,0.5,0.5,5004.75,5004.75,1.0,2026-06-15T00:47:51.000000Z,2026-06-15T00:47:51.000000Z,2871,2871
2026-06-15T00:47:52.000000Z,BTCUSDT,futures,10010.0,10010.0,10010.0,10010.0,1.0,10010.0,1,0.5,0.5,5005.0,5005.0,1.0,2026-06-15T00:47:52.000000Z,2026-06-15T00:47:52.000000Z,2872,2872
2026-06-15T00:47:53.000000Z,BTCUSDT,futures,10010.5,10010.5,10010.5,10010.5,1.0,10010.5,1,0.5,0.5,5005.25,5005.25,1.0,2026-06-15T00:47:53.000000Z,2026-06-15T00:47:53.000000Z,2873,2873
2026-06-15T00:47:54.000000Z,BTCUSDT,futures,10009.5,10009.5,10009.5,10009.5,1.0,10009.5,1,0.5,0.5,5004.75,5004.75,1.0,2026-06-15T00:47:54.000000Z,2026-06-15T00:47:54.000000Z,2874,2874
2026-06-15T00:47:55.000000Z,BTCUSDT,futures,10010.0,10010.0,10010.0,10010.0,1.0,10010.0,1,0.5,0.5,5005.0,5005.0,1.0,2026-06-15T00:47:55.000000Z,2026-06-15T00:47:55.000000Z,2875,2875
2026-06-15T00:47:56.000000Z,BTCUSDT,futures,10010.5,10010.5,10010.5,10010.5,1.0,10010.5,1,0.5,0.5,5005.25,5005.25,1.0,2026-06-15T00:47:56.000000Z,2026-06-15T00:47:56.000000Z,2876,2876
2026-06-15T00:47:57.000000Z,BTCUSDT,futures,10009.5,10009.5,10009.5,10009.5,1.0,10009.5,1,0.5,0.5,5004.75,5004.75,1.0,2026-06-15T00:47:57.000000Z,2026-06-15T00:47:57.000000Z,2877,2877
2026-06-15T00:47:58.000000Z,BTCUSDT,futures,10010.0,10010.0,10010.0,10010.0,1.0,10010.0,1,0.5,0.5,5005.0,5005.0,1.0,2026-06-15T00:47:58.000000Z,2026-06-15T00:47:58.000000Z,2878,2878
2026-06-15T00:47:59.000000Z,BTCUSDT,futures,10010.5,10010.5,10010.5,10010.5,1.0,10010.5,1,0.5,0.5,5005.25,5005.25,1.0,2026-06-15T00:47:59.000000Z,2026-06-15T00:47:59.000000Z,2879,2879
2026-06-15T00:48:00.000000Z,BTCUSDT,futures,10009.5,10009.5,10009.5,10009.5,1.0,10009.5,1,0.5,0.5,5004.75,5004.75,1.0,2026-06-15T00:48:00.000000Z,2026-06-15T00:48:00.000000Z,2880,2880
2026-06-15T00:48:01.000000Z,BTCUSDT,futures,10010.0,10010.0,10010.0,10010.0,1.0,10010.0,1,0.5,0.5,5005.0,5005.0,1.0,2026-06-15T00:48:01.000000Z,2026-06-15T00:48:01.000000Z,2881,2881
2026-06-15T00:48:02.000000Z,BTCUSDT,futures,10010.5,10010.5,10010.5,10010.5,1.0,10010.5,1,0.5,0.5,5005.25,5005.25,1.0,2026-06-15T00:48:02.000000Z,2026-06-15T00:48:02.000000Z,2882,2882
2026-06-15T00:48:03.000000Z,BTCUSDT,futures,10009.5,10009.5,10009.5,10009.5,1.0,10009.5,1,0.5,0.5,5004.75,5004.75,1.0,2026-06-15T00:48:03.000000Z,2026-06-15T00:48:03.000000Z,2883,2883
2026-06-15T00:48:04.000000Z,BTCUSDT,futures,10010.0,10010.0,10010.0,10010.0,1.0,10010.0,1,0.5,0.5,5005.0,5005.0,1.0,2026-06-15T00:48:04.000000Z,2026-06-15T00:48:04.000000Z,2884,2884
2026-06-15T00:48:05.000000Z,BTCUSDT,futures,10010.5,10010.5,10010.5,10010.5,1.0,10010.5,1,0.5,0.5,5005.25,5005.25,1.0,2026-06-15T00:48:05.000000Z,2026-06-15T00:48:05.000000Z,2885,2885
2026-06-15T00:48:06.000000Z,BTCUSDT,futures,10009.5,10009.5,10009.5,10009.5,1.0,10009.5,1,0.5,0.5,5004.75,5004.75,1.0,2026-06-15T00:48:06.000000Z,2026-06-15T00:48:06.000000Z,2886,2886
2026-06-15T00:48:07.000000Z,BTCUSDT,futures,10010.0,10010.0,10010.0,10010.0,1.0,10010.0,1,0.5,0.5,5005.0,5005.0,1.0,2026-06-15T00:48:07.000000Z,2026-06-15T00:48:07.000000Z,2887,2887
2026-06-15T00:48:08.000000Z,BTCUSDT,futures,10010.5,10010.5,10010.5,10010.5,1.0,10010.5,1,0.5,0.5,5005.25,5005.25,1.0,2026-06-15T00:48:08.000000Z,2026-06-15T00:48:08.000000Z,2888,2888
2026-06-15T00:48:09.000000Z,BTCUSDT,futures,10009.5,10009.5,10009.5,10009.5,1.0,10009.5,1,0.5,0.5,5004.75,5004.75,1.0,2026-06-15T00:48:09.000000Z,2026-06-15T00:48:09.000000Z,2889,2889
2026-06-15T00:48:10.000000Z,BTCUSDT,futures,10010.0,10010.0,10010.0,10010.0,1.0,10010.0,1,0.5,0.5,5005.0,5005.0,1.0,2026-06-15T00:48:10.000000Z,2026-06-15T00:48:10.000000Z,2890,2890
2026-06-15T00:48:11.000000Z,BTCUSDT,futures,10010.5,10010.5,10010.5,10010.5,1.0,10010.5,1,0.5,0.5,5005.25,5005.25,1.0,2026-06-15T00:48:11.000000Z,2026-06-15T00:48:11.000000Z,2891,2891
2026-06-15T00:48:12.000000Z,BTCUSDT,futures,10009.5,10009.5,10009.5,10009.5,1.0,10009.5,1,0.5,0.5,5004.75,5004.75,1.0,2026-06-15T00:48:12.000000Z,2026-06-15T00:48:12.000000Z,2892,2892
2026-06-15T00:48:13.000000Z,BTCUSDT,futures,10010.0,10010.0,10010.0,10010.0,1.0,10010.0,1,0.5,0.5,5005.0,5005.0,1.0,2026-06-15T00:48:13.000000Z,2026-06-15T00:48:13.000000Z,2893,2893
2026-06-15T00:48:14.000000Z,BTCUSDT,futures,10010.5,10010.5,10010.5,10010.5,1.0,10010.5,1,0.5,0.5,5005.25,5005.25,1.0,2026-06-15T00:48:14.000000Z,2026-06-15T00:48:14.000000Z,2894,2894
2026-06-15T00:48:15.000000Z,BTCUSDT,futures,10009.5,10009.5,10009.5,10009.5,1.0,10009.5,1,0.5,0.5,5004.75,5004.75,1.0,2026-06-15T00:48:15.000000Z,2026-06-15T00:48:15.000000Z,2895,2895
2026-06-15T00:48:16.000000Z,BTCUSDT,futures,10010.0,10010.0,10010.0,10010.0,1.0,10010.0,1,0.5,0.5,5005.0,5005.0,1.0,2026-06-15T00:48:16.000000Z,2026-06-15T00:48:16.000000Z,2896,2896
2026-06-15T00:48:17.000000Z,BTCUSDT,futures,10010.5,10010.5,10010.5,10010.5,1.0,10010.5,1,0.5,0.5,5005.25,5005.25,1.0,2026-06-15T00:48:17.000000Z,2026-06-15T00:48:17.000000Z,2897,2897
2026-06-15T00:48:18.000000Z,BTCUSDT,futures,10009.5,10009.5,10009.5,10009.5,1.0,10009.5,1,0.5,0.5,5004.75,5004.75,1.0,2026-06-15T00:48:18.000000Z,2026-06-15T00:48:18.000000Z,2898,2898
2026-06-15T00:48:19.000000Z,BTCUSDT,futures,10010.0,10010.0,10010.0,10010.0,1.0,10010.0,1,0.5,0.5,5005.0,5005.0,1.0,2026-06-15T00:48:19.000000Z,2026-06-15T00:48:19.000000Z,2899,2899
2026-06-15T00:48:20.000000Z,BTCUSDT,futures,10010.5,10010.5,10010.5,10010.5,1.0,10010.5,1,0.5,0.5,5005.25,5005.25,1.0,2026-06-15T00:48:20.000000Z,2026-06-15T00:48:20.000000Z,2900,2900
2026-06-15T00:48:21.000000Z,BTCUSDT,futures,10009.5,10009.5,10009.5,10009.5,1.0,10009.5,1,0.5,0.5,5004.75,5004.75,1.0,2026-06-15T00:48:21.000000Z,2026-06-15T00:48:21.000000Z,2901,2901
2026-06-15T00:48:22.000000Z,BTCUSDT,futures,10010.0,10010.0,10010.0,10010.0,1.0,10010.0,1,0.5,0.5,5005.0,5005.0,1.0,2026-06-15T00:48:22.000000Z,2026-06-15T00:48:22.000000Z,2902,2902
2026-06-15T00:48:23.000000Z,BTCUSDT,futures,10010.5,10010.5,10010.5,10010.5,1.0,10010.5,1,0.5,0.5,5005.25,5005.25,1.0,2026-06-15T00:48:23.000000Z,2026-06-15T00:48:23.000000Z,2903,2903
2026-06-15T00:48:24.000000Z,BTCUSDT,futures,10009.5,10009.5,10009.5,10009.5,1.0,10009.5,1,0.5,0.5,5004.75,5004.75,1.0,2026-06-15T00:48:24.000000Z,2026-06-15T00:48:24.000000Z,2904,2904
2026-06-15T00:48:25.000000Z,BTCUSDT,futures,10010.0,10010.0,10010.0,10010.0,1.0,10010.0,1,0.5,0.5,5005.0,5005.0,1.0,2026-06-15T00:48:25.000000Z,2026-06-15T00:48:25.000000Z,2905,2905
2026-06-15T00:48:26.000000Z,BTCUSDT,futures,10010.5,10010.5,10010.5,10010.5,1.0,10010.5,1,0.5,0.5,5005.25,5005.25,1.0,2026-06-15T00:48:26.000000Z,2026-06-15T00:48:26.000000Z,2906,2906
2026-06-15T00:48:27.000000Z,BTCUSDT,futures,10009.5,10009.5,10009.5,10009.5,1.0,10009.5,1,0.5,0.5,5004.75,5004.75,1.0,2026-06-15T00:48:27.000000Z,2026-06-15T00:48:27.000000Z,2907,2907
2026-06-15T00:48:28.000000Z,BTCUSDT,futures,10010.0,10010.0,10010.0,10010.0,1.0,10010.0,1,0.5,0.5,5005.0,5005.0,1.0,2026-06-15T00:48:28.000000Z,2026-06-15T00:48:28.000000Z,2908,2908
2026-06-15T00:48:29.000000Z,BTCUSDT,futures,10010.5,10010.5,10010.5,10010.5,1.0,10010.5,1,0.5,0.5,5005.25,5005.25,1.0,2026-06-15T00:48:29.000000Z,2026-06-15T00:48:29.000000Z,2909,2909
2026-06-15T00:48:30.000000Z,BTCUSDT,futures,10009.5,10009.5,10009.5,10009.5,1.0,10009.5,1,0.5,0.5,5004.75,5004.75,1.0,2026-06-15T00:48:30.000000Z,2026-06-15T00:48:30.000000Z,2910,2910
2026-06-15T00:48:31.000000Z,BTCUSDT,futures,10010.0,10010.0,10010.0,10010.0,1.0,10010.0,1,0.5,0.5,5005.0,5005.0,1.0,2026-06-15T00:48:31.000000Z,2026-06-15T00:48:31.000000Z,2911,2911
2026-06-15T00:48:32.000000Z,BTCUSDT,futures,10010.5,10010.5,10010.5,10010.5,1.0,10010.5,1,0.5,0.5,5005.25,5005.25,1.0,2026-06-15T00:48:32.000000Z,2026-06-15T00:48:32.000000Z,2912,2912
2026-06-15T00:48:33.000000Z,BTCUSDT,futures,10009.5,10009.5,10009.5,10009.5,1.0,10009.5,1,0.5,0.5,5004.75,5004.75,1.0,2026-06-15T00:48:33.000000Z,2026-06-15T00:48:33.000000Z,2913,2913
2026-06-15T00:48:34.000000Z,BTCUSDT,futures,10010.0,10010.0,10010.0,10010.0,1.0,10010.0,1,0.5,0.5,5005.0,5005.0,1.0,2026-06-15T00:48:34.000000Z,2026-06-15T00:48:34.000000Z,2914,2914
2026-06-15T00:48:35.000000Z,BTCUSDT,futures,10010.5,10010.5,10010.5,10010.5,1.0,10010.5,1,0.5,0.5,5005.25,5005.25,1.0,2026-06-15T00:48:35.000000Z,2026-06-15T00:48:35.000000Z,2915,2915
2026-06-15T00:48:36.000000Z,BTCUSDT,futures,10009.5,10009.5,10009.5,10009.5,1.0,10009.5,1,0.5,0.5,5004.75,5004.75,1.0,2026-06-15T00:48:36.000000Z,2026-06-15T00:48:36.000000Z,2916,2916
2026-06-15T00:48:37.000000Z,BTCUSDT,futures,10010.0,10010.0,10010.0,10010.0,1.0,10010.0,1,0.5,0.5,5005.0,5005.0,1.0,2026-06-15T00:48:37.000000Z,2026-06-15T00:48:37.000000Z,2917,2917
2026-06-15T00:48:38.000000Z,BTCUSDT,futures,10010.5,10010.5,10010.5,10010.5,1.0,10010.5,1,0.5,0.5,5005.25,5005.25,1.0,2026-06-15T00:48:38.000000Z,2026-06-15T00:48:38.000000Z,2918,2918
2026-06-15T00:48:39.000000Z,BTCUSDT,futures,10009.5,10009.5,10009.5,10009.5,1.0,10009.5,1,0.5,0.5,5004.75,5004.75,1.0,2026-06-15T00:48:39.000000Z,2026-06-15T00:48:39.000000Z,2919,2919
2026-06-15T00:48:40.000000Z,BTCUSDT,futures,10010.0,10010.0,10010.0,10010.0,1.0,10010.0,1,0.5,0.5,5005.0,5005.0,1.0,2026-06-15T00:48:40.000000Z,2026-06-15T00:48:40.000000Z,2920,2920
2026-06-15T00:48:41.000000Z,BTCUSDT,futures,10010.5,10010.5,10010.5,10010.5,1.0,10010.5,1,0.5,0.5,5005.25,5005.25,1.0,2026-06-15T00:48:41.000000Z,2026-06-15T00:48:41.000000Z,2921,2921
2026-06-15T00:48:42.000000Z,BTCUSDT,futures,10009.5,10009.5,10009.5,10009.5,1.0,10009.5,1,0.5,0.5,5004.75,5004.75,1.0,2026-06-15T00:48:42.000000Z,2026-06-15T00:48:42.000000Z,2922,2922
2026-06-15T00:48:43.000000Z,BTCUSDT,futures,10010.0,10010.0,10010.0,10010.0,1.0,10010.0,1,0.5,0.5,5005.0,5005.0,1.0,2026-06-15T00:48:43.000000Z,2026-06-15T00:48:43.000000Z,2923,2923
2026-06-15T00:48:44.000000Z,BTCUSDT,futures,10010.5,10010.5,10010.5,10010.5,1.0,10010.5,1,0.5,0.5,5005.25,5005.25,1.0,2026-06-15T00:48:44.000000Z,2026-06-15T00:48:44.000000Z,2924,2924
2026-06-15T00:48:45.000000Z,BTCUSDT,futures,10009.5,10009.5,10009.5,10009.5,1.0,10009.5,1,0.5,0.5,5004.75,5004.75,1.0,2026-06-15T00:48:45.000000Z,2026-06-15T00:48:45.000000Z,2925,2925
2026-06-15T00:48:46.000000Z,BTCUSDT,futures,10010.0,10010.0,10010.0,10010.0,1.0,10010.0,1,0.5,0.5,5005.0,5005.0,1.0,2026-06-15T00:48:46.000000Z,2026-06-15T00:48:46.000000Z,2926,2926
2026-06-15T00:48:47.000000Z,BTCUSDT,futures,10010.5,10010.5,10010.5,10010.5,1.0,10010.5,1,0.5,0.5,5005.25,5005.25,1.0,2026-06-15T00:48:47.000000Z,2026-06-15T00:48:47.000000Z,2927,2927
2026-06-15T00:48:48.000000Z,BTCUSDT,futures,10009.5,10009.5,10009.5,10009.5,1.0,10009.5,1,0.5,0.5,5004.75,5004.75,1.0,2026-06-15T00:48:48.000000Z,2026-06-15T00:48:48.000000Z,2928,2928
2026-06-15T00:48:49.000000Z,BTCUSDT,futures,10010.0,10010.0,10010.0,10010.0,1.0,10010.0,1,0.5,0.5,5005.0,5005.0,1.0,2026-06-15T00:48:49.000000Z,2026-06-15T00:48:49.000000Z,2929,2929
2026-06-15T00:48:50.000000Z,BTCUSDT,futures,10010.5,10010.5,10010.5,10010.5,1.0,10010.5,1,0.5,0.5,5005.25,5005.25,1.0,2026-06-15T00:48:50.000000Z,2026-06-15T00:48:50.000000Z,2930,2930
2026-06-15T00:48:51.000000Z,BTCUSDT,futures,10009.5,10009.5,10009.5,10009.5,1.0,10009.5,1,0.5,0.5,5004.75,5004.75,1.0,2026-06-15T00:48:51.000000Z,2026-06-15T00:48:51.000000Z,2931,2931
2026-06-15T00:48:52.000000Z,BTCUSDT,futures,10010.0,10010.0,10010.0,10010.0,1.0,10010.0,1,0.5,0.5,5005.0,5005.0,1.0,2026-06-15T00:48:52.000000Z,2026-06-15T00:48:52.000000Z,2932,2932
2026-06-15T00:48:53.000000Z,BTCUSDT,futures,10010.5,10010.5,10010.5,10010.5,1.0,10010.5,1,0.5,0.5,5005.25,5005.25,1.0,2026-06-15T00:48:53.000000Z,2026-06-15T00:48:53.000000Z,2933,2933
2026-06-15T00:48:54.000000Z,BTCUSDT,futures,10009.5,10009.5,10009.5,10009.5,1.0,10009.5,1,0.5,0.5,5004.75,5004.75,1.0,2026-06-15T00:48:54.000000Z,2026-06-15T00:48:54.000000Z,2934,2934
2026-06-15T00:48:55.000000Z,BTCUSDT,futures,10010.0,10010.0,10010.0,10010.0,1.0,10010.0,1,0.5,0.5,5005.0,5005.0,1.0,2026-06-15T00:48:55.000000Z,2026-06-15T00:48:55.000000Z,2935,2935
2026-06-15T00:48:56.000000Z,BTCUSDT,futures,10010.5,10010.5,10010.5,10010.5,1.0,10010.5,1,0.5,0.5,5005.25,5005.25,1.0,2026-06-15T00:48:56.000000Z,2026-06-15T00:48:56.000000Z,2936,2936
2026-06-15T00:48:57.000000Z,BTCUSDT,futures,10009.5,10009.5,10009.5,10009.5,1.0,10009.5,1,0.5,0.5,5004.75,5004.75,1.0,2026-06-15T00:48:57.000000Z,2026-06-15T00:48:57.000000Z,2937,2937
2026-06-15T00:48:58.000000Z,BTCUSDT,futures,10010.0,10010.0,10010.0,10010.0,1.0,10010.0,1,0.5,0.5,5005.0,5005.0,1.0,2026-06-15T00:48:58.000000Z,2026-06-15T00:48:58.000000Z,2938,2938
2026-06-15T00:48:59.000000Z,BTCUSDT,futures,10010.5,10010.5,10010.5,10010.5,1.0,10010.5,1,0.5,0.5,5005.25,5005.25,1.0,2026-06-15T00:48:59.000000Z,2026-06-15T00:48:59.000000Z,2939,2939
2026-06-15T00:49:00.000000Z,BTCUSDT,futures,10009.5,10009.5,10009.5,10009.5,1.0,10009.5,1,0.5,0.5,5004.75,5004.75,1.0,2026-06-15T00:49:00.000000Z,2026-06-15T00:49:00.000000Z,2940,2940
2026-06-15T00:49:01.000000Z,BTCUSDT,futures,10010.0,10010.0,10010.0,10010.0,1.0,10010.0,1,0.5,0.5,5005.0,5005.0,1.0,2026-06-15T00:49:01.000000Z,2026-06-15T00:49:01.000000Z,2941,2941
2026-06-15T00:49:02.000000Z,BTCUSDT,futures,10010.5,10010.5,10010.5,10010.5,1.0,10010.5,1,0.5,0.5,5005.25,5005.25,1.0,2026-06-15T00:49:02.000000Z,2026-06-15T00:49:02.000000Z,2942,2942
2026-06-15T00:49:03.000000Z,BTCUSDT,futures,10009.5,10009.5,10009.5,10009.5,1.0,10009.5,1,0.5,0.5,5004.75,5004.75,1.0,2026-06-15T00:49:03.000000Z,2026-06-15T00:49:03.000000Z,2943,2943
2026-06-15T00:49:04.000000Z,BTCUSDT,futures,10010.0,10010.0,10010.0,10010.0,1.0,10010.0,1,0.5,0.5,5005.0,5005.0,1.0,2026-06-15T00:49:04.000000Z,2026-06-15T00:49:04.000000Z,2944,2944
2026-06-15T00:49:05.000000Z,BTCUSDT,futures,10010.5,10010.5,10010.5,10010.5,1.0,10010.5,1,0.5,0.5,5005.25,5005.25,1.0,2026-06-15T00:49:05.000000Z,2026-06-15T00:49:05.000000Z,2945,2945
2026-06-15T00:49:06.000000Z,BTCUSDT,futures,10009.5,10009.5,10009.5,10009.5,1.0,10009.5,1,0.5,0.5,5004.75,5004.75,1.0,2026-06-15T00:49:06.000000Z,2026-06-15T00:49:06.000000Z,2946,2946
2026-06-15T00:49:07.000000Z,BTCUSDT,futures,10010.0,10010.0,10010.0,10010.0,1.0,10010.0,1,0.5,0.5,5005.0,5005.0,1.0,2026-06-15T00:49:07.000000Z,2026-06-15T00:49:07.000000Z,2947,2947
2026-06-15T00:49:08.000000Z,BTCUSDT,futures,10010.5,10010.5,10010.5,10010.5,1.0,10010.5,1,0.5,0.5,5005.25,5005.25,1.0,2026-06-15T00:49:08.000000Z,2026-06-15T00:49:08.000000Z,2948,2948
2026-06-15T00:49:09.000000Z,BTCUSDT,futures,10009.5,10009.5,10009.5,10009.5,1.0,10009.5,1,0.5,0.5,5004.75,5004.75,1.0,2026-06-15T00:49:09.000000Z,2026-06-15T00:49:09.000000Z,2949,2949
2026-06-15T00:49:10.000000Z,BTCUSDT,futures,10010.0,10010.0,10010.0,10010.0,1.0,10010.0,1,0.5,0.5,5005.0,5005.0,1.0,2026-06-15T00:49:10.000000Z,2026-06-15T00:49:10.000000Z,2950,2950
2026-06-15T00:49:11.000000Z,BTCUSDT,futures,10010.5,10010.5,10010.5,10010.5,1.0,10010.5,1,0.5,0.5,5005.25,5005.25,1.0,2026-06-15T00:49:11.000000Z,2026-06-15T00:49:11.000000Z,2951,2951
2026-06-15T00:49:12.000000Z,BTCUSDT,futures,10009.5,10009.5,10009.5,10009.5,1.0,10009.5,1,0.5,0.5,5004.75,5004.75,1.0,2026-06-15T00:49:12.000000Z,2026-06-15T00:49:12.000000Z,2952,2952
2026-06-15T00:49:13.000000Z,BTCUSDT,futures,10010.0,10010.0,10010.0,10010.0,1.0,10010.0,1,0.5,0.5,5005.0,5005.0,1.0,2026-06-15T00:49:13.000000Z,2026-06-15T00:49:13.000000Z,2953,2953
2026-06-15T00:49:14.000000Z,BTCUSDT,futures,10010.5,10010.5,10010.5,10010.5,1.0,10010.5,1,0.5,0.5,5005.25,5005.25,1.0,2026-06-15T00:49:14.000000Z,2026-06-15T00:49:14.000000Z,2954,2954
2026-06-15T00:49:15.000000Z,BTCUSDT,futures,10009.5,10009.5,10009.5,10009.5,1.0,10009.5,1,0.5,0.5,5004.75,5004.75,1.0,2026-06-15T00:49:15.000000Z,2026-06-15T00:49:15.000000Z,2955,2955
2026-06-15T00:49:16.000000Z,BTCUSDT,futures,10010.0,10010.0,10010.0,10010.0,1.0,10010.0,1,0.5,0.5,5005.0,5005.0,1.0,2026-06-15T00:49:16.000000Z,2026-06-15T00:49:16.000000Z,2956,2956
2026-06-15T00:49:17.000000Z,BTCUSDT,futures,10010.5,10010.5,10010.5,10010.5,1.0,10010.5,1,0.5,0.5,5005.25,5005.25,1.0,2026-06-15T00:49:17.000000Z,2026-06-15T00:49:17.000000Z,2957,2957
2026-06-15T00:49:18.000000Z,BTCUSDT,futures,10009.5,10009.5,10009.5,10009.5,1.0,10009.5,1,0.5,0.5,5004.75,5004.75,1.0,2026-06-15T00:49:18.000000Z,2026-06-15T00:49:18.000000Z,2958,2958
2026-06-15T00:49:19.000000Z,BTCUSDT,futures,10010.0,10010.0,10010.0,10010.0,1.0,10010.0,1,0.5,0.5,5005.0,5005.0,1.0,2026-06-15T00:49:19.000000Z,2026-06-15T00:49:19.000000Z,2959,2959
2026-06-15T00:49:20.000000Z,BTCUSDT,futures,10010.5,10010.5,10010.5,10010.5,1.0,10010.5,1,0.5,0.5,5005.25,5005.25,1.0,2026-06-15T00:49:20.000000Z,2026-06-15T00:49:20.000000Z,2960,2960
2026-06-15T00:49:21.000000Z,BTCUSDT,futures,10009.5,10009.5,10009.5,10009.5,1.0,10009.5,1,0.5,0.5,5004.75,5004.75,1.0,2026-06-15T00:49:21.000000Z,2026-06-15T00:49:21.000000Z,2961,2961
2026-06-15T00:49:22.000000Z,BTCUSDT,futures,10010.0,10010.0,10010.0,10010.0,1.0,10010.0,1,0.5,0.5,5005.0,5005.0,1.0,2026-06-15T00:49:22.000000Z,2026-06-15T00:49:22.000000Z,2962,2962
2026-06-15T00:49:23.000000Z,BTCUSDT,futures,10010.5,10010.5,10010.5,10010.5,1.0,10010.5,1,0.5,0.5,5005.25,5005.25,1.0,2026-06-15T00:49:23.000000Z,2026-06-15T00:49:23.000000Z,2963,2963
2026-06-15T00:49:24.000000Z,BTCUSDT,futures,10009.5,10009.5,10009.5,10009.5,1.0,10009.5,1,0.5,0.5,5004.75,5004.75,1.0,2026-06-15T00:49:24.000000Z,2026-06-15T00:49:24.000000Z,2964,2964
2026-06-15T00:49:25.000000Z,BTCUSDT,futures,10010.0,10010.0,10010.0,10010.0,1.0,10010.0,1,0.5,0.5,5005.0,5005.0,1.0,2026-06-15T00:49:25.000000Z,2026-06-15T00:49:25.000000Z,2965,2965
2026-06-15T00:49:26.000000Z,BTCUSDT,futures,10010.5,10010.5,10010.5,10010.5,1.0,10010.5,1,0.5,0.5,5005.25,5005.25,1.0,2026-06-15T00:49:26.000000Z,2026-06-15T00:49:26.000000Z,2966,2966
2026-06-15T00:49:27.000000Z,BTCUSDT,futures,10009.5,10009.5,10009.5,10009.5,1.0,10009.5,1,0.5,0.5,5004.75,5004.75,1.0,2026-06-15T00:49:27.000000Z,2026-06-15T00:49:27.000000Z,2967,2967
2026-06-15T00:49:28.000000Z,BTCUSDT,futures,10010.0,10010.0,10010.0,10010.0,1.0,10010.0,1,0.5,0.5,5005.0,5005.0,1.0,2026-06-15T00:49:28.000000Z,2026-06-15T00:49:28.000000Z,2968,2968
2026-06-15T00:49:29.000000Z,BTCUSDT,futures,10010.5,10010.5,10010.5,10010.5,1.0,10010.5,1,0.5,0.5,5005.25,5005.25,1.0,2026-06-15T00:49:29.000000Z,2026-06-15T00:49:29.000000Z,2969,2969
2026-06-15T00:49:30.000000Z,BTCUSDT,futures,10009.5,10009.5,10009.5,10009.5,1.0,10009.5,1,0.5,0.5,5004.75,5004.75,1.0,2026-06-15T00:49:30.000000Z,2026-06-15T00:49:30.000000Z,2970,2970
2026-06-15T00:49:31.000000Z,BTCUSDT,futures,10010.0,10010.0,10010.0,10010.0,1.0,10010.0,1,0.5,0.5,5005.0,5005.0,1.0,2026-06-15T00:49:31.000000Z,2026-06-15T00:49:31.000000Z,2971,2971
2026-06-15T00:49:32.000000Z,BTCUSDT,futures,10010.5,10010.5,10010.5,10010.5,1.0,10010.5,1,0.5,0.5,5005.25,5005.25,1.0,2026-06-15T00:49:32.000000Z,2026-06-15T00:49:32.000000Z,2972,2972
2026-06-15T00:49:33.000000Z,BTCUSDT,futures,10009.5,10009.5,10009.5,10009.5,1.0,10009.5,1,0.5,0.5,5004.75,5004.75,1.0,2026-06-15T00:49:33.000000Z,2026-06-15T00:49:33.000000Z,2973,2973
2026-06-15T00:49:34.000000Z,BTCUSDT,futures,10010.0,10010.0,10010.0,10010.0,1.0,10010.0,1,0.5,0.5,5005.0,5005.0,1.0,2026-06-15T00:49:34.000000Z,2026-06-15T00:49:34.000000Z,2974,2974
2026-06-15T00:49:35.000000Z,BTCUSDT,futures,10010.5,10010.5,10010.5,10010.5,1.0,10010.5,1,0.5,0.5,5005.25,5005.25,1.0,2026-06-15T00:49:35.000000Z,2026-06-15T00:49:35.000000Z,2975,2975
2026-06-15T00:49:36.000000Z,BTCUSDT,futures,10009.5,10009.5,10009.5,10009.5,1.0,10009.5,1,0.5,0.5,5004.75,5004.75,1.0,2026-06-15T00:49:36.000000Z,2026-06-15T00:49:36.000000Z,2976,2976
2026-06-15T00:49:37.000000Z,BTCUSDT,futures,10010.0,10010.0,10010.0,10010.0,1.0,10010.0,1,0.5,0.5,5005.0,5005.0,1.0,2026-06-15T00:49:37.000000Z,2026-06-15T00:49:37.000000Z,2977,2977
2026-06-15T00:49:38.000000Z,BTCUSDT,futures,10010.5,10010.5,10010.5,10010.5,1.0,10010.5,1,0.5,0.5,5005.25,5005.25,1.0,2026-06-15T00:49:38.000000Z,2026-06-15T00:49:38.000000Z,2978,2978
2026-06-15T00:49:39.000000Z,BTCUSDT,futures,10009.5,10009.5,10009.5,10009.5,1.0,10009.5,1,0.5,0.5,5004.75,5004.75,1.0,2026-06-15T00:49:39.000000Z,2026-06-15T00:49:39.000000Z,2979,2979
2026-06-15T00:49:40.000000Z,BTCUSDT,futures,10010.0,10010.0,10010.0,10010.0,1.0,10010.0,1,0.5,0.5,5005.0,5005.0,1.0,2026-06-15T00:49:40.000000Z,2026-06-15T00:49:40.000000Z,2980,2980
2026-06-15T00:49:41.000000Z,BTCUSDT,futures,10010.5,10010.5,10010.5,10010.5,1.0,10010.5,1,0.5,0.5,5005.25,5005.25,1.0,2026-06-15T00:49:41.000000Z,2026-06-15T00:49:41.000000Z,2981,2981
2026-06-15T00:49:42.000000Z,BTCUSDT,futures,10009.5,10009.5,10009.5,10009.5,1.0,10009.5,1,0.5,0.5,5004.75,5004.75,1.0,2026-06-15T00:49:42.000000Z,2026-06-15T00:49:42.000000Z,2982,2982
2026-06-15T00:49:43.000000Z,BTCUSDT,futures,10010.0,10010.0,10010.0,10010.0,1.0,10010.0,1,0.5,0.5,5005.0,5005.0,1.0,2026-06-15T00:49:43.000000Z,2026-06-15T00:49:43.000000Z,2983,2983
2026-06-15T00:49:44.000000Z,BTCUSDT,futures,10010.5,10010.5,10010.5,10010.5,1.0,10010.5,1,0.5,0.5,5005.25,5005.25,1.0,2026-06-15T00:49:44.000000Z,2026-06-15T00:49:44.000000Z,2984,2984
2026-06-15T00:49:45.000000Z,BTCUSDT,futures,10009.5,10009.5,10009.5,10009.5,1.0,10009.5,1,0.5,0.5,5004.75,5004.75,1.0,2026-06-15T00:49:45.000000Z,2026-06-15T00:49:45.000000Z,2985,2985
2026-06-15T00:49:46.000000Z,BTCUSDT,futures,10010.0,10010.0,10010.0,10010.0,1.0,10010.0,1,0.5,0.5,5005.0,5005.0,1.0,2026-06-15T00:49:46.000000Z,2026-06-15T00:49:46.000000Z,2986,2986
2026-06-15T00:49:47.000000Z,BTCUSDT,futures,10010.5,10010.5,10010.5,10010.5,1.0,10010.5,1,0.5,0.5,5005.25,5005.25,1.0,2026-06-15T00:49:47.000000Z,2026-06-15T00:49:47.000000Z,2987,2987
2026-06-15T00:49:48.000000Z,BTCUSDT,futures,10009.5,10009.5,10009.5,10009.5,1.0,10009.5,1,0.5,0.5,5004.75,5004.75,1.0,2026-06-15T00:49:48.000000Z,2026-06-15T00:49:48.000000Z,2988,2988
2026-06-15T00:49:49.000000Z,BTCUSDT,futures,10010.0,10010.0,10010.0,10010.0,1.0,10010.0,1,0.5,0.5,5005.0,5005.0,1.0,2026-06-15T00:49:49.000000Z,2026-06-15T00:49:49.000000Z,2989,2989
2026-06-15T00:49:50.000000Z,BTCUSDT,futures,10010.5,10010.5,10010.5,10010.5,1.0,10010.5,1,0.5,0.5,5005.25,5005.25,1.0,2026-06-15T00:49:50.000000Z,2026-06-15T00:49:50.000000Z,2990,2990
2026-06-15T00:49:51.000000Z,BTCUSDT,futures,10009.5,10009.5,10009.5,10009.5,1.0,10009.5,1,0.5,0.5,5004.75,5004.75,1.0,2026-06-15T00:49:51.000000Z,2026-06-15T00:49:51.000000Z,2991,2991
2026-06-15T00:49:52.000000Z,BTCUSDT,futures,10010.0,10010.0,10010.0,10010.0,1.0,10010.0,1,0.5,0.5,5005.0,5005.0,1.0,2026-06-15T00:49:52.000000Z,2026-06-15T00:49:52.000000Z,2992,2992
2026-06-15T00:49:53.000000Z,BTCUSDT,futures,10010.5,10010.5,10010.5,10010.5,1.0,10010.5,1,0.5,0.5,5005.25,5005.25,1.0,2026-06-15T00:49:53.000000Z,2026-06-15T00:49:53.000000Z,2993,2993
2026-06-15T00:49:54.000000Z,BTCUSDT,futures,10009.5,10009.5,10009.5,10009.5,1.0,10009.5,1,0.5,0.5,5004.75,5004.75,1.0,2026-06-15T00:49:54.000000Z,2026-06-15T00:49:54.000000Z,2994,2994
2026-06-15T00:49:55.000000Z,BTCUSDT,futures,10010.0,10010.0,10010.0,10010.0,1.0,10010.0,1,0.5,0.5,5005.0,5005.0,1.0,2026-06-15T00:49:55.000000Z,2026-06-15T00:49:55.000000Z,2995,2995
2026-06-15T00:49:56.000000Z,BTCUSDT,futures,10010.5,10010.5,10010.5,10010.5,1.0,10010.5,1,0.5,0.5,5005.25,5005.25,1.0,2026-06-15T00:49:56.000000Z,2026-06-15T00:49:56.000000Z,2996,2996
2026-06-15T00:49:57.000000Z,BTCUSDT,futures,10009.5,10009.5,10009.5,10009.5,1.0,10009.5,1,0.5,0.5,5004.75,5004.75,1.0,2026-06-15T00:49:57.000000Z,2026-06-15T00:49:57.000000Z,2997,2997
2026-06-15T00:49:58.000000Z,BTCUSDT,futures,10010.0,10010.0,10010.0,10010.0,1.0,10010.0,1,0.5,0.5,5005.0,5005.0,1.0,2026-06-15T00:49:58.000000Z,2026-06-15T00:49:58.000000Z,2998,2998
2026-06-15T00:49:59.000000Z,BTCUSDT,futures,10010.5,10010.5,10010.5,10010.5,1.0,10010.5,1,0.5,0.5,5005.25,5005.25,1.0,2026-06-15T00:49:59.000000Z,2026-06-15T00:49:59.000000Z,2999,2999
2026-06-15T00:50:00.000000Z,BTCUSDT,futures,10009.5,10009.5,10009.5,10009.5,1.0,10009.5,1,0.5,0.5,5004.75,5004.75,1.0,2026-06-15T00:50:00.000000Z,2026-06-15T00:50:00.000000Z,3000,3000
2026-06-15T00:50:01.000000Z,BTCUSDT,futures,10010.0,10010.0,10010.0,10010.0,1.0,10010.0,1,0.5,0.5,5005.0,5005.0,1.0,2026-06-15T00:50:01.000000Z,2026-06-15T00:50:01.000000Z,3001,3001
2026-06-15T00:50:02.000000Z,BTCUSDT,futures,10010.5,10010.5,10010.5,10010.5,1.0,10010.5,1,0.5,0.5,5005.25,5005.25,1.0,2026-06-15T00:50:02.000000Z,2026-06-15T00:50:02.000000Z,3002,3002
2026-06-15T00:50:03.000000Z,BTCUSDT,futures,10009.5,10009.5,10009.5,10009.5,1.0,10009.5,1,0.5,0.5,5004.75,5004.75,1.0,2026-06-15T00:50:03.000000Z,2026-06-15T00:50:03.000000Z,3003,3003
2026-06-15T00:50:04.000000Z,BTCUSDT,futures,10010.0,10010.0,10010.0,10010.0,1.0,10010.0,1,0.5,0.5,5005.0,5005.0,1.0,2026-06-15T00:50:04.000000Z,2026-06-15T00:50:04.000000Z,3004,3004
2026-06-15T00:50:05.000000Z,BTCUSDT,futures,10010.5,10010.5,10010.5,10010.5,1.0,10010.5,1,0.5,0.5,5005.25,5005.25,1.0,2026-06-15T00:50:05.000000Z,2026-06-15T00:50:05.000000Z,3005,3005
2026-06-15T00:50:06.000000Z,BTCUSDT,futures,10009.5,10009.5,10009.5,10009.5,1.0,10009.5,1,0.5,0.5,5004.75,5004.75,1.0,2026-06-15T00:50:06.000000Z,2026-06-15T00:50:06.000000Z,3006,3006
2026-06-15T00:50:07.000000Z,BTCUSDT,futures,10010.0,10010.0,10010.0,10010.0,1.0,10010.0,1,0.5,0.5,5005.0,5005.0,1.0,2026-06-15T00:50:07.000000Z,2026-06-15T00:50:07.000000Z,3007,3007
2026-06-15T00:50:08.000000Z,BTCUSDT,futures,10010.5,10010.5,10010.5,10010.5,1.0,10010.5,1,0.5,0.5,5005.25,5005.25,1.0,2026-06-15T00:50:08.000000Z,2026-06-15T00:50:08.000000Z,3008,3008
2026-06-15T00:50:09.000000Z,BTCUSDT,futures,10009.5,10009.5,10009.5,10009.5,1.0,10009.5,1,0.5,0.5,5004.75,5004.75,1.0,2026-06-15T00:50:09.000000Z,2026-06-15T00:50:09.000000Z,3009,3009
2026-06-15T00:50:10.000000Z,BTCUSDT,futures,10010.0,10010.0,10010.0,10010.0,1.0,10010.0,1,0.5,0.5,5005.0,5005.0,1.0,2026-06-15T00:50:10.000000Z,2026-06-15T00:50:10.000000Z,3010,3010
2026-06-15T00:50:11.000000Z,BTCUSDT,futures,10010.5,10010.5,10010.5,10010.5,1.0,10010.5,1,0.5,0.5,5005.25,5005.25,1.0,2026-06-15T00:50:11.000000Z,2026-06-15T00:50:11.000000Z,3011,3011
2026-06-15T00:50:12.000000Z,BTCUSDT,futures,10009.5,10009.5,10009.5,10009.5,1.0,10009.5,1,0.5,0.5,5004.75,5004.75,1.0,2026-06-15T00:50:12.000000Z,2026-06-15T00:50:12.000000Z,3012,3012
2026-06-15T00:50:13.000000Z,BTCUSDT,futures,10010.0,10010.0,10010.0,10010.0,1.0,10010.0,1,0.5,0.5,5005.0,5005.0,1.0,2026-06-15T00:50:13.000000Z,2026-06-15T00:50:13.000000Z,3013,3013
2026-06-15T00:50:14.000000Z,BTCUSDT,futures,10010.5,10010.5,10010.5,10010.5,1.0,10010.5,1,0.5,0.5,5005.25,5005.25,1.0,2026-06-15T00:50:14.000000Z,2026-06-15T00:50:14.000000Z,3014,3014
2026-06-15T00:50:15.000000Z,BTCUSDT,futures,10009.5,10009.5,10009.5,10009.5,1.0,10009.5,1,0.5,0.5,5004.75,5004.75,1.0,2026-06-15T00:50:15.000000Z,2026-06-15T00:50:15.000000Z,3015,3015
2026-06-15T00:50:16.000000Z,BTCUSDT,futures,10010.0,10010.0,10010.0,10010.0,1.0,10010.0,1,0.5,0.5,5005.0,5005.0,1.0,2026-06-15T00:50:16.000000Z,2026-06-15T00:50:16.000000Z,3016,3016
2026-06-15T00:50:17.000000Z,BTCUSDT,futures,10010.5,10010.5,10010.5,10010.5,1.0,10010.5,1,0.5,0.5,5005.25,5005.25,1.0,2026-06-15T00:50:17.000000Z,2026-06-15T00:50:17.000000Z,3017,3017
2026-06-15T00:50:18.000000Z,BTCUSDT,futures,10009.5,10009.5,10009.5,10009.5,1.0,10009.5,1,0.5,0.5,5004.75,5004.75,1.0,2026-06-15T00:50:18.000000Z,2026-06-15T00:50:18.000000Z,3018,3018
2026-06-15T00:50:19.000000Z,BTCUSDT,futures,10010.0,10010.0,10010.0,10010.0,1.0,10010.0,1,0.5,0.5,5005.0,5005.0,1.0,2026-06-15T00:50:19.000000Z,2026-06-15T00:50:19.000000Z,3019,3019
2026-06-15T00:50:20.000000Z,BTCUSDT,futures,10010.5,10010.5,10010.5,10010.5,1.0,10010.5,1,0.5,0.5,5005.25,5005.25,1.0,2026-06-15T00:50:20.000000Z,2026-06-15T00:50:20.000000Z,3020,3020
2026-06-15T00:50:21.000000Z,BTCUSDT,futures,10009.5,10009.5,10009.5,10009.5,1.0,10009.5,1,0.5,0.5,5004.75,5004.75,1.0,2026-06-15T00:50:21.000000Z,2026-06-15T00:50:21.000000Z,3021,3021
2026-06-15T00:50:22.000000Z,BTCUSDT,futures,10010.0,10010.0,10010.0,10010.0,1.0,10010.0,1,0.5,0.5,5005.0,5005.0,1.0,2026-06-15T00:50:22.000000Z,2026-06-15T00:50:22.000000Z,3022,3022
2026-06-15T00:50:23.000000Z,BTCUSDT,futures,10010.5,10010.5,10010.5,10010.5,1.0,10010.5,1,0.5,0.5,5005.25,5005.25,1.0,2026-06-15T00:50:23.000000Z,2026-06-15T00:50:23.000000Z,3023,3023
2026-06-15T00:50:24.000000Z,BTCUSDT,futures,10009.5,10009.5,10009.5,10009.5,1.0,10009.5,1,0.5,0.5,5004.75,5004.75,1.0,2026-06-15T00:50:24.000000Z,2026-06-15T00:50:24.000000Z,3024,3024
2026-06-15T00:50:25.000000Z,BTCUSDT,futures,10010.0,10010.0,10010.0,10010.0,1.0,10010.0,1,0.5,0.5,5005.0,5005.0,1.0,2026-06-15T00:50:25.000000Z,2026-06-15T00:50:25.000000Z,3025,3025
2026-06-15T00:50:26.000000Z,BTCUSDT,futures,10010.5,10010.5,10010.5,10010.5,1.0,10010.5,1,0.5,0.5,5005.25,5005.25,1.0,2026-06-15T00:50:26.000000Z,2026-06-15T00:50:26.000000Z,3026,3026
2026-06-15T00:50:27.000000Z,BTCUSDT,futures,10009.5,10009.5,10009.5,10009.5,1.0,10009.5,1,0.5,0.5,5004.75,5004.75,1.0,2026-06-15T00:50:27.000000Z,2026-06-15T00:50:27.000000Z,3027,3027
2026-06-15T00:50:28.000000Z,BTCUSDT,futures,10010.0,10010.0,10010.0,10010.0,1.0,10010.0,1,0.5,0.5,5005.0,5005.0,1.0,2026-06-15T00:50:28.000000Z,2026-06-15T00:50:28.000000Z,3028,3028
2026-06-15T00:50:29.000000Z,BTCUSDT,futures,10010.5,10010.5,10010.5,10010.5,1.0,10010.5,1,0.5,0.5,5005.25,5005.25,1.0,2026-06-15T00:50:29.000000Z,2026-06-15T00:50:29.000000Z,3029,3029
2026-06-15T00:50:30.000000Z,BTCUSDT,futures,10009.5,10009.5,10009.5,10009.5,1.0,10009.5,1,0.5,0.5,5004.75,5004.75,1.0,2026-06-15T00:50:30.000000Z,2026-06-15T00:50:30.000000Z,3030,3030
2026-06-15T00:50:31.000000Z,BTCUSDT,futures,10010.0,10010.0,10010.0,10010.0,1.0,10010.0,1,0.5,0.5,5005.0,5005.0,1.0,2026-06-15T00:50:31.000000Z,2026-06-15T00:50:31.000000Z,3031,3031
2026-06-15T00:50:32.000000Z,BTCUSDT,futures,10010.5,10010.5,10010.5,10010.5,1.0,10010.5,1,0.5,0.5,5005.25,5005.25,1.0,2026-06-15T00:50:32.000000Z,2026-06-15T00:50:32.000000Z,3032,3032
2026-06-15T00:50:33.000000Z,BTCUSDT,futures,10009.5,10009.5,10009.5,10009.5,1.0,10009.5,1,0.5,0.5,5004.75,5004.75,1.0,2026-06-15T00:50:33.000000Z,2026-06-15T00:50:33.000000Z,3033,3033
2026-06-15T00:50:34.000000Z,BTCUSDT,futures,10010.0,10010.0,10010.0,10010.0,1.0,10010.0,1,0.5,0.5,5005.0,5005.0,1.0,2026-06-15T00:50:34.000000Z,2026-06-15T00:50:34.000000Z,3034,3034
2026-06-15T00:50:35.000000Z,BTCUSDT,futures,10010.5,10010.5,10010.5,10010.5,1.0,10010.5,1,0.5,0.5,5005.25,5005.25,1.0,2026-06-15T00:50:35.000000Z,2026-06-15T00:50:35.000000Z,3035,3035
2026-06-15T00:50:36.000000Z,BTCUSDT,futures,10009.5,10009.5,10009.5,10009.5,1.0,10009.5,1,0.5,0.5,5004.75,5004.75,1.0,2026-06-15T00:50:36.000000Z,2026-06-15T00:50:36.000000Z,3036,3036
2026-06-15T00:50:37.000000Z,BTCUSDT,futures,10010.0,10010.0,10010.0,10010.0,1.0,10010.0,1,0.5,0.5,5005.0,5005.0,1.0,2026-06-15T00:50:37.000000Z,2026-06-15T00:50:37.000000Z,3037,3037
2026-06-15T00:50:38.000000Z,BTCUSDT,futures,10010.5,10010.5,10010.5,10010.5,1.0,10010.5,1,0.5,0.5,5005.25,5005.25,1.0,2026-06-15T00:50:38.000000Z,2026-06-15T00:50:38.000000Z,3038,3038
2026-06-15T00:50:39.000000Z,BTCUSDT,futures,10009.5,10009.5,10009.5,10009.5,1.0,10009.5,1,0.5,0.5,5004.75,5004.75,1.0,2026-06-15T00:50:39.000000Z,2026-06-15T00:50:39.000000Z,3039,3039
2026-06-15T00:50:40.000000Z,BTCUSDT,futures,10010.0,10010.0,10010.0,10010.0,1.0,10010.0,1,0.5,0.5,5005.0,5005.0,1.0,2026-06-15T00:50:40.000000Z,2026-06-15T00:50:40.000000Z,3040,3040
2026-06-15T00:50:41.000000Z,BTCUSDT,futures,10010.5,10010.5,10010.5,10010.5,1.0,10010.5,1,0.5,0.5,5005.25,5005.25,1.0,2026-06-15T00:50:41.000000Z,2026-06-15T00:50:41.000000Z,3041,3041
2026-06-15T00:50:42.000000Z,BTCUSDT,futures,10009.5,10009.5,10009.5,10009.5,1.0,10009.5,1,0.5,0.5,5004.75,5004.75,1.0,2026-06-15T00:50:42.000000Z,2026-06-15T00:50:42.000000Z,3042,3042
2026-06-15T00:50:43.000000Z,BTCUSDT,futures,10010.0,10010.0,10010.0,10010.0,1.0,10010.0,1,0.5,0.5,5005.0,5005.0,1.0,2026-06-15T00:50:43.000000Z,2026-06-15T00:50:43.000000Z,3043,3043
2026-06-15T00:50:44.000000Z,BTCUSDT,futures,10010.5,10010.5,10010.5,10010.5,1.0,10010.5,1,0.5,0.5,5005.25,5005.25,1.0,2026-06-15T00:50:44.000000Z,2026-06-15T00:50:44.000000Z,3044,3044
2026-06-15T00:50:45.000000Z,BTCUSDT,futures,10009.5,10009.5,10009.5,10009.5,1.0,10009.5,1,0.5,0.5,5004.75,5004.75,1.0,2026-06-15T00:50:45.000000Z,2026-06-15T00:50:45.000000Z,3045,3045
2026-06-15T00:50:46.000000Z,BTCUSDT,futures,10010.0,10010.0,10010.0,10010.0,1.0,10010.0,1,0.5,0.5,5005.0,5005.0,1.0,2026-06-15T00:50:46.000000Z,2026-06-15T00:50:46.000000Z,3046,3046
2026-06-15T00:50:47.000000Z,BTCUSDT,futures,10010.5,10010.5,10010.5,10010.5,1.0,10010.5,1,0.5,0.5,5005.25,5005.25,1.0,2026-06-15T00:50:47.000000Z,2026-06-15T00:50:47.000000Z,3047,3047
2026-06-15T00:50:48.000000Z,BTCUSDT,futures,10009.5,10009.5,10009.5,10009.5,1.0,10009.5,1,0.5,0.5,5004.75,5004.75,1.0,2026-06-15T00:50:48.000000Z,2026-06-15T00:50:48.000000Z,3048,3048
2026-06-15T00:50:49.000000Z,BTCUSDT,futures,10010.0,10010.0,10010.0,10010.0,1.0,10010.0,1,0.5,0.5,5005.0,5005.0,1.0,2026-06-15T00:50:49.000000Z,2026-06-15T00:50:49.000000Z,3049,3049
2026-06-15T00:50:50.000000Z,BTCUSDT,futures,10010.5,10010.5,10010.5,10010.5,1.0,10010.5,1,0.5,0.5,5005.25,5005.25,1.0,2026-06-15T00:50:50.000000Z,2026-06-15T00:50:50.000000Z,3050,3050
2026-06-15T00:50:51.000000Z,BTCUSDT,futures,10009.5,10009.5,10009.5,10009.5,1.0,10009.5,1,0.5,0.5,5004.75,5004.75,1.0,2026-06-15T00:50:51.000000Z,2026-06-15T00:50:51.000000Z,3051,3051
2026-06-15T00:50:52.000000Z,BTCUSDT,futures,10010.0,10010.0,10010.0,10010.0,1.0,10010.0,1,0.5,0.5,5005.0,5005.0,1.0,2026-06-15T00:50:52.000000Z,2026-06-15T00:50:52.000000Z,3052,3052
2026-06-15T00:50:53.000000Z,BTCUSDT,futures,10010.5,10010.5,10010.5,10010.5,1.0,10010.5,1,0.5,0.5,5005.25,5005.25,1.0,2026-06-15T00:50:53.000000Z,2026-06-15T00:50:53.000000Z,3053,3053
2026-06-15T00:50:54.000000Z,BTCUSDT,futures,10009.5,10009.5,10009.5,10009.5,1.0,10009.5,1,0.5,0.5,5004.75,5004.75,1.0,2026-06-15T00:50:54.000000Z,2026-06-15T00:50:54.000000Z,3054,3054
2026-06-15T00:50:55.000000Z,BTCUSDT,futures,10010.0,10010.0,10010.0,10010.0,1.0,10010.0,1,0.5,0.5,5005.0,5005.0,1.0,2026-06-15T00:50:55.000000Z,2026-06-15T00:50:55.000000Z,3055,3055
2026-06-15T00:50:56.000000Z,BTCUSDT,futures,10010.5,10010.5,10010.5,10010.5,1.0,10010.5,1,0.5,0.5,5005.25,5005.25,1.0,2026-06-15T00:50:56.000000Z,2026-06-15T00:50:56.000000Z,3056,3056
2026-06-15T00:50:57.000000Z,BTCUSDT,futures,10009.5,10009.5,10009.5,10009.5,1.0,10009.5,1,0.5,0.5,5004.75,5004.75,1.0,2026-06-15T00:50:57.000000Z,2026-06-15T00:50:57.000000Z,3057,3057
2026-06-15T00:50:58.000000Z,BTCUSDT,futures,10010.0,10010.0,10010.0,10010.0,1.0,10010.0,1,0.5,0.5,5005.0,5005.0,1.0,2026-06-15T00:50:58.000000Z,2026-06-15T00:50:58.000000Z,3058,3058
2026-06-15T00:50:59.000000Z,BTCUSDT,futures,10010.5,10010.5,10010.5,10010.5,1.0,10010.5,1,0.5,0.5,5005.25,5005.25,1.0,2026-06-15T00:50:59.000000Z,2026-06-15T00:50:59.000000Z,3059,3059
2026-06-15T00:51:00.000000Z,BTCUSDT,futures,10009.5,10009.5,10009.5,10009.5,1.0,10009.5,1,0.5,0.5,5004.75,5004.75,1.0,2026-06-15T00:51:00.000000Z,2026-06-15T00:51:00.000000Z,3060,3060
2026-06-15T00:51:01.000000Z,BTCUSDT,futures,10010.0,10010.0,10010.0,10010.0,1.0,10010.0,1,0.5,0.5,5005.0,5005.0,1.0,2026-06-15T00:51:01.000000Z,2026-06-15T00:51:01.000000Z,3061,3061
2026-06-15T00:51:02.000000Z,BTCUSDT,futures,10010.5,10010.5,10010.5,10010.5,1.0,10010.5,1,0.5,0.5,5005.25,5005.25,1.0,2026-06-15T00:51:02.000000Z,2026-06-15T00:51:02.000000Z,3062,3062
2026-06-15T00:51:03.000000Z,BTCUSDT,futures,10009.5,10009.5,10009.5,10009.5,1.0,10009.5,1,0.5,0.5,5004.75,5004.75,1.0,2026-06-15T00:51:03.000000Z,2026-06-15T00:51:03.000000Z,3063,3063
2026-06-15T00:51:04.000000Z,BTCUSDT,futures,10010.0,10010.0,10010.0,10010.0,1.0,10010.0,1,0.5,0.5,5005.0,5005.0,1.0,2026-06-15T00:51:04.000000Z,2026-06-15T00:51:04.000000Z,3064,3064
2026-06-15T00:51:05.000000Z,BTCUSDT,futures,10010.5,10010.5,10010.5,10010.5,1.0,10010.5,1,0.5,0.5,5005.25,5005.25,1.0,2026-06-15T00:51:05.000000Z,2026-06-15T00:51:05.000000Z,3065,3065
2026-06-15T00:51:06.000000Z,BTCUSDT,futures,10009.5,10009.5,10009.5,10009.5,1.0,10009.5,1,0.5,0.5,5004.75,5004.75,1.0,2026-06-15T00:51:06.000000Z,2026-06-15T00:51:06.000000Z,3066,3066
2026-06-15T00:51:07.000000Z,BTCUSDT,futures,10010.0,10010.0,10010.0,10010.0,1.0,10010.0,1,0.5,0.5,5005.0,5005.0,1.0,2026-06-15T00:51:07.000000Z,2026-06-15T00:51:07.000000Z,3067,3067
2026-06-15T00:51:08.000000Z,BTCUSDT,futures,10010.5,10010.5,10010.5,10010.5,1.0,10010.5,1,0.5,0.5,5005.25,5005.25,1.0,2026-06-15T00:51:08.000000Z,2026-06-15T00:51:08.000000Z,3068,3068
2026-06-15T00:51:09.000000Z,BTCUSDT,futures,10009.5,10009.5,10009.5,10009.5,1.0,10009.5,1,0.5,0.5,5004.75,5004.75,1.0,2026-06-15T00:51:09.000000Z,2026-06-15T00:51:09.000000Z,3069,3069
2026-06-15T00:51:10.000000Z,BTCUSDT,futures,10010.0,10010.0,10010.0,10010.0,1.0,10010.0,1,0.5,0.5,5005.0,5005.0,1.0,2026-06-15T00:51:10.000000Z,2026-06-15T00:51:10.000000Z,3070,3070
2026-06-15T00:51:11.000000Z,BTCUSDT,futures,10010.5,10010.5,10010.5,10010.5,1.0,10010.5,1,0.5,0.5,5005.25,5005.25,1.0,2026-06-15T00:51:11.000000Z,2026-06-15T00:51:11.000000Z,3071,3071
2026-06-15T00:51:12.000000Z,BTCUSDT,futures,10009.5,10009.5,10009.5,10009.5,1.0,10009.5,1,0.5,0.5,5004.75,5004.75,1.0,2026-06-15T00:51:12.000000Z,2026-06-15T00:51:12.000000Z,3072,3072
2026-06-15T00:51:13.000000Z,BTCUSDT,futures,10010.0,10010.0,10010.0,10010.0,1.0,10010.0,1,0.5,0.5,5005.0,5005.0,1.0,2026-06-15T00:51:13.000000Z,2026-06-15T00:51:13.000000Z,3073,3073
2026-06-15T00:51:14.000000Z,BTCUSDT,futures,10010.5,10010.5,10010.5,10010.5,1.0,10010.5,1,0.5,0.5,5005.25,5005.25,1.0,2026-06-15T00:51:14.000000Z,2026-06-15T00:51:14.000000Z,3074,3074
2026-06-15T00:51:15.000000Z,BTCUSDT,futures,10009.5,10009.5,10009.5,10009.5,1.0,10009.5,1,0.5,0.5,5004.75,5004.75,1.0,2026-06-15T00:51:15.000000Z,2026-06-15T00:51:15.000000Z,3075,3075
2026-06-15T00:51:16.000000Z,BTCUSDT,futures,10010.0,10010.0,10010.0,10010.0,1.0,10010.0,1,0.5,0.5,5005.0,5005.0,1.0,2026-06-15T00:51:16.000000Z,2026-06-15T00:51:16.000000Z,3076,3076
2026-06-15T00:51:17.000000Z,BTCUSDT,futures,10010.5,10010.5,10010.5,10010.5,1.0,10010.5,1,0.5,0.5,5005.25,5005.25,1.0,2026-06-15T00:51:17.000000Z,2026-06-15T00:51:17.000000Z,3077,3077
2026-06-15T00:51:18.000000Z,BTCUSDT,futures,10009.5,10009.5,10009.5,10009.5,1.0,10009.5,1,0.5,0.5,5004.75,5004.75,1.0,2026-06-15T00:51:18.000000Z,2026-06-15T00:51:18.000000Z,3078,3078
2026-06-15T00:51:19.000000Z,BTCUSDT,futures,10010.0,10010.0,10010.0,10010.0,1.0,10010.0,1,0.5,0.5,5005.0,5005.0,1.0,2026-06-15T00:51:19.000000Z,2026-06-15T00:51:19.000000Z,3079,3079
2026-06-15T00:51:20.000000Z,BTCUSDT,futures,10010.5,10010.5,10010.5,10010.5,1.0,10010.5,1,0.5,0.5,5005.25,5005.25,1.0,2026-06-15T00:51:20.000000Z,2026-06-15T00:51:20.000000Z,3080,3080
2026-06-15T00:51:21.000000Z,BTCUSDT,futures,10009.5,10009.5,10009.5,10009.5,1.0,10009.5,1,0.5,0.5,5004.75,5004.75,1.0,2026-06-15T00:51:21.000000Z,2026-06-15T00:51:21.000000Z,3081,3081
2026-06-15T00:51:22.000000Z,BTCUSDT,futures,10010.0,10010.0,10010.0,10010.0,1.0,10010.0,1,0.5,0.5,5005.0,5005.0,1.0,2026-06-15T00:51:22.000000Z,2026-06-15T00:51:22.000000Z,3082,3082
2026-06-15T00:51:23.000000Z,BTCUSDT,futures,10010.5,10010.5,10010.5,10010.5,1.0,10010.5,1,0.5,0.5,5005.25,5005.25,1.0,2026-06-15T00:51:23.000000Z,2026-06-15T00:51:23.000000Z,3083,3083
2026-06-15T00:51:24.000000Z,BTCUSDT,futures,10009.5,10009.5,10009.5,10009.5,1.0,10009.5,1,0.5,0.5,5004.75,5004.75,1.0,2026-06-15T00:51:24.000000Z,2026-06-15T00:51:24.000000Z,3084,3084
2026-06-15T00:51:25.000000Z,BTCUSDT,futures,10010.0,10010.0,10010.0,10010.0,1.0,10010.0,1,0.5,0.5,5005.0,5005.0,1.0,2026-06-15T00:51:25.000000Z,2026-06-15T00:51:25.000000Z,3085,3085
2026-06-15T00:51:26.000000Z,BTCUSDT,futures,10010.5,10010.5,10010.5,10010.5,1.0,10010.5,1,0.5,0.5,5005.25,5005.25,1.0,2026-06-15T00:51:26.000000Z,2026-06-15T00:51:26.000000Z,3086,3086
2026-06-15T00:51:27.000000Z,BTCUSDT,futures,10009.5,10009.5,10009.5,10009.5,1.0,10009.5,1,0.5,0.5,5004.75,5004.75,1.0,2026-06-15T00:51:27.000000Z,2026-06-15T00:51:27.000000Z,3087,3087
2026-06-15T00:51:28.000000Z,BTCUSDT,futures,10010.0,10010.0,10010.0,10010.0,1.0,10010.0,1,0.5,0.5,5005.0,5005.0,1.0,2026-06-15T00:51:28.000000Z,2026-06-15T00:51:28.000000Z,3088,3088
2026-06-15T00:51:29.000000Z,BTCUSDT,futures,10010.5,10010.5,10010.5,10010.5,1.0,10010.5,1,0.5,0.5,5005.25,5005.25,1.0,2026-06-15T00:51:29.000000Z,2026-06-15T00:51:29.000000Z,3089,3089
2026-06-15T00:51:30.000000Z,BTCUSDT,futures,10009.5,10009.5,10009.5,10009.5,1.0,10009.5,1,0.5,0.5,5004.75,5004.75,1.0,2026-06-15T00:51:30.000000Z,2026-06-15T00:51:30.000000Z,3090,3090
2026-06-15T00:51:31.000000Z,BTCUSDT,futures,10010.0,10010.0,10010.0,10010.0,1.0,10010.0,1,0.5,0.5,5005.0,5005.0,1.0,2026-06-15T00:51:31.000000Z,2026-06-15T00:51:31.000000Z,3091,3091
2026-06-15T00:51:32.000000Z,BTCUSDT,futures,10010.5,10010.5,10010.5,10010.5,1.0,10010.5,1,0.5,0.5,5005.25,5005.25,1.0,2026-06-15T00:51:32.000000Z,2026-06-15T00:51:32.000000Z,3092,3092
2026-06-15T00:51:33.000000Z,BTCUSDT,futures,10009.5,10009.5,10009.5,10009.5,1.0,10009.5,1,0.5,0.5,5004.75,5004.75,1.0,2026-06-15T00:51:33.000000Z,2026-06-15T00:51:33.000000Z,3093,3093
2026-06-15T00:51:34.000000Z,BTCUSDT,futures,10010.0,10010.0,10010.0,10010.0,1.0,10010.0,1,0.5,0.5,5005.0,5005.0,1.0,2026-06-15T00:51:34.000000Z,2026-06-15T00:51:34.000000Z,3094,3094
2026-06-15T00:51:35.000000Z,BTCUSDT,futures,10010.5,10010.5,10010.5,10010.5,1.0,10010.5,1,0.5,0.5,5005.25,5005.25,1.0,2026-06-15T00:51:35.000000Z,2026-06-15T00:51:35.000000Z,3095,3095
2026-06-15T00:51:36.000000Z,BTCUSDT,futures,10009.5,10009.5,10009.5,10009.5,1.0,10009.5,1,0.5,0.5,5004.75,5004.75,1.0,2026-06-15T00:51:36.000000Z,2026-06-15T00:51:36.000000Z,3096,3096
2026-06-15T00:51:37.000000Z,BTCUSDT,futures,10010.0,10010.0,10010.0,10010.0,1.0,10010.0,1,0.5,0.5,5005.0,5005.0,1.0,2026-06-15T00:51:37.000000Z,2026-06-15T00:51:37.000000Z,3097,3097
2026-06-15T00:51:38.000000Z,BTCUSDT,futures,10010.5,10010.5,10010.5,10010.5,1.0,10010.5,1,0.5,0.5,5005.25,5005.25,1.0,2026-06-15T00:51:38.000000Z,2026-06-15T00:51:38.000000Z,3098,3098
2026-06-15T00:51:39.000000Z,BTCUSDT,futures,10009.5,10009.5,10009.5,10009.5,1.0,10009.5,1,0.5,0.5,5004.75,5004.75,1.0,2026-06-15T00:51:39.000000Z,2026-06-15T00:51:39.000000Z,3099,3099
2026-06-15T00:51:40.000000Z,BTCUSDT,futures,10010.0,10010.0,10010.0,10010.0,1.0,10010.0,1,0.5,0.5,5005.0,5005.0,1.0,2026-06-15T00:51:40.000000Z,2026-06-15T00:51:40.000000Z,3100,3100
2026-06-15T00:51:41.000000Z,BTCUSDT,futures,10010.5,10010.5,10010.5,10010.5,1.0,10010.5,1,0.5,0.5,5005.25,5005.25,1.0,2026-06-15T00:51:41.000000Z,2026-06-15T00:51:41.000000Z,3101,3101
2026-06-15T00:51:42.000000Z,BTCUSDT,futures,10009.5,10009.5,10009.5,10009.5,1.0,10009.5,1,0.5,0.5,5004.75,5004.75,1.0,2026-06-15T00:51:42.000000Z,2026-06-15T00:51:42.000000Z,3102,3102
2026-06-15T00:51:43.000000Z,BTCUSDT,futures,10010.0,10010.0,10010.0,10010.0,1.0,10010.0,1,0.5,0.5,5005.0,5005.0,1.0,2026-06-15T00:51:43.000000Z,2026-06-15T00:51:43.000000Z,3103,3103
2026-06-15T00:51:44.000000Z,BTCUSDT,futures,10010.5,10010.5,10010.5,10010.5,1.0,10010.5,1,0.5,0.5,5005.25,5005.25,1.0,2026-06-15T00:51:44.000000Z,2026-06-15T00:51:44.000000Z,3104,3104
2026-06-15T00:51:45.000000Z,BTCUSDT,futures,10009.5,10009.5,10009.5,10009.5,1.0,10009.5,1,0.5,0.5,5004.75,5004.75,1.0,2026-06-15T00:51:45.000000Z,2026-06-15T00:51:45.000000Z,3105,3105
2026-06-15T00:51:46.000000Z,BTCUSDT,futures,10010.0,10010.0,10010.0,10010.0,1.0,10010.0,1,0.5,0.5,5005.0,5005.0,1.0,2026-06-15T00:51:46.000000Z,2026-06-15T00:51:46.000000Z,3106,3106
2026-06-15T00:51:47.000000Z,BTCUSDT,futures,10010.5,10010.5,10010.5,10010.5,1.0,10010.5,1,0.5,0.5,5005.25,5005.25,1.0,2026-06-15T00:51:47.000000Z,2026-06-15T00:51:47.000000Z,3107,3107
2026-06-15T00:51:48.000000Z,BTCUSDT,futures,10009.5,10009.5,10009.5,10009.5,1.0,10009.5,1,0.5,0.5,5004.75,5004.75,1.0,2026-06-15T00:51:48.000000Z,2026-06-15T00:51:48.000000Z,3108,3108
2026-06-15T00:51:49.000000Z,BTCUSDT,futures,10010.0,10010.0,10010.0,10010.0,1.0,10010.0,1,0.5,0.5,5005.0,5005.0,1.0,2026-06-15T00:51:49.000000Z,2026-06-15T00:51:49.000000Z,3109,3109
2026-06-15T00:51:50.000000Z,BTCUSDT,futures,10010.5,10010.5,10010.5,10010.5,1.0,10010.5,1,0.5,0.5,5005.25,5005.25,1.0,2026-06-15T00:51:50.000000Z,2026-06-15T00:51:50.000000Z,3110,3110
2026-06-15T00:51:51.000000Z,BTCUSDT,futures,10009.5,10009.5,10009.5,10009.5,1.0,10009.5,1,0.5,0.5,5004.75,5004.75,1.0,2026-06-15T00:51:51.000000Z,2026-06-15T00:51:51.000000Z,3111,3111
2026-06-15T00:51:52.000000Z,BTCUSDT,futures,10010.0,10010.0,10010.0,10010.0,1.0,10010.0,1,0.5,0.5,5005.0,5005.0,1.0,2026-06-15T00:51:52.000000Z,2026-06-15T00:51:52.000000Z,3112,3112
2026-06-15T00:51:53.000000Z,BTCUSDT,futures,10010.5,10010.5,10010.5,10010.5,1.0,10010.5,1,0.5,0.5,5005.25,5005.25,1.0,2026-06-15T00:51:53.000000Z,2026-06-15T00:51:53.000000Z,3113,3113
2026-06-15T00:51:54.000000Z,BTCUSDT,futures,10009.5,10009.5,10009.5,10009.5,1.0,10009.5,1,0.5,0.5,5004.75,5004.75,1.0,2026-06-15T00:51:54.000000Z,2026-06-15T00:51:54.000000Z,3114,3114
2026-06-15T00:51:55.000000Z,BTCUSDT,futures,10010.0,10010.0,10010.0,10010.0,1.0,10010.0,1,0.5,0.5,5005.0,5005.0,1.0,2026-06-15T00:51:55.000000Z,2026-06-15T00:51:55.000000Z,3115,3115
2026-06-15T00:51:56.000000Z,BTCUSDT,futures,10010.5,10010.5,10010.5,10010.5,1.0,10010.5,1,0.5,0.5,5005.25,5005.25,1.0,2026-06-15T00:51:56.000000Z,2026-06-15T00:51:56.000000Z,3116,3116
2026-06-15T00:51:57.000000Z,BTCUSDT,futures,10009.5,10009.5,10009.5,10009.5,1.0,10009.5,1,0.5,0.5,5004.75,5004.75,1.0,2026-06-15T00:51:57.000000Z,2026-06-15T00:51:57.000000Z,3117,3117
2026-06-15T00:51:58.000000Z,BTCUSDT,futures,10010.0,10010.0,10010.0,10010.0,1.0,10010.0,1,0.5,0.5,5005.0,5005.0,1.0,2026-06-15T00:51:58.000000Z,2026-06-15T00:51:58.000000Z,3118,3118
2026-06-15T00:51:59.000000Z,BTCUSDT,futures,10010.5,10010.5,10010.5,10010.5,1.0,10010.5,1,0.5,0.5,5005.25,5005.25,1.0,2026-06-15T00:51:59.000000Z,2026-06-15T00:51:59.000000Z,3119,3119
2026-06-15T00:52:00.000000Z,BTCUSDT,futures,10009.5,10009.5,10009.5,10009.5,1.0,10009.5,1,0.5,0.5,5004.75,5004.75,1.0,2026-06-15T00:52:00.000000Z,2026-06-15T00:52:00.000000Z,3120,3120
2026-06-15T00:52:01.000000Z,BTCUSDT,futures,10010.0,10010.0,10010.0,10010.0,1.0,10010.0,1,0.5,0.5,5005.0,5005.0,1.0,2026-06-15T00:52:01.000000Z,2026-06-15T00:52:01.000000Z,3121,3121
2026-06-15T00:52:02.000000Z,BTCUSDT,futures,10010.5,10010.5,10010.5,10010.5,1.0,10010.5,1,0.5,0.5,5005.25,5005.25,1.0,2026-06-15T00:52:02.000000Z,2026-06-15T00:52:02.000000Z,3122,3122
2026-06-15T00:52:03.000000Z,BTCUSDT,futures,10009.5,10009.5,10009.5,10009.5,1.0,10009.5,1,0.5,0.5,5004.75,5004.75,1.0,2026-06-15T00:52:03.000000Z,2026-06-15T00:52:03.000000Z,3123,3123
2026-06-15T00:52:04.000000Z,BTCUSDT,futures,10010.0,10010.0,10010.0,10010.0,1.0,10010.0,1,0.5,0.5,5005.0,5005.0,1.0,2026-06-15T00:52:04.000000Z,2026-06-15T00:52:04.000000Z,3124,3124
2026-06-15T00:52:05.000000Z,BTCUSDT,futures,10010.5,10010.5,10010.5,10010.5,1.0,10010.5,1,0.5,0.5,5005.25,5005.25,1.0,2026-06-15T00:52:05.000000Z,2026-06-15T00:52:05.000000Z,3125,3125
2026-06-15T00:52:06.000000Z,BTCUSDT,futures,10009.5,10009.5,10009.5,10009.5,1.0,10009.5,1,0.5,0.5,5004.75,5004.75,1.0,2026-06-15T00:52:06.000000Z,2026-06-15T00:52:06.000000Z,3126,3126
2026-06-15T00:52:07.000000Z,BTCUSDT,futures,10010.0,10010.0,10010.0,10010.0,1.0,10010.0,1,0.5,0.5,5005.0,5005.0,1.0,2026-06-15T00:52:07.000000Z,2026-06-15T00:52:07.000000Z,3127,3127
2026-06-15T00:52:08.000000Z,BTCUSDT,futures,10010.5,10010.5,10010.5,10010.5,1.0,10010.5,1,0.5,0.5,5005.25,5005.25,1.0,2026-06-15T00:52:08.000000Z,2026-06-15T00:52:08.000000Z,3128,3128
2026-06-15T00:52:09.000000Z,BTCUSDT,futures,10009.5,10009.5,10009.5,10009.5,1.0,10009.5,1,0.5,0.5,5004.75,5004.75,1.0,2026-06-15T00:52:09.000000Z,2026-06-15T00:52:09.000000Z,3129,3129
2026-06-15T00:52:10.000000Z,BTCUSDT,futures,10010.0,10010.0,10010.0,10010.0,1.0,10010.0,1,0.5,0.5,5005.0,5005.0,1.0,2026-06-15T00:52:10.000000Z,2026-06-15T00:52:10.000000Z,3130,3130
2026-06-15T00:52:11.000000Z,BTCUSDT,futures,10010.5,10010.5,10010.5,10010.5,1.0,10010.5,1,0.5,0.5,5005.25,5005.25,1.0,2026-06-15T00:52:11.000000Z,2026-06-15T00:52:11.000000Z,3131,3131
2026-06-15T00:52:12.000000Z,BTCUSDT,futures,10009.5,10009.5,10009.5,10009.5,1.0,10009.5,1,0.5,0.5,5004.75,5004.75,1.0,2026-06-15T00:52:12.000000Z,2026-06-15T00:52:12.000000Z,3132,3132
2026-06-15T00:52:13.000000Z,BTCUSDT,futures,10010.0,10010.0,10010.0,10010.0,1.0,10010.0,1,0.5,0.5,5005.0,5005.0,1.0,2026-06-15T00:52:13.000000Z,2026-06-15T00:52:13.000000Z,3133,3133
2026-06-15T00:52:14.000000Z,BTCUSDT,futures,10010.5,10010.5,10010.5,10010.5,1.0,10010.5,1,0.5,0.5,5005.25,5005.25,1.0,2026-06-15T00:52:14.000000Z,2026-06-15T00:52:14.000000Z,3134,3134
2026-06-15T00:52:15.000000Z,BTCUSDT,futures,10009.5,10009.5,10009.5,10009.5,1.0,10009.5,1,0.5,0.5,5004.75,5004.75,1.0,2026-06-15T00:52:15.000000Z,2026-06-15T00:52:15.000000Z,3135,3135
2026-06-15T00:52:16.000000Z,BTCUSDT,futures,10010.0,10010.0,10010.0,10010.0,1.0,10010.0,1,0.5,0.5,5005.0,5005.0,1.0,2026-06-15T00:52:16.000000Z,2026-06-15T00:52:16.000000Z,3136,3136
2026-06-15T00:52:17.000000Z,BTCUSDT,futures,10010.5,10010.5,10010.5,10010.5,1.0,10010.5,1,0.5,0.5,5005.25,5005.25,1.0,2026-06-15T00:52:17.000000Z,2026-06-15T00:52:17.000000Z,3137,3137
2026-06-15T00:52:18.000000Z,BTCUSDT,futures,10009.5,10009.5,10009.5,10009.5,1.0,10009.5,1,0.5,0.5,5004.75,5004.75,1.0,2026-06-15T00:52:18.000000Z,2026-06-15T00:52:18.000000Z,3138,3138
2026-06-15T00:52:19.000000Z,BTCUSDT,futures,10010.0,10010.0,10010.0,10010.0,1.0,10010.0,1,0.5,0.5,5005.0,5005.0,1.0,2026-06-15T00:52:19.000000Z,2026-06-15T00:52:19.000000Z,3139,3139
2026-06-15T00:52:20.000000Z,BTCUSDT,futures,10010.5,10010.5,10010.5,10010.5,1.0,10010.5,1,0.5,0.5,5005.25,5005.25,1.0,2026-06-15T00:52:20.000000Z,2026-06-15T00:52:20.000000Z,3140,3140
2026-06-15T00:52:21.000000Z,BTCUSDT,futures,10009.5,10009.5,10009.5,10009.5,1.0,10009.5,1,0.5,0.5,5004.75,5004.75,1.0,2026-06-15T00:52:21.000000Z,2026-06-15T00:52:21.000000Z,3141,3141
2026-06-15T00:52:22.000000Z,BTCUSDT,futures,10010.0,10010.0,10010.0,10010.0,1.0,10010.0,1,0.5,0.5,5005.0,5005.0,1.0,2026-06-15T00:52:22.000000Z,2026-06-15T00:52:22.000000Z,3142,3142
2026-06-15T00:52:23.000000Z,BTCUSDT,futures,10010.5,10010.5,10010.5,10010.5,1.0,10010.5,1,0.5,0.5,5005.25,5005.25,1.0,2026-06-15T00:52:23.000000Z,2026-06-15T00:52:23.000000Z,3143,3143
2026-06-15T00:52:24.000000Z,BTCUSDT,futures,10009.5,10009.5,10009.5,10009.5,1.0,10009.5,1,0.5,0.5,5004.75,5004.75,1.0,2026-06-15T00:52:24.000000Z,2026-06-15T00:52:24.000000Z,3144,3144
2026-06-15T00:52:25.000000Z,BTCUSDT,futures,10010.0,10010.0,10010.0,10010.0,1.0,10010.0,1,0.5,0.5,5005.0,5005.0,1.0,2026-06-15T00:52:25.000000Z,2026-06-15T00:52:25.000000Z,3145,3145
2026-06-15T00:52:26.000000Z,BTCUSDT,futures,10010.5,10010.5,10010.5,10010.5,1.0,10010.5,1,0.5,0.5,5005.25,5005.25,1.0,2026-06-15T00:52:26.000000Z,2026-06-15T00:52:26.000000Z,3146,3146
2026-06-15T00:52:27.000000Z,BTCUSDT,futures,10009.5,10009.5,10009.5,10009.5,1.0,10009.5,1,0.5,0.5,5004.75,5004.75,1.0,2026-06-15T00:52:27.000000Z,2026-06-15T00:52:27.000000Z,3147,3147
2026-06-15T00:52:28.000000Z,BTCUSDT,futures,10010.0,10010.0,10010.0,10010.0,1.0,10010.0,1,0.5,0.5,5005.0,5005.0,1.0,2026-06-15T00:52:28.000000Z,2026-06-15T00:52:28.000000Z,3148,3148
2026-06-15T00:52:29.000000Z,BTCUSDT,futures,10010.5,10010.5,10010.5,10010.5,1.0,10010.5,1,0.5,0.5,5005.25,5005.25,1.0,2026-06-15T00:52:29.000000Z,2026-06-15T00:52:29.000000Z,3149,3149
2026-06-15T00:52:30.000000Z,BTCUSDT,futures,10009.5,10009.5,10009.5,10009.5,1.0,10009.5,1,0.5,0.5,5004.75,5004.75,1.0,2026-06-15T00:52:30.000000Z,2026-06-15T00:52:30.000000Z,3150,3150
2026-06-15T00:52:31.000000Z,BTCUSDT,futures,10010.0,10010.0,10010.0,10010.0,1.0,10010.0,1,0.5,0.5,5005.0,5005.0,1.0,2026-06-15T00:52:31.000000Z,2026-06-15T00:52:31.000000Z,3151,3151
2026-06-15T00:52:32.000000Z,BTCUSDT,futures,10010.5,10010.5,10010.5,10010.5,1.0,10010.5,1,0.5,0.5,5005.25,5005.25,1.0,2026-06-15T00:52:32.000000Z,2026-06-15T00:52:32.000000Z,3152,3152
2026-06-15T00:52:33.000000Z,BTCUSDT,futures,10009.5,10009.5,10009.5,10009.5,1.0,10009.5,1,0.5,0.5,5004.75,5004.75,1.0,2026-06-15T00:52:33.000000Z,2026-06-15T00:52:33.000000Z,3153,3153
2026-06-15T00:52:34.000000Z,BTCUSDT,futures,10010.0,10010.0,10010.0,10010.0,1.0,10010.0,1,0.5,0.5,5005.0,5005.0,1.0,2026-06-15T00:52:34.000000Z,2026-06-15T00:52:34.000000Z,3154,3154
2026-06-15T00:52:35.000000Z,BTCUSDT,futures,10010.5,10010.5,10010.5,10010.5,1.0,10010.5,1,0.5,0.5,5005.25,5005.25,1.0,2026-06-15T00:52:35.000000Z,2026-06-15T00:52:35.000000Z,3155,3155
2026-06-15T00:52:36.000000Z,BTCUSDT,futures,10009.5,10009.5,10009.5,10009.5,1.0,10009.5,1,0.5,0.5,5004.75,5004.75,1.0,2026-06-15T00:52:36.000000Z,2026-06-15T00:52:36.000000Z,3156,3156
2026-06-15T00:52:37.000000Z,BTCUSDT,futures,10010.0,10010.0,10010.0,10010.0,1.0,10010.0,1,0.5,0.5,5005.0,5005.0,1.0,2026-06-15T00:52:37.000000Z,2026-06-15T00:52:37.000000Z,3157,3157
2026-06-15T00:52:38.000000Z,BTCUSDT,futures,10010.5,10010.5,10010.5,10010.5,1.0,10010.5,1,0.5,0.5,5005.25,5005.25,1.0,2026-06-15T00:52:38.000000Z,2026-06-15T00:52:38.000000Z,3158,3158
2026-06-15T00:52:39.000000Z,BTCUSDT,futures,10009.5,10009.5,10009.5,10009.5,1.0,10009.5,1,0.5,0.5,5004.75,5004.75,1.0,2026-06-15T00:52:39.000000Z,2026-06-15T00:52:39.000000Z,3159,3159
2026-06-15T00:52:40.000000Z,BTCUSDT,futures,10010.0,10010.0,10010.0,10010.0,1.0,10010.0,1,0.5,0.5,5005.0,5005.0,1.0,2026-06-15T00:52:40.000000Z,2026-06-15T00:52:40.000000Z,3160,3160
2026-06-15T00:52:41.000000Z,BTCUSDT,futures,10010.5,10010.5,10010.5,10010.5,1.0,10010.5,1,0.5,0.5,5005.25,5005.25,1.0,2026-06-15T00:52:41.000000Z,2026-06-15T00:52:41.000000Z,3161,3161
2026-06-15T00:52:42.000000Z,BTCUSDT,futures,10009.5,10009.5,10009.5,10009.5,1.0,10009.5,1,0.5,0.5,5004.75,5004.75,1.0,2026-06-15T00:52:42.000000Z,2026-06-15T00:52:42.000000Z,3162,3162
2026-06-15T00:52:43.000000Z,BTCUSDT,futures,10010.0,10010.0,10010.0,10010.0,1.0,10010.0,1,0.5,0.5,5005.0,5005.0,1.0,2026-06-15T00:52:43.000000Z,2026-06-15T00:52:43.000000Z,3163,3163
2026-06-15T00:52:44.000000Z,BTCUSDT,futures,10010.5,10010.5,10010.5,10010.5,1.0,10010.5,1,0.5,0.5,5005.25,5005.25,1.0,2026-06-15T00:52:44.000000Z,2026-06-15T00:52:44.000000Z,3164,3164
2026-06-15T00:52:45.000000Z,BTCUSDT,futures,10009.5,10009.5,10009.5,10009.5,1.0,10009.5,1,0.5,0.5,5004.75,5004.75,1.0,2026-06-15T00:52:45.000000Z,2026-06-15T00:52:45.000000Z,3165,3165
2026-06-15T00:52:46.000000Z,BTCUSDT,futures,10010.0,10010.0,10010.0,10010.0,1.0,10010.0,1,0.5,0.5,5005.0,5005.0,1.0,2026-06-15T00:52:46.000000Z,2026-06-15T00:52:46.000000Z,3166,3166
2026-06-15T00:52:47.000000Z,BTCUSDT,futures,10010.5,10010.5,10010.5,10010.5,1.0,10010.5,1,0.5,0.5,5005.25,5005.25,1.0,2026-06-15T00:52:47.000000Z,2026-06-15T00:52:47.000000Z,3167,3167
2026-06-15T00:52:48.000000Z,BTCUSDT,futures,10009.5,10009.5,10009.5,10009.5,1.0,10009.5,1,0.5,0.5,5004.75,5004.75,1.0,2026-06-15T00:52:48.000000Z,2026-06-15T00:52:48.000000Z,3168,3168
2026-06-15T00:52:49.000000Z,BTCUSDT,futures,10010.0,10010.0,10010.0,10010.0,1.0,10010.0,1,0.5,0.5,5005.0,5005.0,1.0,2026-06-15T00:52:49.000000Z,2026-06-15T00:52:49.000000Z,3169,3169
2026-06-15T00:52:50.000000Z,BTCUSDT,futures,10010.5,10010.5,10010.5,10010.5,1.0,10010.5,1,0.5,0.5,5005.25,5005.25,1.0,2026-06-15T00:52:50.000000Z,2026-06-15T00:52:50.000000Z,3170,3170
2026-06-15T00:52:51.000000Z,BTCUSDT,futures,10009.5,10009.5,10009.5,10009.5,1.0,10009.5,1,0.5,0.5,5004.75,5004.75,1.0,2026-06-15T00:52:51.000000Z,2026-06-15T00:52:51.000000Z,3171,3171
2026-06-15T00:52:52.000000Z,BTCUSDT,futures,10010.0,10010.0,10010.0,10010.0,1.0,10010.0,1,0.5,0.5,5005.0,5005.0,1.0,2026-06-15T00:52:52.000000Z,2026-06-15T00:52:52.000000Z,3172,3172
2026-06-15T00:52:53.000000Z,BTCUSDT,futures,10010.5,10010.5,10010.5,10010.5,1.0,10010.5,1,0.5,0.5,5005.25,5005.25,1.0,2026-06-15T00:52:53.000000Z,2026-06-15T00:52:53.000000Z,3173,3173
2026-06-15T00:52:54.000000Z,BTCUSDT,futures,10009.5,10009.5,10009.5,10009.5,1.0,10009.5,1,0.5,0.5,5004.75,5004.75,1.0,2026-06-15T00:52:54.000000Z,2026-06-15T00:52:54.000000Z,3174,3174
2026-06-15T00:52:55.000000Z,BTCUSDT,futures,10010.0,10010.0,10010.0,10010.0,1.0,10010.0,1,0.5,0.5,5005.0,5005.0,1.0,2026-06-15T00:52:55.000000Z,2026-06-15T00:52:55.000000Z,3175,3175
2026-06-15T00:52:56.000000Z,BTCUSDT,futures,10010.5,10010.5,10010.5,10010.5,1.0,10010.5,1,0.5,0.5,5005.25,5005.25,1.0,2026-06-15T00:52:56.000000Z,2026-06-15T00:52:56.000000Z,3176,3176
2026-06-15T00:52:57.000000Z,BTCUSDT,futures,10009.5,10009.5,10009.5,10009.5,1.0,10009.5,1,0.5,0.5,5004.75,5004.75,1.0,2026-06-15T00:52:57.000000Z,2026-06-15T00:52:57.000000Z,3177,3177
2026-06-15T00:52:58.000000Z,BTCUSDT,futures,10010.0,10010.0,10010.0,10010.0,1.0,10010.0,1,0.5,0.5,5005.0,5005.0,1.0,2026-06-15T00:52:58.000000Z,2026-06-15T00:52:58.000000Z,3178,3178
2026-06-15T00:52:59.000000Z,BTCUSDT,futures,10010.5,10010.5,10010.5,10010.5,1.0,10010.5,1,0.5,0.5,5005.25,5005.25,1.0,2026-06-15T00:52:59.000000Z,2026-06-15T00:52:59.000000Z,3179,3179
2026-06-15T00:53:00.000000Z,BTCUSDT,futures,10009.5,10009.5,10009.5,10009.5,1.0,10009.5,1,0.5,0.5,5004.75,5004.75,1.0,2026-06-15T00:53:00.000000Z,2026-06-15T00:53:00.000000Z,3180,3180
2026-06-15T00:53:01.000000Z,BTCUSDT,futures,10010.0,10010.0,10010.0,10010.0,1.0,10010.0,1,0.5,0.5,5005.0,5005.0,1.0,2026-06-15T00:53:01.000000Z,2026-06-15T00:53:01.000000Z,3181,3181
2026-06-15T00:53:02.000000Z,BTCUSDT,futures,10010.5,10010.5,10010.5,10010.5,1.0,10010.5,1,0.5,0.5,5005.25,5005.25,1.0,2026-06-15T00:53:02.000000Z,2026-06-15T00:53:02.000000Z,3182,3182
2026-06-15T00:53:03.000000Z,BTCUSDT,futures,10009.5,10009.5,10009.5,10009.5,1.0,10009.5,1,0.5,0.5,5004.75,5004.75,1.0,2026-06-15T00:53:03.000000Z,2026-06-15T00:53:03.000000Z,3183,3183
2026-06-15T00:53:04.000000Z,BTCUSDT,futures,10010.0,10010.0,10010.0,10010.0,1.0,10010.0,1,0.5,0.5,5005.0,5005.0,1.0,2026-06-15T00:53:04.000000Z,2026-06-15T00:53:04.000000Z,3184,3184
2026-06-15T00:53:05.000000Z,BTCUSDT,futures,10010.5,10010.5,10010.5,10010.5,1.0,10010.5,1,0.5,0.5,5005.25,5005.25,1.0,2026-06-15T00:53:05.000000Z,2026-06-15T00:53:05.000000Z,3185,3185
2026-06-15T00:53:06.000000Z,BTCUSDT,futures,10009.5,10009.5,10009.5,10009.5,1.0,10009.5,1,0.5,0.5,5004.75,5004.75,1.0,2026-06-15T00:53:06.000000Z,2026-06-15T00:53:06.000000Z,3186,3186
2026-06-15T00:53:07.000000Z,BTCUSDT,futures,10010.0,10010.0,10010.0,10010.0,1.0,10010.0,1,0.5,0.5,5005.0,5005.0,1.0,2026-06-15T00:53:07.000000Z,2026-06-15T00:53:07.000000Z,3187,3187
2026-06-15T00:53:08.000000Z,BTCUSDT,futures,10010.5,10010.5,10010.5,10010.5,1.0,10010.5,1,0.5,0.5,5005.25,5005.25,1.0,2026-06-15T00:53:08.000000Z,2026-06-15T00:53:08.000000Z,3188,3188
2026-06-15T00:53:09.000000Z,BTCUSDT,futures,10009.5,10009.5,10009.5,10009.5,1.0,10009.5,1,0.5,0.5,5004.75,5004.75,1.0,2026-06-15T00:53:09.000000Z,2026-06-15T00:53:09.000000Z,3189,3189
2026-06-15T00:53:10.000000Z,BTCUSDT,futures,10010.0,10010.0,10010.0,10010.0,1.0,10010.0,1,0.5,0.5,5005.0,5005.0,1.0,2026-06-15T00:53:10.000000Z,2026-06-15T00:53:10.000000Z,3190,3190
2026-06-15T00:53:11.000000Z,BTCUSDT,futures,10010.5,10010.5,10010.5,10010.5,1.0,10010.5,1,0.5,0.5,5005.25,5005.25,1.0,2026-06-15T00:53:11.000000Z,2026-06-15T00:53:11.000000Z,3191,3191
2026-06-15T00:53:12.000000Z,BTCUSDT,futures,10009.5,10009.5,10009.5,10009.5,1.0,10009.5,1,0.5,0.5,5004.75,5004.75,1.0,2026-06-15T00:53:12.000000Z,2026-06-15T00:53:12.000000Z,3192,3192
2026-06-15T00:53:13.000000Z,BTCUSDT,futures,10010.0,10010.0,10010.0,10010.0,1.0,10010.0,1,0.5,0.5,5005.0,5005.0,1.0,2026-06-15T00:53:13.000000Z,2026-06-15T00:53:13.000000Z,3193,3193
2026-06-15T00:53:14.000000Z,BTCUSDT,futures,10010.5,10010.5,10010.5,10010.5,1.0,10010.5,1,0.5,0.5,5005.25,5005.25,1.0,2026-06-15T00:53:14.000000Z,2026-06-15T00:53:14.000000Z,3194,3194
2026-06-15T00:53:15.000000Z,BTCUSDT,futures,10009.5,10009.5,10009.5,10009.5,1.0,10009.5,1,0.5,0.5,5004.75,5004.75,1.0,2026-06-15T00:53:15.000000Z,2026-06-15T00:53:15.000000Z,3195,3195
2026-06-15T00:53:16.000000Z,BTCUSDT,futures,10010.0,10010.0,10010.0,10010.0,1.0,10010.0,1,0.5,0.5,5005.0,5005.0,1.0,2026-06-15T00:53:16.000000Z,2026-06-15T00:53:16.000000Z,3196,3196
2026-06-15T00:53:17.000000Z,BTCUSDT,futures,10010.5,10010.5,10010.5,10010.5,1.0,10010.5,1,0.5,0.5,5005.25,5005.25,1.0,2026-06-15T00:53:17.000000Z,2026-06-15T00:53:17.000000Z,3197,3197
2026-06-15T00:53:18.000000Z,BTCUSDT,futures,10009.5,10009.5,10009.5,10009.5,1.0,10009.5,1,0.5,0.5,5004.75,5004.75,1.0,2026-06-15T00:53:18.000000Z,2026-06-15T00:53:18.000000Z,3198,3198
2026-06-15T00:53:19.000000Z,BTCUSDT,futures,10010.0,10010.0,10010.0,10010.0,1.0,10010.0,1,0.5,0.5,5005.0,5005.0,1.0,2026-06-15T00:53:19.000000Z,2026-06-15T00:53:19.000000Z,3199,3199
2026-06-15T00:53:20.000000Z,BTCUSDT,futures,10010.5,10010.5,10010.5,10010.5,1.0,10010.5,1,0.5,0.5,5005.25,5005.25,1.0,2026-06-15T00:53:20.000000Z,2026-06-15T00:53:20.000000Z,3200,3200
2026-06-15T00:53:21.000000Z,BTCUSDT,futures,10009.5,10009.5,10009.5,10009.5,1.0,10009.5,1,0.5,0.5,5004.75,5004.75,1.0,2026-06-15T00:53:21.000000Z,2026-06-15T00:53:21.000000Z,3201,3201
2026-06-15T00:53:22.000000Z,BTCUSDT,futures,10010.0,10010.0,10010.0,10010.0,1.0,10010.0,1,0.5,0.5,5005.0,5005.0,1.0,2026-06-15T00:53:22.000000Z,2026-06-15T00:53:22.000000Z,3202,3202
2026-06-15T00:53:23.000000Z,BTCUSDT,futures,10010.5,10010.5,10010.5,10010.5,1.0,10010.5,1,0.5,0.5,5005.25,5005.25,1.0,2026-06-15T00:53:23.000000Z,2026-06-15T00:53:23.000000Z,3203,3203
2026-06-15T00:53:24.000000Z,BTCUSDT,futures,10009.5,10009.5,10009.5,10009.5,1.0,10009.5,1,0.5,0.5,5004.75,5004.75,1.0,2026-06-15T00:53:24.000000Z,2026-06-15T00:53:24.000000Z,3204,3204
2026-06-15T00:53:25.000000Z,BTCUSDT,futures,10010.0,10010.0,10010.0,10010.0,1.0,10010.0,1,0.5,0.5,5005.0,5005.0,1.0,2026-06-15T00:53:25.000000Z,2026-06-15T00:53:25.000000Z,3205,3205
2026-06-15T00:53:26.000000Z,BTCUSDT,futures,10010.5,10010.5,10010.5,10010.5,1.0,10010.5,1,0.5,0.5,5005.25,5005.25,1.0,2026-06-15T00:53:26.000000Z,2026-06-15T00:53:26.000000Z,3206,3206
2026-06-15T00:53:27.000000Z,BTCUSDT,futures,10009.5,10009.5,10009.5,10009.5,1.0,10009.5,1,0.5,0.5,5004.75,5004.75,1.0,2026-06-15T00:53:27.000000Z,2026-06-15T00:53:27.000000Z,3207,3207
2026-06-15T00:53:28.000000Z,BTCUSDT,futures,10010.0,10010.0,10010.0,10010.0,1.0,10010.0,1,0.5,0.5,5005.0,5005.0,1.0,2026-06-15T00:53:28.000000Z,2026-06-15T00:53:28.000000Z,3208,3208
2026-06-15T00:53:29.000000Z,BTCUSDT,futures,10010.5,10010.5,10010.5,10010.5,1.0,10010.5,1,0.5,0.5,5005.25,5005.25,1.0,2026-06-15T00:53:29.000000Z,2026-06-15T00:53:29.000000Z,3209,3209
2026-06-15T00:53:30.000000Z,BTCUSDT,futures,10009.5,10009.5,10009.5,10009.5,1.0,10009.5,1,0.5,0.5,5004.75,5004.75,1.0,2026-06-15T00:53:30.000000Z,2026-06-15T00:53:30.000000Z,3210,3210
2026-06-15T00:53:31.000000Z,BTCUSDT,futures,10010.0,10010.0,10010.0,10010.0,1.0,10010.0,1,0.5,0.5,5005.0,5005.0,1.0,2026-06-15T00:53:31.000000Z,2026-06-15T00:53:31.000000Z,3211,3211
2026-06-15T00:53:32.000000Z,BTCUSDT,futures,10010.5,10010.5,10010.5,10010.5,1.0,10010.5,1,0.5,0.5,5005.25,5005.25,1.0,2026-06-15T00:53:32.000000Z,2026-06-15T00:53:32.000000Z,3212,3212
2026-06-15T00:53:33.000000Z,BTCUSDT,futures,10009.5,10009.5,10009.5,10009.5,1.0,10009.5,1,0.5,0.5,5004.75,5004.75,1.0,2026-06-15T00:53:33.000000Z,2026-06-15T00:53:33.000000Z,3213,3213
2026-06-15T00:53:34.000000Z,BTCUSDT,futures,10010.0,10010.0,10010.0,10010.0,1.0,10010.0,1,0.5,0.5,5005.0,5005.0,1.0,2026-06-15T00:53:34.000000Z,2026-06-15T00:53:34.000000Z,3214,3214
2026-06-15T00:53:35.000000Z,BTCUSDT,futures,10010.5,10010.5,10010.5,10010.5,1.0,10010.5,1,0.5,0.5,5005.25,5005.25,1.0,2026-06-15T00:53:35.000000Z,2026-06-15T00:53:35.000000Z,3215,3215
2026-06-15T00:53:36.000000Z,BTCUSDT,futures,10009.5,10009.5,10009.5,10009.5,1.0,10009.5,1,0.5,0.5,5004.75,5004.75,1.0,2026-06-15T00:53:36.000000Z,2026-06-15T00:53:36.000000Z,3216,3216
2026-06-15T00:53:37.000000Z,BTCUSDT,futures,10010.0,10010.0,10010.0,10010.0,1.0,10010.0,1,0.5,0.5,5005.0,5005.0,1.0,2026-06-15T00:53:37.000000Z,2026-06-15T00:53:37.000000Z,3217,3217
2026-06-15T00:53:38.000000Z,BTCUSDT,futures,10010.5,10010.5,10010.5,10010.5,1.0,10010.5,1,0.5,0.5,5005.25,5005.25,1.0,2026-06-15T00:53:38.000000Z,2026-06-15T00:53:38.000000Z,3218,3218
2026-06-15T00:53:39.000000Z,BTCUSDT,futures,10009.5,10009.5,10009.5,10009.5,1.0,10009.5,1,0.5,0.5,5004.75,5004.75,1.0,2026-06-15T00:53:39.000000Z,2026-06-15T00:53:39.000000Z,3219,3219
2026-06-15T00:53:40.000000Z,BTCUSDT,futures,10010.0,10010.0,10010.0,10010.0,1.0,10010.0,1,0.5,0.5,5005.0,5005.0,1.0,2026-06-15T00:53:40.000000Z,2026-06-15T00:53:40.000000Z,3220,3220
2026-06-15T00:53:41.000000Z,BTCUSDT,futures,10010.5,10010.5,10010.5,10010.5,1.0,10010.5,1,0.5,0.5,5005.25,5005.25,1.0,2026-06-15T00:53:41.000000Z,2026-06-15T00:53:41.000000Z,3221,3221
2026-06-15T00:53:42.000000Z,BTCUSDT,futures,10009.5,10009.5,10009.5,10009.5,1.0,10009.5,1,0.5,0.5,5004.75,5004.75,1.0,2026-06-15T00:53:42.000000Z,2026-06-15T00:53:42.000000Z,3222,3222
2026-06-15T00:53:43.000000Z,BTCUSDT,futures,10010.0,10010.0,10010.0,10010.0,1.0,10010.0,1,0.5,0.5,5005.0,5005.0,1.0,2026-06-15T00:53:43.000000Z,2026-06-15T00:53:43.000000Z,3223,3223
2026-06-15T00:53:44.000000Z,BTCUSDT,futures,10010.5,10010.5,10010.5,10010.5,1.0,10010.5,1,0.5,0.5,5005.25,5005.25,1.0,2026-06-15T00:53:44.000000Z,2026-06-15T00:53:44.000000Z,3224,3224
2026-06-15T00:53:45.000000Z,BTCUSDT,futures,10009.5,10009.5,10009.5,10009.5,1.0,10009.5,1,0.5,0.5,5004.75,5004.75,1.0,2026-06-15T00:53:45.000000Z,2026-06-15T00:53:45.000000Z,3225,3225
2026-06-15T00:53:46.000000Z,BTCUSDT,futures,10010.0,10010.0,10010.0,10010.0,1.0,10010.0,1,0.5,0.5,5005.0,5005.0,1.0,2026-06-15T00:53:46.000000Z,2026-06-15T00:53:46.000000Z,3226,3226
2026-06-15T00:53:47.000000Z,BTCUSDT,futures,10010.5,10010.5,10010.5,10010.5,1.0,10010.5,1,0.5,0.5,5005.25,5005.25,1.0,2026-06-15T00:53:47.000000Z,2026-06-15T00:53:47.000000Z,3227,3227
2026-06-15T00:53:48.000000Z,BTCUSDT,futures,10009.5,10009.5,10009.5,10009.5,1.0,10009.5,1,0.5,0.5,5004.75,5004.75,1.0,2026-06-15T00:53:48.000000Z,2026-06-15T00:53:48.000000Z,3228,3228
2026-06-15T00:53:49.000000Z,BTCUSDT,futures,10010.0,10010.0,10010.0,10010.0,1.0,10010.0,1,0.5,0.5,5005.0,5005.0,1.0,2026-06-15T00:53:49.000000Z,2026-06-15T00:53:49.000000Z,3229,3229
2026-06-15T00:53:50.000000Z,BTCUSDT,futures,10010.5,10010.5,10010.5,10010.5,1.0,10010.5,1,0.5,0.5,5005.25,5005.25,1.0,2026-06-15T00:53:50.000000Z,2026-06-15T00:53:50.000000Z,3230,3230
2026-06-15T00:53:51.000000Z,BTCUSDT,futures,10009.5,10009.5,10009.5,10009.5,1.0,10009.5,1,0.5,0.5,5004.75,5004.75,1.0,2026-06-15T00:53:51.000000Z,2026-06-15T00:53:51.000000Z,3231,3231
2026-06-15T00:53:52.000000Z,BTCUSDT,futures,10010.0,10010.0,10010.0,10010.0,1.0,10010.0,1,0.5,0.5,5005.0,5005.0,1.0,2026-06-15T00:53:52.000000Z,2026-06-15T00:53:52.000000Z,3232,3232
2026-06-15T00:53:53.000000Z,BTCUSDT,futures,10010.5,10010.5,10010.5,10010.5,1.0,10010.5,1,0.5,0.5,5005.25,5005.25,1.0,2026-06-15T00:53:53.000000Z,2026-06-15T00:53:53.000000Z,3233,3233
2026-06-15T00:53:54.000000Z,BTCUSDT,futures,10009.5,10009.5,10009.5,10009.5,1.0,10009.5,1,0.5,0.5,5004.75,5004.75,1.0,2026-06-15T00:53:54.000000Z,2026-06-15T00:53:54.000000Z,3234,3234
2026-06-15T00:53:55.000000Z,BTCUSDT,futures,10010.0,10010.0,10010.0,10010.0,1.0,10010.0,1,0.5,0.5,5005.0,5005.0,1.0,2026-06-15T00:53:55.000000Z,2026-06-15T00:53:55.000000Z,3235,3235
2026-06-15T00:53:56.000000Z,BTCUSDT,futures,10010.5,10010.5,10010.5,10010.5,1.0,10010.5,1,0.5,0.5,5005.25,5005.25,1.0,2026-06-15T00:53:56.000000Z,2026-06-15T00:53:56.000000Z,3236,3236
2026-06-15T00:53:57.000000Z,BTCUSDT,futures,10009.5,10009.5,10009.5,10009.5,1.0,10009.5,1,0.5,0.5,5004.75,5004.75,1.0,2026-06-15T00:53:57.000000Z,2026-06-15T00:53:57.000000Z,3237,3237
2026-06-15T00:53:58.000000Z,BTCUSDT,futures,10010.0,10010.0,10010.0,10010.0,1.0,10010.0,1,0.5,0.5,5005.0,5005.0,1.0,2026-06-15T00:53:58.000000Z,2026-06-15T00:53:58.000000Z,3238,3238
2026-06-15T00:53:59.000000Z,BTCUSDT,futures,10010.5,10010.5,10010.5,10010.5,1.0,10010.5,1,0.5,0.5,5005.25,5005.25,1.0,2026-06-15T00:53:59.000000Z,2026-06-15T00:53:59.000000Z,3239,3239
2026-06-15T00:54:00.000000Z,BTCUSDT,futures,10009.5,10009.5,10009.5,10009.5,1.0,10009.5,1,0.5,0.5,5004.75,5004.75,1.0,2026-06-15T00:54:00.000000Z,2026-06-15T00:54:00.000000Z,3240,3240
2026-06-15T00:54:01.000000Z,BTCUSDT,futures,10010.0,10010.0,10010.0,10010.0,1.0,10010.0,1,0.5,0.5,5005.0,5005.0,1.0,2026-06-15T00:54:01.000000Z,2026-06-15T00:54:01.000000Z,3241,3241
2026-06-15T00:54:02.000000Z,BTCUSDT,futures,10010.5,10010.5,10010.5,10010.5,1.0,10010.5,1,0.5,0.5,5005.25,5005.25,1.0,2026-06-15T00:54:02.000000Z,2026-06-15T00:54:02.000000Z,3242,3242
2026-06-15T00:54:03.000000Z,BTCUSDT,futures,10009.5,10009.5,10009.5,10009.5,1.0,10009.5,1,0.5,0.5,5004.75,5004.75,1.0,2026-06-15T00:54:03.000000Z,2026-06-15T00:54:03.000000Z,3243,3243
2026-06-15T00:54:04.000000Z,BTCUSDT,futures,10010.0,10010.0,10010.0,10010.0,1.0,10010.0,1,0.5,0.5,5005.0,5005.0,1.0,2026-06-15T00:54:04.000000Z,2026-06-15T00:54:04.000000Z,3244,3244
2026-06-15T00:54:05.000000Z,BTCUSDT,futures,10010.5,10010.5,10010.5,10010.5,1.0,10010.5,1,0.5,0.5,5005.25,5005.25,1.0,2026-06-15T00:54:05.000000Z,2026-06-15T00:54:05.000000Z,3245,3245
2026-06-15T00:54:06.000000Z,BTCUSDT,futures,10009.5,10009.5,10009.5,10009.5,1.0,10009.5,1,0.5,0.5,5004.75,5004.75,1.0,2026-06-15T00:54:06.000000Z,2026-06-15T00:54:06.000000Z,3246,3246
2026-06-15T00:54:07.000000Z,BTCUSDT,futures,10010.0,10010.0,10010.0,10010.0,1.0,10010.0,1,0.5,0.5,5005.0,5005.0,1.0,2026-06-15T00:54:07.000000Z,2026-06-15T00:54:07.000000Z,3247,3247
2026-06-15T00:54:08.000000Z,BTCUSDT,futures,10010.5,10010.5,10010.5,10010.5,1.0,10010.5,1,0.5,0.5,5005.25,5005.25,1.0,2026-06-15T00:54:08.000000Z,2026-06-15T00:54:08.000000Z,3248,3248
2026-06-15T00:54:09.000000Z,BTCUSDT,futures,10009.5,10009.5,10009.5,10009.5,1.0,10009.5,1,0.5,0.5,5004.75,5004.75,1.0,2026-06-15T00:54:09.000000Z,2026-06-15T00:54:09.000000Z,3249,3249
2026-06-15T00:54:10.000000Z,BTCUSDT,futures,10010.0,10010.0,10010.0,10010.0,1.0,10010.0,1,0.5,0.5,5005.0,5005.0,1.0,2026-06-15T00:54:10.000000Z,2026-06-15T00:54:10.000000Z,3250,3250
2026-06-15T00:54:11.000000Z,BTCUSDT,futures,10010.5,10010.5,10010.5,10010.5,1.0,10010.5,1,0.5,0.5,5005.25,5005.25,1.0,2026-06-15T00:54:11.000000Z,2026-06-15T00:54:11.000000Z,3251,3251
2026-06-15T00:54:12.000000Z,BTCUSDT,futures,10009.5,10009.5,10009.5,10009.5,1.0,10009.5,1,0.5,0.5,5004.75,5004.75,1.0,2026-06-15T00:54:12.000000Z,2026-06-15T00:54:12.000000Z,3252,3252
2026-06-15T00:54:13.000000Z,BTCUSDT,futures,10010.0,10010.0,10010.0,10010.0,1.0,10010.0,1,0.5,0.5,5005.0,5005.0,1.0,2026-06-15T00:54:13.000000Z,2026-06-15T00:54:13.000000Z,3253,3253
2026-06-15T00:54:14.000000Z,BTCUSDT,futures,10010.5,10010.5,10010.5,10010.5,1.0,10010.5,1,0.5,0.5,5005.25,5005.25,1.0,2026-06-15T00:54:14.000000Z,2026-06-15T00:54:14.000000Z,3254,3254
2026-06-15T00:54:15.000000Z,BTCUSDT,futures,10009.5,10009.5,10009.5,10009.5,1.0,10009.5,1,0.5,0.5,5004.75,5004.75,1.0,2026-06-15T00:54:15.000000Z,2026-06-15T00:54:15.000000Z,3255,3255
2026-06-15T00:54:16.000000Z,BTCUSDT,futures,10010.0,10010.0,10010.0,10010.0,1.0,10010.0,1,0.5,0.5,5005.0,5005.0,1.0,2026-06-15T00:54:16.000000Z,2026-06-15T00:54:16.000000Z,3256,3256
2026-06-15T00:54:17.000000Z,BTCUSDT,futures,10010.5,10010.5,10010.5,10010.5,1.0,10010.5,1,0.5,0.5,5005.25,5005.25,1.0,2026-06-15T00:54:17.000000Z,2026-06-15T00:54:17.000000Z,3257,3257
2026-06-15T00:54:18.000000Z,BTCUSDT,futures,10009.5,10009.5,10009.5,10009.5,1.0,10009.5,1,0.5,0.5,5004.75,5004.75,1.0,2026-06-15T00:54:18.000000Z,2026-06-15T00:54:18.000000Z,3258,3258
2026-06-15T00:54:19.000000Z,BTCUSDT,futures,10010.0,10010.0,10010.0,10010.0,1.0,10010.0,1,0.5,0.5,5005.0,5005.0,1.0,2026-06-15T00:54:19.000000Z,2026-06-15T00:54:19.000000Z,3259,3259
2026-06-15T00:54:20.000000Z,BTCUSDT,futures,10010.5,10010.5,10010.5,10010.5,1.0,10010.5,1,0.5,0.5,5005.25,5005.25,1.0,2026-06-15T00:54:20.000000Z,2026-06-15T00:54:20.000000Z,3260,3260
2026-06-15T00:54:21.000000Z,BTCUSDT,futures,10009.5,10009.5,10009.5,10009.5,1.0,10009.5,1,0.5,0.5,5004.75,5004.75,1.0,2026-06-15T00:54:21.000000Z,2026-06-15T00:54:21.000000Z,3261,3261
2026-06-15T00:54:22.000000Z,BTCUSDT,futures,10010.0,10010.0,10010.0,10010.0,1.0,10010.0,1,0.5,0.5,5005.0,5005.0,1.0,2026-06-15T00:54:22.000000Z,2026-06-15T00:54:22.000000Z,3262,3262
2026-06-15T00:54:23.000000Z,BTCUSDT,futures,10010.5,10010.5,10010.5,10010.5,1.0,10010.5,1,0.5,0.5,5005.25,5005.25,1.0,2026-06-15T00:54:23.000000Z,2026-06-15T00:54:23.000000Z,3263,3263
2026-06-15T00:54:24.000000Z,BTCUSDT,futures,10009.5,10009.5,10009.5,10009.5,1.0,10009.5,1,0.5,0.5,5004.75,5004.75,1.0,2026-06-15T00:54:24.000000Z,2026-06-15T00:54:24.000000Z,3264,3264
2026-06-15T00:54:25.000000Z,BTCUSDT,futures,10010.0,10010.0,10010.0,10010.0,1.0,10010.0,1,0.5,0.5,5005.0,5005.0,1.0,2026-06-15T00:54:25.000000Z,2026-06-15T00:54:25.000000Z,3265,3265
2026-06-15T00:54:26.000000Z,BTCUSDT,futures,10010.5,10010.5,10010.5,10010.5,1.0,10010.5,1,0.5,0.5,5005.25,5005.25,1.0,2026-06-15T00:54:26.000000Z,2026-06-15T00:54:26.000000Z,3266,3266
2026-06-15T00:54:27.000000Z,BTCUSDT,futures,10009.5,10009.5,10009.5,10009.5,1.0,10009.5,1,0.5,0.5,5004.75,5004.75,1.0,2026-06-15T00:54:27.000000Z,2026-06-15T00:54:27.000000Z,3267,3267
2026-06-15T00:54:28.000000Z,BTCUSDT,futures,10010.0,10010.0,10010.0,10010.0,1.0,10010.0,1,0.5,0.5,5005.0,5005.0,1.0,2026-06-15T00:54:28.000000Z,2026-06-15T00:54:28.000000Z,3268,3268
2026-06-15T00:54:29.000000Z,BTCUSDT,futures,10010.5,10010.5,10010.5,10010.5,1.0,10010.5,1,0.5,0.5,5005.25,5005.25,1.0,2026-06-15T00:54:29.000000Z,2026-06-15T00:54:29.000000Z,3269,3269
2026-06-15T00:54:30.000000Z,BTCUSDT,futures,10009.5,10009.5,10009.5,10009.5,1.0,10009.5,1,0.5,0.5,5004.75,5004.75,1.0,2026-06-15T00:54:30.000000Z,2026-06-15T00:54:30.000000Z,3270,3270
2026-06-15T00:54:31.000000Z,BTCUSDT,futures,10010.0,10010.0,10010.0,10010.0,1.0,10010.0,1,0.5,0.5,5005.0,5005.0,1.0,2026-06-15T00:54:31.000000Z,2026-06-15T00:54:31.000000Z,3271,3271
2026-06-15T00:54:32.000000Z,BTCUSDT,futures,10010.5,10010.5,10010.5,10010.5,1.0,10010.5,1,0.5,0.5,5005.25,5005.25,1.0,2026-06-15T00:54:32.000000Z,2026-06-15T00:54:32.000000Z,3272,3272
2026-06-15T00:54:33.000000Z,BTCUSDT,futures,10009.5,10009.5,10009.5,10009.5,1.0,10009.5,1,0.5,0.5,5004.75,5004.75,1.0,2026-06-15T00:54:33.000000Z,2026-06-15T00:54:33.000000Z,3273,3273
2026-06-15T00:54:34.000000Z,BTCUSDT,futures,10010.0,10010.0,10010.0,10010.0,1.0,10010.0,1,0.5,0.5,5005.0,5005.0,1.0,2026-06-15T00:54:34.000000Z,2026-06-15T00:54:34.000000Z,3274,3274
2026-06-15T00:54:35.000000Z,BTCUSDT,futures,10010.5,10010.5,10010.5,10010.5,1.0,10010.5,1,0.5,0.5,5005.25,5005.25,1.0,2026-06-15T00:54:35.000000Z,2026-06-15T00:54:35.000000Z,3275,3275
2026-06-15T00:54:36.000000Z,BTCUSDT,futures,10009.5,10009.5,10009.5,10009.5,1.0,10009.5,1,0.5,0.5,5004.75,5004.75,1.0,2026-06-15T00:54:36.000000Z,2026-06-15T00:54:36.000000Z,3276,3276
2026-06-15T00:54:37.000000Z,BTCUSDT,futures,10010.0,10010.0,10010.0,10010.0,1.0,10010.0,1,0.5,0.5,5005.0,5005.0,1.0,2026-06-15T00:54:37.000000Z,2026-06-15T00:54:37.000000Z,3277,3277
2026-06-15T00:54:38.000000Z,BTCUSDT,futures,10010.5,10010.5,10010.5,10010.5,1.0,10010.5,1,0.5,0.5,5005.25,5005.25,1.0,2026-06-15T00:54:38.000000Z,2026-06-15T00:54:38.000000Z,3278,3278
2026-06-15T00:54:39.000000Z,BTCUSDT,futures,10009.5,10009.5,10009.5,10009.5,1.0,10009.5,1,0.5,0.5,5004.75,5004.75,1.0,2026-06-15T00:54:39.000000Z,2026-06-15T00:54:39.000000Z,3279,3279
2026-06-15T00:54:40.000000Z,BTCUSDT,futures,10010.0,10010.0,10010.0,10010.0,1.0,10010.0,1,0.5,0.5,5005.0,5005.0,1.0,2026-06-15T00:54:40.000000Z,2026-06-15T00:54:40.000000Z,3280,3280
2026-06-15T00:54:41.000000Z,BTCUSDT,futures,10010.5,10010.5,10010.5,10010.5,1.0,10010.5,1,0.5,0.5,5005.25,5005.25,1.0,2026-06-15T00:54:41.000000Z,2026-06-15T00:54:41.000000Z,3281,3281
2026-06-15T00:54:42.000000Z,BTCUSDT,futures,10009.5,10009.5,10009.5,10009.5,1.0,10009.5,1,0.5,0.5,5004.75,5004.75,1.0,2026-06-15T00:54:42.000000Z,2026-06-15T00:54:42.000000Z,3282,3282
2026-06-15T00:54:43.000000Z,BTCUSDT,futures,10010.0,10010.0,10010.0,10010.0,1.0,10010.0,1,0.5,0.5,5005.0,5005.0,1.0,2026-06-15T00:54:43.000000Z,2026-06-15T00:54:43.000000Z,3283,3283
2026-06-15T00:54:44.000000Z,BTCUSDT,futures,10010.5,10010.5,10010.5,10010.5,1.0,10010.5,1,0.5,0.5,5005.25,5005.25,1.0,2026-06-15T00:54:44.000000Z,2026-06-15T00:54:44.000000Z,3284,3284
2026-06-15T00:54:45.000000Z,BTCUSDT,futures,10009.5,10009.5,10009.5,10009.5,1.0,10009.5,1,0.5,0.5,5004.75,5004.75,1.0,2026-06-15T00:54:45.000000Z,2026-06-15T00:54:45.000000Z,3285,3285
2026-06-15T00:54:46.000000Z,BTCUSDT,futures,10010.0,10010.0,10010.0,10010.0,1.0,10010.0,1,0.5,0.5,5005.0,5005.0,1.0,2026-06-15T00:54:46.000000Z,2026-06-15T00:54:46.000000Z,3286,3286
2026-06-15T00:54:47.000000Z,BTCUSDT,futures,10010.5,10010.5,10010.5,10010.5,1.0,10010.5,1,0.5,0.5,5005.25,5005.25,1.0,2026-06-15T00:54:47.000000Z,2026-06-15T00:54:47.000000Z,3287,3287
2026-06-15T00:54:48.000000Z,BTCUSDT,futures,10009.5,10009.5,10009.5,10009.5,1.0,10009.5,1,0.5,0.5,5004.75,5004.75,1.0,2026-06-15T00:54:48.000000Z,2026-06-15T00:54:48.000000Z,3288,3288
2026-06-15T00:54:49.000000Z,BTCUSDT,futures,10010.0,10010.0,10010.0,10010.0,1.0,10010.0,1,0.5,0.5,5005.0,5005.0,1.0,2026-06-15T00:54:49.000000Z,2026-06-15T00:54:49.000000Z,3289,3289
2026-06-15T00:54:50.000000Z,BTCUSDT,futures,10010.5,10010.5,10010.5,10010.5,1.0,10010.5,1,0.5,0.5,5005.25,5005.25,1.0,2026-06-15T00:54:50.000000Z,2026-06-15T00:54:50.000000Z,3290,3290
2026-06-15T00:54:51.000000Z,BTCUSDT,futures,10009.5,10009.5,10009.5,10009.5,1.0,10009.5,1,0.5,0.5,5004.75,5004.75,1.0,2026-06-15T00:54:51.000000Z,2026-06-15T00:54:51.000000Z,3291,3291
2026-06-15T00:54:52.000000Z,BTCUSDT,futures,10010.0,10010.0,10010.0,10010.0,1.0,10010.0,1,0.5,0.5,5005.0,5005.0,1.0,2026-06-15T00:54:52.000000Z,2026-06-15T00:54:52.000000Z,3292,3292
2026-06-15T00:54:53.000000Z,BTCUSDT,futures,10010.5,10010.5,10010.5,10010.5,1.0,10010.5,1,0.5,0.5,5005.25,5005.25,1.0,2026-06-15T00:54:53.000000Z,2026-06-15T00:54:53.000000Z,3293,3293
2026-06-15T00:54:54.000000Z,BTCUSDT,futures,10009.5,10009.5,10009.5,10009.5,1.0,10009.5,1,0.5,0.5,5004.75,5004.75,1.0,2026-06-15T00:54:54.000000Z,2026-06-15T00:54:54.000000Z,3294,3294
2026-06-15T00:54:55.000000Z,BTCUSDT,futures,10010.0,10010.0,10010.0,10010.0,1.0,10010.0,1,0.5,0.5,5005.0,5005.0,1.0,2026-06-15T00:54:55.000000Z,2026-06-15T00:54:55.000000Z,3295,3295
2026-06-15T00:54:56.000000Z,BTCUSDT,futures,10010.5,10010.5,10010.5,10010.5,1.0,10010.5,1,0.5,0.5,5005.25,5005.25,1.0,2026-06-15T00:54:56.000000Z,2026-06-15T00:54:56.000000Z,3296,3296
2026-06-15T00:54:57.000000Z,BTCUSDT,futures,10009.5,10009.5,10009.5,10009.5,1.0,10009.5,1,0.5,0.5,5004.75,5004.75,1.0,2026-06-15T00:54:57.000000Z,2026-06-15T00:54:57.000000Z,3297,3297
2026-06-15T00:54:58.000000Z,BTCUSDT,futures,10010.0,10010.0,10010.0,10010.0,1.0,10010.0,1,0.5,0.5,5005.0,5005.0,1.0,2026-06-15T00:54:58.000000Z,2026-06-15T00:54:58.000000Z,3298,3298
2026-06-15T00:54:59.000000Z,BTCUSDT,futures,10010.5,10010.5,10010.5,10010.5,1.0,10010.5,1,0.5,0.5,5005.25,5005.25,1.0,2026-06-15T00:54:59.000000Z,2026-06-15T00:54:59.000000Z,3299,3299
2026-06-15T00:55:00.000000Z,BTCUSDT,futures,10009.5,10009.5,10009.5,10009.5,1.0,10009.5,1,0.5,0.5,5004.75,5004.75,1.0,2026-06-15T00:55:00.000000Z,2026-06-15T00:55:00.000000Z,3300,3300
2026-06-15T00:55:01.000000Z,BTCUSDT,futures,10010.0,10010.0,10010.0,10010.0,1.0,10010.0,1,0.5,0.5,5005.0,5005.0,1.0,2026-06-15T00:55:01.000000Z,2026-06-15T00:55:01.000000Z,3301,3301
2026-06-15T00:55:02.000000Z,BTCUSDT,futures,10010.5,10010.5,10010.5,10010.5,1.0,10010.5,1,0.5,0.5,5005.25,5005.25,1.0,2026-06-15T00:55:02.000000Z,2026-06-15T00:55:02.000000Z,3302,3302
2026-06-15T00:55:03.000000Z,BTCUSDT,futures,10009.5,10009.5,10009.5,10009.5,1.0,10009.5,1,0.5,0.5,5004.75,5004.75,1.0,2026-06-15T00:55:03.000000Z,2026-06-15T00:55:03.000000Z,3303,3303
2026-06-15T00:55:04.000000Z,BTCUSDT,futures,10010.0,10010.0,10010.0,10010.0,1.0,10010.0,1,0.5,0.5,5005.0,5005.0,1.0,2026-06-15T00:55:04.000000Z,2026-06-15T00:55:04.000000Z,3304,3304
2026-06-15T00:55:05.000000Z,BTCUSDT,futures,10010.5,10010.5,10010.5,10010.5,1.0,10010.5,1,0.5,0.5,5005.25,5005.25,1.0,2026-06-15T00:55:05.000000Z,2026-06-15T00:55:05.000000Z,3305,3305
2026-06-15T00:55:06.000000Z,BTCUSDT,futures,10009.5,10009.5,10009.5,10009.5,1.0,10009.5,1,0.5,0.5,5004.75,5004.75,1.0,2026-06-15T00:55:06.000000Z,2026-06-15T00:55:06.000000Z,3306,3306
2026-06-15T00:55:07.000000Z,BTCUSDT,futures,10010.0,10010.0,10010.0,10010.0,1.0,10010.0,1,0.5,0.5,5005.0,5005.0,1.0,2026-06-15T00:55:07.000000Z,2026-06-15T00:55:07.000000Z,3307,3307
2026-06-15T00:55:08.000000Z,BTCUSDT,futures,10010.5,10010.5,10010.5,10010.5,1.0,10010.5,1,0.5,0.5,5005.25,5005.25,1.0,2026-06-15T00:55:08.000000Z,2026-06-15T00:55:08.000000Z,3308,3308
2026-06-15T00:55:09.000000Z,BTCUSDT,futures,10009.5,10009.5,10009.5,10009.5,1.0,10009.5,1,0.5,0.5,5004.75,5004.75,1.0,2026-06-15T00:55:09.000000Z,2026-06-15T00:55:09.000000Z,3309,3309
2026-06-15T00:55:10.000000Z,BTCUSDT,futures,10010.0,10010.0,10010.0,10010.0,1.0,10010.0,1,0.5,0.5,5005.0,5005.0,1.0,2026-06-15T00:55:10.000000Z,2026-06-15T00:55:10.000000Z,3310,3310
2026-06-15T00:55:11.000000Z,BTCUSDT,futures,10010.5,10010.5,10010.5,10010.5,1.0,10010.5,1,0.5,0.5,5005.25,5005.25,1.0,2026-06-15T00:55:11.000000Z,2026-06-15T00:55:11.000000Z,3311,3311
2026-06-15T00:55:12.000000Z,BTCUSDT,futures,10009.5,10009.5,10009.5,10009.5,1.0,10009.5,1,0.5,0.5,5004.75,5004.75,1.0,2026-06-15T00:55:12.000000Z,2026-06-15T00:55:12.000000Z,3312,3312
2026-06-15T00:55:13.000000Z,BTCUSDT,futures,10010.0,10010.0,10010.0,10010.0,1.0,10010.0,1,0.5,0.5,5005.0,5005.0,1.0,2026-06-15T00:55:13.000000Z,2026-06-15T00:55:13.000000Z,3313,3313
2026-06-15T00:55:14.000000Z,BTCUSDT,futures,10010.5,10010.5,10010.5,10010.5,1.0,10010.5,1,0.5,0.5,5005.25,5005.25,1.0,2026-06-15T00:55:14.000000Z,2026-06-15T00:55:14.000000Z,3314,3314
2026-06-15T00:55:15.000000Z,BTCUSDT,futures,10009.5,10009.5,10009.5,10009.5,1.0,10009.5,1,0.5,0.5,5004.75,5004.75,1.0,2026-06-15T00:55:15.000000Z,2026-06-15T00:55:15.000000Z,3315,3315
2026-06-15T00:55:16.000000Z,BTCUSDT,futures,10010.0,10010.0,10010.0,10010.0,1.0,10010.0,1,0.5,0.5,5005.0,5005.0,1.0,2026-06-15T00:55:16.000000Z,2026-06-15T00:55:16.000000Z,3316,3316
2026-06-15T00:55:17.000000Z,BTCUSDT,futures,10010.5,10010.5,10010.5,10010.5,1.0,10010.5,1,0.5,0.5,5005.25,5005.25,1.0,2026-06-15T00:55:17.000000Z,2026-06-15T00:55:17.000000Z,3317,3317
2026-06-15T00:55:18.000000Z,BTCUSDT,futures,10009.5,10009.5,10009.5,10009.5,1.0,10009.5,1,0.5,0.5,5004.75,5004.75,1.0,2026-06-15T00:55:18.000000Z,2026-06-15T00:55:18.000000Z,3318,3318
2026-06-15T00:55:19.000000Z,BTCUSDT,futures,10010.0,10010.0,10010.0,10010.0,1.0,10010.0,1,0.5,0.5,5005.0,5005.0,1.0,2026-06-15T00:55:19.000000Z,2026-06-15T00:55:19.000000Z,3319,3319
2026-06-15T00:55:20.000000Z,BTCUSDT,futures,10010.5,10010.5,10010.5,10010.5,1.0,10010.5,1,0.5,0.5,5005.25,5005.25,1.0,2026-06-15T00:55:20.000000Z,2026-06-15T00:55:20.000000Z,3320,3320
2026-06-15T00:55:21.000000Z,BTCUSDT,futures,10009.5,10009.5,10009.5,10009.5,1.0,10009.5,1,0.5,0.5,5004.75,5004.75,1.0,2026-06-15T00:55:21.000000Z,2026-06-15T00:55:21.000000Z,3321,3321
2026-06-15T00:55:22.000000Z,BTCUSDT,futures,10010.0,10010.0,10010.0,10010.0,1.0,10010.0,1,0.5,0.5,5005.0,5005.0,1.0,2026-06-15T00:55:22.000000Z,2026-06-15T00:55:22.000000Z,3322,3322
2026-06-15T00:55:23.000000Z,BTCUSDT,futures,10010.5,10010.5,10010.5,10010.5,1.0,10010.5,1,0.5,0.5,5005.25,5005.25,1.0,2026-06-15T00:55:23.000000Z,2026-06-15T00:55:23.000000Z,3323,3323
2026-06-15T00:55:24.000000Z,BTCUSDT,futures,10009.5,10009.5,10009.5,10009.5,1.0,10009.5,1,0.5,0.5,5004.75,5004.75,1.0,2026-06-15T00:55:24.000000Z,2026-06-15T00:55:24.000000Z,3324,3324
2026-06-15T00:55:25.000000Z,BTCUSDT,futures,10010.0,10010.0,10010.0,10010.0,1.0,10010.0,1,0.5,0.5,5005.0,5005.0,1.0,2026-06-15T00:55:25.000000Z,2026-06-15T00:55:25.000000Z,3325,3325
2026-06-15T00:55:26.000000Z,BTCUSDT,futures,10010.5,10010.5,10010.5,10010.5,1.0,10010.5,1,0.5,0.5,5005.25,5005.25,1.0,2026-06-15T00:55:26.000000Z,2026-06-15T00:55:26.000000Z,3326,3326
2026-06-15T00:55:27.000000Z,BTCUSDT,futures,10009.5,10009.5,10009.5,10009.5,1.0,10009.5,1,0.5,0.5,5004.75,5004.75,1.0,2026-06-15T00:55:27.000000Z,2026-06-15T00:55:27.000000Z,3327,3327
2026-06-15T00:55:28.000000Z,BTCUSDT,futures,10010.0,10010.0,10010.0,10010.0,1.0,10010.0,1,0.5,0.5,5005.0,5005.0,1.0,2026-06-15T00:55:28.000000Z,2026-06-15T00:55:28.000000Z,3328,3328
2026-06-15T00:55:29.000000Z,BTCUSDT,futures,10010.5,10010.5,10010.5,10010.5,1.0,10010.5,1,0.5,0.5,5005.25,5005.25,1.0,2026-06-15T00:55:29.000000Z,2026-06-15T00:55:29.000000Z,3329,3329
2026-06-15T00:55:30.000000Z,BTCUSDT,futures,10009.5,10009.5,10009.5,10009.5,1.0,10009.5,1,0.5,0.5,5004.75,5004.75,1.0,2026-06-15T00:55:30.000000Z,2026-06-15T00:55:30.000000Z,3330,3330
2026-06-15T00:55:31.000000Z,BTCUSDT,futures,10010.0,10010.0,10010.0,10010.0,1.0,10010.0,1,0.5,0.5,5005.0,5005.0,1.0,2026-06-15T00:55:31.000000Z,2026-06-15T00:55:31.000000Z,3331,3331
2026-06-15T00:55:32.000000Z,BTCUSDT,futures,10010.5,10010.5,10010.5,10010.5,1.0,10010.5,1,0.5,0.5,5005.25,5005.25,1.0,2026-06-15T00:55:32.000000Z,2026-06-15T00:55:32.000000Z,3332,3332
2026-06-15T00:55:33.000000Z,BTCUSDT,futures,10009.5,10009.5,10009.5,10009.5,1.0,10009.5,1,0.5,0.5,5004.75,5004.75,1.0,2026-06-15T00:55:33.000000Z,2026-06-15T00:55:33.000000Z,3333,3333
2026-06-15T00:55:34.000000Z,BTCUSDT,futures,10010.0,10010.0,10010.0,10010.0,1.0,10010.0,1,0.5,0.5,5005.0,5005.0,1.0,2026-06-15T00:55:34.000000Z,2026-06-15T00:55:34.000000Z,3334,3334
2026-06-15T00:55:35.000000Z,BTCUSDT,futures,10010.5,10010.5,10010.5,10010.5,1.0,10010.5,1,0.5,0.5,5005.25,5005.25,1.0,2026-06-15T00:55:35.000000Z,2026-06-15T00:55:35.000000Z,3335,3335
2026-06-15T00:55:36.000000Z,BTCUSDT,futures,10009.5,10009.5,10009.5,10009.5,1.0,10009.5,1,0.5,0.5,5004.75,5004.75,1.0,2026-06-15T00:55:36.000000Z,2026-06-15T00:55:36.000000Z,3336,3336
2026-06-15T00:55:37.000000Z,BTCUSDT,futures,10010.0,10010.0,10010.0,10010.0,1.0,10010.0,1,0.5,0.5,5005.0,5005.0,1.0,2026-06-15T00:55:37.000000Z,2026-06-15T00:55:37.000000Z,3337,3337
2026-06-15T00:55:38.000000Z,BTCUSDT,futures,10010.5,10010.5,10010.5,10010.5,1.0,10010.5,1,0.5,0.5,5005.25,5005.25,1.0,2026-06-15T00:55:38.000000Z,2026-06-15T00:55:38.000000Z,3338,3338
2026-06-15T00:55:39.000000Z,BTCUSDT,futures,10009.5,10009.5,10009.5,10009.5,1.0,10009.5,1,0.5,0.5,5004.75,5004.75,1.0,2026-06-15T00:55:39.000000Z,2026-06-15T00:55:39.000000Z,3339,3339
2026-06-15T00:55:40.000000Z,BTCUSDT,futures,10010.0,10010.0,10010.0,10010.0,1.0,10010.0,1,0.5,0.5,5005.0,5005.0,1.0,2026-06-15T00:55:40.000000Z,2026-06-15T00:55:40.000000Z,3340,3340
2026-06-15T00:55:41.000000Z,BTCUSDT,futures,10010.5,10010.5,10010.5,10010.5,1.0,10010.5,1,0.5,0.5,5005.25,5005.25,1.0,2026-06-15T00:55:41.000000Z,2026-06-15T00:55:41.000000Z,3341,3341
2026-06-15T00:55:42.000000Z,BTCUSDT,futures,10009.5,10009.5,10009.5,10009.5,1.0,10009.5,1,0.5,0.5,5004.75,5004.75,1.0,2026-06-15T00:55:42.000000Z,2026-06-15T00:55:42.000000Z,3342,3342
2026-06-15T00:55:43.000000Z,BTCUSDT,futures,10010.0,10010.0,10010.0,10010.0,1.0,10010.0,1,0.5,0.5,5005.0,5005.0,1.0,2026-06-15T00:55:43.000000Z,2026-06-15T00:55:43.000000Z,3343,3343
2026-06-15T00:55:44.000000Z,BTCUSDT,futures,10010.5,10010.5,10010.5,10010.5,1.0,10010.5,1,0.5,0.5,5005.25,5005.25,1.0,2026-06-15T00:55:44.000000Z,2026-06-15T00:55:44.000000Z,3344,3344
2026-06-15T00:55:45.000000Z,BTCUSDT,futures,10009.5,10009.5,10009.5,10009.5,1.0,10009.5,1,0.5,0.5,5004.75,5004.75,1.0,2026-06-15T00:55:45.000000Z,2026-06-15T00:55:45.000000Z,3345,3345
2026-06-15T00:55:46.000000Z,BTCUSDT,futures,10010.0,10010.0,10010.0,10010.0,1.0,10010.0,1,0.5,0.5,5005.0,5005.0,1.0,2026-06-15T00:55:46.000000Z,2026-06-15T00:55:46.000000Z,3346,3346
2026-06-15T00:55:47.000000Z,BTCUSDT,futures,10010.5,10010.5,10010.5,10010.5,1.0,10010.5,1,0.5,0.5,5005.25,5005.25,1.0,2026-06-15T00:55:47.000000Z,2026-06-15T00:55:47.000000Z,3347,3347
2026-06-15T00:55:48.000000Z,BTCUSDT,futures,10009.5,10009.5,10009.5,10009.5,1.0,10009.5,1,0.5,0.5,5004.75,5004.75,1.0,2026-06-15T00:55:48.000000Z,2026-06-15T00:55:48.000000Z,3348,3348
2026-06-15T00:55:49.000000Z,BTCUSDT,futures,10010.0,10010.0,10010.0,10010.0,1.0,10010.0,1,0.5,0.5,5005.0,5005.0,1.0,2026-06-15T00:55:49.000000Z,2026-06-15T00:55:49.000000Z,3349,3349
2026-06-15T00:55:50.000000Z,BTCUSDT,futures,10010.5,10010.5,10010.5,10010.5,1.0,10010.5,1,0.5,0.5,5005.25,5005.25,1.0,2026-06-15T00:55:50.000000Z,2026-06-15T00:55:50.000000Z,3350,3350
2026-06-15T00:55:51.000000Z,BTCUSDT,futures,10009.5,10009.5,10009.5,10009.5,1.0,10009.5,1,0.5,0.5,5004.75,5004.75,1.0,2026-06-15T00:55:51.000000Z,2026-06-15T00:55:51.000000Z,3351,3351
2026-06-15T00:55:52.000000Z,BTCUSDT,futures,10010.0,10010.0,10010.0,10010.0,1.0,10010.0,1,0.5,0.5,5005.0,5005.0,1.0,2026-06-15T00:55:52.000000Z,2026-06-15T00:55:52.000000Z,3352,3352
2026-06-15T00:55:53.000000Z,BTCUSDT,futures,10010.5,10010.5,10010.5,10010.5,1.0,10010.5,1,0.5,0.5,5005.25,5005.25,1.0,2026-06-15T00:55:53.000000Z,2026-06-15T00:55:53.000000Z,3353,3353
2026-06-15T00:55:54.000000Z,BTCUSDT,futures,10009.5,10009.5,10009.5,10009.5,1.0,10009.5,1,0.5,0.5,5004.75,5004.75,1.0,2026-06-15T00:55:54.000000Z,2026-06-15T00:55:54.000000Z,3354,3354
2026-06-15T00:55:55.000000Z,BTCUSDT,futures,10010.0,10010.0,10010.0,10010.0,1.0,10010.0,1,0.5,0.5,5005.0,5005.0,1.0,2026-06-15T00:55:55.000000Z,2026-06-15T00:55:55.000000Z,3355,3355
2026-06-15T00:55:56.000000Z,BTCUSDT,futures,10010.5,10010.5,10010.5,10010.5,1.0,10010.5,1,0.5,0.5,5005.25,5005.25,1.0,2026-06-15T00:55:56.000000Z,2026-06-15T00:55:56.000000Z,3356,3356
2026-06-15T00:55:57.000000Z,BTCUSDT,futures,10009.5,10009.5,10009.5,10009.5,1.0,10009.5,1,0.5,0.5,5004.75,5004.75,1.0,2026-06-15T00:55:57.000000Z,2026-06-15T00:55:57.000000Z,3357,3357
2026-06-15T00:55:58.000000Z,BTCUSDT,futures,10010.0,10010.0,10010.0,10010.0,1.0,10010.0,1,0.5,0.5,5005.0,5005.0,1.0,2026-06-15T00:55:58.000000Z,2026-06-15T00:55:58.000000Z,3358,3358
2026-06-15T00:55:59.000000Z,BTCUSDT,futures,10010.5,10010.5,10010.5,10010.5,1.0,10010.5,1,0.5,0.5,5005.25,5005.25,1.0,2026-06-15T00:55:59.000000Z,2026-06-15T00:55:59.000000Z,3359,3359
2026-06-15T00:56:00.000000Z,BTCUSDT,futures,10009.5,10009.5,10009.5,10009.5,1.0,10009.5,1,0.5,0.5,5004.75,5004.75,1.0,2026-06-15T00:56:00.000000Z,2026-06-15T00:56:00.000000Z,3360,3360
2026-06-15T00:56:01.000000Z,BTCUSDT,futures,10010.0,10010.0,10010.0,10010.0,1.0,10010.0,1,0.5,0.5,5005.0,5005.0,1.0,2026-06-15T00:56:01.000000Z,2026-06-15T00:56:01.000000Z,3361,3361
2026-06-15T00:56:02.000000Z,BTCUSDT,futures,10010.5,10010.5,10010.5,10010.5,1.0,10010.5,1,0.5,0.5,5005.25,5005.25,1.0,2026-06-15T00:56:02.000000Z,2026-06-15T00:56:02.000000Z,3362,3362
2026-06-15T00:56:03.000000Z,BTCUSDT,futures,10009.5,10009.5,10009.5,10009.5,1.0,10009.5,1,0.5,0.5,5004.75,5004.75,1.0,2026-06-15T00:56:03.000000Z,2026-06-15T00:56:03.000000Z,3363,3363
2026-06-15T00:56:04.000000Z,BTCUSDT,futures,10010.0,10010.0,10010.0,10010.0,1.0,10010.0,1,0.5,0.5,5005.0,5005.0,1.0,2026-06-15T00:56:04.000000Z,2026-06-15T00:56:04.000000Z,3364,3364
2026-06-15T00:56:05.000000Z,BTCUSDT,futures,10010.5,10010.5,10010.5,10010.5,1.0,10010.5,1,0.5,0.5,5005.25,5005.25,1.0,2026-06-15T00:56:05.000000Z,2026-06-15T00:56:05.000000Z,3365,3365
2026-06-15T00:56:06.000000Z,BTCUSDT,futures,10009.5,10009.5,10009.5,10009.5,1.0,10009.5,1,0.5,0.5,5004.75,5004.75,1.0,2026-06-15T00:56:06.000000Z,2026-06-15T00:56:06.000000Z,3366,3366
2026-06-15T00:56:07.000000Z,BTCUSDT,futures,10010.0,10010.0,10010.0,10010.0,1.0,10010.0,1,0.5,0.5,5005.0,5005.0,1.0,2026-06-15T00:56:07.000000Z,2026-06-15T00:56:07.000000Z,3367,3367
2026-06-15T00:56:08.000000Z,BTCUSDT,futures,10010.5,10010.5,10010.5,10010.5,1.0,10010.5,1,0.5,0.5,5005.25,5005.25,1.0,2026-06-15T00:56:08.000000Z,2026-06-15T00:56:08.000000Z,3368,3368
2026-06-15T00:56:09.000000Z,BTCUSDT,futures,10009.5,10009.5,10009.5,10009.5,1.0,10009.5,1,0.5,0.5,5004.75,5004.75,1.0,2026-06-15T00:56:09.000000Z,2026-06-15T00:56:09.000000Z,3369,3369
2026-06-15T00:56:10.000000Z,BTCUSDT,futures,10010.0,10010.0,10010.0,10010.0,1.0,10010.0,1,0.5,0.5,5005.0,5005.0,1.0,2026-06-15T00:56:10.000000Z,2026-06-15T00:56:10.000000Z,3370,3370
2026-06-15T00:56:11.000000Z,BTCUSDT,futures,10010.5,10010.5,10010.5,10010.5,1.0,10010.5,1,0.5,0.5,5005.25,5005.25,1.0,2026-06-15T00:56:11.000000Z,2026-06-15T00:56:11.000000Z,3371,3371
2026-06-15T00:56:12.000000Z,BTCUSDT,futures,10009.5,10009.5,10009.5,10009.5,1.0,10009.5,1,0.5,0.5,5004.75,5004.75,1.0,2026-06-15T00:56:12.000000Z,2026-06-15T00:56:12.000000Z,3372,3372
2026-06-15T00:56:13.000000Z,BTCUSDT,futures,10010.0,10010.0,10010.0,10010.0,1.0,10010.0,1,0.5,0.5,5005.0,5005.0,1.0,2026-06-15T00:56:13.000000Z,2026-06-15T00:56:13.000000Z,3373,3373
2026-06-15T00:56:14.000000Z,BTCUSDT,futures,10010.5,10010.5,10010.5,10010.5,1.0,10010.5,1,0.5,0.5,5005.25,5005.25,1.0,2026-06-15T00:56:14.000000Z,2026-06-15T00:56:14.000000Z,3374,3374
2026-06-15T00:56:15.000000Z,BTCUSDT,futures,10009.5,10009.5,10009.5,10009.5,1.0,10009.5,1,0.5,0.5,5004.75,5004.75,1.0,2026-06-15T00:56:15.000000Z,2026-06-15T00:56:15.000000Z,3375,3375
2026-06-15T00:56:16.000000Z,BTCUSDT,futures,10010.0,10010.0,10010.0,10010.0,1.0,10010.0,1,0.5,0.5,5005.0,5005.0,1.0,2026-06-15T00:56:16.000000Z,2026-06-15T00:56:16.000000Z,3376,3376
2026-06-15T00:56:17.000000Z,BTCUSDT,futures,10010.5,10010.5,10010.5,10010.5,1.0,10010.5,1,0.5,0.5,5005.25,5005.25,1.0,2026-06-15T00:56:17.000000Z,2026-06-15T00:56:17.000000Z,3377,3377
2026-06-15T00:56:18.000000Z,BTCUSDT,futures,10009.5,10009.5,10009.5,10009.5,1.0,10009.5,1,0.5,0.5,5004.75,5004.75,1.0,2026-06-15T00:56:18.000000Z,2026-06-15T00:56:18.000000Z,3378,3378
2026-06-15T00:56:19.000000Z,BTCUSDT,futures,10010.0,10010.0,10010.0,10010.0,1.0,10010.0,1,0.5,0.5,5005.0,5005.0,1.0,2026-06-15T00:56:19.000000Z,2026-06-15T00:56:19.000000Z,3379,3379
2026-06-15T00:56:20.000000Z,BTCUSDT,futures,10010.5,10010.5,10010.5,10010.5,1.0,10010.5,1,0.5,0.5,5005.25,5005.25,1.0,2026-06-15T00:56:20.000000Z,2026-06-15T00:56:20.000000Z,3380,3380
2026-06-15T00:56:21.000000Z,BTCUSDT,futures,10009.5,10009.5,10009.5,10009.5,1.0,10009.5,1,0.5,0.5,5004.75,5004.75,1.0,2026-06-15T00:56:21.000000Z,2026-06-15T00:56:21.000000Z,3381,3381
2026-06-15T00:56:22.000000Z,BTCUSDT,futures,10010.0,10010.0,10010.0,10010.0,1.0,10010.0,1,0.5,0.5,5005.0,5005.0,1.0,2026-06-15T00:56:22.000000Z,2026-06-15T00:56:22.000000Z,3382,3382
2026-06-15T00:56:23.000000Z,BTCUSDT,futures,10010.5,10010.5,10010.5,10010.5,1.0,10010.5,1,0.5,0.5,5005.25,5005.25,1.0,2026-06-15T00:56:23.000000Z,2026-06-15T00:56:23.000000Z,3383,3383
2026-06-15T00:56:24.000000Z,BTCUSDT,futures,10009.5,10009.5,10009.5,10009.5,1.0,10009.5,1,0.5,0.5,5004.75,5004.75,1.0,2026-06-15T00:56:24.000000Z,2026-06-15T00:56:24.000000Z,3384,3384
2026-06-15T00:56:25.000000Z,BTCUSDT,futures,10010.0,10010.0,10010.0,10010.0,1.0,10010.0,1,0.5,0.5,5005.0,5005.0,1.0,2026-06-15T00:56:25.000000Z,2026-06-15T00:56:25.000000Z,3385,3385
2026-06-15T00:56:26.000000Z,BTCUSDT,futures,10010.5,10010.5,10010.5,10010.5,1.0,10010.5,1,0.5,0.5,5005.25,5005.25,1.0,2026-06-15T00:56:26.000000Z,2026-06-15T00:56:26.000000Z,3386,3386
2026-06-15T00:56:27.000000Z,BTCUSDT,futures,10009.5,10009.5,10009.5,10009.5,1.0,10009.5,1,0.5,0.5,5004.75,5004.75,1.0,2026-06-15T00:56:27.000000Z,2026-06-15T00:56:27.000000Z,3387,3387
2026-06-15T00:56:28.000000Z,BTCUSDT,futures,10010.0,10010.0,10010.0,10010.0,1.0,10010.0,1,0.5,0.5,5005.0,5005.0,1.0,2026-06-15T00:56:28.000000Z,2026-06-15T00:56:28.000000Z,3388,3388
2026-06-15T00:56:29.000000Z,BTCUSDT,futures,10010.5,10010.5,10010.5,10010.5,1.0,10010.5,1,0.5,0.5,5005.25,5005.25,1.0,2026-06-15T00:56:29.000000Z,2026-06-15T00:56:29.000000Z,3389,3389
2026-06-15T00:56:30.000000Z,BTCUSDT,futures,10009.5,10009.5,10009.5,10009.5,1.0,10009.5,1,0.5,0.5,5004.75,5004.75,1.0,2026-06-15T00:56:30.000000Z,2026-06-15T00:56:30.000000Z,3390,3390
2026-06-15T00:56:31.000000Z,BTCUSDT,futures,10010.0,10010.0,10010.0,10010.0,1.0,10010.0,1,0.5,0.5,5005.0,5005.0,1.0,2026-06-15T00:56:31.000000Z,2026-06-15T00:56:31.000000Z,3391,3391
2026-06-15T00:56:32.000000Z,BTCUSDT,futures,10010.5,10010.5,10010.5,10010.5,1.0,10010.5,1,0.5,0.5,5005.25,5005.25,1.0,2026-06-15T00:56:32.000000Z,2026-06-15T00:56:32.000000Z,3392,3392
2026-06-15T00:56:33.000000Z,BTCUSDT,futures,10009.5,10009.5,10009.5,10009.5,1.0,10009.5,1,0.5,0.5,5004.75,5004.75,1.0,2026-06-15T00:56:33.000000Z,2026-06-15T00:56:33.000000Z,3393,3393
2026-06-15T00:56:34.000000Z,BTCUSDT,futures,10010.0,10010.0,10010.0,10010.0,1.0,10010.0,1,0.5,0.5,5005.0,5005.0,1.0,2026-06-15T00:56:34.000000Z,2026-06-15T00:56:34.000000Z,3394,3394
2026-06-15T00:56:35.000000Z,BTCUSDT,futures,10010.5,10010.5,10010.5,10010.5,1.0,10010.5,1,0.5,0.5,5005.25,5005.25,1.0,2026-06-15T00:56:35.000000Z,2026-06-15T00:56:35.000000Z,3395,3395
2026-06-15T00:56:36.000000Z,BTCUSDT,futures,10009.5,10009.5,10009.5,10009.5,1.0,10009.5,1,0.5,0.5,5004.75,5004.75,1.0,2026-06-15T00:56:36.000000Z,2026-06-15T00:56:36.000000Z,3396,3396
2026-06-15T00:56:37.000000Z,BTCUSDT,futures,10010.0,10010.0,10010.0,10010.0,1.0,10010.0,1,0.5,0.5,5005.0,5005.0,1.0,2026-06-15T00:56:37.000000Z,2026-06-15T00:56:37.000000Z,3397,3397
2026-06-15T00:56:38.000000Z,BTCUSDT,futures,10010.5,10010.5,10010.5,10010.5,1.0,10010.5,1,0.5,0.5,5005.25,5005.25,1.0,2026-06-15T00:56:38.000000Z,2026-06-15T00:56:38.000000Z,3398,3398
2026-06-15T00:56:39.000000Z,BTCUSDT,futures,10009.5,10009.5,10009.5,10009.5,1.0,10009.5,1,0.5,0.5,5004.75,5004.75,1.0,2026-06-15T00:56:39.000000Z,2026-06-15T00:56:39.000000Z,3399,3399
2026-06-15T00:56:40.000000Z,BTCUSDT,futures,10010.0,10010.0,10010.0,10010.0,1.0,10010.0,1,0.5,0.5,5005.0,5005.0,1.0,2026-06-15T00:56:40.000000Z,2026-06-15T00:56:40.000000Z,3400,3400
2026-06-15T00:56:41.000000Z,BTCUSDT,futures,10010.5,10010.5,10010.5,10010.5,1.0,10010.5,1,0.5,0.5,5005.25,5005.25,1.0,2026-06-15T00:56:41.000000Z,2026-06-15T00:56:41.000000Z,3401,3401
2026-06-15T00:56:42.000000Z,BTCUSDT,futures,10009.5,10009.5,10009.5,10009.5,1.0,10009.5,1,0.5,0.5,5004.75,5004.75,1.0,2026-06-15T00:56:42.000000Z,2026-06-15T00:56:42.000000Z,3402,3402
2026-06-15T00:56:43.000000Z,BTCUSDT,futures,10010.0,10010.0,10010.0,10010.0,1.0,10010.0,1,0.5,0.5,5005.0,5005.0,1.0,2026-06-15T00:56:43.000000Z,2026-06-15T00:56:43.000000Z,3403,3403
2026-06-15T00:56:44.000000Z,BTCUSDT,futures,10010.5,10010.5,10010.5,10010.5,1.0,10010.5,1,0.5,0.5,5005.25,5005.25,1.0,2026-06-15T00:56:44.000000Z,2026-06-15T00:56:44.000000Z,3404,3404
2026-06-15T00:56:45.000000Z,BTCUSDT,futures,10009.5,10009.5,10009.5,10009.5,1.0,10009.5,1,0.5,0.5,5004.75,5004.75,1.0,2026-06-15T00:56:45.000000Z,2026-06-15T00:56:45.000000Z,3405,3405
2026-06-15T00:56:46.000000Z,BTCUSDT,futures,10010.0,10010.0,10010.0,10010.0,1.0,10010.0,1,0.5,0.5,5005.0,5005.0,1.0,2026-06-15T00:56:46.000000Z,2026-06-15T00:56:46.000000Z,3406,3406
2026-06-15T00:56:47.000000Z,BTCUSDT,futures,10010.5,10010.5,10010.5,10010.5,1.0,10010.5,1,0.5,0.5,5005.25,5005.25,1.0,2026-06-15T00:56:47.000000Z,2026-06-15T00:56:47.000000Z,3407,3407
2026-06-15T00:56:48.000000Z,BTCUSDT,futures,10009.5,10009.5,10009.5,10009.5,1.0,10009.5,1,0.5,0.5,5004.75,5004.75,1.0,2026-06-15T00:56:48.000000Z,2026-06-15T00:56:48.000000Z,3408,3408
2026-06-15T00:56:49.000000Z,BTCUSDT,futures,10010.0,10010.0,10010.0,10010.0,1.0,10010.0,1,0.5,0.5,5005.0,5005.0,1.0,2026-06-15T00:56:49.000000Z,2026-06-15T00:56:49.000000Z,3409,3409
2026-06-15T00:56:50.000000Z,BTCUSDT,futures,10010.5,10010.5,10010.5,10010.5,1.0,10010.5,1,0.5,0.5,5005.25,5005.25,1.0,2026-06-15T00:56:50.000000Z,2026-06-15T00:56:50.000000Z,3410,3410
2026-06-15T00:56:51.000000Z,BTCUSDT,futures,10009.5,10009.5,10009.5,10009.5,1.0,10009.5,1,0.5,0.5,5004.75,5004.75,1.0,2026-06-15T00:56:51.000000Z,2026-06-15T00:56:51.000000Z,3411,3411
2026-06-15T00:56:52.000000Z,BTCUSDT,futures,10010.0,10010.0,10010.0,10010.0,1.0,10010.0,1,0.5,0.5,5005.0,5005.0,1.0,2026-06-15T00:56:52.000000Z,2026-06-15T00:56:52.000000Z,3412,3412
2026-06-15T00:56:53.000000Z,BTCUSDT,futures,10010.5,10010.5,10010.5,10010.5,1.0,10010.5,1,0.5,0.5,5005.25,5005.25,1.0,2026-06-15T00:56:53.000000Z,2026-06-15T00:56:53.000000Z,3413,3413
2026-06-15T00:56:54.000000Z,BTCUSDT,futures,10009.5,10009.5,10009.5,10009.5,1.0,10009.5,1,0.5,0.5,5004.75,5004.75,1.0,2026-06-15T00:56:54.000000Z,2026-06-15T00:56:54.000000Z,3414,3414
2026-06-15T00:56:55.000000Z,BTCUSDT,futures,10010.0,10010.0,10010.0,10010.0,1.0,10010.0,1,0.5,0.5,5005.0,5005.0,1.0,2026-06-15T00:56:55.000000Z,2026-06-15T00:56:55.000000Z,3415,3415
2026-06-15T00:56:56.000000Z,BTCUSDT,futures,10010.5,10010.5,10010.5,10010.5,1.0,10010.5,1,0.5,0.5,5005.25,5005.25,1.0,2026-06-15T00:56:56.000000Z,2026-06-15T00:56:56.000000Z,3416,3416
2026-06-15T00:56:57.000000Z,BTCUSDT,futures,10009.5,10009.5,10009.5,10009.5,1.0,10009.5,1,0.5,0.5,5004.75,5004.75,1.0,2026-06-15T00:56:57.000000Z,2026-06-15T00:56:57.000000Z,3417,3417
2026-06-15T00:56:58.000000Z,BTCUSDT,futures,10010.0,10010.0,10010.0,10010.0,1.0,10010.0,1,0.5,0.5,5005.0,5005.0,1.0,2026-06-15T00:56:58.000000Z,2026-06-15T00:56:58.000000Z,3418,3418
2026-06-15T00:56:59.000000Z,BTCUSDT,futures,10010.5,10010.5,10010.5,10010.5,1.0,10010.5,1,0.5,0.5,5005.25,5005.25,1.0,2026-06-15T00:56:59.000000Z,2026-06-15T00:56:59.000000Z,3419,3419
2026-06-15T00:57:00.000000Z,BTCUSDT,futures,10009.5,10009.5,10009.5,10009.5,1.0,10009.5,1,0.5,0.5,5004.75,5004.75,1.0,2026-06-15T00:57:00.000000Z,2026-06-15T00:57:00.000000Z,3420,3420
2026-06-15T00:57:01.000000Z,BTCUSDT,futures,10010.0,10010.0,10010.0,10010.0,1.0,10010.0,1,0.5,0.5,5005.0,5005.0,1.0,2026-06-15T00:57:01.000000Z,2026-06-15T00:57:01.000000Z,3421,3421
2026-06-15T00:57:02.000000Z,BTCUSDT,futures,10010.5,10010.5,10010.5,10010.5,1.0,10010.5,1,0.5,0.5,5005.25,5005.25,1.0,2026-06-15T00:57:02.000000Z,2026-06-15T00:57:02.000000Z,3422,3422
2026-06-15T00:57:03.000000Z,BTCUSDT,futures,10009.5,10009.5,10009.5,10009.5,1.0,10009.5,1,0.5,0.5,5004.75,5004.75,1.0,2026-06-15T00:57:03.000000Z,2026-06-15T00:57:03.000000Z,3423,3423
2026-06-15T00:57:04.000000Z,BTCUSDT,futures,10010.0,10010.0,10010.0,10010.0,1.0,10010.0,1,0.5,0.5,5005.0,5005.0,1.0,2026-06-15T00:57:04.000000Z,2026-06-15T00:57:04.000000Z,3424,3424
2026-06-15T00:57:05.000000Z,BTCUSDT,futures,10010.5,10010.5,10010.5,10010.5,1.0,10010.5,1,0.5,0.5,5005.25,5005.25,1.0,2026-06-15T00:57:05.000000Z,2026-06-15T00:57:05.000000Z,3425,3425
2026-06-15T00:57:06.000000Z,BTCUSDT,futures,10009.5,10009.5,10009.5,10009.5,1.0,10009.5,1,0.5,0.5,5004.75,5004.75,1.0,2026-06-15T00:57:06.000000Z,2026-06-15T00:57:06.000000Z,3426,3426
2026-06-15T00:57:07.000000Z,BTCUSDT,futures,10010.0,10010.0,10010.0,10010.0,1.0,10010.0,1,0.5,0.5,5005.0,5005.0,1.0,2026-06-15T00:57:07.000000Z,2026-06-15T00:57:07.000000Z,3427,3427
2026-06-15T00:57:08.000000Z,BTCUSDT,futures,10010.5,10010.5,10010.5,10010.5,1.0,10010.5,1,0.5,0.5,5005.25,5005.25,1.0,2026-06-15T00:57:08.000000Z,2026-06-15T00:57:08.000000Z,3428,3428
2026-06-15T00:57:09.000000Z,BTCUSDT,futures,10009.5,10009.5,10009.5,10009.5,1.0,10009.5,1,0.5,0.5,5004.75,5004.75,1.0,2026-06-15T00:57:09.000000Z,2026-06-15T00:57:09.000000Z,3429,3429
2026-06-15T00:57:10.000000Z,BTCUSDT,futures,10010.0,10010.0,10010.0,10010.0,1.0,10010.0,1,0.5,0.5,5005.0,5005.0,1.0,2026-06-15T00:57:10.000000Z,2026-06-15T00:57:10.000000Z,3430,3430
2026-06-15T00:57:11.000000Z,BTCUSDT,futures,10010.5,10010.5,10010.5,10010.5,1.0,10010.5,1,0.5,0.5,5005.25,5005.25,1.0,2026-06-15T00:57:11.000000Z,2026-06-15T00:57:11.000000Z,3431,3431
2026-06-15T00:57:12.000000Z,BTCUSDT,futures,10009.5,10009.5,10009.5,10009.5,1.0,10009.5,1,0.5,0.5,5004.75,5004.75,1.0,2026-06-15T00:57:12.000000Z,2026-06-15T00:57:12.000000Z,3432,3432
2026-06-15T00:57:13.000000Z,BTCUSDT,futures,10010.0,10010.0,10010.0,10010.0,1.0,10010.0,1,0.5,0.5,5005.0,5005.0,1.0,2026-06-15T00:57:13.000000Z,2026-06-15T00:57:13.000000Z,3433,3433
2026-06-15T00:57:14.000000Z,BTCUSDT,futures,10010.5,10010.5,10010.5,10010.5,1.0,10010.5,1,0.5,0.5,5005.25,5005.25,1.0,2026-06-15T00:57:14.000000Z,2026-06-15T00:57:14.000000Z,3434,3434
2026-06-15T00:57:15.000000Z,BTCUSDT,futures,10009.5,10009.5,10009.5,10009.5,1.0,10009.5,1,0.5,0.5,5004.75,5004.75,1.0,2026-06-15T00:57:15.000000Z,2026-06-15T00:57:15.000000Z,3435,3435
2026-06-15T00:57:16.000000Z,BTCUSDT,futures,10010.0,10010.0,10010.0,10010.0,1.0,10010.0,1,0.5,0.5,5005.0,5005.0,1.0,2026-06-15T00:57:16.000000Z,2026-06-15T00:57:16.000000Z,3436,3436
2026-06-15T00:57:17.000000Z,BTCUSDT,futures,10010.5,10010.5,10010.5,10010.5,1.0,10010.5,1,0.5,0.5,5005.25,5005.25,1.0,2026-06-15T00:57:17.000000Z,2026-06-15T00:57:17.000000Z,3437,3437
2026-06-15T00:57:18.000000Z,BTCUSDT,futures,10009.5,10009.5,10009.5,10009.5,1.0,10009.5,1,0.5,0.5,5004.75,5004.75,1.0,2026-06-15T00:57:18.000000Z,2026-06-15T00:57:18.000000Z,3438,3438
2026-06-15T00:57:19.000000Z,BTCUSDT,futures,10010.0,10010.0,10010.0,10010.0,1.0,10010.0,1,0.5,0.5,5005.0,5005.0,1.0,2026-06-15T00:57:19.000000Z,2026-06-15T00:57:19.000000Z,3439,3439
2026-06-15T00:57:20.000000Z,BTCUSDT,futures,10010.5,10010.5,10010.5,10010.5,1.0,10010.5,1,0.5,0.5,5005.25,5005.25,1.0,2026-06-15T00:57:20.000000Z,2026-06-15T00:57:20.000000Z,3440,3440
2026-06-15T00:57:21.000000Z,BTCUSDT,futures,10009.5,10009.5,10009.5,10009.5,1.0,10009.5,1,0.5,0.5,5004.75,5004.75,1.0,2026-06-15T00:57:21.000000Z,2026-06-15T00:57:21.000000Z,3441,3441
2026-06-15T00:57:22.000000Z,BTCUSDT,futures,10010.0,10010.0,10010.0,10010.0,1.0,10010.0,1,0.5,0.5,5005.0,5005.0,1.0,2026-06-15T00:57:22.000000Z,2026-06-15T00:57:22.000000Z,3442,3442
2026-06-15T00:57:23.000000Z,BTCUSDT,futures,10010.5,10010.5,10010.5,10010.5,1.0,10010.5,1,0.5,0.5,5005.25,5005.25,1.0,2026-06-15T00:57:23.000000Z,2026-06-15T00:57:23.000000Z,3443,3443
2026-06-15T00:57:24.000000Z,BTCUSDT,futures,10009.5,10009.5,10009.5,10009.5,1.0,10009.5,1,0.5,0.5,5004.75,5004.75,1.0,2026-06-15T00:57:24.000000Z,2026-06-15T00:57:24.000000Z,3444,3444
2026-06-15T00:57:25.000000Z,BTCUSDT,futures,10010.0,10010.0,10010.0,10010.0,1.0,10010.0,1,0.5,0.5,5005.0,5005.0,1.0,2026-06-15T00:57:25.000000Z,2026-06-15T00:57:25.000000Z,3445,3445
2026-06-15T00:57:26.000000Z,BTCUSDT,futures,10010.5,10010.5,10010.5,10010.5,1.0,10010.5,1,0.5,0.5,5005.25,5005.25,1.0,2026-06-15T00:57:26.000000Z,2026-06-15T00:57:26.000000Z,3446,3446
2026-06-15T00:57:27.000000Z,BTCUSDT,futures,10009.5,10009.5,10009.5,10009.5,1.0,10009.5,1,0.5,0.5,5004.75,5004.75,1.0,2026-06-15T00:57:27.000000Z,2026-06-15T00:57:27.000000Z,3447,3447
2026-06-15T00:57:28.000000Z,BTCUSDT,futures,10010.0,10010.0,10010.0,10010.0,1.0,10010.0,1,0.5,0.5,5005.0,5005.0,1.0,2026-06-15T00:57:28.000000Z,2026-06-15T00:57:28.000000Z,3448,3448
2026-06-15T00:57:29.000000Z,BTCUSDT,futures,10010.5,10010.5,10010.5,10010.5,1.0,10010.5,1,0.5,0.5,5005.25,5005.25,1.0,2026-06-15T00:57:29.000000Z,2026-06-15T00:57:29.000000Z,3449,3449
2026-06-15T00:57:30.000000Z,BTCUSDT,futures,10009.5,10009.5,10009.5,10009.5,1.0,10009.5,1,0.5,0.5,5004.75,5004.75,1.0,2026-06-15T00:57:30.000000Z,2026-06-15T00:57:30.000000Z,3450,3450
2026-06-15T00:57:31.000000Z,BTCUSDT,futures,10010.0,10010.0,10010.0,10010.0,1.0,10010.0,1,0.5,0.5,5005.0,5005.0,1.0,2026-06-15T00:57:31.000000Z,2026-06-15T00:57:31.000000Z,3451,3451
2026-06-15T00:57:32.000000Z,BTCUSDT,futures,10010.5,10010.5,10010.5,10010.5,1.0,10010.5,1,0.5,0.5,5005.25,5005.25,1.0,2026-06-15T00:57:32.000000Z,2026-06-15T00:57:32.000000Z,3452,3452
2026-06-15T00:57:33.000000Z,BTCUSDT,futures,10009.5,10009.5,10009.5,10009.5,1.0,10009.5,1,0.5,0.5,5004.75,5004.75,1.0,2026-06-15T00:57:33.000000Z,2026-06-15T00:57:33.000000Z,3453,3453
2026-06-15T00:57:34.000000Z,BTCUSDT,futures,10010.0,10010.0,10010.0,10010.0,1.0,10010.0,1,0.5,0.5,5005.0,5005.0,1.0,2026-06-15T00:57:34.000000Z,2026-06-15T00:57:34.000000Z,3454,3454
2026-06-15T00:57:35.000000Z,BTCUSDT,futures,10010.5,10010.5,10010.5,10010.5,1.0,10010.5,1,0.5,0.5,5005.25,5005.25,1.0,2026-06-15T00:57:35.000000Z,2026-06-15T00:57:35.000000Z,3455,3455
2026-06-15T00:57:36.000000Z,BTCUSDT,futures,10009.5,10009.5,10009.5,10009.5,1.0,10009.5,1,0.5,0.5,5004.75,5004.75,1.0,2026-06-15T00:57:36.000000Z,2026-06-15T00:57:36.000000Z,3456,3456
2026-06-15T00:57:37.000000Z,BTCUSDT,futures,10010.0,10010.0,10010.0,10010.0,1.0,10010.0,1,0.5,0.5,5005.0,5005.0,1.0,2026-06-15T00:57:37.000000Z,2026-06-15T00:57:37.000000Z,3457,3457
2026-06-15T00:57:38.000000Z,BTCUSDT,futures,10010.5,10010.5,10010.5,10010.5,1.0,10010.5,1,0.5,0.5,5005.25,5005.25,1.0,2026-06-15T00:57:38.000000Z,2026-06-15T00:57:38.000000Z,3458,3458
2026-06-15T00:57:39.000000Z,BTCUSDT,futures,10009.5,10009.5,10009.5,10009.5,1.0,10009.5,1,0.5,0.5,5004.75,5004.75,1.0,2026-06-15T00:57:39.000000Z,2026-06-15T00:57:39.000000Z,3459,3459
2026-06-15T00:57:40.000000Z,BTCUSDT,futures,10010.0,10010.0,10010.0,10010.0,1.0,10010.0,1,0.5,0.5,5005.0,5005.0,1.0,2026-06-15T00:57:40.000000Z,2026-06-15T00:57:40.000000Z,3460,3460
2026-06-15T00:57:41.000000Z,BTCUSDT,futures,10010.5,10010.5,10010.5,10010.5,1.0,10010.5,1,0.5,0.5,5005.25,5005.25,1.0,2026-06-15T00:57:41.000000Z,2026-06-15T00:57:41.000000Z,3461,3461
2026-06-15T00:57:42.000000Z,BTCUSDT,futures,10009.5,10009.5,10009.5,10009.5,1.0,10009.5,1,0.5,0.5,5004.75,5004.75,1.0,2026-06-15T00:57:42.000000Z,2026-06-15T00:57:42.000000Z,3462,3462
2026-06-15T00:57:43.000000Z,BTCUSDT,futures,10010.0,10010.0,10010.0,10010.0,1.0,10010.0,1,0.5,0.5,5005.0,5005.0,1.0,2026-06-15T00:57:43.000000Z,2026-06-15T00:57:43.000000Z,3463,3463
2026-06-15T00:57:44.000000Z,BTCUSDT,futures,10010.5,10010.5,10010.5,10010.5,1.0,10010.5,1,0.5,0.5,5005.25,5005.25,1.0,2026-06-15T00:57:44.000000Z,2026-06-15T00:57:44.000000Z,3464,3464
2026-06-15T00:57:45.000000Z,BTCUSDT,futures,10009.5,10009.5,10009.5,10009.5,1.0,10009.5,1,0.5,0.5,5004.75,5004.75,1.0,2026-06-15T00:57:45.000000Z,2026-06-15T00:57:45.000000Z,3465,3465
2026-06-15T00:57:46.000000Z,BTCUSDT,futures,10010.0,10010.0,10010.0,10010.0,1.0,10010.0,1,0.5,0.5,5005.0,5005.0,1.0,2026-06-15T00:57:46.000000Z,2026-06-15T00:57:46.000000Z,3466,3466
2026-06-15T00:57:47.000000Z,BTCUSDT,futures,10010.5,10010.5,10010.5,10010.5,1.0,10010.5,1,0.5,0.5,5005.25,5005.25,1.0,2026-06-15T00:57:47.000000Z,2026-06-15T00:57:47.000000Z,3467,3467
2026-06-15T00:57:48.000000Z,BTCUSDT,futures,10009.5,10009.5,10009.5,10009.5,1.0,10009.5,1,0.5,0.5,5004.75,5004.75,1.0,2026-06-15T00:57:48.000000Z,2026-06-15T00:57:48.000000Z,3468,3468
2026-06-15T00:57:49.000000Z,BTCUSDT,futures,10010.0,10010.0,10010.0,10010.0,1.0,10010.0,1,0.5,0.5,5005.0,5005.0,1.0,2026-06-15T00:57:49.000000Z,2026-06-15T00:57:49.000000Z,3469,3469
2026-06-15T00:57:50.000000Z,BTCUSDT,futures,10010.5,10010.5,10010.5,10010.5,1.0,10010.5,1,0.5,0.5,5005.25,5005.25,1.0,2026-06-15T00:57:50.000000Z,2026-06-15T00:57:50.000000Z,3470,3470
2026-06-15T00:57:51.000000Z,BTCUSDT,futures,10009.5,10009.5,10009.5,10009.5,1.0,10009.5,1,0.5,0.5,5004.75,5004.75,1.0,2026-06-15T00:57:51.000000Z,2026-06-15T00:57:51.000000Z,3471,3471
2026-06-15T00:57:52.000000Z,BTCUSDT,futures,10010.0,10010.0,10010.0,10010.0,1.0,10010.0,1,0.5,0.5,5005.0,5005.0,1.0,2026-06-15T00:57:52.000000Z,2026-06-15T00:57:52.000000Z,3472,3472
2026-06-15T00:57:53.000000Z,BTCUSDT,futures,10010.5,10010.5,10010.5,10010.5,1.0,10010.5,1,0.5,0.5,5005.25,5005.25,1.0,2026-06-15T00:57:53.000000Z,2026-06-15T00:57:53.000000Z,3473,3473
2026-06-15T00:57:54.000000Z,BTCUSDT,futures,10009.5,10009.5,10009.5,10009.5,1.0,10009.5,1,0.5,0.5,5004.75,5004.75,1.0,2026-06-15T00:57:54.000000Z,2026-06-15T00:57:54.000000Z,3474,3474
2026-06-15T00:57:55.000000Z,BTCUSDT,futures,10010.0,10010.0,10010.0,10010.0,1.0,10010.0,1,0.5,0.5,5005.0,5005.0,1.0,2026-06-15T00:57:55.000000Z,2026-06-15T00:57:55.000000Z,3475,3475
2026-06-15T00:57:56.000000Z,BTCUSDT,futures,10010.5,10010.5,10010.5,10010.5,1.0,10010.5,1,0.5,0.5,5005.25,5005.25,1.0,2026-06-15T00:57:56.000000Z,2026-06-15T00:57:56.000000Z,3476,3476
2026-06-15T00:57:57.000000Z,BTCUSDT,futures,10009.5,10009.5,10009.5,10009.5,1.0,10009.5,1,0.5,0.5,5004.75,5004.75,1.0,2026-06-15T00:57:57.000000Z,2026-06-15T00:57:57.000000Z,3477,3477
2026-06-15T00:57:58.000000Z,BTCUSDT,futures,10010.0,10010.0,10010.0,10010.0,1.0,10010.0,1,0.5,0.5,5005.0,5005.0,1.0,2026-06-15T00:57:58.000000Z,2026-06-15T00:57:58.000000Z,3478,3478
2026-06-15T00:57:59.000000Z,BTCUSDT,futures,10010.5,10010.5,10010.5,10010.5,1.0,10010.5,1,0.5,0.5,5005.25,5005.25,1.0,2026-06-15T00:57:59.000000Z,2026-06-15T00:57:59.000000Z,3479,3479
2026-06-15T00:58:00.000000Z,BTCUSDT,futures,10009.5,10009.5,10009.5,10009.5,1.0,10009.5,1,0.5,0.5,5004.75,5004.75,1.0,2026-06-15T00:58:00.000000Z,2026-06-15T00:58:00.000000Z,3480,3480
2026-06-15T00:58:01.000000Z,BTCUSDT,futures,10010.0,10010.0,10010.0,10010.0,1.0,10010.0,1,0.5,0.5,5005.0,5005.0,1.0,2026-06-15T00:58:01.000000Z,2026-06-15T00:58:01.000000Z,3481,3481
2026-06-15T00:58:02.000000Z,BTCUSDT,futures,10010.5,10010.5,10010.5,10010.5,1.0,10010.5,1,0.5,0.5,5005.25,5005.25,1.0,2026-06-15T00:58:02.000000Z,2026-06-15T00:58:02.000000Z,3482,3482
2026-06-15T00:58:03.000000Z,BTCUSDT,futures,10009.5,10009.5,10009.5,10009.5,1.0,10009.5,1,0.5,0.5,5004.75,5004.75,1.0,2026-06-15T00:58:03.000000Z,2026-06-15T00:58:03.000000Z,3483,3483
2026-06-15T00:58:04.000000Z,BTCUSDT,futures,10010.0,10010.0,10010.0,10010.0,1.0,10010.0,1,0.5,0.5,5005.0,5005.0,1.0,2026-06-15T00:58:04.000000Z,2026-06-15T00:58:04.000000Z,3484,3484
2026-06-15T00:58:05.000000Z,BTCUSDT,futures,10010.5,10010.5,10010.5,10010.5,1.0,10010.5,1,0.5,0.5,5005.25,5005.25,1.0,2026-06-15T00:58:05.000000Z,2026-06-15T00:58:05.000000Z,3485,3485
2026-06-15T00:58:06.000000Z,BTCUSDT,futures,10009.5,10009.5,10009.5,10009.5,1.0,10009.5,1,0.5,0.5,5004.75,5004.75,1.0,2026-06-15T00:58:06.000000Z,2026-06-15T00:58:06.000000Z,3486,3486
2026-06-15T00:58:07.000000Z,BTCUSDT,futures,10010.0,10010.0,10010.0,10010.0,1.0,10010.0,1,0.5,0.5,5005.0,5005.0,1.0,2026-06-15T00:58:07.000000Z,2026-06-15T00:58:07.000000Z,3487,3487
2026-06-15T00:58:08.000000Z,BTCUSDT,futures,10010.5,10010.5,10010.5,10010.5,1.0,10010.5,1,0.5,0.5,5005.25,5005.25,1.0,2026-06-15T00:58:08.000000Z,2026-06-15T00:58:08.000000Z,3488,3488
2026-06-15T00:58:09.000000Z,BTCUSDT,futures,10009.5,10009.5,10009.5,10009.5,1.0,10009.5,1,0.5,0.5,5004.75,5004.75,1.0,2026-06-15T00:58:09.000000Z,2026-06-15T00:58:09.000000Z,3489,3489
2026-06-15T00:58:10.000000Z,BTCUSDT,futures,10010.0,10010.0,10010.0,10010.0,1.0,10010.0,1,0.5,0.5,5005.0,5005.0,1.0,2026-06-15T00:58:10.000000Z,2026-06-15T00:58:10.000000Z,3490,3490
2026-06-15T00:58:11.000000Z,BTCUSDT,futures,10010.5,10010.5,10010.5,10010.5,1.0,10010.5,1,0.5,0.5,5005.25,5005.25,1.0,2026-06-15T00:58:11.000000Z,2026-06-15T00:58:11.000000Z,3491,3491
2026-06-15T00:58:12.000000Z,BTCUSDT,futures,10009.5,10009.5,10009.5,10009.5,1.0,10009.5,1,0.5,0.5,5004.75,5004.75,1.0,2026-06-15T00:58:12.000000Z,2026-06-15T00:58:12.000000Z,3492,3492
2026-06-15T00:58:13.000000Z,BTCUSDT,futures,10010.0,10010.0,10010.0,10010.0,1.0,10010.0,1,0.5,0.5,5005.0,5005.0,1.0,2026-06-15T00:58:13.000000Z,2026-06-15T00:58:13.000000Z,3493,3493
2026-06-15T00:58:14.000000Z,BTCUSDT,futures,10010.5,10010.5,10010.5,10010.5,1.0,10010.5,1,0.5,0.5,5005.25,5005.25,1.0,2026-06-15T00:58:14.000000Z,2026-06-15T00:58:14.000000Z,3494,3494
2026-06-15T00:58:15.000000Z,BTCUSDT,futures,10009.5,10009.5,10009.5,10009.5,1.0,10009.5,1,0.5,0.5,5004.75,5004.75,1.0,2026-06-15T00:58:15.000000Z,2026-06-15T00:58:15.000000Z,3495,3495
2026-06-15T00:58:16.000000Z,BTCUSDT,futures,10010.0,10010.0,10010.0,10010.0,1.0,10010.0,1,0.5,0.5,5005.0,5005.0,1.0,2026-06-15T00:58:16.000000Z,2026-06-15T00:58:16.000000Z,3496,3496
2026-06-15T00:58:17.000000Z,BTCUSDT,futures,10010.5,10010.5,10010.5,10010.5,1.0,10010.5,1,0.5,0.5,5005.25,5005.25,1.0,2026-06-15T00:58:17.000000Z,2026-06-15T00:58:17.000000Z,3497,3497
2026-06-15T00:58:18.000000Z,BTCUSDT,futures,10009.5,10009.5,10009.5,10009.5,1.0,10009.5,1,0.5,0.5,5004.75,5004.75,1.0,2026-06-15T00:58:18.000000Z,2026-06-15T00:58:18.000000Z,3498,3498
2026-06-15T00:58:19.000000Z,BTCUSDT,futures,10010.0,10010.0,10010.0,10010.0,1.0,10010.0,1,0.5,0.5,5005.0,5005.0,1.0,2026-06-15T00:58:19.000000Z,2026-06-15T00:58:19.000000Z,3499,3499
2026-06-15T00:58:20.000000Z,BTCUSDT,futures,10010.5,10010.5,10010.5,10010.5,1.0,10010.5,1,0.5,0.5,5005.25,5005.25,1.0,2026-06-15T00:58:20.000000Z,2026-06-15T00:58:20.000000Z,3500,3500
2026-06-15T00:58:21.000000Z,BTCUSDT,futures,10009.5,10009.5,10009.5,10009.5,1.0,10009.5,1,0.5,0.5,5004.75,5004.75,1.0,2026-06-15T00:58:21.000000Z,2026-06-15T00:58:21.000000Z,3501,3501
2026-06-15T00:58:22.000000Z,BTCUSDT,futures,10010.0,10010.0,10010.0,10010.0,1.0,10010.0,1,0.5,0.5,5005.0,5005.0,1.0,2026-06-15T00:58:22.000000Z,2026-06-15T00:58:22.000000Z,3502,3502
2026-06-15T00:58:23.000000Z,BTCUSDT,futures,10010.5,10010.5,10010.5,10010.5,1.0,10010.5,1,0.5,0.5,5005.25,5005.25,1.0,2026-06-15T00:58:23.000000Z,2026-06-15T00:58:23.000000Z,3503,3503
2026-06-15T00:58:24.000000Z,BTCUSDT,futures,10009.5,10009.5,10009.5,10009.5,1.0,10009.5,1,0.5,0.5,5004.75,5004.75,1.0,2026-06-15T00:58:24.000000Z,2026-06-15T00:58:24.000000Z,3504,3504
2026-06-15T00:58:25.000000Z,BTCUSDT,futures,10010.0,10010.0,10010.0,10010.0,1.0,10010.0,1,0.5,0.5,5005.0,5005.0,1.0,2026-06-15T00:58:25.000000Z,2026-06-15T00:58:25.000000Z,3505,3505
2026-06-15T00:58:26.000000Z,BTCUSDT,futures,10010.5,10010.5,10010.5,10010.5,1.0,10010.5,1,0.5,0.5,5005.25,5005.25,1.0,2026-06-15T00:58:26.000000Z,2026-06-15T00:58:26.000000Z,3506,3506
2026-06-15T00:58:27.000000Z,BTCUSDT,futures,10009.5,10009.5,10009.5,10009.5,1.0,10009.5,1,0.5,0.5,5004.75,5004.75,1.0,2026-06-15T00:58:27.000000Z,2026-06-15T00:58:27.000000Z,3507,3507
2026-06-15T00:58:28.000000Z,BTCUSDT,futures,10010.0,10010.0,10010.0,10010.0,1.0,10010.0,1,0.5,0.5,5005.0,5005.0,1.0,2026-06-15T00:58:28.000000Z,2026-06-15T00:58:28.000000Z,3508,3508
2026-06-15T00:58:29.000000Z,BTCUSDT,futures,10010.5,10010.5,10010.5,10010.5,1.0,10010.5,1,0.5,0.5,5005.25,5005.25,1.0,2026-06-15T00:58:29.000000Z,2026-06-15T00:58:29.000000Z,3509,3509
2026-06-15T00:58:30.000000Z,BTCUSDT,futures,10009.5,10009.5,10009.5,10009.5,1.0,10009.5,1,0.5,0.5,5004.75,5004.75,1.0,2026-06-15T00:58:30.000000Z,2026-06-15T00:58:30.000000Z,3510,3510
2026-06-15T00:58:31.000000Z,BTCUSDT,futures,10010.0,10010.0,10010.0,10010.0,1.0,10010.0,1,0.5,0.5,5005.0,5005.0,1.0,2026-06-15T00:58:31.000000Z,2026-06-15T00:58:31.000000Z,3511,3511
2026-06-15T00:58:32.000000Z,BTCUSDT,futures,10010.5,10010.5,10010.5,10010.5,1.0,10010.5,1,0.5,0.5,5005.25,5005.25,1.0,2026-06-15T00:58:32.000000Z,2026-06-15T00:58:32.000000Z,3512,3512
2026-06-15T00:58:33.000000Z,BTCUSDT,futures,10009.5,10009.5,10009.5,10009.5,1.0,10009.5,1,0.5,0.5,5004.75,5004.75,1.0,2026-06-15T00:58:33.000000Z,2026-06-15T00:58:33.000000Z,3513,3513
2026-06-15T00:58:34.000000Z,BTCUSDT,futures,10010.0,10010.0,10010.0,10010.0,1.0,10010.0,1,0.5,0.5,5005.0,5005.0,1.0,2026-06-15T00:58:34.000000Z,2026-06-15T00:58:34.000000Z,3514,3514
2026-06-15T00:58:35.000000Z,BTCUSDT,futures,10010.5,10010.5,10010.5,10010.5,1.0,10010.5,1,0.5,0.5,5005.25,5005.25,1.0,2026-06-15T00:58:35.000000Z,2026-06-15T00:58:35.000000Z,3515,3515
2026-06-15T00:58:36.000000Z,BTCUSDT,futures,10009.5,10009.5,10009.5,10009.5,1.0,10009.5,1,0.5,0.5,5004.75,5004.75,1.0,2026-06-15T00:58:36.000000Z,2026-06-15T00:58:36.000000Z,3516,3516
2026-06-15T00:58:37.000000Z,BTCUSDT,futures,10010.0,10010.0,10010.0,10010.0,1.0,10010.0,1,0.5,0.5,5005.0,5005.0,1.0,2026-06-15T00:58:37.000000Z,2026-06-15T00:58:37.000000Z,3517,3517
2026-06-15T00:58:38.000000Z,BTCUSDT,futures,10010.5,10010.5,10010.5,10010.5,1.0,10010.5,1,0.5,0.5,5005.25,5005.25,1.0,2026-06-15T00:58:38.000000Z,2026-06-15T00:58:38.000000Z,3518,3518
2026-06-15T00:58:39.000000Z,BTCUSDT,futures,10009.5,10009.5,10009.5,10009.5,1.0,10009.5,1,0.5,0.5,5004.75,5004.75,1.0,2026-06-15T00:58:39.000000Z,2026-06-15T00:58:39.000000Z,3519,3519
2026-06-15T00:58:40.000000Z,BTCUSDT,futures,10010.0,10010.0,10010.0,10010.0,1.0,10010.0,1,0.5,0.5,5005.0,5005.0,1.0,2026-06-15T00:58:40.000000Z,2026-06-15T00:58:40.000000Z,3520,3520
2026-06-15T00:58:41.000000Z,BTCUSDT,futures,10010.5,10010.5,10010.5,10010.5,1.0,10010.5,1,0.5,0.5,5005.25,5005.25,1.0,2026-06-15T00:58:41.000000Z,2026-06-15T00:58:41.000000Z,3521,3521
2026-06-15T00:58:42.000000Z,BTCUSDT,futures,10009.5,10009.5,10009.5,10009.5,1.0,10009.5,1,0.5,0.5,5004.75,5004.75,1.0,2026-06-15T00:58:42.000000Z,2026-06-15T00:58:42.000000Z,3522,3522
2026-06-15T00:58:43.000000Z,BTCUSDT,futures,10010.0,10010.0,10010.0,10010.0,1.0,10010.0,1,0.5,0.5,5005.0,5005.0,1.0,2026-06-15T00:58:43.000000Z,2026-06-15T00:58:43.000000Z,3523,3523
2026-06-15T00:58:44.000000Z,BTCUSDT,futures,10010.5,10010.5,10010.5,10010.5,1.0,10010.5,1,0.5,0.5,5005.25,5005.25,1.0,2026-06-15T00:58:44.000000Z,2026-06-15T00:58:44.000000Z,3524,3524
2026-06-15T00:58:45.000000Z,BTCUSDT,futures,10009.5,10009.5,10009.5,10009.5,1.0,10009.5,1,0.5,0.5,5004.75,5004.75,1.0,2026-06-15T00:58:45.000000Z,2026-06-15T00:58:45.000000Z,3525,3525
2026-06-15T00:58:46.000000Z,BTCUSDT,futures,10010.0,10010.0,10010.0,10010.0,1.0,10010.0,1,0.5,0.5,5005.0,5005.0,1.0,2026-06-15T00:58:46.000000Z,2026-06-15T00:58:46.000000Z,3526,3526
2026-06-15T00:58:47.000000Z,BTCUSDT,futures,10010.5,10010.5,10010.5,10010.5,1.0,10010.5,1,0.5,0.5,5005.25,5005.25,1.0,2026-06-15T00:58:47.000000Z,2026-06-15T00:58:47.000000Z,3527,3527
2026-06-15T00:58:48.000000Z,BTCUSDT,futures,10009.5,10009.5,10009.5,10009.5,1.0,10009.5,1,0.5,0.5,5004.75,5004.75,1.0,2026-06-15T00:58:48.000000Z,2026-06-15T00:58:48.000000Z,3528,3528
2026-06-15T00:58:49.000000Z,BTCUSDT,futures,10010.0,10010.0,10010.0,10010.0,1.0,10010.0,1,0.5,0.5,5005.0,5005.0,1.0,2026-06-15T00:58:49.000000Z,2026-06-15T00:58:49.000000Z,3529,3529
2026-06-15T00:58:50.000000Z,BTCUSDT,futures,10010.5,10010.5,10010.5,10010.5,1.0,10010.5,1,0.5,0.5,5005.25,5005.25,1.0,2026-06-15T00:58:50.000000Z,2026-06-15T00:58:50.000000Z,3530,3530
2026-06-15T00:58:51.000000Z,BTCUSDT,futures,10009.5,10009.5,10009.5,10009.5,1.0,10009.5,1,0.5,0.5,5004.75,5004.75,1.0,2026-06-15T00:58:51.000000Z,2026-06-15T00:58:51.000000Z,3531,3531
2026-06-15T00:58:52.000000Z,BTCUSDT,futures,10010.0,10010.0,10010.0,10010.0,1.0,10010.0,1,0.5,0.5,5005.0,5005.0,1.0,2026-06-15T00:58:52.000000Z,2026-06-15T00:58:52.000000Z,3532,3532
2026-06-15T00:58:53.000000Z,BTCUSDT,futures,10010.5,10010.5,10010.5,10010.5,1.0,10010.5,1,0.5,0.5,5005.25,5005.25,1.0,2026-06-15T00:58:53.000000Z,2026-06-15T00:58:53.000000Z,3533,3533
2026-06-15T00:58:54.000000Z,BTCUSDT,futures,10009.5,10009.5,10009.5,10009.5,1.0,10009.5,1,0.5,0.5,5004.75,5004.75,1.0,2026-06-15T00:58:54.000000Z,2026-06-15T00:58:54.000000Z,3534,3534
2026-06-15T00:58:55.000000Z,BTCUSDT,futures,10010.0,10010.0,10010.0,10010.0,1.0,10010.0,1,0.5,0.5,5005.0,5005.0,1.0,2026-06-15T00:58:55.000000Z,2026-06-15T00:58:55.000000Z,3535,3535
2026-06-15T00:58:56.000000Z,BTCUSDT,futures,10010.5,10010.5,10010.5,10010.5,1.0,10010.5,1,0.5,0.5,5005.25,5005.25,1.0,2026-06-15T00:58:56.000000Z,2026-06-15T00:58:56.000000Z,3536,3536
2026-06-15T00:58:57.000000Z,BTCUSDT,futures,10009.5,10009.5,10009.5,10009.5,1.0,10009.5,1,0.5,0.5,5004.75,5004.75,1.0,2026-06-15T00:58:57.000000Z,2026-06-15T00:58:57.000000Z,3537,3537
2026-06-15T00:58:58.000000Z,BTCUSDT,futures,10010.0,10010.0,10010.0,10010.0,1.0,10010.0,1,0.5,0.5,5005.0,5005.0,1.0,2026-06-15T00:58:58.000000Z,2026-06-15T00:58:58.000000Z,3538,3538
2026-06-15T00:58:59.000000Z,BTCUSDT,futures,10010.5,10010.5,10010.5,10010.5,1.0,10010.5,1,0.5,0.5,5005.25,5005.25,1.0,2026-06-15T00:58:59.000000Z,2026-06-15T00:58:59.000000Z,3539,3539
2026-06-15T00:59:00.000000Z,BTCUSDT,futures,10009.5,10009.5,10009.5,10009.5,1.0,10009.5,1,0.5,0.5,5004.75,5004.75,1.0,2026-06-15T00:59:00.000000Z,2026-06-15T00:59:00.000000Z,3540,3540
2026-06-15T00:59:01.000000Z,BTCUSDT,futures,10010.0,10010.0,10010.0,10010.0,1.0,10010.0,1,0.5,0.5,5005.0,5005.0,1.0,2026-06-15T00:59:01.000000Z,2026-06-15T00:59:01.000000Z,3541,3541
2026-06-15T00:59:02.000000Z,BTCUSDT,futures,10010.5,10010.5,10010.5,10010.5,1.0,10010.5,1,0.5,0.5,5005.25,5005.25,1.0,2026-06-15T00:59:02.000000Z,2026-06-15T00:59:02.000000Z,3542,3542
2026-06-15T00:59:03.000000Z,BTCUSDT,futures,10009.5,10009.5,10009.5,10009.5,1.0,10009.5,1,0.5,0.5,5004.75,5004.75,1.0,2026-06-15T00:59:03.000000Z,2026-06-15T00:59:03.000000Z,3543,3543
2026-06-15T00:59:04.000000Z,BTCUSDT,futures,10010.0,10010.0,10010.0,10010.0,1.0,10010.0,1,0.5,0.5,5005.0,5005.0,1.0,2026-06-15T00:59:04.000000Z,2026-06-15T00:59:04.000000Z,3544,3544
2026-06-15T00:59:05.000000Z,BTCUSDT,futures,10010.5,10010.5,10010.5,10010.5,1.0,10010.5,1,0.5,0.5,5005.25,5005.25,1.0,2026-06-15T00:59:05.000000Z,2026-06-15T00:59:05.000000Z,3545,3545
2026-06-15T00:59:06.000000Z,BTCUSDT,futures,10009.5,10009.5,10009.5,10009.5,1.0,10009.5,1,0.5,0.5,5004.75,5004.75,1.0,2026-06-15T00:59:06.000000Z,2026-06-15T00:59:06.000000Z,3546,3546
2026-06-15T00:59:07.000000Z,BTCUSDT,futures,10010.0,10010.0,10010.0,10010.0,1.0,10010.0,1,0.5,0.5,5005.0,5005.0,1.0,2026-06-15T00:59:07.000000Z,2026-06-15T00:59:07.000000Z,3547,3547
2026-06-15T00:59:08.000000Z,BTCUSDT,futures,10010.5,10010.5,10010.5,10010.5,1.0,10010.5,1,0.5,0.5,5005.25,5005.25,1.0,2026-06-15T00:59:08.000000Z,2026-06-15T00:59:08.000000Z,3548,3548
2026-06-15T00:59:09.000000Z,BTCUSDT,futures,10009.5,10009.5,10009.5,10009.5,1.0,10009.5,1,0.5,0.5,5004.75,5004.75,1.0,2026-06-15T00:59:09.000000Z,2026-06-15T00:59:09.000000Z,3549,3549
2026-06-15T00:59:10.000000Z,BTCUSDT,futures,10010.0,10010.0,10010.0,10010.0,1.0,10010.0,1,0.5,0.5,5005.0,5005.0,1.0,2026-06-15T00:59:10.000000Z,2026-06-15T00:59:10.000000Z,3550,3550
2026-06-15T00:59:11.000000Z,BTCUSDT,futures,10010.5,10010.5,10010.5,10010.5,1.0,10010.5,1,0.5,0.5,5005.25,5005.25,1.0,2026-06-15T00:59:11.000000Z,2026-06-15T00:59:11.000000Z,3551,3551
2026-06-15T00:59:12.000000Z,BTCUSDT,futures,10009.5,10009.5,10009.5,10009.5,1.0,10009.5,1,0.5,0.5,5004.75,5004.75,1.0,2026-06-15T00:59:12.000000Z,2026-06-15T00:59:12.000000Z,3552,3552
2026-06-15T00:59:13.000000Z,BTCUSDT,futures,10010.0,10010.0,10010.0,10010.0,1.0,10010.0,1,0.5,0.5,5005.0,5005.0,1.0,2026-06-15T00:59:13.000000Z,2026-06-15T00:59:13.000000Z,3553,3553
2026-06-15T00:59:14.000000Z,BTCUSDT,futures,10010.5,10010.5,10010.5,10010.5,1.0,10010.5,1,0.5,0.5,5005.25,5005.25,1.0,2026-06-15T00:59:14.000000Z,2026-06-15T00:59:14.000000Z,3554,3554
2026-06-15T00:59:15.000000Z,BTCUSDT,futures,10009.5,10009.5,10009.5,10009.5,1.0,10009.5,1,0.5,0.5,5004.75,5004.75,1.0,2026-06-15T00:59:15.000000Z,2026-06-15T00:59:15.000000Z,3555,3555
2026-06-15T00:59:16.000000Z,BTCUSDT,futures,10010.0,10010.0,10010.0,10010.0,1.0,10010.0,1,0.5,0.5,5005.0,5005.0,1.0,2026-06-15T00:59:16.000000Z,2026-06-15T00:59:16.000000Z,3556,3556
2026-06-15T00:59:17.000000Z,BTCUSDT,futures,10010.5,10010.5,10010.5,10010.5,1.0,10010.5,1,0.5,0.5,5005.25,5005.25,1.0,2026-06-15T00:59:17.000000Z,2026-06-15T00:59:17.000000Z,3557,3557
2026-06-15T00:59:18.000000Z,BTCUSDT,futures,10009.5,10009.5,10009.5,10009.5,1.0,10009.5,1,0.5,0.5,5004.75,5004.75,1.0,2026-06-15T00:59:18.000000Z,2026-06-15T00:59:18.000000Z,3558,3558
2026-06-15T00:59:19.000000Z,BTCUSDT,futures,10010.0,10010.0,10010.0,10010.0,1.0,10010.0,1,0.5,0.5,5005.0,5005.0,1.0,2026-06-15T00:59:19.000000Z,2026-06-15T00:59:19.000000Z,3559,3559
2026-06-15T00:59:20.000000Z,BTCUSDT,futures,10010.5,10010.5,10010.5,10010.5,1.0,10010.5,1,0.5,0.5,5005.25,5005.25,1.0,2026-06-15T00:59:20.000000Z,2026-06-15T00:59:20.000000Z,3560,3560
2026-06-15T00:59:21.000000Z,BTCUSDT,futures,10009.5,10009.5,10009.5,10009.5,1.0,10009.5,1,0.5,0.5,5004.75,5004.75,1.0,2026-06-15T00:59:21.000000Z,2026-06-15T00:59:21.000000Z,3561,3561
2026-06-15T00:59:22.000000Z,BTCUSDT,futures,10010.0,10010.0,10010.0,10010.0,1.0,10010.0,1,0.5,0.5,5005.0,5005.0,1.0,2026-06-15T00:59:22.000000Z,2026-06-15T00:59:22.000000Z,3562,3562
2026-06-15T00:59:23.000000Z,BTCUSDT,futures,10010.5,10010.5,10010.5,10010.5,1.0,10010.5,1,0.5,0.5,5005.25,5005.25,1.0,2026-06-15T00:59:23.000000Z,2026-06-15T00:59:23.000000Z,3563,3563
2026-06-15T00:59:24.000000Z,BTCUSDT,futures,10009.5,10009.5,10009.5,10009.5,1.0,10009.5,1,0.5,0.5,5004.75,5004.75,1.0,2026-06-15T00:59:24.000000Z,2026-06-15T00:59:24.000000Z,3564,3564
2026-06-15T00:59:25.000000Z,BTCUSDT,futures,10010.0,10010.0,10010.0,10010.0,1.0,10010.0,1,0.5,0.5,5005.0,5005.0,1.0,2026-06-15T00:59:25.000000Z,2026-06-15T00:59:25.000000Z,3565,3565
2026-06-15T00:59:26.000000Z,BTCUSDT,futures,10010.5,10010.5,10010.5,10010.5,1.0,10010.5,1,0.5,0.5,5005.25,5005.25,1.0,2026-06-15T00:59:26.000000Z,2026-06-15T00:59:26.000000Z,3566,3566
2026-06-15T00:59:27.000000Z,BTCUSDT,futures,10009.5,10009.5,10009.5,10009.5,1.0,10009.5,1,0.5,0.5,5004.75,5004.75,1.0,2026-06-15T00:59:27.000000Z,2026-06-15T00:59:27.000000Z,3567,3567
2026-06-15T00:59:28.000000Z,BTCUSDT,futures,10010.0,10010.0,10010.0,10010.0,1.0,10010.0,1,0.5,0.5,5005.0,5005.0,1.0,2026-06-15T00:59:28.000000Z,2026-06-15T00:59:28.000000Z,3568,3568
2026-06-15T00:59:29.000000Z,BTCUSDT,futures,10010.5,10010.5,10010.5,10010.5,1.0,10010.5,1,0.5,0.5,5005.25,5005.25,1.0,2026-06-15T00:59:29.000000Z,2026-06-15T00:59:29.000000Z,3569,3569
2026-06-15T00:59:30.000000Z,BTCUSDT,futures,10009.5,10009.5,10009.5,10009.5,1.0,10009.5,1,0.5,0.5,5004.75,5004.75,1.0,2026-06-15T00:59:30.000000Z,2026-06-15T00:59:30.000000Z,3570,3570
2026-06-15T00:59:31.000000Z,BTCUSDT,futures,10010.0,10010.0,10010.0,10010.0,1.0,10010.0,1,0.5,0.5,5005.0,5005.0,1.0,2026-06-15T00:59:31.000000Z,2026-06-15T00:59:31.000000Z,3571,3571
2026-06-15T00:59:32.000000Z,BTCUSDT,futures,10010.5,10010.5,10010.5,10010.5,1.0,10010.5,1,0.5,0.5,5005.25,5005.25,1.0,2026-06-15T00:59:32.000000Z,2026-06-15T00:59:32.000000Z,3572,3572
2026-06-15T00:59:33.000000Z,BTCUSDT,futures,10009.5,10009.5,10009.5,10009.5,1.0,10009.5,1,0.5,0.5,5004.75,5004.75,1.0,2026-06-15T00:59:33.000000Z,2026-06-15T00:59:33.000000Z,3573,3573
2026-06-15T00:59:34.000000Z,BTCUSDT,futures,10010.0,10010.0,10010.0,10010.0,1.0,10010.0,1,0.5,0.5,5005.0,5005.0,1.0,2026-06-15T00:59:34.000000Z,2026-06-15T00:59:34.000000Z,3574,3574
2026-06-15T00:59:35.000000Z,BTCUSDT,futures,10010.5,10010.5,10010.5,10010.5,1.0,10010.5,1,0.5,0.5,5005.25,5005.25,1.0,2026-06-15T00:59:35.000000Z,2026-06-15T00:59:35.000000Z,3575,3575
2026-06-15T00:59:36.000000Z,BTCUSDT,futures,10009.5,10009.5,10009.5,10009.5,1.0,10009.5,1,0.5,0.5,5004.75,5004.75,1.0,2026-06-15T00:59:36.000000Z,2026-06-15T00:59:36.000000Z,3576,3576
2026-06-15T00:59:37.000000Z,BTCUSDT,futures,10010.0,10010.0,10010.0,10010.0,1.0,10010.0,1,0.5,0.5,5005.0,5005.0,1.0,2026-06-15T00:59:37.000000Z,2026-06-15T00:59:37.000000Z,3577,3577
2026-06-15T00:59:38.000000Z,BTCUSDT,futures,10010.5,10010.5,10010.5,10010.5,1.0,10010.5,1,0.5,0.5,5005.25,5005.25,1.0,2026-06-15T00:59:38.000000Z,2026-06-15T00:59:38.000000Z,3578,3578
2026-06-15T00:59:39.000000Z,BTCUSDT,futures,10009.5,10009.5,10009.5,10009.5,1.0,10009.5,1,0.5,0.5,5004.75,5004.75,1.0,2026-06-15T00:59:39.000000Z,2026-06-15T00:59:39.000000Z,3579,3579
2026-06-15T00:59:40.000000Z,BTCUSDT,futures,10010.0,10010.0,10010.0,10010.0,1.0,10010.0,1,0.5,0.5,5005.0,5005.0,1.0,2026-06-15T00:59:40.000000Z,2026-06-15T00:59:40.000000Z,3580,3580
2026-06-15T00:59:41.000000Z,BTCUSDT,futures,10010.5,10010.5,10010.5,10010.5,1.0,10010.5,1,0.5,0.5,5005.25,5005.25,1.0,2026-06-15T00:59:41.000000Z,2026-06-15T00:59:41.000000Z,3581,3581
2026-06-15T00:59:42.000000Z,BTCUSDT,futures,10009.5,10009.5,10009.5,10009.5,1.0,10009.5,1,0.5,0.5,5004.75,5004.75,1.0,2026-06-15T00:59:42.000000Z,2026-06-15T00:59:42.000000Z,3582,3582
2026-06-15T00:59:43.000000Z,BTCUSDT,futures,10010.0,10010.0,10010.0,10010.0,1.0,10010.0,1,0.5,0.5,5005.0,5005.0,1.0,2026-06-15T00:59:43.000000Z,2026-06-15T00:59:43.000000Z,3583,3583
2026-06-15T00:59:44.000000Z,BTCUSDT,futures,10010.5,10010.5,10010.5,10010.5,1.0,10010.5,1,0.5,0.5,5005.25,5005.25,1.0,2026-06-15T00:59:44.000000Z,2026-06-15T00:59:44.000000Z,3584,3584
2026-06-15T00:59:45.000000Z,BTCUSDT,futures,10009.5,10009.5,10009.5,10009.5,1.0,10009.5,1,0.5,0.5,5004.75,5004.75,1.0,2026-06-15T00:59:45.000000Z,2026-06-15T00:59:45.000000Z,3585,3585
2026-06-15T00:59:46.000000Z,BTCUSDT,futures,10010.0,10010.0,10010.0,10010.0,1.0,10010.0,1,0.5,0.5,5005.0,5005.0,1.0,2026-06-15T00:59:46.000000Z,2026-06-15T00:59:46.000000Z,3586,3586
2026-06-15T00:59:47.000000Z,BTCUSDT,futures,10010.5,10010.5,10010.5,10010.5,1.0,10010.5,1,0.5,0.5,5005.25,5005.25,1.0,2026-06-15T00:59:47.000000Z,2026-06-15T00:59:47.000000Z,3587,3587
2026-06-15T00:59:48.000000Z,BTCUSDT,futures,10009.5,10009.5,10009.5,10009.5,1.0,10009.5,1,0.5,0.5,5004.75,5004.75,1.0,2026-06-15T00:59:48.000000Z,2026-06-15T00:59:48.000000Z,3588,3588
2026-06-15T00:59:49.000000Z,BTCUSDT,futures,10010.0,10010.0,10010.0,10010.0,1.0,10010.0,1,0.5,0.5,5005.0,5005.0,1.0,2026-06-15T00:59:49.000000Z,2026-06-15T00:59:49.000000Z,3589,3589
2026-06-15T00:59:50.000000Z,BTCUSDT,futures,10010.5,10010.5,10010.5,10010.5,1.0,10010.5,1,0.5,0.5,5005.25,5005.25,1.0,2026-06-15T00:59:50.000000Z,2026-06-15T00:59:50.000000Z,3590,3590
2026-06-15T00:59:51.000000Z,BTCUSDT,futures,10009.5,10009.5,10009.5,10009.5,1.0,10009.5,1,0.5,0.5,5004.75,5004.75,1.0,2026-06-15T00:59:51.000000Z,2026-06-15T00:59:51.000000Z,3591,3591
2026-06-15T00:59:52.000000Z,BTCUSDT,futures,10010.0,10010.0,10010.0,10010.0,1.0,10010.0,1,0.5,0.5,5005.0,5005.0,1.0,2026-06-15T00:59:52.000000Z,2026-06-15T00:59:52.000000Z,3592,3592
2026-06-15T00:59:53.000000Z,BTCUSDT,futures,10010.5,10010.5,10010.5,10010.5,1.0,10010.5,1,0.5,0.5,5005.25,5005.25,1.0,2026-06-15T00:59:53.000000Z,2026-06-15T00:59:53.000000Z,3593,3593
2026-06-15T00:59:54.000000Z,BTCUSDT,futures,10009.5,10009.5,10009.5,10009.5,1.0,10009.5,1,0.5,0.5,5004.75,5004.75,1.0,2026-06-15T00:59:54.000000Z,2026-06-15T00:59:54.000000Z,3594,3594
2026-06-15T00:59:55.000000Z,BTCUSDT,futures,10010.0,10010.0,10010.0,10010.0,1.0,10010.0,1,0.5,0.5,5005.0,5005.0,1.0,2026-06-15T00:59:55.000000Z,2026-06-15T00:59:55.000000Z,3595,3595
2026-06-15T00:59:56.000000Z,BTCUSDT,futures,10010.5,10010.5,10010.5,10010.5,1.0,10010.5,1,0.5,0.5,5005.25,5005.25,1.0,2026-06-15T00:59:56.000000Z,2026-06-15T00:59:56.000000Z,3596,3596
2026-06-15T00:59:57.000000Z,BTCUSDT,futures,10009.5,10009.5,10009.5,10009.5,1.0,10009.5,1,0.5,0.5,5004.75,5004.75,1.0,2026-06-15T00:59:57.000000Z,2026-06-15T00:59:57.000000Z,3597,3597
2026-06-15T00:59:58.000000Z,BTCUSDT,futures,10010.0,10010.0,10010.0,10010.0,1.0,10010.0,1,0.5,0.5,5005.0,5005.0,1.0,2026-06-15T00:59:58.000000Z,2026-06-15T00:59:58.000000Z,3598,3598
2026-06-15T00:59:59.000000Z,BTCUSDT,futures,10010.5,10010.5,10010.5,10010.5,1.0,10010.5,1,0.5,0.5,5005.25,5005.25,1.0,2026-06-15T00:59:59.000000Z,2026-06-15T00:59:59.000000Z,3599,3599
2026-06-15T01:00:00.000000Z,BTCUSDT,futures,10009.5,10009.5,10009.5,10009.5,1.0,10009.5,1,0.5,0.5,5004.75,5004.75,1.0,2026-06-15T01:00:00.000000Z,2026-06-15T01:00:00.000000Z,3600,3600
2026-06-15T01:00:01.000000Z,BTCUSDT,futures,10010.0,10010.0,10010.0,10010.0,1.0,10010.0,1,0.5,0.5,5005.0,5005.0,1.0,2026-06-15T01:00:01.000000Z,2026-06-15T01:00:01.000000Z,3601,3601
2026-06-15T01:00:02.000000Z,BTCUSDT,futures,10010.5,10010.5,10010.5,10010.5,1.0,10010.5,1,0.5,0.5,5005.25,5005.25,1.0,2026-06-15T01:00:02.000000Z,2026-06-15T01:00:02.000000Z,3602,3602
2026-06-15T01:00:03.000000Z,BTCUSDT,futures,10009.5,10009.5,10009.5,10009.5,1.0,10009.5,1,0.5,0.5,5004.75,5004.75,1.0,2026-06-15T01:00:03.000000Z,2026-06-15T01:00:03.000000Z,3603,3603
2026-06-15T01:00:04.000000Z,BTCUSDT,futures,10010.0,10010.0,10010.0,10010.0,1.0,10010.0,1,0.5,0.5,5005.0,5005.0,1.0,2026-06-15T01:00:04.000000Z,2026-06-15T01:00:04.000000Z,3604,3604
2026-06-15T01:00:05.000000Z,BTCUSDT,futures,10010.5,10010.5,10010.5,10010.5,1.0,10010.5,1,0.5,0.5,5005.25,5005.25,1.0,2026-06-15T01:00:05.000000Z,2026-06-15T01:00:05.000000Z,3605,3605
2026-06-15T01:00:06.000000Z,BTCUSDT,futures,10009.5,10009.5,10009.5,10009.5,1.0,10009.5,1,0.5,0.5,5004.75,5004.75,1.0,2026-06-15T01:00:06.000000Z,2026-06-15T01:00:06.000000Z,3606,3606
2026-06-15T01:00:07.000000Z,BTCUSDT,futures,10010.0,10010.0,10010.0,10010.0,1.0,10010.0,1,0.5,0.5,5005.0,5005.0,1.0,2026-06-15T01:00:07.000000Z,2026-06-15T01:00:07.000000Z,3607,3607
2026-06-15T01:00:08.000000Z,BTCUSDT,futures,10010.5,10010.5,10010.5,10010.5,1.0,10010.5,1,0.5,0.5,5005.25,5005.25,1.0,2026-06-15T01:00:08.000000Z,2026-06-15T01:00:08.000000Z,3608,3608
2026-06-15T01:00:09.000000Z,BTCUSDT,futures,10009.5,10009.5,10009.5,10009.5,1.0,10009.5,1,0.5,0.5,5004.75,5004.75,1.0,2026-06-15T01:00:09.000000Z,2026-06-15T01:00:09.000000Z,3609,3609
2026-06-15T01:00:10.000000Z,BTCUSDT,futures,10010.0,10010.0,10010.0,10010.0,1.0,10010.0,1,0.5,0.5,5005.0,5005.0,1.0,2026-06-15T01:00:10.000000Z,2026-06-15T01:00:10.000000Z,3610,3610
2026-06-15T01:00:11.000000Z,BTCUSDT,futures,10010.5,10010.5,10010.5,10010.5,1.0,10010.5,1,0.5,0.5,5005.25,5005.25,1.0,2026-06-15T01:00:11.000000Z,2026-06-15T01:00:11.000000Z,3611,3611
2026-06-15T01:00:12.000000Z,BTCUSDT,futures,10009.5,10009.5,10009.5,10009.5,1.0,10009.5,1,0.5,0.5,5004.75,5004.75,1.0,2026-06-15T01:00:12.000000Z,2026-06-15T01:00:12.000000Z,3612,3612
2026-06-15T01:00:13.000000Z,BTCUSDT,futures,10010.0,10010.0,10010.0,10010.0,1.0,10010.0,1,0.5,0.5,5005.0,5005.0,1.0,2026-06-15T01:00:13.000000Z,2026-06-15T01:00:13.000000Z,3613,3613
2026-06-15T01:00:14.000000Z,BTCUSDT,futures,10010.5,10010.5,10010.5,10010.5,1.0,10010.5,1,0.5,0.5,5005.25,5005.25,1.0,2026-06-15T01:00:14.000000Z,2026-06-15T01:00:14.000000Z,3614,3614
2026-06-15T01:00:15.000000Z,BTCUSDT,futures,10009.5,10009.5,10009.5,10009.5,1.0,10009.5,1,0.5,0.5,5004.75,5004.75,1.0,2026-06-15T01:00:15.000000Z,2026-06-15T01:00:15.000000Z,3615,3615
2026-06-15T01:00:16.000000Z,BTCUSDT,futures,10010.0,10010.0,10010.0,10010.0,1.0,10010.0,1,0.5,0.5,5005.0,5005.0,1.0,2026-06-15T01:00:16.000000Z,2026-06-15T01:00:16.000000Z,3616,3616
2026-06-15T01:00:17.000000Z,BTCUSDT,futures,10010.5,10010.5,10010.5,10010.5,1.0,10010.5,1,0.5,0.5,5005.25,5005.25,1.0,2026-06-15T01:00:17.000000Z,2026-06-15T01:00:17.000000Z,3617,3617
2026-06-15T01:00:18.000000Z,BTCUSDT,futures,10009.5,10009.5,10009.5,10009.5,1.0,10009.5,1,0.5,0.5,5004.75,5004.75,1.0,2026-06-15T01:00:18.000000Z,2026-06-15T01:00:18.000000Z,3618,3618
2026-06-15T01:00:19.000000Z,BTCUSDT,futures,10010.0,10010.0,10010.0,10010.0,1.0,10010.0,1,0.5,0.5,5005.0,5005.0,1.0,2026-06-15T01:00:19.000000Z,2026-06-15T01:00:19.000000Z,3619,3619
2026-06-15T01:00:20.000000Z,BTCUSDT,futures,10010.5,10010.5,10010.5,10010.5,1.0,10010.5,1,0.5,0.5,5005.25,5005.25,1.0,2026-06-15T01:00:20.000000Z,2026-06-15T01:00:20.000000Z,3620,3620
2026-06-15T01:00:21.000000Z,BTCUSDT,futures,10009.5,10009.5,10009.5,10009.5,1.0,10009.5,1,0.5,0.5,5004.75,5004.75,1.0,2026-06-15T01:00:21.000000Z,2026-06-15T01:00:21.000000Z,3621,3621
2026-06-15T01:00:22.000000Z,BTCUSDT,futures,10010.0,10010.0,10010.0,10010.0,1.0,10010.0,1,0.5,0.5,5005.0,5005.0,1.0,2026-06-15T01:00:22.000000Z,2026-06-15T01:00:22.000000Z,3622,3622
2026-06-15T01:00:23.000000Z,BTCUSDT,futures,10010.5,10010.5,10010.5,10010.5,1.0,10010.5,1,0.5,0.5,5005.25,5005.25,1.0,2026-06-15T01:00:23.000000Z,2026-06-15T01:00:23.000000Z,3623,3623
2026-06-15T01:00:24.000000Z,BTCUSDT,futures,10009.5,10009.5,10009.5,10009.5,1.0,10009.5,1,0.5,0.5,5004.75,5004.75,1.0,2026-06-15T01:00:24.000000Z,2026-06-15T01:00:24.000000Z,3624,3624
2026-06-15T01:00:25.000000Z,BTCUSDT,futures,10010.0,10010.0,10010.0,10010.0,1.0,10010.0,1,0.5,0.5,5005.0,5005.0,1.0,2026-06-15T01:00:25.000000Z,2026-06-15T01:00:25.000000Z,3625,3625
2026-06-15T01:00:26.000000Z,BTCUSDT,futures,10010.5,10010.5,10010.5,10010.5,1.0,10010.5,1,0.5,0.5,5005.25,5005.25,1.0,2026-06-15T01:00:26.000000Z,2026-06-15T01:00:26.000000Z,3626,3626
2026-06-15T01:00:27.000000Z,BTCUSDT,futures,10009.5,10009.5,10009.5,10009.5,1.0,10009.5,1,0.5,0.5,5004.75,5004.75,1.0,2026-06-15T01:00:27.000000Z,2026-06-15T01:00:27.000000Z,3627,3627
2026-06-15T01:00:28.000000Z,BTCUSDT,futures,10010.0,10010.0,10010.0,10010.0,1.0,10010.0,1,0.5,0.5,5005.0,5005.0,1.0,2026-06-15T01:00:28.000000Z,2026-06-15T01:00:28.000000Z,3628,3628
2026-06-15T01:00:29.000000Z,BTCUSDT,futures,10010.5,10010.5,10010.5,10010.5,1.0,10010.5,1,0.5,0.5,5005.25,5005.25,1.0,2026-06-15T01:00:29.000000Z,2026-06-15T01:00:29.000000Z,3629,3629
2026-06-15T01:00:30.000000Z,BTCUSDT,futures,9970.0,9970.0,9970.0,9970.0,1.0,9970.0,1,0.5,0.5,4985.0,4985.0,1.0,2026-06-15T01:00:30.000000Z,2026-06-15T01:00:30.000000Z,3630,3630
2026-06-15T01:00:31.000000Z,BTCUSDT,futures,9970.0,9970.0,9970.0,9970.0,1.0,9970.0,1,0.5,0.5,4985.0,4985.0,1.0,2026-06-15T01:00:31.000000Z,2026-06-15T01:00:31.000000Z,3631,3631
2026-06-15T01:00:32.000000Z,BTCUSDT,futures,9970.0,9970.0,9970.0,9970.0,1.0,9970.0,1,0.5,0.5,4985.0,4985.0,1.0,2026-06-15T01:00:32.000000Z,2026-06-15T01:00:32.000000Z,3632,3632
2026-06-15T01:00:33.000000Z,BTCUSDT,futures,9970.0,9970.0,9970.0,9970.0,1.0,9970.0,1,0.5,0.5,4985.0,4985.0,1.0,2026-06-15T01:00:33.000000Z,2026-06-15T01:00:33.000000Z,3633,3633
2026-06-15T01:00:34.000000Z,BTCUSDT,futures,9970.0,9970.0,9970.0,9970.0,1.0,9970.0,1,0.5,0.5,4985.0,4985.0,1.0,2026-06-15T01:00:34.000000Z,2026-06-15T01:00:34.000000Z,3634,3634
2026-06-15T01:00:35.000000Z,BTCUSDT,futures,9970.0,9970.0,9970.0,9970.0,1.0,9970.0,1,0.5,0.5,4985.0,4985.0,1.0,2026-06-15T01:00:35.000000Z,2026-06-15T01:00:35.000000Z,3635,3635
2026-06-15T01:00:36.000000Z,BTCUSDT,futures,9970.0,9970.0,9970.0,9970.0,1.0,9970.0,1,0.5,0.5,4985.0,4985.0,1.0,2026-06-15T01:00:36.000000Z,2026-06-15T01:00:36.000000Z,3636,3636
2026-06-15T01:00:37.000000Z,BTCUSDT,futures,9970.0,9970.0,9970.0,9970.0,1.0,9970.0,1,0.5,0.5,4985.0,4985.0,1.0,2026-06-15T01:00:37.000000Z,2026-06-15T01:00:37.000000Z,3637,3637
2026-06-15T01:00:38.000000Z,BTCUSDT,futures,9970.0,9970.0,9970.0,9970.0,1.0,9970.0,1,0.5,0.5,4985.0,4985.0,1.0,2026-06-15T01:00:38.000000Z,2026-06-15T01:00:38.000000Z,3638,3638
2026-06-15T01:00:39.000000Z,BTCUSDT,futures,9970.0,9970.0,9970.0,9970.0,1.0,9970.0,1,0.5,0.5,4985.0,4985.0,1.0,2026-06-15T01:00:39.000000Z,2026-06-15T01:00:39.000000Z,3639,3639
2026-06-15T01:00:40.000000Z,BTCUSDT,futures,9970.0,9970.0,9970.0,9970.0,1.0,9970.0,1,0.5,0.5,4985.0,4985.0,1.0,2026-06-15T01:00:40.000000Z,2026-06-15T01:00:40.000000Z,3640,3640
2026-06-15T01:00:41.000000Z,BTCUSDT,futures,9970.0,9970.0,9970.0,9970.0,1.0,9970.0,1,0.5,0.5,4985.0,4985.0,1.0,2026-06-15T01:00:41.000000Z,2026-06-15T01:00:41.000000Z,3641,3641
2026-06-15T01:00:42.000000Z,BTCUSDT,futures,9970.0,9970.0,9970.0,9970.0,1.0,9970.0,1,0.5,0.5,4985.0,4985.0,1.0,2026-06-15T01:00:42.000000Z,2026-06-15T01:00:42.000000Z,3642,3642
2026-06-15T01:00:43.000000Z,BTCUSDT,futures,9970.0,9970.0,9970.0,9970.0,1.0,9970.0,1,0.5,0.5,4985.0,4985.0,1.0,2026-06-15T01:00:43.000000Z,2026-06-15T01:00:43.000000Z,3643,3643
2026-06-15T01:00:44.000000Z,BTCUSDT,futures,9970.0,9970.0,9970.0,9970.0,1.0,9970.0,1,0.5,0.5,4985.0,4985.0,1.0,2026-06-15T01:00:44.000000Z,2026-06-15T01:00:44.000000Z,3644,3644
2026-06-15T01:00:45.000000Z,BTCUSDT,futures,9970.0,9970.0,9970.0,9970.0,1.0,9970.0,1,0.5,0.5,4985.0,4985.0,1.0,2026-06-15T01:00:45.000000Z,2026-06-15T01:00:45.000000Z,3645,3645
2026-06-15T01:00:46.000000Z,BTCUSDT,futures,9970.0,9970.0,9970.0,9970.0,1.0,9970.0,1,0.5,0.5,4985.0,4985.0,1.0,2026-06-15T01:00:46.000000Z,2026-06-15T01:00:46.000000Z,3646,3646
2026-06-15T01:00:47.000000Z,BTCUSDT,futures,9970.0,9970.0,9970.0,9970.0,1.0,9970.0,1,0.5,0.5,4985.0,4985.0,1.0,2026-06-15T01:00:47.000000Z,2026-06-15T01:00:47.000000Z,3647,3647
2026-06-15T01:00:48.000000Z,BTCUSDT,futures,9970.0,9970.0,9970.0,9970.0,1.0,9970.0,1,0.5,0.5,4985.0,4985.0,1.0,2026-06-15T01:00:48.000000Z,2026-06-15T01:00:48.000000Z,3648,3648
2026-06-15T01:00:49.000000Z,BTCUSDT,futures,9970.0,9970.0,9970.0,9970.0,1.0,9970.0,1,0.5,0.5,4985.0,4985.0,1.0,2026-06-15T01:00:49.000000Z,2026-06-15T01:00:49.000000Z,3649,3649
2026-06-15T01:00:50.000000Z,BTCUSDT,futures,9970.0,9970.0,9970.0,9970.0,1.0,9970.0,1,0.5,0.5,4985.0,4985.0,1.0,2026-06-15T01:00:50.000000Z,2026-06-15T01:00:50.000000Z,3650,3650
2026-06-15T01:00:51.000000Z,BTCUSDT,futures,9970.0,9970.0,9970.0,9970.0,1.0,9970.0,1,0.5,0.5,4985.0,4985.0,1.0,2026-06-15T01:00:51.000000Z,2026-06-15T01:00:51.000000Z,3651,3651
2026-06-15T01:00:52.000000Z,BTCUSDT,futures,9970.0,9970.0,9970.0,9970.0,1.0,9970.0,1,0.5,0.5,4985.0,4985.0,1.0,2026-06-15T01:00:52.000000Z,2026-06-15T01:00:52.000000Z,3652,3652
2026-06-15T01:00:53.000000Z,BTCUSDT,futures,9970.0,9970.0,9970.0,9970.0,1.0,9970.0,1,0.5,0.5,4985.0,4985.0,1.0,2026-06-15T01:00:53.000000Z,2026-06-15T01:00:53.000000Z,3653,3653
2026-06-15T01:00:54.000000Z,BTCUSDT,futures,9970.0,9970.0,9970.0,9970.0,1.0,9970.0,1,0.5,0.5,4985.0,4985.0,1.0,2026-06-15T01:00:54.000000Z,2026-06-15T01:00:54.000000Z,3654,3654
2026-06-15T01:00:55.000000Z,BTCUSDT,futures,9970.0,9970.0,9970.0,9970.0,1.0,9970.0,1,0.5,0.5,4985.0,4985.0,1.0,2026-06-15T01:00:55.000000Z,2026-06-15T01:00:55.000000Z,3655,3655
2026-06-15T01:00:56.000000Z,BTCUSDT,futures,9970.0,9970.0,9970.0,9970.0,1.0,9970.0,1,0.5,0.5,4985.0,4985.0,1.0,2026-06-15T01:00:56.000000Z,2026-06-15T01:00:56.000000Z,3656,3656
2026-06-15T01:00:57.000000Z,BTCUSDT,futures,9970.0,9970.0,9970.0,9970.0,1.0,9970.0,1,0.5,0.5,4985.0,4985.0,1.0,2026-06-15T01:00:57.000000Z,2026-06-15T01:00:57.000000Z,3657,3657
2026-06-15T01:00:58.000000Z,BTCUSDT,futures,9970.0,9970.0,9970.0,9970.0,1.0,9970.0,1,0.5,0.5,4985.0,4985.0,1.0,2026-06-15T01:00:58.000000Z,2026-06-15T01:00:58.000000Z,3658,3658
2026-06-15T01:00:59.000000Z,BTCUSDT,futures,9970.0,9970.0,9970.0,9970.0,1.0,9970.0,1,0.5,0.5,4985.0,4985.0,1.0,2026-06-15T01:00:59.000000Z,2026-06-15T01:00:59.000000Z,3659,3659
2026-06-15T01:01:00.000000Z,BTCUSDT,futures,9970.0,9970.0,9970.0,9970.0,1.0,9970.0,1,0.5,0.5,4985.0,4985.0,1.0,2026-06-15T01:01:00.000000Z,2026-06-15T01:01:00.000000Z,3660,3660
