timestamp,buySellRatio,buyVol,sellVol
2026-05-06 11:15:00+00:00,2.2094,1740.446,787.739
2026-05-06 11:20:00+00:00,1.7034,2331.847,1368.917
2026-05-06 11:25:00+00:00,0.8677,521.557,601.089
2026-05-06 11:30:00+00:00,1.1618,433.109,372.807
2026-05-06 11:35:00+00:00,0.7037,267.714,380.427
2026-05-06 11:40:00+00:00,0.4609,465.652,1010.333
2026-05-06 11:45:00+00:00,1.3032,382.186,293.262
2026-05-06 11:50:00+00:00,0.9169,223.825,244.114
2026-05-06 11:55:00+00:00,0.6046,145.495,240.649
2026-05-06 12:00:00+00:00,0.5472,349.037,637.858
2026-05-06 12:05:00+00:00,0.8999,512.919,569.951
2026-05-06 12:10:00+00:00,0.2751,400.866,1457.28
2026-05-06 12:15:00+00:00,1.0493,495.181,471.918
2026-05-06 12:20:00+00:00,1.1635,704.914,605.882
2026-05-06 12:25:00+00:00,0.6971,158.655,227.579
2026-05-06 12:30:00+00:00,0.9285,141.591,152.499
2026-05-06 12:35:00+00:00,1.037,117.242,113.054
2026-05-06 12:40:00+00:00,0.9874,114.196,115.649
2026-05-06 12:45:00+00:00,0.8954,154.76,172.843
2026-05-06 12:50:00+00:00,0.916,139.662,152.472
2026-05-06 12:55:00+00:00,0.9153,541.028,591.08
2026-05-06 13:00:00+00:00,1.0529,726.135,689.652
2026-05-06 13:05:00+00:00,0.9044,967.552,1069.774
2026-05-06 13:10:00+00:00,1.1296,432.371,382.77
2026-05-06 13:15:00+00:00,0.9355,201.909,215.822
2026-05-06 13:20:00+00:00,0.9574,264.628,276.394
2026-05-06 13:25:00+00:00,0.9563,721.65,754.661
2026-05-06 13:30:00+00:00,1.3342,757.496,567.738
2026-05-06 13:35:00+00:00,0.7585,407.325,537.01
2026-05-06 13:40:00+00:00,0.9662,252.03,260.858
2026-05-06 13:45:00+00:00,0.8013,1099.401,1372.096
2026-05-06 13:50:00+00:00,0.6432,513.616,798.527
2026-05-06 13:55:00+00:00,0.7232,437.633,605.17
2026-05-06 14:00:00+00:00,0.4622,646.216,1398.006
2026-05-06 14:05:00+00:00,0.916,1906.614,2081.452
2026-05-06 14:10:00+00:00,0.9301,633.548,681.175
2026-05-06 14:15:00+00:00,0.9073,543.067,598.555
2026-05-06 14:20:00+00:00,1.0939,579.318,529.593
2026-05-06 14:25:00+00:00,1.5783,942.753,597.315
2026-05-06 14:30:00+00:00,1.5177,628.572,414.165
2026-05-06 14:35:00+00:00,0.5398,250.114,463.312
2026-05-06 14:40:00+00:00,1.609,553.204,343.813
2026-05-06 14:45:00+00:00,0.9959,696.212,699.09
2026-05-06 14:50:00+00:00,0.8208,229.786,279.938
2026-05-06 14:55:00+00:00,1.1443,673.257,588.35
2026-05-06 15:00:00+00:00,0.8574,270.503,315.499
2026-05-06 15:05:00+00:00,1.0467,151.631,144.871
2026-05-06 15:10:00+00:00,1.1445,698.27,610.109
2026-05-06 15:15:00+00:00,2.2528,408.81,181.467
2026-05-06 15:20:00+00:00,1.03,321.768,312.391
2026-05-06 15:25:00+00:00,0.5462,133.922,245.202
2026-05-06 15:30:00+00:00,2.2501,296.916,131.957
2026-05-06 15:35:00+00:00,0.3945,112.49,285.165
2026-05-06 15:40:00+00:00,0.8243,317.978,385.777
2026-05-06 15:45:00+00:00,1.1455,240.081,209.589
2026-05-06 15:50:00+00:00,1.6395,279.758,170.639
2026-05-06 15:55:00+00:00,1.2971,186.425,143.722
2026-05-06 16:00:00+00:00,0.4925,149.35,303.248
2026-05-06 16:05:00+00:00,2.0852,368.225,176.588
2026-05-06 16:10:00+00:00,0.6028,214.245,355.41
2026-05-06 16:15:00+00:00,0.8153,175.768,215.576
2026-05-06 16:20:00+00:00,0.5651,389.649,689.48
2026-05-06 16:25:00+00:00,0.5496,192.379,350.004
2026-05-06 16:30:00+00:00,0.782,232.288,297.052
2026-05-06 16:35:00+00:00,1.0575,131.268,124.126
2026-05-06 16:40:00+00:00,2.6201,221.246,84.441
2026-05-06 16:45:00+00:00,0.6075,66.623,109.674
2026-05-06 16:50:00+00:00,1.3489,309.684,229.585
2026-05-06 16:55:00+00:00,0.4537,77.817,171.531
2026-05-06 17:00:00+00:00,0.5723,98.411,171.969
2026-05-06 17:05:00+00:00,1.3207,110.698,83.815
2026-05-06 17:10:00+00:00,1.6042,94.156,58.694
2026-05-06 17:15:00+00:00,0.6154,358.865,583.181
2026-05-06 17:20:00+00:00,0.8222,76.521,93.068
2026-05-06 17:25:00+00:00,1.4112,67.308,47.694
2026-05-06 17:30:00+00:00,1.0628,79.177,74.501
2026-05-06 17:35:00+00:00,1.0829,100.607,92.907
2026-05-06 17:40:00+00:00,0.6354,72.055,113.406
2026-05-06 17:45:00+00:00,0.8099,141.849,175.142
2026-05-06 17:50:00+00:00,0.3672,73.87,201.182
2026-05-06 17:55:00+00:00,0.9016,66.225,73.45
2026-05-06 18:00:00+00:00,0.8409,129.863,154.439
2026-05-06 18:05:00+00:00,1.1822,122.126,103.305
2026-05-06 18:10:00+00:00,0.9333,327.009,350.371
2026-05-06 18:15:00+00:00,1.9418,218.611,112.584
2026-05-06 18:20:00+00:00,1.1172,71.004,63.557
2026-05-06 18:25:00+00:00,0.9183,44.822,48.811
2026-05-06 18:30:00+00:00,0.7054,118.957,168.645
2026-05-06 18:35:00+00:00,0.7101,159.803,225.046
2026-05-06 18:40:00+00:00,0.6622,77.21,116.602
2026-05-06 18:45:00+00:00,0.4847,79.474,163.967
2026-05-06 18:50:00+00:00,1.1793,122.325,103.73
2026-05-06 18:55:00+00:00,0.5803,43.464,74.896
2026-05-06 19:00:00+00:00,2.0193,112.504,55.713
2026-05-06 19:05:00+00:00,1.2918,136.129,105.381
2026-05-06 19:10:00+00:00,0.8226,172.142,209.275
2026-05-06 19:15:00+00:00,0.7465,144.052,192.96
2026-05-06 19:20:00+00:00,0.8041,78.449,97.567
2026-05-06 19:25:00+00:00,1.0193,76.052,74.61
2026-05-06 19:30:00+00:00,0.4215,64.102,152.071
2026-05-06 19:35:00+00:00,2.0394,74.71,36.634
2026-05-06 19:40:00+00:00,1.5125,126.794,83.833
2026-05-06 19:45:00+00:00,0.676,68.977,102.033
2026-05-06 19:50:00+00:00,1.6925,221.639,130.955
2026-05-06 19:55:00+00:00,0.7555,87.772,116.176
2026-05-06 20:00:00+00:00,1.1822,304.676,257.716
2026-05-06 20:05:00+00:00,0.5767,93.477,162.097
2026-05-06 20:10:00+00:00,1.2346,182.946,148.179
2026-05-06 20:15:00+00:00,0.8855,96.674,109.178
2026-05-06 20:20:00+00:00,0.2312,38.196,165.196
2026-05-06 20:25:00+00:00,0.8094,112.076,138.476
2026-05-06 20:30:00+00:00,0.7329,321.184,438.221
2026-05-06 20:35:00+00:00,1.5354,114.213,74.386
2026-05-06 20:40:00+00:00,1.4819,115.611,78.014
2026-05-06 20:45:00+00:00,0.6961,88.983,127.822
2026-05-06 20:50:00+00:00,2.0856,51.516,24.701
2026-05-06 20:55:00+00:00,2.1844,119.429,54.673
2026-05-06 21:00:00+00:00,2.0017,90.615,45.268
2026-05-06 21:05:00+00:00,3.4016,168.208,49.45
2026-05-06 21:10:00+00:00,0.6224,89.269,143.422
2026-05-06 21:15:00+00:00,0.5579,23.55,42.21
2026-05-06 21:20:00+00:00,0.4819,18.934,39.291
2026-05-06 21:25:00+00:00,1.3034,29.027,22.27
2026-05-06 21:30:00+00:00,1.4785,94.641,64.012
2026-05-06 21:35:00+00:00,1.3403,82.497,61.549
2026-05-06 21:40:00+00:00,1.6318,90.411,55.404
2026-05-06 21:45:00+00:00,1.1897,41.469,34.856
2026-05-06 21:50:00+00:00,0.9132,54.076,59.215
2026-05-06 21:55:00+00:00,0.5924,26.409,44.578
2026-05-06 22:00:00+00:00,0.8159,83.57,102.43
2026-05-06 22:05:00+00:00,1.3166,133.889,101.694
2026-05-06 22:10:00+00:00,1.0672,78.671,73.716
2026-05-06 22:15:00+00:00,1.0467,78.545,75.041
2026-05-06 22:20:00+00:00,0.7156,121.873,170.308
2026-05-06 22:25:00+00:00,0.9067,106.196,117.127
2026-05-06 22:30:00+00:00,1.694,73.491,43.382
2026-05-06 22:35:00+00:00,1.1701,53.991,46.141
2026-05-06 22:40:00+00:00,0.9625,43.405,45.095
2026-05-06 22:45:00+00:00,1.1873,109.078,91.869
2026-05-06 22:50:00+00:00,1.2245,85.36,69.71
2026-05-06 22:55:00+00:00,0.8551,41.186,48.164
2026-05-06 23:00:00+00:00,0.433,674.102,1556.968
2026-05-06 23:05:00+00:00,1.8593,400.235,215.265
2026-05-06 23:10:00+00:00,1.5109,167.381,110.782
2026-05-06 23:15:00+00:00,1.1445,82.446,72.038
2026-05-06 23:20:00+00:00,2.4244,70.735,29.176
2026-05-06 23:25:00+00:00,0.7712,80.892,104.893
2026-05-06 23:30:00+00:00,0.8541,68.082,79.709
2026-05-06 23:35:00+00:00,0.7819,51.064,65.308
2026-05-06 23:40:00+00:00,1.3289,42.362,31.878
2026-05-06 23:45:00+00:00,0.6495,50.0,76.977
2026-05-06 23:50:00+00:00,2.2132,105.811,47.81
2026-05-06 23:55:00+00:00,1.5085,79.766,52.878
2026-05-07 00:00:00+00:00,1.3466,154.982,115.092
2026-05-07 00:05:00+00:00,0.7679,66.116,86.102
2026-05-07 00:10:00+00:00,2.3646,151.684,64.147
2026-05-07 00:15:00+00:00,0.497,46.258,93.079
2026-05-07 00:20:00+00:00,0.7873,92.401,117.362
2026-05-07 00:25:00+00:00,0.8314,97.373,117.119
2026-05-07 00:30:00+00:00,0.6241,159.126,254.98
2026-05-07 00:35:00+00:00,0.9911,299.207,301.9
2026-05-07 00:40:00+00:00,0.5923,297.112,501.615
2026-05-07 00:45:00+00:00,1.6405,424.043,258.483
2026-05-07 00:50:00+00:00,0.5515,195.2,353.974
2026-05-07 00:55:00+00:00,0.7406,184.587,249.24
2026-05-07 01:00:00+00:00,1.082,357.898,330.784
2026-05-07 01:05:00+00:00,0.5584,573.545,1027.031
2026-05-07 01:10:00+00:00,1.9081,579.779,303.851
2026-05-07 01:15:00+00:00,0.9399,274.335,291.873
2026-05-07 01:20:00+00:00,1.4471,283.919,196.196
2026-05-07 01:25:00+00:00,1.7893,216.94,121.243
2026-05-07 01:30:00+00:00,0.9795,174.154,177.805
2026-05-07 01:35:00+00:00,1.1359,146.626,129.079
2026-05-07 01:40:00+00:00,1.5563,157.279,101.058
2026-05-07 01:45:00+00:00,1.2073,95.071,78.748
2026-05-07 01:50:00+00:00,0.7939,192.358,242.301
2026-05-07 01:55:00+00:00,1.9463,148.006,76.044
2026-05-07 02:00:00+00:00,0.5995,118.452,197.577
2026-05-07 02:05:00+00:00,0.7887,119.303,151.264
2026-05-07 02:10:00+00:00,0.7173,224.019,312.296
2026-05-07 02:15:00+00:00,1.0269,204.002,198.664
2026-05-07 02:20:00+00:00,1.2803,212.774,166.189
2026-05-07 02:25:00+00:00,1.0348,158.021,152.712
2026-05-07 02:30:00+00:00,1.3416,576.668,429.849
2026-05-07 02:35:00+00:00,0.6754,79.83,118.205
2026-05-07 02:40:00+00:00,1.8206,133.078,73.095
2026-05-07 02:45:00+00:00,0.7455,212.776,285.397
2026-05-07 02:50:00+00:00,1.1427,164.03,143.551
2026-05-07 02:55:00+00:00,1.3557,192.506,141.995
2026-05-07 03:00:00+00:00,0.5445,95.176,174.784
2026-05-07 03:05:00+00:00,0.962,50.99,53.002
2026-05-07 03:10:00+00:00,0.7203,68.431,95.008
2026-05-07 03:15:00+00:00,0.8209,33.904,41.299
2026-05-07 03:20:00+00:00,0.8788,241.749,275.089
2026-05-07 03:25:00+00:00,1.3501,90.096,66.735
2026-05-07 03:30:00+00:00,0.4313,62.774,145.547
2026-05-07 03:35:00+00:00,0.5378,54.742,101.781
2026-05-07 03:40:00+00:00,0.3647,65.138,178.618
2026-05-07 03:45:00+00:00,0.88,72.701,82.619
2026-05-07 03:50:00+00:00,1.2445,112.281,90.219
2026-05-07 03:55:00+00:00,0.8268,168.397,203.683
2026-05-07 04:00:00+00:00,0.5864,179.946,306.842
2026-05-07 04:05:00+00:00,0.7479,368.536,492.786
2026-05-07 04:10:00+00:00,1.626,387.265,238.168
2026-05-07 04:15:00+00:00,2.714,298.267,109.901
2026-05-07 04:20:00+00:00,1.1707,94.534,80.749
2026-05-07 04:25:00+00:00,2.2192,238.263,107.366
2026-05-07 04:30:00+00:00,0.5868,71.638,122.086
2026-05-07 04:35:00+00:00,0.6315,42.735,67.669
2026-05-07 04:40:00+00:00,1.3519,103.135,76.289
2026-05-07 04:45:00+00:00,1.7137,169.594,98.962
2026-05-07 04:50:00+00:00,2.3934,138.657,57.932
2026-05-07 04:55:00+00:00,1.6836,85.4,50.724
2026-05-07 05:00:00+00:00,2.0004,292.906,146.422
2026-05-07 05:05:00+00:00,0.4754,96.161,202.295
2026-05-07 05:10:00+00:00,1.7953,452.003,251.767
2026-05-07 05:15:00+00:00,1.7311,184.993,106.866
2026-05-07 05:20:00+00:00,0.7261,75.755,104.332
2026-05-07 05:25:00+00:00,1.7767,127.091,71.533
2026-05-07 05:30:00+00:00,0.8562,76.137,88.929
2026-05-07 05:35:00+00:00,1.5138,97.669,64.518
2026-05-07 05:40:00+00:00,0.8611,51.361,59.646
2026-05-07 05:45:00+00:00,0.8062,36.281,45.0
2026-05-07 05:50:00+00:00,0.5606,94.559,168.673
2026-05-07 05:55:00+00:00,0.724,35.302,48.762
2026-05-07 06:00:00+00:00,0.5627,79.846,141.908
2026-05-07 06:05:00+00:00,0.5405,241.687,447.117
2026-05-07 06:10:00+00:00,0.7254,116.643,160.795
2026-05-07 06:15:00+00:00,2.6295,449.337,170.883
2026-05-07 06:20:00+00:00,1.7101,167.315,97.839
2026-05-07 06:25:00+00:00,1.7648,70.484,39.939
2026-05-07 06:30:00+00:00,2.6219,450.325,171.752
2026-05-07 06:35:00+00:00,1.3349,465.731,348.895
2026-05-07 06:40:00+00:00,1.3898,322.949,232.367
2026-05-07 06:45:00+00:00,0.6328,141.336,223.357
2026-05-07 06:50:00+00:00,1.7663,206.752,117.052
2026-05-07 06:55:00+00:00,1.9779,381.34,192.805
2026-05-07 07:00:00+00:00,2.2327,504.195,225.826
2026-05-07 07:05:00+00:00,1.3542,682.645,504.097
2026-05-07 07:10:00+00:00,1.4511,596.633,411.168
2026-05-07 07:15:00+00:00,0.8435,433.131,513.505
2026-05-07 07:20:00+00:00,0.6426,169.642,263.992
2026-05-07 07:25:00+00:00,0.3045,89.39,293.6
2026-05-07 07:30:00+00:00,1.0663,242.373,227.296
2026-05-07 07:35:00+00:00,0.4695,134.995,287.557
2026-05-07 07:40:00+00:00,0.4149,76.373,184.071
2026-05-07 07:45:00+00:00,0.4465,157.956,353.79
2026-05-07 07:50:00+00:00,0.6197,172.84,278.903
2026-05-07 07:55:00+00:00,1.5952,159.087,99.727
2026-05-07 08:00:00+00:00,0.9423,236.998,251.51
2026-05-07 08:05:00+00:00,1.633,155.57,95.267
2026-05-07 08:10:00+00:00,0.3607,101.566,281.55
2026-05-07 08:15:00+00:00,0.3222,114.116,354.15
2026-05-07 08:20:00+00:00,0.7929,233.065,293.954
2026-05-07 08:25:00+00:00,0.9561,176.038,184.124
2026-05-07 08:30:00+00:00,0.6585,137.88,209.389
2026-05-07 08:35:00+00:00,0.84,191.691,228.191
2026-05-07 08:40:00+00:00,0.463,112.298,242.56
2026-05-07 08:45:00+00:00,0.7355,134.015,182.198
2026-05-07 08:50:00+00:00,1.5294,138.822,90.771
2026-05-07 08:55:00+00:00,0.819,163.841,200.06
2026-05-07 09:00:00+00:00,0.4319,177.345,410.641
2026-05-07 09:05:00+00:00,1.0909,121.836,111.682
2026-05-07 09:10:00+00:00,1.2737,116.011,91.08
2026-05-07 09:15:00+00:00,1.4069,152.235,108.204
2026-05-07 09:20:00+00:00,0.2675,89.741,335.525
2026-05-07 09:25:00+00:00,0.6729,247.396,367.674
2026-05-07 09:30:00+00:00,0.8257,279.296,338.248
2026-05-07 09:35:00+00:00,0.5385,422.567,784.656
2026-05-07 09:40:00+00:00,0.6249,278.309,445.339
2026-05-07 09:45:00+00:00,2.169,302.073,139.27
2026-05-07 09:50:00+00:00,0.9655,195.471,202.452
2026-05-07 09:55:00+00:00,1.0838,133.665,123.329
2026-05-07 10:00:00+00:00,1.0572,287.645,272.08
2026-05-07 10:05:00+00:00,1.4285,121.367,84.961
2026-05-07 10:10:00+00:00,0.6352,210.016,330.626
2026-05-07 10:15:00+00:00,1.4222,177.31,124.676
2026-05-07 10:20:00+00:00,0.6187,114.939,185.779
2026-05-07 10:25:00+00:00,0.5982,679.763,1136.285
2026-05-07 10:30:00+00:00,1.6157,428.184,265.013
2026-05-07 10:35:00+00:00,1.6178,162.782,100.621
2026-05-07 10:40:00+00:00,1.1545,200.492,173.663
2026-05-07 10:45:00+00:00,0.5308,214.752,404.582
2026-05-07 10:50:00+00:00,1.184,109.941,92.854
2026-05-07 10:55:00+00:00,1.5543,96.878,62.331
2026-05-07 11:00:00+00:00,1.4802,377.869,255.274
2026-05-07 11:05:00+00:00,1.1793,417.068,353.666
2026-05-07 11:10:00+00:00,0.5192,61.898,119.214
2026-05-07 11:15:00+00:00,1.2317,148.782,120.792
2026-05-07 11:20:00+00:00,1.8032,118.045,65.464
2026-05-07 11:25:00+00:00,0.9613,49.659,51.658
2026-05-07 11:30:00+00:00,1.528,73.546,48.132
2026-05-07 11:35:00+00:00,1.1605,58.835,50.696
2026-05-07 11:40:00+00:00,0.6138,60.894,99.201
2026-05-07 11:45:00+00:00,0.7701,76.223,98.973
2026-05-07 11:50:00+00:00,1.2074,253.668,210.098
2026-05-07 11:55:00+00:00,1.0097,150.192,148.745
2026-05-07 12:00:00+00:00,1.3043,240.778,184.61
2026-05-07 12:05:00+00:00,0.9973,68.955,69.14
2026-05-07 12:10:00+00:00,1.5188,319.168,210.139
2026-05-07 12:15:00+00:00,0.9144,170.901,186.904
2026-05-07 12:20:00+00:00,1.6912,165.833,98.056
2026-05-07 12:25:00+00:00,1.0889,196.543,180.5
2026-05-07 12:30:00+00:00,1.2177,145.897,119.813
2026-05-07 12:35:00+00:00,1.2964,74.836,57.725
2026-05-07 12:40:00+00:00,1.5748,101.703,64.581
2026-05-07 12:45:00+00:00,0.8787,104.051,118.418
2026-05-07 12:50:00+00:00,1.7191,162.994,94.814
2026-05-07 12:55:00+00:00,1.5619,164.317,105.203
2026-05-07 13:00:00+00:00,0.9692,119.041,122.83
2026-05-07 13:05:00+00:00,0.4388,60.195,137.194
2026-05-07 13:10:00+00:00,0.3842,104.459,271.917
2026-05-07 13:15:00+00:00,0.5415,185.359,342.3
2026-05-07 13:20:00+00:00,0.958,101.122,105.557
2026-05-07 13:25:00+00:00,0.7678,141.723,184.587
2026-05-07 13:30:00+00:00,0.5138,228.358,444.443
2026-05-07 13:35:00+00:00,0.5619,399.987,711.885
2026-05-07 13:40:00+00:00,0.7604,502.457,660.742
2026-05-07 13:45:00+00:00,0.7666,1706.003,2225.332
2026-05-07 13:50:00+00:00,0.9506,1009.117,1061.559
2026-05-07 13:55:00+00:00,0.8961,407.753,455.05
2026-05-07 14:00:00+00:00,1.142,552.562,483.848
2026-05-07 14:05:00+00:00,1.3004,378.674,291.192
2026-05-07 14:10:00+00:00,1.7789,784.884,441.222
2026-05-07 14:15:00+00:00,0.9154,364.358,398.02
2026-05-07 14:20:00+00:00,1.3588,329.102,242.195
2026-05-07 14:25:00+00:00,0.5594,336.375,601.31
2026-05-07 14:30:00+00:00,0.6299,784.695,1245.794
2026-05-07 14:35:00+00:00,0.6369,987.697,1550.848
2026-05-07 14:40:00+00:00,1.1704,582.969,498.081
2026-05-07 14:45:00+00:00,1.2422,443.827,357.281
2026-05-07 14:50:00+00:00,1.245,336.467,270.252
2026-05-07 14:55:00+00:00,0.9005,258.615,287.194
2026-05-07 15:00:00+00:00,0.9213,449.337,487.711
2026-05-07 15:05:00+00:00,1.1972,370.123,309.149
2026-05-07 15:10:00+00:00,1.0998,196.108,178.32
2026-05-07 15:15:00+00:00,0.6659,842.228,1264.84
2026-05-07 15:20:00+00:00,0.85,1090.286,1282.71
2026-05-07 15:25:00+00:00,0.6669,1006.107,1508.522
2026-05-07 15:30:00+00:00,1.3617,676.604,496.895
2026-05-07 15:35:00+00:00,1.244,443.064,356.159
2026-05-07 15:40:00+00:00,1.0282,261.409,254.231
2026-05-07 15:45:00+00:00,2.2838,360.208,157.723
2026-05-07 15:50:00+00:00,0.9521,214.396,225.193
2026-05-07 15:55:00+00:00,0.8169,260.53,318.933
2026-05-07 16:00:00+00:00,0.7713,352.717,457.323
2026-05-07 16:05:00+00:00,0.9302,722.125,776.278
2026-05-07 16:10:00+00:00,0.9578,188.198,196.48
2026-05-07 16:15:00+00:00,1.2745,368.552,289.175
2026-05-07 16:20:00+00:00,1.8354,349.965,190.673
2026-05-07 16:25:00+00:00,1.5765,300.326,190.498
2026-05-07 16:30:00+00:00,1.3802,250.867,181.757
2026-05-07 16:35:00+00:00,1.5425,341.981,221.703
2026-05-07 16:40:00+00:00,0.9785,153.573,156.941
2026-05-07 16:45:00+00:00,1.2024,159.198,132.4
2026-05-07 16:50:00+00:00,0.8636,96.309,111.518
2026-05-07 16:55:00+00:00,0.5884,154.212,262.065
2026-05-07 17:00:00+00:00,1.5595,210.387,134.904
2026-05-07 17:05:00+00:00,1.0417,124.081,119.112
2026-05-07 17:10:00+00:00,0.9501,75.525,79.494
2026-05-07 17:15:00+00:00,0.6859,186.756,272.297
2026-05-07 17:20:00+00:00,1.6465,186.864,113.49
2026-05-07 17:25:00+00:00,0.7177,1384.805,1929.391
2026-05-07 17:30:00+00:00,1.1778,280.35,238.03
2026-05-07 17:35:00+00:00,1.1989,219.797,183.336
2026-05-07 17:40:00+00:00,1.4924,265.756,178.076
2026-05-07 17:45:00+00:00,1.0234,180.166,176.054
2026-05-07 17:50:00+00:00,0.7534,103.686,137.631
2026-05-07 17:55:00+00:00,1.7145,688.02,401.299
2026-05-07 18:00:00+00:00,1.2403,609.897,491.721
2026-05-07 18:05:00+00:00,0.9115,323.211,354.576
2026-05-07 18:10:00+00:00,0.885,171.505,193.787
2026-05-07 18:15:00+00:00,0.8561,105.323,123.031
2026-05-07 18:20:00+00:00,1.5148,117.247,77.402
2026-05-07 18:25:00+00:00,0.6186,58.623,94.762
2026-05-07 18:30:00+00:00,0.7499,113.705,151.618
2026-05-07 18:35:00+00:00,1.1078,189.481,171.04
2026-05-07 18:40:00+00:00,0.4735,151.3,319.554
2026-05-07 18:45:00+00:00,0.7144,123.196,172.456
2026-05-07 18:50:00+00:00,0.7777,170.409,219.132
2026-05-07 18:55:00+00:00,0.887,313.675,353.65
2026-05-07 19:00:00+00:00,0.3867,89.341,231.04
2026-05-07 19:05:00+00:00,0.9381,74.228,79.124
2026-05-07 19:10:00+00:00,2.8768,122.589,42.613
2026-05-07 19:15:00+00:00,1.0758,206.495,191.94
2026-05-07 19:20:00+00:00,0.6552,115.702,176.599
2026-05-07 19:25:00+00:00,1.4386,266.809,185.467
2026-05-07 19:30:00+00:00,1.2448,131.354,105.518
2026-05-07 19:35:00+00:00,1.6575,126.316,76.21
2026-05-07 19:40:00+00:00,1.2583,88.482,70.318
2026-05-07 19:45:00+00:00,0.5143,51.322,99.794
2026-05-07 19:50:00+00:00,0.7141,205.919,288.38
2026-05-07 19:55:00+00:00,1.6175,175.923,108.76
2026-05-07 20:00:00+00:00,1.2249,562.998,459.623
2026-05-07 20:05:00+00:00,0.6063,47.285,77.991
2026-05-07 20:10:00+00:00,0.6462,55.27,85.532
2026-05-07 20:15:00+00:00,1.0712,62.444,58.296
2026-05-07 20:20:00+00:00,0.8283,62.336,75.256
2026-05-07 20:25:00+00:00,1.6874,52.178,30.923
2026-05-07 20:30:00+00:00,0.3111,50.792,163.241
2026-05-07 20:35:00+00:00,0.9275,328.085,353.748
2026-05-07 20:40:00+00:00,1.4406,353.626,245.475
2026-05-07 20:45:00+00:00,0.5882,56.371,95.84
2026-05-07 20:50:00+00:00,0.526,32.197,61.216
2026-05-07 20:55:00+00:00,0.2569,52.732,205.299
2026-05-07 21:00:00+00:00,0.646,154.996,239.918
2026-05-07 21:05:00+00:00,0.296,261.175,882.217
2026-05-07 21:10:00+00:00,0.8751,323.785,369.987
2026-05-07 21:15:00+00:00,1.8227,187.278,102.746
2026-05-07 21:20:00+00:00,0.9122,86.653,94.992
2026-05-07 21:25:00+00:00,3.8171,110.044,28.829
2026-05-07 21:35:00+00:00,0.7878,46.456,58.973
2026-05-07 21:40:00+00:00,0.409,55.487,135.672
2026-05-07 21:45:00+00:00,2.2284,123.176,55.275
2026-05-07 21:50:00+00:00,0.8447,43.802,51.857
2026-05-07 21:55:00+00:00,0.4836,62.61,129.461
2026-05-07 22:00:00+00:00,0.9132,304.007,332.898
2026-05-07 22:05:00+00:00,1.2736,466.767,366.508
2026-05-07 22:10:00+00:00,1.1684,175.597,150.285
2026-05-07 22:15:00+00:00,1.1977,127.211,106.216
2026-05-07 22:20:00+00:00,0.9044,191.701,211.954
2026-05-07 22:25:00+00:00,0.877,49.74,56.716
2026-05-07 22:30:00+00:00,0.4595,123.359,268.454
2026-05-07 22:35:00+00:00,1.3099,123.847,94.545
2026-05-07 22:40:00+00:00,0.6811,60.986,89.541
2026-05-07 22:45:00+00:00,0.9223,69.341,75.186
2026-05-07 22:50:00+00:00,1.1645,59.077,50.733
2026-05-07 22:55:00+00:00,3.651,136.558,37.403
2026-05-07 23:00:00+00:00,0.6355,76.012,119.613
2026-05-07 23:05:00+00:00,2.0605,149.989,72.793
2026-05-07 23:10:00+00:00,0.7266,63.178,86.954
2026-05-07 23:15:00+00:00,0.3606,37.127,102.964
2026-05-07 23:20:00+00:00,1.036,65.218,62.949
2026-05-07 23:25:00+00:00,0.9923,34.016,34.279
2026-05-07 23:30:00+00:00,1.0249,38.128,37.203
2026-05-07 23:35:00+00:00,1.5882,65.261,41.092
2026-05-07 23:40:00+00:00,2.0637,75.307,36.492
2026-05-07 23:45:00+00:00,2.8139,90.218,32.061
2026-05-07 23:50:00+00:00,1.1302,154.743,136.921
2026-05-07 23:55:00+00:00,1.063,40.131,37.753
2026-05-08 00:00:00+00:00,1.6908,156.5,92.56
2026-05-08 00:05:00+00:00,1.3082,106.183,81.168
2026-05-08 00:10:00+00:00,0.9475,120.817,127.509
2026-05-08 00:15:00+00:00,1.2047,135.693,112.639
2026-05-08 00:20:00+00:00,1.5196,123.183,81.063
2026-05-08 00:25:00+00:00,0.2623,152.509,581.503
2026-05-08 00:30:00+00:00,1.1839,100.873,85.205
2026-05-08 00:35:00+00:00,0.5004,120.17,240.14
2026-05-08 00:40:00+00:00,0.739,41.075,55.579
2026-05-08 00:45:00+00:00,0.5156,107.635,208.775
2026-05-08 00:50:00+00:00,0.4978,99.474,199.845
2026-05-08 00:55:00+00:00,1.122,158.869,141.599
2026-05-08 01:00:00+00:00,2.4715,137.811,55.759
2026-05-08 01:05:00+00:00,0.7102,74.655,105.123
2026-05-08 01:10:00+00:00,0.4178,76.283,182.566
2026-05-08 01:15:00+00:00,1.3194,335.098,253.97
2026-05-08 01:20:00+00:00,0.7981,61.726,77.337
2026-05-08 01:25:00+00:00,2.7083,105.695,39.027
2026-05-08 01:30:00+00:00,2.8548,105.588,36.986
2026-05-08 01:35:00+00:00,1.4842,74.033,49.882
2026-05-08 01:40:00+00:00,1.1483,114.527,99.735
2026-05-08 01:45:00+00:00,1.4314,105.727,73.861
2026-05-08 01:50:00+00:00,1.123,61.059,54.369
2026-05-08 01:55:00+00:00,1.211,58.716,48.485
2026-05-08 02:00:00+00:00,0.5928,272.919,460.354
2026-05-08 02:05:00+00:00,0.7082,365.229,515.681
2026-05-08 02:10:00+00:00,1.2739,186.781,146.621
2026-05-08 02:15:00+00:00,0.5574,698.116,1252.428
2026-05-08 02:20:00+00:00,1.4398,317.172,220.287
2026-05-08 02:25:00+00:00,1.0761,153.034,142.209
2026-05-08 02:30:00+00:00,1.9608,513.024,261.639
2026-05-08 02:35:00+00:00,0.9172,149.77,163.289
2026-05-08 02:40:00+00:00,1.1829,76.243,64.455
2026-05-08 02:45:00+00:00,2.1996,86.875,39.495
2026-05-08 02:50:00+00:00,0.7105,68.668,96.645
2026-05-08 02:55:00+00:00,1.4374,160.966,111.986
2026-05-08 03:00:00+00:00,0.4613,321.691,697.34
2026-05-08 03:05:00+00:00,1.2755,977.847,766.639
2026-05-08 03:10:00+00:00,1.3941,282.179,202.405
2026-05-08 03:15:00+00:00,2.0254,348.336,171.983
2026-05-08 03:20:00+00:00,0.8346,109.793,131.558
2026-05-08 03:25:00+00:00,0.7786,95.274,122.362
2026-05-08 03:30:00+00:00,2.474,141.445,57.172
2026-05-08 03:35:00+00:00,1.1419,85.348,74.742
2026-05-08 03:40:00+00:00,1.1133,73.377,65.909
2026-05-08 03:45:00+00:00,0.9883,80.093,81.042
2026-05-08 03:50:00+00:00,0.7513,54.52,72.57
2026-05-08 03:55:00+00:00,0.9508,51.98,54.67
2026-05-08 04:00:00+00:00,1.7722,106.132,59.888
2026-05-08 04:05:00+00:00,1.7785,95.077,53.459
2026-05-08 04:10:00+00:00,1.5897,162.517,102.231
2026-05-08 04:15:00+00:00,0.7916,83.594,105.602
2026-05-08 04:20:00+00:00,1.5724,167.974,106.826
2026-05-08 04:25:00+00:00,0.7074,109.088,154.208
2026-05-08 04:30:00+00:00,0.4125,45.965,111.425
2026-05-08 04:35:00+00:00,1.1685,109.665,93.849
2026-05-08 04:40:00+00:00,0.4824,87.072,180.483
2026-05-08 04:45:00+00:00,2.225,132.06,59.354
2026-05-08 04:50:00+00:00,1.822,80.115,43.972
2026-05-08 04:55:00+00:00,1.1462,44.955,39.221
2026-05-08 05:00:00+00:00,1.6506,182.561,110.606
2026-05-08 05:05:00+00:00,0.4314,42.007,97.372
2026-05-08 05:10:00+00:00,0.8679,39.371,45.363
2026-05-08 05:15:00+00:00,0.7359,71.691,97.42
2026-05-08 05:20:00+00:00,0.7003,38.575,55.083
2026-05-08 05:25:00+00:00,0.8237,42.243,51.284
2026-05-08 05:30:00+00:00,2.0865,129.317,61.979
2026-05-08 05:35:00+00:00,2.3508,97.312,41.396
2026-05-08 05:40:00+00:00,1.8148,99.524,54.839
2026-05-08 05:45:00+00:00,0.5582,110.578,198.089
2026-05-08 05:50:00+00:00,0.2848,21.569,75.726
2026-05-08 05:55:00+00:00,0.3149,30.644,97.323
2026-05-08 06:00:00+00:00,0.7975,266.645,334.343
2026-05-08 06:05:00+00:00,0.6939,77.833,112.173
2026-05-08 06:10:00+00:00,2.8016,128.574,45.893
2026-05-08 06:15:00+00:00,1.3855,151.781,109.547
2026-05-08 06:20:00+00:00,1.0174,47.817,47.001
2026-05-08 06:25:00+00:00,0.6327,44.353,70.096
2026-05-08 06:30:00+00:00,0.8012,76.257,95.178
2026-05-08 06:35:00+00:00,1.0699,219.002,204.686
2026-05-08 06:40:00+00:00,1.6849,94.122,55.862
2026-05-08 06:45:00+00:00,1.1974,114.451,95.584
2026-05-08 06:50:00+00:00,0.8205,64.342,78.415
2026-05-08 06:55:00+00:00,1.3541,67.305,49.703
2026-05-08 07:00:00+00:00,0.6767,76.002,112.312
2026-05-08 07:05:00+00:00,0.7197,325.95,452.911
2026-05-08 07:10:00+00:00,0.9956,121.216,121.753
2026-05-08 07:15:00+00:00,1.1943,168.361,140.971
2026-05-08 07:20:00+00:00,0.653,144.591,221.435
2026-05-08 07:25:00+00:00,1.5544,479.274,308.331
2026-05-08 07:30:00+00:00,2.4539,341.181,139.036
2026-05-08 07:35:00+00:00,2.006,253.102,126.174
2026-05-08 07:40:00+00:00,1.3979,235.617,168.552
2026-05-08 07:45:00+00:00,2.4264,622.33,256.48
2026-05-08 07:50:00+00:00,0.7058,163.151,231.154
2026-05-08 07:55:00+00:00,0.7833,182.647,233.172
2026-05-08 08:00:00+00:00,1.2844,194.09,151.114
2026-05-08 08:05:00+00:00,0.9008,158.432,175.875
2026-05-08 08:10:00+00:00,1.9204,192.717,100.353
2026-05-08 08:15:00+00:00,1.5817,182.56,115.421
2026-05-08 08:20:00+00:00,0.9862,149.255,151.338
2026-05-08 08:25:00+00:00,2.3456,154.223,65.749
2026-05-08 08:30:00+00:00,1.0205,70.554,69.135
2026-05-08 08:35:00+00:00,2.3807,496.783,208.667
2026-05-08 08:40:00+00:00,1.5987,354.25,221.585
2026-05-08 08:45:00+00:00,1.8296,521.321,284.932
2026-05-08 08:50:00+00:00,1.17,273.336,233.614
2026-05-08 08:55:00+00:00,0.4429,121.961,275.343
2026-05-08 09:00:00+00:00,0.6757,136.443,201.927
2026-05-08 09:05:00+00:00,3.9861,304.414,76.368
2026-05-08 09:10:00+00:00,0.8979,236.417,263.286
2026-05-08 09:15:00+00:00,0.7197,184.242,255.994
2026-05-08 09:20:00+00:00,1.4176,223.499,157.661
2026-05-08 09:25:00+00:00,0.7202,351.525,488.125
2026-05-08 09:30:00+00:00,0.4393,88.741,202.007
2026-05-08 09:35:00+00:00,0.592,64.084,108.253
2026-05-08 09:40:00+00:00,1.1074,125.1,112.97
2026-05-08 09:45:00+00:00,0.5273,85.549,162.252
2026-05-08 09:50:00+00:00,1.4518,188.404,129.769
2026-05-08 09:55:00+00:00,0.9077,73.941,81.457
2026-05-08 10:00:00+00:00,2.8018,328.275,117.166
2026-05-08 10:05:00+00:00,0.5063,132.444,261.601
2026-05-08 10:10:00+00:00,0.7606,96.389,126.723
2026-05-08 10:15:00+00:00,0.6791,51.914,76.447
2026-05-08 10:20:00+00:00,0.4973,69.103,138.96
2026-05-08 10:25:00+00:00,1.3534,59.579,44.023
2026-05-08 10:30:00+00:00,1.9553,164.114,83.933
2026-05-08 10:35:00+00:00,1.4268,274.056,192.078
2026-05-08 10:40:00+00:00,1.9701,463.486,235.26
2026-05-08 10:45:00+00:00,0.799,258.752,323.828
2026-05-08 10:50:00+00:00,1.2338,757.472,613.954
2026-05-08 10:55:00+00:00,1.6783,499.113,297.386
2026-05-08 11:00:00+00:00,1.1646,547.117,469.805
2026-05-08 11:05:00+00:00,0.6328,166.397,262.941
2026-05-08 11:10:00+00:00,0.748,166.504,222.602
2026-05-08 11:15:00+00:00,0.5934,94.76,159.678
2026-05-08 11:20:00+00:00,1.9249,273.491,142.083
2026-05-08 11:25:00+00:00,1.6422,270.729,164.859
2026-05-08 11:30:00+00:00,0.6782,92.133,135.854
2026-05-08 11:35:00+00:00,0.556,73.2,131.65
2026-05-08 11:40:00+00:00,0.6108,145.136,237.615
2026-05-08 11:45:00+00:00,1.8002,129.215,71.777
2026-05-08 11:50:00+00:00,1.6138,84.853,52.578
2026-05-08 11:55:00+00:00,0.6794,90.98,133.917
2026-05-08 12:00:00+00:00,1.7506,263.806,150.692
2026-05-08 12:05:00+00:00,0.5291,123.726,233.844
2026-05-08 12:10:00+00:00,0.8354,113.828,136.263
2026-05-08 12:15:00+00:00,1.4865,170.968,115.016
2026-05-08 12:20:00+00:00,1.0735,121.376,113.063
2026-05-08 12:25:00+00:00,0.6591,127.906,194.074
2026-05-08 12:30:00+00:00,1.3782,1394.319,1011.709
2026-05-08 12:35:00+00:00,0.7003,147.078,210.036
2026-05-08 12:40:00+00:00,0.9162,90.297,98.552
2026-05-08 12:45:00+00:00,0.6325,274.139,433.45
2026-05-08 12:50:00+00:00,0.6905,365.605,529.455
2026-05-08 12:55:00+00:00,0.8814,228.951,259.767
2026-05-08 13:00:00+00:00,0.8386,203.531,242.713
2026-05-08 13:05:00+00:00,0.416,284.211,683.21
2026-05-08 13:10:00+00:00,0.479,418.251,873.117
2026-05-08 13:15:00+00:00,1.4593,428.879,293.896
2026-05-08 13:20:00+00:00,0.7077,255.289,360.734
2026-05-08 13:25:00+00:00,0.6333,401.947,634.729
2026-05-08 13:30:00+00:00,1.4367,566.645,394.397
2026-05-08 13:35:00+00:00,1.096,664.008,605.869
2026-05-08 13:40:00+00:00,0.5634,400.386,710.602
2026-05-08 13:45:00+00:00,0.9177,294.108,320.468
2026-05-08 13:50:00+00:00,1.5559,450.858,289.768
2026-05-08 13:55:00+00:00,2.4278,358.707,147.752
2026-05-08 14:00:00+00:00,1.6572,642.166,387.493
2026-05-08 14:05:00+00:00,1.2386,510.525,412.163
2026-05-08 14:10:00+00:00,1.5652,345.978,221.044
2026-05-08 14:15:00+00:00,1.3343,1523.086,1141.457
2026-05-08 14:20:00+00:00,0.6888,503.617,731.137
2026-05-08 14:25:00+00:00,0.2614,192.879,737.845
2026-05-08 14:30:00+00:00,1.0621,622.348,585.977
2026-05-08 14:35:00+00:00,1.0443,365.275,349.771
2026-05-08 14:40:00+00:00,0.6725,131.431,195.428
2026-05-08 14:45:00+00:00,1.3422,294.315,219.285
2026-05-08 14:50:00+00:00,0.9879,170.381,172.474
2026-05-08 14:55:00+00:00,0.5862,101.904,173.827
2026-05-08 15:00:00+00:00,0.9168,244.486,266.674
2026-05-08 15:05:00+00:00,0.8369,150.753,180.124
2026-05-08 15:10:00+00:00,0.9352,211.484,226.132
2026-05-08 15:15:00+00:00,0.9492,233.731,246.228
2026-05-08 15:20:00+00:00,0.4371,383.491,877.282
2026-05-08 15:25:00+00:00,1.103,489.396,443.69
2026-05-08 15:30:00+00:00,2.0539,493.473,240.264
2026-05-08 15:35:00+00:00,1.5987,224.126,140.189
2026-05-08 15:40:00+00:00,1.1647,371.349,318.828
2026-05-08 15:45:00+00:00,0.938,258.951,276.069
2026-05-08 15:50:00+00:00,4.0626,676.798,166.594
2026-05-08 15:55:00+00:00,1.2074,244.927,202.851
2026-05-08 16:00:00+00:00,0.9664,266.543,275.805
2026-05-08 16:05:00+00:00,0.5539,134.591,242.975
2026-05-08 16:10:00+00:00,0.5662,154.97,273.679
2026-05-08 16:15:00+00:00,0.8568,80.731,94.228
2026-05-08 16:20:00+00:00,1.1806,159.338,134.967
2026-05-08 16:25:00+00:00,1.6624,196.747,118.348
2026-05-08 16:30:00+00:00,0.7425,157.557,212.201
2026-05-08 16:35:00+00:00,0.6868,140.666,204.8
2026-05-08 16:40:00+00:00,0.5877,237.212,403.63
2026-05-08 16:45:00+00:00,1.2846,188.114,146.441
2026-05-08 16:50:00+00:00,1.6669,142.98,85.778
2026-05-08 16:55:00+00:00,1.4933,59.558,39.883
2026-05-08 17:00:00+00:00,1.2373,154.888,125.182
2026-05-08 17:05:00+00:00,1.488,217.944,146.464
2026-05-08 17:10:00+00:00,2.1077,220.481,104.607
2026-05-08 17:15:00+00:00,2.3703,157.066,66.265
2026-05-08 17:20:00+00:00,0.6584,99.657,151.371
2026-05-08 17:25:00+00:00,1.2135,281.614,232.074
2026-05-08 17:30:00+00:00,2.383,843.702,354.057
2026-05-08 17:35:00+00:00,1.0923,304.645,278.897
2026-05-08 17:40:00+00:00,1.66,141.032,84.96
2026-05-08 17:45:00+00:00,2.0345,298.347,146.642
2026-05-08 17:50:00+00:00,0.8356,194.169,232.359
2026-05-08 17:55:00+00:00,0.5821,185.111,317.987
2026-05-08 18:00:00+00:00,1.0363,347.65,335.465
2026-05-08 18:05:00+00:00,0.5027,71.876,142.968
2026-05-08 18:10:00+00:00,0.8574,69.449,80.997
2026-05-08 18:15:00+00:00,1.8959,284.541,150.086
2026-05-08 18:20:00+00:00,1.3142,215.127,163.699
2026-05-08 18:25:00+00:00,0.5798,141.784,244.526
2026-05-08 18:30:00+00:00,1.3309,94.397,70.925
2026-05-08 18:35:00+00:00,0.7696,80.75,104.92
2026-05-08 18:40:00+00:00,0.671,90.669,135.123
2026-05-08 18:45:00+00:00,1.0911,95.136,87.194
2026-05-08 18:50:00+00:00,0.7772,86.294,111.036
2026-05-08 18:55:00+00:00,0.615,95.601,155.456
2026-05-08 19:00:00+00:00,0.7854,210.271,267.71
2026-05-08 19:05:00+00:00,2.0061,118.308,58.975
2026-05-08 19:10:00+00:00,0.8756,42.234,48.236
2026-05-08 19:15:00+00:00,0.4174,95.484,228.786
2026-05-08 19:20:00+00:00,1.3346,120.983,90.651
2026-05-08 19:25:00+00:00,1.3072,54.907,42.003
2026-05-08 19:30:00+00:00,1.0217,56.633,55.428
2026-05-08 19:35:00+00:00,1.147,38.779,33.81
2026-05-08 19:40:00+00:00,1.0885,54.93,50.465
2026-05-08 19:45:00+00:00,2.2025,50.075,22.736
2026-05-08 19:50:00+00:00,1.2144,59.044,48.619
2026-05-08 19:55:00+00:00,1.0961,183.835,167.714
2026-05-08 20:00:00+00:00,0.6534,89.172,136.473
2026-05-08 20:05:00+00:00,0.8369,40.84,48.8
2026-05-08 20:10:00+00:00,1.2157,83.474,68.664
2026-05-08 20:15:00+00:00,0.5951,40.211,67.565
2026-05-08 20:20:00+00:00,0.8296,64.798,78.109
2026-05-08 20:25:00+00:00,1.2808,85.219,66.536
2026-05-08 20:30:00+00:00,0.8898,71.298,80.124
2026-05-08 20:35:00+00:00,0.8115,42.968,52.951
2026-05-08 20:40:00+00:00,1.0379,48.374,46.606
2026-05-08 20:45:00+00:00,0.9633,38.128,39.579
2026-05-08 20:50:00+00:00,0.7572,63.379,83.7
2026-05-08 20:55:00+00:00,0.5423,59.75,110.175
2026-05-08 21:00:00+00:00,2.7714,73.59,26.553
2026-05-08 21:05:00+00:00,0.4635,26.187,56.498
2026-05-08 21:10:00+00:00,1.4396,36.62,25.437
2026-05-08 21:15:00+00:00,5.2379,51.965,9.921
2026-05-08 21:20:00+00:00,1.3353,42.381,31.739
2026-05-08 21:25:00+00:00,0.9156,23.657,25.837
2026-05-08 21:30:00+00:00,0.2997,26.734,89.217
2026-05-08 21:35:00+00:00,1.7219,74.689,43.376
2026-05-08 21:40:00+00:00,1.2958,51.8,39.976
2026-05-08 21:45:00+00:00,0.8885,38.356,43.171
2026-05-08 21:50:00+00:00,3.0309,72.681,23.98
2026-05-08 21:55:00+00:00,1.0112,39.827,39.384
2026-05-08 22:00:00+00:00,3.106,537.824,173.156
2026-05-08 22:05:00+00:00,0.7422,48.589,65.466
2026-05-08 22:10:00+00:00,2.8896,167.31,57.9
2026-05-08 22:15:00+00:00,0.8307,112.63,135.591
2026-05-08 22:20:00+00:00,0.7621,123.026,161.425
2026-05-08 22:25:00+00:00,0.5393,43.588,80.828
2026-05-08 22:30:00+00:00,1.0941,108.409,99.083
2026-05-08 22:35:00+00:00,0.7149,47.779,66.836
2026-05-08 22:40:00+00:00,1.4504,58.701,40.472
2026-05-08 22:45:00+00:00,1.6185,38.046,23.507
2026-05-08 22:50:00+00:00,0.4249,27.375,64.43
2026-05-08 22:55:00+00:00,0.3813,51.191,134.253
2026-05-08 23:00:00+00:00,0.9857,78.672,79.812
2026-05-08 23:05:00+00:00,0.5953,47.803,80.3
2026-05-08 23:10:00+00:00,0.492,31.65,64.329
2026-05-08 23:15:00+00:00,0.8688,193.709,222.96
2026-05-08 23:20:00+00:00,0.634,32.21,50.807
2026-05-08 23:25:00+00:00,0.7116,20.129,28.286
2026-05-08 23:30:00+00:00,0.7371,40.067,54.361
2026-05-08 23:35:00+00:00,0.6154,53.579,87.059
2026-05-08 23:40:00+00:00,0.964,120.783,125.295
2026-05-08 23:45:00+00:00,3.0554,91.213,29.853
2026-05-08 23:50:00+00:00,0.3848,23.181,60.242
2026-05-08 23:55:00+00:00,1.4964,41.201,27.534
2026-05-09 00:00:00+00:00,0.6944,45.859,66.045
2026-05-09 00:05:00+00:00,0.6692,43.425,64.895
2026-05-09 00:10:00+00:00,3.6235,93.056,25.681
2026-05-09 00:15:00+00:00,0.6292,21.963,34.904
2026-05-09 00:20:00+00:00,1.5638,82.491,52.75
2026-05-09 00:25:00+00:00,1.2162,23.316,19.171
2026-05-09 00:30:00+00:00,2.5426,91.836,36.119
2026-05-09 00:35:00+00:00,1.2551,29.67,23.639
2026-05-09 00:40:00+00:00,0.7739,46.106,59.575
2026-05-09 00:45:00+00:00,1.9095,73.25,38.36
2026-05-09 00:50:00+00:00,1.6856,57.186,33.926
2026-05-09 00:55:00+00:00,0.9741,34.609,35.531
2026-05-09 01:00:00+00:00,2.8435,69.709,24.515
2026-05-09 01:05:00+00:00,1.6683,93.134,55.826
2026-05-09 01:10:00+00:00,2.858,135.81,47.52
2026-05-09 01:15:00+00:00,0.6658,76.592,115.029
2026-05-09 01:20:00+00:00,0.41,48.814,119.047
2026-05-09 01:25:00+00:00,1.1144,34.755,31.188
2026-05-09 01:30:00+00:00,2.0837,151.375,72.647
2026-05-09 01:35:00+00:00,1.3925,106.017,76.134
2026-05-09 01:40:00+00:00,1.7265,103.116,59.726
2026-05-09 01:45:00+00:00,1.2937,62.301,48.157
2026-05-09 01:50:00+00:00,1.0671,164.167,153.838
2026-05-09 01:55:00+00:00,0.4139,58.252,140.756
2026-05-09 02:00:00+00:00,1.4197,137.214,96.649
2026-05-09 02:05:00+00:00,2.1505,137.483,63.93
2026-05-09 02:10:00+00:00,1.445,113.31,78.414
2026-05-09 02:15:00+00:00,0.8201,60.025,73.19
2026-05-09 02:20:00+00:00,0.352,49.026,139.289
2026-05-09 02:25:00+00:00,1.0833,93.062,85.908
2026-05-09 02:30:00+00:00,1.1841,118.159,99.791
2026-05-09 02:35:00+00:00,0.7006,52.435,74.843
2026-05-09 02:40:00+00:00,0.6893,46.92,68.07
2026-05-09 02:45:00+00:00,2.8961,129.091,44.574
2026-05-09 02:50:00+00:00,1.0772,36.647,34.02
2026-05-09 02:55:00+00:00,1.2817,33.666,26.267
2026-05-09 03:00:00+00:00,0.9663,59.386,61.455
2026-05-09 03:05:00+00:00,2.0814,100.152,48.118
2026-05-09 03:10:00+00:00,2.8492,179.205,62.896
2026-05-09 03:15:00+00:00,2.5378,113.132,44.579
2026-05-09 03:20:00+00:00,2.838,357.925,126.118
2026-05-09 03:25:00+00:00,0.3609,70.203,194.5
2026-05-09 03:30:00+00:00,0.7884,65.204,82.707
2026-05-09 03:35:00+00:00,0.3034,44.591,146.995
2026-05-09 03:40:00+00:00,1.0903,134.949,123.769
2026-05-09 03:45:00+00:00,0.6823,35.375,51.847
2026-05-09 03:50:00+00:00,0.6815,53.415,78.381
2026-05-09 03:55:00+00:00,1.2313,60.769,49.354
2026-05-09 04:00:00+00:00,2.553,106.155,41.58
2026-05-09 04:05:00+00:00,2.2284,1087.243,487.893
2026-05-09 04:10:00+00:00,0.4715,90.977,192.932
2026-05-09 04:15:00+00:00,0.4048,103.821,256.471
2026-05-09 04:20:00+00:00,0.6718,50.617,75.349
2026-05-09 04:25:00+00:00,0.6585,64.447,97.871
2026-05-09 04:30:00+00:00,1.218,113.255,92.985
2026-05-09 04:35:00+00:00,0.928,73.622,79.332
2026-05-09 04:40:00+00:00,0.2093,41.815,199.809
2026-05-09 04:45:00+00:00,1.4207,104.482,73.545
2026-05-09 04:50:00+00:00,0.479,51.064,106.614
2026-05-09 04:55:00+00:00,0.7108,71.767,100.963
2026-05-09 05:00:00+00:00,0.8132,123.394,151.74
2026-05-09 05:05:00+00:00,1.1675,48.533,41.571
2026-05-09 05:10:00+00:00,1.0405,58.454,56.178
2026-05-09 05:15:00+00:00,2.6536,89.097,33.576
2026-05-09 05:20:00+00:00,1.2223,47.307,38.703
2026-05-09 05:25:00+00:00,1.8727,143.792,76.783
2026-05-09 05:30:00+00:00,2.5929,99.534,38.387
2026-05-09 05:35:00+00:00,1.2037,37.4,31.071
2026-05-09 05:40:00+00:00,1.7281,48.759,28.215
2026-05-09 05:45:00+00:00,0.2401,20.08,83.642
2026-05-09 05:50:00+00:00,0.5583,43.984,78.779
2026-05-09 05:55:00+00:00,0.6881,22.634,32.893
2026-05-09 06:00:00+00:00,2.3895,104.943,43.919
2026-05-09 06:05:00+00:00,1.0897,53.669,49.25
2026-05-09 06:10:00+00:00,0.6808,43.006,63.166
2026-05-09 06:15:00+00:00,0.148,33.99,229.716
2026-05-09 06:20:00+00:00,0.575,57.848,100.612
2026-05-09 06:25:00+00:00,1.2084,88.515,73.249
2026-05-09 06:30:00+00:00,0.7113,65.069,91.481
2026-05-09 06:35:00+00:00,0.3118,137.748,441.793
2026-05-09 06:40:00+00:00,0.8423,117.36,139.325
2026-05-09 06:45:00+00:00,1.5084,352.29,233.558
2026-05-09 06:50:00+00:00,1.005,155.741,154.963
2026-05-09 06:55:00+00:00,3.3108,296.794,89.643
2026-05-09 07:00:00+00:00,0.3105,66.555,214.335
2026-05-09 07:05:00+00:00,0.5374,102.685,191.062
2026-05-09 07:10:00+00:00,0.7385,201.384,272.703
2026-05-09 07:15:00+00:00,2.7945,60.717,21.727
2026-05-09 07:20:00+00:00,4.2329,81.606,19.279
2026-05-09 07:25:00+00:00,1.0188,55.988,54.955
2026-05-09 07:30:00+00:00,1.8302,69.734,38.102
2026-05-09 07:35:00+00:00,1.0367,60.697,58.55
2026-05-09 07:40:00+00:00,0.4603,98.532,214.052
2026-05-09 07:45:00+00:00,0.9768,195.956,200.62
2026-05-09 07:50:00+00:00,0.6088,57.945,95.176
2026-05-09 07:55:00+00:00,1.0934,46.503,42.53
2026-05-09 08:00:00+00:00,3.2584,510.35,156.624
2026-05-09 08:05:00+00:00,2.504,167.322,66.823
2026-05-09 08:10:00+00:00,2.6635,187.277,70.312
2026-05-09 08:15:00+00:00,0.7043,86.236,122.45
2026-05-09 08:20:00+00:00,0.3157,29.046,92.01
2026-05-09 08:25:00+00:00,2.127,86.241,40.545
2026-05-09 08:30:00+00:00,1.2976,185.065,142.623
2026-05-09 08:35:00+00:00,1.7409,145.545,83.603
2026-05-09 08:40:00+00:00,0.368,95.189,258.676
2026-05-09 08:45:00+00:00,0.3177,16.129,50.765
2026-05-09 08:50:00+00:00,0.7385,54.46,73.743
2026-05-09 08:55:00+00:00,0.3915,26.925,68.77
2026-05-09 09:00:00+00:00,1.0783,40.416,37.481
2026-05-09 09:05:00+00:00,1.3292,67.589,50.848
2026-05-09 09:10:00+00:00,0.1661,33.289,200.394
2026-05-09 09:15:00+00:00,0.5589,124.656,223.024
2026-05-09 09:20:00+00:00,4.4235,84.754,19.16
2026-05-09 09:25:00+00:00,0.5715,32.359,56.617
2026-05-09 09:30:00+00:00,2.176,138.877,63.822
2026-05-09 09:35:00+00:00,0.6652,49.763,74.809
2026-05-09 09:40:00+00:00,0.6281,43.305,68.946
2026-05-09 09:45:00+00:00,0.6258,23.615,37.735
2026-05-09 09:50:00+00:00,1.4242,53.05,37.248
2026-05-09 09:55:00+00:00,0.2373,49.454,208.371
2026-05-09 10:00:00+00:00,0.8231,115.845,140.749
2026-05-09 10:05:00+00:00,0.4091,51.871,126.795
2026-05-09 10:10:00+00:00,2.7327,97.135,35.545
2026-05-09 10:15:00+00:00,1.0031,50.063,49.908
2026-05-09 10:20:00+00:00,0.8737,33.756,38.636
2026-05-09 10:25:00+00:00,1.13,51.468,45.545
2026-05-09 10:30:00+00:00,2.9791,47.781,16.039
2026-05-09 10:35:00+00:00,4.1185,261.816,63.571
2026-05-09 10:40:00+00:00,1.2563,89.572,71.299
2026-05-09 10:45:00+00:00,0.127,16.332,128.647
2026-05-09 10:50:00+00:00,2.1441,43.237,20.166
2026-05-09 10:55:00+00:00,0.5412,18.936,34.989
2026-05-09 11:00:00+00:00,1.4758,67.726,45.891
2026-05-09 11:05:00+00:00,0.3853,29.251,75.925
2026-05-09 11:10:00+00:00,2.3537,69.073,29.346
2026-05-09 11:15:00+00:00,2.3596,91.228,38.662
2026-05-09 11:20:00+00:00,1.4592,100.287,68.728
2026-05-09 11:25:00+00:00,1.3095,23.866,18.225
2026-05-09 11:30:00+00:00,1.2654,29.941,23.662
2026-05-09 11:35:00+00:00,1.1709,25.217,21.536
2026-05-09 11:40:00+00:00,1.951,34.508,17.687
2026-05-09 11:45:00+00:00,1.4486,26.608,18.368
2026-05-09 11:50:00+00:00,1.5571,31.869,20.467
2026-05-09 11:55:00+00:00,0.9713,43.631,44.922
2026-05-09 12:00:00+00:00,1.5557,31.289,20.113
2026-05-09 12:05:00+00:00,0.3265,35.661,109.208
2026-05-09 12:10:00+00:00,1.2247,24.522,20.023
2026-05-09 12:15:00+00:00,0.5505,60.321,109.581
2026-05-09 12:20:00+00:00,4.0982,151.125,36.876
2026-05-09 12:25:00+00:00,2.3339,118.094,50.6
2026-05-09 12:30:00+00:00,0.5497,25.342,46.099
2026-05-09 12:35:00+00:00,1.3132,61.563,46.881
2026-05-09 12:40:00+00:00,1.7669,52.061,29.464
2026-05-09 12:45:00+00:00,4.2234,56.99,13.494
2026-05-09 12:50:00+00:00,2.2981,73.667,32.056
2026-05-09 12:55:00+00:00,1.9667,45.245,23.006
2026-05-09 13:00:00+00:00,0.4491,24.236,53.966
2026-05-09 13:05:00+00:00,3.7285,47.676,12.787
2026-05-09 13:10:00+00:00,1.56,58.099,37.244
2026-05-09 13:15:00+00:00,0.6931,31.618,45.621
2026-05-09 13:20:00+00:00,0.8802,61.61,69.996
2026-05-09 13:25:00+00:00,0.9351,32.586,34.849
2026-05-09 13:30:00+00:00,0.4128,30.627,74.189
2026-05-09 13:35:00+00:00,1.041,35.408,34.015
2026-05-09 13:40:00+00:00,0.3682,22.492,61.08
2026-05-09 13:45:00+00:00,0.6383,16.491,25.837
2026-05-09 13:50:00+00:00,0.8648,20.258,23.424
2026-05-09 13:55:00+00:00,4.3448,100.568,23.147
2026-05-09 14:00:00+00:00,0.8601,56.471,65.656
2026-05-09 14:05:00+00:00,1.5234,42.118,27.647
2026-05-09 14:10:00+00:00,2.2332,138.476,62.009
2026-05-09 14:15:00+00:00,1.4162,40.754,28.778
2026-05-09 14:20:00+00:00,0.7423,66.496,89.575
2026-05-09 14:25:00+00:00,1.8443,528.798,286.717
2026-05-09 14:30:00+00:00,0.6968,52.598,75.49
2026-05-09 14:35:00+00:00,1.0974,135.223,123.226
2026-05-09 14:40:00+00:00,1.9478,130.158,66.823
2026-05-09 14:45:00+00:00,1.2294,52.047,42.337
2026-05-09 14:50:00+00:00,0.1597,70.727,442.755
2026-05-09 14:55:00+00:00,3.5533,165.999,46.717
2026-05-09 15:00:00+00:00,0.6775,38.414,56.699
2026-05-09 15:05:00+00:00,0.3063,45.965,150.079
2026-05-09 15:10:00+00:00,0.5994,124.212,207.243
2026-05-09 15:20:00+00:00,1.61,132.36,82.213
2026-05-09 15:25:00+00:00,3.1055,166.684,53.674
2026-05-09 15:30:00+00:00,2.1173,238.02,112.419
2026-05-09 15:35:00+00:00,4.3314,857.679,198.015
2026-05-09 15:40:00+00:00,0.771,433.993,562.878
2026-05-09 15:45:00+00:00,1.6144,208.136,128.927
2026-05-09 15:50:00+00:00,0.9635,106.475,110.506
2026-05-09 15:55:00+00:00,1.0408,106.006,101.846
2026-05-09 16:00:00+00:00,1.5759,276.065,175.184
2026-05-09 16:05:00+00:00,1.6481,183.94,111.609
2026-05-09 16:10:00+00:00,1.5554,228.858,147.14
2026-05-09 16:15:00+00:00,2.4349,668.491,274.546
2026-05-09 16:20:00+00:00,2.0345,868.337,426.805
2026-05-09 16:25:00+00:00,0.6918,197.707,285.786
2026-05-09 16:30:00+00:00,0.4761,103.681,217.769
2026-05-09 16:35:00+00:00,0.4904,55.26,112.681
2026-05-09 16:40:00+00:00,0.933,61.122,65.512
2026-05-09 16:45:00+00:00,0.9944,52.77,53.066
2026-05-09 16:50:00+00:00,0.8364,42.163,50.413
2026-05-09 16:55:00+00:00,0.9998,81.588,81.605
2026-05-09 17:00:00+00:00,1.7629,86.224,48.909
2026-05-09 17:05:00+00:00,1.8727,303.379,162.002
2026-05-09 17:10:00+00:00,1.406,259.307,184.425
2026-05-09 17:15:00+00:00,0.7647,149.505,195.513
2026-05-09 17:20:00+00:00,1.6364,173.785,106.201
2026-05-09 17:25:00+00:00,1.278,189.277,148.107
2026-05-09 17:30:00+00:00,1.6676,425.244,255.005
2026-05-09 17:35:00+00:00,1.4679,696.328,474.367
2026-05-09 17:40:00+00:00,0.4567,66.436,145.475
2026-05-09 17:45:00+00:00,0.6321,67.14,106.222
2026-05-09 17:50:00+00:00,1.3109,108.409,82.695
2026-05-09 17:55:00+00:00,1.0074,243.003,241.225
2026-05-09 18:00:00+00:00,1.0123,124.309,122.802
2026-05-09 18:05:00+00:00,0.6344,77.494,122.158
2026-05-09 18:10:00+00:00,0.7002,166.05,237.132
2026-05-09 18:15:00+00:00,0.9146,81.586,89.206
2026-05-09 18:20:00+00:00,0.869,63.589,73.175
2026-05-09 18:25:00+00:00,1.3774,912.651,662.581
2026-05-09 18:30:00+00:00,0.667,252.811,379.049
2026-05-09 18:35:00+00:00,0.3212,93.645,291.513
2026-05-09 18:40:00+00:00,0.3701,102.019,275.651
2026-05-09 18:45:00+00:00,0.7201,62.321,86.54
2026-05-09 18:50:00+00:00,1.5302,61.554,40.225
2026-05-09 18:55:00+00:00,0.5057,33.579,66.399
2026-05-09 19:00:00+00:00,0.775,52.042,67.154
2026-05-09 19:05:00+00:00,0.6121,26.421,43.166
2026-05-09 19:10:00+00:00,0.747,28.138,37.667
2026-05-09 19:15:00+00:00,0.2685,44.566,165.981
2026-05-09 19:20:00+00:00,0.9634,49.306,51.177
2026-05-09 19:25:00+00:00,0.4871,63.106,129.558
2026-05-09 19:30:00+00:00,0.7666,42.754,55.772
2026-05-09 19:35:00+00:00,0.1454,26.934,185.27
2026-05-09 19:40:00+00:00,0.5957,50.628,84.988
2026-05-09 19:45:00+00:00,0.9008,46.996,52.172
2026-05-09 19:50:00+00:00,4.1727,237.985,57.034
2026-05-09 19:55:00+00:00,1.066,68.777,64.516
2026-05-09 20:00:00+00:00,0.6338,47.752,75.345
2026-05-09 20:05:00+00:00,0.3566,33.118,92.861
2026-05-09 20:10:00+00:00,0.164,14.586,88.924
2026-05-09 20:15:00+00:00,1.5047,98.878,65.712
2026-05-09 20:20:00+00:00,0.5786,20.939,36.19
2026-05-09 20:25:00+00:00,1.1126,34.621,31.116
2026-05-09 20:30:00+00:00,0.2578,85.24,330.633
2026-05-09 20:35:00+00:00,1.3292,28.673,21.571
2026-05-09 20:40:00+00:00,0.8531,31.719,37.183
2026-05-09 20:45:00+00:00,0.7669,11.171,14.567
2026-05-09 20:50:00+00:00,2.3881,47.691,19.97
2026-05-09 20:55:00+00:00,1.9084,23.657,12.396
2026-05-09 21:00:00+00:00,3.9697,54.309,13.681
2026-05-09 21:05:00+00:00,1.508,72.056,47.782
2026-05-09 21:10:00+00:00,0.8726,53.548,61.368
2026-05-09 21:15:00+00:00,0.5664,12.199,21.536
2026-05-09 21:20:00+00:00,0.36,13.881,38.562
2026-05-09 21:25:00+00:00,0.9534,31.251,32.78
2026-05-09 21:30:00+00:00,0.223,6.852,30.733
2026-05-09 21:35:00+00:00,0.8437,20.278,24.035
2026-05-09 21:40:00+00:00,0.9298,29.347,31.563
2026-05-09 21:45:00+00:00,0.9433,36.853,39.07
2026-05-09 21:50:00+00:00,1.1825,35.587,30.094
2026-05-09 21:55:00+00:00,1.3638,56.927,41.742
2026-05-09 22:00:00+00:00,1.2782,34.873,27.282
2026-05-09 22:05:00+00:00,1.395,43.241,30.998
2026-05-09 22:10:00+00:00,1.0421,24.501,23.512
2026-05-09 22:15:00+00:00,2.4438,66.118,27.055
2026-05-09 22:20:00+00:00,3.4527,48.131,13.94
2026-05-09 22:25:00+00:00,0.9771,25.352,25.946
2026-05-09 22:30:00+00:00,0.4011,77.448,193.074
2026-05-09 22:35:00+00:00,1.038,21.678,20.885
2026-05-09 22:40:00+00:00,1.917,151.011,78.773
2026-05-09 22:45:00+00:00,0.3584,17.771,49.589
2026-05-09 22:50:00+00:00,0.161,22.681,140.872
2026-05-09 22:55:00+00:00,1.1629,40.68,34.983
2026-05-09 23:00:00+00:00,1.0016,86.942,86.801
2026-05-09 23:05:00+00:00,1.0706,36.501,34.095
2026-05-09 23:10:00+00:00,0.7964,40.993,51.471
2026-05-09 23:15:00+00:00,1.0155,21.802,21.47
2026-05-09 23:20:00+00:00,0.4275,14.04,32.844
2026-05-09 23:25:00+00:00,0.3875,31.333,80.869
2026-05-09 23:30:00+00:00,0.6872,121.38,176.635
2026-05-09 23:35:00+00:00,0.5727,26.587,46.427
2026-05-09 23:40:00+00:00,1.1176,42.895,38.382
2026-05-09 23:45:00+00:00,0.6772,46.643,68.872
2026-05-09 23:50:00+00:00,1.1997,41.713,34.769
2026-05-09 23:55:00+00:00,0.5641,19.234,34.099
2026-05-10 00:00:00+00:00,0.9148,66.087,72.239
2026-05-10 00:05:00+00:00,1.1402,155.582,136.456
2026-05-10 00:10:00+00:00,2.2132,104.168,47.066
2026-05-10 00:15:00+00:00,1.0201,85.739,84.047
2026-05-10 00:20:00+00:00,0.7896,48.694,61.666
2026-05-10 00:25:00+00:00,0.7576,31.507,41.586
2026-05-10 00:30:00+00:00,0.641,43.631,68.068
2026-05-10 00:35:00+00:00,4.0808,166.595,40.824
2026-05-10 00:40:00+00:00,0.245,70.243,286.687
2026-05-10 00:45:00+00:00,0.4509,33.593,74.507
2026-05-10 00:50:00+00:00,0.6924,80.521,116.301
2026-05-10 00:55:00+00:00,0.65,30.62,47.11
2026-05-10 01:00:00+00:00,0.491,110.739,225.522
2026-05-10 01:05:00+00:00,1.7777,85.057,47.846
2026-05-10 01:10:00+00:00,0.6198,33.856,54.626
2026-05-10 01:15:00+00:00,0.9473,63.501,67.036
2026-05-10 01:20:00+00:00,0.7961,60.538,76.044
2026-05-10 01:25:00+00:00,0.8513,94.003,110.417
2026-05-10 01:30:00+00:00,0.4839,44.059,91.056
2026-05-10 01:35:00+00:00,1.0154,106.286,104.67
2026-05-10 01:40:00+00:00,2.0725,67.635,32.635
2026-05-10 01:45:00+00:00,2.484,56.361,22.69
2026-05-10 01:50:00+00:00,2.6982,111.38,41.279
2026-05-10 01:55:00+00:00,2.0336,68.902,33.882
2026-05-10 02:00:00+00:00,0.3721,32.543,87.466
2026-05-10 02:05:00+00:00,1.113,63.986,57.492
2026-05-10 02:10:00+00:00,1.141,42.979,37.669
2026-05-10 02:15:00+00:00,1.5728,71.209,45.276
2026-05-10 02:20:00+00:00,2.7511,53.913,19.597
2026-05-10 02:25:00+00:00,2.8992,141.391,48.769
2026-05-10 02:30:00+00:00,2.001,58.042,29.006
2026-05-10 02:35:00+00:00,1.7178,48.855,28.44
2026-05-10 02:40:00+00:00,2.0851,45.965,22.045
2026-05-10 02:45:00+00:00,1.817,47.99,26.411
2026-05-10 02:50:00+00:00,1.6188,44.076,27.227
2026-05-10 02:55:00+00:00,1.6884,44.9,26.594
2026-05-10 03:00:00+00:00,1.0923,91.225,83.518
2026-05-10 03:05:00+00:00,1.0652,43.376,40.722
2026-05-10 03:10:00+00:00,1.9792,45.471,22.975
2026-05-10 03:15:00+00:00,1.2477,49.022,39.29
2026-05-10 03:20:00+00:00,0.8155,38.059,46.667
2026-05-10 03:25:00+00:00,0.5053,11.101,21.969
2026-05-10 03:30:00+00:00,0.6921,26.673,38.538
2026-05-10 03:35:00+00:00,2.4652,152.518,61.868
2026-05-10 03:40:00+00:00,1.5235,88.258,57.93
2026-05-10 03:45:00+00:00,2.5604,66.988,26.163
2026-05-10 03:50:00+00:00,1.3056,36.794,28.181
2026-05-10 03:55:00+00:00,0.161,18.6,115.555
2026-05-10 04:00:00+00:00,0.3594,32.048,89.159
2026-05-10 04:05:00+00:00,1.1969,23.929,19.993
2026-05-10 04:10:00+00:00,1.3102,26.302,20.075
2026-05-10 04:15:00+00:00,2.0555,45.455,22.114
2026-05-10 04:20:00+00:00,0.4418,11.499,26.025
2026-05-10 04:25:00+00:00,2.196,24.257,11.046
2026-05-10 04:30:00+00:00,1.2503,51.357,41.076
2026-05-10 04:35:00+00:00,1.4984,41.439,27.655
2026-05-10 04:40:00+00:00,0.2391,8.801,36.811
2026-05-10 04:45:00+00:00,0.2679,19.41,72.448
2026-05-10 04:50:00+00:00,1.7059,42.298,24.795
2026-05-10 04:55:00+00:00,0.618,12.706,20.561
2026-05-10 05:00:00+00:00,0.6202,32.443,52.312
2026-05-10 05:05:00+00:00,0.9533,16.999,17.831
2026-05-10 05:10:00+00:00,0.8459,21.763,25.729
2026-05-10 05:15:00+00:00,1.274,24.441,19.184
2026-05-10 05:20:00+00:00,1.0839,63.851,58.911
2026-05-10 05:25:00+00:00,0.5009,22.953,45.824
2026-05-10 05:30:00+00:00,0.8786,30.388,34.586
2026-05-10 05:35:00+00:00,1.1452,16.556,14.457
2026-05-10 05:40:00+00:00,0.303,18.746,61.861
2026-05-10 05:45:00+00:00,1.4741,76.23,51.713
2026-05-10 05:50:00+00:00,0.4318,39.555,91.599
2026-05-10 05:55:00+00:00,1.5468,60.917,39.383
2026-05-10 06:00:00+00:00,2.4299,76.358,31.424
2026-05-10 06:05:00+00:00,1.1201,38.334,34.224
2026-05-10 06:10:00+00:00,0.5185,17.669,34.074
2026-05-10 06:15:00+00:00,0.5152,22.105,42.904
2026-05-10 06:20:00+00:00,0.324,14.906,46.009
2026-05-10 06:25:00+00:00,0.3435,25.678,74.757
2026-05-10 06:30:00+00:00,0.603,25.147,41.704
2026-05-10 06:35:00+00:00,1.867,142.608,76.384
2026-05-10 06:40:00+00:00,1.9652,202.533,103.059
2026-05-10 06:45:00+00:00,2.6699,32.618,12.217
2026-05-10 06:50:00+00:00,1.0225,31.264,30.576
2026-05-10 06:55:00+00:00,0.3292,23.814,72.347
2026-05-10 07:00:00+00:00,0.8562,89.547,104.582
2026-05-10 07:05:00+00:00,1.4385,30.523,21.218
2026-05-10 07:10:00+00:00,0.2244,8.41,37.483
2026-05-10 07:15:00+00:00,0.8026,22.701,28.285
2026-05-10 07:20:00+00:00,1.3136,49.798,37.91
2026-05-10 07:25:00+00:00,1.0906,59.045,54.139
2026-05-10 07:30:00+00:00,0.6096,15.441,25.331
2026-05-10 07:35:00+00:00,1.663,29.347,17.647
2026-05-10 07:40:00+00:00,1.7166,40.841,23.792
2026-05-10 07:45:00+00:00,1.8189,50.596,27.817
2026-05-10 07:50:00+00:00,0.2509,18.926,75.427
2026-05-10 07:55:00+00:00,0.5065,28.832,56.928
2026-05-10 08:00:00+00:00,0.2913,28.195,96.804
2026-05-10 08:05:00+00:00,1.8331,53.785,29.341
2026-05-10 08:10:00+00:00,1.1274,59.613,52.877
2026-05-10 08:15:00+00:00,1.6193,174.903,108.013
2026-05-10 08:20:00+00:00,1.9622,80.802,41.18
2026-05-10 08:25:00+00:00,1.7895,207.24,115.809
2026-05-10 08:30:00+00:00,1.2247,83.183,67.922
2026-05-10 08:35:00+00:00,0.7764,24.912,32.086
2026-05-10 08:40:00+00:00,0.3222,29.239,90.758
2026-05-10 08:45:00+00:00,2.0168,46.439,23.026
2026-05-10 08:50:00+00:00,1.042,37.892,36.364
2026-05-10 08:55:00+00:00,1.0755,14.004,13.021
2026-05-10 09:00:00+00:00,2.2109,126.825,57.363
2026-05-10 09:05:00+00:00,0.8994,35.002,38.915
2026-05-10 09:10:00+00:00,0.746,32.256,43.241
2026-05-10 09:15:00+00:00,1.6592,42.243,25.46
2026-05-10 09:20:00+00:00,0.5193,25.852,49.784
2026-05-10 09:25:00+00:00,0.971,18.99,19.558
2026-05-10 09:30:00+00:00,0.4379,12.535,28.628
2026-05-10 09:35:00+00:00,0.4661,28.394,60.923
2026-05-10 09:40:00+00:00,0.9962,53.276,53.477
2026-05-10 09:45:00+00:00,1.0552,33.22,31.482
2026-05-10 09:50:00+00:00,1.0258,21.93,21.378
2026-05-10 09:55:00+00:00,0.6806,25.512,37.486
2026-05-10 10:00:00+00:00,0.2837,40.891,144.118
2026-05-10 10:05:00+00:00,3.0998,545.128,175.86
2026-05-10 10:10:00+00:00,0.2285,72.074,315.398
2026-05-10 10:15:00+00:00,2.4218,330.987,136.668
2026-05-10 10:20:00+00:00,5.7796,407.35,70.481
2026-05-10 10:25:00+00:00,0.9485,18.746,19.764
2026-05-10 10:30:00+00:00,1.1076,40.132,36.232
2026-05-10 10:35:00+00:00,0.5821,10.639,18.276
2026-05-10 10:40:00+00:00,0.3487,16.207,46.473
2026-05-10 10:45:00+00:00,2.1029,37.547,17.855
2026-05-10 10:50:00+00:00,1.7099,102.351,59.857
2026-05-10 10:55:00+00:00,0.4856,32.454,66.837
2026-05-10 11:00:00+00:00,2.6791,508.779,189.904
2026-05-10 11:05:00+00:00,0.7392,43.234,58.489
2026-05-10 11:10:00+00:00,1.2234,68.969,56.376
2026-05-10 11:15:00+00:00,0.7195,41.953,58.312
2026-05-10 11:20:00+00:00,0.6228,85.626,137.477
2026-05-10 11:25:00+00:00,1.4199,59.197,41.691
2026-05-10 11:30:00+00:00,2.5907,75.269,29.053
2026-05-10 11:35:00+00:00,1.0371,35.869,34.587
2026-05-10 11:40:00+00:00,1.1237,48.243,42.931
2026-05-10 11:45:00+00:00,0.5519,25.646,46.468
2026-05-10 11:50:00+00:00,1.2826,72.153,56.257
2026-05-10 11:55:00+00:00,2.2793,76.178,33.422
2026-05-10 12:00:00+00:00,0.8213,42.949,52.294
2026-05-10 12:05:00+00:00,2.0897,31.304,14.98
2026-05-10 12:10:00+00:00,1.9391,47.766,24.633
2026-05-10 12:15:00+00:00,1.2864,38.414,29.862
2026-05-10 12:20:00+00:00,3.8318,61.949,16.167
2026-05-10 12:25:00+00:00,1.1673,93.343,79.967
2026-05-10 12:30:00+00:00,1.137,83.626,73.549
2026-05-10 12:35:00+00:00,0.6309,54.303,86.074
2026-05-10 12:40:00+00:00,0.4854,23.846,49.128
2026-05-10 12:45:00+00:00,1.2816,114.888,89.647
2026-05-10 12:50:00+00:00,0.7406,27.578,37.236
2026-05-10 12:55:00+00:00,0.654,34.875,53.324
2026-05-10 13:00:00+00:00,0.6504,38.856,59.744
2026-05-10 13:05:00+00:00,0.5792,32.93,56.859
2026-05-10 13:10:00+00:00,1.1221,53.409,47.598
2026-05-10 13:15:00+00:00,1.909,66.382,34.773
2026-05-10 13:20:00+00:00,1.516,116.267,76.692
2026-05-10 13:25:00+00:00,2.3698,187.919,79.299
2026-05-10 13:30:00+00:00,0.7677,74.953,97.637
2026-05-10 13:35:00+00:00,0.8329,55.759,66.946
2026-05-10 13:40:00+00:00,0.9795,49.593,50.633
2026-05-10 13:45:00+00:00,0.6776,25.722,37.958
2026-05-10 13:50:00+00:00,1.485,30.408,20.477
2026-05-10 13:55:00+00:00,0.9903,48.667,49.145
2026-05-10 14:00:00+00:00,1.9964,99.041,49.61
2026-05-10 14:05:00+00:00,0.3831,33.002,86.151
2026-05-10 14:10:00+00:00,0.4879,52.371,107.334
2026-05-10 14:15:00+00:00,0.5056,36.727,72.645
2026-05-10 14:20:00+00:00,0.6624,44.29,66.861
2026-05-10 14:25:00+00:00,0.7155,18.997,26.55
2026-05-10 14:30:00+00:00,1.158,69.84,60.313
2026-05-10 14:35:00+00:00,1.021,32.195,31.532
2026-05-10 14:40:00+00:00,0.3855,64.4,167.066
2026-05-10 14:45:00+00:00,0.3768,68.403,181.551
2026-05-10 14:50:00+00:00,5.1641,630.117,122.019
2026-05-10 14:55:00+00:00,0.5675,55.87,98.454
2026-05-10 15:00:00+00:00,1.2695,739.869,582.82
2026-05-10 15:05:00+00:00,0.3003,248.48,827.573
2026-05-10 15:10:00+00:00,1.6313,110.816,67.933
2026-05-10 15:15:00+00:00,0.5037,45.804,90.935
2026-05-10 15:20:00+00:00,0.4576,31.594,69.049
2026-05-10 15:25:00+00:00,0.5372,38.705,72.05
2026-05-10 15:30:00+00:00,1.8444,123.323,66.864
2026-05-10 15:35:00+00:00,1.6761,380.955,227.293
2026-05-10 15:40:00+00:00,1.0592,784.781,740.935
2026-05-10 15:45:00+00:00,1.7416,1999.656,1148.177
2026-05-10 15:50:00+00:00,1.3152,842.204,640.373
2026-05-10 15:55:00+00:00,1.3165,480.843,365.25
2026-05-10 16:00:00+00:00,1.5127,933.297,616.982
2026-05-10 16:05:00+00:00,1.1275,366.703,325.231
2026-05-10 16:10:00+00:00,1.1099,373.185,336.241
2026-05-10 16:15:00+00:00,0.578,212.551,367.712
2026-05-10 16:20:00+00:00,0.5487,198.151,361.153
2026-05-10 16:25:00+00:00,0.9346,303.287,324.494
2026-05-10 16:30:00+00:00,0.6461,164.896,255.236
2026-05-10 16:35:00+00:00,1.0486,129.16,123.173
2026-05-10 16:40:00+00:00,0.5702,86.687,152.025
2026-05-10 16:45:00+00:00,2.0922,140.284,67.052
2026-05-10 16:50:00+00:00,1.4707,182.629,124.179
2026-05-10 16:55:00+00:00,1.2279,101.107,82.341
2026-05-10 17:00:00+00:00,1.1158,112.663,100.967
2026-05-10 17:05:00+00:00,0.6876,127.401,185.279
2026-05-10 17:10:00+00:00,1.9105,246.326,128.932
2026-05-10 17:15:00+00:00,1.6006,145.035,90.615
2026-05-10 17:20:00+00:00,2.5331,362.728,143.195
2026-05-10 17:25:00+00:00,1.2451,85.493,68.666
2026-05-10 17:30:00+00:00,0.8649,83.003,95.969
2026-05-10 17:35:00+00:00,0.5593,53.699,96.017
2026-05-10 17:40:00+00:00,2.3626,75.028,31.756
2026-05-10 17:45:00+00:00,2.0821,224.42,107.787
2026-05-10 17:50:00+00:00,2.0656,1009.283,488.625
2026-05-10 17:55:00+00:00,0.5824,106.511,182.898
2026-05-10 18:00:00+00:00,1.2666,185.926,146.79
2026-05-10 18:05:00+00:00,0.6688,104.72,156.588
2026-05-10 18:10:00+00:00,1.8218,77.598,42.595
2026-05-10 18:15:00+00:00,0.9231,92.47,100.175
2026-05-10 18:20:00+00:00,1.1916,106.609,89.464
2026-05-10 18:25:00+00:00,0.4922,33.764,68.595
2026-05-10 18:30:00+00:00,1.6831,204.196,121.321
2026-05-10 18:35:00+00:00,0.3921,45.49,116.03
2026-05-10 18:40:00+00:00,0.4105,63.782,155.376
2026-05-10 18:45:00+00:00,1.9383,65.39,33.735
2026-05-10 18:50:00+00:00,0.73,92.592,126.837
2026-05-10 18:55:00+00:00,1.1843,48.143,40.652
2026-05-10 19:00:00+00:00,0.6224,199.431,320.402
2026-05-10 19:05:00+00:00,1.336,73.302,54.868
2026-05-10 19:10:00+00:00,2.6369,205.464,77.918
2026-05-10 19:15:00+00:00,2.2622,213.814,94.517
2026-05-10 19:20:00+00:00,3.176,225.685,71.059
2026-05-10 19:25:00+00:00,1.2768,78.154,61.211
2026-05-10 19:30:00+00:00,0.9458,53.523,56.592
2026-05-10 19:35:00+00:00,0.3802,29.903,78.657
2026-05-10 19:40:00+00:00,0.5883,32.772,55.706
2026-05-10 19:45:00+00:00,1.1447,44.76,39.102
2026-05-10 19:50:00+00:00,0.6839,39.418,57.636
2026-05-10 19:55:00+00:00,2.7126,151.122,55.711
2026-05-10 20:00:00+00:00,2.2155,119.362,53.877
2026-05-10 20:05:00+00:00,2.4448,120.058,49.107
2026-05-10 20:10:00+00:00,0.3698,214.532,580.132
2026-05-10 20:15:00+00:00,0.7708,437.754,567.932
2026-05-10 20:20:00+00:00,2.2744,399.604,175.7
2026-05-10 20:25:00+00:00,1.7755,106.46,59.961
2026-05-10 20:30:00+00:00,0.4299,297.803,692.688
2026-05-10 20:35:00+00:00,1.1015,214.165,194.422
2026-05-10 20:40:00+00:00,0.2492,213.243,855.668
2026-05-10 20:45:00+00:00,0.5042,1536.383,3047.35
2026-05-10 20:50:00+00:00,1.0077,1068.748,1060.537
2026-05-10 20:55:00+00:00,1.3695,505.453,369.076
2026-05-10 21:00:00+00:00,1.4648,844.777,576.738
2026-05-10 21:05:00+00:00,0.9525,158.395,166.289
2026-05-10 21:10:00+00:00,0.4123,226.555,549.45
2026-05-10 21:15:00+00:00,2.865,316.939,110.626
2026-05-10 21:20:00+00:00,0.3335,149.853,449.295
2026-05-10 21:25:00+00:00,1.1212,82.971,74.004
2026-05-10 21:30:00+00:00,1.0581,249.924,236.205
2026-05-10 21:35:00+00:00,0.8582,139.49,162.541
2026-05-10 21:40:00+00:00,1.464,103.497,70.694
2026-05-10 21:45:00+00:00,0.453,49.116,108.432
2026-05-10 21:50:00+00:00,0.5538,165.755,299.301
2026-05-10 21:55:00+00:00,1.2606,207.814,164.854
2026-05-10 22:00:00+00:00,1.0897,998.945,916.736
2026-05-10 22:05:00+00:00,3.5074,1470.853,419.353
2026-05-10 22:10:00+00:00,0.8864,654.346,738.174
2026-05-10 22:15:00+00:00,1.044,426.216,408.246
2026-05-10 22:20:00+00:00,1.8988,257.425,135.569
2026-05-10 22:25:00+00:00,1.6243,1363.87,839.649
2026-05-10 22:30:00+00:00,1.9783,2775.101,1402.803
2026-05-10 22:35:00+00:00,0.6986,545.437,780.756
2026-05-10 22:40:00+00:00,0.79,277.699,351.512
2026-05-10 22:45:00+00:00,0.9461,271.41,286.878
2026-05-10 22:50:00+00:00,1.2726,451.432,354.739
2026-05-10 22:55:00+00:00,1.2833,642.326,500.522
2026-05-10 23:00:00+00:00,1.5871,1922.531,1211.372
2026-05-10 23:05:00+00:00,0.8103,332.572,410.421
2026-05-10 23:10:00+00:00,1.0148,453.6,447.001
2026-05-10 23:15:00+00:00,0.7693,531.709,691.202
2026-05-10 23:20:00+00:00,0.6196,226.92,366.231
2026-05-10 23:25:00+00:00,0.5734,216.939,378.365
2026-05-10 23:30:00+00:00,0.8794,236.215,268.601
2026-05-10 23:35:00+00:00,1.0242,239.265,233.62
2026-05-10 23:40:00+00:00,1.0772,148.704,138.052
2026-05-10 23:45:00+00:00,0.5456,122.704,224.881
2026-05-10 23:50:00+00:00,0.3019,179.784,595.606
2026-05-10 23:55:00+00:00,0.8978,483.34,538.377
2026-05-11 00:00:00+00:00,0.6347,492.725,776.297
2026-05-11 00:05:00+00:00,0.8568,299.783,349.907
2026-05-11 00:10:00+00:00,0.9794,327.844,334.748
2026-05-11 00:15:00+00:00,0.3277,831.641,2537.932
2026-05-11 00:20:00+00:00,0.5861,955.919,1631.089
2026-05-11 00:25:00+00:00,0.8396,205.511,244.778
2026-05-11 00:30:00+00:00,1.8319,288.726,157.607
2026-05-11 00:35:00+00:00,1.8588,210.333,113.156
2026-05-11 00:40:00+00:00,1.0773,314.36,291.803
2026-05-11 00:45:00+00:00,1.2302,208.959,169.857
2026-05-11 00:50:00+00:00,1.2126,702.154,579.056
2026-05-11 00:55:00+00:00,1.2923,504.936,390.726
2026-05-11 01:00:00+00:00,1.353,415.349,306.985
2026-05-11 01:05:00+00:00,1.1839,281.53,237.807
2026-05-11 01:10:00+00:00,1.7354,386.429,222.669
2026-05-11 01:15:00+00:00,2.016,393.089,194.98
2026-05-11 01:20:00+00:00,0.8451,177.013,209.454
2026-05-11 01:25:00+00:00,0.8139,102.421,125.845
2026-05-11 01:30:00+00:00,1.48,221.9,149.928
2026-05-11 01:35:00+00:00,0.822,126.776,154.236
2026-05-11 01:40:00+00:00,1.768,137.809,77.946
2026-05-11 01:45:00+00:00,1.6488,423.438,256.811
2026-05-11 01:50:00+00:00,0.8148,84.631,103.871
2026-05-11 01:55:00+00:00,1.4844,108.147,72.857
2026-05-11 02:00:00+00:00,1.036,93.453,90.205
2026-05-11 02:05:00+00:00,0.7768,138.457,178.238
2026-05-11 02:10:00+00:00,1.3229,114.314,86.409
2026-05-11 02:15:00+00:00,0.7026,435.807,620.252
2026-05-11 02:20:00+00:00,0.7739,246.436,318.416
2026-05-11 02:25:00+00:00,1.2913,158.798,122.972
2026-05-11 02:30:00+00:00,0.8719,397.715,456.173
2026-05-11 02:35:00+00:00,0.9938,203.601,204.868
2026-05-11 02:40:00+00:00,0.8968,121.772,135.781
2026-05-11 02:45:00+00:00,0.897,103.389,115.257
2026-05-11 02:50:00+00:00,1.2721,95.023,74.697
2026-05-11 02:55:00+00:00,0.9377,90.214,96.206
2026-05-11 03:00:00+00:00,1.1245,303.482,269.878
2026-05-11 03:05:00+00:00,0.8664,518.118,598.046
2026-05-11 03:10:00+00:00,0.5283,1066.589,2018.773
2026-05-11 03:15:00+00:00,0.8961,854.719,953.855
2026-05-11 03:20:00+00:00,1.2888,667.598,518.01
2026-05-11 03:25:00+00:00,0.7057,385.115,545.732
2026-05-11 03:30:00+00:00,1.1845,357.194,301.548
2026-05-11 03:35:00+00:00,0.7082,313.359,442.498
2026-05-11 03:40:00+00:00,1.2018,273.335,227.436
2026-05-11 03:45:00+00:00,1.2675,221.364,174.653
2026-05-11 03:50:00+00:00,1.3724,165.113,120.306
2026-05-11 03:55:00+00:00,1.3569,121.38,89.453
2026-05-11 04:00:00+00:00,1.0672,216.867,203.203
2026-05-11 04:05:00+00:00,1.0432,139.986,134.186
2026-05-11 04:10:00+00:00,1.0143,122.155,120.438
2026-05-11 04:15:00+00:00,2.197,101.67,46.276
2026-05-11 04:20:00+00:00,2.0449,191.135,93.47
2026-05-11 04:25:00+00:00,0.798,124.565,156.101
2026-05-11 04:30:00+00:00,1.6868,214.935,127.425
2026-05-11 04:35:00+00:00,1.4674,160.127,109.126
2026-05-11 04:40:00+00:00,1.3548,90.385,66.714
2026-05-11 04:45:00+00:00,0.9847,112.929,114.685
2026-05-11 04:50:00+00:00,4.1371,214.328,51.806
2026-05-11 04:55:00+00:00,0.745,84.017,112.777
2026-05-11 05:00:00+00:00,1.3533,170.042,125.648
2026-05-11 05:05:00+00:00,1.4423,152.262,105.571
2026-05-11 05:10:00+00:00,1.435,63.844,44.49
2026-05-11 05:15:00+00:00,2.1828,97.583,44.705
2026-05-11 05:20:00+00:00,1.5408,126.724,82.247
2026-05-11 05:25:00+00:00,1.6142,193.636,119.956
2026-05-11 05:30:00+00:00,1.0559,114.922,108.843
2026-05-11 05:35:00+00:00,0.4571,105.742,231.313
2026-05-11 05:40:00+00:00,0.3951,108.052,273.49
2026-05-11 05:45:00+00:00,0.6564,86.273,131.439
2026-05-11 05:50:00+00:00,0.9551,105.618,110.586
2026-05-11 05:55:00+00:00,0.6605,64.722,97.987
2026-05-11 06:00:00+00:00,0.9725,71.488,73.507
2026-05-11 06:05:00+00:00,0.8552,85.156,99.573
2026-05-11 06:10:00+00:00,0.8835,191.797,217.091
2026-05-11 06:15:00+00:00,0.7286,61.502,84.412
2026-05-11 06:20:00+00:00,1.7792,112.124,63.019
2026-05-11 06:25:00+00:00,0.9587,226.57,236.329
2026-05-11 06:30:00+00:00,1.2733,133.734,105.033
2026-05-11 06:35:00+00:00,0.9678,76.184,78.717
2026-05-11 06:40:00+00:00,0.4836,66.342,137.185
2026-05-11 06:45:00+00:00,0.3636,64.982,178.707
2026-05-11 06:50:00+00:00,0.9688,63.735,65.79
2026-05-11 06:55:00+00:00,1.4391,50.046,34.776
2026-05-11 07:00:00+00:00,0.5616,73.92,131.626
2026-05-11 07:05:00+00:00,1.7518,358.974,204.912
2026-05-11 07:10:00+00:00,1.1169,69.714,62.416
2026-05-11 07:15:00+00:00,1.2501,110.981,88.775
2026-05-11 07:20:00+00:00,1.0789,77.065,71.43
2026-05-11 07:25:00+00:00,0.693,31.389,45.293
2026-05-11 07:30:00+00:00,0.2696,72.61,269.286
2026-05-11 07:35:00+00:00,1.3615,53.336,39.174
2026-05-11 07:40:00+00:00,1.3077,113.488,86.784
2026-05-11 07:45:00+00:00,1.7568,77.932,44.36
2026-05-11 07:50:00+00:00,3.1226,332.654,106.532
2026-05-11 07:55:00+00:00,0.9472,70.165,74.079
2026-05-11 08:00:00+00:00,0.6737,91.834,136.312
2026-05-11 08:05:00+00:00,1.16,148.17,127.737
2026-05-11 08:10:00+00:00,0.8952,106.427,118.884
2026-05-11 08:15:00+00:00,1.1823,115.595,97.772
2026-05-11 08:20:00+00:00,1.261,125.852,99.803
2026-05-11 08:25:00+00:00,1.0197,155.927,152.911
2026-05-11 08:30:00+00:00,1.0967,153.384,139.855
2026-05-11 08:35:00+00:00,1.84,133.587,72.602
2026-05-11 08:40:00+00:00,1.8851,116.359,61.727
2026-05-11 08:45:00+00:00,0.9215,90.416,98.121
2026-05-11 08:50:00+00:00,0.4226,38.497,91.093
2026-05-11 08:55:00+00:00,0.7744,71.253,92.007
2026-05-11 09:05:00+00:00,0.8845,145.253,164.225
2026-05-11 09:10:00+00:00,2.6855,167.448,62.352
2026-05-11 09:15:00+00:00,1.1136,95.154,85.451
2026-05-11 09:20:00+00:00,1.3491,60.892,45.134
2026-05-11 09:25:00+00:00,0.5673,38.012,67.001
2026-05-11 09:30:00+00:00,0.5617,40.477,72.061
2026-05-11 09:35:00+00:00,0.8217,44.858,54.591
2026-05-11 09:40:00+00:00,1.6478,83.599,50.734
2026-05-11 09:45:00+00:00,1.524,123.454,81.006
2026-05-11 09:50:00+00:00,0.5617,44.838,79.825
2026-05-11 09:55:00+00:00,0.965,67.804,70.263
2026-05-11 10:00:00+00:00,2.5235,257.022,101.852
2026-05-11 10:05:00+00:00,1.9098,206.689,108.223
2026-05-11 10:10:00+00:00,0.8357,174.212,208.465
2026-05-11 10:15:00+00:00,1.3571,245.943,181.233
2026-05-11 10:20:00+00:00,0.8548,74.691,87.38
2026-05-11 10:25:00+00:00,1.8122,254.921,140.668
2026-05-11 10:30:00+00:00,0.5931,121.85,205.452
2026-05-11 10:35:00+00:00,0.5765,113.071,196.131
2026-05-11 10:40:00+00:00,1.1571,90.0,77.781
2026-05-11 10:45:00+00:00,0.6484,67.898,104.716
2026-05-11 10:50:00+00:00,0.8045,40.437,50.265
2026-05-11 10:55:00+00:00,0.5283,106.396,201.377
2026-05-11 11:00:00+00:00,1.064,97.559,91.693
2026-05-11 11:05:00+00:00,1.1482,46.52,40.514
2026-05-11 11:10:00+00:00,0.8126,96.107,118.265
2026-05-11 11:15:00+00:00,2.0894,152.78,73.122
2026-05-11 11:20:00+00:00,2.0378,336.581,165.168
2026-05-11 11:25:00+00:00,0.5309,49.741,93.7
2026-05-11 11:30:00+00:00,1.4317,74.923,52.333
2026-05-11 11:35:00+00:00,0.9268,86.976,93.849
2026-05-11 11:40:00+00:00,1.6855,110.556,65.592
2026-05-11 11:45:00+00:00,1.4944,166.766,111.594
2026-05-11 11:50:00+00:00,1.795,195.25,108.777
2026-05-11 11:55:00+00:00,1.3283,175.363,132.022
2026-05-11 12:00:00+00:00,1.4789,348.897,235.918
2026-05-11 12:05:00+00:00,0.7311,137.725,188.375
2026-05-11 12:10:00+00:00,0.7034,120.633,171.499
2026-05-11 12:15:00+00:00,1.0121,285.075,281.653
2026-05-11 12:20:00+00:00,2.5084,574.372,228.981
2026-05-11 12:25:00+00:00,0.9534,213.989,224.443
2026-05-11 12:30:00+00:00,0.8372,272.484,325.456
2026-05-11 12:35:00+00:00,0.5296,93.233,176.042
2026-05-11 12:40:00+00:00,0.49,61.875,126.265
2026-05-11 12:45:00+00:00,0.6255,119.332,190.765
2026-05-11 12:50:00+00:00,0.7625,242.729,318.329
2026-05-11 12:55:00+00:00,0.9768,91.754,93.937
2026-05-11 13:00:00+00:00,1.3143,263.15,200.224
2026-05-11 13:05:00+00:00,0.9755,107.327,110.024
2026-05-11 13:10:00+00:00,0.7215,82.772,114.724
2026-05-11 13:15:00+00:00,0.8067,95.991,118.999
2026-05-11 13:20:00+00:00,0.5694,68.622,120.526
2026-05-11 13:25:00+00:00,0.4582,148.783,324.741
2026-05-11 13:30:00+00:00,0.5844,405.83,694.401
2026-05-11 13:35:00+00:00,0.7555,695.511,920.555
2026-05-11 13:40:00+00:00,1.0798,642.684,595.209
2026-05-11 13:45:00+00:00,0.8777,321.979,366.84
2026-05-11 13:50:00+00:00,0.7635,245.018,320.904
2026-05-11 13:55:00+00:00,1.5838,229.54,144.927
2026-05-11 14:00:00+00:00,1.389,306.773,220.864
2026-05-11 14:05:00+00:00,0.5486,250.73,457.032
2026-05-11 14:10:00+00:00,0.6713,146.803,218.685
2026-05-11 14:15:00+00:00,1.0567,109.14,103.281
2026-05-11 14:20:00+00:00,0.598,216.388,361.873
2026-05-11 14:25:00+00:00,0.6858,353.45,515.414
2026-05-11 14:30:00+00:00,0.8245,1473.131,1786.767
2026-05-11 14:35:00+00:00,1.3038,567.663,435.399
2026-05-11 14:40:00+00:00,0.8282,254.112,306.837
2026-05-11 14:45:00+00:00,0.6379,212.08,332.471
2026-05-11 14:50:00+00:00,1.309,513.066,391.948
2026-05-11 14:55:00+00:00,1.3246,366.378,276.585
2026-05-11 15:00:00+00:00,0.7785,191.045,245.411
2026-05-11 15:05:00+00:00,0.8169,94.775,116.023
2026-05-11 15:10:00+00:00,1.1866,337.657,284.553
2026-05-11 15:15:00+00:00,0.7257,149.266,205.674
2026-05-11 15:20:00+00:00,1.1888,122.028,102.65
2026-05-11 15:25:00+00:00,1.2058,1119.825,928.716
2026-05-11 15:30:00+00:00,0.9342,499.273,534.416
2026-05-11 15:35:00+00:00,1.1786,225.456,191.297
2026-05-11 15:40:00+00:00,0.7628,140.991,184.826
2026-05-11 15:45:00+00:00,0.7491,107.427,143.407
2026-05-11 15:50:00+00:00,1.3765,170.772,124.059
2026-05-11 15:55:00+00:00,1.6786,357.018,212.693
2026-05-11 16:00:00+00:00,0.6632,180.001,271.432
2026-05-11 16:05:00+00:00,1.4251,640.907,449.712
2026-05-11 16:10:00+00:00,0.8947,1059.515,1184.204
2026-05-11 16:15:00+00:00,0.7476,481.761,644.371
2026-05-11 16:20:00+00:00,1.0386,443.55,427.081
2026-05-11 16:25:00+00:00,0.4612,199.02,431.488
2026-05-11 16:30:00+00:00,0.838,393.204,469.221
2026-05-11 16:35:00+00:00,0.5926,232.188,391.786
2026-05-11 16:40:00+00:00,0.659,598.414,908.102
2026-05-11 16:45:00+00:00,0.9426,217.328,230.556
2026-05-11 16:50:00+00:00,1.0503,210.936,200.837
2026-05-11 16:55:00+00:00,0.9167,131.116,143.024
2026-05-11 17:00:00+00:00,0.8137,381.805,469.241
2026-05-11 17:05:00+00:00,0.8027,235.377,293.215
2026-05-11 17:10:00+00:00,2.1805,272.549,124.994
2026-05-11 17:15:00+00:00,1.1486,245.041,213.336
2026-05-11 17:20:00+00:00,1.0623,101.859,95.889
2026-05-11 17:25:00+00:00,1.1071,62.433,56.394
2026-05-11 17:30:00+00:00,1.4169,89.382,63.081
2026-05-11 17:35:00+00:00,1.3964,489.148,350.282
2026-05-11 17:40:00+00:00,1.2644,697.406,551.559
2026-05-11 17:45:00+00:00,1.0789,562.547,521.419
2026-05-11 17:50:00+00:00,0.5009,175.625,350.602
2026-05-11 17:55:00+00:00,0.569,128.728,226.25
2026-05-11 18:00:00+00:00,0.6867,159.18,231.791
2026-05-11 18:05:00+00:00,0.9819,357.603,364.204
2026-05-11 18:10:00+00:00,0.8663,216.359,249.738
2026-05-11 18:15:00+00:00,0.4345,162.942,375.026
2026-05-11 18:20:00+00:00,0.7563,147.123,194.54
2026-05-11 18:25:00+00:00,0.9546,183.517,192.254
2026-05-11 18:30:00+00:00,0.8796,315.898,359.158
2026-05-11 18:35:00+00:00,0.7023,111.174,158.31
2026-05-11 18:40:00+00:00,0.573,71.981,125.614
2026-05-11 18:45:00+00:00,0.7442,164.578,221.155
2026-05-11 18:50:00+00:00,0.5695,98.136,172.321
2026-05-11 18:55:00+00:00,0.5628,157.765,280.299
2026-05-11 19:00:00+00:00,0.9877,405.196,410.232
2026-05-11 19:05:00+00:00,1.632,165.551,101.443
2026-05-11 19:10:00+00:00,0.8155,66.89,82.02
2026-05-11 19:15:00+00:00,0.7331,61.669,84.124
2026-05-11 19:20:00+00:00,2.8725,791.566,275.566
2026-05-11 19:25:00+00:00,0.4121,201.169,488.125
2026-05-11 19:30:00+00:00,0.9511,108.322,113.893
2026-05-11 19:35:00+00:00,2.3244,216.592,93.18
2026-05-11 19:40:00+00:00,2.0403,401.876,196.973
2026-05-11 19:45:00+00:00,1.6391,206.757,126.137
2026-05-11 19:50:00+00:00,1.0805,71.749,66.405
2026-05-11 19:55:00+00:00,0.6178,109.986,178.027
2026-05-11 20:00:00+00:00,2.2051,462.834,209.89
2026-05-11 20:05:00+00:00,0.9607,150.596,156.755
2026-05-11 20:10:00+00:00,0.6204,214.138,345.171
2026-05-11 20:15:00+00:00,1.0667,56.688,53.144
2026-05-11 20:20:00+00:00,1.2269,71.635,58.388
2026-05-11 20:25:00+00:00,0.8445,40.566,48.035
2026-05-11 20:30:00+00:00,0.9276,59.047,63.658
2026-05-11 20:35:00+00:00,1.2667,63.067,49.789
2026-05-11 20:40:00+00:00,0.7945,118.06,148.6
2026-05-11 20:45:00+00:00,3.5902,172.307,47.994
2026-05-11 20:50:00+00:00,0.5116,56.81,111.052
2026-05-11 20:55:00+00:00,0.8325,36.25,43.541
2026-05-11 21:00:00+00:00,1.0863,40.43,37.217
2026-05-11 21:05:00+00:00,0.3511,36.234,103.196
2026-05-11 21:10:00+00:00,0.9729,203.872,209.553
2026-05-11 21:15:00+00:00,1.7868,76.965,43.074
2026-05-11 21:20:00+00:00,0.6011,75.319,125.303
2026-05-11 21:25:00+00:00,0.707,55.156,78.018
2026-05-11 21:30:00+00:00,1.2546,121.075,96.506
2026-05-11 21:35:00+00:00,3.4033,168.396,49.48
2026-05-11 21:40:00+00:00,1.4368,85.838,59.744
2026-05-11 21:45:00+00:00,0.7374,42.258,57.307
2026-05-11 21:50:00+00:00,1.5838,73.966,46.702
2026-05-11 21:55:00+00:00,1.1862,115.045,96.984
2026-05-11 22:00:00+00:00,1.517,273.808,180.497
2026-05-11 22:05:00+00:00,0.5525,40.848,73.937
2026-05-11 22:10:00+00:00,0.6445,48.602,75.41
2026-05-11 22:15:00+00:00,2.9921,133.159,44.503
2026-05-11 22:20:00+00:00,0.9821,90.649,92.297
2026-05-11 22:25:00+00:00,0.3364,80.043,237.963
2026-05-11 22:30:00+00:00,1.8543,112.202,60.509
2026-05-11 22:35:00+00:00,2.4885,108.369,43.548
2026-05-11 22:40:00+00:00,0.4033,41.312,102.433
2026-05-11 22:45:00+00:00,1.1472,61.773,53.845
2026-05-11 22:50:00+00:00,1.1551,88.4,76.532
2026-05-11 22:55:00+00:00,0.6794,42.509,62.567
2026-05-11 23:00:00+00:00,0.7181,72.449,100.885
2026-05-11 23:05:00+00:00,0.3462,39.235,113.337
2026-05-11 23:10:00+00:00,1.0049,61.839,61.538
2026-05-11 23:15:00+00:00,0.3305,33.695,101.944
2026-05-11 23:20:00+00:00,0.9114,55.46,60.851
2026-05-11 23:25:00+00:00,0.5356,139.327,260.11
2026-05-11 23:30:00+00:00,1.9395,99.094,51.092
2026-05-11 23:35:00+00:00,1.5536,54.612,35.152
2026-05-11 23:40:00+00:00,1.9802,155.113,78.332
2026-05-11 23:45:00+00:00,0.838,44.006,52.512
2026-05-11 23:50:00+00:00,0.5675,34.185,60.239
2026-05-11 23:55:00+00:00,0.6985,39.492,56.536
2026-05-12 00:00:00+00:00,1.5983,286.098,179.005
2026-05-12 00:05:00+00:00,1.247,95.699,76.745
2026-05-12 00:10:00+00:00,0.6103,88.614,145.203
2026-05-12 00:15:00+00:00,0.5765,147.042,255.063
2026-05-12 00:20:00+00:00,0.7428,218.815,294.568
2026-05-12 00:25:00+00:00,1.4168,176.281,124.419
2026-05-12 00:30:00+00:00,1.4439,174.063,120.548
2026-05-12 00:35:00+00:00,0.5651,63.899,113.077
2026-05-12 00:40:00+00:00,0.661,126.887,191.948
2026-05-12 00:45:00+00:00,1.7619,96.553,54.8
2026-05-12 00:50:00+00:00,1.0598,86.897,81.995
2026-05-12 00:55:00+00:00,0.7567,49.873,65.91
2026-05-12 01:00:00+00:00,1.1223,136.035,121.216
2026-05-12 01:05:00+00:00,0.8156,185.518,227.454
2026-05-12 01:10:00+00:00,0.7121,91.333,128.261
2026-05-12 01:15:00+00:00,0.6261,253.521,404.932
2026-05-12 01:20:00+00:00,1.0163,198.553,195.362
2026-05-12 01:25:00+00:00,2.0772,235.674,113.457
2026-05-12 01:30:00+00:00,0.6114,516.897,845.4
2026-05-12 01:35:00+00:00,0.7991,1484.172,1857.365
2026-05-12 01:40:00+00:00,1.4761,1514.218,1025.848
2026-05-12 01:45:00+00:00,0.9779,452.315,462.556
2026-05-12 01:50:00+00:00,1.1556,564.463,488.449
2026-05-12 01:55:00+00:00,0.9533,126.563,132.766
2026-05-12 02:00:00+00:00,1.5115,179.648,118.854
2026-05-12 02:05:00+00:00,1.1603,111.127,95.771
2026-05-12 02:10:00+00:00,1.6764,152.367,90.889
2026-05-12 02:15:00+00:00,0.4549,89.95,197.748
2026-05-12 02:20:00+00:00,1.329,157.788,118.73
2026-05-12 02:25:00+00:00,1.9406,134.078,69.091
2026-05-12 02:30:00+00:00,0.4071,62.541,153.623
2026-05-12 02:35:00+00:00,0.7937,195.763,246.637
2026-05-12 02:40:00+00:00,1.5067,135.861,90.174
2026-05-12 02:45:00+00:00,0.9327,101.526,108.846
2026-05-12 02:50:00+00:00,3.2168,152.302,47.346
2026-05-12 02:55:00+00:00,0.8624,55.759,64.659
2026-05-12 03:00:00+00:00,0.4322,67.242,155.598
2026-05-12 03:05:00+00:00,1.0613,101.819,95.939
2026-05-12 03:10:00+00:00,1.0159,108.72,107.023
2026-05-12 03:15:00+00:00,1.3266,101.341,76.392
2026-05-12 03:20:00+00:00,0.7801,73.155,93.776
2026-05-12 03:25:00+00:00,0.9663,68.111,70.487
2026-05-12 03:30:00+00:00,1.6258,94.913,58.379
2026-05-12 03:35:00+00:00,1.1692,98.383,84.146
2026-05-12 03:40:00+00:00,1.5154,162.24,107.062
2026-05-12 03:45:00+00:00,1.1733,231.436,197.256
2026-05-12 03:50:00+00:00,0.8113,144.218,177.767
2026-05-12 03:55:00+00:00,0.8419,166.872,198.205
2026-05-12 04:00:00+00:00,0.505,205.547,406.996
2026-05-12 04:05:00+00:00,0.8696,131.536,151.254
2026-05-12 04:10:00+00:00,1.0793,120.849,111.969
2026-05-12 04:15:00+00:00,1.2742,238.615,187.27
2026-05-12 04:20:00+00:00,1.6856,134.158,79.593
2026-05-12 04:25:00+00:00,1.7211,178.614,103.776
2026-05-12 04:30:00+00:00,1.2176,85.22,69.99
2026-05-12 04:35:00+00:00,2.8003,283.176,101.124
2026-05-12 04:40:00+00:00,1.2482,133.633,107.064
2026-05-12 04:45:00+00:00,2.6146,148.559,56.819
2026-05-12 04:50:00+00:00,0.358,61.558,171.971
2026-05-12 04:55:00+00:00,1.2215,90.825,74.357
2026-05-12 05:00:00+00:00,0.8245,90.201,109.4
2026-05-12 05:05:00+00:00,0.4644,31.386,67.587
2026-05-12 05:10:00+00:00,1.1552,67.171,58.145
2026-05-12 05:15:00+00:00,0.4213,67.747,160.786
2026-05-12 05:20:00+00:00,1.5473,50.654,32.737
2026-05-12 05:25:00+00:00,3.4872,180.638,51.8
2026-05-12 05:30:00+00:00,0.2459,76.347,310.427
2026-05-12 05:35:00+00:00,2.6846,88.768,33.066
2026-05-12 05:40:00+00:00,1.6334,97.364,59.608
2026-05-12 05:45:00+00:00,2.2868,45.366,19.838
2026-05-12 05:50:00+00:00,0.4557,32.401,71.105
2026-05-12 05:55:00+00:00,0.3067,28.431,92.709
2026-05-12 06:00:00+00:00,1.0479,84.764,80.886
2026-05-12 06:05:00+00:00,0.9956,42.666,42.853
2026-05-12 06:10:00+00:00,0.9626,40.374,41.942
2026-05-12 06:15:00+00:00,1.782,108.111,60.668
2026-05-12 06:20:00+00:00,0.4235,57.832,136.569
2026-05-12 06:25:00+00:00,0.3858,30.748,79.701
2026-05-12 06:30:00+00:00,0.5903,188.217,318.844
2026-05-12 06:35:00+00:00,0.6939,102.552,147.798
2026-05-12 06:40:00+00:00,0.5042,123.737,245.391
2026-05-12 06:45:00+00:00,1.4157,106.776,75.425
2026-05-12 06:50:00+00:00,0.7435,243.051,326.895
2026-05-12 06:55:00+00:00,0.8521,131.469,154.281
2026-05-12 07:00:00+00:00,0.7877,329.936,418.86
2026-05-12 07:05:00+00:00,1.2172,418.531,343.854
2026-05-12 07:10:00+00:00,1.8505,338.567,182.959
2026-05-12 07:15:00+00:00,0.9295,296.636,319.13
2026-05-12 07:20:00+00:00,2.2803,218.184,95.684
2026-05-12 07:25:00+00:00,0.5062,75.459,149.079
2026-05-12 07:30:00+00:00,1.2538,226.548,180.694
2026-05-12 07:35:00+00:00,0.4939,135.704,274.741
2026-05-12 07:40:00+00:00,0.7039,125.516,178.324
2026-05-12 07:45:00+00:00,0.5645,521.522,923.926
2026-05-12 07:50:00+00:00,1.1584,165.0,142.437
2026-05-12 07:55:00+00:00,1.0116,156.779,154.979
2026-05-12 08:00:00+00:00,0.908,239.368,263.614
2026-05-12 08:05:00+00:00,1.5143,172.554,113.947
2026-05-12 08:10:00+00:00,0.947,167.679,177.072
2026-05-12 08:15:00+00:00,1.4738,402.96,273.409
2026-05-12 08:20:00+00:00,0.9328,133.808,143.442
2026-05-12 08:25:00+00:00,1.8068,152.082,84.172
2026-05-12 08:30:00+00:00,0.9511,120.747,126.959
2026-05-12 08:35:00+00:00,1.6554,143.282,86.554
2026-05-12 08:40:00+00:00,1.6722,140.549,84.048
2026-05-12 08:45:00+00:00,1.8737,107.467,57.357
2026-05-12 08:50:00+00:00,0.5589,89.372,159.903
2026-05-12 08:55:00+00:00,1.4302,223.058,155.965
2026-05-12 09:00:00+00:00,3.0972,429.791,138.769
2026-05-12 09:05:00+00:00,0.5866,145.333,247.743
2026-05-12 09:10:00+00:00,0.9872,104.936,106.297
2026-05-12 09:15:00+00:00,0.6309,123.387,195.58
2026-05-12 09:20:00+00:00,0.7449,218.243,292.967
2026-05-12 09:25:00+00:00,1.0257,147.62,143.925
2026-05-12 09:30:00+00:00,2.7358,653.069,238.712
2026-05-12 09:35:00+00:00,0.8244,102.623,124.486
2026-05-12 09:40:00+00:00,0.8984,127.699,142.141
2026-05-12 09:45:00+00:00,0.9334,107.225,114.874
2026-05-12 09:50:00+00:00,0.4637,41.761,90.066
2026-05-12 09:55:00+00:00,2.1303,167.422,78.591
2026-05-12 10:00:00+00:00,0.5889,109.797,186.438
2026-05-12 10:05:00+00:00,1.5331,94.104,61.38
2026-05-12 10:10:00+00:00,1.7914,134.749,75.219
2026-05-12 10:15:00+00:00,2.0381,201.294,98.767
2026-05-12 10:20:00+00:00,0.8983,68.408,76.149
2026-05-12 10:25:00+00:00,0.7673,312.898,407.793
2026-05-12 10:30:00+00:00,0.5576,206.679,370.691
2026-05-12 10:35:00+00:00,1.4102,164.277,116.495
2026-05-12 10:40:00+00:00,0.8535,60.387,70.755
2026-05-12 10:45:00+00:00,0.8935,87.064,97.438
2026-05-12 10:50:00+00:00,1.0389,161.313,155.268
2026-05-12 10:55:00+00:00,1.4455,74.038,51.221
2026-05-12 11:00:00+00:00,0.952,143.485,150.712
2026-05-12 11:05:00+00:00,0.6148,353.4,574.805
2026-05-12 11:10:00+00:00,1.5024,231.521,154.104
2026-05-12 11:15:00+00:00,0.7273,253.634,348.745
2026-05-12 11:20:00+00:00,1.447,210.589,145.53
2026-05-12 11:25:00+00:00,0.7445,180.607,242.591
2026-05-12 11:30:00+00:00,1.7589,258.482,146.954
2026-05-12 11:35:00+00:00,1.5086,123.746,82.028
2026-05-12 11:40:00+00:00,1.6299,207.499,127.311
2026-05-12 11:45:00+00:00,1.693,207.472,122.547
2026-05-12 11:50:00+00:00,0.8778,143.804,163.826
2026-05-12 11:55:00+00:00,1.0815,135.027,124.848
2026-05-12 12:00:00+00:00,0.939,130.448,138.916
2026-05-12 12:05:00+00:00,1.2061,272.948,226.314
2026-05-12 12:10:00+00:00,1.2526,400.018,319.346
2026-05-12 12:15:00+00:00,1.4006,198.643,141.828
2026-05-12 12:20:00+00:00,0.9681,130.455,134.757
2026-05-12 12:25:00+00:00,0.6358,208.83,328.438
2026-05-12 12:30:00+00:00,1.021,1011.234,990.457
2026-05-12 12:35:00+00:00,1.7643,708.577,401.618
2026-05-12 12:40:00+00:00,0.6275,305.134,486.302
2026-05-12 12:45:00+00:00,1.6223,259.468,159.943
2026-05-12 12:50:00+00:00,0.7322,168.77,230.51
2026-05-12 12:55:00+00:00,0.6314,122.661,194.256
2026-05-12 13:00:00+00:00,1.4611,210.724,144.226
2026-05-12 13:05:00+00:00,0.7872,119.132,151.338
2026-05-12 13:10:00+00:00,0.7421,170.709,230.038
2026-05-12 13:15:00+00:00,0.5853,214.026,365.675
2026-05-12 13:20:00+00:00,0.6671,196.96,295.266
2026-05-12 13:25:00+00:00,0.716,202.958,283.456
2026-05-12 13:30:00+00:00,0.7946,367.632,462.64
2026-05-12 13:35:00+00:00,1.3209,445.653,337.395
2026-05-12 13:40:00+00:00,1.2695,263.785,207.781
2026-05-12 13:45:00+00:00,0.869,344.805,396.781
2026-05-12 13:50:00+00:00,0.7084,196.888,277.931
2026-05-12 13:55:00+00:00,0.6613,1036.725,1567.595
2026-05-12 14:00:00+00:00,1.0941,776.889,710.102
2026-05-12 14:05:00+00:00,1.1599,593.264,511.491
2026-05-12 14:10:00+00:00,1.1545,264.404,229.011
2026-05-12 14:15:00+00:00,1.5001,344.276,229.497
2026-05-12 14:20:00+00:00,0.7566,250.369,330.893
2026-05-12 14:25:00+00:00,0.5327,207.818,390.136
2026-05-12 14:30:00+00:00,1.0477,657.008,627.072
2026-05-12 14:35:00+00:00,1.6688,606.89,363.678
2026-05-12 14:40:00+00:00,1.1207,403.729,360.258
2026-05-12 14:45:00+00:00,0.8149,311.827,382.669
2026-05-12 14:50:00+00:00,1.0934,350.851,320.89
2026-05-12 14:55:00+00:00,2.3149,416.117,179.758
2026-05-12 15:00:00+00:00,0.9639,412.373,427.836
2026-05-12 15:05:00+00:00,1.7057,343.514,201.387
2026-05-12 15:10:00+00:00,1.5674,216.49,138.122
2026-05-12 15:15:00+00:00,1.7135,327.799,191.3
2026-05-12 15:20:00+00:00,0.4929,764.513,1551.163
2026-05-12 15:25:00+00:00,1.1863,1101.676,928.636
2026-05-12 15:30:00+00:00,1.1409,641.121,561.949
2026-05-12 15:35:00+00:00,0.9912,242.459,244.61
2026-05-12 15:40:00+00:00,1.066,295.205,276.916
2026-05-12 15:45:00+00:00,0.9302,254.796,273.915
2026-05-12 15:50:00+00:00,1.6919,272.19,160.874
2026-05-12 15:55:00+00:00,1.2379,201.257,162.574
2026-05-12 16:00:00+00:00,0.5431,580.088,1068.034
2026-05-12 16:05:00+00:00,2.0124,288.502,143.362
2026-05-12 16:10:00+00:00,1.8323,225.605,123.125
2026-05-12 16:15:00+00:00,1.0266,482.924,470.423
2026-05-12 16:20:00+00:00,1.0629,199.882,188.047
2026-05-12 16:25:00+00:00,1.2915,129.827,100.526
2026-05-12 16:30:00+00:00,1.0187,133.813,131.36
2026-05-12 16:35:00+00:00,0.8972,112.732,125.647
2026-05-12 16:40:00+00:00,0.685,110.756,161.687
2026-05-12 16:45:00+00:00,0.7167,1964.216,2740.745
2026-05-12 16:50:00+00:00,0.9346,628.168,672.113
2026-05-12 16:55:00+00:00,0.9077,403.92,445.01
2026-05-12 17:00:00+00:00,0.9885,436.255,441.317
2026-05-12 17:05:00+00:00,1.1852,213.987,180.55
2026-05-12 17:10:00+00:00,1.4347,293.537,204.605
2026-05-12 17:15:00+00:00,2.0786,765.593,368.328
2026-05-12 17:20:00+00:00,2.5483,819.251,321.489
2026-05-12 17:25:00+00:00,0.8598,270.219,314.279
2026-05-12 17:30:00+00:00,1.0487,302.871,288.815
2026-05-12 17:35:00+00:00,0.6514,151.909,233.195
2026-05-12 17:40:00+00:00,1.8544,223.194,120.361
2026-05-12 17:45:00+00:00,0.4277,110.202,257.667
2026-05-12 17:50:00+00:00,1.8025,465.82,258.428
2026-05-12 17:55:00+00:00,0.6694,157.977,236.007
2026-05-12 18:00:00+00:00,0.6629,228.618,344.85
2026-05-12 18:05:00+00:00,1.2928,111.283,86.08
2026-05-12 18:10:00+00:00,0.927,86.875,93.713
2026-05-12 18:15:00+00:00,1.098,154.085,140.328
2026-05-12 18:20:00+00:00,1.1332,99.356,87.679
2026-05-12 18:25:00+00:00,0.7168,140.762,196.378
2026-05-12 18:30:00+00:00,1.2739,112.516,88.323
2026-05-12 18:35:00+00:00,1.9764,316.119,159.947
2026-05-12 18:40:00+00:00,2.1748,230.354,105.921
2026-05-12 18:45:00+00:00,1.3974,180.853,129.421
2026-05-12 18:50:00+00:00,2.3644,306.283,129.54
2026-05-12 18:55:00+00:00,0.5909,153.341,259.512
2026-05-12 19:00:00+00:00,1.7537,159.859,91.156
2026-05-12 19:05:00+00:00,0.8732,123.539,141.476
2026-05-12 19:10:00+00:00,1.601,227.505,142.105
2026-05-12 19:15:00+00:00,0.6838,108.11,158.093
2026-05-12 19:20:00+00:00,0.4663,57.631,123.601
2026-05-12 19:25:00+00:00,0.4504,41.253,91.589
2026-05-12 19:30:00+00:00,2.1563,114.409,53.059
2026-05-12 19:35:00+00:00,1.81,113.119,62.498
2026-05-12 19:40:00+00:00,0.6677,79.816,119.535
2026-05-12 19:45:00+00:00,1.2251,52.049,42.487
2026-05-12 19:50:00+00:00,1.0219,143.664,140.591
2026-05-12 19:55:00+00:00,0.9453,84.289,89.171
2026-05-12 20:00:00+00:00,1.0767,148.799,138.197
2026-05-12 20:05:00+00:00,0.3322,57.187,172.126
2026-05-12 20:10:00+00:00,0.6337,47.699,75.266
2026-05-12 20:15:00+00:00,0.8265,48.693,58.914
2026-05-12 20:20:00+00:00,0.6728,30.399,45.182
2026-05-12 20:25:00+00:00,1.021,31.715,31.064
2026-05-12 20:30:00+00:00,0.6651,58.04,87.271
2026-05-12 20:35:00+00:00,0.3681,61.833,167.994
2026-05-12 20:40:00+00:00,1.1008,80.451,73.086
2026-05-12 20:45:00+00:00,0.4384,65.131,148.574
2026-05-12 20:50:00+00:00,1.5639,83.354,53.298
2026-05-12 20:55:00+00:00,0.8106,43.522,53.692
2026-05-12 21:00:00+00:00,1.7948,103.574,57.707
2026-05-12 21:05:00+00:00,1.1521,35.71,30.995
2026-05-12 21:10:00+00:00,0.9344,22.682,24.275
2026-05-12 21:15:00+00:00,1.5858,51.813,32.673
2026-05-12 21:20:00+00:00,0.6173,39.838,64.538
2026-05-12 21:25:00+00:00,0.521,71.29,136.842
2026-05-12 21:30:00+00:00,0.7501,93.583,124.765
2026-05-12 21:35:00+00:00,0.7601,49.134,64.644
2026-05-12 21:40:00+00:00,1.0666,62.573,58.667
2026-05-12 21:45:00+00:00,0.3652,68.27,186.959
2026-05-12 21:50:00+00:00,2.4827,172.696,69.561
2026-05-12 21:55:00+00:00,1.9372,114.027,58.862
2026-05-12 22:00:00+00:00,1.2745,253.636,199.004
2026-05-12 22:05:00+00:00,0.8031,95.675,119.136
2026-05-12 22:10:00+00:00,0.6313,52.217,82.707
2026-05-12 22:15:00+00:00,1.0758,86.545,80.446
2026-05-12 22:20:00+00:00,1.1858,39.447,33.266
2026-05-12 22:25:00+00:00,0.8666,24.899,28.733
2026-05-12 22:30:00+00:00,0.792,34.789,43.924
2026-05-12 22:35:00+00:00,0.7915,37.173,46.963
2026-05-12 22:40:00+00:00,0.7996,27.75,34.707
2026-05-12 22:45:00+00:00,0.6792,20.498,30.179
2026-05-12 22:50:00+00:00,2.4522,42.099,17.168
2026-05-12 22:55:00+00:00,0.7108,35.58,50.054
2026-05-12 23:00:00+00:00,1.4746,145.326,98.55
2026-05-12 23:05:00+00:00,0.8117,47.712,58.781
2026-05-12 23:10:00+00:00,0.6915,51.63,74.662
2026-05-12 23:15:00+00:00,2.0497,136.226,66.463
2026-05-12 23:20:00+00:00,1.1548,63.043,54.592
2026-05-12 23:25:00+00:00,1.1254,33.033,29.353
2026-05-12 23:30:00+00:00,0.3818,24.257,63.531
2026-05-12 23:35:00+00:00,1.1917,228.804,191.991
2026-05-12 23:40:00+00:00,0.7628,61.949,81.211
2026-05-12 23:45:00+00:00,0.7346,195.497,266.119
2026-05-12 23:50:00+00:00,0.7764,70.587,90.917
2026-05-12 23:55:00+00:00,1.1229,70.795,63.045
2026-05-13 00:00:00+00:00,0.8459,160.403,189.613
2026-05-13 00:05:00+00:00,0.6762,73.347,108.477
2026-05-13 00:10:00+00:00,0.7303,64.333,88.097
2026-05-13 00:15:00+00:00,2.2746,210.24,92.429
2026-05-13 00:20:00+00:00,2.2608,145.538,64.374
2026-05-13 00:25:00+00:00,1.4092,192.862,136.859
2026-05-13 00:30:00+00:00,0.9893,60.436,61.092
2026-05-13 00:35:00+00:00,1.706,98.932,57.99
2026-05-13 00:40:00+00:00,1.2562,118.435,94.282
2026-05-13 00:45:00+00:00,0.7304,54.785,75.006
2026-05-13 00:50:00+00:00,0.4445,72.426,162.951
2026-05-13 00:55:00+00:00,2.2475,114.457,50.927
2026-05-13 01:00:00+00:00,0.5831,68.726,117.862
2026-05-13 01:05:00+00:00,1.9011,151.76,79.827
2026-05-13 01:10:00+00:00,1.2929,613.22,474.28
2026-05-13 01:15:00+00:00,0.8941,231.947,259.425
2026-05-13 01:20:00+00:00,1.7393,826.207,475.015
2026-05-13 01:25:00+00:00,1.2625,180.561,143.023
2026-05-13 01:30:00+00:00,1.5543,422.097,271.563
2026-05-13 01:35:00+00:00,0.5936,150.854,254.143
2026-05-13 01:40:00+00:00,1.5133,161.198,106.518
2026-05-13 01:45:00+00:00,1.2272,103.744,84.534
2026-05-13 01:50:00+00:00,1.2932,190.203,147.079
2026-05-13 01:55:00+00:00,0.4255,76.02,178.657
2026-05-13 02:00:00+00:00,0.6707,115.508,172.219
2026-05-13 02:05:00+00:00,1.5289,102.257,66.882
2026-05-13 02:10:00+00:00,1.1088,75.736,68.304
2026-05-13 02:15:00+00:00,1.3008,98.705,75.878
2026-05-13 02:20:00+00:00,2.3144,530.782,229.334
2026-05-13 02:25:00+00:00,0.6127,165.647,270.376
2026-05-13 02:30:00+00:00,1.0988,161.469,146.952
2026-05-13 02:35:00+00:00,0.5759,45.295,78.645
2026-05-13 02:40:00+00:00,0.6026,78.595,130.43
2026-05-13 02:50:00+00:00,0.8592,51.292,59.694
2026-05-13 02:55:00+00:00,1.7301,92.697,53.578
2026-05-13 03:00:00+00:00,0.9449,60.316,63.832
2026-05-13 03:05:00+00:00,0.7609,68.17,89.59
2026-05-13 03:10:00+00:00,0.5453,33.28,61.029
2026-05-13 03:15:00+00:00,0.3377,48.365,143.231
2026-05-13 03:20:00+00:00,1.3524,72.504,53.61
2026-05-13 03:25:00+00:00,1.9741,90.927,46.06
2026-05-13 03:30:00+00:00,1.0288,95.17,92.505
2026-05-13 03:35:00+00:00,2.037,150.452,73.86
2026-05-13 03:40:00+00:00,1.4449,159.755,110.566
2026-05-13 03:45:00+00:00,2.4674,446.395,180.917
2026-05-13 03:50:00+00:00,1.2027,268.532,223.277
2026-05-13 03:55:00+00:00,1.1699,105.689,90.338
2026-05-13 04:00:00+00:00,0.7054,112.542,159.538
2026-05-13 04:05:00+00:00,0.542,57.044,105.238
2026-05-13 04:10:00+00:00,0.9209,64.069,69.574
2026-05-13 04:15:00+00:00,0.5394,133.304,247.127
2026-05-13 04:20:00+00:00,0.9082,97.82,107.707
2026-05-13 04:25:00+00:00,1.297,105.202,81.114
2026-05-13 04:30:00+00:00,0.7341,189.647,258.333
2026-05-13 04:35:00+00:00,1.9201,85.596,44.579
2026-05-13 04:40:00+00:00,0.5599,47.37,84.603
2026-05-13 04:45:00+00:00,0.6342,40.89,64.48
2026-05-13 04:50:00+00:00,0.9635,46.127,47.873
2026-05-13 04:55:00+00:00,1.1052,77.313,69.952
2026-05-13 05:00:00+00:00,0.579,61.768,106.685
2026-05-13 05:05:00+00:00,0.4585,35.806,78.086
2026-05-13 05:10:00+00:00,0.6949,55.178,79.409
2026-05-13 05:15:00+00:00,0.6702,207.333,309.35
2026-05-13 05:20:00+00:00,1.7832,116.761,65.477
2026-05-13 05:25:00+00:00,0.825,57.85,70.123
2026-05-13 05:30:00+00:00,0.8769,159.672,182.094
2026-05-13 05:35:00+00:00,0.6575,80.174,121.938
2026-05-13 05:40:00+00:00,0.3871,90.09,232.747
2026-05-13 05:45:00+00:00,1.7001,173.377,101.983
2026-05-13 05:50:00+00:00,0.6989,45.326,64.853
2026-05-13 05:55:00+00:00,0.6449,75.284,116.738
2026-05-13 06:00:00+00:00,1.1873,82.679,69.636
2026-05-13 06:05:00+00:00,2.8082,89.365,31.823
2026-05-13 06:10:00+00:00,2.3612,66.65,28.227
2026-05-13 06:15:00+00:00,2.4029,152.104,63.299
2026-05-13 06:20:00+00:00,0.6618,67.059,101.331
2026-05-13 06:25:00+00:00,4.3434,384.417,88.506
2026-05-13 06:30:00+00:00,0.9101,75.276,82.708
2026-05-13 06:35:00+00:00,1.768,96.365,54.506
2026-05-13 06:40:00+00:00,0.456,122.31,268.241
2026-05-13 06:45:00+00:00,0.7924,26.773,33.788
2026-05-13 06:50:00+00:00,0.4978,63.588,127.728
2026-05-13 06:55:00+00:00,0.703,21.029,29.913
2026-05-13 07:00:00+00:00,1.2702,94.153,74.122
2026-05-13 07:05:00+00:00,0.6292,44.95,71.437
2026-05-13 07:10:00+00:00,1.6255,32.954,20.273
2026-05-13 07:15:00+00:00,0.8663,58.249,67.235
2026-05-13 07:20:00+00:00,0.416,124.749,299.891
2026-05-13 07:25:00+00:00,0.8522,55.402,65.014
2026-05-13 07:30:00+00:00,1.532,167.821,109.541
2026-05-13 07:35:00+00:00,0.5002,125.925,251.754
2026-05-13 07:40:00+00:00,2.8431,83.891,29.507
2026-05-13 07:45:00+00:00,1.9531,60.266,30.857
2026-05-13 07:50:00+00:00,2.1493,190.926,88.83
2026-05-13 07:55:00+00:00,2.3409,93.26,39.84
2026-05-13 08:00:00+00:00,1.9005,133.094,70.031
2026-05-13 08:05:00+00:00,0.9848,63.953,64.938
2026-05-13 08:10:00+00:00,1.3782,68.118,49.427
2026-05-13 08:15:00+00:00,1.9813,213.903,107.961
2026-05-13 08:20:00+00:00,1.3503,51.772,38.342
2026-05-13 08:25:00+00:00,1.0193,110.308,108.222
2026-05-13 08:30:00+00:00,0.4923,81.022,164.565
2026-05-13 08:35:00+00:00,1.0252,64.247,62.668
2026-05-13 08:40:00+00:00,1.6021,279.764,174.618
2026-05-13 08:45:00+00:00,0.9709,143.994,148.315
2026-05-13 08:50:00+00:00,2.4262,146.135,60.232
2026-05-13 08:55:00+00:00,1.3113,83.159,63.417
2026-05-13 09:00:00+00:00,5.5195,1242.653,225.137
2026-05-13 09:05:00+00:00,1.1979,447.05,373.197
2026-05-13 09:10:00+00:00,0.5982,87.415,146.121
2026-05-13 09:15:00+00:00,0.7542,68.208,90.434
2026-05-13 09:20:00+00:00,0.4834,75.428,156.037
2026-05-13 09:25:00+00:00,0.9257,94.151,101.713
2026-05-13 09:30:00+00:00,0.7693,138.593,180.16
2026-05-13 09:35:00+00:00,1.2933,166.261,128.557
2026-05-13 09:40:00+00:00,0.4848,30.716,63.364
2026-05-13 09:45:00+00:00,0.7285,61.923,84.995
2026-05-13 09:50:00+00:00,0.9906,44.16,44.577
2026-05-13 09:55:00+00:00,0.9477,87.179,91.993
2026-05-13 10:00:00+00:00,0.5147,66.122,128.465
2026-05-13 10:05:00+00:00,0.5136,49.678,96.719
2026-05-13 10:10:00+00:00,0.6295,110.934,176.237
2026-05-13 10:15:00+00:00,0.4954,60.448,122.025
2026-05-13 10:20:00+00:00,0.505,61.595,121.962
2026-05-13 10:25:00+00:00,0.4019,167.856,417.692
2026-05-13 10:30:00+00:00,0.8885,334.513,376.488
2026-05-13 10:35:00+00:00,0.5463,142.614,261.045
2026-05-13 10:40:00+00:00,0.3395,181.82,535.575
2026-05-13 10:45:00+00:00,0.7549,200.107,265.089
2026-05-13 10:50:00+00:00,0.6048,144.256,238.526
2026-05-13 10:55:00+00:00,0.7188,156.73,218.055
2026-05-13 11:00:00+00:00,0.5578,200.287,359.089
2026-05-13 11:05:00+00:00,0.5998,395.311,659.025
2026-05-13 11:10:00+00:00,0.5535,323.363,584.213
2026-05-13 11:15:00+00:00,0.9455,370.022,391.37
2026-05-13 11:20:00+00:00,1.1169,213.661,191.304
2026-05-13 11:25:00+00:00,0.6196,154.491,249.354
2026-05-13 11:30:00+00:00,1.4222,257.59,181.119
2026-05-13 11:35:00+00:00,1.1585,91.253,78.766
2026-05-13 11:40:00+00:00,1.2199,90.573,74.244
2026-05-13 11:45:00+00:00,0.7037,119.569,169.918
2026-05-13 11:50:00+00:00,0.6442,274.256,425.727
2026-05-13 11:55:00+00:00,0.6836,173.414,253.694
2026-05-13 12:00:00+00:00,1.22,335.802,275.254
2026-05-13 12:05:00+00:00,0.9705,127.607,131.49
2026-05-13 12:10:00+00:00,1.2259,269.873,220.15
2026-05-13 12:15:00+00:00,1.2514,150.374,120.163
2026-05-13 12:20:00+00:00,0.6696,931.63,1391.385
2026-05-13 12:25:00+00:00,0.82,304.21,370.995
2026-05-13 12:30:00+00:00,0.6758,922.935,1365.751
2026-05-13 12:35:00+00:00,0.8639,1320.748,1528.75
2026-05-13 12:40:00+00:00,1.937,2008.295,1036.798
2026-05-13 12:45:00+00:00,1.4715,873.2,593.408
2026-05-13 12:50:00+00:00,0.9065,336.17,370.83
2026-05-13 12:55:00+00:00,2.6125,481.273,184.218
2026-05-13 13:00:00+00:00,1.7838,482.118,270.27
2026-05-13 13:05:00+00:00,2.0146,302.97,150.388
2026-05-13 13:10:00+00:00,1.4072,237.022,168.44
2026-05-13 13:15:00+00:00,1.4003,151.304,108.049
2026-05-13 13:20:00+00:00,0.6852,132.286,193.067
2026-05-13 13:25:00+00:00,0.7242,188.06,259.68
2026-05-13 13:30:00+00:00,0.8186,329.181,402.124
2026-05-13 13:35:00+00:00,0.763,608.78,797.829
2026-05-13 13:40:00+00:00,0.8393,1153.311,1374.137
2026-05-13 13:45:00+00:00,0.7635,1548.471,2028.065
2026-05-13 13:50:00+00:00,1.6122,833.907,517.262
2026-05-13 13:55:00+00:00,1.3878,638.388,459.995
2026-05-13 14:00:00+00:00,0.7602,1350.185,1776.061
2026-05-13 14:05:00+00:00,1.5268,661.268,433.12
2026-05-13 14:10:00+00:00,1.5335,540.844,352.678
2026-05-13 14:15:00+00:00,1.7578,400.424,227.8
2026-05-13 14:20:00+00:00,2.2257,440.348,197.847
2026-05-13 14:25:00+00:00,1.6517,543.716,329.194
2026-05-13 14:30:00+00:00,0.9713,248.437,255.77
2026-05-13 14:35:00+00:00,1.2841,194.153,151.193
2026-05-13 14:40:00+00:00,0.7896,122.288,154.865
2026-05-13 14:45:00+00:00,0.6106,148.186,242.696
2026-05-13 14:50:00+00:00,1.1115,190.237,171.148
2026-05-13 14:55:00+00:00,1.4973,191.397,127.826
2026-05-13 15:00:00+00:00,1.4983,449.215,299.817
2026-05-13 15:05:00+00:00,0.824,356.251,432.365
2026-05-13 15:10:00+00:00,0.6027,640.817,1063.237
2026-05-13 15:15:00+00:00,0.7945,694.693,874.381
2026-05-13 15:20:00+00:00,0.9755,849.934,871.305
2026-05-13 15:25:00+00:00,0.8363,545.474,652.244
2026-05-13 15:30:00+00:00,1.1371,712.081,626.25
2026-05-13 15:35:00+00:00,0.7441,375.493,504.645
2026-05-13 15:40:00+00:00,1.6137,620.845,384.742
2026-05-13 15:45:00+00:00,0.6078,948.718,1560.864
2026-05-13 15:50:00+00:00,0.6979,541.182,775.444
2026-05-13 15:55:00+00:00,0.633,1735.778,2741.976
2026-05-13 16:00:00+00:00,0.9432,1460.578,1548.597
2026-05-13 16:05:00+00:00,0.6273,763.262,1216.695
2026-05-13 16:10:00+00:00,1.1567,661.494,571.895
2026-05-13 16:15:00+00:00,1.0793,456.559,423.025
2026-05-13 16:20:00+00:00,2.0591,856.026,415.738
2026-05-13 16:25:00+00:00,1.1184,479.133,428.399
2026-05-13 16:30:00+00:00,0.979,552.455,564.323
2026-05-13 16:35:00+00:00,0.9182,299.542,326.225
2026-05-13 16:40:00+00:00,1.8341,428.073,233.391
2026-05-13 16:45:00+00:00,2.008,499.32,248.67
2026-05-13 16:50:00+00:00,0.361,140.106,388.104
2026-05-13 16:55:00+00:00,1.6869,195.961,116.167
2026-05-13 17:00:00+00:00,1.9531,369.687,189.285
2026-05-13 17:05:00+00:00,0.8493,103.582,121.959
2026-05-13 17:10:00+00:00,1.1398,161.292,141.507
2026-05-13 17:15:00+00:00,0.5846,349.812,598.353
2026-05-13 17:20:00+00:00,0.6973,294.697,422.614
2026-05-13 17:25:00+00:00,1.1472,358.65,312.631
2026-05-13 17:30:00+00:00,0.8677,117.228,135.101
2026-05-13 17:35:00+00:00,0.6558,119.443,182.133
2026-05-13 17:40:00+00:00,1.9159,242.401,126.519
2026-05-13 17:45:00+00:00,0.9202,217.108,235.941
2026-05-13 17:50:00+00:00,0.6242,221.263,354.484
2026-05-13 17:55:00+00:00,1.9335,633.175,327.471
2026-05-13 18:00:00+00:00,0.8437,282.739,335.114
2026-05-13 18:05:00+00:00,0.9571,135.572,141.642
2026-05-13 18:10:00+00:00,0.7698,119.253,154.906
2026-05-13 18:15:00+00:00,1.7399,357.627,205.542
2026-05-13 18:20:00+00:00,1.1598,738.375,636.652
2026-05-13 18:25:00+00:00,1.0613,239.935,226.084
2026-05-13 18:30:00+00:00,0.3918,105.784,269.987
2026-05-13 18:35:00+00:00,0.9271,95.097,102.573
2026-05-13 18:40:00+00:00,0.641,106.365,165.925
2026-05-13 18:45:00+00:00,0.5757,181.854,315.876
2026-05-13 18:50:00+00:00,0.7564,101.279,133.896
2026-05-13 18:55:00+00:00,0.4675,93.85,200.734
2026-05-13 19:00:00+00:00,0.6306,188.943,299.615
2026-05-13 19:05:00+00:00,1.1799,268.391,227.465
2026-05-13 19:10:00+00:00,1.2944,154.576,119.422
2026-05-13 19:15:00+00:00,0.7564,241.304,319.007
2026-05-13 19:20:00+00:00,0.6315,133.893,212.012
2026-05-13 19:25:00+00:00,0.6731,145.385,216.006
2026-05-13 19:30:00+00:00,1.2719,151.579,119.177
2026-05-13 19:35:00+00:00,1.1151,181.714,162.961
2026-05-13 19:40:00+00:00,0.8391,62.226,74.157
2026-05-13 19:45:00+00:00,0.8768,58.699,66.945
2026-05-13 19:50:00+00:00,1.7473,158.547,90.738
2026-05-13 19:55:00+00:00,1.7727,206.693,116.596
2026-05-13 20:00:00+00:00,0.9912,176.199,177.759
2026-05-13 20:05:00+00:00,3.0611,110.769,36.186
2026-05-13 20:10:00+00:00,1.2395,124.475,100.425
2026-05-13 20:15:00+00:00,2.0385,87.302,42.827
2026-05-13 20:20:00+00:00,1.0231,56.932,55.644
2026-05-13 20:25:00+00:00,0.9383,72.884,77.674
2026-05-13 20:30:00+00:00,0.5991,69.132,115.389
2026-05-13 20:35:00+00:00,0.9743,105.24,108.02
2026-05-13 20:40:00+00:00,2.7091,285.511,105.39
2026-05-13 20:45:00+00:00,1.3481,83.721,62.103
2026-05-13 20:50:00+00:00,0.4653,33.091,71.121
2026-05-13 20:55:00+00:00,1.1276,54.911,48.697
2026-05-13 21:00:00+00:00,0.5554,78.091,140.61
2026-05-13 21:05:00+00:00,0.5426,132.304,243.815
2026-05-13 21:10:00+00:00,0.907,344.127,379.393
2026-05-13 21:15:00+00:00,0.813,112.874,138.84
2026-05-13 21:20:00+00:00,0.7853,105.274,134.054
2026-05-13 21:25:00+00:00,0.7535,79.554,105.584
2026-05-13 21:30:00+00:00,2.1163,102.066,48.229
2026-05-13 21:35:00+00:00,1.2382,127.065,102.618
2026-05-13 21:40:00+00:00,1.0491,91.767,87.47
2026-05-13 21:45:00+00:00,0.9494,76.057,80.113
2026-05-13 21:50:00+00:00,1.9214,135.157,70.342
2026-05-13 21:55:00+00:00,0.8639,88.434,102.365
2026-05-13 22:00:00+00:00,1.2695,153.984,121.298
2026-05-13 22:05:00+00:00,0.7222,317.951,440.267
2026-05-13 22:10:00+00:00,0.7666,102.737,134.024
2026-05-13 22:15:00+00:00,0.7644,75.73,99.072
2026-05-13 22:20:00+00:00,0.4963,102.137,205.808
2026-05-13 22:25:00+00:00,0.7896,47.512,60.17
2026-05-13 22:30:00+00:00,0.623,73.259,117.594
2026-05-13 22:35:00+00:00,0.6324,107.039,169.256
2026-05-13 22:40:00+00:00,1.5367,149.579,97.337
2026-05-13 22:45:00+00:00,1.235,170.718,138.237
2026-05-13 22:50:00+00:00,1.8131,91.523,50.48
2026-05-13 22:55:00+00:00,1.1616,97.567,83.993
2026-05-13 23:00:00+00:00,3.14,440.065,140.148
2026-05-13 23:05:00+00:00,0.8352,113.665,136.098
2026-05-13 23:10:00+00:00,0.951,116.646,122.66
2026-05-13 23:15:00+00:00,0.9076,65.768,72.466
2026-05-13 23:20:00+00:00,1.0003,97.096,97.064
2026-05-13 23:25:00+00:00,0.5173,111.525,215.608
2026-05-13 23:30:00+00:00,1.0574,123.71,116.994
2026-05-13 23:35:00+00:00,0.5696,62.728,110.12
2026-05-13 23:40:00+00:00,0.6252,60.598,96.922
2026-05-13 23:45:00+00:00,0.6929,38.124,55.018
2026-05-13 23:50:00+00:00,1.2595,102.423,81.32
2026-05-13 23:55:00+00:00,1.4436,61.179,42.38
2026-05-14 00:00:00+00:00,1.8285,295.555,161.642
2026-05-14 00:05:00+00:00,1.0137,179.616,177.194
2026-05-14 00:10:00+00:00,1.4721,117.801,80.022
2026-05-14 00:15:00+00:00,1.3397,251.333,187.603
2026-05-14 00:20:00+00:00,1.72,167.281,97.259
2026-05-14 00:25:00+00:00,1.0865,89.07,81.977
2026-05-14 00:30:00+00:00,1.7343,202.166,116.572
2026-05-14 00:35:00+00:00,1.3578,122.78,90.424
2026-05-14 00:40:00+00:00,2.4969,122.873,49.21
2026-05-14 00:45:00+00:00,0.7775,220.73,283.906
2026-05-14 00:50:00+00:00,0.6184,86.247,139.477
2026-05-14 00:55:00+00:00,1.1013,73.975,67.169
2026-05-14 01:00:00+00:00,1.6676,174.579,104.686
2026-05-14 01:05:00+00:00,0.9454,68.299,72.24
2026-05-14 01:10:00+00:00,0.6428,85.105,132.389
2026-05-14 01:15:00+00:00,0.7406,107.85,145.617
2026-05-14 01:20:00+00:00,1.4053,90.09,64.108
2026-05-14 01:25:00+00:00,0.8717,104.799,120.218
2026-05-14 01:30:00+00:00,0.9275,119.562,128.91
2026-05-14 01:35:00+00:00,0.8257,143.175,173.408
2026-05-14 01:40:00+00:00,1.6841,114.279,67.859
2026-05-14 01:45:00+00:00,1.6571,124.993,75.428
2026-05-14 01:50:00+00:00,1.7903,246.047,137.432
2026-05-14 01:55:00+00:00,0.9381,89.935,95.87
2026-05-14 02:00:00+00:00,0.9623,185.469,192.727
2026-05-14 02:05:00+00:00,1.1713,163.014,139.176
2026-05-14 02:10:00+00:00,0.5258,133.574,254.056
2026-05-14 02:15:00+00:00,0.4832,103.064,213.302
2026-05-14 02:20:00+00:00,1.4528,163.036,112.223
2026-05-14 02:25:00+00:00,2.0422,71.911,35.213
2026-05-14 02:30:00+00:00,0.231,49.078,212.492
2026-05-14 02:35:00+00:00,0.4879,66.756,136.81
2026-05-14 02:40:00+00:00,0.3036,141.762,466.973
2026-05-14 02:45:00+00:00,0.8455,173.5,205.216
2026-05-14 02:50:00+00:00,0.5782,388.666,672.173
2026-05-14 02:55:00+00:00,1.5748,294.116,186.764
2026-05-14 03:00:00+00:00,1.2798,226.736,177.17
2026-05-14 03:05:00+00:00,0.7103,364.236,512.799
2026-05-14 03:10:00+00:00,0.8239,155.315,188.516
2026-05-14 03:15:00+00:00,1.0464,177.996,170.108
2026-05-14 03:20:00+00:00,0.6628,536.639,809.631
2026-05-14 03:25:00+00:00,1.9252,501.339,260.413
2026-05-14 03:30:00+00:00,2.0075,290.805,144.856
2026-05-14 03:35:00+00:00,0.5563,174.194,313.149
2026-05-14 03:40:00+00:00,1.6329,167.415,102.527
2026-05-14 03:45:00+00:00,0.7093,179.994,253.777
2026-05-14 03:50:00+00:00,0.6381,311.544,488.236
2026-05-14 03:55:00+00:00,1.1026,599.757,543.948
2026-05-14 04:00:00+00:00,0.9989,225.36,225.601
2026-05-14 04:05:00+00:00,1.6518,294.53,178.304
2026-05-14 04:10:00+00:00,1.0661,125.907,118.096
2026-05-14 04:15:00+00:00,1.7383,266.5,153.309
2026-05-14 04:20:00+00:00,1.0414,168.953,162.238
2026-05-14 04:25:00+00:00,0.7246,89.314,123.255
2026-05-14 04:30:00+00:00,0.5867,104.53,178.179
2026-05-14 04:35:00+00:00,1.2381,98.587,79.625
2026-05-14 04:40:00+00:00,1.6588,127.177,76.667
2026-05-14 04:45:00+00:00,1.5955,282.727,177.198
2026-05-14 04:50:00+00:00,0.8873,102.239,115.219
2026-05-14 04:55:00+00:00,0.7856,80.571,102.556
2026-05-14 05:00:00+00:00,0.8752,146.277,167.144
2026-05-14 05:05:00+00:00,1.1661,138.624,118.874
2026-05-14 05:10:00+00:00,0.7376,68.542,92.928
2026-05-14 05:15:00+00:00,0.963,99.709,103.536
2026-05-14 05:20:00+00:00,2.8155,440.092,156.308
2026-05-14 05:25:00+00:00,1.08,406.166,376.071
2026-05-14 05:30:00+00:00,1.4873,930.27,625.478
2026-05-14 05:35:00+00:00,1.4824,413.395,278.875
2026-05-14 05:40:00+00:00,0.829,137.289,165.61
2026-05-14 05:45:00+00:00,2.1765,752.928,345.936
2026-05-14 05:50:00+00:00,1.3884,738.576,531.944
2026-05-14 05:55:00+00:00,0.6576,196.739,299.198
2026-05-14 06:00:00+00:00,1.8715,373.23,199.432
2026-05-14 06:05:00+00:00,0.5857,174.973,298.736
2026-05-14 06:10:00+00:00,1.3794,187.196,135.708
2026-05-14 06:15:00+00:00,0.4855,131.843,271.58
2026-05-14 06:20:00+00:00,0.6545,70.904,108.325
2026-05-14 06:25:00+00:00,0.6496,88.957,136.942
2026-05-14 06:30:00+00:00,0.6934,201.234,290.206
2026-05-14 06:35:00+00:00,1.1024,118.849,107.806
2026-05-14 06:40:00+00:00,1.4458,131.921,91.246
2026-05-14 06:45:00+00:00,0.5775,73.823,127.826
2026-05-14 06:50:00+00:00,0.4612,51.075,110.745
2026-05-14 06:55:00+00:00,0.3469,35.908,103.525
2026-05-14 07:00:00+00:00,0.7399,198.329,268.055
2026-05-14 07:05:00+00:00,0.8482,204.648,241.273
2026-05-14 07:10:00+00:00,0.6594,89.973,136.439
2026-05-14 07:15:00+00:00,0.4054,92.153,227.292
2026-05-14 07:20:00+00:00,1.2619,131.933,104.553
2026-05-14 07:25:00+00:00,1.8295,180.897,98.877
2026-05-14 07:30:00+00:00,2.0271,237.289,117.057
2026-05-14 07:35:00+00:00,1.0694,165.134,154.416
2026-05-14 07:40:00+00:00,0.737,118.593,160.91
2026-05-14 07:45:00+00:00,0.5394,77.292,143.294
2026-05-14 07:50:00+00:00,0.6691,83.544,124.852
2026-05-14 07:55:00+00:00,0.368,95.765,260.233
2026-05-14 08:00:00+00:00,1.6198,685.062,422.934
2026-05-14 08:05:00+00:00,1.0704,211.063,197.182
2026-05-14 08:10:00+00:00,1.5427,198.062,128.389
2026-05-14 08:15:00+00:00,0.7624,62.531,82.017
2026-05-14 08:20:00+00:00,0.4312,77.036,178.643
2026-05-14 08:25:00+00:00,1.7054,111.47,65.364
2026-05-14 08:30:00+00:00,1.5773,163.755,103.817
2026-05-14 08:35:00+00:00,1.8953,235.186,124.087
2026-05-14 08:40:00+00:00,0.8119,94.492,116.38
2026-05-14 08:45:00+00:00,0.4288,74.742,174.318
2026-05-14 08:50:00+00:00,0.9016,97.074,107.674
2026-05-14 08:55:00+00:00,1.5102,36.119,23.916
2026-05-14 09:00:00+00:00,1.799,281.08,156.246
2026-05-14 09:05:00+00:00,0.8358,49.359,59.059
2026-05-14 09:10:00+00:00,0.577,59.606,103.311
2026-05-14 09:15:00+00:00,0.6384,43.834,68.665
2026-05-14 09:20:00+00:00,0.4466,22.132,49.552
2026-05-14 09:25:00+00:00,0.6003,74.106,123.445
2026-05-14 09:30:00+00:00,0.5211,74.849,143.629
2026-05-14 09:35:00+00:00,0.5566,172.758,310.387
2026-05-14 09:40:00+00:00,0.9421,144.007,152.865
2026-05-14 09:45:00+00:00,0.5479,96.284,175.737
2026-05-14 09:50:00+00:00,0.5252,53.652,102.161
2026-05-14 09:55:00+00:00,1.5522,144.125,92.855
2026-05-14 10:00:00+00:00,1.067,191.442,179.429
2026-05-14 10:05:00+00:00,0.9429,132.447,140.471
2026-05-14 10:10:00+00:00,1.1176,202.02,180.761
2026-05-14 10:15:00+00:00,1.5486,125.458,81.016
2026-05-14 10:20:00+00:00,0.8644,55.947,64.725
2026-05-14 10:25:00+00:00,2.3218,48.96,21.087
2026-05-14 10:30:00+00:00,0.7391,52.205,70.634
2026-05-14 10:35:00+00:00,0.7182,46.105,64.192
2026-05-14 10:40:00+00:00,0.539,334.993,621.565
2026-05-14 10:45:00+00:00,1.4198,124.309,87.551
2026-05-14 10:50:00+00:00,2.0501,180.881,88.231
2026-05-14 10:55:00+00:00,0.9451,75.649,80.043
2026-05-14 11:00:00+00:00,0.668,61.2,91.614
2026-05-14 11:05:00+00:00,3.0275,113.142,37.372
2026-05-14 11:10:00+00:00,1.0757,70.156,65.221
2026-05-14 11:15:00+00:00,2.0164,113.381,56.23
2026-05-14 11:20:00+00:00,0.6728,76.121,113.144
2026-05-14 11:25:00+00:00,0.9581,620.721,647.855
2026-05-14 11:30:00+00:00,1.3308,217.467,163.409
2026-05-14 11:35:00+00:00,2.4733,260.186,105.2
2026-05-14 11:40:00+00:00,0.9331,93.44,100.138
2026-05-14 11:45:00+00:00,1.4296,283.343,198.202
2026-05-14 11:50:00+00:00,1.7665,111.994,63.4
2026-05-14 11:55:00+00:00,1.2671,72.447,57.177
2026-05-14 12:00:00+00:00,1.7434,225.61,129.408
2026-05-14 12:05:00+00:00,0.7035,99.052,140.8
2026-05-14 12:10:00+00:00,1.3677,133.876,97.886
2026-05-14 12:15:00+00:00,0.9222,138.484,150.173
2026-05-14 12:20:00+00:00,1.3151,92.137,70.059
2026-05-14 12:25:00+00:00,1.023,157.859,154.31
2026-05-14 12:30:00+00:00,1.6222,572.229,352.738
2026-05-14 12:35:00+00:00,1.3492,496.279,367.835
2026-05-14 12:40:00+00:00,0.9999,181.929,181.953
2026-05-14 12:45:00+00:00,1.2766,336.487,263.573
2026-05-14 12:50:00+00:00,0.5436,118.704,218.371
2026-05-14 12:55:00+00:00,1.6344,275.492,168.557
2026-05-14 13:00:00+00:00,3.7085,1165.555,314.291
2026-05-14 13:05:00+00:00,0.9088,317.01,348.841
2026-05-14 13:10:00+00:00,1.9005,568.572,299.176
2026-05-14 13:15:00+00:00,0.7789,474.008,608.592
2026-05-14 13:20:00+00:00,2.583,1721.344,666.42
2026-05-14 13:25:00+00:00,0.9451,378.952,400.971
2026-05-14 13:30:00+00:00,0.5619,380.55,677.206
2026-05-14 13:35:00+00:00,0.7565,421.281,556.915
2026-05-14 13:40:00+00:00,0.2334,217.962,933.842
2026-05-14 13:45:00+00:00,1.2254,459.22,374.747
2026-05-14 13:50:00+00:00,0.887,312.147,351.923
2026-05-14 13:55:00+00:00,0.6735,255.021,378.633
2026-05-14 14:00:00+00:00,1.4208,488.496,343.806
2026-05-14 14:05:00+00:00,0.7867,427.418,543.326
2026-05-14 14:10:00+00:00,1.643,458.516,279.076
2026-05-14 14:15:00+00:00,1.7666,1914.619,1083.777
2026-05-14 14:20:00+00:00,0.7654,816.429,1066.687
2026-05-14 14:25:00+00:00,0.8043,522.242,649.313
2026-05-14 14:30:00+00:00,0.6962,302.302,434.204
2026-05-14 14:35:00+00:00,1.1505,523.37,454.915
2026-05-14 14:40:00+00:00,1.4118,1045.289,740.419
2026-05-14 14:45:00+00:00,1.6855,3120.569,1851.464
2026-05-14 14:50:00+00:00,1.3786,2112.473,1532.35
2026-05-14 14:55:00+00:00,1.2213,1785.314,1461.818
2026-05-14 15:00:00+00:00,1.194,2228.089,1866.142
2026-05-14 15:05:00+00:00,0.8114,1371.882,1690.794
2026-05-14 15:10:00+00:00,0.9694,653.656,674.282
2026-05-14 15:15:00+00:00,0.6863,354.804,517.015
2026-05-14 15:20:00+00:00,1.0683,663.779,621.336
2026-05-14 15:25:00+00:00,0.7732,173.508,224.388
2026-05-14 15:30:00+00:00,0.7529,327.202,434.613
2026-05-14 15:35:00+00:00,0.68,361.501,531.657
2026-05-14 15:40:00+00:00,1.0993,262.929,239.176
2026-05-14 15:45:00+00:00,0.9366,325.829,347.873
2026-05-14 15:50:00+00:00,1.7606,1659.48,942.561
2026-05-14 15:55:00+00:00,1.9796,1323.271,668.439
2026-05-14 16:00:00+00:00,1.8276,3277.19,1793.149
2026-05-14 16:05:00+00:00,1.5872,764.309,481.537
2026-05-14 16:10:00+00:00,1.1329,1088.887,961.183
2026-05-14 16:15:00+00:00,0.6799,522.636,768.666
2026-05-14 16:20:00+00:00,0.7312,540.299,738.944
2026-05-14 16:25:00+00:00,1.3488,784.148,581.387
2026-05-14 16:30:00+00:00,0.6822,472.727,692.909
2026-05-14 16:35:00+00:00,1.0833,711.766,657.005
2026-05-14 16:40:00+00:00,0.9504,700.422,737.008
2026-05-14 16:45:00+00:00,0.7987,321.113,402.024
2026-05-14 16:50:00+00:00,0.6044,817.601,1352.638
2026-05-14 16:55:00+00:00,2.1557,2570.997,1192.671
2026-05-14 17:00:00+00:00,1.3137,2340.43,1781.494
2026-05-14 17:05:00+00:00,0.9318,1217.459,1306.497
2026-05-14 17:10:00+00:00,0.7198,736.553,1023.286
2026-05-14 17:15:00+00:00,0.6447,1116.876,1732.315
2026-05-14 17:20:00+00:00,0.7495,906.006,1208.734
2026-05-14 17:25:00+00:00,2.2975,729.477,317.506
2026-05-14 17:30:00+00:00,1.5604,752.023,481.931
2026-05-14 17:35:00+00:00,1.5382,558.798,363.282
2026-05-14 17:40:00+00:00,1.0233,257.782,251.918
2026-05-14 17:45:00+00:00,0.9444,357.602,378.648
2026-05-14 17:50:00+00:00,0.8232,136.085,165.314
2026-05-14 17:55:00+00:00,0.3882,132.396,341.059
2026-05-14 18:00:00+00:00,0.7501,386.16,514.823
2026-05-14 18:05:00+00:00,1.7434,316.6,181.594
2026-05-14 18:10:00+00:00,1.6931,548.836,324.162
2026-05-14 18:15:00+00:00,0.9964,225.681,226.487
2026-05-14 18:20:00+00:00,1.3402,511.1,381.366
2026-05-14 18:25:00+00:00,0.7009,236.593,337.547
2026-05-14 18:30:00+00:00,0.5324,556.691,1045.716
2026-05-14 18:35:00+00:00,1.2855,335.756,261.179
2026-05-14 18:40:00+00:00,0.9791,173.829,177.539
2026-05-14 18:45:00+00:00,1.1771,154.638,131.37
2026-05-14 18:50:00+00:00,0.7138,156.406,219.107
2026-05-14 18:55:00+00:00,1.5838,210.438,132.871
2026-05-14 19:00:00+00:00,0.9294,225.284,242.397
2026-05-14 19:05:00+00:00,0.9198,94.542,102.788
2026-05-14 19:10:00+00:00,0.5502,74.577,135.538
2026-05-14 19:15:00+00:00,1.8139,437.481,241.182
2026-05-14 19:20:00+00:00,0.6929,173.895,250.957
2026-05-14 19:25:00+00:00,0.8803,570.952,648.62
2026-05-14 19:30:00+00:00,2.3867,366.887,153.723
2026-05-14 19:35:00+00:00,1.0515,148.641,141.366
2026-05-14 19:40:00+00:00,1.0983,142.397,129.654
2026-05-14 19:45:00+00:00,0.9429,105.223,111.591
2026-05-14 19:50:00+00:00,1.0346,155.207,150.015
2026-05-14 19:55:00+00:00,0.4562,143.146,313.798
2026-05-14 20:00:00+00:00,1.3159,246.377,187.229
2026-05-14 20:05:00+00:00,0.8613,145.048,168.404
2026-05-14 20:10:00+00:00,0.4504,61.154,135.786
2026-05-14 20:15:00+00:00,0.9105,125.414,137.741
2026-05-14 20:20:00+00:00,0.7931,201.441,253.976
2026-05-14 20:25:00+00:00,0.6126,94.234,153.825
2026-05-14 20:35:00+00:00,0.5522,117.703,213.137
2026-05-14 20:40:00+00:00,2.1008,191.115,90.971
2026-05-14 20:45:00+00:00,2.4983,211.013,84.462
2026-05-14 20:50:00+00:00,1.2852,141.159,109.834
2026-05-14 20:55:00+00:00,1.4066,91.52,65.064
2026-05-14 21:00:00+00:00,1.5066,110.02,73.023
2026-05-14 21:05:00+00:00,1.0733,38.604,35.968
2026-05-14 21:10:00+00:00,0.7229,40.641,56.223
2026-05-14 21:15:00+00:00,1.1751,71.849,61.145
2026-05-14 21:20:00+00:00,0.953,84.612,88.784
2026-05-14 21:25:00+00:00,1.9344,120.461,62.273
2026-05-14 21:30:00+00:00,1.0346,105.623,102.086
2026-05-14 21:35:00+00:00,1.286,90.503,70.373
2026-05-14 21:40:00+00:00,1.6367,70.41,43.02
2026-05-14 21:45:00+00:00,0.5694,45.899,80.613
2026-05-14 21:50:00+00:00,1.665,64.399,38.679
2026-05-14 21:55:00+00:00,0.6816,78.217,114.761
2026-05-14 22:00:00+00:00,0.9237,134.164,145.239
2026-05-14 22:05:00+00:00,0.8115,97.254,119.846
2026-05-14 22:10:00+00:00,1.9144,70.299,36.721
2026-05-14 22:15:00+00:00,1.2607,89.971,71.365
2026-05-14 22:20:00+00:00,1.9452,42.653,21.927
2026-05-14 22:25:00+00:00,1.6037,43.382,27.052
2026-05-14 22:30:00+00:00,1.7997,114.097,63.398
2026-05-14 22:35:00+00:00,2.4285,93.986,38.702
2026-05-14 22:40:00+00:00,1.1356,76.983,67.793
2026-05-14 22:45:00+00:00,1.4715,106.975,72.699
2026-05-14 22:50:00+00:00,0.6575,47.526,72.284
2026-05-14 22:55:00+00:00,1.069,59.925,56.056
2026-05-14 23:00:00+00:00,0.4442,100.937,227.255
2026-05-14 23:05:00+00:00,0.6416,189.008,294.575
2026-05-14 23:10:00+00:00,1.3395,104.757,78.206
2026-05-14 23:15:00+00:00,1.1818,68.059,57.588
2026-05-14 23:20:00+00:00,1.7302,142.854,82.567
2026-05-14 23:25:00+00:00,2.1373,126.864,59.356
2026-05-14 23:30:00+00:00,0.9714,59.529,61.282
2026-05-14 23:35:00+00:00,0.9865,57.331,58.114
2026-05-14 23:40:00+00:00,0.3884,25.886,66.642
2026-05-14 23:45:00+00:00,0.5007,240.719,480.724
2026-05-14 23:50:00+00:00,1.347,231.462,171.834
2026-05-14 23:55:00+00:00,0.8602,99.227,115.359
2026-05-15 00:00:00+00:00,3.5061,631.418,180.091
2026-05-15 00:05:00+00:00,2.0554,265.783,129.307
2026-05-15 00:10:00+00:00,1.5502,228.105,147.149
2026-05-15 00:15:00+00:00,1.075,343.623,319.661
2026-05-15 00:20:00+00:00,0.8196,77.314,94.326
2026-05-15 00:25:00+00:00,1.2937,115.779,89.497
2026-05-15 00:30:00+00:00,1.6463,535.171,325.084
2026-05-15 00:35:00+00:00,0.4789,97.151,202.859
2026-05-15 00:40:00+00:00,0.7142,205.573,287.836
2026-05-15 00:45:00+00:00,1.5498,257.018,165.837
2026-05-15 00:50:00+00:00,0.673,84.718,125.874
2026-05-15 00:55:00+00:00,1.1022,66.847,60.647
2026-05-15 01:00:00+00:00,1.3521,145.893,107.903
2026-05-15 01:05:00+00:00,1.2552,156.791,124.917
2026-05-15 01:10:00+00:00,1.0283,121.082,117.744
2026-05-15 01:15:00+00:00,1.9953,166.789,83.592
2026-05-15 01:20:00+00:00,0.6542,78.407,119.859
2026-05-15 01:25:00+00:00,0.5513,82.92,150.412
2026-05-15 01:30:00+00:00,1.2208,301.189,246.708
2026-05-15 01:35:00+00:00,1.396,207.624,148.732
2026-05-15 01:40:00+00:00,1.32,75.945,57.532
2026-05-15 01:45:00+00:00,0.6864,96.594,140.732
2026-05-15 01:50:00+00:00,1.1936,260.062,217.875
2026-05-15 01:55:00+00:00,0.7995,108.199,135.335
2026-05-15 02:00:00+00:00,0.6563,549.025,836.546
2026-05-15 02:05:00+00:00,1.0451,329.92,315.668
2026-05-15 02:10:00+00:00,0.5962,418.221,701.455
2026-05-15 02:15:00+00:00,1.194,300.269,251.473
2026-05-15 02:20:00+00:00,1.0157,154.332,151.942
2026-05-15 02:25:00+00:00,0.4225,143.786,340.289
2026-05-15 02:30:00+00:00,0.7069,538.686,762.059
2026-05-15 02:35:00+00:00,2.5984,269.624,103.765
2026-05-15 02:40:00+00:00,2.7503,537.008,195.253
2026-05-15 02:45:00+00:00,1.3869,410.919,296.292
2026-05-15 02:50:00+00:00,1.7017,632.089,371.452
2026-05-15 02:55:00+00:00,1.2249,187.831,153.348
2026-05-15 03:00:00+00:00,0.7798,154.403,197.997
2026-05-15 03:05:00+00:00,0.6674,129.934,194.692
2026-05-15 03:10:00+00:00,1.2437,79.24,63.715
2026-05-15 03:15:00+00:00,0.9473,63.204,66.717
2026-05-15 03:20:00+00:00,0.8958,49.325,55.063
2026-05-15 03:25:00+00:00,2.1795,94.707,43.454
2026-05-15 03:30:00+00:00,0.4915,289.191,588.353
2026-05-15 03:35:00+00:00,2.1617,604.837,279.795
2026-05-15 03:40:00+00:00,2.1319,257.343,120.71
2026-05-15 03:45:00+00:00,0.8562,73.588,85.95
2026-05-15 03:50:00+00:00,3.9638,403.83,101.88
2026-05-15 03:55:00+00:00,1.8541,123.906,66.827
2026-05-15 04:00:00+00:00,0.6195,57.887,93.44
2026-05-15 04:05:00+00:00,1.5338,117.761,76.775
2026-05-15 04:10:00+00:00,1.262,70.968,56.233
2026-05-15 04:15:00+00:00,0.6972,41.202,59.099
2026-05-15 04:20:00+00:00,0.803,157.967,196.712
2026-05-15 04:25:00+00:00,0.477,65.288,136.864
2026-05-15 04:30:00+00:00,1.1866,126.496,106.608
2026-05-15 04:35:00+00:00,0.8385,66.343,79.124
2026-05-15 04:40:00+00:00,0.8684,123.116,141.772
2026-05-15 04:45:00+00:00,1.4567,168.246,115.496
2026-05-15 04:50:00+00:00,0.7502,206.149,274.783
2026-05-15 04:55:00+00:00,0.5706,271.942,476.567
2026-05-15 05:00:00+00:00,0.957,488.394,510.358
2026-05-15 05:05:00+00:00,0.6068,218.924,360.773
2026-05-15 05:10:00+00:00,1.6568,247.189,149.193
2026-05-15 05:15:00+00:00,1.0967,145.734,132.89
2026-05-15 05:20:00+00:00,1.5116,153.214,101.356
2026-05-15 05:25:00+00:00,1.1312,147.54,130.423
2026-05-15 05:30:00+00:00,0.653,795.702,1218.612
2026-05-15 05:35:00+00:00,0.749,1720.551,2297.0
2026-05-15 05:40:00+00:00,1.4871,551.213,370.658
2026-05-15 05:45:00+00:00,1.0355,332.27,320.877
2026-05-15 05:50:00+00:00,1.6177,356.668,220.485
2026-05-15 05:55:00+00:00,0.9848,298.646,303.245
2026-05-15 06:00:00+00:00,1.066,406.362,381.197
2026-05-15 06:05:00+00:00,1.073,235.374,219.361
2026-05-15 06:10:00+00:00,1.5033,216.089,143.742
2026-05-15 06:15:00+00:00,1.0965,238.219,217.256
2026-05-15 06:20:00+00:00,1.7066,405.387,237.545
2026-05-15 06:25:00+00:00,1.4406,260.032,180.502
2026-05-15 06:30:00+00:00,1.3138,284.438,216.502
2026-05-15 06:35:00+00:00,1.0779,203.527,188.822
2026-05-15 06:40:00+00:00,1.0816,273.645,253.006
2026-05-15 06:45:00+00:00,0.7949,148.782,187.159
2026-05-15 06:50:00+00:00,1.5361,152.829,99.489
2026-05-15 06:55:00+00:00,0.7776,120.743,155.283
2026-05-15 07:00:00+00:00,1.2626,230.988,182.941
2026-05-15 07:05:00+00:00,1.0071,244.302,242.59
2026-05-15 07:10:00+00:00,1.5809,416.829,263.662
2026-05-15 07:15:00+00:00,1.0392,202.808,195.157
2026-05-15 07:20:00+00:00,1.8202,756.102,415.405
2026-05-15 07:25:00+00:00,1.0564,546.395,517.214
2026-05-15 07:30:00+00:00,0.8267,370.281,447.881
2026-05-15 07:35:00+00:00,0.8118,145.986,179.819
2026-05-15 07:40:00+00:00,0.8831,220.906,250.162
2026-05-15 07:45:00+00:00,0.9414,124.53,132.286
2026-05-15 07:50:00+00:00,1.0662,131.326,123.168
2026-05-15 07:55:00+00:00,1.1033,119.498,108.305
2026-05-15 08:00:00+00:00,0.4838,192.287,397.461
2026-05-15 08:05:00+00:00,1.1512,138.744,120.519
2026-05-15 08:10:00+00:00,0.9291,102.037,109.823
2026-05-15 08:15:00+00:00,0.6635,199.345,300.46
2026-05-15 08:20:00+00:00,0.5714,74.4,130.213
2026-05-15 08:25:00+00:00,0.657,176.418,268.523
2026-05-15 08:30:00+00:00,1.0452,369.423,353.439
2026-05-15 08:35:00+00:00,1.6067,240.028,149.396
2026-05-15 08:40:00+00:00,0.9595,160.124,166.887
2026-05-15 08:45:00+00:00,0.749,76.542,102.197
2026-05-15 08:50:00+00:00,0.8905,98.453,110.557
2026-05-15 08:55:00+00:00,1.5141,87.575,57.838
2026-05-15 09:00:00+00:00,0.6981,83.644,119.81
2026-05-15 09:05:00+00:00,0.8021,74.355,92.702
2026-05-15 09:10:00+00:00,0.7427,60.883,81.977
2026-05-15 09:15:00+00:00,0.8421,89.337,106.089
2026-05-15 09:20:00+00:00,0.5357,115.314,215.247
2026-05-15 09:25:00+00:00,0.9519,178.689,187.725
2026-05-15 09:30:00+00:00,1.2062,137.965,114.38
2026-05-15 09:35:00+00:00,0.8976,88.025,98.072
2026-05-15 09:40:00+00:00,1.0743,195.75,182.209
2026-05-15 09:45:00+00:00,1.1686,188.665,161.439
2026-05-15 09:50:00+00:00,0.643,175.877,273.539
2026-05-15 09:55:00+00:00,2.675,302.656,113.144
2026-05-15 10:00:00+00:00,0.9358,264.391,282.519
2026-05-15 10:05:00+00:00,0.9939,156.237,157.198
2026-05-15 10:10:00+00:00,0.7984,166.33,208.335
2026-05-15 10:15:00+00:00,1.0211,113.781,111.431
2026-05-15 10:20:00+00:00,2.5445,171.926,67.568
2026-05-15 10:25:00+00:00,0.7805,53.755,68.871
2026-05-15 10:30:00+00:00,1.798,70.271,39.083
2026-05-15 10:35:00+00:00,0.4433,99.503,224.483
2026-05-15 10:40:00+00:00,1.4755,182.04,123.372
2026-05-15 10:45:00+00:00,1.5791,488.674,309.46
2026-05-15 10:50:00+00:00,1.644,396.747,241.334
2026-05-15 10:55:00+00:00,1.3758,159.308,115.789
2026-05-15 11:00:00+00:00,0.495,117.192,236.751
2026-05-15 11:05:00+00:00,0.7685,79.957,104.044
2026-05-15 11:10:00+00:00,1.1421,76.798,67.244
2026-05-15 11:15:00+00:00,0.9484,73.715,77.726
2026-05-15 11:20:00+00:00,0.2934,52.547,179.111
2026-05-15 11:25:00+00:00,1.8792,63.584,33.836
2026-05-15 11:30:00+00:00,0.5181,35.874,69.24
2026-05-15 11:35:00+00:00,0.7874,61.789,78.471
2026-05-15 11:40:00+00:00,1.5396,90.158,58.561
2026-05-15 11:45:00+00:00,1.5204,122.821,80.784
2026-05-15 11:50:00+00:00,1.1404,74.324,65.171
2026-05-15 11:55:00+00:00,0.6076,64.821,106.692
2026-05-15 12:00:00+00:00,0.4337,196.002,451.971
2026-05-15 12:05:00+00:00,1.3461,640.109,475.525
2026-05-15 12:10:00+00:00,0.5961,132.747,222.697
2026-05-15 12:15:00+00:00,1.2969,357.139,275.371
2026-05-15 12:20:00+00:00,1.1367,384.686,338.424
2026-05-15 12:25:00+00:00,1.2828,114.516,89.267
2026-05-15 12:30:00+00:00,0.7676,521.909,679.887
2026-05-15 12:35:00+00:00,0.5033,106.838,212.265
2026-05-15 12:40:00+00:00,0.6796,91.884,135.213
2026-05-15 12:45:00+00:00,1.5082,231.917,153.767
2026-05-15 12:50:00+00:00,0.3698,219.183,592.749
2026-05-15 12:55:00+00:00,1.7758,161.192,90.772
2026-05-15 13:00:00+00:00,0.6679,1171.361,1753.81
2026-05-15 13:05:00+00:00,1.0731,425.397,396.415
2026-05-15 13:10:00+00:00,0.8452,551.506,652.544
2026-05-15 13:15:00+00:00,1.2643,320.176,253.242
2026-05-15 13:20:00+00:00,1.7415,395.977,227.375
2026-05-15 13:25:00+00:00,0.6058,539.528,890.609
2026-05-15 13:30:00+00:00,0.8333,2521.556,3025.878
2026-05-15 13:35:00+00:00,0.662,1946.87,2940.998
2026-05-15 13:40:00+00:00,0.9435,2150.264,2279.053
2026-05-15 13:45:00+00:00,1.0183,2080.828,2043.409
2026-05-15 13:50:00+00:00,0.8584,3233.499,3766.992
2026-05-15 13:55:00+00:00,1.3983,2230.86,1595.409
2026-05-15 14:00:00+00:00,1.5317,2645.311,1727.02
2026-05-15 14:05:00+00:00,1.6803,1477.717,879.445
2026-05-15 14:10:00+00:00,1.5214,1491.667,980.467
2026-05-15 14:15:00+00:00,1.3029,905.202,694.757
2026-05-15 14:20:00+00:00,1.5853,998.486,629.839
2026-05-15 14:25:00+00:00,0.9987,667.586,668.463
2026-05-15 14:30:00+00:00,0.9515,699.052,734.696
2026-05-15 14:35:00+00:00,1.427,415.034,290.846
2026-05-15 14:40:00+00:00,1.2701,463.184,364.684
2026-05-15 14:45:00+00:00,0.8203,501.018,610.791
2026-05-15 14:50:00+00:00,1.3853,274.896,198.441
2026-05-15 14:55:00+00:00,1.0621,311.639,293.417
2026-05-15 15:00:00+00:00,1.6119,429.458,266.431
2026-05-15 15:05:00+00:00,1.6904,288.853,170.88
2026-05-15 15:10:00+00:00,0.8034,270.305,336.457
2026-05-15 15:15:00+00:00,1.2042,302.507,251.204
2026-05-15 15:20:00+00:00,1.2515,476.763,380.941
2026-05-15 15:25:00+00:00,1.2209,245.219,200.858
2026-05-15 15:30:00+00:00,0.7053,218.142,309.291
2026-05-15 15:35:00+00:00,0.9694,163.27,168.431
2026-05-15 15:40:00+00:00,0.752,226.131,300.688
2026-05-15 15:45:00+00:00,1.0905,272.438,249.834
2026-05-15 15:50:00+00:00,1.7257,166.671,96.582
2026-05-15 15:55:00+00:00,0.4165,117.457,282.023
2026-05-15 16:00:00+00:00,0.7048,165.386,234.641
2026-05-15 16:05:00+00:00,0.5139,135.007,262.694
2026-05-15 16:10:00+00:00,0.9956,215.083,216.043
2026-05-15 16:15:00+00:00,1.1456,91.492,79.863
2026-05-15 16:20:00+00:00,1.9262,311.886,161.916
2026-05-15 16:25:00+00:00,1.4063,162.183,115.33
2026-05-15 16:30:00+00:00,1.5969,342.326,214.371
2026-05-15 16:35:00+00:00,0.7152,94.089,131.549
2026-05-15 16:40:00+00:00,0.6921,57.984,83.783
2026-05-15 16:45:00+00:00,0.5293,165.056,311.838
2026-05-15 16:50:00+00:00,0.623,99.555,159.798
2026-05-15 16:55:00+00:00,0.6752,61.005,90.351
2026-05-15 17:00:00+00:00,0.8691,118.657,136.524
2026-05-15 17:05:00+00:00,0.9301,146.704,157.728
2026-05-15 17:10:00+00:00,0.8659,94.285,108.891
2026-05-15 17:15:00+00:00,0.8623,73.546,85.288
2026-05-15 17:20:00+00:00,1.242,100.915,81.252
2026-05-15 17:25:00+00:00,1.333,522.037,391.636
2026-05-15 17:30:00+00:00,1.5431,316.316,204.992
2026-05-15 17:35:00+00:00,1.5592,248.68,159.497
2026-05-15 17:40:00+00:00,0.5554,91.209,164.215
2026-05-15 17:45:00+00:00,1.0953,91.72,83.738
2026-05-15 17:50:00+00:00,0.5586,43.465,77.814
2026-05-15 17:55:00+00:00,1.9725,189.613,96.127
2026-05-15 18:00:00+00:00,1.5647,383.923,245.367
2026-05-15 18:05:00+00:00,0.6584,129.923,197.326
2026-05-15 18:10:00+00:00,0.7828,87.858,112.24
2026-05-15 18:15:00+00:00,0.4178,201.143,481.472
2026-05-15 18:20:00+00:00,1.5619,217.135,139.016
2026-05-15 18:25:00+00:00,0.4451,76.247,171.319
2026-05-15 18:30:00+00:00,0.4993,125.541,251.417
2026-05-15 18:35:00+00:00,1.1288,116.304,103.032
2026-05-15 18:40:00+00:00,0.8776,63.772,72.668
2026-05-15 18:45:00+00:00,1.0014,64.307,64.22
2026-05-15 18:50:00+00:00,1.1241,75.32,67.005
2026-05-15 18:55:00+00:00,0.4099,61.86,150.899
2026-05-15 19:00:00+00:00,0.3659,233.368,637.851
2026-05-15 19:05:00+00:00,0.6012,100.184,166.629
2026-05-15 19:10:00+00:00,0.74,128.072,173.077
2026-05-15 19:15:00+00:00,1.0897,192.037,176.232
2026-05-15 19:20:00+00:00,0.9165,110.073,120.103
2026-05-15 19:25:00+00:00,0.6842,109.893,160.613
2026-05-15 19:30:00+00:00,1.5342,99.289,64.717
2026-05-15 19:35:00+00:00,1.1217,75.536,67.341
2026-05-15 19:40:00+00:00,0.7868,63.001,80.077
2026-05-15 19:45:00+00:00,0.7048,49.475,70.196
2026-05-15 19:50:00+00:00,0.8064,84.958,105.359
2026-05-15 19:55:00+00:00,0.7232,94.79,131.066
2026-05-15 20:00:00+00:00,1.0802,167.443,155.018
2026-05-15 20:05:00+00:00,0.5989,79.368,132.533
2026-05-15 20:10:00+00:00,1.3649,70.005,51.29
2026-05-15 20:15:00+00:00,0.8367,42.905,51.276
2026-05-15 20:20:00+00:00,0.8219,69.766,84.882
2026-05-15 20:25:00+00:00,2.838,93.709,33.019
2026-05-15 20:30:00+00:00,0.4168,57.353,137.607
2026-05-15 20:35:00+00:00,0.7526,44.199,58.728
2026-05-15 20:40:00+00:00,0.4884,46.143,94.487
2026-05-15 20:45:00+00:00,0.4965,136.287,274.5
2026-05-15 20:50:00+00:00,0.6904,101.71,147.316
2026-05-15 20:55:00+00:00,0.5321,58.23,109.431
2026-05-15 21:00:00+00:00,1.3631,110.237,80.871
2026-05-15 21:05:00+00:00,0.7499,37.965,50.628
2026-05-15 21:10:00+00:00,1.8032,64.173,35.589
2026-05-15 21:15:00+00:00,1.832,56.289,30.726
2026-05-15 21:20:00+00:00,0.576,57.97,100.647
2026-05-15 21:25:00+00:00,0.7769,53.088,68.331
2026-05-15 21:30:00+00:00,0.9854,59.357,60.236
2026-05-15 21:35:00+00:00,0.8084,36.039,44.583
2026-05-15 21:40:00+00:00,1.1828,48.49,40.995
2026-05-15 21:45:00+00:00,0.7048,95.513,135.512
2026-05-15 21:50:00+00:00,0.6117,51.448,84.104
2026-05-15 21:55:00+00:00,0.5329,294.322,552.306
2026-05-15 22:00:00+00:00,1.5743,158.3,100.551
2026-05-15 22:05:00+00:00,1.463,55.543,37.965
2026-05-15 22:10:00+00:00,1.1044,68.572,62.092
2026-05-15 22:15:00+00:00,0.9842,47.942,48.713
2026-05-15 22:20:00+00:00,0.8174,60.763,74.336
2026-05-15 22:25:00+00:00,1.7695,64.861,36.655
2026-05-15 22:30:00+00:00,1.1948,59.682,49.951
2026-05-15 22:35:00+00:00,2.1127,72.184,34.167
2026-05-15 22:40:00+00:00,1.8595,45.778,24.619
2026-05-15 22:45:00+00:00,1.619,56.193,34.709
2026-05-15 22:50:00+00:00,0.8313,23.657,28.459
2026-05-15 22:55:00+00:00,2.0943,78.637,37.549
2026-05-15 23:00:00+00:00,0.6842,59.909,87.564
2026-05-15 23:05:00+00:00,0.6831,41.725,61.078
2026-05-15 23:10:00+00:00,0.8253,25.022,30.318
2026-05-15 23:15:00+00:00,0.9403,177.507,188.781
2026-05-15 23:20:00+00:00,0.927,41.946,45.249
2026-05-15 23:25:00+00:00,1.3209,24.642,18.655
2026-05-15 23:30:00+00:00,1.1019,31.979,29.023
2026-05-15 23:35:00+00:00,0.4765,24.903,52.26
2026-05-15 23:40:00+00:00,1.5583,26.336,16.9
2026-05-15 23:45:00+00:00,0.704,34.448,48.932
2026-05-15 23:50:00+00:00,2.3625,70.283,29.75
2026-05-15 23:55:00+00:00,0.5623,18.32,32.582
2026-05-16 00:00:00+00:00,0.7821,91.361,116.813
2026-05-16 00:05:00+00:00,1.925,210.163,109.175
2026-05-16 00:10:00+00:00,2.1434,42.583,19.867
2026-05-16 00:15:00+00:00,1.2424,45.519,36.639
2026-05-16 00:20:00+00:00,2.1991,73.011,33.2
2026-05-16 00:25:00+00:00,2.6733,135.543,50.703
2026-05-16 00:30:00+00:00,1.7124,65.648,38.337
2026-05-16 00:35:00+00:00,2.6111,73.186,28.029
2026-05-16 00:40:00+00:00,0.342,75.084,219.526
2026-05-16 00:45:00+00:00,0.4608,37.933,82.312
2026-05-16 00:50:00+00:00,0.5796,54.569,94.144
2026-05-16 00:55:00+00:00,0.767,57.021,74.346
2026-05-16 01:00:00+00:00,0.5471,47.489,86.801
2026-05-16 01:05:00+00:00,1.4807,43.39,29.303
2026-05-16 01:10:00+00:00,0.5836,36.323,62.239
2026-05-16 01:15:00+00:00,1.0209,71.857,70.387
2026-05-16 01:20:00+00:00,2.5465,146.403,57.492
2026-05-16 01:25:00+00:00,0.2991,68.616,229.444
2026-05-16 01:30:00+00:00,1.4545,112.128,77.093
2026-05-16 01:35:00+00:00,0.6797,48.413,71.224
2026-05-16 01:40:00+00:00,1.2047,112.363,93.27
2026-05-16 01:45:00+00:00,2.1785,89.89,41.263
2026-05-16 01:50:00+00:00,5.9217,175.756,29.68
2026-05-16 01:55:00+00:00,1.3732,82.212,59.871
2026-05-16 02:00:00+00:00,4.1199,188.633,45.786
2026-05-16 02:05:00+00:00,1.2481,60.36,48.361
2026-05-16 02:10:00+00:00,1.5159,61.521,40.585
2026-05-16 02:15:00+00:00,2.4668,141.771,57.471
2026-05-16 02:20:00+00:00,0.4621,18.523,40.085
2026-05-16 02:25:00+00:00,0.6834,40.977,59.959
2026-05-16 02:30:00+00:00,0.4244,50.473,118.919
2026-05-16 02:35:00+00:00,0.8763,55.149,62.933
2026-05-16 02:40:00+00:00,1.3309,80.302,60.335
2026-05-16 02:45:00+00:00,0.7427,45.79,61.654
2026-05-16 02:50:00+00:00,0.8476,15.497,18.283
2026-05-16 02:55:00+00:00,2.4044,49.835,20.727
2026-05-16 03:00:00+00:00,1.5142,85.606,56.537
2026-05-16 03:05:00+00:00,0.6712,31.105,46.344
2026-05-16 03:10:00+00:00,3.7743,115.607,30.63
2026-05-16 03:15:00+00:00,0.537,34.47,64.189
2026-05-16 03:20:00+00:00,0.7826,31.88,40.737
2026-05-16 03:25:00+00:00,1.4454,42.246,29.227
2026-05-16 03:30:00+00:00,0.9086,34.833,38.337
2026-05-16 03:35:00+00:00,0.243,12.48,51.359
2026-05-16 03:40:00+00:00,0.191,25.314,132.507
2026-05-16 03:45:00+00:00,1.487,86.548,58.204
2026-05-16 03:50:00+00:00,1.5181,115.048,75.785
2026-05-16 03:55:00+00:00,0.6744,41.098,60.939
2026-05-16 04:00:00+00:00,0.5244,127.874,243.829
2026-05-16 04:05:00+00:00,2.9211,125.587,42.993
2026-05-16 04:10:00+00:00,0.6553,58.475,89.233
2026-05-16 04:15:00+00:00,0.2768,17.452,63.046
2026-05-16 04:20:00+00:00,2.5025,72.73,29.063
2026-05-16 04:25:00+00:00,0.63,32.684,51.876
2026-05-16 04:30:00+00:00,0.3999,393.829,984.914
2026-05-16 04:35:00+00:00,1.3105,125.002,95.384
2026-05-16 04:40:00+00:00,1.5465,93.944,60.747
2026-05-16 04:45:00+00:00,1.0456,67.297,64.362
2026-05-16 04:50:00+00:00,1.7434,95.926,55.023
2026-05-16 04:55:00+00:00,4.3766,67.785,15.488
2026-05-16 05:00:00+00:00,0.608,59.902,98.518
2026-05-16 05:05:00+00:00,1.6643,62.88,37.782
2026-05-16 05:10:00+00:00,1.994,99.302,49.801
2026-05-16 05:15:00+00:00,1.5179,38.63,25.449
2026-05-16 05:20:00+00:00,0.6661,19.527,29.314
2026-05-16 05:25:00+00:00,1.212,41.348,34.115
2026-05-16 05:30:00+00:00,0.6305,49.952,79.232
2026-05-16 05:35:00+00:00,2.7495,207.342,75.412
2026-05-16 05:40:00+00:00,0.5761,92.593,160.716
2026-05-16 05:45:00+00:00,0.6589,33.561,50.934
2026-05-16 05:50:00+00:00,1.4836,24.746,16.68
2026-05-16 05:55:00+00:00,0.8485,45.213,53.283
2026-05-16 06:00:00+00:00,0.6556,77.274,117.871
2026-05-16 06:05:00+00:00,0.4364,28.461,65.22
2026-05-16 06:10:00+00:00,0.466,54.422,116.789
2026-05-16 06:15:00+00:00,0.9384,95.544,101.818
2026-05-16 06:20:00+00:00,0.5426,351.982,648.657
2026-05-16 06:25:00+00:00,0.9983,262.904,263.354
2026-05-16 06:30:00+00:00,1.7428,165.407,94.909
2026-05-16 06:35:00+00:00,0.592,58.358,98.581
2026-05-16 06:40:00+00:00,0.5776,341.569,591.317
2026-05-16 06:45:00+00:00,0.2862,557.451,1947.941
2026-05-16 06:50:00+00:00,0.4618,814.921,1764.832
2026-05-16 06:55:00+00:00,0.833,282.726,339.397
2026-05-16 07:00:00+00:00,0.7367,239.279,324.811
2026-05-16 07:05:00+00:00,0.775,377.108,486.611
2026-05-16 07:10:00+00:00,0.5604,1496.862,2670.901
2026-05-16 07:15:00+00:00,1.0334,1333.229,1290.176
2026-05-16 07:20:00+00:00,1.3805,598.251,433.359
2026-05-16 07:25:00+00:00,1.0477,417.732,398.725
2026-05-16 07:30:00+00:00,0.7258,392.945,541.365
2026-05-16 07:35:00+00:00,1.8675,525.971,281.65
2026-05-16 07:40:00+00:00,2.0096,480.076,238.888
2026-05-16 07:45:00+00:00,0.732,167.074,228.232
2026-05-16 07:50:00+00:00,0.7519,185.841,247.154
2026-05-16 07:55:00+00:00,1.2344,240.841,195.102
2026-05-16 08:00:00+00:00,1.1892,237.989,200.119
2026-05-16 08:05:00+00:00,2.2058,269.338,122.103
2026-05-16 08:10:00+00:00,1.5217,169.483,111.377
2026-05-16 08:15:00+00:00,1.3482,80.6,59.783
2026-05-16 08:20:00+00:00,1.3543,173.131,127.836
2026-05-16 08:25:00+00:00,2.1118,73.673,34.887
2026-05-16 08:30:00+00:00,1.0916,177.838,162.915
2026-05-16 08:35:00+00:00,2.2073,101.955,46.19
2026-05-16 08:40:00+00:00,1.5298,393.384,257.143
2026-05-16 08:45:00+00:00,0.3776,105.399,279.15
2026-05-16 08:50:00+00:00,0.7061,76.687,108.606
2026-05-16 08:55:00+00:00,1.8056,136.364,75.522
2026-05-16 09:00:00+00:00,1.372,75.684,55.164
2026-05-16 09:05:00+00:00,0.5624,31.962,56.827
2026-05-16 09:10:00+00:00,0.3589,173.251,482.724
2026-05-16 09:15:00+00:00,0.4792,1640.588,3423.869
2026-05-16 09:20:00+00:00,1.192,723.912,607.287
2026-05-16 09:25:00+00:00,1.1318,324.272,286.498
2026-05-16 09:30:00+00:00,1.8198,354.904,195.026
2026-05-16 09:35:00+00:00,1.3988,263.304,188.235
2026-05-16 09:40:00+00:00,0.9038,153.407,169.73
2026-05-16 09:45:00+00:00,0.9797,264.553,270.039
2026-05-16 09:50:00+00:00,0.7971,295.488,370.712
2026-05-16 09:55:00+00:00,1.0725,132.419,123.467
2026-05-16 10:00:00+00:00,0.6262,313.575,500.754
2026-05-16 10:05:00+00:00,0.4251,496.456,1167.725
2026-05-16 10:10:00+00:00,0.8788,573.762,652.89
2026-05-16 10:15:00+00:00,0.544,268.306,493.236
2026-05-16 10:20:00+00:00,0.9706,125.72,129.53
2026-05-16 10:25:00+00:00,0.7532,1061.308,1409.045
2026-05-16 10:30:00+00:00,1.903,599.367,314.954
2026-05-16 10:35:00+00:00,0.9285,447.844,482.337
2026-05-16 10:40:00+00:00,1.1138,117.609,105.597
2026-05-16 10:45:00+00:00,1.5981,179.479,112.31
2026-05-16 10:50:00+00:00,0.8153,130.919,160.581
2026-05-16 10:55:00+00:00,1.1983,157.043,131.06
2026-05-16 11:00:00+00:00,1.4231,530.275,372.624
2026-05-16 11:05:00+00:00,0.7948,230.781,290.357
2026-05-16 11:10:00+00:00,2.1521,231.655,107.643
2026-05-16 11:15:00+00:00,1.9121,308.893,161.549
2026-05-16 11:20:00+00:00,0.493,95.284,193.264
2026-05-16 11:25:00+00:00,1.9371,100.277,51.766
2026-05-16 11:30:00+00:00,1.3394,102.578,76.587
2026-05-16 11:35:00+00:00,3.1796,270.339,85.023
2026-05-16 11:40:00+00:00,1.1047,76.236,69.013
2026-05-16 11:45:00+00:00,0.4261,52.651,123.564
2026-05-16 11:50:00+00:00,0.7299,86.149,118.033
2026-05-16 11:55:00+00:00,0.3324,40.434,121.626
2026-05-16 12:00:00+00:00,1.0467,134.808,128.796
2026-05-16 12:05:00+00:00,1.0661,80.584,75.59
2026-05-16 12:10:00+00:00,0.482,38.129,79.108
2026-05-16 12:15:00+00:00,0.6172,137.552,222.866
2026-05-16 12:20:00+00:00,1.5281,229.502,150.187
2026-05-16 12:25:00+00:00,0.8304,142.392,171.47
2026-05-16 12:30:00+00:00,1.4656,159.488,108.821
2026-05-16 12:35:00+00:00,0.7614,69.832,91.717
2026-05-16 12:40:00+00:00,0.9561,46.565,48.701
2026-05-16 12:45:00+00:00,1.6745,119.156,71.158
2026-05-16 12:50:00+00:00,0.8413,47.464,56.415
2026-05-16 12:55:00+00:00,0.1642,30.252,184.276
2026-05-16 13:00:00+00:00,0.7425,72.183,97.214
2026-05-16 13:05:00+00:00,1.4274,69.677,48.813
2026-05-16 13:10:00+00:00,0.5294,91.805,173.427
2026-05-16 13:15:00+00:00,0.9628,173.747,180.461
2026-05-16 13:20:00+00:00,0.5659,54.21,95.793
2026-05-16 13:25:00+00:00,2.0448,198.454,97.051
2026-05-16 13:30:00+00:00,0.6521,133.873,205.292
2026-05-16 13:35:00+00:00,0.6379,101.334,158.851
2026-05-16 13:40:00+00:00,2.183,119.308,54.652
2026-05-16 13:45:00+00:00,1.1772,91.847,78.021
2026-05-16 13:50:00+00:00,1.9682,165.476,84.076
2026-05-16 13:55:00+00:00,1.8235,152.641,83.71
2026-05-16 14:00:00+00:00,0.7324,138.363,188.911
2026-05-16 14:05:00+00:00,0.8443,75.131,88.982
2026-05-16 14:10:00+00:00,1.5117,90.901,60.13
2026-05-16 14:20:00+00:00,1.9627,120.462,61.375
2026-05-16 14:25:00+00:00,1.9016,207.462,109.096
2026-05-16 14:30:00+00:00,2.9912,297.316,99.398
2026-05-16 14:35:00+00:00,1.6128,313.769,194.554
2026-05-16 14:40:00+00:00,3.2415,446.963,137.889
2026-05-16 14:45:00+00:00,1.3262,926.532,698.653
2026-05-16 14:50:00+00:00,0.7234,116.13,160.538
2026-05-16 14:55:00+00:00,1.396,130.991,93.836
2026-05-16 15:00:00+00:00,2.3069,260.731,113.021
2026-05-16 15:05:00+00:00,0.7311,141.491,193.54
2026-05-16 15:10:00+00:00,1.5176,95.077,62.651
2026-05-16 15:15:00+00:00,0.6138,70.903,115.521
2026-05-16 15:20:00+00:00,1.0208,67.464,66.09
2026-05-16 15:25:00+00:00,1.361,76.886,56.493
2026-05-16 15:30:00+00:00,2.0195,157.808,78.141
2026-05-16 15:35:00+00:00,0.8561,116.605,136.201
2026-05-16 15:40:00+00:00,1.7938,77.769,43.354
2026-05-16 15:45:00+00:00,1.3203,180.356,136.601
2026-05-16 15:50:00+00:00,1.2975,57.539,44.345
2026-05-16 15:55:00+00:00,0.8029,44.64,55.601
2026-05-16 16:00:00+00:00,2.2466,446.655,198.813
2026-05-16 16:05:00+00:00,1.0185,152.188,149.421
2026-05-16 16:10:00+00:00,0.8463,147.937,174.812
2026-05-16 16:15:00+00:00,2.6103,135.543,51.927
2026-05-16 16:20:00+00:00,0.8609,74.819,86.909
2026-05-16 16:25:00+00:00,0.6144,59.82,97.365
2026-05-16 16:30:00+00:00,1.0524,65.227,61.977
2026-05-16 16:35:00+00:00,0.4112,41.517,100.956
2026-05-16 16:40:00+00:00,0.3969,117.815,296.819
2026-05-16 16:45:00+00:00,1.5374,109.151,70.995
2026-05-16 16:50:00+00:00,0.8509,95.326,112.029
2026-05-16 16:55:00+00:00,0.4363,25.121,57.575
2026-05-16 17:00:00+00:00,3.9317,103.851,26.414
2026-05-16 17:05:00+00:00,1.8426,45.53,24.709
2026-05-16 17:10:00+00:00,0.7353,17.482,23.776
2026-05-16 17:15:00+00:00,1.3487,49.025,36.351
2026-05-16 17:20:00+00:00,1.0001,28.601,28.598
2026-05-16 17:25:00+00:00,1.0718,73.936,68.985
2026-05-16 17:30:00+00:00,1.5685,62.703,39.977
2026-05-16 17:35:00+00:00,1.8682,51.614,27.628
2026-05-16 17:40:00+00:00,0.913,22.73,24.897
2026-05-16 17:45:00+00:00,0.8779,19.71,22.452
2026-05-16 17:50:00+00:00,0.5788,26.884,46.449
2026-05-16 17:55:00+00:00,0.3456,43.447,125.708
2026-05-16 18:00:00+00:00,0.4691,51.775,110.366
2026-05-16 18:05:00+00:00,0.3604,36.794,102.088
2026-05-16 18:10:00+00:00,0.4199,34.497,82.161
2026-05-16 18:15:00+00:00,0.3214,27.089,84.288
2026-05-16 18:20:00+00:00,0.3485,23.196,66.558
2026-05-16 18:25:00+00:00,4.3345,68.026,15.694
2026-05-16 18:30:00+00:00,3.0974,39.786,12.845
2026-05-16 18:35:00+00:00,0.2533,36.369,143.565
2026-05-16 18:40:00+00:00,1.6376,86.6,52.881
2026-05-16 18:45:00+00:00,2.4551,60.834,24.779
2026-05-16 18:50:00+00:00,3.0439,269.22,88.446
2026-05-16 18:55:00+00:00,1.625,66.869,41.151
2026-05-16 19:00:00+00:00,1.7262,118.001,68.358
2026-05-16 19:05:00+00:00,0.9306,34.007,36.542
2026-05-16 19:10:00+00:00,0.3833,13.647,35.604
2026-05-16 19:15:00+00:00,0.9107,29.141,31.997
2026-05-16 19:20:00+00:00,0.7661,25.297,33.019
2026-05-16 19:25:00+00:00,1.2947,25.639,19.803
2026-05-16 19:30:00+00:00,1.5528,37.091,23.886
2026-05-16 19:35:00+00:00,0.9094,46.029,50.612
2026-05-16 19:40:00+00:00,0.2876,10.388,36.12
2026-05-16 19:45:00+00:00,2.2514,127.544,56.65
2026-05-16 19:50:00+00:00,0.5725,32.492,56.751
2026-05-16 19:55:00+00:00,0.986,17.781,18.034
2026-05-16 20:00:00+00:00,1.4775,45.122,30.54
2026-05-16 20:05:00+00:00,1.3266,29.088,21.927
2026-05-16 20:10:00+00:00,0.8445,29.441,34.863
2026-05-16 20:15:00+00:00,2.3856,53.26,22.326
2026-05-16 20:20:00+00:00,0.4444,32.106,72.253
2026-05-16 20:25:00+00:00,1.8905,47.857,25.315
2026-05-16 20:30:00+00:00,0.8035,25.697,31.981
2026-05-16 20:35:00+00:00,1.1678,23.33,19.978
2026-05-16 20:40:00+00:00,0.4349,24.329,55.937
2026-05-16 20:45:00+00:00,0.2407,8.22,34.149
2026-05-16 20:50:00+00:00,1.0504,14.598,13.897
2026-05-16 20:55:00+00:00,1.7356,45.434,26.178
2026-05-16 21:00:00+00:00,0.7867,30.487,38.755
2026-05-16 21:05:00+00:00,0.6689,26.886,40.195
2026-05-16 21:10:00+00:00,1.8076,132.709,73.417
2026-05-16 21:15:00+00:00,0.7249,24.936,34.4
2026-05-16 21:20:00+00:00,0.4597,57.127,124.258
2026-05-16 21:25:00+00:00,1.4194,64.512,45.451
2026-05-16 21:30:00+00:00,1.0012,68.988,68.908
2026-05-16 21:35:00+00:00,0.4443,21.397,48.154
2026-05-16 21:40:00+00:00,2.2794,149.266,65.485
2026-05-16 21:45:00+00:00,0.6691,15.839,23.672
2026-05-16 21:50:00+00:00,2.251,50.963,22.64
2026-05-16 21:55:00+00:00,0.8914,26.103,29.284
2026-05-16 22:00:00+00:00,0.739,60.844,82.338
2026-05-16 22:05:00+00:00,0.3927,49.969,127.255
2026-05-16 22:10:00+00:00,1.4263,62.003,43.471
2026-05-16 22:15:00+00:00,1.0088,36.873,36.55
2026-05-16 22:20:00+00:00,0.408,22.688,55.609
2026-05-16 22:25:00+00:00,0.8364,20.122,24.059
2026-05-16 22:30:00+00:00,0.2809,7.172,25.529
2026-05-16 22:35:00+00:00,0.3507,10.611,30.257
2026-05-16 22:40:00+00:00,0.682,12.517,18.353
2026-05-16 22:45:00+00:00,0.6904,29.06,42.093
2026-05-16 22:50:00+00:00,0.4018,23.053,57.379
2026-05-16 22:55:00+00:00,0.1945,7.456,38.325
2026-05-16 23:00:00+00:00,0.6086,43.542,71.547
2026-05-16 23:05:00+00:00,1.4102,44.982,31.898
2026-05-16 23:10:00+00:00,0.3222,21.613,67.077
2026-05-16 23:15:00+00:00,1.6808,54.009,32.133
2026-05-16 23:20:00+00:00,0.6625,13.316,20.101
2026-05-16 23:25:00+00:00,2.4535,30.031,12.24
2026-05-16 23:30:00+00:00,1.7314,75.249,43.462
2026-05-16 23:35:00+00:00,0.6281,28.45,45.298
2026-05-16 23:40:00+00:00,0.9726,31.259,32.14
2026-05-16 23:45:00+00:00,0.6932,58.188,83.947
2026-05-16 23:50:00+00:00,0.5331,77.992,146.307
2026-05-16 23:55:00+00:00,0.6143,63.035,102.611
2026-05-17 00:00:00+00:00,2.9408,186.225,63.324
2026-05-17 00:05:00+00:00,0.7734,87.247,112.804
2026-05-17 00:10:00+00:00,0.4384,50.697,115.647
2026-05-17 00:15:00+00:00,0.4,26.267,65.672
2026-05-17 00:20:00+00:00,1.0209,68.088,66.693
2026-05-17 00:25:00+00:00,1.239,225.674,182.138
2026-05-17 00:30:00+00:00,0.2871,28.149,98.051
2026-05-17 00:35:00+00:00,1.5953,62.724,39.317
2026-05-17 00:40:00+00:00,0.5371,40.787,75.935
2026-05-17 00:45:00+00:00,0.5438,78.84,144.99
2026-05-17 00:50:00+00:00,0.3667,50.635,138.093
2026-05-17 00:55:00+00:00,0.5983,683.744,1142.762
2026-05-17 01:00:00+00:00,0.4983,416.393,835.637
2026-05-17 01:05:00+00:00,1.9919,306.62,153.933
2026-05-17 01:10:00+00:00,1.5825,175.096,110.646
2026-05-17 01:15:00+00:00,0.8797,81.446,92.579
2026-05-17 01:20:00+00:00,0.8753,72.768,83.134
2026-05-17 01:25:00+00:00,0.6384,124.542,195.07
2026-05-17 01:30:00+00:00,1.3685,168.23,122.934
2026-05-17 01:35:00+00:00,0.524,112.009,213.753
2026-05-17 01:40:00+00:00,0.4131,360.356,872.23
2026-05-17 01:45:00+00:00,1.2197,216.637,177.614
2026-05-17 01:50:00+00:00,1.0415,72.084,69.21
2026-05-17 01:55:00+00:00,0.4929,124.981,253.542
2026-05-17 02:00:00+00:00,0.9776,137.546,140.697
2026-05-17 02:05:00+00:00,1.5343,134.688,87.784
2026-05-17 02:10:00+00:00,1.7764,253.356,142.622
2026-05-17 02:15:00+00:00,2.0066,107.771,53.707
2026-05-17 02:20:00+00:00,0.3629,63.434,174.79
2026-05-17 02:25:00+00:00,0.8539,47.009,55.05
2026-05-17 02:30:00+00:00,1.298,73.409,56.554
2026-05-17 02:35:00+00:00,1.632,120.415,73.785
2026-05-17 02:40:00+00:00,1.6981,70.449,41.488
2026-05-17 02:45:00+00:00,1.2758,41.951,32.881
2026-05-17 02:50:00+00:00,2.1892,196.435,89.731
2026-05-17 02:55:00+00:00,1.0048,162.966,162.188
2026-05-17 03:00:00+00:00,2.441,193.62,79.321
2026-05-17 03:05:00+00:00,1.0703,54.052,50.502
2026-05-17 03:10:00+00:00,1.8714,92.496,49.425
2026-05-17 03:15:00+00:00,3.0081,159.466,53.013
2026-05-17 03:20:00+00:00,0.6015,55.663,92.534
2026-05-17 03:25:00+00:00,1.1017,33.997,30.86
2026-05-17 03:30:00+00:00,2.4838,111.866,45.038
2026-05-17 03:35:00+00:00,2.9985,147.664,49.246
2026-05-17 03:40:00+00:00,1.083,78.974,72.924
2026-05-17 03:45:00+00:00,0.7898,48.618,61.555
2026-05-17 03:50:00+00:00,1.0903,76.091,69.789
2026-05-17 03:55:00+00:00,0.5647,37.131,65.758
2026-05-17 04:00:00+00:00,0.6539,58.954,90.16
2026-05-17 04:05:00+00:00,1.2254,44.273,36.129
2026-05-17 04:10:00+00:00,0.9459,34.013,35.96
2026-05-17 04:15:00+00:00,2.4809,109.249,44.036
2026-05-17 04:20:00+00:00,3.1831,215.937,67.839
2026-05-17 04:25:00+00:00,1.7207,130.281,75.713
2026-05-17 04:30:00+00:00,0.797,49.141,61.659
2026-05-17 04:35:00+00:00,2.6388,112.401,42.596
2026-05-17 04:40:00+00:00,2.515,203.341,80.852
2026-05-17 04:45:00+00:00,1.3163,120.694,91.694
2026-05-17 04:50:00+00:00,1.1614,80.19,69.044
2026-05-17 04:55:00+00:00,0.7821,48.454,61.953
2026-05-17 05:00:00+00:00,0.9584,55.467,57.874
2026-05-17 05:05:00+00:00,3.7082,523.066,141.057
2026-05-17 05:10:00+00:00,0.6901,92.628,134.23
2026-05-17 05:15:00+00:00,0.5214,87.459,167.75
2026-05-17 05:20:00+00:00,1.4287,91.749,64.217
2026-05-17 05:25:00+00:00,0.7417,39.762,53.611
2026-05-17 05:30:00+00:00,0.3742,24.358,65.096
2026-05-17 05:35:00+00:00,0.7359,43.929,59.694
2026-05-17 05:40:00+00:00,0.0988,9.921,100.397
2026-05-17 05:45:00+00:00,2.2372,69.646,31.131
2026-05-17 05:50:00+00:00,0.4262,64.702,151.804
2026-05-17 05:55:00+00:00,1.3406,96.916,72.292
2026-05-17 06:00:00+00:00,1.5463,95.74,61.917
2026-05-17 06:05:00+00:00,1.4525,45.107,31.054
2026-05-17 06:10:00+00:00,1.0417,51.976,49.894
2026-05-17 06:15:00+00:00,2.3312,120.145,51.537
2026-05-17 06:20:00+00:00,0.2505,36.689,146.474
2026-05-17 06:25:00+00:00,0.5594,111.362,199.066
2026-05-17 06:30:00+00:00,2.5786,101.199,39.245
2026-05-17 06:35:00+00:00,1.2227,39.304,32.146
2026-05-17 06:40:00+00:00,0.2759,31.378,113.726
2026-05-17 06:45:00+00:00,0.3716,23.308,62.727
2026-05-17 06:50:00+00:00,3.257,42.686,13.106
2026-05-17 06:55:00+00:00,1.0761,31.877,29.624
2026-05-17 07:00:00+00:00,1.0526,48.84,46.4
2026-05-17 07:05:00+00:00,0.9454,30.038,31.772
2026-05-17 07:10:00+00:00,0.7249,33.512,46.231
2026-05-17 07:15:00+00:00,0.2877,15.065,52.361
2026-05-17 07:20:00+00:00,0.9908,47.104,47.541
2026-05-17 07:25:00+00:00,2.3447,84.249,35.932
2026-05-17 07:30:00+00:00,3.5926,166.002,46.207
2026-05-17 07:35:00+00:00,1.3257,100.602,75.886
2026-05-17 07:40:00+00:00,1.5458,48.365,31.287
2026-05-17 07:45:00+00:00,1.9094,46.489,24.347
2026-05-17 07:50:00+00:00,1.4762,85.949,58.224
2026-05-17 07:55:00+00:00,1.1048,70.072,63.426
2026-05-17 08:00:00+00:00,0.4458,73.026,163.807
2026-05-17 08:05:00+00:00,1.4413,35.305,24.495
2026-05-17 08:10:00+00:00,0.5471,23.818,43.532
2026-05-17 08:15:00+00:00,0.4206,45.282,107.657
2026-05-17 08:20:00+00:00,0.8445,52.997,62.758
2026-05-17 08:25:00+00:00,0.3672,38.841,105.785
2026-05-17 08:30:00+00:00,0.4123,34.097,82.701
2026-05-17 08:35:00+00:00,1.2559,52.815,42.052
2026-05-17 08:40:00+00:00,1.0312,66.735,64.717
2026-05-17 08:45:00+00:00,0.5748,19.602,34.102
2026-05-17 08:50:00+00:00,2.7349,47.555,17.388
2026-05-17 08:55:00+00:00,0.5442,23.369,42.941
2026-05-17 09:00:00+00:00,1.9959,69.748,34.945
2026-05-17 09:05:00+00:00,1.6693,43.06,25.795
2026-05-17 09:10:00+00:00,2.4841,46.257,18.621
2026-05-17 09:15:00+00:00,1.6513,61.838,37.447
2026-05-17 09:20:00+00:00,0.6472,38.606,59.648
2026-05-17 09:25:00+00:00,1.222,28.479,23.306
2026-05-17 09:30:00+00:00,0.6032,23.091,38.278
2026-05-17 09:35:00+00:00,0.5758,22.618,39.282
2026-05-17 09:40:00+00:00,1.269,15.238,12.008
2026-05-17 09:45:00+00:00,2.6842,63.425,23.629
2026-05-17 09:50:00+00:00,2.5943,188.037,72.48
2026-05-17 09:55:00+00:00,1.2289,415.298,337.954
2026-05-17 10:00:00+00:00,2.2792,356.702,156.506
2026-05-17 10:05:00+00:00,2.3188,315.586,136.099
2026-05-17 10:10:00+00:00,1.8545,1020.618,550.345
2026-05-17 10:15:00+00:00,0.8931,327.721,366.938
2026-05-17 10:20:00+00:00,1.6686,247.295,148.208
2026-05-17 10:25:00+00:00,1.8986,594.841,313.311
2026-05-17 10:30:00+00:00,0.8762,172.589,196.973
2026-05-17 10:35:00+00:00,0.9723,107.819,110.892
2026-05-17 10:40:00+00:00,0.6035,100.933,167.24
2026-05-17 10:45:00+00:00,0.5696,49.861,87.539
2026-05-17 10:50:00+00:00,1.324,78.794,59.512
2026-05-17 10:55:00+00:00,0.8917,54.697,61.337
2026-05-17 11:00:00+00:00,0.3605,101.696,282.115
2026-05-17 11:05:00+00:00,1.7125,88.248,51.531
2026-05-17 11:10:00+00:00,0.4038,46.338,114.741
2026-05-17 11:15:00+00:00,0.5657,123.43,218.199
2026-05-17 11:20:00+00:00,1.3437,90.644,67.46
2026-05-17 11:25:00+00:00,0.6633,42.809,64.542
2026-05-17 11:30:00+00:00,0.7233,116.286,160.782
2026-05-17 11:35:00+00:00,1.3061,36.614,28.034
2026-05-17 11:40:00+00:00,2.6541,118.843,44.777
2026-05-17 11:45:00+00:00,1.0194,93.987,92.195
2026-05-17 11:50:00+00:00,1.0933,50.27,45.979
2026-05-17 11:55:00+00:00,1.182,34.056,28.813
2026-05-17 12:00:00+00:00,1.0154,52.385,51.588
2026-05-17 12:05:00+00:00,1.9696,110.948,56.331
2026-05-17 12:10:00+00:00,1.2547,84.93,67.692
2026-05-17 12:15:00+00:00,1.1313,78.021,68.963
2026-05-17 12:20:00+00:00,2.4663,98.471,39.926
2026-05-17 12:25:00+00:00,1.8139,50.527,27.856
2026-05-17 12:30:00+00:00,0.9919,60.675,61.173
2026-05-17 12:35:00+00:00,1.4235,331.809,233.096
2026-05-17 12:40:00+00:00,2.5496,98.47,38.621
2026-05-17 12:45:00+00:00,0.3819,44.163,115.654
2026-05-17 12:50:00+00:00,0.4795,49.028,102.248
2026-05-17 12:55:00+00:00,0.6445,71.927,111.6
2026-05-17 13:00:00+00:00,0.5624,107.752,191.593
2026-05-17 13:05:00+00:00,0.8148,82.175,100.856
2026-05-17 13:10:00+00:00,0.2073,66.912,322.732
2026-05-17 13:15:00+00:00,0.5714,200.168,350.312
2026-05-17 13:20:00+00:00,0.8014,61.932,77.28
2026-05-17 13:25:00+00:00,2.4939,106.014,42.509
2026-05-17 13:30:00+00:00,0.6147,61.05,99.324
2026-05-17 13:35:00+00:00,1.422,70.715,49.73
2026-05-17 13:40:00+00:00,0.7407,56.318,76.036
2026-05-17 13:45:00+00:00,1.0986,40.996,37.318
2026-05-17 13:50:00+00:00,0.6063,53.108,87.6
2026-05-17 13:55:00+00:00,0.7083,64.602,91.201
2026-05-17 14:00:00+00:00,0.4566,126.024,276.025
2026-05-17 14:05:00+00:00,0.4008,161.541,403.011
2026-05-17 14:10:00+00:00,0.6805,107.856,158.494
2026-05-17 14:15:00+00:00,0.4681,565.203,1207.453
2026-05-17 14:20:00+00:00,1.1351,258.173,227.446
2026-05-17 14:25:00+00:00,1.6908,280.597,165.955
2026-05-17 14:30:00+00:00,0.5893,127.701,216.682
2026-05-17 14:35:00+00:00,1.2759,89.67,70.278
2026-05-17 14:40:00+00:00,2.4162,127.954,52.956
2026-05-17 14:45:00+00:00,1.6354,136.851,83.68
2026-05-17 14:50:00+00:00,0.9526,39.052,40.995
2026-05-17 14:55:00+00:00,2.3429,122.453,52.265
2026-05-17 15:00:00+00:00,1.1694,96.422,82.453
2026-05-17 15:05:00+00:00,3.1076,127.653,41.078
2026-05-17 15:10:00+00:00,1.0503,70.763,67.375
2026-05-17 15:15:00+00:00,0.9046,203.12,224.534
2026-05-17 15:20:00+00:00,1.4138,74.403,52.626
2026-05-17 15:25:00+00:00,0.3136,36.974,117.914
2026-05-17 15:30:00+00:00,1.3256,49.271,37.169
2026-05-17 15:35:00+00:00,0.3499,59.571,170.263
2026-05-17 15:40:00+00:00,0.3648,109.101,299.044
2026-05-17 15:45:00+00:00,1.9961,68.7,34.417
2026-05-17 15:50:00+00:00,0.7216,30.709,42.554
2026-05-17 15:55:00+00:00,1.6157,58.38,36.133
2026-05-17 16:00:00+00:00,1.1778,102.833,87.308
2026-05-17 16:05:00+00:00,1.3624,43.452,31.893
2026-05-17 16:10:00+00:00,0.5085,27.776,54.624
2026-05-17 16:15:00+00:00,0.8107,96.422,118.941
2026-05-17 16:20:00+00:00,1.2502,54.137,43.302
2026-05-17 16:25:00+00:00,2.8314,118.528,41.862
2026-05-17 16:30:00+00:00,1.5604,80.402,51.528
2026-05-17 16:35:00+00:00,3.3585,84.596,25.189
2026-05-17 16:40:00+00:00,3.7027,149.999,40.511
2026-05-17 16:45:00+00:00,0.4139,42.405,102.454
2026-05-17 16:50:00+00:00,0.7001,66.417,94.866
2026-05-17 16:55:00+00:00,0.4133,51.574,124.788
2026-05-17 17:00:00+00:00,0.4079,160.547,393.641
2026-05-17 17:05:00+00:00,4.8569,291.132,59.942
2026-05-17 17:10:00+00:00,0.6446,191.78,297.498
2026-05-17 17:15:00+00:00,0.7704,197.155,255.928
2026-05-17 17:20:00+00:00,1.5764,91.241,57.881
2026-05-17 17:25:00+00:00,1.2256,47.316,38.607
2026-05-17 17:30:00+00:00,0.7282,37.877,52.011
2026-05-17 17:35:00+00:00,2.0006,152.939,76.448
2026-05-17 17:40:00+00:00,2.0619,84.377,40.921
2026-05-17 17:45:00+00:00,1.1377,83.518,73.407
2026-05-17 17:50:00+00:00,0.4666,33.377,71.54
2026-05-17 17:55:00+00:00,2.0287,93.996,46.334
2026-05-17 18:00:00+00:00,1.785,267.589,149.914
2026-05-17 18:05:00+00:00,0.8464,107.74,127.292
2026-05-17 18:10:00+00:00,0.9604,57.584,59.958
2026-05-17 18:15:00+00:00,0.4011,25.229,62.893
2026-05-17 18:20:00+00:00,0.6681,60.935,91.202
2026-05-17 18:25:00+00:00,3.992,170.081,42.605
2026-05-17 18:30:00+00:00,1.0776,39.683,36.824
2026-05-17 18:35:00+00:00,1.7172,30.256,17.619
2026-05-17 18:40:00+00:00,0.6938,16.431,23.682
2026-05-17 18:45:00+00:00,1.005,33.652,33.486
2026-05-17 18:50:00+00:00,3.1252,110.908,35.488
2026-05-17 18:55:00+00:00,2.1561,151.719,70.367
2026-05-17 19:00:00+00:00,0.9186,94.805,103.209
2026-05-17 19:05:00+00:00,0.8331,63.102,75.743
2026-05-17 19:10:00+00:00,1.187,37.862,31.897
2026-05-17 19:15:00+00:00,0.6219,29.467,47.38
2026-05-17 19:20:00+00:00,0.9018,64.951,72.023
2026-05-17 19:25:00+00:00,0.7293,33.751,46.277
2026-05-17 19:30:00+00:00,0.554,20.271,36.588
2026-05-17 19:35:00+00:00,1.3691,29.873,21.82
2026-05-17 19:40:00+00:00,1.997,294.455,147.446
2026-05-17 19:45:00+00:00,1.3862,151.711,109.441
2026-05-17 19:50:00+00:00,1.9799,302.864,152.971
2026-05-17 19:55:00+00:00,0.9983,52.924,53.015
2026-05-17 20:00:00+00:00,1.1188,74.272,66.386
2026-05-17 20:05:00+00:00,0.4478,23.455,52.374
2026-05-17 20:10:00+00:00,0.623,60.134,96.525
2026-05-17 20:15:00+00:00,0.9191,43.866,47.725
2026-05-17 20:20:00+00:00,1.0229,78.725,76.962
2026-05-17 20:25:00+00:00,1.6488,30.627,18.575
2026-05-17 20:30:00+00:00,1.6057,83.526,52.019
2026-05-17 20:35:00+00:00,0.7148,80.38,112.453
2026-05-17 20:40:00+00:00,0.6771,22.934,33.872
2026-05-17 20:45:00+00:00,0.8011,17.412,21.734
2026-05-17 20:50:00+00:00,0.6889,17.626,25.584
2026-05-17 20:55:00+00:00,0.6264,13.972,22.307
2026-05-17 21:00:00+00:00,0.666,45.948,68.989
2026-05-17 21:05:00+00:00,0.8229,16.938,20.584
2026-05-17 21:10:00+00:00,1.5196,36.225,23.839
2026-05-17 21:15:00+00:00,0.9257,29.293,31.643
2026-05-17 21:20:00+00:00,5.214,364.415,69.892
2026-05-17 21:25:00+00:00,0.4341,63.059,145.279
2026-05-17 21:30:00+00:00,0.6305,52.253,82.874
2026-05-17 21:35:00+00:00,2.7008,310.204,114.856
2026-05-17 21:40:00+00:00,0.7998,129.567,161.995
2026-05-17 21:45:00+00:00,1.0936,111.173,101.655
2026-05-17 21:50:00+00:00,0.9882,49.299,49.886
2026-05-17 21:55:00+00:00,0.6073,43.09,70.959
2026-05-17 22:00:00+00:00,0.7321,437.03,596.928
2026-05-17 22:05:00+00:00,0.576,150.76,261.738
2026-05-17 22:10:00+00:00,1.0884,566.959,520.918
2026-05-17 22:15:00+00:00,0.8734,144.1,164.982
2026-05-17 22:20:00+00:00,1.5404,265.688,172.48
2026-05-17 22:25:00+00:00,1.431,172.341,120.43
2026-05-17 22:30:00+00:00,2.1732,195.471,89.945
2026-05-17 22:35:00+00:00,0.8584,149.191,173.793
2026-05-17 22:40:00+00:00,0.9218,57.196,62.047
2026-05-17 22:45:00+00:00,0.7557,67.927,89.882
2026-05-17 22:50:00+00:00,0.5142,290.199,564.358
2026-05-17 22:55:00+00:00,1.9782,218.212,110.307
2026-05-17 23:00:00+00:00,0.5798,105.941,182.723
2026-05-17 23:05:00+00:00,0.5959,286.258,480.415
2026-05-17 23:10:00+00:00,1.0835,129.774,119.775
2026-05-17 23:15:00+00:00,0.7203,530.438,736.371
2026-05-17 23:20:00+00:00,1.8588,186.255,100.201
2026-05-17 23:25:00+00:00,0.6278,89.795,143.024
2026-05-17 23:30:00+00:00,1.485,203.546,137.068
2026-05-17 23:35:00+00:00,0.9483,154.78,163.218
2026-05-17 23:40:00+00:00,0.5228,5273.626,10086.623
2026-05-17 23:45:00+00:00,0.9697,1231.927,1270.382
2026-05-17 23:50:00+00:00,1.0975,1118.234,1018.879
2026-05-17 23:55:00+00:00,0.6534,484.009,740.782
2026-05-18 00:00:00+00:00,0.8461,810.366,957.755
2026-05-18 00:05:00+00:00,0.9354,896.057,957.977
2026-05-18 00:10:00+00:00,1.6009,1098.783,686.369
2026-05-18 00:15:00+00:00,0.9761,424.815,435.233
2026-05-18 00:20:00+00:00,1.0809,300.252,277.776
2026-05-18 00:25:00+00:00,0.8551,189.853,222.016
2026-05-18 00:30:00+00:00,0.6354,244.573,384.916
2026-05-18 00:35:00+00:00,1.0378,257.291,247.912
2026-05-18 00:40:00+00:00,0.8124,223.569,275.205
2026-05-18 00:45:00+00:00,1.873,413.814,220.939
2026-05-18 00:50:00+00:00,0.4992,178.975,358.546
2026-05-18 00:55:00+00:00,1.7522,451.052,257.418
2026-05-18 01:00:00+00:00,0.849,258.459,304.421
2026-05-18 01:05:00+00:00,1.4249,399.752,280.551
2026-05-18 01:10:00+00:00,1.3635,326.334,239.339
2026-05-18 01:15:00+00:00,0.8036,288.587,359.117
2026-05-18 01:20:00+00:00,0.8344,634.87,760.877
2026-05-18 01:25:00+00:00,1.6126,745.505,462.286
2026-05-18 01:30:00+00:00,0.7456,489.952,657.087
2026-05-18 01:35:00+00:00,0.8311,550.254,662.117
2026-05-18 01:40:00+00:00,1.0393,215.971,207.809
2026-05-18 01:45:00+00:00,0.8206,380.744,463.958
2026-05-18 01:50:00+00:00,1.3341,306.934,230.068
2026-05-18 01:55:00+00:00,1.2434,599.286,481.955
2026-05-18 02:00:00+00:00,0.6085,271.553,446.279
2026-05-18 02:05:00+00:00,1.9486,505.567,259.45
2026-05-18 02:10:00+00:00,0.9058,232.426,256.59
2026-05-18 02:15:00+00:00,1.2129,277.929,229.148
2026-05-18 02:20:00+00:00,0.5762,129.33,224.451
2026-05-18 02:25:00+00:00,1.2134,97.761,80.567
2026-05-18 02:30:00+00:00,1.0441,87.783,84.076
2026-05-18 02:35:00+00:00,0.6231,225.163,361.354
2026-05-18 02:40:00+00:00,0.8878,218.249,245.828
2026-05-18 02:45:00+00:00,1.6631,288.879,173.702
2026-05-18 02:50:00+00:00,0.7479,339.557,454.028
2026-05-18 02:55:00+00:00,2.6326,345.557,131.259
2026-05-18 03:00:00+00:00,1.1142,267.424,240.024
2026-05-18 03:05:00+00:00,1.0518,143.844,136.766
2026-05-18 03:10:00+00:00,0.4311,78.641,182.406
2026-05-18 03:15:00+00:00,1.3958,101.178,72.487
2026-05-18 03:20:00+00:00,2.186,178.654,81.728
2026-05-18 03:25:00+00:00,1.2308,88.776,72.131
2026-05-18 03:30:00+00:00,1.0569,164.137,155.297
2026-05-18 03:35:00+00:00,1.1602,104.29,89.889
2026-05-18 03:40:00+00:00,2.2938,226.982,98.956
2026-05-18 03:45:00+00:00,0.5801,96.548,166.426
2026-05-18 03:50:00+00:00,0.7762,91.473,117.854
2026-05-18 03:55:00+00:00,1.3927,76.099,54.642
2026-05-18 04:00:00+00:00,0.9463,77.969,82.39
2026-05-18 04:05:00+00:00,1.2359,93.381,75.56
2026-05-18 04:10:00+00:00,1.8771,157.665,83.995
2026-05-18 04:15:00+00:00,0.5448,103.581,190.125
2026-05-18 04:20:00+00:00,0.6198,167.158,269.682
2026-05-18 04:25:00+00:00,0.8888,177.05,199.197
2026-05-18 04:30:00+00:00,0.7641,106.029,138.767
2026-05-18 04:35:00+00:00,1.3346,123.841,92.793
2026-05-18 04:40:00+00:00,1.2946,212.989,164.527
2026-05-18 04:45:00+00:00,0.6542,167.729,256.387
2026-05-18 04:50:00+00:00,1.5548,115.876,74.53
2026-05-18 04:55:00+00:00,0.728,128.905,177.062
2026-05-18 05:00:00+00:00,1.0515,131.234,124.802
2026-05-18 05:05:00+00:00,0.6214,102.352,164.699
2026-05-18 05:10:00+00:00,1.4934,181.361,121.442
2026-05-18 05:15:00+00:00,0.7121,115.976,162.855
2026-05-18 05:20:00+00:00,1.3834,78.012,56.393
2026-05-18 05:25:00+00:00,1.1039,83.356,75.513
2026-05-18 05:30:00+00:00,0.6223,116.939,187.916
2026-05-18 05:35:00+00:00,0.7063,57.252,81.063
2026-05-18 05:40:00+00:00,0.3172,117.309,369.822
2026-05-18 05:45:00+00:00,1.1763,155.705,132.364
2026-05-18 05:50:00+00:00,1.4919,168.834,113.165
2026-05-18 05:55:00+00:00,0.8672,119.74,138.07
2026-05-18 06:00:00+00:00,0.4667,70.884,151.885
2026-05-18 06:05:00+00:00,0.5875,364.6,620.648
2026-05-18 06:10:00+00:00,0.6631,1115.971,1682.932
2026-05-18 06:15:00+00:00,1.3845,356.394,257.426
2026-05-18 06:20:00+00:00,0.6786,209.959,309.39
2026-05-18 06:25:00+00:00,1.1787,165.231,140.18
2026-05-18 06:30:00+00:00,1.1513,242.047,210.233
2026-05-18 06:35:00+00:00,0.7027,108.958,155.052
2026-05-18 06:40:00+00:00,1.1198,90.48,80.799
2026-05-18 06:45:00+00:00,1.5171,228.702,150.752
2026-05-18 06:50:00+00:00,0.3553,82.405,231.925
2026-05-18 06:55:00+00:00,2.3216,110.949,47.79
2026-05-18 07:00:00+00:00,1.4415,186.277,129.228
2026-05-18 07:05:00+00:00,1.7071,79.196,46.393
2026-05-18 07:10:00+00:00,0.8791,170.789,194.283
2026-05-18 07:15:00+00:00,0.5304,75.754,142.829
2026-05-18 07:20:00+00:00,0.887,162.178,182.833
2026-05-18 07:25:00+00:00,1.497,506.118,338.094
2026-05-18 07:30:00+00:00,1.3591,277.964,204.528
2026-05-18 07:35:00+00:00,1.0398,155.083,149.142
2026-05-18 07:40:00+00:00,1.3174,220.435,167.327
2026-05-18 07:45:00+00:00,1.7484,239.342,136.894
2026-05-18 07:50:00+00:00,1.9379,174.973,90.291
2026-05-18 07:55:00+00:00,2.268,289.803,127.779
2026-05-18 08:05:00+00:00,1.9737,597.081,302.521
2026-05-18 08:10:00+00:00,0.3357,71.131,211.894
2026-05-18 08:15:00+00:00,0.568,78.11,137.508
2026-05-18 08:20:00+00:00,0.8854,111.568,126.005
2026-05-18 08:25:00+00:00,1.2299,121.359,98.673
2026-05-18 08:30:00+00:00,0.7033,101.67,144.571
2026-05-18 08:35:00+00:00,1.7147,188.924,110.181
2026-05-18 08:40:00+00:00,1.6896,127.906,75.701
2026-05-18 08:45:00+00:00,1.4576,147.599,101.262
2026-05-18 08:50:00+00:00,2.3575,141.613,60.068
2026-05-18 08:55:00+00:00,1.4499,84.669,58.396
2026-05-18 09:00:00+00:00,0.871,115.031,132.066
2026-05-18 09:05:00+00:00,0.7648,73.856,96.566
2026-05-18 09:10:00+00:00,0.7658,95.364,124.527
2026-05-18 09:15:00+00:00,1.1047,49.76,45.043
2026-05-18 09:20:00+00:00,1.4856,56.393,37.96
2026-05-18 09:25:00+00:00,0.9738,65.939,67.711
2026-05-18 09:30:00+00:00,0.5004,52.339,104.584
2026-05-18 09:35:00+00:00,1.2379,72.398,58.486
2026-05-18 09:40:00+00:00,1.0595,44.599,42.094
2026-05-18 09:45:00+00:00,1.4629,55.657,38.046
2026-05-18 09:50:00+00:00,0.5363,42.641,79.51
2026-05-18 09:55:00+00:00,1.7259,73.681,42.692
2026-05-18 10:00:00+00:00,0.3771,57.04,151.274
2026-05-18 10:05:00+00:00,1.0313,286.285,277.586
2026-05-18 10:10:00+00:00,1.1696,427.723,365.697
2026-05-18 10:15:00+00:00,1.3421,398.391,296.847
2026-05-18 10:20:00+00:00,1.1989,326.544,272.37
2026-05-18 10:25:00+00:00,1.498,133.332,89.008
2026-05-18 10:30:00+00:00,1.5296,211.394,138.203
2026-05-18 10:35:00+00:00,1.2329,161.286,130.817
2026-05-18 10:40:00+00:00,0.8018,70.099,87.432
2026-05-18 10:45:00+00:00,1.4166,183.975,129.872
2026-05-18 10:50:00+00:00,1.1482,74.054,64.497
2026-05-18 10:55:00+00:00,0.7311,55.783,76.303
2026-05-18 11:00:00+00:00,0.9168,134.946,147.195
2026-05-18 11:05:00+00:00,0.8028,154.257,192.157
2026-05-18 11:10:00+00:00,0.9913,148.942,150.245
2026-05-18 11:15:00+00:00,1.4356,103.772,72.284
2026-05-18 11:20:00+00:00,0.7533,67.909,90.144
2026-05-18 11:25:00+00:00,0.8395,76.131,90.685
2026-05-18 11:30:00+00:00,2.0133,254.337,126.328
2026-05-18 11:35:00+00:00,1.4957,539.447,360.675
2026-05-18 11:40:00+00:00,1.2213,1589.532,1301.49
2026-05-18 11:45:00+00:00,0.8509,489.75,575.575
2026-05-18 11:50:00+00:00,1.2487,382.357,306.2
2026-05-18 11:55:00+00:00,1.5607,226.25,144.971
2026-05-18 12:00:00+00:00,1.2063,1127.81,934.922
2026-05-18 12:05:00+00:00,1.3204,399.013,302.186
2026-05-18 12:10:00+00:00,0.9399,230.739,245.499
2026-05-18 12:15:00+00:00,0.9731,264.45,271.748
2026-05-18 12:20:00+00:00,2.3397,604.83,258.513
2026-05-18 12:25:00+00:00,0.4502,524.435,1164.894
2026-05-18 12:30:00+00:00,1.1387,464.908,408.295
2026-05-18 12:35:00+00:00,1.9454,958.141,492.522
2026-05-18 12:40:00+00:00,1.0532,653.535,620.525
2026-05-18 12:45:00+00:00,0.8575,543.255,633.558
2026-05-18 12:50:00+00:00,0.6684,218.586,327.043
2026-05-18 12:55:00+00:00,1.0257,198.676,193.694
2026-05-18 13:00:00+00:00,0.7781,503.434,646.994
2026-05-18 13:05:00+00:00,0.985,245.73,249.463
2026-05-18 13:10:00+00:00,0.9349,154.541,165.298
2026-05-18 13:15:00+00:00,0.5512,185.396,336.32
2026-05-18 13:20:00+00:00,0.6769,109.28,161.438
2026-05-18 13:25:00+00:00,0.6967,313.637,450.163
2026-05-18 13:30:00+00:00,0.7498,701.918,936.117
2026-05-18 13:35:00+00:00,0.8945,1706.434,1907.718
2026-05-18 13:40:00+00:00,1.1271,957.983,849.974
2026-05-18 13:45:00+00:00,0.8322,1125.052,1351.918
2026-05-18 13:50:00+00:00,1.313,521.129,396.914
2026-05-18 13:55:00+00:00,0.6218,251.467,404.411
2026-05-18 14:00:00+00:00,0.922,401.159,435.116
2026-05-18 14:05:00+00:00,0.9826,535.044,544.515
2026-05-18 14:10:00+00:00,0.675,394.898,585.018
2026-05-18 14:15:00+00:00,0.5198,1422.695,2737.201
2026-05-18 14:20:00+00:00,1.0073,1467.663,1457.09
2026-05-18 14:25:00+00:00,1.1294,506.5,448.477
2026-05-18 14:30:00+00:00,0.5218,785.679,1505.69
2026-05-18 14:35:00+00:00,1.3369,1821.698,1362.643
2026-05-18 14:40:00+00:00,0.7833,379.01,483.859
2026-05-18 14:45:00+00:00,0.7373,390.578,529.73
2026-05-18 14:50:00+00:00,1.0581,334.133,315.788
2026-05-18 14:55:00+00:00,1.0443,321.182,307.554
2026-05-18 15:00:00+00:00,0.6283,975.3,1552.372
2026-05-18 15:05:00+00:00,1.2725,1030.845,810.076
2026-05-18 15:10:00+00:00,1.1742,570.053,485.466
2026-05-18 15:15:00+00:00,0.6861,426.353,621.434
2026-05-18 15:20:00+00:00,1.0497,439.831,419.005
2026-05-18 15:25:00+00:00,1.2898,851.68,660.309
2026-05-18 15:30:00+00:00,0.846,517.93,612.229
2026-05-18 15:35:00+00:00,1.1773,563.059,478.283
2026-05-18 15:40:00+00:00,1.0473,942.665,900.131
2026-05-18 15:45:00+00:00,1.1435,250.033,218.656
2026-05-18 15:50:00+00:00,0.5666,448.029,790.721
2026-05-18 15:55:00+00:00,2.0476,628.848,307.116
2026-05-18 16:00:00+00:00,0.9041,428.862,474.342
2026-05-18 16:05:00+00:00,0.5548,456.194,822.305
2026-05-18 16:10:00+00:00,1.8716,998.127,533.292
2026-05-18 16:15:00+00:00,1.1498,581.627,505.858
2026-05-18 16:20:00+00:00,1.126,599.474,532.402
2026-05-18 16:25:00+00:00,0.5687,390.448,686.583
2026-05-18 16:30:00+00:00,1.1324,290.808,256.802
2026-05-18 16:35:00+00:00,1.2046,368.705,306.089
2026-05-18 16:40:00+00:00,1.0684,194.4,181.959
2026-05-18 16:45:00+00:00,0.7115,364.069,511.704
2026-05-18 16:50:00+00:00,1.212,493.118,406.86
2026-05-18 16:55:00+00:00,0.8656,471.91,545.163
2026-05-18 17:00:00+00:00,1.224,283.158,231.329
2026-05-18 17:05:00+00:00,0.9697,310.165,319.843
2026-05-18 17:10:00+00:00,0.6043,94.549,156.457
2026-05-18 17:15:00+00:00,2.4776,524.41,211.658
2026-05-18 17:20:00+00:00,0.809,153.285,189.479
2026-05-18 17:25:00+00:00,1.8988,187.484,98.736
2026-05-18 17:30:00+00:00,0.5717,82.269,143.914
2026-05-18 17:35:00+00:00,0.6739,74.212,110.116
2026-05-18 17:40:00+00:00,1.446,139.099,96.195
2026-05-18 17:45:00+00:00,1.2837,197.553,153.893
2026-05-18 17:50:00+00:00,1.1167,233.444,209.039
2026-05-18 17:55:00+00:00,0.631,70.853,112.285
2026-05-18 18:00:00+00:00,0.5797,125.068,215.754
2026-05-18 18:05:00+00:00,0.5329,172.854,324.34
2026-05-18 18:10:00+00:00,0.2756,83.475,302.894
2026-05-18 18:15:00+00:00,0.491,195.246,397.661
2026-05-18 18:20:00+00:00,1.0224,242.692,237.371
2026-05-18 18:25:00+00:00,1.5451,1368.566,885.725
2026-05-18 18:30:00+00:00,0.9336,214.081,229.316
2026-05-18 18:35:00+00:00,1.1292,165.49,146.554
2026-05-18 18:40:00+00:00,0.9332,210.696,225.772
2026-05-18 18:45:00+00:00,1.6215,176.173,108.647
2026-05-18 18:50:00+00:00,1.6586,143.22,86.349
2026-05-18 18:55:00+00:00,0.8373,213.405,254.877
2026-05-18 19:00:00+00:00,1.3695,2407.001,1757.556
2026-05-18 19:05:00+00:00,0.538,655.086,1217.615
2026-05-18 19:10:00+00:00,0.8381,354.479,422.952
2026-05-18 19:15:00+00:00,0.6198,173.12,279.294
2026-05-18 19:20:00+00:00,1.025,223.399,217.96
2026-05-18 19:25:00+00:00,0.7502,100.474,133.931
2026-05-18 19:30:00+00:00,1.8263,151.881,83.164
2026-05-18 19:35:00+00:00,1.0759,139.148,129.332
2026-05-18 19:40:00+00:00,2.4044,399.86,166.304
2026-05-18 19:45:00+00:00,2.2362,819.221,366.345
2026-05-18 19:50:00+00:00,1.0857,329.651,303.618
2026-05-18 19:55:00+00:00,1.2443,295.017,237.089
2026-05-18 20:00:00+00:00,0.7852,397.739,506.515
2026-05-18 20:05:00+00:00,0.2302,103.691,450.384
2026-05-18 20:10:00+00:00,1.1162,322.921,289.298
2026-05-18 20:15:00+00:00,1.4606,208.908,143.032
2026-05-18 20:20:00+00:00,1.3231,185.937,140.528
2026-05-18 20:25:00+00:00,2.3298,612.582,262.929
2026-05-18 20:30:00+00:00,0.6426,169.464,263.706
2026-05-18 20:35:00+00:00,0.4572,108.436,237.197
2026-05-18 20:40:00+00:00,0.5783,180.397,311.931
2026-05-18 20:45:00+00:00,0.3985,132.56,332.683
2026-05-18 20:50:00+00:00,1.5762,150.687,95.601
2026-05-18 20:55:00+00:00,0.4771,199.235,417.572
2026-05-18 21:00:00+00:00,0.5607,235.121,419.361
2026-05-18 21:05:00+00:00,0.5322,87.961,165.286
2026-05-18 21:10:00+00:00,0.9602,232.808,242.449
2026-05-18 21:15:00+00:00,2.4946,118.272,47.411
2026-05-18 21:20:00+00:00,2.3368,162.019,69.333
2026-05-18 21:25:00+00:00,0.8502,138.549,162.965
2026-05-18 21:30:00+00:00,1.0508,219.465,208.863
2026-05-18 21:35:00+00:00,0.8406,91.879,109.301
2026-05-18 21:40:00+00:00,0.7545,88.374,117.132
2026-05-18 21:45:00+00:00,1.2271,73.021,59.508
2026-05-18 21:50:00+00:00,0.9358,67.641,72.285
2026-05-18 21:55:00+00:00,1.6989,214.453,126.231
2026-05-18 22:00:00+00:00,0.8009,191.144,238.648
2026-05-18 22:05:00+00:00,1.5833,163.332,103.161
2026-05-18 22:10:00+00:00,0.7055,98.566,139.703
2026-05-18 22:15:00+00:00,1.8763,230.655,122.934
2026-05-18 22:20:00+00:00,1.2165,186.06,152.953
2026-05-18 22:25:00+00:00,0.5583,76.563,137.145
2026-05-18 22:30:00+00:00,0.8353,131.291,157.186
2026-05-18 22:35:00+00:00,0.7155,148.452,207.481
2026-05-18 22:40:00+00:00,1.1965,242.018,202.27
2026-05-18 22:45:00+00:00,0.4422,78.956,178.542
2026-05-18 22:50:00+00:00,0.5452,435.794,799.293
2026-05-18 22:55:00+00:00,3.2617,176.159,54.008
2026-05-18 23:00:00+00:00,1.7524,206.328,117.742
2026-05-18 23:05:00+00:00,0.8929,66.595,74.585
2026-05-18 23:10:00+00:00,0.7554,79.79,105.624
2026-05-18 23:15:00+00:00,0.7254,75.87,104.588
2026-05-18 23:20:00+00:00,0.528,56.754,107.492
2026-05-18 23:25:00+00:00,0.7876,92.605,117.586
2026-05-18 23:30:00+00:00,0.6175,105.371,170.654
2026-05-18 23:35:00+00:00,0.9915,58.102,58.603
2026-05-18 23:40:00+00:00,3.0705,105.882,34.484
2026-05-18 23:45:00+00:00,0.3785,57.855,152.865
2026-05-18 23:50:00+00:00,0.5621,89.94,159.994
2026-05-18 23:55:00+00:00,1.3301,66.856,50.263
2026-05-19 00:00:00+00:00,1.0962,226.105,206.266
2026-05-19 00:05:00+00:00,0.993,108.4,109.166
2026-05-19 00:10:00+00:00,0.9554,199.735,209.05
2026-05-19 00:15:00+00:00,1.7672,208.836,118.171
2026-05-19 00:20:00+00:00,2.0693,909.182,439.371
2026-05-19 00:25:00+00:00,0.5542,196.969,355.433
2026-05-19 00:30:00+00:00,1.5533,123.094,79.245
2026-05-19 00:35:00+00:00,1.7289,176.535,102.11
2026-05-19 00:40:00+00:00,0.8801,98.073,111.428
2026-05-19 00:45:00+00:00,0.7367,84.967,115.339
2026-05-19 00:50:00+00:00,0.7336,121.348,165.42
2026-05-19 00:55:00+00:00,0.9279,57.842,62.338
2026-05-19 01:00:00+00:00,0.7806,182.073,233.258
2026-05-19 01:05:00+00:00,0.753,93.832,124.605
2026-05-19 01:10:00+00:00,1.8004,93.319,51.833
2026-05-19 01:15:00+00:00,0.4775,205.001,429.356
2026-05-19 01:20:00+00:00,0.5253,232.357,442.324
2026-05-19 01:25:00+00:00,0.7217,615.28,852.537
2026-05-19 01:30:00+00:00,1.1746,346.55,295.037
2026-05-19 01:35:00+00:00,0.785,229.419,292.255
2026-05-19 01:40:00+00:00,2.0019,240.42,120.096
2026-05-19 01:45:00+00:00,0.5393,94.983,176.131
2026-05-19 01:50:00+00:00,0.8605,88.059,102.331
2026-05-19 01:55:00+00:00,0.7864,119.804,152.346
2026-05-19 02:00:00+00:00,0.5996,372.284,620.839
2026-05-19 02:05:00+00:00,1.8379,231.121,125.75
2026-05-19 02:10:00+00:00,2.8088,144.429,51.421
2026-05-19 02:15:00+00:00,1.7161,264.047,153.864
2026-05-19 02:20:00+00:00,3.0147,372.143,123.441
2026-05-19 02:25:00+00:00,0.8069,209.571,259.713
2026-05-19 02:30:00+00:00,1.0686,201.148,188.227
2026-05-19 02:35:00+00:00,0.8838,81.348,92.046
2026-05-19 02:40:00+00:00,0.7425,78.455,105.663
2026-05-19 02:45:00+00:00,1.5597,250.719,160.744
2026-05-19 02:50:00+00:00,0.6214,166.124,267.352
2026-05-19 02:55:00+00:00,1.0428,109.412,104.923
2026-05-19 03:00:00+00:00,0.8516,121.546,142.724
2026-05-19 03:05:00+00:00,1.564,166.358,106.366
2026-05-19 03:10:00+00:00,2.9841,181.564,60.844
2026-05-19 03:15:00+00:00,1.0042,344.649,343.212
2026-05-19 03:20:00+00:00,0.4199,100.524,239.417
2026-05-19 03:25:00+00:00,1.5234,72.574,47.638
2026-05-19 03:30:00+00:00,1.6912,66.719,39.451
2026-05-19 03:35:00+00:00,1.3832,106.589,77.062
2026-05-19 03:40:00+00:00,0.7738,49.188,63.568
2026-05-19 03:45:00+00:00,1.2031,60.554,50.33
2026-05-19 03:50:00+00:00,1.4728,83.783,56.887
2026-05-19 03:55:00+00:00,0.9202,44.576,48.444
2026-05-19 04:00:00+00:00,1.3086,375.936,287.286
2026-05-19 04:05:00+00:00,2.1802,137.944,63.271
2026-05-19 04:10:00+00:00,1.4435,163.73,113.422
2026-05-19 04:15:00+00:00,0.2889,44.869,155.298
2026-05-19 04:20:00+00:00,0.3791,78.409,206.829
2026-05-19 04:25:00+00:00,0.6814,57.064,83.745
2026-05-19 04:30:00+00:00,1.5994,63.941,39.978
2026-05-19 04:35:00+00:00,1.4213,73.081,51.42
2026-05-19 04:40:00+00:00,1.2546,74.227,59.164
2026-05-19 04:45:00+00:00,1.2146,109.417,90.082
2026-05-19 04:50:00+00:00,1.3722,83.79,61.061
2026-05-19 04:55:00+00:00,1.5831,69.131,43.667
2026-05-19 05:00:00+00:00,0.6606,46.234,69.993
2026-05-19 05:05:00+00:00,1.1668,57.806,49.541
2026-05-19 05:10:00+00:00,0.9832,71.56,72.786
2026-05-19 05:15:00+00:00,0.5031,75.535,150.152
2026-05-19 05:20:00+00:00,0.8402,136.865,162.905
2026-05-19 05:25:00+00:00,2.0686,160.052,77.374
2026-05-19 05:30:00+00:00,0.9163,117.921,128.69
2026-05-19 05:35:00+00:00,0.7655,139.251,181.905
2026-05-19 05:40:00+00:00,2.2629,315.608,139.47
2026-05-19 05:45:00+00:00,2.776,217.387,78.31
2026-05-19 05:50:00+00:00,1.8469,138.894,75.203
2026-05-19 05:55:00+00:00,1.5896,83.494,52.524
2026-05-19 06:00:00+00:00,2.0001,155.431,77.712
2026-05-19 06:05:00+00:00,1.5112,228.438,151.166
2026-05-19 06:10:00+00:00,0.7592,197.804,260.555
2026-05-19 06:15:00+00:00,0.4638,55.34,119.326
2026-05-19 06:20:00+00:00,0.9278,77.387,83.405
2026-05-19 06:25:00+00:00,2.7309,237.093,86.818
2026-05-19 06:30:00+00:00,0.7966,146.342,183.713
2026-05-19 06:35:00+00:00,1.3673,181.875,133.013
2026-05-19 06:40:00+00:00,1.8609,130.408,70.077
2026-05-19 06:45:00+00:00,0.9715,82.072,84.481
2026-05-19 06:50:00+00:00,1.3677,57.432,41.992
2026-05-19 06:55:00+00:00,0.3529,37.863,107.296
2026-05-19 07:00:00+00:00,1.3485,250.85,186.025
2026-05-19 07:05:00+00:00,2.6413,177.477,67.194
2026-05-19 07:10:00+00:00,1.7948,193.6,107.867
2026-05-19 07:15:00+00:00,1.5039,316.646,210.546
2026-05-19 07:20:00+00:00,1.5196,293.236,192.97
2026-05-19 07:25:00+00:00,0.654,159.181,243.379
2026-05-19 07:30:00+00:00,1.0207,66.562,65.209
2026-05-19 07:35:00+00:00,1.2285,139.135,113.257
2026-05-19 07:40:00+00:00,1.48,172.304,116.425
2026-05-19 07:45:00+00:00,0.7871,148.236,188.332
2026-05-19 07:50:00+00:00,0.8229,183.941,223.533
2026-05-19 07:55:00+00:00,0.5771,69.545,120.506
2026-05-19 08:00:00+00:00,0.702,134.253,191.252
2026-05-19 08:05:00+00:00,0.524,122.372,233.536
2026-05-19 08:10:00+00:00,0.721,140.795,195.284
2026-05-19 08:15:00+00:00,0.7513,136.425,181.581
2026-05-19 08:20:00+00:00,0.4513,87.093,192.97
2026-05-19 08:25:00+00:00,1.061,224.454,211.558
2026-05-19 08:30:00+00:00,1.1768,229.382,194.92
2026-05-19 08:35:00+00:00,2.0387,115.237,56.525
2026-05-19 08:40:00+00:00,1.9886,360.99,181.532
2026-05-19 08:45:00+00:00,0.7961,91.089,114.416
2026-05-19 08:50:00+00:00,0.9039,116.706,129.118
2026-05-19 08:55:00+00:00,0.3337,44.002,131.869
2026-05-19 09:00:00+00:00,0.9231,122.373,132.572
2026-05-19 09:05:00+00:00,1.1787,74.893,63.54
2026-05-19 09:10:00+00:00,1.4449,83.88,58.054
2026-05-19 09:15:00+00:00,0.3536,161.692,457.336
2026-05-19 09:20:00+00:00,0.6792,162.617,239.429
2026-05-19 09:25:00+00:00,0.6327,389.637,615.791
2026-05-19 09:30:00+00:00,1.2574,460.335,366.107
2026-05-19 09:35:00+00:00,1.7331,138.248,79.769
2026-05-19 09:40:00+00:00,1.4292,87.153,60.982
2026-05-19 09:45:00+00:00,0.9779,120.269,122.981
2026-05-19 09:50:00+00:00,1.6026,247.059,154.159
2026-05-19 09:55:00+00:00,1.2624,72.422,57.37
2026-05-19 10:00:00+00:00,0.9961,92.742,93.108
2026-05-19 10:05:00+00:00,1.0694,150.483,140.713
2026-05-19 10:10:00+00:00,0.6087,60.631,99.601
2026-05-19 10:15:00+00:00,0.6144,55.107,89.697
2026-05-19 10:20:00+00:00,0.8274,72.526,87.653
2026-05-19 10:25:00+00:00,5.4549,165.683,30.373
2026-05-19 10:30:00+00:00,1.385,199.646,144.15
2026-05-19 10:35:00+00:00,0.7229,214.7,297.018
2026-05-19 10:40:00+00:00,0.4623,99.16,214.499
2026-05-19 10:45:00+00:00,0.7145,161.858,226.548
2026-05-19 10:50:00+00:00,0.8528,73.828,86.576
2026-05-19 10:55:00+00:00,0.9669,325.003,336.117
2026-05-19 11:00:00+00:00,0.855,117.424,137.338
2026-05-19 11:05:00+00:00,0.9092,68.666,75.522
2026-05-19 11:10:00+00:00,0.9504,104.897,110.369
2026-05-19 11:15:00+00:00,0.795,107.318,134.999
2026-05-19 11:20:00+00:00,1.1112,157.627,141.853
2026-05-19 11:25:00+00:00,0.7637,106.736,139.77
2026-05-19 11:30:00+00:00,0.7572,80.615,106.461
2026-05-19 11:35:00+00:00,0.4123,52.911,128.327
2026-05-19 11:40:00+00:00,0.3636,246.073,676.775
2026-05-19 11:45:00+00:00,3.8371,533.213,138.962
2026-05-19 11:50:00+00:00,1.1235,75.506,67.206
2026-05-19 11:55:00+00:00,1.1731,88.271,75.248
2026-05-19 12:00:00+00:00,1.0777,162.452,150.746
2026-05-19 12:05:00+00:00,1.188,102.581,86.349
2026-05-19 12:10:00+00:00,0.5964,75.124,125.953
2026-05-19 12:15:00+00:00,1.0144,104.97,103.478
2026-05-19 12:20:00+00:00,1.2491,91.745,73.449
2026-05-19 12:25:00+00:00,1.1321,77.807,68.731
2026-05-19 12:30:00+00:00,1.0911,111.232,101.944
2026-05-19 12:35:00+00:00,0.776,78.783,101.519
2026-05-19 12:40:00+00:00,1.2126,82.254,67.831
2026-05-19 12:45:00+00:00,1.0872,54.869,50.47
2026-05-19 12:50:00+00:00,1.5241,170.576,111.921
2026-05-19 12:55:00+00:00,0.5675,55.845,98.402
2026-05-19 13:00:00+00:00,0.5806,75.956,130.822
2026-05-19 13:05:00+00:00,0.5912,193.167,326.733
2026-05-19 13:10:00+00:00,1.1998,121.567,101.322
2026-05-19 13:15:00+00:00,0.8585,74.382,86.643
2026-05-19 13:20:00+00:00,1.3914,286.472,205.881
2026-05-19 13:25:00+00:00,0.8129,387.014,476.109
2026-05-19 13:30:00+00:00,1.3974,637.734,456.371
2026-05-19 13:35:00+00:00,1.0621,804.868,757.832
2026-05-19 13:40:00+00:00,0.4646,249.893,537.883
2026-05-19 13:45:00+00:00,1.7179,507.214,295.25
2026-05-19 13:50:00+00:00,1.0676,246.079,230.507
2026-05-19 13:55:00+00:00,0.8391,195.189,232.609
2026-05-19 14:00:00+00:00,1.4697,495.763,337.315
2026-05-19 14:05:00+00:00,0.4233,321.852,760.362
2026-05-19 14:10:00+00:00,0.7827,574.797,734.398
2026-05-19 14:15:00+00:00,0.5296,903.926,1706.886
2026-05-19 14:20:00+00:00,1.0786,846.61,784.93
2026-05-19 14:25:00+00:00,1.0354,412.933,398.833
2026-05-19 14:30:00+00:00,0.5947,516.447,868.347
2026-05-19 14:35:00+00:00,2.1334,718.474,336.779
2026-05-19 14:40:00+00:00,0.8798,335.969,381.887
2026-05-19 14:45:00+00:00,0.7804,722.651,925.972
2026-05-19 14:50:00+00:00,1.1717,445.022,379.799
2026-05-19 14:55:00+00:00,1.7586,354.357,201.5
2026-05-19 15:00:00+00:00,1.1396,443.233,388.937
2026-05-19 15:05:00+00:00,0.8971,289.859,323.114
2026-05-19 15:10:00+00:00,1.9715,413.522,209.75
2026-05-19 15:15:00+00:00,1.6131,452.634,280.593
2026-05-19 15:20:00+00:00,0.6095,132.192,216.899
2026-05-19 15:25:00+00:00,0.3503,238.973,682.137
2026-05-19 15:30:00+00:00,0.4895,363.708,743.047
2026-05-19 15:35:00+00:00,0.9013,122.195,135.572
2026-05-19 15:40:00+00:00,0.2729,168.666,618.0
2026-05-19 15:45:00+00:00,0.9283,196.877,212.075
2026-05-19 15:50:00+00:00,1.0388,99.156,95.455
2026-05-19 15:55:00+00:00,0.8185,91.202,111.42
2026-05-19 16:00:00+00:00,0.9686,131.579,135.849
2026-05-19 16:05:00+00:00,0.3698,215.629,583.032
2026-05-19 16:10:00+00:00,0.3672,141.542,385.459
2026-05-19 16:15:00+00:00,1.3971,108.771,77.857
2026-05-19 16:20:00+00:00,1.5802,263.581,166.8
2026-05-19 16:25:00+00:00,2.4858,317.877,127.879
2026-05-19 16:30:00+00:00,2.6067,660.583,253.414
2026-05-19 16:35:00+00:00,1.2564,349.928,278.519
2026-05-19 16:40:00+00:00,1.506,215.472,143.071
2026-05-19 16:45:00+00:00,0.9959,213.741,214.616
2026-05-19 16:50:00+00:00,2.0938,511.482,244.284
2026-05-19 16:55:00+00:00,1.2295,201.869,164.184
2026-05-19 17:00:00+00:00,1.0089,272.368,269.963
2026-05-19 17:05:00+00:00,0.6444,122.087,189.444
2026-05-19 17:10:00+00:00,0.5003,100.294,200.482
2026-05-19 17:15:00+00:00,1.5432,214.605,139.067
2026-05-19 17:20:00+00:00,0.6744,110.758,164.234
2026-05-19 17:25:00+00:00,0.312,145.696,467.027
2026-05-19 17:30:00+00:00,0.3803,178.549,469.515
2026-05-19 17:35:00+00:00,1.9724,433.557,219.809
2026-05-19 17:40:00+00:00,0.9947,182.698,183.679
2026-05-19 17:45:00+00:00,0.4927,106.721,216.614
2026-05-19 17:50:00+00:00,0.5636,57.574,102.146
2026-05-19 17:55:00+00:00,0.7916,55.915,70.635
2026-05-19 18:00:00+00:00,0.4749,104.696,220.446
2026-05-19 18:05:00+00:00,1.347,108.481,80.533
2026-05-19 18:10:00+00:00,0.5398,54.737,101.393
2026-05-19 18:15:00+00:00,1.0529,59.249,56.272
2026-05-19 18:20:00+00:00,0.5937,116.569,196.332
2026-05-19 18:25:00+00:00,0.7771,84.027,108.133
2026-05-19 18:30:00+00:00,0.6693,96.485,144.149
2026-05-19 18:35:00+00:00,0.557,61.27,109.995
2026-05-19 18:40:00+00:00,1.7831,67.888,38.073
2026-05-19 18:45:00+00:00,1.8486,70.687,38.239
2026-05-19 18:50:00+00:00,0.8517,43.198,50.718
2026-05-19 18:55:00+00:00,0.5761,55.401,96.17
2026-05-19 19:00:00+00:00,1.5467,67.546,43.672
2026-05-19 19:05:00+00:00,1.6121,113.666,70.509
2026-05-19 19:10:00+00:00,3.3233,357.645,107.616
2026-05-19 19:15:00+00:00,0.3383,90.369,267.115
2026-05-19 19:20:00+00:00,0.4421,61.493,139.103
2026-05-19 19:25:00+00:00,1.1464,124.501,108.603
2026-05-19 19:30:00+00:00,1.2666,68.809,54.325
2026-05-19 19:35:00+00:00,1.9639,59.931,30.516
2026-05-19 19:40:00+00:00,0.9762,31.658,32.431
2026-05-19 19:45:00+00:00,1.4628,67.161,45.913
2026-05-19 19:50:00+00:00,0.5929,46.009,77.598
2026-05-19 19:55:00+00:00,0.6524,54.395,83.378
2026-05-19 20:00:00+00:00,1.2132,62.494,51.511
2026-05-19 20:05:00+00:00,1.2981,33.03,25.444
2026-05-19 20:10:00+00:00,0.9453,58.846,62.252
2026-05-19 20:15:00+00:00,0.6592,31.828,48.281
2026-05-19 20:20:00+00:00,0.2961,19.759,66.741
2026-05-19 20:25:00+00:00,1.1774,18.599,15.796
2026-05-19 20:30:00+00:00,0.754,41.056,54.451
2026-05-19 20:35:00+00:00,0.8942,22.348,24.991
2026-05-19 20:40:00+00:00,0.3858,22.501,58.323
2026-05-19 20:45:00+00:00,2.0282,52.202,25.738
2026-05-19 20:50:00+00:00,2.1564,67.415,31.263
2026-05-19 20:55:00+00:00,0.8776,70.586,80.431
2026-05-19 21:00:00+00:00,0.7659,48.192,62.926
2026-05-19 21:05:00+00:00,0.3405,19.215,56.433
2026-05-19 21:10:00+00:00,3.3746,83.615,24.778
2026-05-19 21:15:00+00:00,0.8293,39.693,47.864
2026-05-19 21:20:00+00:00,2.7941,40.808,14.605
2026-05-19 21:25:00+00:00,0.2967,26.824,90.393
2026-05-19 21:30:00+00:00,4.4818,25.793,5.755
2026-05-19 21:35:00+00:00,1.4279,49.292,34.521
2026-05-19 21:40:00+00:00,0.9422,65.716,69.749
2026-05-19 21:45:00+00:00,0.3146,14.601,46.413
2026-05-19 21:50:00+00:00,1.4267,21.54,15.098
2026-05-19 21:55:00+00:00,1.3315,57.735,43.36
2026-05-19 22:00:00+00:00,0.3316,181.54,547.418
2026-05-19 22:05:00+00:00,0.7371,44.66,60.586
2026-05-19 22:10:00+00:00,0.5776,146.808,254.17
2026-05-19 22:15:00+00:00,0.9828,240.944,245.154
2026-05-19 22:20:00+00:00,1.1265,110.152,97.779
2026-05-19 22:25:00+00:00,1.188,114.816,96.643
2026-05-19 22:30:00+00:00,4.1801,268.066,64.129
2026-05-19 22:35:00+00:00,1.0872,40.432,37.19
2026-05-19 22:40:00+00:00,2.0806,48.355,23.241
2026-05-19 22:45:00+00:00,0.4495,33.029,73.487
2026-05-19 22:50:00+00:00,0.6729,27.862,41.403
2026-05-19 22:55:00+00:00,0.3417,30.922,90.501
2026-05-19 23:00:00+00:00,0.3623,66.95,184.782
2026-05-19 23:05:00+00:00,3.9765,82.362,20.712
2026-05-19 23:10:00+00:00,1.1454,57.133,49.881
2026-05-19 23:15:00+00:00,2.7789,86.894,31.269
2026-05-19 23:20:00+00:00,1.9077,68.206,35.753
2026-05-19 23:25:00+00:00,1.3967,49.309,35.303
2026-05-19 23:30:00+00:00,4.8529,238.844,49.217
2026-05-19 23:35:00+00:00,0.6384,58.908,92.278
2026-05-19 23:40:00+00:00,0.6842,30.958,45.244
2026-05-19 23:45:00+00:00,0.8763,45.424,51.834
2026-05-19 23:50:00+00:00,0.3004,22.989,76.527
2026-05-19 23:55:00+00:00,1.2766,36.587,28.659
2026-05-20 00:00:00+00:00,1.3953,84.903,60.849
2026-05-20 00:05:00+00:00,0.8758,182.042,207.863
2026-05-20 00:10:00+00:00,0.3896,279.876,718.29
2026-05-20 00:15:00+00:00,2.1289,274.517,128.947
2026-05-20 00:20:00+00:00,0.7913,123.332,155.856
2026-05-20 00:25:00+00:00,2.7553,167.263,60.707
2026-05-20 00:30:00+00:00,1.6264,195.138,119.982
2026-05-20 00:35:00+00:00,0.9378,81.314,86.703
2026-05-20 00:40:00+00:00,1.3986,63.412,45.339
2026-05-20 00:45:00+00:00,1.2976,116.268,89.603
2026-05-20 00:50:00+00:00,1.2277,44.256,36.047
2026-05-20 00:55:00+00:00,0.1738,95.015,546.542
2026-05-20 01:00:00+00:00,0.2199,102.027,464.048
2026-05-20 01:05:00+00:00,0.9616,93.683,97.424
2026-05-20 01:10:00+00:00,1.8802,190.54,101.339
2026-05-20 01:15:00+00:00,0.1965,55.363,281.679
2026-05-20 01:20:00+00:00,0.1465,51.507,351.645
2026-05-20 01:25:00+00:00,0.8679,237.551,273.707
2026-05-20 01:30:00+00:00,1.8462,234.704,127.127
2026-05-20 01:35:00+00:00,0.2594,238.452,919.163
2026-05-20 01:40:00+00:00,1.1897,126.015,105.925
2026-05-20 01:50:00+00:00,1.526,456.615,299.224
2026-05-20 01:55:00+00:00,1.1144,82.265,73.818
2026-05-20 02:00:00+00:00,0.7821,72.488,92.681
2026-05-20 02:05:00+00:00,1.095,65.7,60.0
2026-05-20 02:10:00+00:00,1.1488,100.027,87.073
2026-05-20 02:15:00+00:00,0.7736,60.189,77.805
2026-05-20 02:20:00+00:00,1.2347,97.763,79.182
2026-05-20 02:25:00+00:00,0.4373,35.204,80.507
2026-05-20 02:30:00+00:00,0.1941,219.271,1129.439
2026-05-20 02:35:00+00:00,1.3455,120.473,89.539
2026-05-20 02:40:00+00:00,1.6531,216.344,130.868
2026-05-20 02:45:00+00:00,1.7255,191.742,111.124
2026-05-20 02:50:00+00:00,1.0603,66.224,62.457
2026-05-20 02:55:00+00:00,0.9817,163.851,166.911
2026-05-20 03:00:00+00:00,0.5888,77.599,131.785
2026-05-20 03:05:00+00:00,1.2481,102.261,81.936
2026-05-20 03:10:00+00:00,1.5901,82.912,52.141
2026-05-20 03:15:00+00:00,1.1358,61.638,54.268
2026-05-20 03:20:00+00:00,0.5554,69.749,125.594
2026-05-20 03:25:00+00:00,1.5169,256.256,168.929
2026-05-20 03:30:00+00:00,0.5474,57.154,104.416
2026-05-20 03:35:00+00:00,0.664,65.116,98.072
2026-05-20 03:40:00+00:00,0.4177,26.407,63.222
2026-05-20 03:45:00+00:00,0.6023,48.862,81.128
2026-05-20 03:50:00+00:00,0.7745,20.294,26.202
2026-05-20 03:55:00+00:00,0.4869,42.38,87.047
2026-05-20 04:00:00+00:00,1.6999,133.308,78.42
2026-05-20 04:05:00+00:00,0.709,58.933,83.119
2026-05-20 04:10:00+00:00,0.8762,146.666,167.383
2026-05-20 04:15:00+00:00,1.1199,70.2,62.686
2026-05-20 04:20:00+00:00,0.2106,34.136,162.083
2026-05-20 04:25:00+00:00,0.272,45.772,168.277
2026-05-20 04:30:00+00:00,0.9207,37.855,41.117
2026-05-20 04:35:00+00:00,1.3217,158.199,119.696
2026-05-20 04:40:00+00:00,1.459,51.813,35.512
2026-05-20 04:45:00+00:00,1.5317,79.064,51.619
2026-05-20 04:50:00+00:00,0.2223,20.675,93.011
2026-05-20 04:55:00+00:00,0.5924,19.075,32.201
2026-05-20 05:00:00+00:00,2.441,236.719,96.978
2026-05-20 05:05:00+00:00,3.7952,895.786,236.031
2026-05-20 05:10:00+00:00,1.3624,1713.823,1257.918
2026-05-20 05:15:00+00:00,0.9894,282.53,285.568
2026-05-20 05:20:00+00:00,0.9075,324.205,357.267
2026-05-20 05:25:00+00:00,1.2813,94.651,73.872
2026-05-20 05:30:00+00:00,1.4515,535.536,368.944
2026-05-20 05:35:00+00:00,1.103,342.691,310.685
2026-05-20 05:40:00+00:00,0.6032,215.14,356.656
2026-05-20 05:45:00+00:00,2.0018,194.968,97.398
2026-05-20 05:50:00+00:00,0.7708,79.423,103.038
2026-05-20 05:55:00+00:00,1.8131,132.098,72.859
2026-05-20 06:00:00+00:00,1.1363,131.967,116.133
2026-05-20 06:05:00+00:00,1.1908,96.275,80.849
2026-05-20 06:10:00+00:00,1.0157,63.993,63.003
2026-05-20 06:15:00+00:00,6.6493,621.783,93.511
2026-05-20 06:20:00+00:00,2.239,361.08,161.27
2026-05-20 06:25:00+00:00,1.0263,110.078,107.255
2026-05-20 06:30:00+00:00,0.9462,121.212,128.11
2026-05-20 06:35:00+00:00,1.4503,142.81,98.47
2026-05-20 06:40:00+00:00,1.7466,104.899,60.06
2026-05-20 06:45:00+00:00,3.173,241.098,75.985
2026-05-20 06:50:00+00:00,1.1122,251.619,226.231
2026-05-20 06:55:00+00:00,1.8825,122.154,64.89
2026-05-20 07:00:00+00:00,0.571,150.072,262.841
2026-05-20 07:05:00+00:00,2.4296,217.327,89.449
2026-05-20 07:10:00+00:00,1.1042,285.762,258.787
2026-05-20 07:15:00+00:00,0.7209,116.926,162.197
2026-05-20 07:20:00+00:00,3.1137,433.322,139.168
2026-05-20 07:25:00+00:00,0.3055,85.833,280.933
2026-05-20 07:30:00+00:00,0.81,213.511,263.604
2026-05-20 07:35:00+00:00,0.87,76.774,88.241
2026-05-20 07:40:00+00:00,0.8065,79.951,99.139
2026-05-20 07:45:00+00:00,0.3743,66.944,178.837
2026-05-20 07:50:00+00:00,0.85,165.448,194.644
2026-05-20 07:55:00+00:00,1.3868,195.096,140.678
2026-05-20 08:00:00+00:00,0.9602,209.359,218.042
2026-05-20 08:05:00+00:00,0.93,140.829,151.426
2026-05-20 08:10:00+00:00,0.9389,64.751,68.965
2026-05-20 08:15:00+00:00,0.9613,179.852,187.086
2026-05-20 08:20:00+00:00,0.419,122.465,292.266
2026-05-20 08:25:00+00:00,2.5451,200.561,78.804
2026-05-20 08:30:00+00:00,2.4675,197.655,80.104
2026-05-20 08:35:00+00:00,2.6664,1325.857,497.242
2026-05-20 08:40:00+00:00,1.3141,903.639,687.658
2026-05-20 08:45:00+00:00,0.6688,189.253,282.963
2026-05-20 08:50:00+00:00,1.1265,212.389,188.547
2026-05-20 08:55:00+00:00,0.4984,100.546,201.741
2026-05-20 09:00:00+00:00,0.7004,264.322,377.397
2026-05-20 09:05:00+00:00,0.672,256.093,381.067
2026-05-20 09:10:00+00:00,0.3606,83.744,232.241
2026-05-20 09:15:00+00:00,0.4591,141.375,307.935
2026-05-20 09:20:00+00:00,1.0742,90.215,83.985
2026-05-20 09:25:00+00:00,1.0922,216.454,198.173
2026-05-20 09:30:00+00:00,1.9489,212.057,108.808
2026-05-20 09:35:00+00:00,0.8266,203.652,246.364
2026-05-20 09:40:00+00:00,1.2357,92.049,74.492
2026-05-20 09:45:00+00:00,0.8403,90.827,108.094
2026-05-20 09:50:00+00:00,0.7429,61.98,83.427
2026-05-20 09:55:00+00:00,1.516,119.767,79.002
2026-05-20 10:00:00+00:00,2.0154,165.698,82.217
2026-05-20 10:05:00+00:00,2.2843,123.092,53.886
2026-05-20 10:10:00+00:00,2.2745,172.351,75.776
2026-05-20 10:15:00+00:00,0.7326,93.705,127.903
2026-05-20 10:20:00+00:00,3.6835,428.94,116.449
2026-05-20 10:25:00+00:00,0.5745,67.006,116.642
2026-05-20 10:30:00+00:00,1.8123,120.8,66.654
2026-05-20 10:35:00+00:00,0.5021,98.523,196.203
2026-05-20 10:40:00+00:00,0.991,77.975,78.685
2026-05-20 10:45:00+00:00,1.2089,70.18,58.051
2026-05-20 10:50:00+00:00,0.7257,42.698,58.836
2026-05-20 10:55:00+00:00,0.4147,50.235,121.15
2026-05-20 11:00:00+00:00,0.4824,79.812,165.433
2026-05-20 11:05:00+00:00,0.5746,51.676,89.939
2026-05-20 11:10:00+00:00,0.3067,49.646,161.897
2026-05-20 11:15:00+00:00,0.8071,75.641,93.72
2026-05-20 11:20:00+00:00,0.7713,70.493,91.391
2026-05-20 11:25:00+00:00,0.59,143.55,243.299
2026-05-20 11:30:00+00:00,0.9108,73.51,80.711
2026-05-20 11:35:00+00:00,0.4917,53.497,108.796
2026-05-20 11:40:00+00:00,0.8145,201.942,247.927
2026-05-20 11:45:00+00:00,0.8083,107.848,133.424
2026-05-20 11:50:00+00:00,1.0218,144.119,141.042
2026-05-20 11:55:00+00:00,0.9626,65.279,67.816
2026-05-20 12:00:00+00:00,1.5075,209.85,139.202
2026-05-20 12:05:00+00:00,0.833,71.14,85.4
2026-05-20 12:10:00+00:00,1.4709,56.866,38.66
2026-05-20 12:15:00+00:00,1.5569,93.781,60.237
2026-05-20 12:20:00+00:00,0.5356,93.566,174.698
2026-05-20 12:25:00+00:00,1.0698,138.085,129.071
2026-05-20 12:30:00+00:00,1.3098,128.243,97.911
2026-05-20 12:35:00+00:00,2.4364,85.14,34.945
2026-05-20 12:40:00+00:00,1.0512,43.98,41.837
2026-05-20 12:45:00+00:00,1.6984,134.568,79.233
2026-05-20 12:50:00+00:00,1.4294,114.722,80.257
2026-05-20 12:55:00+00:00,2.2997,1092.254,474.946
2026-05-20 13:00:00+00:00,0.7553,233.443,309.074
2026-05-20 13:05:00+00:00,0.8345,88.327,105.85
2026-05-20 13:10:00+00:00,0.5981,62.003,103.66
2026-05-20 13:15:00+00:00,0.6741,129.346,191.867
2026-05-20 13:20:00+00:00,1.0462,75.203,71.885
2026-05-20 13:25:00+00:00,0.5862,405.653,691.946
2026-05-20 13:30:00+00:00,1.1008,874.488,794.395
2026-05-20 13:35:00+00:00,0.7615,1156.022,1518.109
2026-05-20 13:40:00+00:00,1.5427,764.207,495.36
2026-05-20 13:45:00+00:00,1.5018,783.909,521.977
2026-05-20 13:50:00+00:00,1.2594,282.143,224.03
2026-05-20 13:55:00+00:00,1.1475,255.819,222.929
2026-05-20 14:00:00+00:00,0.593,156.713,264.285
2026-05-20 14:05:00+00:00,0.427,141.101,330.427
2026-05-20 14:10:00+00:00,0.6999,797.759,1139.862
2026-05-20 14:15:00+00:00,1.4431,1549.638,1073.847
2026-05-20 14:20:00+00:00,0.798,457.331,573.083
2026-05-20 14:25:00+00:00,1.2094,240.901,199.197
2026-05-20 14:30:00+00:00,0.7109,279.832,393.648
2026-05-20 14:35:00+00:00,0.9379,244.922,261.14
2026-05-20 14:40:00+00:00,1.5189,230.111,151.5
2026-05-20 14:45:00+00:00,1.1558,179.168,155.011
2026-05-20 14:50:00+00:00,1.6083,343.735,213.72
2026-05-20 14:55:00+00:00,0.7718,188.369,244.051
2026-05-20 15:00:00+00:00,0.7386,178.805,242.092
2026-05-20 15:05:00+00:00,1.2008,98.748,82.236
2026-05-20 15:10:00+00:00,0.5933,103.228,173.98
2026-05-20 15:15:00+00:00,1.4933,2499.526,1673.869
2026-05-20 15:20:00+00:00,0.8192,381.106,465.239
2026-05-20 15:25:00+00:00,1.0406,343.035,329.639
2026-05-20 15:30:00+00:00,1.3855,228.997,165.276
2026-05-20 15:35:00+00:00,0.4759,133.223,279.91
2026-05-20 15:40:00+00:00,0.9402,447.929,476.414
2026-05-20 15:45:00+00:00,1.1554,265.475,229.771
2026-05-20 15:50:00+00:00,0.8353,113.903,136.364
2026-05-20 15:55:00+00:00,0.9086,150.65,165.802
2026-05-20 16:00:00+00:00,0.8393,106.829,127.281
2026-05-20 16:05:00+00:00,1.1799,90.364,76.588
2026-05-20 16:10:00+00:00,0.4744,51.135,107.785
2026-05-20 16:15:00+00:00,0.5356,162.433,303.28
2026-05-20 16:20:00+00:00,0.6384,361.592,566.366
2026-05-20 16:25:00+00:00,0.6277,499.118,795.097
2026-05-20 16:30:00+00:00,1.3396,388.87,290.282
2026-05-20 16:35:00+00:00,1.5318,276.864,180.748
2026-05-20 16:40:00+00:00,1.3828,182.428,131.927
2026-05-20 16:45:00+00:00,0.7445,161.1,216.401
2026-05-20 16:50:00+00:00,0.7815,83.539,106.892
2026-05-20 16:55:00+00:00,1.9911,130.08,65.331
2026-05-20 17:00:00+00:00,0.7361,86.345,117.293
2026-05-20 17:05:00+00:00,0.6584,45.041,68.411
2026-05-20 17:10:00+00:00,1.8599,391.378,210.43
2026-05-20 17:15:00+00:00,0.6703,147.663,220.309
2026-05-20 17:20:00+00:00,1.7702,281.7,159.135
2026-05-20 17:25:00+00:00,1.2065,342.136,283.578
2026-05-20 17:30:00+00:00,0.6671,97.957,146.845
2026-05-20 17:35:00+00:00,1.4432,370.173,256.502
2026-05-20 17:40:00+00:00,1.1308,127.472,112.723
2026-05-20 17:45:00+00:00,0.6739,146.524,217.429
2026-05-20 17:50:00+00:00,0.4952,75.625,152.728
2026-05-20 17:55:00+00:00,0.4194,70.102,167.152
2026-05-20 18:00:00+00:00,0.7683,237.508,309.144
2026-05-20 18:05:00+00:00,0.8509,40.806,47.957
2026-05-20 18:10:00+00:00,0.7098,66.104,93.124
2026-05-20 18:15:00+00:00,0.9866,89.708,90.928
2026-05-20 18:20:00+00:00,0.8928,134.293,150.413
2026-05-20 18:25:00+00:00,0.6174,85.436,138.376
2026-05-20 18:30:00+00:00,0.9456,46.931,49.631
2026-05-20 18:35:00+00:00,2.8385,99.647,35.105
2026-05-20 18:40:00+00:00,1.111,95.204,85.696
2026-05-20 18:45:00+00:00,0.7109,108.953,153.268
2026-05-20 18:50:00+00:00,0.5554,47.516,85.55
2026-05-20 18:55:00+00:00,0.6709,53.382,79.572
2026-05-20 19:00:00+00:00,0.6492,72.016,110.935
2026-05-20 19:05:00+00:00,1.3692,105.509,77.06
2026-05-20 19:10:00+00:00,1.0237,59.497,58.119
2026-05-20 19:15:00+00:00,2.1021,117.8,56.038
2026-05-20 19:20:00+00:00,1.5216,95.55,62.794
2026-05-20 19:25:00+00:00,1.2919,73.922,57.219
2026-05-20 19:30:00+00:00,1.8265,125.338,68.623
2026-05-20 19:35:00+00:00,3.453,395.059,114.41
2026-05-20 19:40:00+00:00,1.4677,180.315,122.854
2026-05-20 19:45:00+00:00,2.7111,276.81,102.102
2026-05-20 19:50:00+00:00,0.5662,133.268,235.383
2026-05-20 19:55:00+00:00,0.426,134.267,315.165
2026-05-20 20:00:00+00:00,1.0022,179.829,179.442
2026-05-20 20:05:00+00:00,1.3357,63.43,47.487
2026-05-20 20:10:00+00:00,0.9324,200.227,214.742
2026-05-20 20:15:00+00:00,0.7414,169.982,229.269
2026-05-20 20:20:00+00:00,0.6789,317.094,467.074
2026-05-20 20:25:00+00:00,2.5527,166.496,65.223
2026-05-20 20:30:00+00:00,0.5108,95.15,186.269
2026-05-20 20:35:00+00:00,1.2125,63.131,52.067
2026-05-20 20:40:00+00:00,1.5284,82.563,54.018
2026-05-20 20:45:00+00:00,2.2673,127.953,56.433
2026-05-20 20:50:00+00:00,1.2287,89.871,73.142
2026-05-20 20:55:00+00:00,1.0075,46.892,46.545
2026-05-20 21:00:00+00:00,0.7143,122.666,171.723
2026-05-20 21:05:00+00:00,1.1101,39.212,35.324
2026-05-20 21:10:00+00:00,3.1678,121.708,38.42
2026-05-20 21:15:00+00:00,0.3776,24.322,64.414
2026-05-20 21:20:00+00:00,1.0875,91.031,83.705
2026-05-20 21:25:00+00:00,0.3047,14.542,47.73
2026-05-20 21:30:00+00:00,1.1066,68.817,62.19
2026-05-20 21:35:00+00:00,0.5341,28.414,53.198
2026-05-20 21:40:00+00:00,1.542,84.752,54.961
2026-05-20 21:45:00+00:00,0.6492,27.697,42.663
2026-05-20 21:50:00+00:00,1.0354,40.144,38.77
2026-05-20 21:55:00+00:00,0.7142,58.054,81.289
2026-05-20 22:00:00+00:00,0.8616,271.873,315.546
2026-05-20 22:05:00+00:00,0.5785,145.803,252.034
2026-05-20 22:10:00+00:00,1.0621,145.627,137.111
2026-05-20 22:15:00+00:00,1.285,200.723,156.204
2026-05-20 22:20:00+00:00,1.8839,264.746,140.53
2026-05-20 22:25:00+00:00,2.6993,198.467,73.525
2026-05-20 22:30:00+00:00,1.2225,151.331,123.792
2026-05-20 22:35:00+00:00,0.4727,31.097,65.787
2026-05-20 22:40:00+00:00,1.7331,44.259,25.537
2026-05-20 22:45:00+00:00,1.6363,79.979,48.877
2026-05-20 22:50:00+00:00,0.6638,22.529,33.937
2026-05-20 22:55:00+00:00,2.9116,86.165,29.594
2026-05-20 23:00:00+00:00,0.4021,28.924,71.929
2026-05-20 23:05:00+00:00,1.1178,79.152,70.808
2026-05-20 23:10:00+00:00,4.6868,236.407,50.441
2026-05-20 23:15:00+00:00,1.089,59.635,54.763
2026-05-20 23:20:00+00:00,0.6202,28.218,45.501
2026-05-20 23:25:00+00:00,0.1568,34.818,222.067
2026-05-20 23:30:00+00:00,2.6426,66.093,25.011
2026-05-20 23:35:00+00:00,0.7838,31.133,39.719
2026-05-20 23:40:00+00:00,1.7414,38.584,22.157
2026-05-20 23:45:00+00:00,1.3314,110.947,83.33
2026-05-20 23:50:00+00:00,0.9323,25.746,27.616
2026-05-20 23:55:00+00:00,0.8143,58.164,71.429
2026-05-21 00:00:00+00:00,2.4017,532.778,221.837
2026-05-21 00:05:00+00:00,0.7539,90.411,119.927
2026-05-21 00:10:00+00:00,1.2757,120.351,94.342
2026-05-21 00:15:00+00:00,0.9887,136.38,137.939
2026-05-21 00:20:00+00:00,1.103,91.628,83.069
2026-05-21 00:25:00+00:00,1.0128,96.102,94.892
2026-05-21 00:30:00+00:00,1.4465,132.228,91.41
2026-05-21 00:35:00+00:00,0.9297,81.137,87.271
2026-05-21 00:40:00+00:00,0.7957,99.194,124.664
2026-05-21 00:45:00+00:00,3.198,1296.586,405.439
2026-05-21 00:50:00+00:00,1.5038,1136.64,755.853
2026-05-21 00:55:00+00:00,0.8161,251.29,307.927
2026-05-21 01:00:00+00:00,0.869,183.485,211.15
2026-05-21 01:05:00+00:00,1.0553,172.122,163.109
2026-05-21 01:10:00+00:00,2.586,661.119,255.654
2026-05-21 01:15:00+00:00,1.1003,689.571,626.73
2026-05-21 01:20:00+00:00,0.7457,165.728,222.235
2026-05-21 01:25:00+00:00,1.3206,284.795,215.659
2026-05-21 01:30:00+00:00,0.8476,123.448,145.642
2026-05-21 01:35:00+00:00,0.6233,91.004,145.992
2026-05-21 01:40:00+00:00,1.8336,206.046,112.375
2026-05-21 01:45:00+00:00,1.3695,128.899,94.124
2026-05-21 01:50:00+00:00,0.316,83.18,263.264
2026-05-21 01:55:00+00:00,0.5501,67.179,122.127
2026-05-21 02:00:00+00:00,1.2562,95.135,75.732
2026-05-21 02:05:00+00:00,0.9204,70.702,76.817
2026-05-21 02:10:00+00:00,1.9002,73.347,38.6
2026-05-21 02:15:00+00:00,3.2327,201.102,62.209
2026-05-21 02:20:00+00:00,1.7019,373.9,219.693
2026-05-21 02:25:00+00:00,0.9391,233.223,248.357
2026-05-21 02:30:00+00:00,1.4613,149.886,102.571
2026-05-21 02:35:00+00:00,1.0964,84.467,77.041
2026-05-21 02:40:00+00:00,0.9128,126.162,138.211
2026-05-21 02:45:00+00:00,0.4649,44.777,96.32
2026-05-21 02:50:00+00:00,1.047,163.102,155.786
2026-05-21 02:55:00+00:00,0.4909,52.066,106.052
2026-05-21 03:00:00+00:00,0.4367,69.487,159.106
2026-05-21 03:05:00+00:00,1.5539,175.071,112.664
2026-05-21 03:10:00+00:00,0.6804,33.577,49.346
2026-05-21 03:15:00+00:00,0.3275,37.336,113.986
2026-05-21 03:20:00+00:00,1.4961,77.309,51.673
2026-05-21 03:25:00+00:00,1.4559,155.731,106.967
2026-05-21 03:30:00+00:00,0.7028,33.48,47.641
2026-05-21 03:35:00+00:00,0.5471,32.636,59.655
2026-05-21 03:40:00+00:00,1.7181,48.384,28.162
2026-05-21 03:45:00+00:00,1.8508,114.277,61.743
2026-05-21 03:50:00+00:00,2.0968,80.69,38.482
2026-05-21 03:55:00+00:00,1.9314,169.968,88.004
2026-05-21 04:00:00+00:00,1.7829,195.129,109.447
2026-05-21 04:05:00+00:00,0.4682,236.531,505.22
2026-05-21 04:10:00+00:00,0.9007,104.524,116.045
2026-05-21 04:15:00+00:00,0.5552,70.998,127.889
2026-05-21 04:20:00+00:00,0.6567,62.113,94.584
2026-05-21 04:25:00+00:00,1.7961,84.394,46.988
2026-05-21 04:30:00+00:00,0.6706,68.666,102.398
2026-05-21 04:35:00+00:00,0.5564,38.47,69.146
2026-05-21 04:40:00+00:00,0.4447,47.188,106.102
2026-05-21 04:45:00+00:00,2.5249,102.968,40.781
2026-05-21 04:50:00+00:00,1.12,28.986,25.881
2026-05-21 04:55:00+00:00,1.2965,96.609,74.518
2026-05-21 05:00:00+00:00,1.0676,222.356,208.268
2026-05-21 05:05:00+00:00,0.939,91.373,97.313
2026-05-21 05:10:00+00:00,0.4381,126.02,287.62
2026-05-21 05:15:00+00:00,1.1053,102.041,92.317
2026-05-21 05:20:00+00:00,0.6496,69.529,107.028
2026-05-21 05:25:00+00:00,0.741,63.322,85.452
2026-05-21 05:30:00+00:00,1.3262,135.079,101.854
2026-05-21 05:35:00+00:00,1.4967,58.679,39.205
2026-05-21 05:40:00+00:00,0.842,74.421,88.389
2026-05-21 05:45:00+00:00,0.5159,204.627,396.658
2026-05-21 05:50:00+00:00,1.5206,149.82,98.528
2026-05-21 05:55:00+00:00,1.2985,159.309,122.691
2026-05-21 06:00:00+00:00,1.3621,142.212,104.404
2026-05-21 06:05:00+00:00,0.3306,102.708,310.667
2026-05-21 06:10:00+00:00,1.3104,111.862,85.362
2026-05-21 06:15:00+00:00,0.5329,106.31,199.48
2026-05-21 06:20:00+00:00,3.4241,211.007,61.624
2026-05-21 06:25:00+00:00,1.1823,96.904,81.96
2026-05-21 06:30:00+00:00,1.701,82.041,48.232
2026-05-21 06:35:00+00:00,0.4625,34.114,73.764
2026-05-21 06:40:00+00:00,0.7354,151.047,205.405
2026-05-21 06:45:00+00:00,0.6245,293.823,470.53
2026-05-21 06:50:00+00:00,1.1476,179.633,156.529
2026-05-21 06:55:00+00:00,1.5252,146.017,95.739
2026-05-21 07:00:00+00:00,0.6865,172.051,250.633
2026-05-21 07:05:00+00:00,1.1476,181.01,157.729
2026-05-21 07:10:00+00:00,0.6699,129.878,193.877
2026-05-21 07:15:00+00:00,0.6524,217.758,333.765
2026-05-21 07:20:00+00:00,1.1155,122.902,110.177
2026-05-21 07:25:00+00:00,2.0132,121.262,60.234
2026-05-21 07:30:00+00:00,2.0873,147.89,70.853
2026-05-21 07:35:00+00:00,1.626,91.927,56.537
2026-05-21 07:40:00+00:00,1.935,140.956,72.847
2026-05-21 07:45:00+00:00,2.1396,215.464,100.705
2026-05-21 07:50:00+00:00,1.2204,116.741,95.655
2026-05-21 07:55:00+00:00,1.2831,310.184,241.738
2026-05-21 08:00:00+00:00,1.5459,352.334,227.915
2026-05-21 08:05:00+00:00,1.5683,1004.225,640.312
2026-05-21 08:10:00+00:00,1.024,357.078,348.694
2026-05-21 08:15:00+00:00,0.8427,372.393,441.888
2026-05-21 08:20:00+00:00,0.7803,155.728,199.574
2026-05-21 08:25:00+00:00,1.4273,196.348,137.563
2026-05-21 08:30:00+00:00,0.616,94.45,153.326
2026-05-21 08:35:00+00:00,0.6718,83.326,124.025
2026-05-21 08:40:00+00:00,1.4255,83.303,58.439
2026-05-21 08:45:00+00:00,0.7637,92.524,121.156
2026-05-21 08:50:00+00:00,1.1515,63.477,55.124
2026-05-21 08:55:00+00:00,0.9899,89.967,90.889
2026-05-21 09:00:00+00:00,0.9717,71.774,73.866
2026-05-21 09:05:00+00:00,1.0135,106.088,104.673
2026-05-21 09:10:00+00:00,0.8824,68.506,77.638
2026-05-21 09:15:00+00:00,0.7013,44.403,63.315
2026-05-21 09:20:00+00:00,0.6969,60.361,86.61
2026-05-21 09:25:00+00:00,0.9645,46.56,48.273
2026-05-21 09:30:00+00:00,0.4892,202.156,413.263
2026-05-21 09:35:00+00:00,0.4314,120.727,279.834
2026-05-21 09:40:00+00:00,1.122,211.568,188.561
2026-05-21 09:45:00+00:00,1.2915,133.169,103.111
2026-05-21 09:50:00+00:00,0.7159,77.959,108.896
2026-05-21 09:55:00+00:00,0.4564,149.383,327.321
2026-05-21 10:00:00+00:00,0.8621,197.533,229.14
2026-05-21 10:05:00+00:00,1.3344,161.189,120.792
2026-05-21 10:10:00+00:00,1.4869,141.978,95.486
2026-05-21 10:15:00+00:00,1.6226,118.923,73.293
2026-05-21 10:20:00+00:00,1.6272,95.913,58.943
2026-05-21 10:25:00+00:00,0.7615,1970.476,2587.71
2026-05-21 10:30:00+00:00,1.4897,692.807,465.066
2026-05-21 10:35:00+00:00,0.9298,308.921,332.261
2026-05-21 10:40:00+00:00,1.4542,355.072,244.175
2026-05-21 10:45:00+00:00,0.6523,248.215,380.511
2026-05-21 10:50:00+00:00,0.6191,284.687,459.845
2026-05-21 10:55:00+00:00,1.0032,257.783,256.968
2026-05-21 11:00:00+00:00,0.8042,406.034,504.919
2026-05-21 11:05:00+00:00,1.2306,228.995,186.086
2026-05-21 11:10:00+00:00,2.1071,222.285,105.492
2026-05-21 11:15:00+00:00,1.6497,235.657,142.847
2026-05-21 11:20:00+00:00,1.0808,175.503,162.385
2026-05-21 11:25:00+00:00,0.9053,81.565,90.093
2026-05-21 11:30:00+00:00,1.3275,123.699,93.18
2026-05-21 11:35:00+00:00,0.6752,146.277,216.636
2026-05-21 11:40:00+00:00,0.763,94.751,124.177
2026-05-21 11:45:00+00:00,0.7634,66.186,86.695
2026-05-21 11:50:00+00:00,0.5096,55.814,109.533
2026-05-21 11:55:00+00:00,0.5525,221.484,400.889
2026-05-21 12:00:00+00:00,1.5251,317.393,208.11
2026-05-21 12:05:00+00:00,0.7407,80.237,108.319
2026-05-21 12:10:00+00:00,0.6133,65.289,106.463
2026-05-21 12:15:00+00:00,1.3045,94.607,72.521
2026-05-21 12:20:00+00:00,0.5158,207.325,401.941
2026-05-21 12:25:00+00:00,0.514,145.516,283.099
2026-05-21 12:30:00+00:00,1.5315,429.264,280.293
2026-05-21 12:35:00+00:00,0.7059,193.525,274.149
2026-05-21 12:40:00+00:00,0.8374,107.714,128.636
2026-05-21 12:45:00+00:00,1.5342,120.934,78.827
2026-05-21 12:50:00+00:00,3.2991,197.681,59.92
2026-05-21 12:55:00+00:00,1.2533,157.737,125.857
2026-05-21 13:00:00+00:00,1.4174,164.213,115.857
2026-05-21 13:05:00+00:00,0.6525,68.923,105.633
2026-05-21 13:10:00+00:00,0.5085,71.948,141.486
2026-05-21 13:15:00+00:00,1.3279,147.8,111.305
2026-05-21 13:20:00+00:00,1.1825,83.597,70.694
2026-05-21 13:25:00+00:00,0.7578,73.935,97.565
2026-05-21 13:30:00+00:00,0.5735,220.218,384.005
2026-05-21 13:35:00+00:00,0.6405,1114.223,1739.545
2026-05-21 13:40:00+00:00,0.5809,864.948,1489.062
2026-05-21 13:45:00+00:00,1.2146,673.536,554.529
2026-05-21 13:50:00+00:00,1.2464,697.677,559.756
2026-05-21 13:55:00+00:00,1.0074,561.333,557.232
2026-05-21 14:00:00+00:00,1.3719,480.747,350.425
2026-05-21 14:05:00+00:00,0.6928,231.801,334.599
2026-05-21 14:10:00+00:00,0.8487,260.272,306.659
2026-05-21 14:15:00+00:00,0.5071,255.332,503.543
2026-05-21 14:20:00+00:00,0.7764,397.753,512.312
2026-05-21 14:25:00+00:00,1.5877,253.217,159.488
2026-05-21 14:30:00+00:00,0.9966,221.14,221.898
2026-05-21 14:35:00+00:00,0.7823,130.869,167.288
2026-05-21 14:40:00+00:00,0.702,130.996,186.606
2026-05-21 14:45:00+00:00,0.9205,133.973,145.544
2026-05-21 14:50:00+00:00,0.7681,145.233,189.075
2026-05-21 14:55:00+00:00,1.9305,106.402,55.117
2026-05-21 15:00:00+00:00,1.2417,135.531,109.146
2026-05-21 15:05:00+00:00,0.7932,130.657,164.724
2026-05-21 15:10:00+00:00,1.3905,356.66,256.497
2026-05-21 15:15:00+00:00,1.0185,247.848,243.338
2026-05-21 15:20:00+00:00,1.0838,280.587,258.886
2026-05-21 15:25:00+00:00,0.8303,124.222,149.616
2026-05-21 15:30:00+00:00,0.432,136.986,317.126
2026-05-21 15:35:00+00:00,0.6782,173.826,256.314
2026-05-21 15:40:00+00:00,1.0424,106.513,102.179
2026-05-21 15:45:00+00:00,1.8844,442.966,235.067
2026-05-21 15:50:00+00:00,0.374,83.645,223.651
2026-05-21 15:55:00+00:00,1.7954,137.557,76.615
2026-05-21 16:00:00+00:00,0.858,130.229,151.787
2026-05-21 16:05:00+00:00,1.0758,80.247,74.594
2026-05-21 16:10:00+00:00,0.6325,155.179,245.335
2026-05-21 16:15:00+00:00,0.3902,126.548,324.301
2026-05-21 16:20:00+00:00,0.5449,82.3,151.037
2026-05-21 16:25:00+00:00,0.5778,57.884,100.181
2026-05-21 16:30:00+00:00,2.469,84.061,34.046
2026-05-21 16:35:00+00:00,0.7595,378.338,498.119
2026-05-21 16:40:00+00:00,0.6341,100.718,158.839
2026-05-21 16:45:00+00:00,0.865,109.097,126.13
2026-05-21 16:50:00+00:00,0.6704,91.524,136.523
2026-05-21 16:55:00+00:00,0.4323,82.491,190.835
2026-05-21 17:00:00+00:00,0.82,191.882,234.004
2026-05-21 17:05:00+00:00,0.7217,108.695,150.612
2026-05-21 17:10:00+00:00,1.5,1231.209,820.793
2026-05-21 17:15:00+00:00,1.2561,2046.836,1629.532
2026-05-21 17:20:00+00:00,1.1072,1190.951,1075.597
2026-05-21 17:25:00+00:00,0.72,651.698,905.124
2026-05-21 17:30:00+00:00,0.762,702.507,921.867
2026-05-21 17:35:00+00:00,0.4813,294.013,610.878
2026-05-21 17:40:00+00:00,0.8585,263.16,306.518
2026-05-21 17:45:00+00:00,1.1712,521.6,445.371
2026-05-21 17:50:00+00:00,1.1324,399.219,352.549
2026-05-21 17:55:00+00:00,0.6747,410.192,608.005
2026-05-21 18:00:00+00:00,0.7873,465.193,590.852
2026-05-21 18:05:00+00:00,1.1197,713.092,636.855
2026-05-21 18:10:00+00:00,1.8119,593.261,327.422
2026-05-21 18:15:00+00:00,2.4167,509.703,210.91
2026-05-21 18:20:00+00:00,1.0812,130.236,120.46
2026-05-21 18:25:00+00:00,0.3227,80.203,248.515
2026-05-21 18:30:00+00:00,0.7731,87.894,113.687
2026-05-21 18:35:00+00:00,0.9496,81.145,85.454
2026-05-21 18:40:00+00:00,1.239,64.383,51.964
2026-05-21 18:45:00+00:00,0.5576,301.566,540.786
2026-05-21 18:50:00+00:00,0.9114,829.296,909.901
2026-05-21 18:55:00+00:00,1.4175,598.305,422.089
2026-05-21 19:00:00+00:00,1.1145,383.616,344.194
2026-05-21 19:05:00+00:00,1.3905,233.491,167.918
2026-05-21 19:10:00+00:00,1.1034,146.486,132.758
2026-05-21 19:15:00+00:00,1.4343,113.582,79.189
2026-05-21 19:20:00+00:00,0.5433,62.414,114.881
2026-05-21 19:25:00+00:00,1.0355,87.615,84.608
2026-05-21 19:35:00+00:00,1.1932,89.283,74.826
2026-05-21 19:40:00+00:00,0.3774,45.032,119.31
2026-05-21 19:45:00+00:00,0.9202,47.584,51.708
2026-05-21 19:50:00+00:00,2.2932,411.83,179.584
2026-05-21 19:55:00+00:00,1.8683,324.196,173.528
2026-05-21 20:00:00+00:00,0.6348,67.817,106.831
2026-05-21 20:05:00+00:00,1.3858,65.739,47.439
2026-05-21 20:10:00+00:00,0.4046,54.234,134.046
2026-05-21 20:15:00+00:00,0.6755,20.795,30.785
2026-05-21 20:20:00+00:00,0.517,17.23,33.329
2026-05-21 20:25:00+00:00,0.8923,25.229,28.274
2026-05-21 20:30:00+00:00,0.5413,32.219,59.522
2026-05-21 20:35:00+00:00,0.9277,103.018,111.042
2026-05-21 20:40:00+00:00,1.2055,76.387,63.368
2026-05-21 20:45:00+00:00,2.6293,113.092,43.013
2026-05-21 20:50:00+00:00,0.74,53.305,72.036
2026-05-21 20:55:00+00:00,0.5834,27.253,46.714
2026-05-21 21:00:00+00:00,1.9033,145.104,76.24
2026-05-21 21:05:00+00:00,0.7974,43.001,53.924
2026-05-21 21:10:00+00:00,0.5845,57.719,98.743
2026-05-21 21:15:00+00:00,1.3777,34.297,24.895
2026-05-21 21:20:00+00:00,0.8766,15.448,17.622
2026-05-21 21:25:00+00:00,3.9222,186.144,47.459
2026-05-21 21:30:00+00:00,0.6951,25.029,36.01
2026-05-21 21:35:00+00:00,0.3204,23.028,71.882
2026-05-21 21:40:00+00:00,0.3761,35.924,95.515
2026-05-21 21:45:00+00:00,0.3521,31.12,88.391
2026-05-21 21:50:00+00:00,3.2694,37.497,11.469
2026-05-21 21:55:00+00:00,0.4867,27.067,55.618
2026-05-21 22:00:00+00:00,1.0162,392.54,386.288
2026-05-21 22:05:00+00:00,1.2855,57.183,44.483
2026-05-21 22:10:00+00:00,1.0873,53.042,48.784
2026-05-21 22:15:00+00:00,1.1479,96.006,83.637
2026-05-21 22:20:00+00:00,1.2215,64.486,52.794
2026-05-21 22:25:00+00:00,1.2762,41.298,32.36
2026-05-21 22:30:00+00:00,0.4655,37.344,80.222
2026-05-21 22:35:00+00:00,0.5852,42.917,73.337
2026-05-21 22:40:00+00:00,2.1683,68.095,31.405
2026-05-21 22:45:00+00:00,0.9894,38.02,38.426
2026-05-21 22:50:00+00:00,0.7546,33.072,43.827
2026-05-21 22:55:00+00:00,1.4731,33.127,22.488
2026-05-21 23:00:00+00:00,1.1509,92.513,80.383
2026-05-21 23:05:00+00:00,1.4031,47.996,34.206
2026-05-21 23:10:00+00:00,0.4629,24.975,53.958
2026-05-21 23:15:00+00:00,0.6286,54.183,86.191
2026-05-21 23:20:00+00:00,1.9529,76.324,39.083
2026-05-21 23:25:00+00:00,1.0873,38.241,35.17
2026-05-21 23:30:00+00:00,2.2942,34.308,14.954
2026-05-21 23:35:00+00:00,2.205,79.791,36.187
2026-05-21 23:40:00+00:00,0.9076,54.284,59.813
2026-05-21 23:45:00+00:00,1.0992,31.191,28.375
2026-05-21 23:50:00+00:00,1.4434,181.523,125.763
2026-05-21 23:55:00+00:00,0.4464,57.262,128.283
2026-05-22 00:00:00+00:00,0.7298,136.609,187.177
2026-05-22 00:05:00+00:00,0.6382,40.859,64.022
2026-05-22 00:10:00+00:00,0.8623,118.423,137.333
2026-05-22 00:15:00+00:00,1.1041,145.875,132.127
2026-05-22 00:20:00+00:00,1.6402,68.788,41.939
2026-05-22 00:25:00+00:00,0.9366,52.262,55.798
2026-05-22 00:30:00+00:00,1.6781,66.063,39.368
2026-05-22 00:35:00+00:00,1.1028,71.965,65.258
2026-05-22 00:40:00+00:00,1.0688,112.446,105.206
2026-05-22 00:45:00+00:00,0.5992,46.331,77.32
2026-05-22 00:50:00+00:00,0.6078,32.431,53.357
2026-05-22 00:55:00+00:00,0.4987,75.895,152.185
2026-05-22 01:00:00+00:00,0.8858,131.516,148.469
2026-05-22 01:05:00+00:00,2.2517,137.136,60.904
2026-05-22 01:10:00+00:00,2.5231,96.053,38.07
2026-05-22 01:15:00+00:00,3.5972,236.99,65.882
2026-05-22 01:20:00+00:00,1.3001,81.888,62.988
2026-05-22 01:25:00+00:00,0.5535,29.488,53.278
2026-05-22 01:30:00+00:00,1.0862,72.213,66.48
2026-05-22 01:35:00+00:00,1.2377,78.089,63.09
2026-05-22 01:40:00+00:00,0.9001,44.011,48.898
2026-05-22 01:45:00+00:00,2.2385,226.059,100.989
2026-05-22 01:50:00+00:00,1.1144,107.184,96.177
2026-05-22 01:55:00+00:00,0.7358,49.725,67.583
2026-05-22 02:00:00+00:00,1.9688,205.613,104.434
2026-05-22 02:05:00+00:00,0.6772,45.168,66.702
2026-05-22 02:10:00+00:00,0.742,27.008,36.397
2026-05-22 02:15:00+00:00,1.9172,95.225,49.668
2026-05-22 02:20:00+00:00,1.8804,115.874,61.623
2026-05-22 02:25:00+00:00,0.7544,43.526,57.699
2026-05-22 02:30:00+00:00,0.6902,60.342,87.429
2026-05-22 02:35:00+00:00,0.9842,30.41,30.899
2026-05-22 02:40:00+00:00,0.5022,26.766,53.294
2026-05-22 02:45:00+00:00,1.0831,206.174,190.363
2026-05-22 02:50:00+00:00,1.3695,34.393,25.114
2026-05-22 02:55:00+00:00,1.1685,22.469,19.229
2026-05-22 03:00:00+00:00,4.467,207.115,46.366
2026-05-22 03:05:00+00:00,1.7546,137.705,78.483
2026-05-22 03:10:00+00:00,0.6688,30.231,45.205
2026-05-22 03:15:00+00:00,1.1286,53.049,47.006
2026-05-22 03:20:00+00:00,1.5555,36.014,23.153
2026-05-22 03:25:00+00:00,3.6079,96.54,26.758
2026-05-22 03:30:00+00:00,0.6771,60.404,89.205
2026-05-22 03:35:00+00:00,0.5471,43.782,80.022
2026-05-22 03:40:00+00:00,0.9015,76.334,84.675
2026-05-22 03:45:00+00:00,1.1841,71.578,60.451
2026-05-22 03:50:00+00:00,0.6693,106.451,159.054
2026-05-22 03:55:00+00:00,0.4844,34.814,71.874
2026-05-22 04:00:00+00:00,1.9515,133.518,68.417
2026-05-22 04:05:00+00:00,1.7066,212.719,124.646
2026-05-22 04:10:00+00:00,1.4128,170.823,120.914
2026-05-22 04:15:00+00:00,0.7442,126.095,169.426
2026-05-22 04:20:00+00:00,0.5485,62.449,113.862
2026-05-22 04:25:00+00:00,0.8936,47.357,52.996
2026-05-22 04:30:00+00:00,0.9152,70.757,77.313
2026-05-22 04:35:00+00:00,0.4624,60.746,131.38
2026-05-22 04:40:00+00:00,0.3775,27.039,71.629
2026-05-22 04:45:00+00:00,0.2993,62.179,207.767
2026-05-22 04:50:00+00:00,0.7199,109.406,151.965
2026-05-22 04:55:00+00:00,2.0877,52.553,25.173
2026-05-22 05:00:00+00:00,0.4982,47.488,95.318
2026-05-22 05:05:00+00:00,2.0173,67.108,33.266
2026-05-22 05:10:00+00:00,0.9688,39.787,41.069
2026-05-22 05:15:00+00:00,1.316,29.217,22.201
2026-05-22 05:20:00+00:00,0.3824,55.72,145.718
2026-05-22 05:25:00+00:00,1.3827,104.902,75.868
2026-05-22 05:30:00+00:00,0.6831,79.107,115.798
2026-05-22 05:35:00+00:00,0.4082,89.039,218.14
2026-05-22 05:40:00+00:00,0.5342,189.233,354.251
2026-05-22 05:45:00+00:00,2.4787,55.097,22.228
2026-05-22 05:50:00+00:00,1.2361,58.778,47.55
2026-05-22 05:55:00+00:00,0.3656,122.579,335.284
2026-05-22 06:00:00+00:00,1.2918,360.721,279.245
2026-05-22 06:05:00+00:00,0.7772,226.352,291.252
2026-05-22 06:10:00+00:00,1.6499,99.063,60.042
2026-05-22 06:15:00+00:00,1.3092,110.014,84.031
2026-05-22 06:20:00+00:00,1.0533,173.662,164.881
2026-05-22 06:25:00+00:00,1.1688,163.6,139.976
2026-05-22 06:30:00+00:00,1.2652,147.017,116.197
2026-05-22 06:35:00+00:00,1.778,93.949,52.84
2026-05-22 06:40:00+00:00,2.3013,224.266,97.45
2026-05-22 06:45:00+00:00,2.0646,205.812,99.684
2026-05-22 06:50:00+00:00,0.7483,105.763,141.331
2026-05-22 06:55:00+00:00,0.5432,133.208,245.206
2026-05-22 07:00:00+00:00,0.627,439.223,700.494
2026-05-22 07:05:00+00:00,0.6063,230.984,380.963
2026-05-22 07:10:00+00:00,1.7704,175.708,99.245
2026-05-22 07:15:00+00:00,2.4082,195.551,81.201
2026-05-22 07:20:00+00:00,0.5623,108.559,193.049
2026-05-22 07:25:00+00:00,3.1566,108.041,34.227
2026-05-22 07:30:00+00:00,0.8995,105.864,117.697
2026-05-22 07:35:00+00:00,0.6822,128.256,188.003
2026-05-22 07:40:00+00:00,1.5645,75.395,48.191
2026-05-22 07:45:00+00:00,1.2901,92.812,71.941
2026-05-22 07:50:00+00:00,1.3938,85.664,61.462
2026-05-22 07:55:00+00:00,1.0298,100.578,97.666
2026-05-22 08:00:00+00:00,2.0374,136.791,67.139
2026-05-22 08:05:00+00:00,0.7603,87.653,115.287
2026-05-22 08:10:00+00:00,0.5154,57.648,111.853
2026-05-22 08:15:00+00:00,1.631,167.77,102.866
2026-05-22 08:20:00+00:00,1.588,78.267,49.288
2026-05-22 08:25:00+00:00,1.7875,77.739,43.491
2026-05-22 08:30:00+00:00,0.528,65.095,123.289
2026-05-22 08:35:00+00:00,0.815,336.05,412.348
2026-05-22 08:40:00+00:00,1.175,179.806,153.026
2026-05-22 08:45:00+00:00,0.8689,100.749,115.956
2026-05-22 08:50:00+00:00,1.4644,129.645,88.529
2026-05-22 08:55:00+00:00,1.0568,82.625,78.184
2026-05-22 09:00:00+00:00,0.7891,106.771,135.311
2026-05-22 09:05:00+00:00,1.1504,141.989,123.426
2026-05-22 09:10:00+00:00,0.7009,78.126,111.463
2026-05-22 09:15:00+00:00,0.9128,118.269,129.569
2026-05-22 09:20:00+00:00,1.315,68.896,52.393
2026-05-22 09:25:00+00:00,1.124,64.043,56.978
2026-05-22 09:30:00+00:00,1.3963,110.549,79.17
2026-05-22 09:35:00+00:00,1.6193,140.39,86.698
2026-05-22 09:40:00+00:00,1.9605,104.953,53.534
2026-05-22 09:45:00+00:00,1.2467,80.436,64.521
2026-05-22 09:50:00+00:00,1.3493,137.137,101.635
2026-05-22 09:55:00+00:00,0.8954,46.319,51.731
2026-05-22 10:00:00+00:00,0.5897,42.851,72.671
2026-05-22 10:05:00+00:00,2.6383,103.081,39.071
2026-05-22 10:10:00+00:00,0.9869,63.083,63.921
2026-05-22 10:15:00+00:00,0.6329,55.902,88.329
2026-05-22 10:20:00+00:00,3.5006,90.885,25.963
2026-05-22 10:25:00+00:00,1.5892,65.642,41.305
2026-05-22 10:30:00+00:00,1.541,59.159,38.39
2026-05-22 10:35:00+00:00,0.7268,39.988,55.016
2026-05-22 10:40:00+00:00,0.8048,17.291,21.486
2026-05-22 10:45:00+00:00,1.0157,81.372,80.118
2026-05-22 10:50:00+00:00,1.6107,70.261,43.621
2026-05-22 10:55:00+00:00,1.2322,100.245,81.356
2026-05-22 11:00:00+00:00,1.9104,63.105,33.033
2026-05-22 11:05:00+00:00,0.4128,25.078,60.748
2026-05-22 11:10:00+00:00,0.9304,34.303,36.869
2026-05-22 11:15:00+00:00,0.5273,64.537,122.383
2026-05-22 11:20:00+00:00,0.5489,94.407,171.994
2026-05-22 11:25:00+00:00,1.3747,81.457,59.255
2026-05-22 11:30:00+00:00,0.8018,48.275,60.212
2026-05-22 11:35:00+00:00,1.5231,94.454,62.015
2026-05-22 11:40:00+00:00,2.3543,55.764,23.686
2026-05-22 11:45:00+00:00,1.6254,264.326,162.619
2026-05-22 11:50:00+00:00,1.2102,85.511,70.656
2026-05-22 11:55:00+00:00,1.7451,82.818,47.457
2026-05-22 12:00:00+00:00,1.0219,147.693,144.526
2026-05-22 12:05:00+00:00,0.6422,74.292,115.675
2026-05-22 12:10:00+00:00,2.2461,620.333,276.185
2026-05-22 12:15:00+00:00,0.7653,191.875,250.723
2026-05-22 12:20:00+00:00,0.5122,105.038,205.087
2026-05-22 12:25:00+00:00,0.7957,72.706,91.376
2026-05-22 12:30:00+00:00,0.966,96.45,99.845
2026-05-22 12:35:00+00:00,0.3406,29.096,85.425
2026-05-22 12:40:00+00:00,0.7771,43.626,56.138
2026-05-22 12:45:00+00:00,1.6645,45.533,27.355
2026-05-22 12:50:00+00:00,0.7548,62.346,82.596
2026-05-22 12:55:00+00:00,0.7896,88.089,111.563
2026-05-22 13:00:00+00:00,0.4624,44.251,95.698
2026-05-22 13:05:00+00:00,1.0202,124.887,122.414
2026-05-22 13:10:00+00:00,0.7018,115.092,163.986
2026-05-22 13:15:00+00:00,0.7928,130.478,164.588
2026-05-22 13:20:00+00:00,0.4399,92.579,210.454
2026-05-22 13:25:00+00:00,0.3246,88.227,271.839
2026-05-22 13:30:00+00:00,0.6878,541.105,786.694
2026-05-22 13:35:00+00:00,1.4097,353.257,250.594
2026-05-22 13:40:00+00:00,0.9236,418.474,453.099
2026-05-22 13:45:00+00:00,0.9436,178.73,189.408
2026-05-22 13:50:00+00:00,0.8604,170.473,198.125
2026-05-22 13:55:00+00:00,1.5337,171.489,111.811
2026-05-22 14:00:00+00:00,0.489,262.744,537.317
2026-05-22 14:05:00+00:00,0.7584,676.163,891.511
2026-05-22 14:10:00+00:00,1.0671,253.695,237.736
2026-05-22 14:15:00+00:00,0.7933,529.914,667.954
2026-05-22 14:20:00+00:00,0.6363,791.233,1243.517
2026-05-22 14:25:00+00:00,1.1744,610.067,519.484
2026-05-22 14:30:00+00:00,0.8109,426.789,526.293
2026-05-22 14:35:00+00:00,2.1212,763.835,360.093
2026-05-22 14:40:00+00:00,0.9355,432.012,461.792
2026-05-22 14:45:00+00:00,7.3716,2353.558,319.275
2026-05-22 14:50:00+00:00,0.5978,303.547,507.799
2026-05-22 14:55:00+00:00,1.2127,273.332,225.389
2026-05-22 15:00:00+00:00,0.5583,611.176,1094.787
2026-05-22 15:05:00+00:00,3.6799,1452.265,394.645
2026-05-22 15:10:00+00:00,0.4516,154.792,342.728
2026-05-22 15:15:00+00:00,0.8198,219.027,267.169
2026-05-22 15:20:00+00:00,0.3951,351.003,888.369
2026-05-22 15:25:00+00:00,0.8294,628.052,757.214
2026-05-22 15:30:00+00:00,0.9672,512.832,530.247
2026-05-22 15:35:00+00:00,0.6637,200.033,301.37
2026-05-22 15:40:00+00:00,0.7692,323.441,420.507
2026-05-22 15:45:00+00:00,1.3004,159.427,122.603
2026-05-22 15:50:00+00:00,1.2305,207.698,168.794
2026-05-22 15:55:00+00:00,1.2626,135.157,107.047
2026-05-22 16:00:00+00:00,2.4473,408.741,167.014
2026-05-22 16:05:00+00:00,0.5455,100.617,184.455
2026-05-22 16:10:00+00:00,1.6087,119.123,74.05
2026-05-22 16:15:00+00:00,0.9737,137.905,141.631
2026-05-22 16:20:00+00:00,1.7995,185.19,102.911
2026-05-22 16:25:00+00:00,1.4082,79.306,56.317
2026-05-22 16:30:00+00:00,0.8735,138.987,159.106
2026-05-22 16:35:00+00:00,1.4604,107.687,73.737
2026-05-22 16:40:00+00:00,1.1786,87.033,73.842
2026-05-22 16:45:00+00:00,0.8548,80.274,93.91
2026-05-22 16:50:00+00:00,0.7501,91.133,121.496
2026-05-22 16:55:00+00:00,0.3307,46.615,140.942
2026-05-22 17:00:00+00:00,0.9981,89.852,90.023
2026-05-22 17:05:00+00:00,0.9395,117.54,125.105
2026-05-22 17:10:00+00:00,0.9109,74.908,82.235
2026-05-22 17:15:00+00:00,0.3506,103.016,293.821
2026-05-22 17:20:00+00:00,0.8579,221.628,258.342
2026-05-22 17:25:00+00:00,1.7118,549.888,321.23
2026-05-22 17:30:00+00:00,1.972,373.936,189.624
2026-05-22 17:35:00+00:00,0.8788,63.489,72.249
2026-05-22 17:40:00+00:00,0.6541,30.818,47.113
2026-05-22 17:45:00+00:00,0.5295,193.631,365.662
2026-05-22 17:50:00+00:00,1.0967,148.251,135.178
2026-05-22 17:55:00+00:00,0.8171,79.544,97.349
2026-05-22 18:00:00+00:00,1.0112,276.021,272.957
2026-05-22 18:05:00+00:00,1.2582,141.122,112.162
2026-05-22 18:10:00+00:00,2.5208,79.016,31.346
2026-05-22 18:15:00+00:00,2.9983,172.611,57.57
2026-05-22 18:20:00+00:00,1.1849,58.038,48.983
2026-05-22 18:25:00+00:00,0.2239,24.259,108.363
2026-05-22 18:30:00+00:00,0.5108,74.636,146.126
2026-05-22 18:35:00+00:00,0.7668,490.177,639.249
2026-05-22 18:40:00+00:00,0.8223,185.655,225.771
2026-05-22 18:45:00+00:00,0.7136,2827.945,3962.862
2026-05-22 18:50:00+00:00,1.5234,453.688,297.813
2026-05-22 18:55:00+00:00,0.7858,242.808,308.994
2026-05-22 19:00:00+00:00,0.4916,356.477,725.206
2026-05-22 19:05:00+00:00,0.5734,400.44,698.338
2026-05-22 19:10:00+00:00,0.7994,368.94,461.522
2026-05-22 19:15:00+00:00,0.8962,433.884,484.152
2026-05-22 19:20:00+00:00,1.2263,162.119,132.204
2026-05-22 19:25:00+00:00,1.3514,357.057,264.203
2026-05-22 19:30:00+00:00,0.5843,2746.598,4701.06
2026-05-22 19:35:00+00:00,0.958,681.686,711.553
2026-05-22 19:40:00+00:00,1.0182,946.45,929.498
2026-05-22 19:45:00+00:00,0.6669,395.336,592.799
2026-05-22 19:50:00+00:00,1.5435,521.279,337.724
2026-05-22 19:55:00+00:00,1.1231,261.573,232.903
2026-05-22 20:00:00+00:00,0.8303,382.992,461.247
2026-05-22 20:05:00+00:00,1.8911,291.516,154.151
2026-05-22 20:10:00+00:00,0.4728,129.476,273.846
2026-05-22 20:15:00+00:00,0.8012,145.114,181.121
2026-05-22 20:20:00+00:00,0.6564,138.345,210.765
2026-05-22 20:25:00+00:00,0.6627,104.815,158.164
2026-05-22 20:30:00+00:00,0.7259,321.023,442.264
2026-05-22 20:35:00+00:00,0.7458,145.84,195.548
2026-05-22 20:40:00+00:00,0.8602,162.417,188.82
2026-05-22 20:45:00+00:00,1.8193,169.847,93.361
2026-05-22 20:50:00+00:00,2.1214,352.723,166.266
2026-05-22 20:55:00+00:00,0.312,129.536,415.177
2026-05-22 21:00:00+00:00,1.2375,97.925,79.131
2026-05-22 21:05:00+00:00,1.2496,67.278,53.839
2026-05-22 21:10:00+00:00,0.633,64.622,102.096
2026-05-22 21:15:00+00:00,1.9414,85.562,44.073
2026-05-22 21:20:00+00:00,0.8414,46.058,54.74
2026-05-22 21:25:00+00:00,0.8617,71.458,82.926
2026-05-22 21:30:00+00:00,2.0121,110.222,54.78
2026-05-22 21:35:00+00:00,0.7415,65.59,88.456
2026-05-22 21:40:00+00:00,0.9134,126.367,138.351
2026-05-22 21:45:00+00:00,1.2118,84.538,69.76
2026-05-22 21:50:00+00:00,0.9255,71.618,77.381
2026-05-22 21:55:00+00:00,0.5893,47.933,81.343
2026-05-22 22:00:00+00:00,0.8212,76.801,93.522
2026-05-22 22:05:00+00:00,1.156,153.493,132.776
2026-05-22 22:10:00+00:00,0.85,106.463,125.256
2026-05-22 22:15:00+00:00,0.3663,53.77,146.786
2026-05-22 22:20:00+00:00,0.753,115.663,153.611
2026-05-22 22:25:00+00:00,0.7872,175.513,222.945
2026-05-22 22:30:00+00:00,0.5659,135.331,239.127
2026-05-22 22:35:00+00:00,0.7699,147.172,191.163
2026-05-22 22:40:00+00:00,0.3722,554.013,1488.35
2026-05-22 22:45:00+00:00,2.3072,343.019,148.672
2026-05-22 22:50:00+00:00,1.4586,92.047,63.107
2026-05-22 22:55:00+00:00,1.4368,94.933,66.071
2026-05-22 23:00:00+00:00,1.996,163.483,81.905
2026-05-22 23:05:00+00:00,2.0044,138.228,68.962
2026-05-22 23:10:00+00:00,0.6218,71.744,115.384
2026-05-22 23:15:00+00:00,0.476,76.074,159.83
2026-05-22 23:20:00+00:00,1.3252,70.596,53.271
2026-05-22 23:25:00+00:00,0.5117,52.657,102.902
2026-05-22 23:30:00+00:00,1.3581,114.399,84.236
2026-05-22 23:35:00+00:00,1.1398,95.704,83.963
2026-05-22 23:40:00+00:00,1.546,153.36,99.195
2026-05-22 23:45:00+00:00,0.5761,1061.957,1843.263
2026-05-22 23:50:00+00:00,1.3385,263.593,196.937
2026-05-22 23:55:00+00:00,1.9834,222.073,111.963
2026-05-23 00:00:00+00:00,1.0275,500.603,487.213
2026-05-23 00:05:00+00:00,1.0338,280.823,271.642
2026-05-23 00:10:00+00:00,0.6731,297.284,441.688
2026-05-23 00:15:00+00:00,1.2154,303.225,249.491
2026-05-23 00:20:00+00:00,1.0789,145.768,135.105
2026-05-23 00:25:00+00:00,1.0078,257.13,255.131
2026-05-23 00:30:00+00:00,0.4975,426.422,857.076
2026-05-23 00:35:00+00:00,0.7761,521.617,672.078
2026-05-23 00:40:00+00:00,0.5932,354.317,597.316
2026-05-23 00:45:00+00:00,2.1756,393.957,181.083
2026-05-23 00:50:00+00:00,1.6529,222.355,134.528
2026-05-23 00:55:00+00:00,1.4245,103.927,72.958
2026-05-23 01:00:00+00:00,2.1779,227.255,104.345
2026-05-23 01:05:00+00:00,2.2337,187.431,83.91
2026-05-23 01:10:00+00:00,0.4836,90.434,187.01
2026-05-23 01:15:00+00:00,0.9083,106.245,116.967
2026-05-23 01:20:00+00:00,1.2635,76.083,60.214
2026-05-23 01:25:00+00:00,1.8049,92.869,51.455
2026-05-23 01:30:00+00:00,1.4416,103.535,71.82
2026-05-23 01:35:00+00:00,1.3222,83.125,62.869
2026-05-23 01:40:00+00:00,0.4772,95.144,199.385
2026-05-23 01:45:00+00:00,0.9118,230.0,252.254
2026-05-23 01:50:00+00:00,2.3473,130.555,55.62
2026-05-23 01:55:00+00:00,3.9818,141.879,35.632
2026-05-23 02:00:00+00:00,0.829,91.053,109.836
2026-05-23 02:05:00+00:00,3.3637,205.199,61.004
2026-05-23 02:10:00+00:00,1.2402,226.304,182.472
2026-05-23 02:15:00+00:00,1.8924,166.943,88.218
2026-05-23 02:20:00+00:00,0.2224,43.384,195.035
2026-05-23 02:25:00+00:00,0.9086,55.769,61.381
2026-05-23 02:30:00+00:00,1.5795,77.046,48.778
2026-05-23 02:35:00+00:00,1.6808,115.795,68.894
2026-05-23 02:40:00+00:00,0.8256,47.395,57.405
2026-05-23 02:45:00+00:00,1.813,59.836,33.004
2026-05-23 02:50:00+00:00,0.9758,119.562,122.524
2026-05-23 02:55:00+00:00,1.124,184.176,163.853
2026-05-23 03:00:00+00:00,1.6496,132.517,80.333
2026-05-23 03:05:00+00:00,0.6372,71.963,112.941
2026-05-23 03:10:00+00:00,2.0556,64.774,31.511
2026-05-23 03:15:00+00:00,1.2079,84.207,69.711
2026-05-23 03:20:00+00:00,2.2864,113.196,49.509
2026-05-23 03:25:00+00:00,0.4304,31.507,73.212
2026-05-23 03:30:00+00:00,2.6995,136.38,50.52
2026-05-23 03:35:00+00:00,2.0359,85.518,42.005
2026-05-23 03:40:00+00:00,1.3111,112.826,86.055
2026-05-23 03:45:00+00:00,0.4284,60.752,141.807
2026-05-23 03:50:00+00:00,1.9686,29.252,14.859
2026-05-23 03:55:00+00:00,1.1994,66.45,55.401
2026-05-23 04:00:00+00:00,1.1599,69.394,59.828
2026-05-23 04:05:00+00:00,0.3367,19.918,59.154
2026-05-23 04:10:00+00:00,0.7034,27.935,39.715
2026-05-23 04:15:00+00:00,0.1904,37.95,199.266
2026-05-23 04:20:00+00:00,0.5249,36.948,70.394
2026-05-23 04:25:00+00:00,0.3797,51.033,134.402
2026-05-23 04:30:00+00:00,1.6225,102.081,62.915
2026-05-23 04:35:00+00:00,0.224,53.422,238.452
2026-05-23 04:40:00+00:00,0.3183,53.099,166.809
2026-05-23 04:45:00+00:00,0.439,45.321,103.227
2026-05-23 04:50:00+00:00,2.0712,56.58,27.317
2026-05-23 04:55:00+00:00,1.9545,57.715,29.53
2026-05-23 05:00:00+00:00,1.1587,137.748,118.886
2026-05-23 05:05:00+00:00,0.4108,66.737,162.458
2026-05-23 05:10:00+00:00,0.75,27.019,36.024
2026-05-23 05:15:00+00:00,1.7032,61.359,36.026
2026-05-23 05:20:00+00:00,0.0927,29.643,319.777
2026-05-23 05:25:00+00:00,0.79,40.298,51.011
2026-05-23 05:30:00+00:00,0.964,54.118,56.139
2026-05-23 05:35:00+00:00,0.8542,34.105,39.927
2026-05-23 05:40:00+00:00,1.6632,43.189,25.967
2026-05-23 05:45:00+00:00,0.3392,48.967,144.359
2026-05-23 05:50:00+00:00,0.1585,26.349,166.204
2026-05-23 05:55:00+00:00,2.2463,115.845,51.571
2026-05-23 06:00:00+00:00,0.453,31.63,69.822
2026-05-23 06:05:00+00:00,2.3641,86.684,36.667
2026-05-23 06:10:00+00:00,0.2317,20.956,90.454
2026-05-23 06:15:00+00:00,2.4427,79.746,32.646
2026-05-23 06:20:00+00:00,0.3665,48.549,132.483
2026-05-23 06:25:00+00:00,0.4686,89.004,189.949
2026-05-23 06:30:00+00:00,0.7523,45.388,60.333
2026-05-23 06:35:00+00:00,0.3249,86.956,267.623
2026-05-23 06:40:00+00:00,1.1565,25.813,22.32
2026-05-23 06:45:00+00:00,0.5159,80.077,155.208
2026-05-23 06:50:00+00:00,1.1405,151.627,132.946
2026-05-23 06:55:00+00:00,1.6254,167.498,103.052
2026-05-23 07:00:00+00:00,0.7137,152.814,214.12
2026-05-23 07:05:00+00:00,0.5724,278.145,485.93
2026-05-23 07:10:00+00:00,1.187,144.378,121.637
2026-05-23 07:15:00+00:00,0.4259,66.076,155.147
2026-05-23 07:20:00+00:00,0.84,250.347,298.019
2026-05-23 07:25:00+00:00,0.4699,203.449,432.944
2026-05-23 07:30:00+00:00,0.843,445.859,528.882
2026-05-23 07:35:00+00:00,2.8853,508.811,176.346
2026-05-23 07:40:00+00:00,0.7377,157.973,214.156
2026-05-23 07:45:00+00:00,0.7769,2046.549,2634.262
2026-05-23 07:50:00+00:00,0.7703,6113.738,7937.286
2026-05-23 07:55:00+00:00,1.5705,1236.995,787.631
2026-05-23 08:00:00+00:00,1.4495,794.894,548.389
2026-05-23 08:05:00+00:00,0.7698,430.47,559.175
2026-05-23 08:10:00+00:00,3.3041,910.853,275.673
2026-05-23 08:15:00+00:00,1.6122,706.615,438.293
2026-05-23 08:20:00+00:00,2.995,919.043,306.861
2026-05-23 08:25:00+00:00,0.8264,222.265,268.954
2026-05-23 08:30:00+00:00,0.5911,243.127,411.307
2026-05-23 08:35:00+00:00,0.5275,360.023,682.495
2026-05-23 08:40:00+00:00,1.5503,553.348,356.92
2026-05-23 08:45:00+00:00,1.2678,1140.891,899.921
2026-05-23 08:50:00+00:00,2.2654,534.407,235.904
2026-05-23 08:55:00+00:00,1.3848,174.365,125.911
2026-05-23 09:00:00+00:00,1.3341,180.103,135.003
2026-05-23 09:05:00+00:00,0.7183,84.591,117.76
2026-05-23 09:10:00+00:00,0.6135,142.512,232.282
2026-05-23 09:15:00+00:00,1.971,168.633,85.556
2026-05-23 09:20:00+00:00,0.6108,91.634,150.027
2026-05-23 09:25:00+00:00,1.745,94.902,54.384
2026-05-23 09:30:00+00:00,1.1529,304.647,264.24
2026-05-23 09:35:00+00:00,1.2084,91.711,75.897
2026-05-23 09:40:00+00:00,1.7453,343.964,197.082
2026-05-23 09:45:00+00:00,1.1144,106.183,95.279
2026-05-23 09:50:00+00:00,1.1653,182.232,156.38
2026-05-23 09:55:00+00:00,0.5208,76.51,146.903
2026-05-23 10:00:00+00:00,0.8726,51.757,59.312
2026-05-23 10:05:00+00:00,1.2039,62.459,51.882
2026-05-23 10:10:00+00:00,1.2562,119.671,95.267
2026-05-23 10:15:00+00:00,1.2502,69.802,55.833
2026-05-23 10:20:00+00:00,0.9577,63.505,66.312
2026-05-23 10:25:00+00:00,0.5584,66.187,118.526
2026-05-23 10:30:00+00:00,2.5131,153.301,61.001
2026-05-23 10:35:00+00:00,0.6741,182.359,270.524
2026-05-23 10:40:00+00:00,0.7023,162.889,231.942
2026-05-23 10:45:00+00:00,0.5439,63.71,117.146
2026-05-23 10:50:00+00:00,0.271,56.73,209.299
2026-05-23 10:55:00+00:00,0.6691,62.777,93.824
2026-05-23 11:00:00+00:00,1.5777,97.996,62.112
2026-05-23 11:05:00+00:00,1.9525,151.833,77.762
2026-05-23 11:10:00+00:00,1.1461,129.82,113.268
2026-05-23 11:15:00+00:00,2.052,212.84,103.725
2026-05-23 11:20:00+00:00,1.6633,187.796,112.909
2026-05-23 11:25:00+00:00,1.3498,125.258,92.799
2026-05-23 11:30:00+00:00,0.936,69.726,74.494
2026-05-23 11:35:00+00:00,0.3201,43.588,136.156
2026-05-23 11:40:00+00:00,0.7965,50.531,63.445
2026-05-23 11:45:00+00:00,1.1773,40.195,34.141
2026-05-23 11:50:00+00:00,0.6416,20.227,31.527
2026-05-23 11:55:00+00:00,1.6008,92.277,57.643
2026-05-23 12:00:00+00:00,0.6925,74.772,107.967
2026-05-23 12:05:00+00:00,0.7321,47.554,64.959
2026-05-23 12:10:00+00:00,0.6474,131.116,202.514
2026-05-23 12:15:00+00:00,0.8417,135.333,160.778
2026-05-23 12:20:00+00:00,0.7221,125.091,173.233
2026-05-23 12:25:00+00:00,2.2157,109.764,49.539
2026-05-23 12:30:00+00:00,1.0844,58.635,54.072
2026-05-23 12:35:00+00:00,1.5991,96.89,60.592
2026-05-23 12:40:00+00:00,0.572,50.932,89.048
2026-05-23 12:45:00+00:00,0.9483,43.913,46.307
2026-05-23 12:50:00+00:00,0.6129,42.962,70.092
2026-05-23 12:55:00+00:00,1.3099,110.051,84.014
2026-05-23 13:00:00+00:00,2.522,734.722,291.327
2026-05-23 13:05:00+00:00,1.6193,389.642,240.625
2026-05-23 13:10:00+00:00,0.5387,76.139,141.328
2026-05-23 13:20:00+00:00,1.761,453.276,257.392
2026-05-23 13:25:00+00:00,0.6335,112.198,177.106
2026-05-23 13:30:00+00:00,0.4397,369.296,839.967
2026-05-23 13:35:00+00:00,0.6973,126.187,180.959
2026-05-23 13:40:00+00:00,1.1693,149.157,127.556
2026-05-23 13:45:00+00:00,2.2185,631.925,284.843
2026-05-23 13:50:00+00:00,1.3095,1463.786,1117.848
2026-05-23 13:55:00+00:00,0.572,542.507,948.363
2026-05-23 14:00:00+00:00,0.7055,141.343,200.339
2026-05-23 14:05:00+00:00,2.88,628.221,218.131
2026-05-23 14:10:00+00:00,0.9679,169.523,175.144
2026-05-23 14:15:00+00:00,2.8203,403.892,143.207
2026-05-23 14:20:00+00:00,2.7648,720.806,260.712
2026-05-23 14:25:00+00:00,1.5092,299.427,198.395
2026-05-23 14:30:00+00:00,1.6904,720.294,426.119
2026-05-23 14:35:00+00:00,1.7421,854.69,490.605
2026-05-23 14:40:00+00:00,1.7987,483.499,268.804
2026-05-23 14:45:00+00:00,0.5682,256.664,451.682
2026-05-23 14:50:00+00:00,0.6869,139.191,202.647
2026-05-23 14:55:00+00:00,1.9192,2032.616,1059.072
2026-05-23 15:00:00+00:00,0.746,300.132,402.318
2026-05-23 15:05:00+00:00,1.2682,313.296,247.042
2026-05-23 15:10:00+00:00,0.8663,198.866,229.551
2026-05-23 15:15:00+00:00,0.9725,225.085,231.459
2026-05-23 15:20:00+00:00,0.3611,93.587,259.191
2026-05-23 15:25:00+00:00,0.2941,125.009,425.052
2026-05-23 15:30:00+00:00,0.7717,336.51,436.079
2026-05-23 15:35:00+00:00,0.5283,303.733,574.913
2026-05-23 15:40:00+00:00,1.6065,304.44,189.509
2026-05-23 15:45:00+00:00,0.8607,104.748,121.694
2026-05-23 15:50:00+00:00,0.7801,99.207,127.167
2026-05-23 15:55:00+00:00,1.5868,85.431,53.837
2026-05-23 16:00:00+00:00,2.4389,424.006,173.85
2026-05-23 16:05:00+00:00,0.5364,85.339,159.095
2026-05-23 16:10:00+00:00,0.5232,74.508,142.401
2026-05-23 16:15:00+00:00,0.7458,87.481,117.296
2026-05-23 16:20:00+00:00,0.4477,93.205,208.18
2026-05-23 16:25:00+00:00,1.1384,110.31,96.897
2026-05-23 16:30:00+00:00,0.5204,53.016,101.869
2026-05-23 16:35:00+00:00,1.8171,172.84,95.12
2026-05-23 16:40:00+00:00,0.7355,58.998,80.219
2026-05-23 16:45:00+00:00,1.2022,103.201,85.842
2026-05-23 16:50:00+00:00,1.8027,227.047,125.95
2026-05-23 16:55:00+00:00,0.3997,181.958,455.225
2026-05-23 17:00:00+00:00,0.9409,229.614,244.034
2026-05-23 17:05:00+00:00,1.953,101.534,51.988
2026-05-23 17:10:00+00:00,1.0967,52.644,48.001
2026-05-23 17:15:00+00:00,0.8961,64.661,72.161
2026-05-23 17:20:00+00:00,1.2773,104.304,81.657
2026-05-23 17:25:00+00:00,1.9079,112.543,58.988
2026-05-23 17:30:00+00:00,0.7282,83.926,115.253
2026-05-23 17:35:00+00:00,1.1097,89.125,80.317
2026-05-23 17:40:00+00:00,0.4946,33.621,67.973
2026-05-23 17:45:00+00:00,0.74,88.891,120.117
2026-05-23 17:50:00+00:00,2.3969,110.633,46.157
2026-05-23 17:55:00+00:00,1.591,89.988,56.562
2026-05-23 18:00:00+00:00,1.2946,121.948,94.201
2026-05-23 18:05:00+00:00,1.5101,157.582,104.355
2026-05-23 18:10:00+00:00,2.5031,984.861,393.454
2026-05-23 18:15:00+00:00,1.1291,259.456,229.785
2026-05-23 18:20:00+00:00,1.5229,739.657,485.702
2026-05-23 18:25:00+00:00,0.9215,166.471,180.657
2026-05-23 18:30:00+00:00,2.7986,776.084,277.308
2026-05-23 18:35:00+00:00,0.9175,175.399,191.166
2026-05-23 18:40:00+00:00,1.043,135.293,129.71
2026-05-23 18:45:00+00:00,0.523,105.9,202.471
2026-05-23 18:50:00+00:00,0.667,93.215,139.744
2026-05-23 18:55:00+00:00,0.8001,55.629,69.527
2026-05-23 19:00:00+00:00,0.4459,74.205,166.417
2026-05-23 19:05:00+00:00,0.6229,52.357,84.052
2026-05-23 19:10:00+00:00,1.2054,56.667,47.01
2026-05-23 19:15:00+00:00,3.8739,1016.431,262.38
2026-05-23 19:20:00+00:00,0.6595,85.666,129.886
2026-05-23 19:25:00+00:00,2.1356,87.201,40.832
2026-05-23 19:30:00+00:00,0.6923,58.497,84.498
2026-05-23 19:35:00+00:00,1.1927,84.566,70.905
2026-05-23 19:40:00+00:00,0.7186,101.425,141.146
2026-05-23 19:45:00+00:00,1.4568,54.29,37.266
2026-05-23 19:50:00+00:00,3.701,146.018,39.454
2026-05-23 19:55:00+00:00,5.2632,412.048,78.289
2026-05-23 20:00:00+00:00,1.3292,122.633,92.258
2026-05-23 20:05:00+00:00,0.7613,134.86,177.142
2026-05-23 20:10:00+00:00,2.4177,1353.05,559.635
2026-05-23 20:15:00+00:00,1.7733,403.259,227.409
2026-05-23 20:20:00+00:00,0.2424,143.71,592.893
2026-05-23 20:25:00+00:00,0.7259,79.219,109.128
2026-05-23 20:30:00+00:00,2.3028,1775.665,771.094
2026-05-23 20:35:00+00:00,1.567,2741.137,1749.345
2026-05-23 20:40:00+00:00,0.9892,1188.443,1201.453
2026-05-23 20:45:00+00:00,1.1207,880.371,785.55
2026-05-23 20:50:00+00:00,0.5256,483.294,919.53
2026-05-23 20:55:00+00:00,1.64,2439.748,1487.684
2026-05-23 21:00:00+00:00,0.6984,1276.097,1827.19
2026-05-23 21:05:00+00:00,1.2136,502.437,413.995
2026-05-23 21:10:00+00:00,0.7203,316.958,440.036
2026-05-23 21:15:00+00:00,0.9534,654.149,686.143
2026-05-23 21:20:00+00:00,1.0716,447.395,417.504
2026-05-23 21:25:00+00:00,0.584,305.807,523.633
2026-05-23 21:30:00+00:00,1.0574,702.09,663.952
2026-05-23 21:35:00+00:00,0.7442,276.644,371.74
2026-05-23 21:40:00+00:00,0.8481,359.998,424.459
2026-05-23 21:45:00+00:00,0.8105,202.807,250.224
2026-05-23 21:50:00+00:00,1.5272,209.135,136.939
2026-05-23 21:55:00+00:00,1.9611,185.912,94.8
2026-05-23 22:00:00+00:00,1.5218,274.565,180.421
2026-05-23 22:05:00+00:00,0.4712,133.518,283.387
2026-05-23 22:10:00+00:00,0.6026,117.839,195.542
2026-05-23 22:15:00+00:00,1.4366,157.944,109.942
2026-05-23 22:20:00+00:00,0.3839,91.258,237.711
2026-05-23 22:25:00+00:00,0.4288,159.028,370.893
2026-05-23 22:30:00+00:00,1.1802,571.467,484.227
2026-05-23 22:35:00+00:00,0.4678,271.284,579.943
2026-05-23 22:40:00+00:00,2.2733,409.733,180.241
2026-05-23 22:45:00+00:00,1.522,158.419,104.087
2026-05-23 22:50:00+00:00,2.5052,184.41,73.612
2026-05-23 22:55:00+00:00,2.1751,140.489,64.59
2026-05-23 23:00:00+00:00,2.3177,277.199,119.6
2026-05-23 23:05:00+00:00,2.3987,762.734,317.977
2026-05-23 23:10:00+00:00,1.1235,126.087,112.226
2026-05-23 23:15:00+00:00,3.5908,219.932,61.248
2026-05-23 23:20:00+00:00,0.6181,72.625,117.491
2026-05-23 23:25:00+00:00,1.2801,174.418,136.258
2026-05-23 23:30:00+00:00,2.3961,231.972,96.812
2026-05-23 23:35:00+00:00,1.7426,146.492,84.064
2026-05-23 23:40:00+00:00,1.4292,173.692,121.532
2026-05-23 23:45:00+00:00,1.4379,109.028,75.827
2026-05-23 23:50:00+00:00,1.067,133.753,125.35
2026-05-23 23:55:00+00:00,2.1998,233.65,106.214
2026-05-24 00:00:00+00:00,0.6563,141.151,215.086
2026-05-24 00:05:00+00:00,0.832,77.158,92.74
2026-05-24 00:10:00+00:00,1.0239,54.678,53.404
2026-05-24 00:15:00+00:00,0.9372,61.028,65.118
2026-05-24 00:20:00+00:00,0.6692,74.243,110.943
2026-05-24 00:25:00+00:00,0.8341,53.413,64.037
2026-05-24 00:30:00+00:00,1.4063,116.818,83.065
2026-05-24 00:35:00+00:00,2.0791,141.858,68.232
2026-05-24 00:40:00+00:00,0.9924,92.767,93.476
2026-05-24 00:45:00+00:00,1.6011,729.321,455.51
2026-05-24 00:50:00+00:00,1.6383,156.77,95.693
2026-05-24 00:55:00+00:00,1.4819,116.632,78.703
2026-05-24 01:00:00+00:00,1.9476,113.069,58.055
2026-05-24 01:05:00+00:00,0.558,76.9,137.818
2026-05-24 01:10:00+00:00,0.7843,63.106,80.463
2026-05-24 01:15:00+00:00,1.9956,64.922,32.532
2026-05-24 01:20:00+00:00,2.0983,198.826,94.757
2026-05-24 01:25:00+00:00,0.9168,65.916,71.897
2026-05-24 01:30:00+00:00,1.5049,86.262,57.321
2026-05-24 01:35:00+00:00,1.5031,78.212,52.035
2026-05-24 01:40:00+00:00,0.2572,61.175,237.887
2026-05-24 01:45:00+00:00,0.8745,228.357,261.124
2026-05-24 01:50:00+00:00,0.5419,45.06,83.146
2026-05-24 01:55:00+00:00,1.2134,68.034,56.071
2026-05-24 02:00:00+00:00,1.5839,80.442,50.786
2026-05-24 02:05:00+00:00,0.7714,34.085,44.187
2026-05-24 02:10:00+00:00,1.7939,77.49,43.196
2026-05-24 02:15:00+00:00,0.7291,53.065,72.783
2026-05-24 02:20:00+00:00,0.7407,217.212,293.255
2026-05-24 02:25:00+00:00,0.799,112.58,140.897
2026-05-24 02:30:00+00:00,1.1534,175.15,151.849
2026-05-24 02:35:00+00:00,0.7007,78.441,111.94
2026-05-24 02:40:00+00:00,0.9893,75.83,76.654
2026-05-24 02:45:00+00:00,0.7719,48.417,62.725
2026-05-24 02:50:00+00:00,1.0218,61.501,60.187
2026-05-24 02:55:00+00:00,0.6414,45.346,70.696
2026-05-24 03:00:00+00:00,2.8296,194.979,68.907
2026-05-24 03:05:00+00:00,0.5693,143.853,252.681
2026-05-24 03:10:00+00:00,1.4098,239.661,170.0
2026-05-24 03:15:00+00:00,0.7083,63.072,89.049
2026-05-24 03:20:00+00:00,0.9622,73.138,76.01
2026-05-24 03:25:00+00:00,0.6341,34.95,55.115
2026-05-24 03:30:00+00:00,0.7447,39.016,52.39
2026-05-24 03:35:00+00:00,0.8032,139.793,174.048
2026-05-24 03:40:00+00:00,0.3342,98.003,293.239
2026-05-24 03:45:00+00:00,0.8952,63.9,71.382
2026-05-24 03:50:00+00:00,0.5688,45.557,80.09
2026-05-24 03:55:00+00:00,0.3347,108.394,323.848
2026-05-24 04:00:00+00:00,1.4702,213.775,145.402
2026-05-24 04:05:00+00:00,1.1307,41.213,36.45
2026-05-24 04:10:00+00:00,3.7035,110.302,29.783
2026-05-24 04:15:00+00:00,0.6256,23.34,37.308
2026-05-24 04:20:00+00:00,1.1799,59.611,50.52
2026-05-24 04:25:00+00:00,0.3886,40.279,103.645
2026-05-24 04:30:00+00:00,1.0159,57.409,56.512
2026-05-24 04:35:00+00:00,0.8432,60.892,72.215
2026-05-24 04:40:00+00:00,2.5387,104.16,41.029
2026-05-24 04:45:00+00:00,0.5655,89.365,158.027
2026-05-24 04:50:00+00:00,2.1213,39.992,18.853
2026-05-24 04:55:00+00:00,1.1225,45.415,40.459
2026-05-24 05:00:00+00:00,1.2856,59.083,45.958
2026-05-24 05:05:00+00:00,0.7588,116.096,152.998
2026-05-24 05:10:00+00:00,0.6799,49.295,72.5
2026-05-24 05:15:00+00:00,0.7545,49.05,65.013
2026-05-24 05:20:00+00:00,0.6028,60.476,100.326
2026-05-24 05:25:00+00:00,0.8039,124.043,154.296
2026-05-24 05:30:00+00:00,2.1987,62.941,28.626
2026-05-24 05:35:00+00:00,0.5798,47.247,81.494
2026-05-24 05:40:00+00:00,0.5532,102.62,185.493
2026-05-24 05:45:00+00:00,2.2247,153.645,69.064
2026-05-24 05:50:00+00:00,1.0526,196.184,186.385
2026-05-24 05:55:00+00:00,1.5502,38.567,24.878
2026-05-24 06:00:00+00:00,1.7341,94.46,54.473
2026-05-24 06:05:00+00:00,0.5626,56.773,100.904
2026-05-24 06:10:00+00:00,2.1127,52.717,24.952
2026-05-24 06:15:00+00:00,0.4928,37.748,76.604
2026-05-24 06:20:00+00:00,0.8923,41.558,46.574
2026-05-24 06:25:00+00:00,1.2389,73.219,59.1
2026-05-24 06:30:00+00:00,1.1501,46.434,40.373
2026-05-24 06:35:00+00:00,0.6669,34.271,51.386
2026-05-24 06:40:00+00:00,2.0895,71.31,34.127
2026-05-24 06:45:00+00:00,2.4414,376.287,154.129
2026-05-24 06:50:00+00:00,1.6555,586.142,354.052
2026-05-24 06:55:00+00:00,0.6783,125.975,185.733
2026-05-24 07:00:00+00:00,1.1628,143.844,123.703
2026-05-24 07:05:00+00:00,0.7426,70.104,94.4
2026-05-24 07:10:00+00:00,0.6523,41.837,64.142
2026-05-24 07:15:00+00:00,0.953,60.077,63.038
2026-05-24 07:20:00+00:00,0.5529,37.055,67.022
2026-05-24 07:25:00+00:00,2.5572,42.71,16.702
2026-05-24 07:30:00+00:00,0.9043,72.834,80.538
2026-05-24 07:35:00+00:00,1.2683,72.785,57.388
2026-05-24 07:40:00+00:00,0.7519,60.603,80.598
2026-05-24 07:45:00+00:00,1.2284,460.937,375.227
2026-05-24 07:50:00+00:00,0.9415,109.399,116.195
2026-05-24 07:55:00+00:00,1.1507,83.83,72.854
2026-05-24 08:00:00+00:00,1.3571,87.462,64.448
2026-05-24 08:05:00+00:00,1.3073,472.159,361.176
2026-05-24 08:10:00+00:00,0.599,32.391,54.077
2026-05-24 08:15:00+00:00,1.3621,53.851,39.534
2026-05-24 08:20:00+00:00,1.494,103.429,69.228
2026-05-24 08:25:00+00:00,1.4251,81.934,57.492
2026-05-24 08:30:00+00:00,1.2486,59.757,47.861
2026-05-24 08:35:00+00:00,2.0905,90.636,43.357
2026-05-24 08:40:00+00:00,0.7208,39.264,54.475
2026-05-24 08:45:00+00:00,1.4802,59.623,40.28
2026-05-24 08:50:00+00:00,0.4095,32.305,78.896
2026-05-24 08:55:00+00:00,2.7856,114.23,41.008
2026-05-24 09:00:00+00:00,0.8844,48.862,55.25
2026-05-24 09:05:00+00:00,2.5716,58.022,22.563
2026-05-24 09:10:00+00:00,1.7708,112.856,63.732
2026-05-24 09:15:00+00:00,0.9473,85.061,89.791
2026-05-24 09:20:00+00:00,2.0685,234.198,113.221
2026-05-24 09:25:00+00:00,0.4329,94.74,218.846
2026-05-24 09:30:00+00:00,1.5191,54.505,35.88
2026-05-24 09:35:00+00:00,2.0222,353.717,174.919
2026-05-24 09:40:00+00:00,2.0113,214.806,106.798
2026-05-24 09:45:00+00:00,0.9629,60.695,63.036
2026-05-24 09:50:00+00:00,1.1248,42.817,38.066
2026-05-24 09:55:00+00:00,1.8501,95.344,51.534
2026-05-24 10:00:00+00:00,0.542,80.541,148.597
2026-05-24 10:05:00+00:00,0.9118,62.911,68.995
2026-05-24 10:10:00+00:00,0.4474,26.576,59.396
2026-05-24 10:15:00+00:00,1.7304,114.705,66.287
2026-05-24 10:20:00+00:00,1.2047,78.473,65.139
2026-05-24 10:25:00+00:00,2.8389,4697.295,1654.597
2026-05-24 10:30:00+00:00,0.9776,448.046,458.314
2026-05-24 10:35:00+00:00,1.1095,294.692,265.615
2026-05-24 10:40:00+00:00,0.7616,138.944,182.426
2026-05-24 10:45:00+00:00,0.6987,106.728,152.761
2026-05-24 10:50:00+00:00,0.8573,101.994,118.975
2026-05-24 10:55:00+00:00,1.5091,83.878,55.582
2026-05-24 11:00:00+00:00,1.0959,254.624,232.352
2026-05-24 11:05:00+00:00,1.3887,297.824,214.464
2026-05-24 11:10:00+00:00,0.95,181.209,190.751
2026-05-24 11:15:00+00:00,0.4851,56.811,117.121
2026-05-24 11:20:00+00:00,0.9302,82.842,89.058
2026-05-24 11:25:00+00:00,1.4493,172.086,118.735
2026-05-24 11:30:00+00:00,0.4684,70.46,150.43
2026-05-24 11:35:00+00:00,0.427,57.902,135.612
2026-05-24 11:40:00+00:00,0.6478,62.111,95.885
2026-05-24 11:45:00+00:00,0.8971,81.841,91.23
2026-05-24 11:50:00+00:00,0.5936,42.596,71.754
2026-05-24 11:55:00+00:00,2.1348,98.868,46.313
2026-05-24 12:00:00+00:00,0.8213,66.86,81.403
2026-05-24 12:05:00+00:00,0.3986,47.731,119.746
2026-05-24 12:10:00+00:00,0.9312,159.948,171.769
2026-05-24 12:15:00+00:00,0.4205,179.971,428.04
2026-05-24 12:20:00+00:00,0.5531,192.643,348.323
2026-05-24 12:25:00+00:00,0.9883,154.816,156.642
2026-05-24 12:30:00+00:00,0.6792,184.962,272.315
2026-05-24 12:35:00+00:00,0.4721,114.896,243.348
2026-05-24 12:40:00+00:00,2.014,74.749,37.115
2026-05-24 12:45:00+00:00,0.8294,29.995,36.163
2026-05-24 12:50:00+00:00,1.2925,61.316,47.44
2026-05-24 12:55:00+00:00,1.0161,48.902,48.126
2026-05-24 13:00:00+00:00,1.15,65.881,57.289
2026-05-24 13:05:00+00:00,1.1468,35.8,31.218
2026-05-24 13:10:00+00:00,0.3517,143.944,409.283
2026-05-24 13:15:00+00:00,1.5621,85.128,54.495
2026-05-24 13:20:00+00:00,0.9199,118.949,129.309
2026-05-24 13:25:00+00:00,0.8794,228.296,259.597
2026-05-24 13:30:00+00:00,0.8035,296.737,369.301
2026-05-24 13:35:00+00:00,0.6856,208.82,304.589
2026-05-24 13:40:00+00:00,0.9294,160.971,173.202
2026-05-24 13:45:00+00:00,0.9395,152.735,162.569
2026-05-24 13:50:00+00:00,0.5492,233.977,426.019
2026-05-24 13:55:00+00:00,0.786,596.567,758.966
2026-05-24 14:00:00+00:00,0.7377,287.242,389.364
2026-05-24 14:05:00+00:00,1.1234,163.859,145.854
2026-05-24 14:10:00+00:00,0.7458,1366.98,1832.829
2026-05-24 14:15:00+00:00,0.6533,1306.82,2000.209
2026-05-24 14:20:00+00:00,1.5793,884.472,560.058
2026-05-24 14:25:00+00:00,1.155,485.521,420.354
2026-05-24 14:30:00+00:00,1.5092,258.098,171.013
2026-05-24 14:35:00+00:00,1.2274,359.765,293.113
2026-05-24 14:40:00+00:00,0.8805,135.21,153.552
2026-05-24 14:45:00+00:00,0.7704,182.97,237.502
2026-05-24 14:50:00+00:00,0.9792,195.898,200.057
2026-05-24 14:55:00+00:00,0.7138,83.202,116.569
2026-05-24 15:00:00+00:00,1.89,356.871,188.824
2026-05-24 15:05:00+00:00,1.3711,138.769,101.21
2026-05-24 15:10:00+00:00,1.2972,100.83,77.726
2026-05-24 15:15:00+00:00,0.9104,122.667,134.737
2026-05-24 15:20:00+00:00,0.8264,120.022,145.237
2026-05-24 15:25:00+00:00,0.4753,56.633,119.152
2026-05-24 15:30:00+00:00,1.3624,76.067,55.832
2026-05-24 15:35:00+00:00,1.081,85.084,78.707
2026-05-24 15:40:00+00:00,0.5528,39.434,71.334
2026-05-24 15:45:00+00:00,0.8388,71.779,85.577
2026-05-24 15:50:00+00:00,0.733,124.109,169.326
2026-05-24 15:55:00+00:00,0.6362,86.359,135.744
2026-05-24 16:00:00+00:00,3.0278,502.03,165.808
2026-05-24 16:05:00+00:00,1.2206,577.12,472.804
2026-05-24 16:10:00+00:00,1.2638,148.611,117.589
2026-05-24 16:15:00+00:00,1.5261,536.824,351.765
2026-05-24 16:20:00+00:00,0.8038,111.704,138.967
2026-05-24 16:25:00+00:00,0.6141,60.834,99.059
2026-05-24 16:30:00+00:00,0.7282,66.71,91.612
2026-05-24 16:35:00+00:00,0.6205,178.056,286.961
2026-05-24 16:40:00+00:00,0.7869,41.512,52.753
2026-05-24 16:45:00+00:00,3.0991,124.074,40.036
2026-05-24 16:50:00+00:00,1.0351,80.178,77.461
2026-05-24 16:55:00+00:00,2.0593,137.988,67.006
2026-05-24 17:00:00+00:00,1.3047,170.833,130.934
2026-05-24 17:05:00+00:00,1.0495,72.349,68.934
2026-05-24 17:10:00+00:00,0.4924,54.15,109.963
2026-05-24 17:15:00+00:00,0.8422,62.066,73.697
2026-05-24 17:20:00+00:00,1.0234,112.655,110.08
2026-05-24 17:25:00+00:00,0.8704,32.289,37.097
2026-05-24 17:30:00+00:00,1.2413,62.743,50.548
2026-05-24 17:35:00+00:00,2.3601,65.245,27.645
2026-05-24 17:40:00+00:00,0.9584,52.103,54.367
2026-05-24 17:45:00+00:00,2.0063,77.189,38.474
2026-05-24 17:50:00+00:00,2.5586,221.393,86.53
2026-05-24 17:55:00+00:00,1.3134,42.585,32.424
2026-05-24 18:00:00+00:00,0.4374,38.89,88.907
2026-05-24 18:05:00+00:00,0.9599,51.782,53.947
2026-05-24 18:10:00+00:00,1.7192,71.328,41.489
2026-05-24 18:15:00+00:00,2.7003,216.388,80.134
2026-05-24 18:20:00+00:00,0.3708,38.006,102.487
2026-05-24 18:25:00+00:00,0.7778,52.568,67.584
2026-05-24 18:30:00+00:00,0.468,71.174,152.091
2026-05-24 18:35:00+00:00,2.7027,62.182,23.007
2026-05-24 18:40:00+00:00,0.3526,17.98,50.993
2026-05-24 18:45:00+00:00,0.6072,53.445,88.018
2026-05-24 18:50:00+00:00,1.5338,62.957,41.047
2026-05-24 18:55:00+00:00,1.3364,32.757,24.511
2026-05-24 19:00:00+00:00,2.2013,89.14,40.494
2026-05-24 19:05:00+00:00,1.6147,34.948,21.644
2026-05-24 19:10:00+00:00,1.1214,25.817,23.023
2026-05-24 19:15:00+00:00,2.5403,270.116,106.333
2026-05-24 19:20:00+00:00,1.0959,34.213,31.219
2026-05-24 19:25:00+00:00,0.7016,18.836,26.849
2026-05-24 19:30:00+00:00,0.8676,23.184,26.723
2026-05-24 19:35:00+00:00,2.4062,30.147,12.529
2026-05-24 19:40:00+00:00,2.1288,49.736,23.363
2026-05-24 19:45:00+00:00,1.8319,51.961,28.364
2026-05-24 19:50:00+00:00,1.1337,35.99,31.746
2026-05-24 19:55:00+00:00,1.1772,45.487,38.639
2026-05-24 20:00:00+00:00,1.1326,83.306,73.556
2026-05-24 20:05:00+00:00,1.5374,103.165,67.104
2026-05-24 20:10:00+00:00,1.4457,42.724,29.552
2026-05-24 20:15:00+00:00,0.7783,32.791,42.13
2026-05-24 20:20:00+00:00,0.711,30.729,43.221
2026-05-24 20:25:00+00:00,0.7723,67.69,87.645
2026-05-24 20:30:00+00:00,0.2114,52.498,248.363
2026-05-24 20:35:00+00:00,1.5911,210.06,132.024
2026-05-24 20:40:00+00:00,0.7487,77.084,102.955
2026-05-24 20:45:00+00:00,1.7995,81.559,45.324
2026-05-24 20:50:00+00:00,0.3819,17.082,44.728
2026-05-24 20:55:00+00:00,1.0742,40.859,38.036
2026-05-24 21:00:00+00:00,0.9034,49.561,54.861
2026-05-24 21:05:00+00:00,1.0717,24.534,22.893
2026-05-24 21:10:00+00:00,1.3644,55.277,40.514
2026-05-24 21:15:00+00:00,0.9871,18.195,18.433
2026-05-24 21:20:00+00:00,0.9417,13.317,14.141
2026-05-24 21:25:00+00:00,0.3977,121.389,305.261
2026-05-24 21:30:00+00:00,0.6272,256.699,409.269
2026-05-24 21:35:00+00:00,0.4964,575.121,1158.522
2026-05-24 21:40:00+00:00,0.9808,339.792,346.459
2026-05-24 21:45:00+00:00,0.4848,302.686,624.305
2026-05-24 21:50:00+00:00,2.1534,605.481,281.172
2026-05-24 21:55:00+00:00,0.5699,210.893,370.039
2026-05-24 22:00:00+00:00,1.6493,1597.955,968.866
2026-05-24 22:05:00+00:00,2.1266,730.574,343.547
2026-05-24 22:10:00+00:00,1.459,980.739,672.177
2026-05-24 22:15:00+00:00,0.5467,197.005,360.336
2026-05-24 22:20:00+00:00,1.1098,145.424,131.039
2026-05-24 22:25:00+00:00,0.5925,84.192,142.093
2026-05-24 22:30:00+00:00,1.0992,162.223,147.583
2026-05-24 22:35:00+00:00,0.4519,221.859,490.989
2026-05-24 22:40:00+00:00,1.0016,168.275,168.013
2026-05-24 22:45:00+00:00,2.2191,548.712,247.271
2026-05-24 22:50:00+00:00,1.2185,147.855,121.338
2026-05-24 22:55:00+00:00,1.0014,49.318,49.251
2026-05-24 23:00:00+00:00,1.9275,204.009,105.841
2026-05-24 23:05:00+00:00,1.1617,87.973,75.726
2026-05-24 23:10:00+00:00,1.7738,128.397,72.386
2026-05-24 23:15:00+00:00,0.9238,148.832,161.107
2026-05-24 23:20:00+00:00,0.5312,31.855,59.97
2026-05-24 23:25:00+00:00,0.8986,81.108,90.259
2026-05-24 23:30:00+00:00,1.7965,136.048,75.731
2026-05-24 23:35:00+00:00,2.5979,552.896,212.825
2026-05-24 23:40:00+00:00,1.2873,463.168,359.795
2026-05-24 23:45:00+00:00,0.9247,178.742,193.307
2026-05-24 23:50:00+00:00,1.0676,121.708,114.004
2026-05-24 23:55:00+00:00,0.6272,45.024,71.79
2026-05-25 00:00:00+00:00,1.1631,350.419,301.28
2026-05-25 00:05:00+00:00,1.1411,129.311,113.317
2026-05-25 00:10:00+00:00,0.9205,92.686,100.69
2026-05-25 00:15:00+00:00,0.6373,96.146,150.867
2026-05-25 00:20:00+00:00,1.9117,220.204,115.19
2026-05-25 00:25:00+00:00,0.4569,67.639,148.045
2026-05-25 00:30:00+00:00,0.8538,109.913,128.738
2026-05-25 00:35:00+00:00,0.709,52.292,73.757
2026-05-25 00:40:00+00:00,0.6156,60.697,98.602
2026-05-25 00:45:00+00:00,1.1114,187.953,169.115
2026-05-25 00:50:00+00:00,0.7847,89.449,113.997
2026-05-25 00:55:00+00:00,0.596,42.112,70.655
2026-05-25 01:00:00+00:00,0.8521,490.687,575.844
2026-05-25 01:05:00+00:00,1.7683,235.003,132.895
2026-05-25 01:10:00+00:00,1.8282,97.135,53.132
2026-05-25 01:15:00+00:00,1.3642,262.919,192.732
2026-05-25 01:20:00+00:00,0.6784,66.163,97.521
2026-05-25 01:25:00+00:00,0.5559,46.623,83.866
2026-05-25 01:30:00+00:00,0.8405,65.849,78.342
2026-05-25 01:35:00+00:00,0.8587,55.917,65.12
2026-05-25 01:40:00+00:00,0.7925,121.641,153.493
2026-05-25 01:45:00+00:00,0.7775,129.613,166.695
2026-05-25 01:50:00+00:00,0.4331,51.854,119.738
2026-05-25 01:55:00+00:00,0.6277,230.265,366.844
2026-05-25 02:00:00+00:00,1.1438,239.115,209.054
2026-05-25 02:05:00+00:00,2.5956,1769.264,681.637
2026-05-25 02:10:00+00:00,0.8752,177.39,202.682
2026-05-25 02:15:00+00:00,0.6973,135.427,194.203
2026-05-25 02:20:00+00:00,0.5669,79.141,139.61
2026-05-25 02:25:00+00:00,1.0167,357.202,351.35
2026-05-25 02:30:00+00:00,0.927,97.239,104.894
2026-05-25 02:35:00+00:00,1.6608,132.519,79.791
2026-05-25 02:40:00+00:00,0.8472,53.947,63.676
2026-05-25 02:45:00+00:00,0.9359,105.985,113.239
2026-05-25 02:50:00+00:00,0.3087,39.092,126.619
2026-05-25 02:55:00+00:00,0.4652,70.319,151.159
2026-05-25 03:00:00+00:00,0.7505,99.417,132.465
2026-05-25 03:05:00+00:00,1.2104,100.824,83.3
2026-05-25 03:10:00+00:00,1.8009,128.113,71.137
2026-05-25 03:15:00+00:00,1.3929,62.291,44.72
2026-05-25 03:20:00+00:00,1.4812,88.872,60.002
2026-05-25 03:25:00+00:00,0.487,65.685,134.879
2026-05-25 03:30:00+00:00,0.6153,90.314,146.784
2026-05-25 03:35:00+00:00,1.2633,45.105,35.704
2026-05-25 03:40:00+00:00,0.9024,27.501,30.476
2026-05-25 03:45:00+00:00,0.4932,84.632,171.605
2026-05-25 03:50:00+00:00,1.1887,63.956,53.804
2026-05-25 03:55:00+00:00,0.4613,29.327,63.568
2026-05-25 04:00:00+00:00,1.4759,69.917,47.372
2026-05-25 04:05:00+00:00,0.9119,52.877,57.985
2026-05-25 04:10:00+00:00,0.8224,35.261,42.874
2026-05-25 04:15:00+00:00,0.6701,63.891,95.344
2026-05-25 04:20:00+00:00,2.5884,91.22,35.242
2026-05-25 04:25:00+00:00,2.3207,110.214,47.492
2026-05-25 04:30:00+00:00,1.0314,102.258,99.148
2026-05-25 04:35:00+00:00,1.0217,250.815,245.481
2026-05-25 04:40:00+00:00,2.1644,151.813,70.14
2026-05-25 04:45:00+00:00,1.4828,153.166,103.295
2026-05-25 04:50:00+00:00,1.3942,552.406,396.225
2026-05-25 04:55:00+00:00,1.9107,217.873,114.025
2026-05-25 05:00:00+00:00,0.7448,123.897,166.359
2026-05-25 05:05:00+00:00,1.779,247.137,138.922
2026-05-25 05:10:00+00:00,1.262,115.332,91.386
2026-05-25 05:15:00+00:00,2.2126,408.141,184.466
2026-05-25 05:20:00+00:00,0.5906,82.495,139.678
2026-05-25 05:25:00+00:00,0.3371,70.21,208.268
2026-05-25 05:30:00+00:00,0.8611,164.353,190.865
2026-05-25 05:35:00+00:00,1.3391,162.791,121.568
2026-05-25 05:40:00+00:00,1.1525,88.58,76.857
2026-05-25 05:45:00+00:00,0.5592,52.268,93.47
2026-05-25 05:50:00+00:00,1.2191,78.592,64.466
2026-05-25 05:55:00+00:00,0.7054,69.284,98.218
2026-05-25 06:00:00+00:00,0.5502,60.412,109.796
2026-05-25 06:05:00+00:00,2.4963,1627.634,652.027
2026-05-25 06:10:00+00:00,0.4274,191.964,449.161
2026-05-25 06:15:00+00:00,0.4457,117.86,264.447
2026-05-25 06:20:00+00:00,0.7041,143.276,203.482
2026-05-25 06:25:00+00:00,1.1798,142.702,120.954
2026-05-25 06:30:00+00:00,1.802,216.375,120.074
2026-05-25 06:35:00+00:00,2.0132,161.252,80.097
2026-05-25 06:40:00+00:00,0.8234,66.904,81.258
2026-05-25 06:45:00+00:00,1.9867,201.513,101.429
2026-05-25 06:50:00+00:00,1.2429,68.085,54.778
2026-05-25 06:55:00+00:00,0.4983,37.433,75.116
2026-05-25 07:05:00+00:00,0.6806,68.417,100.52
2026-05-25 07:10:00+00:00,0.4848,48.572,100.196
2026-05-25 07:15:00+00:00,0.5272,166.037,314.965
2026-05-25 07:20:00+00:00,1.4961,129.481,86.545
2026-05-25 07:25:00+00:00,1.0664,73.434,68.863
2026-05-25 07:30:00+00:00,2.3027,264.737,114.969
2026-05-25 07:35:00+00:00,2.6454,185.447,70.101
2026-05-25 07:40:00+00:00,1.0863,66.381,61.105
2026-05-25 07:45:00+00:00,1.1842,87.804,74.146
2026-05-25 07:50:00+00:00,1.1486,106.04,92.318
2026-05-25 07:55:00+00:00,1.8842,152.836,81.116
2026-05-25 08:00:00+00:00,1.9602,258.87,132.064
2026-05-25 08:05:00+00:00,1.112,159.816,143.722
2026-05-25 08:10:00+00:00,0.9825,127.357,129.631
2026-05-25 08:15:00+00:00,1.5295,85.366,55.814
2026-05-25 08:20:00+00:00,0.6754,38.47,56.958
2026-05-25 08:25:00+00:00,0.6015,27.634,45.941
2026-05-25 08:30:00+00:00,0.6644,31.62,47.591
2026-05-25 08:35:00+00:00,3.06,140.229,45.826
2026-05-25 08:40:00+00:00,1.0432,49.561,47.508
2026-05-25 08:45:00+00:00,1.7094,87.467,51.167
2026-05-25 08:50:00+00:00,3.1291,335.815,107.319
2026-05-25 08:55:00+00:00,2.3645,247.814,104.804
2026-05-25 09:00:00+00:00,1.1066,129.966,117.446
2026-05-25 09:05:00+00:00,3.4342,177.334,51.638
2026-05-25 09:10:00+00:00,2.3341,269.236,115.351
2026-05-25 09:15:00+00:00,1.5515,98.672,63.598
2026-05-25 09:20:00+00:00,4.788,207.089,43.252
2026-05-25 09:25:00+00:00,1.9804,241.247,121.816
2026-05-25 09:30:00+00:00,2.4719,1584.124,640.846
2026-05-25 09:35:00+00:00,0.5821,227.432,390.682
2026-05-25 09:40:00+00:00,1.1008,120.642,109.594
2026-05-25 09:45:00+00:00,0.5519,146.239,264.988
2026-05-25 09:50:00+00:00,1.5965,259.208,162.357
2026-05-25 09:55:00+00:00,0.7774,67.397,86.696
2026-05-25 10:00:00+00:00,0.7538,96.032,127.404
2026-05-25 10:05:00+00:00,1.1429,101.534,88.839
2026-05-25 10:10:00+00:00,1.2371,129.729,104.866
2026-05-25 10:15:00+00:00,1.0404,237.78,228.552
2026-05-25 10:20:00+00:00,0.3857,87.656,227.255
2026-05-25 10:25:00+00:00,0.6883,90.541,131.537
2026-05-25 10:30:00+00:00,2.1548,182.17,84.541
2026-05-25 10:35:00+00:00,0.8833,77.376,87.599
2026-05-25 10:40:00+00:00,1.8785,98.171,52.259
2026-05-25 10:45:00+00:00,1.3263,88.715,66.887
2026-05-25 10:50:00+00:00,0.616,83.829,136.094
2026-05-25 10:55:00+00:00,3.5298,235.307,66.663
2026-05-25 11:00:00+00:00,0.7175,212.072,295.566
2026-05-25 11:05:00+00:00,0.7748,96.776,124.899
2026-05-25 11:10:00+00:00,0.5599,49.876,89.088
2026-05-25 11:15:00+00:00,0.4584,45.196,98.596
2026-05-25 11:20:00+00:00,1.5719,57.764,36.747
2026-05-25 11:25:00+00:00,0.741,56.861,76.733
2026-05-25 11:30:00+00:00,3.2674,157.459,48.191
2026-05-25 11:35:00+00:00,1.0257,84.674,82.551
2026-05-25 11:40:00+00:00,0.818,36.093,44.124
2026-05-25 11:45:00+00:00,0.6653,65.241,98.069
2026-05-25 11:50:00+00:00,0.4112,71.81,174.614
2026-05-25 11:55:00+00:00,0.3972,99.577,250.676
2026-05-25 12:00:00+00:00,0.6094,148.666,243.943
2026-05-25 12:05:00+00:00,0.939,79.817,85.005
2026-05-25 12:10:00+00:00,0.8493,47.285,55.673
2026-05-25 12:15:00+00:00,1.5244,96.199,63.106
2026-05-25 12:20:00+00:00,2.1044,267.238,126.993
2026-05-25 12:25:00+00:00,1.7859,177.268,99.261
2026-05-25 12:30:00+00:00,0.5672,57.308,101.041
2026-05-25 12:35:00+00:00,0.5315,46.565,87.603
2026-05-25 12:40:00+00:00,0.68,42.683,62.77
2026-05-25 12:45:00+00:00,0.2971,72.827,245.101
2026-05-25 12:50:00+00:00,1.0731,85.196,79.395
2026-05-25 12:55:00+00:00,1.2701,100.848,79.399
2026-05-25 13:00:00+00:00,1.0422,76.645,73.541
2026-05-25 13:05:00+00:00,0.9372,83.046,88.611
2026-05-25 13:10:00+00:00,0.7033,70.446,100.162
2026-05-25 13:15:00+00:00,0.4447,57.781,129.945
2026-05-25 13:20:00+00:00,0.7204,85.346,118.469
2026-05-25 13:25:00+00:00,0.7767,105.905,136.353
2026-05-25 13:30:00+00:00,1.1663,67.261,57.671
2026-05-25 13:35:00+00:00,0.2612,54.982,210.5
2026-05-25 13:40:00+00:00,0.7084,92.416,130.465
2026-05-25 13:45:00+00:00,0.6677,68.712,102.908
2026-05-25 13:50:00+00:00,1.0921,73.38,67.19
2026-05-25 13:55:00+00:00,1.1406,67.983,59.601
2026-05-25 14:00:00+00:00,2.1321,221.609,103.939
2026-05-25 14:05:00+00:00,1.4718,344.701,234.206
2026-05-25 14:10:00+00:00,0.9372,73.878,78.828
2026-05-25 14:15:00+00:00,1.38,310.07,224.689
2026-05-25 14:20:00+00:00,0.4052,94.658,233.613
2026-05-25 14:25:00+00:00,1.0893,238.094,218.574
2026-05-25 14:30:00+00:00,0.5623,100.368,178.498
2026-05-25 14:35:00+00:00,1.3439,100.144,74.52
2026-05-25 14:40:00+00:00,2.2261,225.415,101.258
2026-05-25 14:45:00+00:00,1.6371,942.274,575.564
2026-05-25 14:50:00+00:00,0.6996,136.431,195.011
2026-05-25 14:55:00+00:00,1.1772,136.688,116.108
2026-05-25 15:00:00+00:00,0.609,217.032,356.383
2026-05-25 15:05:00+00:00,1.6125,259.073,160.665
2026-05-25 15:10:00+00:00,1.9532,1070.553,548.092
2026-05-25 15:15:00+00:00,0.5565,290.728,522.409
2026-05-25 15:20:00+00:00,0.3732,88.026,235.89
2026-05-25 15:25:00+00:00,0.5618,83.862,149.285
2026-05-25 15:30:00+00:00,0.84,171.293,203.923
2026-05-25 15:35:00+00:00,0.5171,37.271,72.08
2026-05-25 15:40:00+00:00,0.7244,65.344,90.2
2026-05-25 15:45:00+00:00,0.9054,158.27,174.81
2026-05-25 15:50:00+00:00,0.8325,65.785,79.017
2026-05-25 15:55:00+00:00,0.9671,60.064,62.105
2026-05-25 16:00:00+00:00,0.3296,109.731,332.926
2026-05-25 16:05:00+00:00,1.1639,48.282,41.482
2026-05-25 16:10:00+00:00,0.3532,64.791,183.459
2026-05-25 16:15:00+00:00,0.7883,153.732,195.024
2026-05-25 16:20:00+00:00,1.2136,134.717,111.006
2026-05-25 16:25:00+00:00,0.8342,71.266,85.426
2026-05-25 16:30:00+00:00,0.904,58.442,64.645
2026-05-25 16:35:00+00:00,1.3158,81.355,61.829
2026-05-25 16:40:00+00:00,1.0516,137.965,131.2
2026-05-25 16:45:00+00:00,1.459,179.707,123.173
2026-05-25 16:50:00+00:00,0.6294,124.705,198.141
2026-05-25 16:55:00+00:00,0.5645,92.844,164.472
2026-05-25 17:00:00+00:00,1.1598,172.692,148.893
2026-05-25 17:05:00+00:00,1.7272,320.533,185.584
2026-05-25 17:10:00+00:00,0.6853,121.938,177.943
2026-05-25 17:15:00+00:00,1.3115,256.085,195.266
2026-05-25 17:20:00+00:00,0.3489,53.78,154.152
2026-05-25 17:25:00+00:00,1.3114,60.623,46.227
2026-05-25 17:30:00+00:00,0.6385,84.7,132.653
2026-05-25 17:35:00+00:00,0.6997,45.6,65.175
2026-05-25 17:40:00+00:00,1.42,60.356,42.505
2026-05-25 17:45:00+00:00,0.6274,46.825,74.637
2026-05-25 17:50:00+00:00,0.4016,38.874,96.802
2026-05-25 17:55:00+00:00,0.9734,86.64,89.007
2026-05-25 18:00:00+00:00,1.034,79.466,76.855
2026-05-25 18:05:00+00:00,1.7734,97.839,55.169
2026-05-25 18:10:00+00:00,0.9601,43.467,45.275
2026-05-25 18:15:00+00:00,0.8645,41.944,48.516
2026-05-25 18:20:00+00:00,0.6611,23.194,35.086
2026-05-25 18:25:00+00:00,3.619,45.27,12.509
2026-05-25 18:30:00+00:00,1.9597,88.398,45.107
2026-05-25 18:35:00+00:00,0.5458,32.995,60.457
2026-05-25 18:40:00+00:00,0.6532,32.985,50.497
2026-05-25 18:45:00+00:00,0.9142,63.346,69.292
2026-05-25 18:50:00+00:00,0.778,52.203,67.103
2026-05-25 18:55:00+00:00,0.2457,11.082,45.098
2026-05-25 19:00:00+00:00,0.5107,218.33,427.512
2026-05-25 19:05:00+00:00,0.6697,56.051,83.695
2026-05-25 19:10:00+00:00,1.4452,50.845,35.183
2026-05-25 19:15:00+00:00,0.647,47.377,73.221
2026-05-25 19:20:00+00:00,0.8107,30.104,37.132
2026-05-25 19:25:00+00:00,2.0219,60.086,29.718
2026-05-25 19:30:00+00:00,0.5187,42.138,81.237
2026-05-25 19:35:00+00:00,0.4245,99.542,234.51
2026-05-25 19:40:00+00:00,1.3612,74.817,54.966
2026-05-25 19:45:00+00:00,0.7454,46.158,61.925
2026-05-25 19:50:00+00:00,1.089,48.875,44.879
2026-05-25 19:55:00+00:00,0.551,39.62,71.901
2026-05-25 20:00:00+00:00,1.4373,63.908,44.465
2026-05-25 20:05:00+00:00,2.5641,48.233,18.811
2026-05-25 20:10:00+00:00,1.0711,21.474,20.049
2026-05-25 20:15:00+00:00,3.0992,76.98,24.839
2026-05-25 20:20:00+00:00,1.1143,32.235,28.929
2026-05-25 20:25:00+00:00,0.5255,38.162,72.619
2026-05-25 20:30:00+00:00,0.4269,47.334,110.872
2026-05-25 20:35:00+00:00,0.8244,204.322,247.849
2026-05-25 20:40:00+00:00,0.5182,323.243,623.836
2026-05-25 20:45:00+00:00,0.832,76.049,91.404
2026-05-25 20:50:00+00:00,0.7612,64.222,84.365
2026-05-25 20:55:00+00:00,0.5728,90.127,157.343
2026-05-25 21:00:00+00:00,1.7527,113.272,64.627
2026-05-25 21:05:00+00:00,0.8186,46.049,56.25
2026-05-25 21:10:00+00:00,1.2377,36.427,29.432
2026-05-25 21:15:00+00:00,1.1885,53.376,44.912
2026-05-25 21:20:00+00:00,0.7341,40.422,55.064
2026-05-25 21:25:00+00:00,3.3977,105.328,31.0
2026-05-25 21:30:00+00:00,0.9022,33.735,37.393
2026-05-25 21:35:00+00:00,0.3189,84.072,263.608
2026-05-25 21:40:00+00:00,1.5473,70.098,45.304
2026-05-25 21:45:00+00:00,2.4982,58.156,23.279
2026-05-25 21:50:00+00:00,1.1089,63.935,57.655
2026-05-25 21:55:00+00:00,2.3133,181.113,78.293
2026-05-25 22:00:00+00:00,0.9345,133.14,142.478
2026-05-25 22:05:00+00:00,1.6235,118.28,72.854
2026-05-25 22:10:00+00:00,2.2449,167.862,74.775
2026-05-25 22:15:00+00:00,0.9426,93.176,98.854
2026-05-25 22:20:00+00:00,1.0444,36.944,35.374
2026-05-25 22:25:00+00:00,1.06,106.096,100.095
2026-05-25 22:30:00+00:00,0.5548,332.053,598.481
2026-05-25 22:35:00+00:00,1.3788,428.632,310.866
2026-05-25 22:40:00+00:00,1.1282,114.033,101.079
2026-05-25 22:45:00+00:00,1.5354,63.538,41.381
2026-05-25 22:50:00+00:00,1.1669,81.41,69.769
2026-05-25 22:55:00+00:00,0.7505,90.604,120.73
2026-05-25 23:00:00+00:00,1.0533,139.998,132.919
2026-05-25 23:05:00+00:00,1.8337,189.743,103.476
2026-05-25 23:10:00+00:00,1.1588,56.201,48.499
2026-05-25 23:15:00+00:00,0.8617,74.045,85.931
2026-05-25 23:20:00+00:00,1.2359,68.537,55.455
2026-05-25 23:25:00+00:00,1.7533,63.85,36.418
2026-05-25 23:30:00+00:00,1.2186,61.506,50.473
2026-05-25 23:35:00+00:00,1.6223,59.756,36.833
2026-05-25 23:40:00+00:00,0.8006,40.184,50.194
2026-05-25 23:45:00+00:00,0.9658,78.66,81.442
2026-05-25 23:50:00+00:00,1.8567,80.868,43.554
2026-05-25 23:55:00+00:00,1.8996,79.291,41.74
2026-05-26 00:00:00+00:00,0.7039,167.983,238.657
2026-05-26 00:05:00+00:00,0.7221,82.081,113.667
2026-05-26 00:10:00+00:00,0.7387,57.556,77.92
2026-05-26 00:15:00+00:00,0.38,101.108,266.054
2026-05-26 00:20:00+00:00,0.6526,139.064,213.079
2026-05-26 00:25:00+00:00,0.8393,136.028,162.075
2026-05-26 00:30:00+00:00,1.1876,134.76,113.473
2026-05-26 00:35:00+00:00,0.3727,322.525,865.32
2026-05-26 00:40:00+00:00,0.6267,436.29,696.213
2026-05-26 00:45:00+00:00,0.9503,344.145,362.14
2026-05-26 00:50:00+00:00,0.6869,930.338,1354.399
2026-05-26 00:55:00+00:00,1.9181,340.314,177.421
2026-05-26 01:00:00+00:00,0.6961,315.166,452.783
2026-05-26 01:05:00+00:00,1.3938,262.273,188.168
2026-05-26 01:10:00+00:00,1.7324,291.612,168.331
2026-05-26 01:15:00+00:00,1.8668,212.053,113.594
2026-05-26 01:20:00+00:00,1.5012,115.675,77.053
2026-05-26 01:25:00+00:00,0.7597,95.778,126.079
2026-05-26 01:30:00+00:00,0.5377,142.742,265.445
2026-05-26 01:35:00+00:00,1.1197,130.731,116.754
2026-05-26 01:40:00+00:00,1.0379,196.45,189.28
2026-05-26 01:45:00+00:00,1.4605,177.274,121.38
2026-05-26 01:50:00+00:00,1.6542,88.297,53.379
2026-05-26 01:55:00+00:00,1.8519,72.485,39.14
2026-05-26 02:00:00+00:00,0.9222,293.755,318.528
2026-05-26 02:05:00+00:00,1.5539,222.063,142.911
2026-05-26 02:10:00+00:00,0.5118,101.004,197.337
2026-05-26 02:15:00+00:00,0.816,76.711,94.01
2026-05-26 02:20:00+00:00,1.3118,90.676,69.122
2026-05-26 02:25:00+00:00,0.5727,47.476,82.9
2026-05-26 02:30:00+00:00,1.0338,102.924,99.563
2026-05-26 02:35:00+00:00,1.0842,85.793,79.131
2026-05-26 02:40:00+00:00,0.7196,115.197,160.078
2026-05-26 02:45:00+00:00,0.8559,415.373,485.33
2026-05-26 02:50:00+00:00,2.4612,139.627,56.732
2026-05-26 02:55:00+00:00,1.5806,110.624,69.988
2026-05-26 03:00:00+00:00,0.701,66.129,94.331
2026-05-26 03:05:00+00:00,0.9904,65.503,66.137
2026-05-26 03:10:00+00:00,0.9365,79.252,84.623
2026-05-26 03:15:00+00:00,0.9704,91.956,94.764
2026-05-26 03:20:00+00:00,1.4767,170.365,115.366
2026-05-26 03:25:00+00:00,0.6629,258.441,389.889
2026-05-26 03:30:00+00:00,1.1132,192.727,173.135
2026-05-26 03:35:00+00:00,1.581,243.225,153.844
2026-05-26 03:40:00+00:00,1.1361,66.06,58.146
2026-05-26 03:45:00+00:00,1.1791,148.933,126.315
2026-05-26 03:50:00+00:00,2.1425,103.169,48.154
2026-05-26 03:55:00+00:00,1.1104,51.784,46.635
2026-05-26 04:00:00+00:00,1.9157,229.517,119.81
2026-05-26 04:05:00+00:00,1.4717,200.558,136.274
2026-05-26 04:10:00+00:00,1.6473,155.129,94.169
2026-05-26 04:15:00+00:00,2.4723,166.78,67.46
2026-05-26 04:20:00+00:00,0.3781,56.19,148.629
2026-05-26 04:25:00+00:00,1.68,219.548,130.687
2026-05-26 04:30:00+00:00,1.7176,156.916,91.356
2026-05-26 04:35:00+00:00,1.5277,105.52,69.07
2026-05-26 04:40:00+00:00,1.9147,93.476,48.82
2026-05-26 04:45:00+00:00,1.2198,91.81,75.268
2026-05-26 04:50:00+00:00,0.906,52.279,57.702
2026-05-26 04:55:00+00:00,1.7165,152.314,88.737
2026-05-26 05:00:00+00:00,0.7235,85.904,118.735
2026-05-26 05:05:00+00:00,0.8369,82.414,98.476
2026-05-26 05:10:00+00:00,1.4294,157.936,110.492
2026-05-26 05:15:00+00:00,2.659,165.793,62.351
2026-05-26 05:20:00+00:00,1.5433,200.186,129.717
2026-05-26 05:25:00+00:00,1.7018,88.971,52.282
2026-05-26 05:30:00+00:00,2.187,111.072,50.787
2026-05-26 05:35:00+00:00,1.7025,360.85,211.95
2026-05-26 05:40:00+00:00,0.6663,106.358,159.614
2026-05-26 05:45:00+00:00,0.7974,86.947,109.035
2026-05-26 05:50:00+00:00,0.4513,36.208,80.227
2026-05-26 05:55:00+00:00,1.808,122.984,68.024
2026-05-26 06:00:00+00:00,0.6175,247.127,400.182
2026-05-26 06:05:00+00:00,1.017,82.197,80.822
2026-05-26 06:10:00+00:00,0.4978,44.845,90.086
2026-05-26 06:15:00+00:00,0.4254,55.687,130.897
2026-05-26 06:20:00+00:00,0.8706,112.221,128.907
2026-05-26 06:25:00+00:00,0.5362,111.892,208.657
2026-05-26 06:30:00+00:00,1.1093,89.189,80.4
2026-05-26 06:35:00+00:00,3.6399,172.009,47.257
2026-05-26 06:40:00+00:00,1.2532,434.436,346.675
2026-05-26 06:45:00+00:00,0.7519,98.365,130.829
2026-05-26 06:50:00+00:00,0.5597,32.297,57.708
2026-05-26 06:55:00+00:00,0.3833,49.046,127.97
2026-05-26 07:00:00+00:00,0.5644,68.252,120.937
2026-05-26 07:05:00+00:00,0.3795,83.622,220.324
2026-05-26 07:10:00+00:00,0.426,143.346,336.531
2026-05-26 07:15:00+00:00,0.6751,288.103,426.725
2026-05-26 07:20:00+00:00,1.4501,199.592,137.644
2026-05-26 07:25:00+00:00,1.4042,87.681,62.444
2026-05-26 07:30:00+00:00,0.7417,146.855,197.992
2026-05-26 07:35:00+00:00,1.3762,184.118,133.788
2026-05-26 07:40:00+00:00,0.946,84.604,89.433
2026-05-26 07:45:00+00:00,1.0651,56.628,53.165
2026-05-26 07:50:00+00:00,2.9321,141.636,48.306
2026-05-26 07:55:00+00:00,0.5958,63.159,106.011
2026-05-26 08:00:00+00:00,1.3173,81.636,61.972
2026-05-26 08:05:00+00:00,0.9777,83.057,84.951
2026-05-26 08:10:00+00:00,1.3393,120.718,90.135
2026-05-26 08:15:00+00:00,0.4881,70.126,143.681
2026-05-26 08:20:00+00:00,0.9927,48.604,48.96
2026-05-26 08:25:00+00:00,1.2647,118.833,93.964
2026-05-26 08:30:00+00:00,0.7413,59.146,79.786
2026-05-26 08:35:00+00:00,2.1562,130.843,60.681
2026-05-26 08:40:00+00:00,0.7063,30.41,43.056
2026-05-26 08:45:00+00:00,0.3159,31.437,99.526
2026-05-26 08:50:00+00:00,0.7811,48.261,61.782
2026-05-26 08:55:00+00:00,0.2186,24.633,112.692
2026-05-26 09:00:00+00:00,0.9787,113.378,115.851
2026-05-26 09:05:00+00:00,0.3729,56.262,150.882
2026-05-26 09:10:00+00:00,1.0706,52.657,49.184
2026-05-26 09:15:00+00:00,2.2883,204.999,89.584
2026-05-26 09:20:00+00:00,0.5731,64.739,112.966
2026-05-26 09:25:00+00:00,1.2618,55.0,43.588
2026-05-26 09:30:00+00:00,0.7013,49.529,70.624
2026-05-26 09:35:00+00:00,0.8892,187.761,211.169
2026-05-26 09:40:00+00:00,0.4833,40.586,83.985
2026-05-26 09:45:00+00:00,0.7236,35.15,48.574
2026-05-26 09:50:00+00:00,1.1172,41.667,37.296
2026-05-26 09:55:00+00:00,0.5755,33.611,58.404
2026-05-26 10:00:00+00:00,0.8686,140.869,162.183
2026-05-26 10:05:00+00:00,1.2868,178.29,138.557
2026-05-26 10:10:00+00:00,2.4263,116.815,48.145
2026-05-26 10:15:00+00:00,2.2873,288.138,125.973
2026-05-26 10:20:00+00:00,1.787,449.595,251.598
2026-05-26 10:25:00+00:00,1.4122,1576.891,1116.591
2026-05-26 10:30:00+00:00,1.2232,755.22,617.414
2026-05-26 10:35:00+00:00,1.8792,1593.483,847.965
2026-05-26 10:40:00+00:00,1.0991,755.104,687.006
2026-05-26 10:45:00+00:00,0.782,492.29,629.517
2026-05-26 10:50:00+00:00,0.9582,414.225,432.317
2026-05-26 10:55:00+00:00,0.6837,191.091,279.501
2026-05-26 11:00:00+00:00,1.1223,215.941,192.406
2026-05-26 11:05:00+00:00,0.5579,202.257,362.536
2026-05-26 11:10:00+00:00,0.4808,174.738,363.438
2026-05-26 11:15:00+00:00,0.5732,250.372,436.833
2026-05-26 11:20:00+00:00,0.4999,234.235,468.585
2026-05-26 11:25:00+00:00,0.5795,104.123,179.677
2026-05-26 11:30:00+00:00,0.8872,203.577,229.455
2026-05-26 11:35:00+00:00,0.7572,154.12,203.526
2026-05-26 11:40:00+00:00,1.6013,88.908,55.522
2026-05-26 11:45:00+00:00,3.1691,204.306,64.469
2026-05-26 11:50:00+00:00,1.4483,81.427,56.223
2026-05-26 11:55:00+00:00,0.7228,72.56,100.383
2026-05-26 12:00:00+00:00,1.4628,124.788,85.309
2026-05-26 12:05:00+00:00,0.4548,783.172,1722.139
2026-05-26 12:10:00+00:00,1.8094,326.562,180.477
2026-05-26 12:15:00+00:00,1.374,308.589,224.595
2026-05-26 12:20:00+00:00,0.5022,85.545,170.33
2026-05-26 12:25:00+00:00,1.2925,178.208,137.881
2026-05-26 12:30:00+00:00,1.573,205.534,130.663
2026-05-26 12:35:00+00:00,1.0131,87.085,85.957
2026-05-26 12:40:00+00:00,1.1266,123.635,109.739
2026-05-26 12:45:00+00:00,1.2373,151.475,122.419
2026-05-26 12:50:00+00:00,0.8225,104.993,127.644
2026-05-26 12:55:00+00:00,1.1468,148.972,129.899
2026-05-26 13:00:00+00:00,0.9667,153.242,158.518
2026-05-26 13:05:00+00:00,1.0783,80.3,74.471
2026-05-26 13:10:00+00:00,1.3417,110.514,82.367
2026-05-26 13:15:00+00:00,0.2941,46.463,157.979
2026-05-26 13:20:00+00:00,0.599,729.269,1217.399
2026-05-26 13:25:00+00:00,0.6354,206.311,324.707
2026-05-26 13:30:00+00:00,1.0702,732.849,684.76
2026-05-26 13:35:00+00:00,1.0776,298.623,277.118
2026-05-26 13:40:00+00:00,1.5403,394.636,256.204
2026-05-26 13:45:00+00:00,1.6372,1194.027,729.31
2026-05-26 13:50:00+00:00,0.6845,713.483,1042.369
2026-05-26 13:55:00+00:00,1.0801,287.286,265.988
2026-05-26 14:00:00+00:00,0.4782,293.256,613.226
2026-05-26 14:05:00+00:00,0.8159,229.676,281.49
2026-05-26 14:10:00+00:00,2.1636,527.482,243.794
2026-05-26 14:15:00+00:00,1.7008,1872.495,1100.981
2026-05-26 14:20:00+00:00,1.3286,1942.23,1461.81
2026-05-26 14:25:00+00:00,1.328,3109.504,2341.499
2026-05-26 14:30:00+00:00,0.6235,1320.127,2117.229
2026-05-26 14:35:00+00:00,0.8923,2254.192,2526.289
2026-05-26 14:40:00+00:00,1.0009,2242.158,2240.182
2026-05-26 14:45:00+00:00,1.0837,1677.754,1548.155
2026-05-26 14:50:00+00:00,1.9273,1396.24,724.438
2026-05-26 14:55:00+00:00,0.6808,320.892,471.335
2026-05-26 15:00:00+00:00,0.7543,698.519,926.024
2026-05-26 15:05:00+00:00,0.9683,347.767,359.137
2026-05-26 15:10:00+00:00,1.4407,304.084,211.06
2026-05-26 15:15:00+00:00,0.8961,227.381,253.731
2026-05-26 15:20:00+00:00,0.5611,615.992,1097.743
2026-05-26 15:25:00+00:00,0.8665,334.053,385.505
2026-05-26 15:30:00+00:00,0.6355,1279.638,2013.577
2026-05-26 15:35:00+00:00,1.0138,1728.703,1705.251
2026-05-26 15:40:00+00:00,1.0286,826.654,803.632
2026-05-26 15:45:00+00:00,1.2137,466.125,384.041
2026-05-26 15:50:00+00:00,0.5313,610.426,1148.828
2026-05-26 15:55:00+00:00,1.3933,582.976,418.412
2026-05-26 16:00:00+00:00,0.9211,385.562,418.581
2026-05-26 16:05:00+00:00,1.6384,477.081,291.19
2026-05-26 16:10:00+00:00,0.7308,541.312,740.724
2026-05-26 16:15:00+00:00,1.1838,304.836,257.503
2026-05-26 16:20:00+00:00,0.994,348.795,350.897
2026-05-26 16:25:00+00:00,0.8921,331.111,371.177
2026-05-26 16:30:00+00:00,1.7823,729.993,409.572
2026-05-26 16:35:00+00:00,1.1228,512.469,456.403
2026-05-26 16:40:00+00:00,1.1934,199.087,166.827
2026-05-26 16:45:00+00:00,0.7129,131.235,184.079
2026-05-26 16:50:00+00:00,0.5063,336.844,665.251
2026-05-26 16:55:00+00:00,1.778,222.222,124.986
2026-05-26 17:00:00+00:00,2.3525,248.66,105.699
2026-05-26 17:05:00+00:00,1.6915,204.678,121.007
2026-05-26 17:10:00+00:00,0.4702,60.381,128.413
2026-05-26 17:15:00+00:00,0.7307,268.293,367.152
2026-05-26 17:20:00+00:00,0.7707,712.325,924.22
2026-05-26 17:25:00+00:00,0.7022,955.613,1360.855
2026-05-26 17:30:00+00:00,0.6475,1659.121,2562.19
2026-05-26 17:35:00+00:00,1.9821,617.397,311.48
2026-05-26 17:40:00+00:00,1.2336,1222.415,990.969
2026-05-26 17:45:00+00:00,1.5816,623.992,394.52
2026-05-26 17:50:00+00:00,0.7819,241.552,308.946
2026-05-26 17:55:00+00:00,1.0829,365.162,337.192
2026-05-26 18:00:00+00:00,1.2089,1066.11,881.918
2026-05-26 18:05:00+00:00,1.4432,183.565,127.196
2026-05-26 18:10:00+00:00,0.9745,184.115,188.938
2026-05-26 18:15:00+00:00,2.5237,341.469,135.303
2026-05-26 18:20:00+00:00,2.7875,996.88,357.623
2026-05-26 18:25:00+00:00,0.6671,140.842,211.131
2026-05-26 18:30:00+00:00,1.4506,226.951,156.451
2026-05-26 18:35:00+00:00,0.7027,99.927,142.198
2026-05-26 18:40:00+00:00,0.5999,245.363,409.016
2026-05-26 18:45:00+00:00,1.2687,182.196,143.605
2026-05-26 18:50:00+00:00,1.3872,98.642,71.111
2026-05-26 18:55:00+00:00,0.5175,415.436,802.717
2026-05-26 19:00:00+00:00,1.102,233.268,211.681
2026-05-26 19:05:00+00:00,1.2065,166.482,137.993
2026-05-26 19:10:00+00:00,1.455,188.336,129.437
2026-05-26 19:15:00+00:00,1.0802,157.481,145.79
2026-05-26 19:20:00+00:00,1.9838,99.228,50.019
2026-05-26 19:25:00+00:00,1.597,119.309,74.708
2026-05-26 19:30:00+00:00,1.5797,193.138,122.259
2026-05-26 19:35:00+00:00,0.9557,109.824,114.915
2026-05-26 19:40:00+00:00,1.3792,142.925,103.626
2026-05-26 19:45:00+00:00,1.0402,109.32,105.094
2026-05-26 19:50:00+00:00,1.5399,239.125,155.286
2026-05-26 19:55:00+00:00,1.0882,181.268,166.575
2026-05-26 20:00:00+00:00,1.6038,223.425,139.306
2026-05-26 20:05:00+00:00,0.5978,104.093,174.134
2026-05-26 20:10:00+00:00,0.9353,70.737,75.634
2026-05-26 20:15:00+00:00,0.8125,90.28,111.109
2026-05-26 20:20:00+00:00,0.61,100.743,165.143
2026-05-26 20:25:00+00:00,1.664,102.107,61.361
2026-05-26 20:30:00+00:00,0.6517,80.991,124.267
2026-05-26 20:35:00+00:00,0.8938,127.916,143.122
2026-05-26 20:40:00+00:00,0.9096,51.141,56.225
2026-05-26 20:45:00+00:00,0.6744,45.279,67.14
2026-05-26 20:50:00+00:00,1.0383,57.467,55.348
2026-05-26 20:55:00+00:00,0.9355,60.171,64.321
2026-05-26 21:00:00+00:00,0.6808,44.369,65.173
2026-05-26 21:05:00+00:00,0.5817,46.907,80.633
2026-05-26 21:10:00+00:00,0.4913,140.844,286.667
2026-05-26 21:15:00+00:00,1.1482,85.814,74.737
2026-05-26 21:20:00+00:00,1.8616,71.412,38.361
2026-05-26 21:25:00+00:00,1.4014,51.126,36.481
2026-05-26 21:30:00+00:00,1.1431,65.54,57.336
2026-05-26 21:35:00+00:00,0.9989,40.769,40.815
2026-05-26 21:40:00+00:00,1.0953,55.454,50.63
2026-05-26 21:45:00+00:00,1.2054,27.061,22.45
2026-05-26 21:50:00+00:00,0.3665,62.485,170.498
2026-05-26 21:55:00+00:00,0.5905,119.158,201.786
2026-05-26 22:00:00+00:00,1.4854,114.904,77.356
2026-05-26 22:05:00+00:00,0.98,219.984,224.466
2026-05-26 22:10:00+00:00,0.7913,334.045,422.125
2026-05-26 22:15:00+00:00,0.9726,164.245,168.866
2026-05-26 22:20:00+00:00,1.4644,100.187,68.414
2026-05-26 22:25:00+00:00,1.2212,77.815,63.721
2026-05-26 22:30:00+00:00,2.4943,160.042,64.162
2026-05-26 22:35:00+00:00,1.7317,148.468,85.736
2026-05-26 22:40:00+00:00,1.9827,154.495,77.92
2026-05-26 22:45:00+00:00,0.6431,347.85,540.888
2026-05-26 22:50:00+00:00,1.3188,136.132,103.226
2026-05-26 22:55:00+00:00,1.5777,95.254,60.377
2026-05-26 23:00:00+00:00,1.15,180.142,156.642
2026-05-26 23:05:00+00:00,1.5713,169.012,107.561
2026-05-26 23:10:00+00:00,1.0321,269.537,261.162
2026-05-26 23:15:00+00:00,1.1157,97.949,87.788
2026-05-26 23:20:00+00:00,0.7362,64.029,86.969
2026-05-26 23:25:00+00:00,1.0624,93.78,88.269
2026-05-26 23:30:00+00:00,1.404,93.557,66.637
2026-05-26 23:35:00+00:00,1.1233,129.916,115.652
2026-05-26 23:40:00+00:00,1.593,146.405,91.908
2026-05-26 23:45:00+00:00,0.8041,62.709,77.986
2026-05-26 23:50:00+00:00,1.1963,66.384,55.493
2026-05-26 23:55:00+00:00,0.7634,41.253,54.035
2026-05-27 00:00:00+00:00,0.89,204.447,229.71
2026-05-27 00:05:00+00:00,1.9302,141.339,73.226
2026-05-27 00:10:00+00:00,1.3101,113.546,86.67
2026-05-27 00:15:00+00:00,0.7854,93.177,118.64
2026-05-27 00:20:00+00:00,0.7061,53.373,75.586
2026-05-27 00:25:00+00:00,0.7051,49.109,69.646
2026-05-27 00:30:00+00:00,1.743,253.048,145.182
2026-05-27 00:35:00+00:00,0.9323,95.578,102.524
2026-05-27 00:40:00+00:00,2.5422,139.783,54.984
2026-05-27 00:50:00+00:00,1.9514,236.525,121.205
2026-05-27 00:55:00+00:00,1.8221,238.684,130.994
2026-05-27 01:00:00+00:00,0.7077,176.064,248.771
2026-05-27 01:05:00+00:00,0.9212,99.876,108.423
2026-05-27 01:10:00+00:00,1.6277,98.2,60.33
2026-05-27 01:15:00+00:00,0.203,64.964,320.097
2026-05-27 01:20:00+00:00,1.0308,231.408,224.5
2026-05-27 01:25:00+00:00,1.0806,90.05,83.332
2026-05-27 01:30:00+00:00,0.7594,78.375,103.201
2026-05-27 01:35:00+00:00,0.6388,50.438,78.962
2026-05-27 01:40:00+00:00,0.619,64.909,104.863
2026-05-27 01:45:00+00:00,1.9634,209.262,106.579
2026-05-27 01:50:00+00:00,0.968,57.816,59.73
2026-05-27 01:55:00+00:00,0.4265,38.386,89.992
2026-05-27 02:00:00+00:00,0.5498,135.387,246.247
2026-05-27 02:05:00+00:00,0.5233,68.506,130.904
2026-05-27 02:10:00+00:00,0.9795,77.467,79.089
2026-05-27 02:15:00+00:00,0.6789,202.309,298.015
2026-05-27 02:20:00+00:00,2.314,173.168,74.835
2026-05-27 02:25:00+00:00,1.6723,152.152,90.982
2026-05-27 02:30:00+00:00,0.9857,91.477,92.805
2026-05-27 02:35:00+00:00,1.4783,113.435,76.732
2026-05-27 02:40:00+00:00,1.5861,95.873,60.444
2026-05-27 02:45:00+00:00,1.1829,79.046,66.826
2026-05-27 02:50:00+00:00,1.6651,84.705,50.872
2026-05-27 02:55:00+00:00,2.0758,136.152,65.591
2026-05-27 03:00:00+00:00,1.5153,217.184,143.325
2026-05-27 03:05:00+00:00,0.8015,167.882,209.468
2026-05-27 03:10:00+00:00,0.8466,60.935,71.973
2026-05-27 03:15:00+00:00,0.3942,94.447,239.612
2026-05-27 03:20:00+00:00,1.533,86.374,56.343
2026-05-27 03:25:00+00:00,2.2711,125.101,55.084
2026-05-27 03:30:00+00:00,0.4976,24.191,48.617
2026-05-27 03:35:00+00:00,0.4766,65.759,137.975
2026-05-27 03:40:00+00:00,1.9781,115.286,58.281
2026-05-27 03:45:00+00:00,0.4872,270.965,556.112
2026-05-27 03:50:00+00:00,0.8222,218.877,266.211
2026-05-27 03:55:00+00:00,0.8609,127.321,147.896
2026-05-27 04:00:00+00:00,0.5184,100.374,193.623
2026-05-27 04:05:00+00:00,0.8241,167.45,203.203
2026-05-27 04:10:00+00:00,0.487,68.982,141.641
2026-05-27 04:15:00+00:00,0.3882,358.203,922.8
2026-05-27 04:20:00+00:00,1.155,300.552,260.219
2026-05-27 04:25:00+00:00,0.917,101.821,111.041
2026-05-27 04:30:00+00:00,0.4992,938.965,1880.846
2026-05-27 04:35:00+00:00,0.8786,391.193,445.236
2026-05-27 04:40:00+00:00,1.5402,314.352,204.097
2026-05-27 04:45:00+00:00,2.4333,502.217,206.394
2026-05-27 04:50:00+00:00,1.7803,468.06,262.915
2026-05-27 04:55:00+00:00,1.3266,166.449,125.469
2026-05-27 05:00:00+00:00,1.9683,298.565,151.686
2026-05-27 05:05:00+00:00,1.1707,158.738,135.587
2026-05-27 05:10:00+00:00,0.9957,107.333,107.799
2026-05-27 05:15:00+00:00,1.5037,102.486,68.155
2026-05-27 05:20:00+00:00,1.6837,223.111,132.515
2026-05-27 05:25:00+00:00,1.0839,177.715,163.955
2026-05-27 05:30:00+00:00,1.0983,164.785,150.041
2026-05-27 05:35:00+00:00,0.957,139.73,146.003
2026-05-27 05:40:00+00:00,0.4325,97.093,224.492
2026-05-27 05:45:00+00:00,2.0411,83.196,40.76
2026-05-27 05:50:00+00:00,2.3883,106.995,44.8
2026-05-27 05:55:00+00:00,1.431,194.886,136.188
2026-05-27 06:00:00+00:00,1.2498,168.369,134.717
2026-05-27 06:05:00+00:00,1.2915,210.408,162.916
2026-05-27 06:10:00+00:00,0.4208,94.875,225.485
2026-05-27 06:15:00+00:00,0.5931,55.19,93.054
2026-05-27 06:20:00+00:00,0.6617,40.036,60.506
2026-05-27 06:25:00+00:00,1.1486,42.31,36.836
2026-05-27 06:30:00+00:00,1.8111,110.826,61.192
2026-05-27 06:35:00+00:00,1.9242,118.768,61.723
2026-05-27 06:40:00+00:00,1.4809,77.179,52.116
2026-05-27 06:45:00+00:00,1.8963,279.152,147.209
2026-05-27 06:50:00+00:00,1.2902,159.685,123.772
2026-05-27 06:55:00+00:00,0.622,53.804,86.501
2026-05-27 07:00:00+00:00,1.1948,88.499,74.071
2026-05-27 07:05:00+00:00,0.5614,86.181,153.511
2026-05-27 07:10:00+00:00,0.6363,55.989,87.989
2026-05-27 07:15:00+00:00,1.8302,187.842,102.634
2026-05-27 07:20:00+00:00,1.0939,70.558,64.499
2026-05-27 07:25:00+00:00,1.0799,48.872,45.258
2026-05-27 07:30:00+00:00,2.9496,397.716,134.837
2026-05-27 07:35:00+00:00,0.5837,252.742,433.008
2026-05-27 07:40:00+00:00,0.9753,72.257,74.084
2026-05-27 07:45:00+00:00,1.8855,155.584,82.518
2026-05-27 07:50:00+00:00,0.9608,131.779,137.158
2026-05-27 07:55:00+00:00,1.6878,212.488,125.9
2026-05-27 08:00:00+00:00,1.0711,245.631,229.334
2026-05-27 08:05:00+00:00,0.8783,229.641,261.471
2026-05-27 08:10:00+00:00,0.3333,68.154,204.471
2026-05-27 08:15:00+00:00,0.8057,57.659,71.562
2026-05-27 08:20:00+00:00,3.0745,298.182,96.987
2026-05-27 08:25:00+00:00,1.3071,358.021,273.912
2026-05-27 08:30:00+00:00,1.0137,163.644,161.428
2026-05-27 08:35:00+00:00,0.4847,63.85,131.737
2026-05-27 08:40:00+00:00,0.6255,64.928,103.81
2026-05-27 08:45:00+00:00,0.8667,83.745,96.621
2026-05-27 08:50:00+00:00,0.2951,76.78,260.162
2026-05-27 08:55:00+00:00,0.9254,99.82,107.863
2026-05-27 09:00:00+00:00,0.5156,186.752,362.206
2026-05-27 09:05:00+00:00,0.8871,109.398,123.319
2026-05-27 09:10:00+00:00,0.3466,79.898,230.51
2026-05-27 09:15:00+00:00,0.5586,88.064,157.645
2026-05-27 09:20:00+00:00,2.6752,219.818,82.17
2026-05-27 09:25:00+00:00,1.2099,125.347,103.601
2026-05-27 09:30:00+00:00,1.9311,129.538,67.08
2026-05-27 09:35:00+00:00,2.3252,269.558,115.927
2026-05-27 09:40:00+00:00,1.16,103.829,89.51
2026-05-27 09:45:00+00:00,1.3086,86.49,66.094
2026-05-27 09:50:00+00:00,0.6648,72.149,108.526
2026-05-27 09:55:00+00:00,0.9835,58.947,59.934
2026-05-27 10:00:00+00:00,0.9659,102.299,105.906
2026-05-27 10:05:00+00:00,0.4686,73.275,156.355
2026-05-27 10:10:00+00:00,1.805,89.602,49.64
2026-05-27 10:15:00+00:00,1.0354,135.082,130.463
2026-05-27 10:20:00+00:00,1.281,146.744,114.558
2026-05-27 10:25:00+00:00,1.1695,178.125,152.311
2026-05-27 10:30:00+00:00,0.5083,67.217,132.238
2026-05-27 10:35:00+00:00,0.6745,68.448,101.478
2026-05-27 10:40:00+00:00,0.5827,66.435,114.015
2026-05-27 10:45:00+00:00,0.4624,91.214,197.254
2026-05-27 10:50:00+00:00,1.1755,78.123,66.462
2026-05-27 10:55:00+00:00,0.624,29.74,47.66
2026-05-27 11:00:00+00:00,1.501,97.924,65.24
2026-05-27 11:05:00+00:00,0.4464,51.383,115.108
2026-05-27 11:10:00+00:00,0.8472,78.445,92.598
2026-05-27 11:15:00+00:00,0.704,100.039,142.092
2026-05-27 11:20:00+00:00,1.0844,151.842,140.018
2026-05-27 11:25:00+00:00,0.9132,68.318,74.814
2026-05-27 11:30:00+00:00,0.6649,202.847,305.078
2026-05-27 11:35:00+00:00,1.1832,106.801,90.266
2026-05-27 11:40:00+00:00,1.2651,189.313,149.643
2026-05-27 11:45:00+00:00,0.6049,86.765,143.441
2026-05-27 11:50:00+00:00,0.5099,45.018,88.289
2026-05-27 11:55:00+00:00,1.1694,105.875,90.539
2026-05-27 12:00:00+00:00,0.6405,100.105,156.304
2026-05-27 12:05:00+00:00,0.6171,164.765,267.007
2026-05-27 12:10:00+00:00,0.7011,263.106,375.267
2026-05-27 12:15:00+00:00,1.8675,742.063,397.361
2026-05-27 12:20:00+00:00,0.8895,1165.284,1310.081
2026-05-27 12:25:00+00:00,0.9558,348.648,364.779
2026-05-27 12:30:00+00:00,0.6218,155.223,249.641
2026-05-27 12:35:00+00:00,1.3424,283.876,211.463
2026-05-27 12:40:00+00:00,0.7115,71.48,100.46
2026-05-27 12:45:00+00:00,0.6684,261.312,390.975
2026-05-27 12:50:00+00:00,1.0424,114.261,109.618
2026-05-27 12:55:00+00:00,0.3474,113.055,325.435
2026-05-27 13:00:00+00:00,1.4959,382.106,255.437
2026-05-27 13:05:00+00:00,0.405,370.339,914.465
2026-05-27 13:10:00+00:00,0.651,450.537,692.061
2026-05-27 13:15:00+00:00,0.8806,458.501,520.68
2026-05-27 13:20:00+00:00,0.5992,306.61,511.663
2026-05-27 13:25:00+00:00,0.5135,762.154,1484.104
2026-05-27 13:30:00+00:00,0.9861,1141.074,1157.158
2026-05-27 13:35:00+00:00,0.6534,1454.113,2225.382
2026-05-27 13:40:00+00:00,1.4751,1741.843,1180.861
2026-05-27 13:45:00+00:00,1.9836,1085.267,547.108
2026-05-27 13:50:00+00:00,1.6335,1151.85,705.131
2026-05-27 13:55:00+00:00,1.777,789.978,444.55
2026-05-27 14:00:00+00:00,1.2371,1379.444,1115.044
2026-05-27 14:05:00+00:00,0.524,496.169,946.95
2026-05-27 14:10:00+00:00,1.363,456.338,334.798
2026-05-27 14:15:00+00:00,0.9484,417.37,440.101
2026-05-27 14:20:00+00:00,0.5484,328.765,599.533
2026-05-27 14:25:00+00:00,0.7297,971.917,1331.854
2026-05-27 14:30:00+00:00,0.9248,742.797,803.239
2026-05-27 14:35:00+00:00,1.3154,721.092,548.176
2026-05-27 14:40:00+00:00,0.5834,313.533,537.395
2026-05-27 14:45:00+00:00,1.1701,337.261,288.233
2026-05-27 14:50:00+00:00,1.2044,144.31,119.819
2026-05-27 14:55:00+00:00,0.8473,159.009,187.661
2026-05-27 15:00:00+00:00,0.7089,229.036,323.083
2026-05-27 15:05:00+00:00,1.1773,154.771,131.465
2026-05-27 15:10:00+00:00,1.4574,342.09,234.724
2026-05-27 15:15:00+00:00,1.8732,474.621,253.38
2026-05-27 15:20:00+00:00,1.969,1352.448,686.882
2026-05-27 15:25:00+00:00,0.7448,240.562,322.973
2026-05-27 15:30:00+00:00,1.2618,586.849,465.104
2026-05-27 15:35:00+00:00,0.5973,142.048,237.818
2026-05-27 15:40:00+00:00,0.4319,264.857,613.236
2026-05-27 15:45:00+00:00,1.2024,306.158,254.627
2026-05-27 15:50:00+00:00,1.1293,468.06,414.469
2026-05-27 15:55:00+00:00,0.7082,83.216,117.498
2026-05-27 16:00:00+00:00,0.6069,226.332,372.94
2026-05-27 16:05:00+00:00,0.6311,119.292,189.031
2026-05-27 16:10:00+00:00,0.7265,87.555,120.508
2026-05-27 16:15:00+00:00,0.6991,402.468,575.707
2026-05-27 16:20:00+00:00,0.764,226.061,295.881
2026-05-27 16:25:00+00:00,1.5076,182.527,121.073
2026-05-27 16:30:00+00:00,0.995,130.344,130.995
2026-05-27 16:35:00+00:00,1.0003,376.912,376.794
2026-05-27 16:40:00+00:00,2.7368,440.129,160.821
2026-05-27 16:45:00+00:00,1.6236,298.508,183.851
2026-05-27 16:50:00+00:00,1.971,286.946,145.586
2026-05-27 16:55:00+00:00,0.8851,140.243,158.457
2026-05-27 17:00:00+00:00,1.1541,484.369,419.684
2026-05-27 17:05:00+00:00,0.4347,219.664,505.33
2026-05-27 17:10:00+00:00,0.5308,448.731,845.444
2026-05-27 17:15:00+00:00,0.9832,371.949,378.301
2026-05-27 17:20:00+00:00,2.1517,229.096,106.473
2026-05-27 17:25:00+00:00,0.7432,169.303,227.812
2026-05-27 17:30:00+00:00,0.6865,134.568,196.022
2026-05-27 17:35:00+00:00,0.7221,174.615,241.823
2026-05-27 17:40:00+00:00,1.0582,320.694,303.061
2026-05-27 17:45:00+00:00,1.7262,293.29,169.905
2026-05-27 17:50:00+00:00,0.521,73.598,141.253
2026-05-27 17:55:00+00:00,0.7453,912.79,1224.747
2026-05-27 18:00:00+00:00,0.86,351.589,408.834
2026-05-27 18:05:00+00:00,0.7591,178.93,235.701
2026-05-27 18:10:00+00:00,0.5799,296.491,511.238
2026-05-27 18:15:00+00:00,1.1655,264.907,227.3
2026-05-27 18:20:00+00:00,0.8571,169.005,197.188
2026-05-27 18:25:00+00:00,0.8934,154.598,173.041
2026-05-27 18:30:00+00:00,0.917,88.732,96.759
2026-05-27 18:35:00+00:00,1.2675,100.094,78.968
2026-05-27 18:40:00+00:00,2.1145,183.332,86.702
2026-05-27 18:45:00+00:00,2.3945,191.811,80.104
2026-05-27 18:50:00+00:00,0.7957,201.504,253.257
2026-05-27 18:55:00+00:00,1.4418,96.059,66.623
2026-05-27 19:00:00+00:00,1.3739,179.487,130.644
2026-05-27 19:05:00+00:00,1.0691,131.234,122.752
2026-05-27 19:10:00+00:00,0.5227,122.066,233.552
2026-05-27 19:15:00+00:00,0.4619,63.468,137.398
2026-05-27 19:20:00+00:00,0.8372,148.119,176.92
2026-05-27 19:25:00+00:00,0.8461,66.481,78.573
2026-05-27 19:30:00+00:00,1.2519,292.884,233.956
2026-05-27 19:35:00+00:00,1.0984,177.824,161.893
2026-05-27 19:40:00+00:00,0.5657,110.487,195.325
2026-05-27 19:45:00+00:00,0.5509,80.604,146.307
2026-05-27 19:50:00+00:00,0.3493,88.74,254.053
2026-05-27 19:55:00+00:00,1.4728,158.552,107.655
2026-05-27 20:00:00+00:00,1.2275,345.731,281.65
2026-05-27 20:05:00+00:00,1.5119,314.232,207.84
2026-05-27 20:10:00+00:00,1.7625,160.39,91.003
2026-05-27 20:15:00+00:00,1.741,352.769,202.626
2026-05-27 20:20:00+00:00,0.5011,193.004,385.173
2026-05-27 20:25:00+00:00,0.4671,59.35,127.047
2026-05-27 20:30:00+00:00,0.3666,51.745,141.164
2026-05-27 20:35:00+00:00,1.2943,58.422,45.139
2026-05-27 20:40:00+00:00,1.4832,55.159,37.189
2026-05-27 20:45:00+00:00,0.9371,47.354,50.532
2026-05-27 20:50:00+00:00,0.4914,42.324,86.13
2026-05-27 20:55:00+00:00,0.9082,66.174,72.866
2026-05-27 21:00:00+00:00,0.7726,92.432,119.639
2026-05-27 21:05:00+00:00,0.5152,63.643,123.525
2026-05-27 21:10:00+00:00,0.6233,72.149,115.758
2026-05-27 21:15:00+00:00,0.4071,41.696,102.414
2026-05-27 21:20:00+00:00,0.8791,33.81,38.458
2026-05-27 21:25:00+00:00,0.3069,54.799,178.566
2026-05-27 21:30:00+00:00,0.3558,112.698,316.725
2026-05-27 21:35:00+00:00,0.8561,176.439,206.091
2026-05-27 21:40:00+00:00,0.4368,921.292,2108.947
2026-05-27 21:45:00+00:00,0.5467,750.57,1372.964
2026-05-27 21:50:00+00:00,0.5028,526.347,1046.76
2026-05-27 21:55:00+00:00,0.872,737.263,845.488
2026-05-27 22:00:00+00:00,1.0254,961.431,937.615
2026-05-27 22:05:00+00:00,1.2229,391.14,319.838
2026-05-27 22:10:00+00:00,0.3489,480.675,1377.762
2026-05-27 22:15:00+00:00,1.2508,1093.926,874.612
2026-05-27 22:20:00+00:00,1.7456,274.003,156.968
2026-05-27 22:25:00+00:00,1.699,231.651,136.348
2026-05-27 22:30:00+00:00,0.9535,169.453,177.708
2026-05-27 22:35:00+00:00,1.371,95.197,69.434
2026-05-27 22:40:00+00:00,1.5688,174.975,111.534
2026-05-27 22:45:00+00:00,0.5336,122.794,230.121
2026-05-27 22:50:00+00:00,0.7533,87.523,116.183
2026-05-27 22:55:00+00:00,0.5188,128.429,247.569
2026-05-27 23:00:00+00:00,1.7216,296.859,172.434
2026-05-27 23:05:00+00:00,1.4403,161.811,112.344
2026-05-27 23:10:00+00:00,0.9975,112.76,113.037
2026-05-27 23:15:00+00:00,2.091,291.888,139.595
2026-05-27 23:20:00+00:00,0.3059,126.859,414.647
2026-05-27 23:25:00+00:00,0.5058,320.643,633.897
2026-05-27 23:30:00+00:00,2.5379,339.942,133.944
2026-05-27 23:35:00+00:00,1.3965,212.169,151.933
2026-05-27 23:40:00+00:00,1.5959,246.022,154.161
2026-05-27 23:45:00+00:00,1.6534,246.534,149.104
2026-05-27 23:50:00+00:00,0.7586,290.605,383.095
2026-05-27 23:55:00+00:00,3.0729,284.047,92.437
2026-05-28 00:00:00+00:00,1.2543,341.418,272.203
2026-05-28 00:05:00+00:00,1.4466,173.82,120.158
2026-05-28 00:10:00+00:00,1.2403,170.718,137.639
2026-05-28 00:15:00+00:00,0.8105,150.779,186.031
2026-05-28 00:20:00+00:00,0.9371,113.773,121.409
2026-05-28 00:25:00+00:00,1.0322,160.341,155.338
2026-05-28 00:30:00+00:00,1.3928,105.435,75.701
2026-05-28 00:35:00+00:00,1.2348,102.672,83.148
2026-05-28 00:40:00+00:00,2.0995,84.347,40.174
2026-05-28 00:45:00+00:00,0.518,55.637,107.411
2026-05-28 00:50:00+00:00,1.5994,122.822,76.794
2026-05-28 00:55:00+00:00,1.2176,97.802,80.325
2026-05-28 01:00:00+00:00,1.1936,98.001,82.108
2026-05-28 01:05:00+00:00,1.0468,78.65,75.137
2026-05-28 01:10:00+00:00,1.2426,84.567,68.057
2026-05-28 01:15:00+00:00,0.3929,532.078,1354.171
2026-05-28 01:20:00+00:00,1.1284,375.916,333.141
2026-05-28 01:25:00+00:00,0.641,291.045,454.075
2026-05-28 01:30:00+00:00,1.8472,408.611,221.209
2026-05-28 01:35:00+00:00,0.7532,94.453,125.408
2026-05-28 01:40:00+00:00,0.67,210.608,314.326
2026-05-28 01:45:00+00:00,1.2301,123.838,100.67
2026-05-28 01:50:00+00:00,0.6132,64.251,104.783
2026-05-28 01:55:00+00:00,0.8987,61.661,68.613
2026-05-28 02:00:00+00:00,0.6775,122.279,180.482
2026-05-28 02:05:00+00:00,1.3414,144.337,107.601
2026-05-28 02:10:00+00:00,0.957,88.444,92.42
2026-05-28 02:15:00+00:00,0.6963,98.477,141.421
2026-05-28 02:20:00+00:00,0.6541,201.96,308.758
2026-05-28 02:25:00+00:00,1.7593,140.283,79.738
2026-05-28 02:30:00+00:00,0.9238,158.634,171.714
2026-05-28 02:35:00+00:00,0.9327,278.404,298.506
2026-05-28 02:40:00+00:00,1.374,154.712,112.598
2026-05-28 02:45:00+00:00,2.0541,244.69,119.12
2026-05-28 02:50:00+00:00,0.9714,107.807,110.977
2026-05-28 02:55:00+00:00,1.348,106.757,79.195
2026-05-28 03:00:00+00:00,1.0427,120.14,115.22
2026-05-28 03:05:00+00:00,1.3263,153.499,115.734
2026-05-28 03:10:00+00:00,0.6249,156.616,250.622
2026-05-28 03:15:00+00:00,0.3983,2625.48,6592.339
2026-05-28 03:20:00+00:00,1.7192,1259.6,732.646
2026-05-28 03:25:00+00:00,0.834,493.325,591.535
2026-05-28 03:30:00+00:00,0.7155,767.431,1072.512
2026-05-28 03:35:00+00:00,0.7626,1941.622,2545.941
2026-05-28 03:40:00+00:00,1.1349,1523.188,1342.19
2026-05-28 03:45:00+00:00,0.6814,551.507,809.368
2026-05-28 03:50:00+00:00,0.7295,1734.733,2378.115
2026-05-28 03:55:00+00:00,1.164,1708.873,1468.073
2026-05-28 04:00:00+00:00,0.6045,2449.911,4052.961
2026-05-28 04:05:00+00:00,1.1353,900.427,793.151
2026-05-28 04:10:00+00:00,0.8423,294.171,349.245
2026-05-28 04:15:00+00:00,1.077,395.133,366.872
2026-05-28 04:20:00+00:00,1.3288,700.789,527.383
2026-05-28 04:25:00+00:00,1.0009,604.241,603.701
2026-05-28 04:30:00+00:00,1.9534,643.477,329.411
2026-05-28 04:35:00+00:00,1.1696,429.58,367.283
2026-05-28 04:40:00+00:00,1.228,301.109,245.207
2026-05-28 04:45:00+00:00,1.1169,186.548,167.019
2026-05-28 04:50:00+00:00,0.8344,134.999,161.789
2026-05-28 04:55:00+00:00,2.29,267.826,116.956
2026-05-28 05:00:00+00:00,0.4582,151.135,329.859
2026-05-28 05:05:00+00:00,0.7452,213.456,286.436
2026-05-28 05:10:00+00:00,0.8428,131.466,155.994
2026-05-28 05:15:00+00:00,0.7242,197.453,272.662
2026-05-28 05:20:00+00:00,1.1702,219.616,187.678
2026-05-28 05:25:00+00:00,0.6711,129.081,192.354
2026-05-28 05:30:00+00:00,1.0142,393.741,388.217
2026-05-28 05:35:00+00:00,1.0421,273.249,262.199
2026-05-28 05:40:00+00:00,1.4279,190.857,133.667
2026-05-28 05:45:00+00:00,2.1802,542.09,248.641
2026-05-28 05:50:00+00:00,1.3838,161.495,116.7
2026-05-28 05:55:00+00:00,1.6602,129.476,77.99
2026-05-28 06:00:00+00:00,0.9996,116.071,116.119
2026-05-28 06:05:00+00:00,0.8686,111.785,128.695
2026-05-28 06:10:00+00:00,1.5605,206.661,132.43
2026-05-28 06:15:00+00:00,0.9033,224.082,248.062
2026-05-28 06:20:00+00:00,1.1081,196.533,177.358
2026-05-28 06:25:00+00:00,1.1862,276.81,233.35
2026-05-28 06:30:00+00:00,0.5097,167.896,329.378
2026-05-28 06:35:00+00:00,0.921,297.07,322.563
2026-05-28 06:40:00+00:00,1.8655,299.291,160.435
2026-05-28 06:45:00+00:00,1.5042,1716.918,1141.398
2026-05-28 06:50:00+00:00,0.7463,223.719,299.763
2026-05-28 06:55:00+00:00,1.3861,317.377,228.977
2026-05-28 07:00:00+00:00,1.1781,437.025,370.963
2026-05-28 07:05:00+00:00,1.4261,217.02,152.173
2026-05-28 07:10:00+00:00,1.8644,270.287,144.97
2026-05-28 07:15:00+00:00,2.4354,400.035,164.261
2026-05-28 07:20:00+00:00,2.0726,400.31,193.14
2026-05-28 07:25:00+00:00,0.778,160.631,206.467
2026-05-28 07:30:00+00:00,1.762,279.057,158.372
2026-05-28 07:35:00+00:00,2.0557,555.365,270.154
2026-05-28 07:40:00+00:00,1.7082,319.585,187.087
2026-05-28 07:45:00+00:00,0.4531,117.756,259.897
2026-05-28 07:50:00+00:00,1.0666,203.469,190.761
2026-05-28 07:55:00+00:00,1.8652,295.115,158.218
2026-05-28 08:00:00+00:00,0.7563,224.095,296.29
2026-05-28 08:05:00+00:00,1.2214,110.499,90.466
2026-05-28 08:10:00+00:00,1.3029,104.512,80.216
2026-05-28 08:15:00+00:00,0.5921,50.055,84.54
2026-05-28 08:20:00+00:00,0.4873,140.537,288.379
2026-05-28 08:25:00+00:00,0.6423,124.973,194.563
2026-05-28 08:30:00+00:00,0.6218,174.047,279.918
2026-05-28 08:35:00+00:00,0.6823,138.486,202.978
2026-05-28 08:40:00+00:00,1.2252,105.398,86.023
2026-05-28 08:45:00+00:00,2.0267,382.946,188.955
2026-05-28 08:50:00+00:00,1.0863,77.157,71.03
2026-05-28 08:55:00+00:00,1.4197,118.768,83.656
2026-05-28 09:00:00+00:00,1.5372,157.609,102.532
2026-05-28 09:05:00+00:00,0.8417,77.669,92.28
2026-05-28 09:10:00+00:00,0.6372,92.29,144.845
2026-05-28 09:15:00+00:00,1.4169,49.323,34.811
2026-05-28 09:20:00+00:00,0.9347,100.054,107.042
2026-05-28 09:25:00+00:00,0.8698,50.25,57.774
2026-05-28 09:30:00+00:00,0.7761,81.201,104.633
2026-05-28 09:35:00+00:00,1.8978,387.528,204.195
2026-05-28 09:40:00+00:00,0.72,85.207,118.34
2026-05-28 09:45:00+00:00,1.5973,314.184,196.698
2026-05-28 09:50:00+00:00,1.0205,150.631,147.601
2026-05-28 09:55:00+00:00,0.8141,143.407,176.152
2026-05-28 10:00:00+00:00,0.7088,120.463,169.961
2026-05-28 10:05:00+00:00,1.3579,153.207,112.823
2026-05-28 10:10:00+00:00,0.8175,249.544,305.269
2026-05-28 10:15:00+00:00,0.3727,158.368,424.949
2026-05-28 10:20:00+00:00,0.4531,138.757,306.228
2026-05-28 10:25:00+00:00,1.45,162.783,112.261
2026-05-28 10:30:00+00:00,0.8263,101.898,123.318
2026-05-28 10:35:00+00:00,1.5675,100.917,64.381
2026-05-28 10:40:00+00:00,0.8641,94.741,109.636
2026-05-28 10:45:00+00:00,0.6223,167.822,269.687
2026-05-28 10:50:00+00:00,0.5889,222.93,378.538
2026-05-28 10:55:00+00:00,0.7278,90.37,124.165
2026-05-28 11:00:00+00:00,0.6769,154.065,227.603
2026-05-28 11:05:00+00:00,0.5135,126.728,246.804
2026-05-28 11:10:00+00:00,0.8797,103.119,117.219
2026-05-28 11:15:00+00:00,1.0457,99.689,95.328
2026-05-28 11:20:00+00:00,1.0334,61.974,59.971
2026-05-28 11:25:00+00:00,0.8507,116.914,137.428
2026-05-28 11:30:00+00:00,1.0595,153.681,145.046
2026-05-28 11:35:00+00:00,0.7273,57.606,79.209
2026-05-28 11:40:00+00:00,2.5233,111.33,44.121
2026-05-28 11:45:00+00:00,1.118,96.669,86.469
2026-05-28 11:50:00+00:00,1.6125,198.228,122.935
2026-05-28 11:55:00+00:00,0.8638,52.496,60.776
2026-05-28 12:00:00+00:00,0.501,108.483,216.545
2026-05-28 12:05:00+00:00,0.5351,92.852,173.52
2026-05-28 12:10:00+00:00,0.2533,62.098,245.167
2026-05-28 12:15:00+00:00,0.7672,94.007,122.538
2026-05-28 12:20:00+00:00,0.5394,183.95,341.022
2026-05-28 12:25:00+00:00,1.9735,241.566,122.405
2026-05-28 12:30:00+00:00,1.9934,398.992,200.158
2026-05-28 12:35:00+00:00,1.118,231.257,206.846
2026-05-28 12:40:00+00:00,0.8476,120.114,141.711
2026-05-28 12:45:00+00:00,1.5605,214.051,137.172
2026-05-28 12:50:00+00:00,0.9224,140.062,151.841
2026-05-28 12:55:00+00:00,0.6186,67.19,108.624
2026-05-28 13:00:00+00:00,0.7907,158.549,200.525
2026-05-28 13:05:00+00:00,0.5982,103.88,173.666
2026-05-28 13:10:00+00:00,0.6846,84.609,123.587
2026-05-28 13:15:00+00:00,0.7856,402.648,512.538
2026-05-28 13:20:00+00:00,0.652,280.75,430.603
2026-05-28 13:25:00+00:00,0.8072,1211.214,1500.432
2026-05-28 13:30:00+00:00,0.7511,723.021,962.575
2026-05-28 13:35:00+00:00,0.7054,562.135,796.869
2026-05-28 13:40:00+00:00,1.2168,905.671,744.303
2026-05-28 13:45:00+00:00,2.1978,761.418,346.439
2026-05-28 13:50:00+00:00,1.4053,1173.01,834.69
2026-05-28 13:55:00+00:00,1.0187,258.581,253.837
2026-05-28 14:00:00+00:00,1.0636,596.586,560.924
2026-05-28 14:05:00+00:00,0.7123,1412.352,1982.874
2026-05-28 14:10:00+00:00,3.0137,5786.146,1919.922
2026-05-28 14:15:00+00:00,1.2055,2449.188,2031.75
2026-05-28 14:20:00+00:00,0.523,933.244,1784.313
2026-05-28 14:25:00+00:00,0.9561,704.029,736.337
2026-05-28 14:30:00+00:00,1.3384,857.271,640.5
2026-05-28 14:35:00+00:00,0.4283,258.357,603.274
2026-05-28 14:40:00+00:00,0.8233,659.044,800.496
2026-05-28 14:45:00+00:00,0.6738,421.389,625.421
2026-05-28 14:50:00+00:00,2.3328,537.41,230.369
2026-05-28 14:55:00+00:00,1.6092,415.944,258.474
2026-05-28 15:00:00+00:00,1.3024,344.697,264.673
2026-05-28 15:05:00+00:00,1.3425,453.113,337.524
2026-05-28 15:10:00+00:00,0.5944,208.395,350.621
2026-05-28 15:15:00+00:00,0.5097,332.075,651.511
2026-05-28 15:20:00+00:00,0.8946,456.396,510.19
2026-05-28 15:25:00+00:00,1.9785,224.158,113.299
2026-05-28 15:30:00+00:00,0.4534,139.82,308.368
2026-05-28 15:35:00+00:00,1.5369,131.594,85.625
2026-05-28 15:40:00+00:00,0.9181,171.485,186.79
2026-05-28 15:45:00+00:00,1.1392,244.139,214.316
2026-05-28 15:50:00+00:00,1.0438,121.252,116.169
2026-05-28 15:55:00+00:00,0.9715,130.429,134.249
2026-05-28 16:00:00+00:00,0.8292,208.038,250.879
2026-05-28 16:05:00+00:00,1.0115,338.519,334.681
2026-05-28 16:10:00+00:00,1.8048,770.22,426.764
2026-05-28 16:15:00+00:00,0.9655,217.797,225.57
2026-05-28 16:20:00+00:00,1.3238,438.434,331.204
2026-05-28 16:25:00+00:00,0.8195,205.875,251.226
2026-05-28 16:30:00+00:00,1.3938,140.64,100.906
2026-05-28 16:35:00+00:00,0.8071,167.843,207.953
2026-05-28 16:40:00+00:00,0.8846,401.624,454.026
2026-05-28 16:45:00+00:00,1.1504,536.533,466.396
2026-05-28 16:50:00+00:00,1.1699,330.196,282.241
2026-05-28 16:55:00+00:00,1.2399,320.983,258.87
2026-05-28 17:00:00+00:00,1.2018,427.608,355.808
2026-05-28 17:05:00+00:00,1.1541,387.976,336.16
2026-05-28 17:10:00+00:00,0.7335,178.417,243.233
2026-05-28 17:15:00+00:00,0.9857,295.058,299.334
2026-05-28 17:20:00+00:00,1.0522,149.313,141.906
2026-05-28 17:25:00+00:00,0.8227,226.015,274.721
2026-05-28 17:30:00+00:00,1.027,151.413,147.434
2026-05-28 17:35:00+00:00,1.6222,284.909,175.633
2026-05-28 17:40:00+00:00,1.1584,205.403,177.311
2026-05-28 17:45:00+00:00,2.008,1409.287,701.836
2026-05-28 17:50:00+00:00,0.3328,105.364,316.592
2026-05-28 17:55:00+00:00,0.9547,144.14,150.972
2026-05-28 18:00:00+00:00,0.9119,251.669,275.981
2026-05-28 18:05:00+00:00,1.2744,281.055,220.536
2026-05-28 18:10:00+00:00,0.5964,123.319,206.78
2026-05-28 18:15:00+00:00,0.8062,169.276,209.966
2026-05-28 18:20:00+00:00,0.3484,92.611,265.835
2026-05-28 18:25:00+00:00,0.5594,76.199,136.212
2026-05-28 18:35:00+00:00,0.9551,102.353,107.162
2026-05-28 18:40:00+00:00,1.1713,171.423,146.347
2026-05-28 18:45:00+00:00,1.6468,131.74,79.996
2026-05-28 18:50:00+00:00,0.789,70.623,89.511
2026-05-28 18:55:00+00:00,0.9143,104.242,114.009
2026-05-28 19:00:00+00:00,0.7456,164.274,220.313
2026-05-28 19:05:00+00:00,0.687,84.976,123.688
2026-05-28 19:10:00+00:00,0.5487,88.127,160.614
2026-05-28 19:15:00+00:00,0.8465,122.233,144.401
2026-05-28 19:20:00+00:00,0.6486,77.135,118.934
2026-05-28 19:25:00+00:00,1.417,114.251,80.626
2026-05-28 19:30:00+00:00,0.7907,80.365,101.64
2026-05-28 19:35:00+00:00,0.4852,89.97,185.445
2026-05-28 19:40:00+00:00,0.9208,106.064,115.183
2026-05-28 19:45:00+00:00,0.9841,76.55,77.784
2026-05-28 19:50:00+00:00,0.5586,345.552,618.598
2026-05-28 19:55:00+00:00,0.6301,205.236,325.74
2026-05-28 20:00:00+00:00,0.7247,221.219,305.244
2026-05-28 20:05:00+00:00,0.7187,250.297,348.274
2026-05-28 20:10:00+00:00,1.6849,436.832,259.261
2026-05-28 20:15:00+00:00,1.8312,250.218,136.639
2026-05-28 20:20:00+00:00,0.8283,164.613,198.739
2026-05-28 20:25:00+00:00,1.2882,114.413,88.815
2026-05-28 20:30:00+00:00,0.7989,111.579,139.674
2026-05-28 20:35:00+00:00,2.0515,162.269,79.099
2026-05-28 20:40:00+00:00,1.2963,157.278,121.327
2026-05-28 20:45:00+00:00,0.6388,104.382,163.393
2026-05-28 20:50:00+00:00,0.7579,69.341,91.486
2026-05-28 20:55:00+00:00,0.2481,98.808,398.299
2026-05-28 21:00:00+00:00,1.1591,116.164,100.217
2026-05-28 21:05:00+00:00,2.1917,112.832,51.481
2026-05-28 21:10:00+00:00,2.7322,196.078,71.765
2026-05-28 21:15:00+00:00,1.0495,118.003,112.436
2026-05-28 21:20:00+00:00,4.0959,178.306,43.533
2026-05-28 21:25:00+00:00,0.9034,105.886,117.212
2026-05-28 21:30:00+00:00,1.9289,97.867,50.738
2026-05-28 21:35:00+00:00,2.1594,276.161,127.887
2026-05-28 21:40:00+00:00,3.6355,918.432,252.626
2026-05-28 21:45:00+00:00,0.5898,114.073,193.411
2026-05-28 21:50:00+00:00,0.8701,105.872,121.677
2026-05-28 21:55:00+00:00,0.9006,80.833,89.759
2026-05-28 22:00:00+00:00,1.2907,479.583,371.568
2026-05-28 22:05:00+00:00,0.8543,129.304,151.36
2026-05-28 22:10:00+00:00,1.1379,118.584,104.217
2026-05-28 22:15:00+00:00,1.2642,111.562,88.245
2026-05-28 22:20:00+00:00,0.6549,113.267,172.948
2026-05-28 22:25:00+00:00,0.4932,79.991,162.174
2026-05-28 22:30:00+00:00,0.5778,103.726,179.51
2026-05-28 22:35:00+00:00,0.8885,147.278,165.759
2026-05-28 22:40:00+00:00,0.7057,148.576,210.551
2026-05-28 22:45:00+00:00,2.4102,147.241,61.092
2026-05-28 22:50:00+00:00,0.74,77.912,105.28
2026-05-28 22:55:00+00:00,1.0375,128.541,123.891
2026-05-28 23:00:00+00:00,1.96,210.039,107.164
2026-05-28 23:05:00+00:00,1.2064,73.975,61.318
2026-05-28 23:10:00+00:00,1.7522,78.841,44.996
2026-05-28 23:15:00+00:00,1.2223,52.497,42.949
2026-05-28 23:20:00+00:00,0.8047,32.725,40.667
2026-05-28 23:25:00+00:00,2.2258,183.013,82.222
2026-05-28 23:30:00+00:00,0.8939,59.724,66.812
2026-05-28 23:35:00+00:00,0.4931,43.955,89.134
2026-05-28 23:40:00+00:00,0.8926,77.818,87.178
2026-05-28 23:45:00+00:00,0.4187,31.439,75.081
2026-05-28 23:50:00+00:00,1.2774,55.384,43.356
2026-05-28 23:55:00+00:00,1.091,91.904,84.242
2026-05-29 00:00:00+00:00,1.4866,218.627,147.07
2026-05-29 00:05:00+00:00,0.9669,81.873,84.678
2026-05-29 00:10:00+00:00,1.653,313.434,189.616
2026-05-29 00:15:00+00:00,1.0096,208.41,206.436
2026-05-29 00:20:00+00:00,0.7415,105.134,141.793
2026-05-29 00:25:00+00:00,0.6608,61.957,93.759
2026-05-29 00:30:00+00:00,0.5021,47.889,95.376
2026-05-29 00:35:00+00:00,1.5375,82.34,53.554
2026-05-29 00:40:00+00:00,2.6155,149.001,56.969
2026-05-29 00:45:00+00:00,0.1767,47.274,267.591
2026-05-29 00:50:00+00:00,0.5521,46.888,84.932
2026-05-29 00:55:00+00:00,0.5501,54.896,99.796
2026-05-29 01:00:00+00:00,2.5129,111.318,44.299
2026-05-29 01:05:00+00:00,2.4329,225.651,92.75
2026-05-29 01:10:00+00:00,1.2918,106.01,82.062
2026-05-29 01:15:00+00:00,0.4594,97.267,211.749
2026-05-29 01:20:00+00:00,0.5085,100.52,197.669
2026-05-29 01:25:00+00:00,1.0887,115.921,106.474
2026-05-29 01:30:00+00:00,1.2939,203.592,157.349
2026-05-29 01:35:00+00:00,0.5859,106.398,181.599
2026-05-29 01:40:00+00:00,0.8197,70.492,85.998
2026-05-29 01:45:00+00:00,0.5188,81.525,157.14
2026-05-29 01:50:00+00:00,2.6012,171.904,66.086
2026-05-29 01:55:00+00:00,1.0922,153.669,140.701
2026-05-29 02:00:00+00:00,0.7384,83.789,113.477
2026-05-29 02:05:00+00:00,1.5648,111.327,71.143
2026-05-29 02:10:00+00:00,0.5085,34.144,67.151
2026-05-29 02:15:00+00:00,0.7471,52.423,70.165
2026-05-29 02:20:00+00:00,0.4619,66.188,143.286
2026-05-29 02:25:00+00:00,0.4782,184.57,385.987
2026-05-29 02:30:00+00:00,0.8681,165.973,191.195
2026-05-29 02:35:00+00:00,0.5717,41.242,72.139
2026-05-29 02:40:00+00:00,0.2072,78.256,377.666
2026-05-29 02:45:00+00:00,1.0762,76.303,70.902
2026-05-29 02:50:00+00:00,0.3285,95.295,290.129
2026-05-29 02:55:00+00:00,0.6685,273.491,409.141
2026-05-29 03:00:00+00:00,1.7077,275.564,161.364
2026-05-29 03:05:00+00:00,2.9617,228.22,77.057
2026-05-29 03:10:00+00:00,1.2943,78.372,60.553
2026-05-29 03:15:00+00:00,0.8194,93.878,114.568
2026-05-29 03:20:00+00:00,0.5138,24.348,47.384
2026-05-29 03:25:00+00:00,0.5497,15.921,28.963
2026-05-29 03:30:00+00:00,1.0946,114.265,104.39
2026-05-29 03:35:00+00:00,0.4666,89.919,192.7
2026-05-29 03:40:00+00:00,2.0767,76.766,36.966
2026-05-29 03:45:00+00:00,0.3433,22.702,66.131
2026-05-29 03:50:00+00:00,0.4718,51.973,110.169
2026-05-29 03:55:00+00:00,0.481,65.034,135.217
2026-05-29 04:00:00+00:00,1.1283,105.781,93.75
2026-05-29 04:05:00+00:00,0.6971,152.009,218.057
2026-05-29 04:10:00+00:00,0.7976,225.008,282.096
2026-05-29 04:15:00+00:00,1.8106,118.568,65.484
2026-05-29 04:20:00+00:00,1.2476,80.277,64.343
2026-05-29 04:25:00+00:00,1.3626,60.547,44.435
2026-05-29 04:30:00+00:00,1.1759,184.396,156.806
2026-05-29 04:35:00+00:00,2.0903,83.053,39.733
2026-05-29 04:40:00+00:00,1.1824,43.844,37.079
2026-05-29 04:45:00+00:00,1.9424,87.4,44.996
2026-05-29 04:50:00+00:00,2.1505,84.894,39.476
2026-05-29 04:55:00+00:00,2.5281,264.841,104.76
2026-05-29 05:00:00+00:00,1.62,198.94,122.8
2026-05-29 05:05:00+00:00,1.9308,158.733,82.209
2026-05-29 05:10:00+00:00,1.1832,170.682,144.249
2026-05-29 05:15:00+00:00,1.1276,85.353,75.695
2026-05-29 05:20:00+00:00,0.6562,60.2,91.737
2026-05-29 05:25:00+00:00,0.7009,36.319,51.819
2026-05-29 05:30:00+00:00,0.4496,47.996,106.757
2026-05-29 05:35:00+00:00,0.5657,63.143,111.619
2026-05-29 05:40:00+00:00,0.7482,33.876,45.279
2026-05-29 05:45:00+00:00,4.2798,371.187,86.729
2026-05-29 05:50:00+00:00,1.5025,111.288,74.071
2026-05-29 05:55:00+00:00,1.7701,162.36,91.726
2026-05-29 06:00:00+00:00,0.9179,106.512,116.041
2026-05-29 06:05:00+00:00,0.653,135.075,206.838
2026-05-29 06:10:00+00:00,0.7302,77.507,106.141
2026-05-29 06:15:00+00:00,5.0861,521.487,102.531
2026-05-29 06:20:00+00:00,1.5962,555.746,348.174
2026-05-29 06:25:00+00:00,0.6122,213.378,348.53
2026-05-29 06:30:00+00:00,0.5652,103.545,183.195
2026-05-29 06:35:00+00:00,0.6152,58.396,94.924
2026-05-29 06:40:00+00:00,0.8273,43.059,52.05
2026-05-29 06:45:00+00:00,1.0557,50.831,48.147
2026-05-29 06:50:00+00:00,1.4836,124.788,84.112
2026-05-29 06:55:00+00:00,0.8881,51.44,57.921
2026-05-29 07:00:00+00:00,1.1638,103.103,88.589
2026-05-29 07:05:00+00:00,0.5873,66.602,113.404
2026-05-29 07:10:00+00:00,2.1257,151.59,71.314
2026-05-29 07:15:00+00:00,0.8915,115.658,129.737
2026-05-29 07:20:00+00:00,0.5571,47.339,84.98
2026-05-29 07:25:00+00:00,0.6979,114.882,164.62
2026-05-29 07:30:00+00:00,0.5542,465.955,840.781
2026-05-29 07:35:00+00:00,0.8192,343.398,419.169
2026-05-29 07:40:00+00:00,1.024,415.251,405.525
2026-05-29 07:45:00+00:00,0.9083,376.003,413.96
2026-05-29 07:50:00+00:00,0.9665,308.667,319.368
2026-05-29 07:55:00+00:00,1.3472,582.356,432.262
2026-05-29 08:00:00+00:00,1.5799,415.463,262.968
2026-05-29 08:05:00+00:00,0.7666,112.89,147.269
2026-05-29 08:10:00+00:00,0.7844,136.095,173.506
2026-05-29 08:15:00+00:00,1.1119,102.38,92.073
2026-05-29 08:20:00+00:00,1.3757,226.268,164.479
2026-05-29 08:25:00+00:00,0.9457,181.101,191.507
2026-05-29 08:30:00+00:00,0.9549,182.23,190.839
2026-05-29 08:35:00+00:00,1.0112,151.853,150.177
2026-05-29 08:40:00+00:00,0.8461,95.068,112.364
2026-05-29 08:45:00+00:00,0.5962,70.619,118.443
2026-05-29 08:50:00+00:00,0.6314,111.18,176.078
2026-05-29 08:55:00+00:00,0.4694,49.18,104.768
2026-05-29 09:00:00+00:00,0.9472,81.664,86.215
2026-05-29 09:05:00+00:00,1.1901,80.79,67.887
2026-05-29 09:10:00+00:00,3.1294,488.827,156.206
2026-05-29 09:15:00+00:00,1.2005,154.142,128.401
2026-05-29 09:20:00+00:00,0.6814,119.769,175.757
2026-05-29 09:25:00+00:00,0.9821,185.553,188.935
2026-05-29 09:30:00+00:00,0.8694,148.428,170.722
2026-05-29 09:35:00+00:00,0.851,74.994,88.124
2026-05-29 09:40:00+00:00,0.9707,121.999,125.679
2026-05-29 09:45:00+00:00,1.0347,189.845,183.487
2026-05-29 09:50:00+00:00,0.8191,95.232,116.265
2026-05-29 09:55:00+00:00,0.7913,62.465,78.944
2026-05-29 10:00:00+00:00,0.3326,63.498,190.914
2026-05-29 10:05:00+00:00,1.0614,70.872,66.773
2026-05-29 10:10:00+00:00,1.3452,59.559,44.275
2026-05-29 10:15:00+00:00,0.7234,59.68,82.502
2026-05-29 10:20:00+00:00,0.7296,89.72,122.971
2026-05-29 10:25:00+00:00,0.3756,57.903,154.175
2026-05-29 10:30:00+00:00,1.2077,105.256,87.153
2026-05-29 10:35:00+00:00,2.9246,175.142,59.885
2026-05-29 10:40:00+00:00,1.1012,77.063,69.978
2026-05-29 10:45:00+00:00,1.4656,64.252,43.841
2026-05-29 10:50:00+00:00,0.9347,40.967,43.83
2026-05-29 10:55:00+00:00,1.7725,116.18,65.544
2026-05-29 11:00:00+00:00,0.9173,57.363,62.538
2026-05-29 11:05:00+00:00,0.6085,53.077,87.219
2026-05-29 11:10:00+00:00,1.0226,63.336,61.938
2026-05-29 11:15:00+00:00,1.8825,41.043,21.802
2026-05-29 11:20:00+00:00,1.27,61.079,48.092
2026-05-29 11:25:00+00:00,0.4695,60.103,128.026
2026-05-29 11:30:00+00:00,0.7908,109.044,137.891
2026-05-29 11:35:00+00:00,0.386,67.489,174.824
2026-05-29 11:40:00+00:00,0.8334,97.885,117.447
2026-05-29 11:45:00+00:00,0.5085,58.953,115.944
2026-05-29 11:50:00+00:00,0.5952,295.057,495.7
2026-05-29 11:55:00+00:00,1.5594,147.697,94.714
2026-05-29 12:00:00+00:00,0.4793,80.967,168.915
2026-05-29 12:05:00+00:00,0.9425,142.039,150.707
2026-05-29 12:10:00+00:00,0.5317,141.003,265.197
2026-05-29 12:15:00+00:00,1.3878,224.657,161.882
2026-05-29 12:20:00+00:00,0.7597,150.746,198.433
2026-05-29 12:25:00+00:00,0.746,95.554,128.095
2026-05-29 12:30:00+00:00,0.5939,191.953,323.225
2026-05-29 12:35:00+00:00,0.693,159.094,229.588
2026-05-29 12:40:00+00:00,1.0207,182.661,178.948
2026-05-29 12:45:00+00:00,0.3579,174.211,486.815
2026-05-29 12:50:00+00:00,1.958,361.817,184.793
2026-05-29 12:55:00+00:00,1.5018,172.884,115.117
2026-05-29 13:00:00+00:00,0.5984,164.52,274.952
2026-05-29 13:05:00+00:00,1.4666,466.416,318.032
2026-05-29 13:10:00+00:00,0.641,529.574,826.201
2026-05-29 13:15:00+00:00,0.8381,233.534,278.65
2026-05-29 13:20:00+00:00,0.6375,428.526,672.198
2026-05-29 13:25:00+00:00,1.2023,462.842,384.97
2026-05-29 13:30:00+00:00,0.8651,599.926,693.457
2026-05-29 13:35:00+00:00,1.9566,1031.18,527.019
2026-05-29 13:40:00+00:00,1.208,473.527,391.991
2026-05-29 13:45:00+00:00,0.8013,315.686,393.965
2026-05-29 13:50:00+00:00,0.7968,268.316,336.752
2026-05-29 13:55:00+00:00,0.8503,162.25,190.823
2026-05-29 14:00:00+00:00,0.8693,213.616,245.72
2026-05-29 14:05:00+00:00,0.5578,352.734,632.403
2026-05-29 14:10:00+00:00,1.1831,296.391,250.512
2026-05-29 14:15:00+00:00,0.4899,586.322,1196.905
2026-05-29 14:20:00+00:00,0.6769,587.971,868.603
2026-05-29 14:25:00+00:00,0.684,1578.474,2307.82
2026-05-29 14:30:00+00:00,1.3772,782.472,568.164
2026-05-29 14:35:00+00:00,0.818,355.106,434.132
2026-05-29 14:40:00+00:00,1.0691,537.801,503.045
2026-05-29 14:45:00+00:00,1.0589,396.669,374.611
2026-05-29 14:50:00+00:00,1.2944,1657.989,1280.936
2026-05-29 14:55:00+00:00,2.185,1322.014,605.05
2026-05-29 15:00:00+00:00,1.5413,653.101,423.736
2026-05-29 15:05:00+00:00,1.8739,2769.805,1478.079
2026-05-29 15:10:00+00:00,0.8282,851.499,1028.084
2026-05-29 15:15:00+00:00,0.4719,849.196,1799.514
2026-05-29 15:20:00+00:00,0.2855,285.692,1000.694
2026-05-29 15:25:00+00:00,0.9511,860.649,904.898
2026-05-29 15:30:00+00:00,1.8605,2386.035,1282.467
2026-05-29 15:35:00+00:00,1.1756,1617.576,1375.936
2026-05-29 15:40:00+00:00,0.5649,1521.851,2694.072
2026-05-29 15:45:00+00:00,0.8062,592.09,734.404
2026-05-29 15:50:00+00:00,1.135,436.554,384.636
2026-05-29 15:55:00+00:00,1.5584,289.156,185.546
2026-05-29 16:00:00+00:00,1.2687,424.693,334.751
2026-05-29 16:05:00+00:00,0.9218,310.791,337.144
2026-05-29 16:10:00+00:00,1.2524,456.907,364.836
2026-05-29 16:15:00+00:00,1.1226,600.389,534.841
2026-05-29 16:20:00+00:00,0.8887,386.62,435.042
2026-05-29 16:25:00+00:00,0.8003,371.325,463.966
2026-05-29 16:30:00+00:00,1.7164,983.528,573.002
2026-05-29 16:35:00+00:00,0.7645,375.065,490.622
2026-05-29 16:40:00+00:00,1.0279,258.37,251.353
2026-05-29 16:45:00+00:00,0.4432,155.76,351.465
2026-05-29 16:50:00+00:00,0.7929,512.103,645.835
2026-05-29 16:55:00+00:00,2.9469,773.122,262.351
2026-05-29 17:00:00+00:00,0.6119,298.467,487.796
2026-05-29 17:05:00+00:00,0.8902,211.46,237.535
2026-05-29 17:10:00+00:00,1.6752,1161.159,693.152
2026-05-29 17:15:00+00:00,0.8478,754.692,890.17
2026-05-29 17:20:00+00:00,1.0919,495.173,453.484
2026-05-29 17:25:00+00:00,1.0246,200.421,195.615
2026-05-29 17:30:00+00:00,0.7731,178.697,231.133
2026-05-29 17:35:00+00:00,0.7566,241.117,318.686
2026-05-29 17:40:00+00:00,0.598,139.125,232.66
2026-05-29 17:45:00+00:00,0.6066,249.203,410.788
2026-05-29 17:50:00+00:00,0.6239,255.916,410.196
2026-05-29 17:55:00+00:00,1.0379,246.659,237.66
2026-05-29 18:00:00+00:00,0.9714,209.909,216.084
2026-05-29 18:05:00+00:00,1.5867,169.848,107.047
2026-05-29 18:10:00+00:00,1.7453,116.354,66.668
2026-05-29 18:15:00+00:00,0.4228,324.619,767.808
2026-05-29 18:20:00+00:00,0.4704,232.798,494.899
2026-05-29 18:25:00+00:00,0.46,480.366,1044.192
2026-05-29 18:30:00+00:00,0.9321,219.964,235.975
2026-05-29 18:35:00+00:00,1.4692,173.388,118.018
2026-05-29 18:40:00+00:00,0.7424,71.685,96.555
2026-05-29 18:45:00+00:00,0.7939,558.823,703.92
2026-05-29 18:50:00+00:00,0.5024,1436.588,2859.17
2026-05-29 18:55:00+00:00,0.8679,299.734,345.352
2026-05-29 19:00:00+00:00,2.0974,541.549,258.201
2026-05-29 19:05:00+00:00,1.4179,221.982,156.552
2026-05-29 19:10:00+00:00,0.5731,107.103,186.868
2026-05-29 19:15:00+00:00,0.7459,276.417,370.588
2026-05-29 19:20:00+00:00,1.1156,243.556,218.328
2026-05-29 19:25:00+00:00,1.1472,78.231,68.192
2026-05-29 19:30:00+00:00,1.7835,278.912,156.389
2026-05-29 19:35:00+00:00,1.7214,432.285,251.12
2026-05-29 19:40:00+00:00,1.1035,172.009,155.872
2026-05-29 19:45:00+00:00,1.4142,174.442,123.352
2026-05-29 19:50:00+00:00,1.1849,144.828,122.228
2026-05-29 19:55:00+00:00,0.7472,136.79,183.064
2026-05-29 20:00:00+00:00,1.2248,162.894,133.001
2026-05-29 20:05:00+00:00,1.4091,130.465,92.586
2026-05-29 20:10:00+00:00,2.2445,137.774,61.384
2026-05-29 20:15:00+00:00,1.3719,154.453,112.586
2026-05-29 20:20:00+00:00,1.4941,192.414,128.785
2026-05-29 20:25:00+00:00,0.5074,207.687,409.283
2026-05-29 20:30:00+00:00,1.6082,125.474,78.023
2026-05-29 20:35:00+00:00,0.8326,40.772,48.971
2026-05-29 20:40:00+00:00,1.2409,30.861,24.87
2026-05-29 20:45:00+00:00,2.8917,112.682,38.968
2026-05-29 20:50:00+00:00,0.3395,31.403,92.487
2026-05-29 20:55:00+00:00,1.2014,101.208,84.239
2026-05-29 21:00:00+00:00,0.8124,29.759,36.631
2026-05-29 21:05:00+00:00,2.2195,104.678,47.162
2026-05-29 21:10:00+00:00,3.444,210.882,61.232
2026-05-29 21:15:00+00:00,0.1792,19.791,110.454
2026-05-29 21:20:00+00:00,0.216,168.326,779.223
2026-05-29 21:25:00+00:00,0.4228,59.96,141.8
2026-05-29 21:30:00+00:00,0.9257,167.845,181.321
2026-05-29 21:35:00+00:00,1.1627,61.685,53.054
2026-05-29 21:40:00+00:00,0.8207,30.923,37.679
2026-05-29 21:45:00+00:00,0.6272,55.709,88.818
2026-05-29 21:50:00+00:00,0.6241,79.783,127.837
2026-05-29 21:55:00+00:00,0.8104,136.617,168.582
2026-05-29 22:00:00+00:00,0.6359,152.646,240.05
2026-05-29 22:05:00+00:00,2.4917,273.041,109.58
2026-05-29 22:10:00+00:00,0.8563,81.154,94.774
2026-05-29 22:15:00+00:00,2.5848,131.885,51.023
2026-05-29 22:20:00+00:00,0.3693,85.506,231.538
2026-05-29 22:25:00+00:00,0.662,30.711,46.389
2026-05-29 22:30:00+00:00,1.3026,60.991,46.823
2026-05-29 22:35:00+00:00,1.0391,202.221,194.617
2026-05-29 22:40:00+00:00,4.5397,177.694,39.142
2026-05-29 22:45:00+00:00,0.9873,113.667,115.134
2026-05-29 22:50:00+00:00,0.4247,61.033,143.698
2026-05-29 22:55:00+00:00,1.4335,71.685,50.008
2026-05-29 23:00:00+00:00,0.5962,53.748,90.145
2026-05-29 23:05:00+00:00,1.05,68.24,64.989
2026-05-29 23:10:00+00:00,0.4552,54.554,119.844
2026-05-29 23:15:00+00:00,0.9036,207.724,229.879
2026-05-29 23:20:00+00:00,0.5786,139.983,241.947
2026-05-29 23:25:00+00:00,1.3801,128.435,93.06
2026-05-29 23:30:00+00:00,1.7349,170.0,97.986
2026-05-29 23:35:00+00:00,0.4654,48.416,104.032
2026-05-29 23:40:00+00:00,2.6208,175.353,66.909
2026-05-29 23:45:00+00:00,0.6155,54.405,88.386
2026-05-29 23:50:00+00:00,2.9096,183.467,63.056
2026-05-29 23:55:00+00:00,0.6367,18.336,28.797
2026-05-30 00:00:00+00:00,0.7298,62.061,85.034
2026-05-30 00:05:00+00:00,1.5374,78.52,51.072
2026-05-30 00:10:00+00:00,1.434,63.853,44.529
2026-05-30 00:15:00+00:00,0.8833,141.564,160.275
2026-05-30 00:20:00+00:00,0.8727,86.371,98.967
2026-05-30 00:25:00+00:00,1.199,89.063,74.283
2026-05-30 00:30:00+00:00,0.7831,79.28,101.236
2026-05-30 00:35:00+00:00,1.3535,59.48,43.946
2026-05-30 00:40:00+00:00,1.1295,52.388,46.383
2026-05-30 00:45:00+00:00,1.177,48.131,40.893
2026-05-30 00:50:00+00:00,1.2806,195.44,152.611
2026-05-30 00:55:00+00:00,0.6379,72.624,113.84
2026-05-30 01:00:00+00:00,2.8284,181.606,64.209
2026-05-30 01:05:00+00:00,1.1733,38.323,32.662
2026-05-30 01:10:00+00:00,1.304,97.948,75.115
2026-05-30 01:15:00+00:00,1.9318,82.181,42.542
2026-05-30 01:20:00+00:00,1.1098,138.753,125.02
2026-05-30 01:25:00+00:00,1.2145,128.134,105.505
2026-05-30 01:30:00+00:00,1.0733,128.828,120.028
2026-05-30 01:35:00+00:00,1.112,65.322,58.742
2026-05-30 01:40:00+00:00,0.6249,34.239,54.791
2026-05-30 01:45:00+00:00,1.1079,46.203,41.704
2026-05-30 01:50:00+00:00,0.5581,59.536,106.678
2026-05-30 01:55:00+00:00,1.5617,44.881,28.738
2026-05-30 02:00:00+00:00,2.0124,164.872,81.927
2026-05-30 02:05:00+00:00,0.9302,44.505,47.844
2026-05-30 02:10:00+00:00,0.5058,38.884,76.877
2026-05-30 02:15:00+00:00,0.7543,50.329,66.725
2026-05-30 02:20:00+00:00,0.3264,27.119,83.089
2026-05-30 02:25:00+00:00,0.7851,21.754,27.707
2026-05-30 02:30:00+00:00,1.4804,73.304,49.516
2026-05-30 02:35:00+00:00,1.5763,80.959,51.36
2026-05-30 02:40:00+00:00,0.7811,72.663,93.032
2026-05-30 02:45:00+00:00,1.1354,70.766,62.329
2026-05-30 02:50:00+00:00,3.1016,157.774,50.868
2026-05-30 02:55:00+00:00,1.5908,99.116,62.304
2026-05-30 03:00:00+00:00,1.1791,85.632,72.627
2026-05-30 03:05:00+00:00,0.4557,61.578,135.122
2026-05-30 03:10:00+00:00,0.2819,58.484,207.489
2026-05-30 03:15:00+00:00,0.4239,62.873,148.32
2026-05-30 03:20:00+00:00,0.6518,46.489,71.329
2026-05-30 03:25:00+00:00,0.4356,38.609,88.625
2026-05-30 03:30:00+00:00,0.6324,86.434,136.684
2026-05-30 03:35:00+00:00,0.86,56.817,66.064
2026-05-30 03:40:00+00:00,0.6446,153.279,237.783
2026-05-30 03:45:00+00:00,2.9359,206.838,70.451
2026-05-30 03:50:00+00:00,1.0342,53.763,51.984
2026-05-30 03:55:00+00:00,0.4881,47.574,97.466
2026-05-30 04:00:00+00:00,0.908,115.282,126.96
2026-05-30 04:05:00+00:00,0.4544,201.54,443.488
2026-05-30 04:10:00+00:00,2.875,294.003,102.263
2026-05-30 04:15:00+00:00,1.2815,124.056,96.806
2026-05-30 04:20:00+00:00,1.6327,98.138,60.107
2026-05-30 04:25:00+00:00,0.6844,194.119,283.622
2026-05-30 04:30:00+00:00,0.5976,403.91,675.835
2026-05-30 04:35:00+00:00,1.6539,347.744,210.258
2026-05-30 04:40:00+00:00,1.4358,105.409,73.413
2026-05-30 04:45:00+00:00,2.904,417.907,143.906
2026-05-30 04:50:00+00:00,0.3686,155.207,421.037
2026-05-30 04:55:00+00:00,1.8557,167.063,90.027
2026-05-30 05:00:00+00:00,3.6975,571.061,154.445
2026-05-30 05:05:00+00:00,4.2796,1517.592,354.612
2026-05-30 05:10:00+00:00,0.7091,76.241,107.518
2026-05-30 05:15:00+00:00,0.9601,78.195,81.444
2026-05-30 05:20:00+00:00,1.7072,69.375,40.637
2026-05-30 05:25:00+00:00,1.7537,84.02,47.909
2026-05-30 05:30:00+00:00,2.5475,89.974,35.319
2026-05-30 05:35:00+00:00,0.9761,36.038,36.921
2026-05-30 05:40:00+00:00,1.2653,33.632,26.58
2026-05-30 05:45:00+00:00,1.4979,86.698,57.88
2026-05-30 05:50:00+00:00,0.5305,47.164,88.898
2026-05-30 05:55:00+00:00,0.6505,25.413,39.068
2026-05-30 06:00:00+00:00,1.0519,53.669,51.023
2026-05-30 06:05:00+00:00,0.3312,71.757,216.644
2026-05-30 06:10:00+00:00,1.204,74.423,61.813
2026-05-30 06:15:00+00:00,1.4953,37.92,25.359
2026-05-30 06:20:00+00:00,1.7386,56.061,32.244
2026-05-30 06:25:00+00:00,0.6746,44.323,65.7
2026-05-30 06:30:00+00:00,1.1846,154.844,130.714
2026-05-30 06:35:00+00:00,2.1761,147.448,67.758
2026-05-30 06:40:00+00:00,0.6277,25.388,40.445
2026-05-30 06:45:00+00:00,0.6898,52.722,76.431
2026-05-30 06:50:00+00:00,0.5746,43.499,75.705
2026-05-30 06:55:00+00:00,1.0811,109.582,101.359
2026-05-30 07:00:00+00:00,0.4222,35.082,83.097
2026-05-30 07:05:00+00:00,1.2394,54.39,43.883
2026-05-30 07:10:00+00:00,0.8116,30.922,38.101
2026-05-30 07:15:00+00:00,0.4942,24.549,49.67
2026-05-30 07:20:00+00:00,0.9829,22.419,22.809
2026-05-30 07:25:00+00:00,0.9647,31.34,32.487
2026-05-30 07:30:00+00:00,1.0315,19.898,19.29
2026-05-30 07:35:00+00:00,0.4763,63.207,132.691
2026-05-30 07:40:00+00:00,0.6739,32.626,48.411
2026-05-30 07:45:00+00:00,1.0369,71.657,69.106
2026-05-30 07:50:00+00:00,0.9992,66.504,66.559
2026-05-30 07:55:00+00:00,0.7574,37.159,49.059
2026-05-30 08:00:00+00:00,1.0802,38.273,35.43
2026-05-30 08:05:00+00:00,1.0511,37.091,35.289
2026-05-30 08:10:00+00:00,0.776,25.193,32.464
2026-05-30 08:15:00+00:00,0.453,18.814,41.531
2026-05-30 08:20:00+00:00,6.9828,52.357,7.498
2026-05-30 08:25:00+00:00,1.7552,55.49,31.614
2026-05-30 08:30:00+00:00,0.7615,37.759,49.586
2026-05-30 08:35:00+00:00,1.2311,36.129,29.346
2026-05-30 08:40:00+00:00,1.2718,46.306,36.41
2026-05-30 08:45:00+00:00,0.4035,10.656,26.407
2026-05-30 08:50:00+00:00,0.8721,40.209,46.105
2026-05-30 08:55:00+00:00,1.2389,85.993,69.411
2026-05-30 09:00:00+00:00,0.9795,51.407,52.481
2026-05-30 09:05:00+00:00,0.7608,32.472,42.682
2026-05-30 09:10:00+00:00,2.6132,50.14,19.187
2026-05-30 09:15:00+00:00,2.9038,129.851,44.717
2026-05-30 09:20:00+00:00,1.0374,25.096,24.192
2026-05-30 09:25:00+00:00,3.7372,31.426,8.409
2026-05-30 09:30:00+00:00,0.872,42.305,48.517
2026-05-30 09:35:00+00:00,3.2243,54.207,16.812
2026-05-30 09:40:00+00:00,0.8309,20.861,25.108
2026-05-30 09:45:00+00:00,1.6037,31.675,19.751
2026-05-30 09:50:00+00:00,2.2142,103.401,46.699
2026-05-30 09:55:00+00:00,1.8065,67.033,37.106
2026-05-30 10:00:00+00:00,0.9121,40.004,43.857
2026-05-30 10:05:00+00:00,1.8908,69.387,36.697
2026-05-30 10:10:00+00:00,1.0232,40.967,40.037
2026-05-30 10:15:00+00:00,1.0558,98.139,92.948
2026-05-30 10:20:00+00:00,0.5599,48.304,86.274
2026-05-30 10:25:00+00:00,0.3783,45.369,119.93
2026-05-30 10:30:00+00:00,0.5079,66.332,130.589
2026-05-30 10:35:00+00:00,1.0734,68.765,64.06
2026-05-30 10:40:00+00:00,1.0403,75.09,72.179
2026-05-30 10:45:00+00:00,1.3188,82.45,62.517
2026-05-30 10:50:00+00:00,0.5517,20.942,37.956
2026-05-30 10:55:00+00:00,0.7864,41.2,52.39
2026-05-30 11:00:00+00:00,0.5093,25.104,49.294
2026-05-30 11:05:00+00:00,0.2276,12.944,56.875
2026-05-30 11:10:00+00:00,0.7941,29.239,36.82
2026-05-30 11:15:00+00:00,0.25,15.972,63.879
2026-05-30 11:20:00+00:00,0.8678,51.487,59.332
2026-05-30 11:25:00+00:00,0.4585,43.949,95.858
2026-05-30 11:30:00+00:00,0.9812,25.369,25.856
2026-05-30 11:35:00+00:00,2.7267,51.395,18.849
2026-05-30 11:40:00+00:00,2.3273,57.921,24.888
2026-05-30 11:45:00+00:00,1.6706,60.592,36.27
2026-05-30 11:50:00+00:00,1.5063,59.419,39.447
2026-05-30 11:55:00+00:00,1.0656,21.451,20.13
2026-05-30 12:00:00+00:00,1.073,48.19,44.911
2026-05-30 12:05:00+00:00,1.3869,32.997,23.792
2026-05-30 12:10:00+00:00,0.8399,25.838,30.763
2026-05-30 12:20:00+00:00,1.5711,61.87,39.38
2026-05-30 12:25:00+00:00,0.9642,90.366,93.719
2026-05-30 12:30:00+00:00,2.2757,132.321,58.145
2026-05-30 12:35:00+00:00,0.7564,42.629,56.357
2026-05-30 12:40:00+00:00,0.619,26.792,43.28
2026-05-30 12:45:00+00:00,0.529,48.925,92.48
2026-05-30 12:50:00+00:00,1.2174,26.54,21.8
2026-05-30 12:55:00+00:00,1.7164,59.53,34.683
2026-05-30 13:00:00+00:00,1.5723,146.116,92.93
2026-05-30 13:05:00+00:00,2.5429,190.93,75.084
2026-05-30 13:10:00+00:00,0.7682,81.859,106.557
2026-05-30 13:15:00+00:00,1.078,80.158,74.359
2026-05-30 13:20:00+00:00,1.7546,634.874,361.829
2026-05-30 13:25:00+00:00,0.1674,12.759,76.241
2026-05-30 13:30:00+00:00,0.4701,76.444,162.617
2026-05-30 13:35:00+00:00,0.6009,61.587,102.493
2026-05-30 13:40:00+00:00,4.6924,216.046,46.042
2026-05-30 13:45:00+00:00,2.5099,126.705,50.483
2026-05-30 13:50:00+00:00,5.7112,196.734,34.447
2026-05-30 13:55:00+00:00,1.7258,184.559,106.942
2026-05-30 14:00:00+00:00,3.0714,450.872,146.799
2026-05-30 14:05:00+00:00,2.5629,407.066,158.829
2026-05-30 14:10:00+00:00,1.7062,622.668,364.938
2026-05-30 14:15:00+00:00,0.9897,223.109,225.439
2026-05-30 14:20:00+00:00,0.9464,146.736,155.049
2026-05-30 14:25:00+00:00,2.0026,432.628,216.038
2026-05-30 14:30:00+00:00,1.124,567.932,505.283
2026-05-30 14:35:00+00:00,1.2577,236.745,188.232
2026-05-30 14:40:00+00:00,2.222,268.026,120.624
2026-05-30 14:45:00+00:00,0.8123,181.531,223.487
2026-05-30 14:50:00+00:00,0.7261,86.085,118.564
2026-05-30 14:55:00+00:00,0.6356,74.354,116.987
2026-05-30 15:00:00+00:00,0.6206,87.036,140.245
2026-05-30 15:05:00+00:00,1.0114,113.919,112.639
2026-05-30 15:10:00+00:00,2.9511,186.365,63.151
2026-05-30 15:15:00+00:00,0.5724,80.371,140.417
2026-05-30 15:20:00+00:00,0.7939,220.013,277.121
2026-05-30 15:25:00+00:00,2.7496,209.892,76.335
2026-05-30 15:30:00+00:00,0.6774,89.831,132.618
2026-05-30 15:35:00+00:00,0.9901,45.499,45.953
2026-05-30 15:40:00+00:00,0.8972,97.975,109.197
2026-05-30 15:45:00+00:00,1.2349,42.888,34.729
2026-05-30 15:50:00+00:00,4.1966,231.231,55.099
2026-05-30 15:55:00+00:00,0.3782,42.949,113.561
2026-05-30 16:00:00+00:00,0.9857,91.26,92.582
2026-05-30 16:05:00+00:00,1.6475,64.488,39.143
2026-05-30 16:10:00+00:00,1.3286,219.21,164.99
2026-05-30 16:15:00+00:00,1.1298,80.887,71.593
2026-05-30 16:20:00+00:00,2.4043,82.231,34.201
2026-05-30 16:25:00+00:00,0.6497,25.592,39.39
2026-05-30 16:30:00+00:00,3.3311,151.122,45.367
2026-05-30 16:35:00+00:00,2.3119,89.351,38.649
2026-05-30 16:40:00+00:00,1.9885,82.037,41.256
2026-05-30 16:45:00+00:00,0.5495,46.309,84.273
2026-05-30 16:50:00+00:00,1.3658,37.473,27.437
2026-05-30 16:55:00+00:00,2.3089,22.316,9.665
2026-05-30 17:00:00+00:00,1.0371,72.674,70.077
2026-05-30 17:05:00+00:00,0.3479,34.574,99.38
2026-05-30 17:10:00+00:00,0.5752,27.762,48.265
2026-05-30 17:15:00+00:00,1.8158,135.976,74.886
2026-05-30 17:20:00+00:00,2.9267,362.747,123.942
2026-05-30 17:25:00+00:00,0.3271,86.223,263.561
2026-05-30 17:30:00+00:00,0.752,283.931,377.549
2026-05-30 17:35:00+00:00,1.714,78.667,45.897
2026-05-30 17:40:00+00:00,1.3868,35.591,25.665
2026-05-30 17:45:00+00:00,1.0638,57.017,53.595
2026-05-30 17:50:00+00:00,1.7867,76.117,42.603
2026-05-30 17:55:00+00:00,1.0429,36.597,35.093
2026-05-30 18:00:00+00:00,1.3256,73.818,55.685
2026-05-30 18:05:00+00:00,0.5303,49.061,92.509
2026-05-30 18:10:00+00:00,0.8581,29.126,33.942
2026-05-30 18:15:00+00:00,1.3454,137.604,102.276
2026-05-30 18:20:00+00:00,0.5768,124.928,216.605
2026-05-30 18:25:00+00:00,0.3721,89.041,239.267
2026-05-30 18:30:00+00:00,2.1821,124.302,56.965
2026-05-30 18:35:00+00:00,0.7566,90.84,120.065
2026-05-30 18:40:00+00:00,1.978,105.084,53.126
2026-05-30 18:45:00+00:00,1.6466,300.764,182.663
2026-05-30 18:50:00+00:00,1.0588,45.234,42.721
2026-05-30 18:55:00+00:00,3.058,159.602,52.192
2026-05-30 19:00:00+00:00,0.9192,36.963,40.214
2026-05-30 19:05:00+00:00,0.5685,40.666,71.534
2026-05-30 19:10:00+00:00,2.4174,76.789,31.765
2026-05-30 19:15:00+00:00,1.3274,41.662,31.387
2026-05-30 19:20:00+00:00,0.5582,19.789,35.451
2026-05-30 19:25:00+00:00,0.3741,31.9,85.267
2026-05-30 19:30:00+00:00,0.7562,34.862,46.099
2026-05-30 19:35:00+00:00,0.8357,114.587,137.114
2026-05-30 19:40:00+00:00,0.1196,39.564,330.676
2026-05-30 19:45:00+00:00,0.8334,53.249,63.893
2026-05-30 19:50:00+00:00,1.1614,49.146,42.317
2026-05-30 19:55:00+00:00,1.5206,35.702,23.479
2026-05-30 20:00:00+00:00,0.4349,56.655,130.286
2026-05-30 20:05:00+00:00,1.7447,39.778,22.799
2026-05-30 20:10:00+00:00,1.3349,77.681,58.192
2026-05-30 20:15:00+00:00,0.9121,31.769,34.83
2026-05-30 20:20:00+00:00,0.5062,10.876,21.487
2026-05-30 20:25:00+00:00,3.2897,34.016,10.34
2026-05-30 20:30:00+00:00,0.9312,105.209,112.986
2026-05-30 20:35:00+00:00,0.8592,99.384,115.677
2026-05-30 20:40:00+00:00,0.8728,52.117,59.715
2026-05-30 20:45:00+00:00,1.3157,51.612,39.228
2026-05-30 20:50:00+00:00,1.4331,81.405,56.805
2026-05-30 20:55:00+00:00,1.2324,54.42,44.157
2026-05-30 21:00:00+00:00,0.9781,37.913,38.762
2026-05-30 21:05:00+00:00,0.3248,9.962,30.668
2026-05-30 21:10:00+00:00,0.6976,38.609,55.344
2026-05-30 21:15:00+00:00,1.4265,45.454,31.865
2026-05-30 21:20:00+00:00,1.3233,109.055,82.414
2026-05-30 21:25:00+00:00,1.1143,104.363,93.658
2026-05-30 21:30:00+00:00,1.0425,39.477,37.869
2026-05-30 21:35:00+00:00,0.6161,37.468,60.81
2026-05-30 21:40:00+00:00,2.3515,74.687,31.761
2026-05-30 21:45:00+00:00,0.892,71.145,79.76
2026-05-30 21:50:00+00:00,1.4818,81.672,55.117
2026-05-30 21:55:00+00:00,1.9724,96.388,48.868
2026-05-30 22:00:00+00:00,0.4583,93.968,205.019
2026-05-30 22:05:00+00:00,1.3301,121.22,91.134
2026-05-30 22:10:00+00:00,0.5037,28.634,56.846
2026-05-30 22:15:00+00:00,0.444,34.461,77.619
2026-05-30 22:20:00+00:00,0.6804,32.189,47.311
2026-05-30 22:25:00+00:00,2.6124,64.699,24.766
2026-05-30 22:30:00+00:00,0.7227,29.705,41.104
2026-05-30 22:35:00+00:00,0.3885,30.033,77.302
2026-05-30 22:40:00+00:00,1.2081,173.481,143.603
2026-05-30 22:45:00+00:00,1.7951,54.322,30.262
2026-05-30 22:50:00+00:00,1.2002,25.064,20.884
2026-05-30 22:55:00+00:00,0.979,38.334,39.156
2026-05-30 23:00:00+00:00,1.1359,239.442,210.798
2026-05-30 23:05:00+00:00,0.3328,51.096,153.546
2026-05-30 23:10:00+00:00,0.6194,37.428,60.423
2026-05-30 23:15:00+00:00,0.9539,33.047,34.645
2026-05-30 23:20:00+00:00,0.9974,103.599,103.873
2026-05-30 23:25:00+00:00,0.9643,62.424,64.734
2026-05-30 23:30:00+00:00,1.132,35.538,31.394
2026-05-30 23:35:00+00:00,0.7925,71.669,90.435
2026-05-30 23:40:00+00:00,2.6919,68.542,25.462
2026-05-30 23:45:00+00:00,3.8321,76.427,19.944
2026-05-30 23:50:00+00:00,3.0142,77.465,25.7
2026-05-30 23:55:00+00:00,1.7836,48.94,27.439
2026-05-31 00:00:00+00:00,1.0614,142.654,134.398
2026-05-31 00:05:00+00:00,0.9586,33.927,35.393
2026-05-31 00:10:00+00:00,1.4579,78.582,53.902
2026-05-31 00:15:00+00:00,1.2027,35.989,29.923
2026-05-31 00:20:00+00:00,4.4291,110.922,25.044
2026-05-31 00:25:00+00:00,0.862,187.767,217.838
2026-05-31 00:30:00+00:00,1.8256,63.779,34.935
2026-05-31 00:35:00+00:00,0.5091,19.403,38.11
2026-05-31 00:40:00+00:00,0.9627,17.103,17.766
2026-05-31 00:45:00+00:00,1.3416,69.617,51.89
2026-05-31 00:50:00+00:00,2.4549,120.726,49.178
2026-05-31 00:55:00+00:00,1.4669,51.386,35.03
2026-05-31 01:00:00+00:00,2.3671,244.642,103.353
2026-05-31 01:05:00+00:00,1.0027,92.663,92.415
2026-05-31 01:10:00+00:00,1.7638,271.447,153.897
2026-05-31 01:15:00+00:00,1.7668,238.191,134.812
2026-05-31 01:20:00+00:00,3.6674,613.026,167.157
2026-05-31 01:25:00+00:00,0.3117,137.972,442.712
2026-05-31 01:30:00+00:00,1.8629,280.321,150.475
2026-05-31 01:35:00+00:00,0.4017,41.786,104.028
2026-05-31 01:40:00+00:00,0.3201,56.171,175.462
2026-05-31 01:45:00+00:00,0.8266,95.737,115.818
2026-05-31 01:50:00+00:00,0.4612,24.323,52.744
2026-05-31 01:55:00+00:00,0.5147,39.966,77.644
2026-05-31 02:00:00+00:00,0.8063,67.406,83.595
2026-05-31 02:05:00+00:00,0.8467,43.352,51.199
2026-05-31 02:10:00+00:00,2.7138,60.982,22.471
2026-05-31 02:15:00+00:00,1.4713,196.971,133.873
2026-05-31 02:20:00+00:00,0.6207,49.855,80.319
2026-05-31 02:25:00+00:00,0.279,178.657,640.296
2026-05-31 02:30:00+00:00,0.511,221.864,434.159
2026-05-31 02:35:00+00:00,1.1844,64.905,54.799
2026-05-31 02:40:00+00:00,0.6777,67.892,100.178
2026-05-31 02:45:00+00:00,0.5261,39.535,75.146
2026-05-31 02:50:00+00:00,0.6208,149.602,240.993
2026-05-31 02:55:00+00:00,1.8006,210.824,117.087
2026-05-31 03:00:00+00:00,1.0118,165.28,163.347
2026-05-31 03:05:00+00:00,0.6427,28.349,44.108
2026-05-31 03:10:00+00:00,2.5873,98.891,38.221
2026-05-31 03:15:00+00:00,0.9246,66.616,72.046
2026-05-31 03:20:00+00:00,1.2505,61.146,48.898
2026-05-31 03:25:00+00:00,1.9798,156.217,78.904
2026-05-31 03:30:00+00:00,0.5794,42.549,73.433
2026-05-31 03:35:00+00:00,0.7342,38.865,52.937
2026-05-31 03:40:00+00:00,1.0211,61.266,60.0
2026-05-31 03:45:00+00:00,0.9949,49.092,49.344
2026-05-31 03:50:00+00:00,0.9939,21.834,21.968
2026-05-31 03:55:00+00:00,0.8796,35.128,39.938
2026-05-31 04:00:00+00:00,2.4319,60.584,24.912
2026-05-31 04:05:00+00:00,0.6147,22.832,37.141
2026-05-31 04:10:00+00:00,0.5329,37.513,70.395
2026-05-31 04:15:00+00:00,1.0125,81.545,80.536
2026-05-31 04:20:00+00:00,1.6965,106.309,62.665
2026-05-31 04:25:00+00:00,0.3289,63.149,192.016
2026-05-31 04:30:00+00:00,0.1995,46.886,235.014
2026-05-31 04:35:00+00:00,1.1223,39.244,34.967
2026-05-31 04:40:00+00:00,0.4677,16.853,36.035
2026-05-31 04:45:00+00:00,0.994,36.551,36.771
2026-05-31 04:50:00+00:00,0.7986,61.32,76.782
2026-05-31 04:55:00+00:00,1.617,40.639,25.133
2026-05-31 05:00:00+00:00,2.0151,65.742,32.625
2026-05-31 05:05:00+00:00,0.9297,31.419,33.796
2026-05-31 05:10:00+00:00,0.8375,24.163,28.853
2026-05-31 05:15:00+00:00,1.7823,29.537,16.572
2026-05-31 05:20:00+00:00,0.3496,21.594,61.771
2026-05-31 05:25:00+00:00,0.6664,57.54,86.347
2026-05-31 05:30:00+00:00,0.8865,20.332,22.935
2026-05-31 05:35:00+00:00,0.8164,55.715,68.244
2026-05-31 05:40:00+00:00,1.5754,114.966,72.978
2026-05-31 05:45:00+00:00,0.4193,30.782,73.408
2026-05-31 05:50:00+00:00,0.4632,47.252,102.009
2026-05-31 05:55:00+00:00,0.3595,22.594,62.85
2026-05-31 06:00:00+00:00,0.4929,71.32,144.701
2026-05-31 06:05:00+00:00,1.2742,70.73,55.509
2026-05-31 06:10:00+00:00,0.8573,86.814,101.264
2026-05-31 06:15:00+00:00,1.9892,68.025,34.198
2026-05-31 06:20:00+00:00,1.355,37.484,27.663
2026-05-31 06:25:00+00:00,2.2259,123.11,55.308
2026-05-31 06:30:00+00:00,2.9104,173.688,59.678
2026-05-31 06:35:00+00:00,1.0916,25.239,23.122
2026-05-31 06:40:00+00:00,0.4815,16.631,34.541
2026-05-31 06:45:00+00:00,2.4514,36.972,15.082
2026-05-31 06:50:00+00:00,0.2803,20.238,72.21
2026-05-31 06:55:00+00:00,0.6452,8.441,13.083
2026-05-31 07:00:00+00:00,0.3981,50.36,126.515
2026-05-31 07:05:00+00:00,2.449,163.218,66.647
2026-05-31 07:10:00+00:00,0.67,81.389,121.48
2026-05-31 07:15:00+00:00,0.2241,29.708,132.538
2026-05-31 07:20:00+00:00,0.5598,92.864,165.876
2026-05-31 07:25:00+00:00,0.8467,70.571,83.35
2026-05-31 07:30:00+00:00,0.6208,147.641,237.82
2026-05-31 07:35:00+00:00,1.312,223.688,170.495
2026-05-31 07:40:00+00:00,1.0376,85.163,82.08
2026-05-31 07:45:00+00:00,0.7278,72.891,100.151
2026-05-31 07:50:00+00:00,1.3971,132.783,95.042
2026-05-31 07:55:00+00:00,0.5936,36.079,60.783
2026-05-31 08:00:00+00:00,1.0514,241.355,229.563
2026-05-31 08:05:00+00:00,0.7878,111.683,141.765
2026-05-31 08:10:00+00:00,1.542,111.465,72.284
2026-05-31 08:15:00+00:00,0.8805,82.869,94.121
2026-05-31 08:20:00+00:00,1.9864,95.756,48.207
2026-05-31 08:25:00+00:00,1.2246,63.218,51.624
2026-05-31 08:30:00+00:00,0.3012,28.296,93.958
2026-05-31 08:35:00+00:00,0.8966,42.341,47.224
2026-05-31 08:40:00+00:00,1.6718,106.168,63.505
2026-05-31 08:45:00+00:00,0.9227,50.617,54.857
2026-05-31 08:50:00+00:00,1.8785,68.589,36.513
2026-05-31 08:55:00+00:00,1.4128,95.899,67.88
2026-05-31 09:00:00+00:00,0.5213,36.65,70.308
2026-05-31 09:05:00+00:00,2.552,39.099,15.321
2026-05-31 09:10:00+00:00,1.699,47.959,28.228
2026-05-31 09:15:00+00:00,3.6895,82.803,22.443
2026-05-31 09:20:00+00:00,0.7036,19.475,27.679
2026-05-31 09:25:00+00:00,0.7257,22.549,31.071
2026-05-31 09:30:00+00:00,1.3843,29.979,21.657
2026-05-31 09:35:00+00:00,0.5693,23.574,41.406
2026-05-31 09:40:00+00:00,4.241,132.462,31.234
2026-05-31 09:45:00+00:00,4.5373,102.261,22.538
2026-05-31 09:50:00+00:00,0.223,29.254,131.17
2026-05-31 09:55:00+00:00,0.465,85.477,183.823
2026-05-31 10:00:00+00:00,0.6965,83.23,119.499
2026-05-31 10:05:00+00:00,1.6613,65.872,39.651
2026-05-31 10:10:00+00:00,1.155,50.932,44.098
2026-05-31 10:15:00+00:00,0.4914,42.002,85.467
2026-05-31 10:20:00+00:00,0.3748,155.832,415.802
2026-05-31 10:25:00+00:00,1.3882,108.196,77.938
2026-05-31 10:30:00+00:00,2.9841,70.171,23.515
2026-05-31 10:35:00+00:00,0.4787,39.666,82.865
2026-05-31 10:40:00+00:00,0.7029,33.519,47.69
2026-05-31 10:45:00+00:00,0.6367,26.444,41.532
2026-05-31 10:50:00+00:00,2.0405,71.656,35.117
2026-05-31 10:55:00+00:00,5.2048,101.306,19.464
2026-05-31 11:00:00+00:00,1.154,118.054,102.302
2026-05-31 11:05:00+00:00,0.4381,28.761,65.643
2026-05-31 11:10:00+00:00,1.5771,38.055,24.13
2026-05-31 11:15:00+00:00,1.6245,26.615,16.383
2026-05-31 11:20:00+00:00,0.4316,24.308,56.327
2026-05-31 11:25:00+00:00,3.0654,41.98,13.695
2026-05-31 11:30:00+00:00,0.3314,40.987,123.669
2026-05-31 11:35:00+00:00,1.821,33.874,18.602
2026-05-31 11:40:00+00:00,0.8323,18.246,21.922
2026-05-31 11:45:00+00:00,0.4406,18.162,41.225
2026-05-31 11:50:00+00:00,1.127,24.523,21.759
2026-05-31 11:55:00+00:00,1.6095,71.59,44.481
2026-05-31 12:00:00+00:00,1.4592,86.091,58.998
2026-05-31 12:05:00+00:00,1.2421,39.289,31.632
2026-05-31 12:10:00+00:00,1.6436,40.625,24.717
2026-05-31 12:15:00+00:00,2.8371,141.219,49.776
2026-05-31 12:20:00+00:00,0.6854,37.38,54.534
2026-05-31 12:25:00+00:00,0.7621,16.852,22.114
2026-05-31 12:30:00+00:00,0.6686,26.998,40.378
2026-05-31 12:35:00+00:00,2.1823,75.255,34.485
2026-05-31 12:40:00+00:00,1.3059,43.118,33.017
2026-05-31 12:45:00+00:00,0.4255,17.688,41.572
2026-05-31 12:50:00+00:00,1.9404,71.396,36.795
2026-05-31 12:55:00+00:00,1.6079,31.23,19.423
2026-05-31 13:00:00+00:00,0.7669,25.146,32.791
2026-05-31 13:05:00+00:00,0.59,31.537,53.456
2026-05-31 13:10:00+00:00,1.3447,34.004,25.287
2026-05-31 13:15:00+00:00,1.3546,43.213,31.902
2026-05-31 13:20:00+00:00,1.852,85.755,46.305
2026-05-31 13:25:00+00:00,0.7021,28.329,40.35
2026-05-31 13:30:00+00:00,0.5335,24.322,45.59
2026-05-31 13:35:00+00:00,0.6724,46.16,68.647
2026-05-31 13:40:00+00:00,0.7344,37.881,51.579
2026-05-31 13:45:00+00:00,0.3243,34.351,105.92
2026-05-31 13:50:00+00:00,0.6109,96.181,157.441
2026-05-31 13:55:00+00:00,1.0879,31.435,28.896
2026-05-31 14:00:00+00:00,0.3213,187.821,584.622
2026-05-31 14:05:00+00:00,0.991,70.805,71.445
2026-05-31 14:10:00+00:00,0.4197,249.109,593.555
2026-05-31 14:15:00+00:00,0.5974,1467.355,2456.287
2026-05-31 14:20:00+00:00,1.9945,1049.017,525.946
2026-05-31 14:25:00+00:00,1.1499,352.634,306.663
2026-05-31 14:30:00+00:00,1.7684,557.303,315.15
2026-05-31 14:35:00+00:00,0.7282,198.903,273.142
2026-05-31 14:40:00+00:00,0.4076,83.732,205.444
2026-05-31 14:45:00+00:00,1.8782,129.436,68.914
2026-05-31 14:50:00+00:00,1.1913,62.735,52.661
2026-05-31 14:55:00+00:00,0.5765,137.914,239.209
2026-05-31 15:00:00+00:00,0.6912,107.923,156.149
2026-05-31 15:05:00+00:00,2.5699,104.192,40.544
2026-05-31 15:10:00+00:00,1.9487,57.264,29.386
2026-05-31 15:15:00+00:00,1.5551,52.598,33.823
2026-05-31 15:20:00+00:00,2.735,118.496,43.325
2026-05-31 15:25:00+00:00,1.6708,131.384,78.635
2026-05-31 15:30:00+00:00,1.0702,76.627,71.602
2026-05-31 15:35:00+00:00,1.1335,36.78,32.447
2026-05-31 15:40:00+00:00,0.8743,152.345,174.254
2026-05-31 15:45:00+00:00,1.2001,68.518,57.092
2026-05-31 15:50:00+00:00,0.7034,26.337,37.444
2026-05-31 15:55:00+00:00,0.6842,44.82,65.505
2026-05-31 16:00:00+00:00,1.101,107.148,97.323
2026-05-31 16:05:00+00:00,0.9819,63.473,64.644
2026-05-31 16:10:00+00:00,0.4265,45.506,106.707
2026-05-31 16:15:00+00:00,0.6128,58.588,95.608
2026-05-31 16:20:00+00:00,0.6095,103.75,170.218
2026-05-31 16:25:00+00:00,0.8664,146.874,169.529
2026-05-31 16:30:00+00:00,0.4507,326.424,724.196
2026-05-31 16:35:00+00:00,0.9067,456.58,503.576
2026-05-31 16:40:00+00:00,0.7159,91.842,128.285
2026-05-31 16:45:00+00:00,0.7101,69.444,97.792
2026-05-31 16:50:00+00:00,2.6074,126.799,48.631
2026-05-31 16:55:00+00:00,2.4369,55.763,22.883
2026-05-31 17:00:00+00:00,0.6856,106.19,154.896
2026-05-31 17:05:00+00:00,1.3565,103.77,76.499
2026-05-31 17:10:00+00:00,1.1075,55.729,50.319
2026-05-31 17:15:00+00:00,1.279,65.06,50.869
2026-05-31 17:20:00+00:00,1.3328,50.637,37.992
2026-05-31 17:25:00+00:00,1.5329,55.402,36.143
2026-05-31 17:30:00+00:00,2.9673,193.679,65.272
2026-05-31 17:35:00+00:00,2.6344,182.484,69.269
2026-05-31 17:40:00+00:00,0.6209,57.539,92.669
2026-05-31 17:45:00+00:00,0.8605,61.865,71.893
2026-05-31 17:50:00+00:00,1.0742,30.912,28.777
2026-05-31 17:55:00+00:00,0.81,20.264,25.017
2026-05-31 18:00:00+00:00,0.3622,46.578,128.609
2026-05-31 18:05:00+00:00,0.6968,27.619,39.638
2026-05-31 18:10:00+00:00,1.6369,74.012,45.215
2026-05-31 18:15:00+00:00,1.1453,50.208,43.837
2026-05-31 18:20:00+00:00,0.3728,13.157,35.29
2026-05-31 18:25:00+00:00,1.4187,48.593,34.251
2026-05-31 18:30:00+00:00,1.2499,50.169,40.137
2026-05-31 18:35:00+00:00,1.0714,14.535,13.566
2026-05-31 18:40:00+00:00,0.5334,26.376,49.45
2026-05-31 18:45:00+00:00,0.5655,33.315,58.912
2026-05-31 18:50:00+00:00,1.1786,69.213,58.725
2026-05-31 18:55:00+00:00,1.3666,40.973,29.982
2026-05-31 19:00:00+00:00,1.059,65.838,62.172
2026-05-31 19:05:00+00:00,0.5059,44.371,87.71
2026-05-31 19:10:00+00:00,1.9517,46.653,23.904
2026-05-31 19:15:00+00:00,1.0399,29.593,28.457
2026-05-31 19:20:00+00:00,0.2332,27.6,118.361
2026-05-31 19:25:00+00:00,0.883,92.281,104.512
2026-05-31 19:30:00+00:00,0.9276,75.071,80.931
2026-05-31 19:35:00+00:00,3.2842,75.129,22.876
2026-05-31 19:40:00+00:00,2.373,83.657,35.254
2026-05-31 19:45:00+00:00,1.0057,20.361,20.245
2026-05-31 19:50:00+00:00,1.6377,22.83,13.94
2026-05-31 19:55:00+00:00,2.3676,60.296,25.467
2026-05-31 20:00:00+00:00,2.1122,89.001,42.137
2026-05-31 20:05:00+00:00,4.0342,649.668,161.042
2026-05-31 20:10:00+00:00,0.7441,62.376,83.827
2026-05-31 20:15:00+00:00,1.2666,59.566,47.03
2026-05-31 20:20:00+00:00,0.9857,64.064,64.993
2026-05-31 20:25:00+00:00,0.8092,22.897,28.295
2026-05-31 20:30:00+00:00,1.4316,62.575,43.71
2026-05-31 20:35:00+00:00,1.2671,84.16,66.419
2026-05-31 20:40:00+00:00,0.6041,22.022,36.457
2026-05-31 20:45:00+00:00,0.6737,21.691,32.197
2026-05-31 20:50:00+00:00,3.227,48.305,14.969
2026-05-31 20:55:00+00:00,1.0425,38.864,37.28
2026-05-31 21:00:00+00:00,0.7223,44.299,61.331
2026-05-31 21:05:00+00:00,1.0371,23.69,22.843
2026-05-31 21:10:00+00:00,0.5851,37.044,63.313
2026-05-31 21:15:00+00:00,1.3893,68.579,49.363
2026-05-31 21:20:00+00:00,1.4306,26.909,18.809
2026-05-31 21:25:00+00:00,0.6839,37.404,54.689
2026-05-31 21:30:00+00:00,1.0657,34.143,32.039
2026-05-31 21:35:00+00:00,1.6217,49.62,30.598
2026-05-31 21:40:00+00:00,1.7453,79.463,45.531
2026-05-31 21:45:00+00:00,2.2567,496.77,220.131
2026-05-31 21:50:00+00:00,1.4601,330.806,226.567
2026-05-31 21:55:00+00:00,0.6853,143.135,208.872
2026-05-31 22:00:00+00:00,1.0495,418.464,398.734
2026-05-31 22:05:00+00:00,0.7214,90.631,125.629
2026-05-31 22:10:00+00:00,2.5772,118.543,45.997
2026-05-31 22:15:00+00:00,1.0036,140.571,140.063
2026-05-31 22:20:00+00:00,1.0761,106.255,98.737
2026-05-31 22:25:00+00:00,0.6508,88.389,135.823
2026-05-31 22:30:00+00:00,1.3872,116.184,83.757
2026-05-31 22:35:00+00:00,0.952,80.432,84.484
2026-05-31 22:40:00+00:00,0.82,33.435,40.775
2026-05-31 22:45:00+00:00,1.4013,93.1,66.44
2026-05-31 22:50:00+00:00,1.1606,36.711,31.63
2026-05-31 22:55:00+00:00,2.4801,132.816,53.552
2026-05-31 23:00:00+00:00,1.6907,1022.45,604.754
2026-05-31 23:05:00+00:00,1.0393,155.051,149.195
2026-05-31 23:10:00+00:00,0.5587,60.842,108.893
2026-05-31 23:15:00+00:00,1.5017,151.575,100.938
2026-05-31 23:20:00+00:00,0.5539,100.21,180.912
2026-05-31 23:25:00+00:00,1.7548,108.416,61.784
2026-05-31 23:30:00+00:00,0.7066,241.589,341.912
2026-05-31 23:35:00+00:00,0.7462,360.988,483.775
2026-05-31 23:40:00+00:00,1.1713,212.32,181.272
2026-05-31 23:45:00+00:00,2.0611,212.343,103.022
2026-05-31 23:50:00+00:00,1.8708,101.559,54.287
2026-05-31 23:55:00+00:00,0.8676,76.548,88.225
2026-06-01 00:00:00+00:00,1.369,248.598,181.588
2026-06-01 00:05:00+00:00,0.624,135.7,217.455
2026-06-01 00:10:00+00:00,1.0437,89.93,86.164
2026-06-01 00:15:00+00:00,0.7438,80.01,107.567
2026-06-01 00:20:00+00:00,1.7279,87.06,50.385
2026-06-01 00:25:00+00:00,1.4538,202.633,139.384
2026-06-01 00:30:00+00:00,0.6871,404.056,588.051
2026-06-01 00:35:00+00:00,0.8004,78.094,97.571
2026-06-01 00:40:00+00:00,0.8244,61.414,74.498
2026-06-01 00:45:00+00:00,1.0373,206.749,199.317
2026-06-01 00:50:00+00:00,0.711,102.852,144.658
2026-06-01 00:55:00+00:00,0.5326,64.399,120.921
2026-06-01 01:00:00+00:00,0.6796,181.321,266.814
2026-06-01 01:05:00+00:00,0.9149,382.615,418.189
2026-06-01 01:10:00+00:00,0.8954,200.498,223.924
2026-06-01 01:15:00+00:00,1.4064,160.141,113.865
2026-06-01 01:20:00+00:00,0.6173,92.942,150.572
2026-06-01 01:25:00+00:00,1.6927,162.666,96.101
2026-06-01 01:30:00+00:00,0.7708,75.124,97.458
2026-06-01 01:35:00+00:00,2.5357,167.826,66.186
2026-06-01 01:40:00+00:00,0.5776,198.08,342.918
2026-06-01 01:45:00+00:00,1.2638,211.298,167.191
2026-06-01 01:50:00+00:00,0.4309,252.58,586.208
2026-06-01 01:55:00+00:00,0.5725,361.29,631.031
2026-06-01 02:00:00+00:00,1.2022,618.957,514.86
2026-06-01 02:05:00+00:00,1.7145,335.157,195.481
2026-06-01 02:10:00+00:00,1.1118,126.544,113.816
2026-06-01 02:15:00+00:00,0.5019,76.288,152.01
2026-06-01 02:20:00+00:00,1.0464,98.937,94.549
2026-06-01 02:25:00+00:00,2.7997,119.307,42.614
2026-06-01 02:30:00+00:00,1.0744,52.352,48.726
2026-06-01 02:35:00+00:00,2.4537,116.044,47.293
2026-06-01 02:40:00+00:00,1.0299,936.24,909.087
2026-06-01 02:45:00+00:00,0.7957,239.733,301.267
2026-06-01 02:50:00+00:00,0.8197,124.106,151.396
2026-06-01 02:55:00+00:00,0.7933,98.718,124.439
2026-06-01 03:00:00+00:00,1.5439,565.102,366.034
2026-06-01 03:05:00+00:00,0.6336,128.608,202.989
2026-06-01 03:10:00+00:00,0.5312,78.002,146.853
2026-06-01 03:15:00+00:00,0.8013,172.039,214.687
2026-06-01 03:20:00+00:00,1.7674,171.742,97.171
2026-06-01 03:25:00+00:00,1.1617,93.461,80.451
2026-06-01 03:30:00+00:00,0.7608,84.821,111.489
2026-06-01 03:35:00+00:00,0.6867,62.523,91.045
2026-06-01 03:40:00+00:00,0.621,68.553,110.397
2026-06-01 03:45:00+00:00,1.8798,66.929,35.605
2026-06-01 03:50:00+00:00,0.7328,97.207,132.644
2026-06-01 03:55:00+00:00,0.6775,72.93,107.644
2026-06-01 04:00:00+00:00,2.6493,139.605,52.696
2026-06-01 04:05:00+00:00,0.6485,141.1,217.563
2026-06-01 04:10:00+00:00,1.0378,198.412,191.183
2026-06-01 04:15:00+00:00,0.5811,256.249,440.936
2026-06-01 04:20:00+00:00,0.8218,333.898,406.285
2026-06-01 04:25:00+00:00,1.1617,325.025,279.795
2026-06-01 04:30:00+00:00,0.9481,193.713,204.325
2026-06-01 04:35:00+00:00,1.4454,198.735,137.495
2026-06-01 04:40:00+00:00,2.5307,168.15,66.444
2026-06-01 04:45:00+00:00,0.8614,160.224,186.014
2026-06-01 04:50:00+00:00,1.9874,132.378,66.61
2026-06-01 04:55:00+00:00,3.5077,359.38,102.456
2026-06-01 05:00:00+00:00,0.9142,140.258,153.417
2026-06-01 05:05:00+00:00,0.9264,40.998,44.254
2026-06-01 05:10:00+00:00,2.6634,127.642,47.925
2026-06-01 05:15:00+00:00,0.44,41.603,94.561
2026-06-01 05:20:00+00:00,0.875,58.579,66.946
2026-06-01 05:25:00+00:00,0.5917,161.534,273.012
2026-06-01 05:30:00+00:00,1.9619,156.139,79.585
2026-06-01 05:35:00+00:00,0.4993,76.268,152.751
2026-06-01 05:40:00+00:00,0.6962,46.333,66.552
2026-06-01 05:45:00+00:00,0.955,69.613,72.893
2026-06-01 05:50:00+00:00,0.6654,62.568,94.025
2026-06-01 05:55:00+00:00,0.7547,57.791,76.576
2026-06-01 06:05:00+00:00,0.6941,253.884,365.798
2026-06-01 06:10:00+00:00,1.6357,147.339,90.079
2026-06-01 06:15:00+00:00,1.1688,115.007,98.401
2026-06-01 06:20:00+00:00,0.4659,267.713,574.66
2026-06-01 06:25:00+00:00,1.321,261.1,197.651
2026-06-01 06:30:00+00:00,0.9137,207.268,226.857
2026-06-01 06:35:00+00:00,0.6039,169.713,281.027
2026-06-01 06:40:00+00:00,0.5171,403.601,780.546
2026-06-01 06:45:00+00:00,0.8378,1006.345,1201.155
2026-06-01 06:50:00+00:00,1.3614,323.892,237.905
2026-06-01 06:55:00+00:00,0.7866,195.442,248.467
2026-06-01 07:00:00+00:00,0.8774,120.735,137.612
2026-06-01 07:05:00+00:00,2.0554,239.384,116.467
2026-06-01 07:10:00+00:00,0.8316,119.722,143.962
2026-06-01 07:15:00+00:00,1.5326,484.363,316.032
2026-06-01 07:20:00+00:00,0.4131,228.819,553.891
2026-06-01 07:25:00+00:00,0.8744,209.051,239.087
2026-06-01 07:30:00+00:00,0.8294,350.107,422.12
2026-06-01 07:35:00+00:00,1.9851,257.661,129.798
2026-06-01 07:40:00+00:00,1.2181,183.159,150.359
2026-06-01 07:45:00+00:00,0.6533,609.339,932.779
2026-06-01 07:50:00+00:00,1.3853,323.581,233.578
2026-06-01 07:55:00+00:00,1.4315,175.07,122.299
2026-06-01 08:00:00+00:00,0.5795,199.165,343.667
2026-06-01 08:05:00+00:00,1.2627,117.229,92.842
2026-06-01 08:10:00+00:00,1.6174,122.433,75.699
2026-06-01 08:15:00+00:00,0.9851,180.831,183.558
2026-06-01 08:20:00+00:00,0.6333,108.143,170.766
2026-06-01 08:25:00+00:00,0.3284,232.181,707.047
2026-06-01 08:30:00+00:00,1.1198,593.6,530.092
2026-06-01 08:35:00+00:00,1.3424,273.828,203.986
2026-06-01 08:40:00+00:00,0.2854,309.717,1085.038
2026-06-01 08:45:00+00:00,1.6963,289.473,170.65
2026-06-01 08:50:00+00:00,1.3694,123.87,90.454
2026-06-01 08:55:00+00:00,1.8161,508.253,279.866
2026-06-01 09:00:00+00:00,2.0316,407.507,200.584
2026-06-01 09:05:00+00:00,1.171,157.773,134.735
2026-06-01 09:10:00+00:00,0.5521,55.009,99.641
2026-06-01 09:15:00+00:00,1.3708,144.543,105.448
2026-06-01 09:20:00+00:00,1.615,246.835,152.836
2026-06-01 09:25:00+00:00,2.2444,774.676,345.156
2026-06-01 09:30:00+00:00,0.6179,150.31,243.265
2026-06-01 09:35:00+00:00,0.5419,126.554,233.558
2026-06-01 09:40:00+00:00,0.5359,80.936,151.017
2026-06-01 09:45:00+00:00,1.136,144.978,127.621
2026-06-01 09:50:00+00:00,0.7761,687.54,885.925
2026-06-01 09:55:00+00:00,1.3233,116.55,88.074
2026-06-01 10:00:00+00:00,0.4417,184.229,417.051
2026-06-01 10:05:00+00:00,1.4712,173.988,118.264
2026-06-01 10:10:00+00:00,0.5065,59.657,117.784
2026-06-01 10:15:00+00:00,0.2495,109.856,440.264
2026-06-01 10:20:00+00:00,0.7095,212.984,300.196
2026-06-01 10:25:00+00:00,1.7402,287.706,165.333
2026-06-01 10:30:00+00:00,0.7242,239.737,331.028
2026-06-01 10:35:00+00:00,0.9125,315.46,345.706
2026-06-01 10:40:00+00:00,1.4694,161.149,109.672
2026-06-01 10:45:00+00:00,1.529,147.659,96.575
2026-06-01 10:50:00+00:00,2.0435,232.77,113.909
2026-06-01 10:55:00+00:00,2.1498,170.612,79.361
2026-06-01 11:00:00+00:00,0.6145,113.479,184.663
2026-06-01 11:05:00+00:00,1.392,81.054,58.229
2026-06-01 11:10:00+00:00,0.7082,107.588,151.912
2026-06-01 11:15:00+00:00,1.4959,102.43,68.473
2026-06-01 11:20:00+00:00,0.4578,53.855,117.636
2026-06-01 11:25:00+00:00,0.5104,39.188,76.78
2026-06-01 11:30:00+00:00,0.5879,175.966,299.336
2026-06-01 11:35:00+00:00,1.4747,121.61,82.462
2026-06-01 11:40:00+00:00,1.4218,106.835,75.14
2026-06-01 11:45:00+00:00,1.5411,142.189,92.263
2026-06-01 11:50:00+00:00,1.2485,110.476,88.488
2026-06-01 11:55:00+00:00,0.5332,2471.644,4635.115
2026-06-01 12:00:00+00:00,0.7488,1689.135,2255.702
2026-06-01 12:05:00+00:00,0.8554,1176.228,1375.005
2026-06-01 12:10:00+00:00,0.7478,2062.042,2757.376
2026-06-01 12:15:00+00:00,1.6019,1364.959,852.08
2026-06-01 12:20:00+00:00,1.4846,983.855,662.688
2026-06-01 12:25:00+00:00,1.1162,334.24,299.447
2026-06-01 12:30:00+00:00,1.4071,509.056,361.766
2026-06-01 12:35:00+00:00,1.2439,496.757,399.349
2026-06-01 12:40:00+00:00,1.041,267.818,257.262
2026-06-01 12:45:00+00:00,1.4484,905.962,625.489
2026-06-01 12:50:00+00:00,2.5943,841.405,324.333
2026-06-01 12:55:00+00:00,4.2925,1128.791,262.97
2026-06-01 13:00:00+00:00,0.5471,615.338,1124.717
2026-06-01 13:05:00+00:00,0.7824,441.36,564.125
2026-06-01 13:10:00+00:00,0.8999,2416.804,2685.77
2026-06-01 13:15:00+00:00,1.7237,1200.349,696.394
2026-06-01 13:20:00+00:00,1.4849,1022.902,688.848
2026-06-01 13:25:00+00:00,1.459,980.656,672.162
2026-06-01 13:30:00+00:00,1.4353,1584.718,1104.138
2026-06-01 13:35:00+00:00,1.1644,619.638,532.168
2026-06-01 13:40:00+00:00,0.5225,1095.052,2095.905
2026-06-01 13:45:00+00:00,1.4279,807.162,565.292
2026-06-01 13:50:00+00:00,0.9352,618.806,661.687
2026-06-01 13:55:00+00:00,1.5071,5820.611,3862.199
2026-06-01 14:00:00+00:00,1.0439,1513.106,1449.511
2026-06-01 14:05:00+00:00,1.3317,671.432,504.187
2026-06-01 14:10:00+00:00,0.5489,512.069,932.843
2026-06-01 14:15:00+00:00,1.3082,935.462,715.059
2026-06-01 14:20:00+00:00,1.2285,441.805,359.621
2026-06-01 14:25:00+00:00,0.9409,402.924,428.255
2026-06-01 14:30:00+00:00,0.867,484.562,558.869
2026-06-01 14:35:00+00:00,1.1064,377.827,341.499
2026-06-01 14:40:00+00:00,0.5643,401.269,711.087
2026-06-01 14:45:00+00:00,1.1486,515.348,448.683
2026-06-01 14:50:00+00:00,0.7961,367.815,462.041
2026-06-01 14:55:00+00:00,1.2145,418.572,344.639
2026-06-01 15:00:00+00:00,1.4778,518.362,350.765
2026-06-01 15:05:00+00:00,1.1178,412.172,368.748
2026-06-01 15:10:00+00:00,1.0931,323.714,296.131
2026-06-01 15:15:00+00:00,0.5206,1179.796,2266.118
2026-06-01 15:20:00+00:00,1.0126,904.167,892.928
2026-06-01 15:25:00+00:00,0.7852,910.431,1159.547
2026-06-01 15:30:00+00:00,1.5703,1517.958,966.675
2026-06-01 15:35:00+00:00,0.9212,704.028,764.217
2026-06-01 15:40:00+00:00,1.1345,413.253,364.268
2026-06-01 15:45:00+00:00,0.4929,322.917,655.18
2026-06-01 15:50:00+00:00,0.851,497.885,585.089
2026-06-01 15:55:00+00:00,1.8328,722.789,394.355
2026-06-01 16:00:00+00:00,1.2569,424.328,337.612
2026-06-01 16:05:00+00:00,0.4503,839.52,1864.199
2026-06-01 16:10:00+00:00,0.832,2166.462,2603.891
2026-06-01 16:15:00+00:00,1.7266,1207.515,699.358
2026-06-01 16:20:00+00:00,0.8998,272.612,302.98
2026-06-01 16:25:00+00:00,1.1731,750.258,639.531
2026-06-01 16:30:00+00:00,1.4624,789.33,539.758
2026-06-01 16:35:00+00:00,1.0951,848.687,775.004
2026-06-01 16:40:00+00:00,1.1662,644.285,552.447
2026-06-01 16:45:00+00:00,0.8033,447.475,557.044
2026-06-01 16:50:00+00:00,0.5174,250.667,484.429
2026-06-01 16:55:00+00:00,2.4103,1824.492,756.944
2026-06-01 17:00:00+00:00,0.6952,559.342,804.596
2026-06-01 17:05:00+00:00,0.6205,220.706,355.668
2026-06-01 17:10:00+00:00,0.9963,245.551,246.456
2026-06-01 17:15:00+00:00,0.5126,318.329,621.007
2026-06-01 17:20:00+00:00,1.3941,234.928,168.51
2026-06-01 17:25:00+00:00,2.9882,590.227,197.52
2026-06-01 17:30:00+00:00,0.7041,570.875,810.799
2026-06-01 17:35:00+00:00,0.5419,181.605,335.102
2026-06-01 17:40:00+00:00,1.2367,654.113,528.899
2026-06-01 17:45:00+00:00,1.6313,297.182,182.179
2026-06-01 17:50:00+00:00,2.2507,536.612,238.424
2026-06-01 17:55:00+00:00,0.6018,113.874,189.207
2026-06-01 18:00:00+00:00,0.4661,134.256,288.053
2026-06-01 18:05:00+00:00,0.6495,202.249,311.401
2026-06-01 18:10:00+00:00,0.4989,188.803,378.436
2026-06-01 18:15:00+00:00,0.7278,204.402,280.848
2026-06-01 18:20:00+00:00,1.2528,253.207,202.12
2026-06-01 18:25:00+00:00,2.5213,207.128,82.151
2026-06-01 18:30:00+00:00,1.035,197.908,191.209
2026-06-01 18:35:00+00:00,0.8502,90.829,106.829
2026-06-01 18:40:00+00:00,0.966,105.731,109.456
2026-06-01 18:45:00+00:00,0.6805,341.751,502.212
2026-06-01 18:50:00+00:00,0.5852,218.217,372.879
2026-06-01 18:55:00+00:00,0.9507,58.59,61.631
2026-06-01 19:00:00+00:00,0.8478,104.287,123.007
2026-06-01 19:05:00+00:00,1.0794,92.042,85.268
2026-06-01 19:10:00+00:00,1.0084,125.533,124.489
2026-06-01 19:15:00+00:00,2.6381,177.172,67.158
2026-06-01 19:20:00+00:00,1.1793,118.067,100.119
2026-06-01 19:25:00+00:00,4.8268,295.886,61.301
2026-06-01 19:30:00+00:00,1.1824,173.043,146.353
2026-06-01 19:35:00+00:00,0.7186,144.487,201.059
2026-06-01 19:40:00+00:00,0.7472,142.292,190.421
2026-06-01 19:45:00+00:00,0.9224,103.74,112.464
2026-06-01 19:50:00+00:00,0.6609,149.538,226.27
2026-06-01 19:55:00+00:00,1.3192,124.119,94.09
2026-06-01 20:00:00+00:00,0.8185,91.517,111.815
2026-06-01 20:05:00+00:00,1.142,72.996,63.921
2026-06-01 20:10:00+00:00,0.3798,51.192,134.781
2026-06-01 20:15:00+00:00,1.4301,85.353,59.682
2026-06-01 20:20:00+00:00,1.3975,168.444,120.529
2026-06-01 20:25:00+00:00,0.8564,51.187,59.769
2026-06-01 20:30:00+00:00,2.11,103.298,48.957
2026-06-01 20:35:00+00:00,1.1876,68.839,57.963
2026-06-01 20:40:00+00:00,1.1256,61.12,54.302
2026-06-01 20:45:00+00:00,0.5539,70.167,126.684
2026-06-01 20:50:00+00:00,0.4515,60.571,134.163
2026-06-01 20:55:00+00:00,0.8804,221.968,252.12
2026-06-01 21:00:00+00:00,0.5303,123.967,233.763
2026-06-01 21:05:00+00:00,0.3576,319.903,894.635
2026-06-01 21:10:00+00:00,1.6452,701.702,426.502
2026-06-01 21:15:00+00:00,0.8073,243.82,302.015
2026-06-01 21:20:00+00:00,1.5816,242.754,153.484
2026-06-01 21:25:00+00:00,0.7605,155.109,203.958
2026-06-01 21:30:00+00:00,0.5626,63.946,113.667
2026-06-01 21:35:00+00:00,0.5644,146.935,260.345
2026-06-01 21:40:00+00:00,0.7148,379.065,530.337
2026-06-01 21:45:00+00:00,2.1258,358.2,168.498
2026-06-01 21:50:00+00:00,0.9926,122.091,123.002
2026-06-01 21:55:00+00:00,0.5778,134.272,232.397
2026-06-01 22:00:00+00:00,0.5757,329.176,571.807
2026-06-01 22:05:00+00:00,1.325,287.311,216.837
2026-06-01 22:10:00+00:00,1.2274,173.171,141.09
2026-06-01 22:15:00+00:00,1.0286,324.907,315.859
2026-06-01 22:20:00+00:00,0.466,211.938,454.791
2026-06-01 22:25:00+00:00,1.3204,882.076,668.023
2026-06-01 22:30:00+00:00,0.6361,219.776,345.532
2026-06-01 22:35:00+00:00,1.0422,188.823,181.171
2026-06-01 22:40:00+00:00,1.1668,164.596,141.065
2026-06-01 22:45:00+00:00,2.507,630.099,251.338
2026-06-01 22:50:00+00:00,1.29,193.036,149.646
2026-06-01 22:55:00+00:00,1.393,194.075,139.322
2026-06-01 23:00:00+00:00,0.4394,124.671,283.713
2026-06-01 23:05:00+00:00,0.8573,144.035,168.017
2026-06-01 23:10:00+00:00,1.6415,186.906,113.862
2026-06-01 23:15:00+00:00,1.3062,204.67,156.688
2026-06-01 23:20:00+00:00,0.9108,87.942,96.554
2026-06-01 23:25:00+00:00,0.5208,97.255,186.724
2026-06-01 23:30:00+00:00,1.7586,170.491,96.948
2026-06-01 23:35:00+00:00,1.6226,604.557,372.585
2026-06-01 23:40:00+00:00,1.4315,168.013,117.366
2026-06-01 23:45:00+00:00,0.7943,110.352,138.923
2026-06-01 23:50:00+00:00,0.5736,193.37,337.101
2026-06-01 23:55:00+00:00,0.6689,115.168,172.184
2026-06-02 00:00:00+00:00,0.804,162.416,202.014
2026-06-02 00:05:00+00:00,0.8885,244.536,275.236
2026-06-02 00:10:00+00:00,0.7681,156.474,203.704
2026-06-02 00:15:00+00:00,0.6378,133.315,209.036
2026-06-02 00:20:00+00:00,1.2303,147.307,119.734
2026-06-02 00:25:00+00:00,1.7,144.538,85.021
2026-06-02 00:30:00+00:00,1.33,228.116,171.519
2026-06-02 00:35:00+00:00,1.495,179.614,120.142
2026-06-02 00:40:00+00:00,0.778,138.359,177.849
2026-06-02 00:45:00+00:00,1.9732,124.636,63.164
2026-06-02 00:50:00+00:00,1.8121,146.552,80.875
2026-06-02 00:55:00+00:00,1.1575,128.755,111.24
2026-06-02 01:00:00+00:00,0.9346,155.694,166.59
2026-06-02 01:05:00+00:00,0.8728,120.672,138.26
2026-06-02 01:10:00+00:00,2.2614,241.78,106.914
2026-06-02 01:15:00+00:00,0.8179,103.938,127.075
2026-06-02 01:20:00+00:00,0.9111,132.418,145.337
2026-06-02 01:25:00+00:00,1.1644,159.613,137.073
2026-06-02 01:30:00+00:00,0.6621,520.61,786.285
2026-06-02 01:35:00+00:00,0.8709,642.208,737.376
2026-06-02 01:40:00+00:00,2.2312,561.974,251.874
2026-06-02 01:45:00+00:00,0.4212,393.046,933.245
2026-06-02 01:50:00+00:00,1.5984,245.822,153.792
2026-06-02 01:55:00+00:00,0.3635,382.945,1053.432
2026-06-02 02:00:00+00:00,0.4844,866.168,1788.16
2026-06-02 02:05:00+00:00,0.4999,1992.953,3987.079
2026-06-02 02:10:00+00:00,1.1774,732.321,622.002
2026-06-02 02:15:00+00:00,1.1804,406.476,344.351
2026-06-02 02:20:00+00:00,1.7508,884.156,505.009
2026-06-02 02:25:00+00:00,2.2317,1229.634,550.981
2026-06-02 02:30:00+00:00,0.8605,384.725,447.104
2026-06-02 02:35:00+00:00,1.2199,373.567,306.221
2026-06-02 02:40:00+00:00,0.6848,262.965,384.011
2026-06-02 02:45:00+00:00,2.944,435.937,148.077
2026-06-02 02:50:00+00:00,0.918,277.152,301.9
2026-06-02 02:55:00+00:00,2.9645,651.714,219.839
2026-06-02 03:00:00+00:00,1.9897,580.9,291.948
2026-06-02 03:05:00+00:00,1.5117,455.236,301.135
2026-06-02 03:10:00+00:00,0.7986,128.975,161.508
2026-06-02 03:15:00+00:00,1.009,181.919,180.295
2026-06-02 03:20:00+00:00,0.8225,161.053,195.808
2026-06-02 03:25:00+00:00,3.1353,343.347,109.509
2026-06-02 03:30:00+00:00,0.9292,128.885,138.712
2026-06-02 03:35:00+00:00,0.86,107.329,124.794
2026-06-02 03:40:00+00:00,1.8917,124.088,65.597
2026-06-02 03:45:00+00:00,1.1924,133.933,112.323
2026-06-02 03:50:00+00:00,2.0185,127.969,63.399
2026-06-02 03:55:00+00:00,0.9113,68.858,75.564
2026-06-02 04:00:00+00:00,1.1037,116.856,105.881
2026-06-02 04:05:00+00:00,0.5224,169.491,324.453
2026-06-02 04:10:00+00:00,0.8176,286.972,351.008
2026-06-02 04:15:00+00:00,2.207,264.681,119.929
2026-06-02 04:20:00+00:00,1.1919,109.933,92.237
2026-06-02 04:25:00+00:00,1.0664,229.805,215.498
2026-06-02 04:30:00+00:00,1.768,215.983,122.159
2026-06-02 04:35:00+00:00,1.1731,204.378,174.217
2026-06-02 04:40:00+00:00,0.666,71.395,107.193
2026-06-02 04:45:00+00:00,0.7104,92.056,129.582
2026-06-02 04:50:00+00:00,0.8645,86.36,99.9
2026-06-02 04:55:00+00:00,0.4224,119.503,282.911
2026-06-02 05:00:00+00:00,0.3978,263.108,661.468
2026-06-02 05:05:00+00:00,1.8109,441.88,244.016
2026-06-02 05:10:00+00:00,1.0267,208.959,203.525
2026-06-02 05:15:00+00:00,1.4449,176.431,122.105
2026-06-02 05:20:00+00:00,0.6418,105.632,164.578
2026-06-02 05:25:00+00:00,0.6314,225.178,356.651
2026-06-02 05:30:00+00:00,1.0589,302.379,285.561
2026-06-02 05:35:00+00:00,0.6839,124.832,182.536
2026-06-02 05:40:00+00:00,0.45,503.396,1118.567
2026-06-02 05:45:00+00:00,0.9232,915.226,991.32
2026-06-02 05:50:00+00:00,0.6518,324.377,497.642
2026-06-02 05:55:00+00:00,0.4847,351.614,725.395
2026-06-02 06:00:00+00:00,1.0233,440.611,430.564
2026-06-02 06:05:00+00:00,2.9303,652.045,222.519
2026-06-02 06:10:00+00:00,0.5556,284.814,512.616
2026-06-02 06:15:00+00:00,0.8669,225.46,260.076
2026-06-02 06:20:00+00:00,0.6481,132.85,204.982
2026-06-02 06:25:00+00:00,1.5719,311.929,198.438
2026-06-02 06:30:00+00:00,2.0688,395.08,190.972
2026-06-02 06:35:00+00:00,0.6794,169.21,249.076
2026-06-02 06:40:00+00:00,2.4571,395.025,160.771
2026-06-02 06:45:00+00:00,0.553,1261.636,2281.404
2026-06-02 06:50:00+00:00,1.189,744.559,626.212
2026-06-02 06:55:00+00:00,1.0134,1157.794,1142.47
2026-06-02 07:00:00+00:00,0.6535,1504.601,2302.303
2026-06-02 07:05:00+00:00,1.0503,563.554,536.541
2026-06-02 07:10:00+00:00,1.7152,442.5,257.981
2026-06-02 07:15:00+00:00,2.0626,785.87,381.016
2026-06-02 07:20:00+00:00,0.409,220.345,538.685
2026-06-02 07:25:00+00:00,0.6817,532.573,781.206
2026-06-02 07:30:00+00:00,1.4574,585.804,401.939
2026-06-02 07:35:00+00:00,1.2138,424.694,349.883
2026-06-02 07:40:00+00:00,1.3652,247.172,181.048
2026-06-02 07:45:00+00:00,1.2743,292.525,229.56
2026-06-02 07:50:00+00:00,1.1611,161.06,138.715
2026-06-02 07:55:00+00:00,1.0864,242.19,222.922
2026-06-02 08:00:00+00:00,0.665,179.114,269.329
2026-06-02 08:05:00+00:00,0.952,174.062,182.845
2026-06-02 08:10:00+00:00,1.0846,240.871,222.077
2026-06-02 08:15:00+00:00,0.6695,199.525,298.007
2026-06-02 08:20:00+00:00,1.5323,428.552,279.679
2026-06-02 08:25:00+00:00,1.3246,424.869,320.753
2026-06-02 08:30:00+00:00,1.5098,215.248,142.568
2026-06-02 08:35:00+00:00,0.7542,94.64,125.485
2026-06-02 08:40:00+00:00,1.3307,90.149,67.744
2026-06-02 08:45:00+00:00,0.604,355.75,588.985
2026-06-02 08:50:00+00:00,0.8806,308.29,350.1
2026-06-02 08:55:00+00:00,0.7964,414.805,520.826
2026-06-02 09:00:00+00:00,0.6302,795.09,1261.724
2026-06-02 09:05:00+00:00,1.6366,591.942,361.685
2026-06-02 09:10:00+00:00,0.942,981.536,1041.992
2026-06-02 09:15:00+00:00,1.261,464.773,368.568
2026-06-02 09:20:00+00:00,0.5504,409.497,743.968
2026-06-02 09:25:00+00:00,0.4758,565.407,1188.23
2026-06-02 09:30:00+00:00,1.2643,646.234,511.141
2026-06-02 09:35:00+00:00,1.0787,367.03,340.241
2026-06-02 09:40:00+00:00,0.9137,422.741,462.658
2026-06-02 09:45:00+00:00,1.1508,658.799,572.479
2026-06-02 09:50:00+00:00,0.8393,274.312,326.833
2026-06-02 09:55:00+00:00,0.836,201.882,241.493
2026-06-02 10:00:00+00:00,2.1773,670.893,308.129
2026-06-02 10:05:00+00:00,2.0078,615.042,306.328
2026-06-02 10:10:00+00:00,1.2903,828.902,642.411
2026-06-02 10:15:00+00:00,0.949,215.749,227.345
2026-06-02 10:20:00+00:00,0.6203,378.276,609.779
2026-06-02 10:25:00+00:00,1.8106,214.549,118.494
2026-06-02 10:30:00+00:00,0.6857,179.645,261.973
2026-06-02 10:35:00+00:00,1.4095,447.14,317.244
2026-06-02 10:40:00+00:00,1.8753,212.979,113.571
2026-06-02 10:45:00+00:00,1.3872,128.206,92.419
2026-06-02 10:50:00+00:00,2.4628,324.512,131.765
2026-06-02 10:55:00+00:00,0.8854,105.401,119.039
2026-06-02 11:00:00+00:00,0.8084,123.828,153.182
2026-06-02 11:05:00+00:00,1.095,96.463,88.094
2026-06-02 11:10:00+00:00,0.5036,103.824,206.154
2026-06-02 11:15:00+00:00,0.7036,174.422,247.903
2026-06-02 11:20:00+00:00,1.3638,197.114,144.531
2026-06-02 11:25:00+00:00,1.7393,202.59,116.475
2026-06-02 11:30:00+00:00,1.3473,322.083,239.054
2026-06-02 11:35:00+00:00,1.4387,151.196,105.095
2026-06-02 11:40:00+00:00,1.2849,102.788,79.999
2026-06-02 11:45:00+00:00,1.7578,112.191,63.824
2026-06-02 11:50:00+00:00,1.0625,184.965,174.083
2026-06-02 11:55:00+00:00,0.5615,73.523,130.936
2026-06-02 12:00:00+00:00,1.5187,327.874,215.888
2026-06-02 12:05:00+00:00,0.7354,526.297,715.659
2026-06-02 12:10:00+00:00,0.5107,304.569,596.387
2026-06-02 12:15:00+00:00,0.6537,402.853,616.302
2026-06-02 12:20:00+00:00,2.7209,530.322,194.91
2026-06-02 12:25:00+00:00,0.851,162.639,191.109
2026-06-02 12:30:00+00:00,0.4754,513.896,1081.012
2026-06-02 12:35:00+00:00,0.86,661.412,769.052
2026-06-02 12:40:00+00:00,1.6765,873.688,521.151
2026-06-02 12:45:00+00:00,0.7621,373.53,490.13
2026-06-02 12:50:00+00:00,0.7249,278.327,383.932
2026-06-02 12:55:00+00:00,0.7077,620.517,876.759
2026-06-02 13:00:00+00:00,1.6854,3287.642,1950.646
2026-06-02 13:05:00+00:00,0.9915,622.051,627.375
2026-06-02 13:10:00+00:00,0.6751,423.017,626.642
2026-06-02 13:15:00+00:00,1.0737,583.731,543.656
2026-06-02 13:20:00+00:00,2.1441,420.993,196.345
2026-06-02 13:25:00+00:00,1.0193,345.856,339.308
2026-06-02 13:30:00+00:00,1.0545,579.801,549.854
2026-06-02 13:35:00+00:00,0.6285,964.196,1534.187
2026-06-02 13:40:00+00:00,0.8254,726.106,879.726
2026-06-02 13:45:00+00:00,0.847,462.098,545.559
2026-06-02 13:50:00+00:00,0.4681,336.246,718.248
2026-06-02 13:55:00+00:00,0.7969,490.91,616.022
2026-06-02 14:00:00+00:00,0.7199,1246.24,1731.132
2026-06-02 14:05:00+00:00,0.5558,1364.442,2454.967
2026-06-02 14:10:00+00:00,1.1158,2977.908,2668.871
2026-06-02 14:15:00+00:00,0.7167,915.124,1276.793
2026-06-02 14:20:00+00:00,0.6049,2673.848,4420.675
2026-06-02 14:25:00+00:00,0.8535,3927.213,4601.123
2026-06-02 14:30:00+00:00,1.4169,2459.821,1736.019
2026-06-02 14:35:00+00:00,1.4539,1783.045,1226.4
2026-06-02 14:40:00+00:00,0.8549,1067.195,1248.278
2026-06-02 14:45:00+00:00,1.5334,1271.763,829.384
2026-06-02 14:50:00+00:00,0.6168,434.467,704.377
2026-06-02 14:55:00+00:00,0.6764,407.017,601.716
2026-06-02 15:00:00+00:00,0.8086,902.974,1116.74
2026-06-02 15:05:00+00:00,1.5575,894.55,574.359
2026-06-02 15:10:00+00:00,0.6272,463.438,738.887
2026-06-02 15:15:00+00:00,0.9238,1352.228,1463.759
2026-06-02 15:20:00+00:00,0.8001,1677.324,2096.394
2026-06-02 15:25:00+00:00,0.6975,1707.703,2448.221
2026-06-02 15:30:00+00:00,0.8787,2486.689,2830.106
2026-06-02 15:35:00+00:00,0.8315,2035.723,2448.163
2026-06-02 15:40:00+00:00,1.1992,966.896,806.287
2026-06-02 15:45:00+00:00,1.0785,1076.841,998.502
2026-06-02 15:50:00+00:00,1.3913,1355.04,973.929
2026-06-02 15:55:00+00:00,1.2476,786.479,630.388
2026-06-02 16:00:00+00:00,1.241,652.73,525.958
2026-06-02 16:05:00+00:00,1.1713,1264.251,1079.385
2026-06-02 16:10:00+00:00,1.7492,3147.368,1799.316
2026-06-02 16:15:00+00:00,1.4254,1948.442,1366.943
2026-06-02 16:20:00+00:00,0.4411,806.335,1828.072
2026-06-02 16:25:00+00:00,0.4928,617.841,1253.825
2026-06-02 16:30:00+00:00,0.3591,256.008,712.889
2026-06-02 16:35:00+00:00,0.2679,835.301,3117.776
2026-06-02 16:40:00+00:00,1.1255,459.091,407.883
2026-06-02 16:45:00+00:00,1.5643,781.957,499.892
2026-06-02 16:50:00+00:00,0.9647,442.38,458.555
2026-06-02 16:55:00+00:00,0.9731,998.845,1026.509
2026-06-02 17:00:00+00:00,1.7707,832.705,470.26
2026-06-02 17:05:00+00:00,1.1758,484.516,412.081
2026-06-02 17:10:00+00:00,0.7726,218.847,283.276
2026-06-02 17:15:00+00:00,1.6786,293.175,174.652
2026-06-02 17:20:00+00:00,1.7426,768.161,440.805
2026-06-02 17:25:00+00:00,1.2422,446.118,359.14
2026-06-02 17:30:00+00:00,0.8754,478.737,546.853
2026-06-02 17:35:00+00:00,1.5184,221.238,145.703
2026-06-02 17:40:00+00:00,0.9924,571.39,575.785
2026-06-02 17:45:00+00:00,0.8379,268.285,320.192
2026-06-02 17:50:00+00:00,1.0284,354.651,344.851
2026-06-02 17:55:00+00:00,2.2347,231.66,103.665
2026-06-02 18:00:00+00:00,1.9001,389.428,204.947
2026-06-02 18:05:00+00:00,1.33,215.437,161.982
2026-06-02 18:10:00+00:00,0.9694,280.338,289.201
2026-06-02 18:15:00+00:00,1.2858,156.339,121.59
2026-06-02 18:20:00+00:00,0.7047,208.883,296.422
2026-06-02 18:25:00+00:00,0.6065,356.468,587.768
2026-06-02 18:30:00+00:00,1.0863,528.825,486.809
2026-06-02 18:35:00+00:00,0.5533,228.361,412.702
2026-06-02 18:40:00+00:00,1.2195,336.551,275.979
2026-06-02 18:45:00+00:00,1.3174,275.538,209.149
2026-06-02 18:50:00+00:00,0.4908,237.696,484.307
2026-06-02 18:55:00+00:00,2.507,428.694,170.996
2026-06-02 19:00:00+00:00,1.2906,270.373,209.487
2026-06-02 19:05:00+00:00,0.7135,159.305,223.27
2026-06-02 19:10:00+00:00,2.0897,241.832,115.725
2026-06-02 19:15:00+00:00,0.7888,260.302,330.009
2026-06-02 19:20:00+00:00,1.134,524.719,462.735
2026-06-02 19:25:00+00:00,0.5085,1742.53,3426.556
2026-06-02 19:30:00+00:00,0.5475,3409.497,6227.174
2026-06-02 19:35:00+00:00,1.8282,1282.597,701.553
2026-06-02 19:40:00+00:00,1.1573,1027.95,888.269
2026-06-02 19:45:00+00:00,1.448,1039.357,717.804
2026-06-02 19:50:00+00:00,1.3118,1698.793,1295.023
2026-06-02 19:55:00+00:00,1.0255,584.954,570.404
2026-06-02 20:00:00+00:00,0.8718,543.956,623.976
2026-06-02 20:05:00+00:00,1.3417,775.03,577.629
2026-06-02 20:10:00+00:00,0.7526,365.847,486.109
2026-06-02 20:15:00+00:00,0.8406,487.731,580.192
2026-06-02 20:20:00+00:00,0.9503,613.105,645.167
2026-06-02 20:25:00+00:00,1.0121,543.316,536.805
2026-06-02 20:30:00+00:00,1.6929,940.111,555.328
2026-06-02 20:35:00+00:00,1.6183,357.979,221.207
2026-06-02 20:40:00+00:00,2.699,297.949,110.391
2026-06-02 20:45:00+00:00,2.3684,533.754,225.363
2026-06-02 20:50:00+00:00,2.4348,1372.006,563.507
2026-06-02 20:55:00+00:00,1.2496,493.196,394.67
2026-06-02 21:00:00+00:00,1.1204,407.365,363.594
2026-06-02 21:05:00+00:00,1.1788,818.388,694.239
2026-06-02 21:10:00+00:00,1.365,891.823,653.366
2026-06-02 21:15:00+00:00,2.7588,582.208,211.04
2026-06-02 21:20:00+00:00,1.9842,419.192,211.267
2026-06-02 21:25:00+00:00,2.0826,764.193,366.943
2026-06-02 21:30:00+00:00,1.6773,311.413,185.664
2026-06-02 21:35:00+00:00,1.065,298.126,279.935
2026-06-02 21:40:00+00:00,0.5937,196.778,331.428
2026-06-02 21:45:00+00:00,0.4154,56.825,136.781
2026-06-02 21:50:00+00:00,0.9449,228.167,241.463
2026-06-02 21:55:00+00:00,1.6007,198.067,123.735
2026-06-02 22:00:00+00:00,0.6116,466.447,762.668
2026-06-02 22:05:00+00:00,1.4016,323.034,230.47
2026-06-02 22:10:00+00:00,0.7028,281.301,400.257
2026-06-02 22:15:00+00:00,0.8727,816.384,935.467
2026-06-02 22:20:00+00:00,2.0242,828.141,409.117
2026-06-02 22:25:00+00:00,0.8125,309.181,380.535
2026-06-02 22:30:00+00:00,0.7974,330.697,414.703
2026-06-02 22:35:00+00:00,0.462,439.029,950.196
2026-06-02 22:40:00+00:00,0.8983,925.012,1029.702
2026-06-02 22:45:00+00:00,0.771,1319.195,1710.964
2026-06-02 22:50:00+00:00,0.5884,1581.003,2686.74
2026-06-02 22:55:00+00:00,0.7258,1580.644,2177.667
2026-06-02 23:00:00+00:00,0.7456,1181.825,1584.996
2026-06-02 23:05:00+00:00,1.8988,1062.151,559.381
2026-06-02 23:10:00+00:00,2.2983,778.979,338.938
2026-06-02 23:15:00+00:00,0.5949,475.967,800.114
2026-06-02 23:20:00+00:00,0.6733,521.867,775.109
2026-06-02 23:25:00+00:00,0.6972,961.94,1379.689
2026-06-02 23:30:00+00:00,0.5809,1025.414,1765.262
2026-06-02 23:35:00+00:00,2.5085,1173.758,467.903
2026-06-02 23:40:00+00:00,0.3922,612.861,1562.432
2026-06-02 23:50:00+00:00,1.0765,767.851,713.253
2026-06-02 23:55:00+00:00,1.0503,403.235,383.913
2026-06-03 00:00:00+00:00,1.4614,1118.261,765.177
2026-06-03 00:05:00+00:00,0.6485,1070.243,1650.36
2026-06-03 00:10:00+00:00,0.3441,318.9,926.887
2026-06-03 00:15:00+00:00,2.4801,1571.965,633.822
2026-06-03 00:20:00+00:00,0.7538,301.205,399.575
2026-06-03 00:25:00+00:00,0.2033,138.826,682.927
2026-06-03 00:30:00+00:00,1.1008,525.193,477.108
2026-06-03 00:35:00+00:00,1.5297,1038.314,678.766
2026-06-03 00:40:00+00:00,1.589,383.322,241.236
2026-06-03 00:45:00+00:00,0.4932,225.062,456.314
2026-06-03 00:50:00+00:00,0.5083,155.92,306.747
2026-06-03 00:55:00+00:00,1.1341,303.756,267.84
2026-06-03 01:00:00+00:00,0.342,334.496,978.141
2026-06-03 01:05:00+00:00,1.7821,236.34,132.617
2026-06-03 01:10:00+00:00,0.3592,282.61,786.69
2026-06-03 01:15:00+00:00,2.3334,565.349,242.285
2026-06-03 01:20:00+00:00,1.7051,125.481,73.591
2026-06-03 01:25:00+00:00,3.6576,493.777,135.0
2026-06-03 01:30:00+00:00,0.9992,192.85,192.997
2026-06-03 01:35:00+00:00,0.2203,295.565,1341.869
2026-06-03 01:40:00+00:00,0.2905,364.447,1254.373
2026-06-03 01:45:00+00:00,2.9203,587.431,201.156
2026-06-03 01:50:00+00:00,2.0249,893.705,441.367
2026-06-03 01:55:00+00:00,1.8712,261.324,139.659
2026-06-03 02:00:00+00:00,1.1609,261.071,224.881
2026-06-03 02:05:00+00:00,1.6928,244.628,144.515
2026-06-03 02:10:00+00:00,0.4272,73.559,172.206
2026-06-03 02:15:00+00:00,2.1858,190.235,87.032
2026-06-03 02:20:00+00:00,0.539,224.726,416.966
2026-06-03 02:25:00+00:00,1.0044,170.294,169.546
2026-06-03 02:30:00+00:00,1.6215,209.392,129.132
2026-06-03 02:35:00+00:00,2.5407,192.01,75.575
2026-06-03 02:40:00+00:00,1.154,77.748,67.37
2026-06-03 02:45:00+00:00,0.9604,109.902,114.433
2026-06-03 02:50:00+00:00,0.9577,116.0,121.129
2026-06-03 02:55:00+00:00,0.8414,472.214,561.222
2026-06-03 03:00:00+00:00,1.8572,324.547,174.747
2026-06-03 03:05:00+00:00,0.2608,407.703,1563.125
2026-06-03 03:10:00+00:00,2.0716,769.471,371.446
2026-06-03 03:15:00+00:00,0.7186,334.462,465.459
2026-06-03 03:20:00+00:00,0.5821,294.452,505.82
2026-06-03 03:25:00+00:00,0.6547,1361.742,2079.975
2026-06-03 03:30:00+00:00,0.6389,1329.649,2081.167
2026-06-03 03:35:00+00:00,0.8463,1091.865,1290.202
2026-06-03 03:40:00+00:00,0.4209,1052.441,2500.167
2026-06-03 03:45:00+00:00,0.9391,926.318,986.437
2026-06-03 03:50:00+00:00,1.4478,4518.369,3120.897
2026-06-03 03:55:00+00:00,1.1908,884.499,742.764
2026-06-03 04:00:00+00:00,1.579,2288.516,1449.377
2026-06-03 04:05:00+00:00,0.4636,1115.864,2407.095
2026-06-03 04:10:00+00:00,0.7451,451.505,605.97
2026-06-03 04:15:00+00:00,0.7669,327.427,426.966
2026-06-03 04:20:00+00:00,0.6629,265.782,400.935
2026-06-03 04:25:00+00:00,1.033,584.96,566.277
2026-06-03 04:30:00+00:00,0.8209,492.427,599.872
2026-06-03 04:35:00+00:00,0.8735,176.433,201.979
2026-06-03 04:40:00+00:00,0.6109,181.833,297.65
2026-06-03 04:45:00+00:00,1.4733,155.208,105.345
2026-06-03 04:50:00+00:00,0.5302,159.086,300.071
2026-06-03 04:55:00+00:00,1.1313,218.01,192.716
2026-06-03 05:00:00+00:00,2.7248,2913.384,1069.213
2026-06-03 05:05:00+00:00,0.9706,1362.482,1403.694
2026-06-03 05:10:00+00:00,2.356,2681.187,1138.043
2026-06-03 05:15:00+00:00,1.1517,570.217,495.095
2026-06-03 05:20:00+00:00,0.6744,387.382,574.383
2026-06-03 05:25:00+00:00,1.1694,389.406,332.99
2026-06-03 05:30:00+00:00,0.3974,383.628,965.415
2026-06-03 05:35:00+00:00,0.9707,410.369,422.741
2026-06-03 05:40:00+00:00,2.8616,457.36,159.828
2026-06-03 05:45:00+00:00,1.4065,331.91,235.988
2026-06-03 05:50:00+00:00,1.5495,2329.712,1503.557
2026-06-03 05:55:00+00:00,1.1677,1150.98,985.723
2026-06-03 06:00:00+00:00,0.8669,323.486,373.161
2026-06-03 06:05:00+00:00,0.4517,344.341,762.374
2026-06-03 06:10:00+00:00,0.4466,227.216,508.799
2026-06-03 06:15:00+00:00,1.2498,282.903,226.359
2026-06-03 06:20:00+00:00,0.9936,246.142,247.727
2026-06-03 06:25:00+00:00,0.7394,163.013,220.474
2026-06-03 06:30:00+00:00,2.1868,724.209,331.173
2026-06-03 06:35:00+00:00,1.9878,1040.321,523.352
2026-06-03 06:40:00+00:00,1.2318,457.288,371.233
2026-06-03 06:45:00+00:00,0.6869,377.325,549.341
2026-06-03 06:50:00+00:00,0.9357,603.23,644.67
2026-06-03 06:55:00+00:00,0.3603,261.948,727.089
2026-06-03 07:00:00+00:00,0.8623,453.255,525.616
2026-06-03 07:05:00+00:00,1.5874,446.399,281.221
2026-06-03 07:10:00+00:00,0.9626,321.58,334.087
2026-06-03 07:15:00+00:00,2.7686,1422.31,513.736
2026-06-03 07:20:00+00:00,1.1165,162.015,145.114
2026-06-03 07:25:00+00:00,1.0348,210.82,203.74
2026-06-03 07:30:00+00:00,1.0154,104.08,102.498
2026-06-03 07:35:00+00:00,1.0259,134.325,130.936
2026-06-03 07:40:00+00:00,0.746,148.571,199.152
2026-06-03 07:45:00+00:00,1.7199,227.238,132.12
2026-06-03 07:50:00+00:00,1.6699,238.499,142.825
2026-06-03 07:55:00+00:00,0.8576,148.558,173.22
2026-06-03 08:00:00+00:00,1.6219,528.838,326.07
2026-06-03 08:05:00+00:00,0.7741,164.967,213.101
2026-06-03 08:10:00+00:00,0.7679,183.4,238.832
2026-06-03 08:15:00+00:00,2.8648,600.099,209.476
2026-06-03 08:20:00+00:00,0.5971,132.627,222.107
2026-06-03 08:25:00+00:00,2.0173,275.518,136.579
2026-06-03 08:30:00+00:00,2.5827,586.483,227.081
2026-06-03 08:35:00+00:00,0.7321,288.976,394.721
2026-06-03 08:40:00+00:00,0.9401,191.076,203.253
2026-06-03 08:45:00+00:00,0.6335,296.953,468.735
2026-06-03 08:50:00+00:00,0.5411,240.908,445.197
2026-06-03 08:55:00+00:00,1.1375,297.796,261.796
2026-06-03 09:00:00+00:00,0.5995,313.289,522.543
2026-06-03 09:05:00+00:00,1.3938,283.879,203.67
2026-06-03 09:10:00+00:00,0.542,253.978,468.592
2026-06-03 09:15:00+00:00,0.469,280.238,597.575
2026-06-03 09:20:00+00:00,0.4217,520.058,1233.257
2026-06-03 09:25:00+00:00,0.4635,418.407,902.628
2026-06-03 09:30:00+00:00,0.6672,371.629,557.012
2026-06-03 09:35:00+00:00,0.1611,248.165,1540.618
2026-06-03 09:40:00+00:00,1.0132,518.384,511.624
2026-06-03 09:45:00+00:00,2.1734,2484.633,1143.193
2026-06-03 09:50:00+00:00,0.8904,2070.403,2325.198
2026-06-03 09:55:00+00:00,0.7711,331.648,430.071
2026-06-03 10:00:00+00:00,1.101,380.929,345.985
2026-06-03 10:05:00+00:00,1.9364,1246.953,643.963
2026-06-03 10:10:00+00:00,0.6111,306.768,502.033
2026-06-03 10:15:00+00:00,0.4706,206.647,439.107
2026-06-03 10:20:00+00:00,2.1408,400.159,186.916
2026-06-03 10:25:00+00:00,0.8111,149.926,184.844
2026-06-03 10:30:00+00:00,1.0198,254.275,249.333
2026-06-03 10:35:00+00:00,1.244,259.384,208.507
2026-06-03 10:40:00+00:00,1.1677,103.711,88.817
2026-06-03 10:45:00+00:00,0.8404,116.219,138.294
2026-06-03 10:50:00+00:00,0.8771,119.56,136.309
2026-06-03 10:55:00+00:00,1.1154,122.745,110.044
2026-06-03 11:00:00+00:00,0.9197,171.226,186.186
2026-06-03 11:05:00+00:00,1.0088,107.973,107.032
2026-06-03 11:10:00+00:00,1.7151,103.722,60.477
2026-06-03 11:15:00+00:00,1.2835,134.285,104.625
2026-06-03 11:20:00+00:00,1.1589,96.5,83.267
2026-06-03 11:25:00+00:00,1.2344,117.037,94.811
2026-06-03 11:30:00+00:00,0.5447,129.892,238.48
2026-06-03 11:35:00+00:00,0.8099,240.408,296.843
2026-06-03 11:40:00+00:00,0.8468,149.185,176.166
2026-06-03 11:45:00+00:00,0.321,165.502,515.508
2026-06-03 11:50:00+00:00,0.4703,126.043,267.984
2026-06-03 11:55:00+00:00,0.6809,102.056,149.885
2026-06-03 12:00:00+00:00,0.5837,302.669,518.525
2026-06-03 12:05:00+00:00,1.2101,180.126,148.853
2026-06-03 12:10:00+00:00,0.5946,271.222,456.136
2026-06-03 12:15:00+00:00,1.056,489.339,463.401
2026-06-03 12:20:00+00:00,1.2548,381.331,303.895
2026-06-03 12:25:00+00:00,1.9366,922.858,476.547
2026-06-03 12:30:00+00:00,0.9866,630.17,638.714
2026-06-03 12:35:00+00:00,0.4248,301.582,709.94
2026-06-03 12:40:00+00:00,2.0257,223.14,110.157
2026-06-03 12:45:00+00:00,2.2437,238.951,106.498
2026-06-03 12:50:00+00:00,1.5661,167.413,106.896
2026-06-03 12:55:00+00:00,0.8737,76.685,87.77
2026-06-03 13:00:00+00:00,1.8488,508.876,275.252
2026-06-03 13:05:00+00:00,0.7982,143.395,179.655
2026-06-03 13:10:00+00:00,1.0689,180.882,169.226
2026-06-03 13:15:00+00:00,1.382,162.173,117.345
2026-06-03 13:20:00+00:00,0.7735,133.527,172.624
2026-06-03 13:25:00+00:00,0.9425,407.024,431.84
2026-06-03 13:30:00+00:00,1.2806,658.029,513.862
2026-06-03 13:35:00+00:00,0.9819,412.224,419.842
2026-06-03 13:40:00+00:00,1.0987,901.839,820.833
2026-06-03 13:45:00+00:00,1.1333,1027.324,906.45
2026-06-03 13:50:00+00:00,1.2147,649.276,534.508
2026-06-03 13:55:00+00:00,0.7947,319.875,402.506
2026-06-03 14:00:00+00:00,1.5598,426.208,273.25
2026-06-03 14:05:00+00:00,0.846,291.228,344.256
2026-06-03 14:10:00+00:00,1.0108,261.504,258.698
2026-06-03 14:15:00+00:00,0.7357,333.512,453.337
2026-06-03 14:20:00+00:00,0.8105,487.432,601.374
2026-06-03 14:25:00+00:00,0.9922,366.79,369.679
2026-06-03 14:30:00+00:00,0.8302,238.421,287.193
2026-06-03 14:35:00+00:00,1.3002,394.048,303.061
2026-06-03 14:40:00+00:00,0.836,258.544,309.264
2026-06-03 14:45:00+00:00,1.5295,284.696,186.142
2026-06-03 14:50:00+00:00,0.8379,201.939,240.997
2026-06-03 14:55:00+00:00,1.017,161.708,159.011
2026-06-03 15:00:00+00:00,1.2523,243.241,194.241
2026-06-03 15:05:00+00:00,0.9491,1071.823,1129.338
2026-06-03 15:10:00+00:00,0.8305,488.545,588.271
2026-06-03 15:15:00+00:00,0.4427,936.726,2115.754
2026-06-03 15:20:00+00:00,0.6664,1081.142,1622.457
2026-06-03 15:25:00+00:00,1.9919,1000.87,502.459
2026-06-03 15:30:00+00:00,0.667,439.531,658.996
2026-06-03 15:35:00+00:00,0.7364,536.315,728.273
2026-06-03 15:40:00+00:00,1.5547,316.979,203.879
2026-06-03 15:45:00+00:00,0.5901,704.204,1193.305
2026-06-03 15:50:00+00:00,0.7404,383.643,518.122
2026-06-03 15:55:00+00:00,0.4236,721.367,1702.941
2026-06-03 16:00:00+00:00,0.8733,1841.041,2108.034
2026-06-03 16:05:00+00:00,0.8896,1143.391,1285.324
2026-06-03 16:10:00+00:00,0.55,487.765,886.825
2026-06-03 16:15:00+00:00,0.6511,521.49,800.981
2026-06-03 16:20:00+00:00,0.5075,1397.845,2754.49
2026-06-03 16:25:00+00:00,0.4808,1424.822,2963.353
2026-06-03 16:30:00+00:00,0.6369,891.427,1399.692
2026-06-03 16:35:00+00:00,1.413,746.249,528.119
2026-06-03 16:40:00+00:00,1.4669,762.923,520.091
2026-06-03 16:45:00+00:00,0.9489,501.084,528.066
2026-06-03 16:50:00+00:00,1.2338,411.905,333.847
2026-06-03 16:55:00+00:00,1.6222,373.0,229.94
2026-06-03 17:00:00+00:00,0.8915,445.249,499.431
2026-06-03 17:05:00+00:00,0.6004,470.961,784.45
2026-06-03 17:10:00+00:00,1.4578,489.465,335.761
2026-06-03 17:15:00+00:00,1.5916,440.869,276.994
2026-06-03 17:20:00+00:00,0.6058,186.252,307.457
2026-06-03 17:25:00+00:00,1.5381,225.541,146.639
2026-06-03 17:30:00+00:00,2.3863,918.1,384.734
2026-06-03 17:35:00+00:00,1.0943,479.407,438.101
2026-06-03 17:40:00+00:00,0.5491,186.681,339.983
2026-06-03 17:45:00+00:00,0.6199,197.119,317.99
2026-06-03 17:50:00+00:00,1.2365,446.99,361.493
2026-06-03 17:55:00+00:00,1.2877,276.341,214.595
2026-06-03 18:00:00+00:00,0.8864,205.121,231.4
2026-06-03 18:05:00+00:00,1.9452,175.877,90.417
2026-06-03 18:10:00+00:00,0.7192,219.743,305.542
2026-06-03 18:15:00+00:00,0.6559,303.222,462.295
2026-06-03 18:20:00+00:00,1.2623,299.288,237.093
2026-06-03 18:25:00+00:00,0.8649,112.802,130.415
2026-06-03 18:30:00+00:00,0.8216,164.128,199.758
2026-06-03 18:35:00+00:00,1.7053,162.149,95.085
2026-06-03 18:40:00+00:00,1.1161,230.212,206.273
2026-06-03 18:45:00+00:00,2.068,702.784,339.833
2026-06-03 18:50:00+00:00,0.8224,103.743,126.152
2026-06-03 18:55:00+00:00,0.7934,121.246,152.817
2026-06-03 19:00:00+00:00,0.7349,104.491,142.179
2026-06-03 19:05:00+00:00,0.5287,99.405,188.017
2026-06-03 19:10:00+00:00,1.6243,153.349,94.412
2026-06-03 19:15:00+00:00,1.1744,391.038,332.966
2026-06-03 19:20:00+00:00,0.6317,471.109,745.784
2026-06-03 19:25:00+00:00,0.7636,429.037,561.854
2026-06-03 19:30:00+00:00,1.548,380.233,245.621
2026-06-03 19:35:00+00:00,1.1718,224.023,191.179
2026-06-03 19:40:00+00:00,1.1949,245.059,205.088
2026-06-03 19:45:00+00:00,0.4583,171.187,373.534
2026-06-03 19:50:00+00:00,0.4155,1130.696,2721.168
2026-06-03 19:55:00+00:00,1.1162,1956.33,1752.671
2026-06-03 20:00:00+00:00,0.6778,619.96,914.676
2026-06-03 20:05:00+00:00,1.784,496.882,278.521
2026-06-03 20:10:00+00:00,1.8213,528.742,290.309
2026-06-03 20:15:00+00:00,0.7968,508.331,638.002
2026-06-03 20:20:00+00:00,2.1062,323.128,153.414
2026-06-03 20:25:00+00:00,1.364,374.091,274.256
2026-06-03 20:30:00+00:00,1.5142,338.859,223.789
2026-06-03 20:35:00+00:00,0.4369,216.31,495.068
2026-06-03 20:40:00+00:00,0.3215,467.748,1454.733
2026-06-03 20:45:00+00:00,0.7669,968.454,1262.792
2026-06-03 20:50:00+00:00,0.997,947.521,950.365
2026-06-03 20:55:00+00:00,0.728,2295.682,3153.312
2026-06-03 21:00:00+00:00,1.8714,1202.992,642.845
2026-06-03 21:05:00+00:00,1.7257,1136.273,658.434
2026-06-03 21:10:00+00:00,0.7831,385.525,492.313
2026-06-03 21:15:00+00:00,1.4281,261.927,183.406
2026-06-03 21:20:00+00:00,1.1307,212.092,187.581
2026-06-03 21:25:00+00:00,1.5789,385.158,243.938
2026-06-03 21:30:00+00:00,1.425,458.236,321.56
2026-06-03 21:35:00+00:00,0.9903,785.991,793.727
2026-06-03 21:40:00+00:00,0.9794,623.5,636.588
2026-06-03 21:45:00+00:00,2.1147,852.16,402.966
2026-06-03 21:50:00+00:00,0.5743,367.907,640.624
2026-06-03 21:55:00+00:00,1.7489,387.658,221.657
2026-06-03 22:00:00+00:00,0.9827,647.231,658.641
2026-06-03 22:05:00+00:00,0.9172,407.002,443.721
2026-06-03 22:10:00+00:00,0.7915,500.499,632.354
2026-06-03 22:15:00+00:00,1.255,828.814,660.429
2026-06-03 22:20:00+00:00,0.8128,677.016,832.976
2026-06-03 22:25:00+00:00,0.9439,288.588,305.746
2026-06-03 22:30:00+00:00,1.7937,447.402,249.435
2026-06-03 22:35:00+00:00,0.6167,408.145,661.845
2026-06-03 22:40:00+00:00,0.9026,327.407,362.733
2026-06-03 22:45:00+00:00,0.9478,754.338,795.87
2026-06-03 22:50:00+00:00,0.6555,355.722,542.682
2026-06-03 22:55:00+00:00,0.9575,728.668,761.009
2026-06-03 23:00:00+00:00,0.7395,1759.179,2378.734
2026-06-03 23:05:00+00:00,0.8147,678.399,832.674
2026-06-03 23:10:00+00:00,1.4206,1074.113,756.092
2026-06-03 23:15:00+00:00,0.8881,869.261,978.802
2026-06-03 23:20:00+00:00,1.0337,560.479,542.194
2026-06-03 23:25:00+00:00,1.2552,416.089,331.493
2026-06-03 23:30:00+00:00,1.6984,712.081,419.269
2026-06-03 23:35:00+00:00,0.5218,597.706,1145.435
2026-06-03 23:40:00+00:00,0.8913,594.52,667.055
2026-06-03 23:45:00+00:00,0.7045,473.113,671.588
2026-06-03 23:50:00+00:00,0.6954,595.483,856.285
2026-06-03 23:55:00+00:00,1.0385,585.611,563.899
2026-06-04 00:00:00+00:00,1.4146,1319.379,932.693
2026-06-04 00:05:00+00:00,0.8578,511.498,596.321
2026-06-04 00:10:00+00:00,1.0123,397.927,393.089
2026-06-04 00:15:00+00:00,0.9967,404.462,405.788
2026-06-04 00:20:00+00:00,0.5145,704.691,1369.558
2026-06-04 00:25:00+00:00,0.5325,2526.491,4744.218
2026-06-04 00:30:00+00:00,1.0359,2044.858,1973.956
2026-06-04 00:35:00+00:00,0.6249,1684.733,2696.156
2026-06-04 00:40:00+00:00,1.2846,1718.889,1338.104
2026-06-04 00:45:00+00:00,0.9849,890.632,904.279
2026-06-04 00:50:00+00:00,0.6209,1050.712,1692.119
2026-06-04 00:55:00+00:00,1.9066,1122.308,588.65
2026-06-04 01:00:00+00:00,0.8393,829.296,988.055
2026-06-04 01:05:00+00:00,1.0643,700.302,657.971
2026-06-04 01:10:00+00:00,0.8188,607.071,741.389
2026-06-04 01:15:00+00:00,0.686,1837.64,2678.963
2026-06-04 01:20:00+00:00,0.8543,2244.874,2627.856
2026-06-04 01:25:00+00:00,1.1544,1259.481,1091.07
2026-06-04 01:30:00+00:00,1.5688,1284.475,818.763
2026-06-04 01:35:00+00:00,1.3227,1618.822,1223.889
2026-06-04 01:40:00+00:00,0.8246,465.321,564.317
2026-06-04 01:45:00+00:00,0.7052,1067.976,1514.427
2026-06-04 01:50:00+00:00,0.68,2036.397,2994.498
2026-06-04 01:55:00+00:00,0.7304,1406.853,1926.038
2026-06-04 02:00:00+00:00,0.4938,3419.97,6926.458
2026-06-04 02:05:00+00:00,1.0926,4067.332,3722.484
2026-06-04 02:10:00+00:00,1.1906,1928.052,1619.436
2026-06-04 02:15:00+00:00,1.3183,1662.046,1260.716
2026-06-04 02:20:00+00:00,1.6789,3350.613,1995.669
2026-06-04 02:25:00+00:00,1.0142,1874.98,1848.681
2026-06-04 02:30:00+00:00,1.2954,2367.681,1827.7
2026-06-04 02:35:00+00:00,0.8171,1269.349,1553.481
2026-06-04 02:40:00+00:00,1.1755,1061.651,903.151
2026-06-04 02:45:00+00:00,1.8966,1522.485,802.748
2026-06-04 02:50:00+00:00,0.6445,859.86,1334.22
2026-06-04 02:55:00+00:00,0.7068,444.001,628.149
2026-06-04 03:00:00+00:00,1.7803,1592.319,894.43
2026-06-04 03:05:00+00:00,1.316,2093.121,1590.501
2026-06-04 03:10:00+00:00,1.4659,981.717,669.722
2026-06-04 03:15:00+00:00,0.7841,1685.806,2149.978
2026-06-04 03:20:00+00:00,0.7243,470.709,649.862
2026-06-04 03:25:00+00:00,0.7315,295.793,404.341
2026-06-04 03:30:00+00:00,1.9769,2639.429,1335.114
2026-06-04 03:35:00+00:00,1.3788,852.306,618.166
2026-06-04 03:40:00+00:00,0.3111,687.348,2209.234
2026-06-04 03:45:00+00:00,1.0262,471.747,459.697
2026-06-04 03:50:00+00:00,0.7997,346.499,433.294
2026-06-04 03:55:00+00:00,0.6742,588.735,873.23
2026-06-04 04:00:00+00:00,1.5865,633.748,399.455
2026-06-04 04:05:00+00:00,1.243,952.112,765.95
2026-06-04 04:10:00+00:00,1.2578,666.0,529.513
2026-06-04 04:15:00+00:00,0.9666,475.391,491.82
2026-06-04 04:20:00+00:00,1.3017,697.53,535.852
2026-06-04 04:25:00+00:00,0.6857,336.905,491.335
2026-06-04 04:30:00+00:00,0.656,719.042,1096.178
2026-06-04 04:35:00+00:00,1.1575,496.671,429.1
2026-06-04 04:40:00+00:00,1.0309,443.924,430.599
2026-06-04 04:45:00+00:00,0.7407,201.437,271.971
2026-06-04 04:50:00+00:00,1.3143,280.527,213.45
2026-06-04 04:55:00+00:00,0.795,254.27,319.827
2026-06-04 05:00:00+00:00,0.5825,905.83,1555.026
2026-06-04 05:05:00+00:00,0.8737,972.367,1112.961
2026-06-04 05:10:00+00:00,0.8935,734.318,821.869
2026-06-04 05:15:00+00:00,1.3223,623.451,471.494
2026-06-04 05:20:00+00:00,0.7293,677.972,929.564
2026-06-04 05:25:00+00:00,0.9805,369.657,377.015
2026-06-04 05:30:00+00:00,1.3791,1256.799,911.302
2026-06-04 05:35:00+00:00,0.9723,559.835,575.766
2026-06-04 05:40:00+00:00,1.8586,388.863,209.229
2026-06-04 05:45:00+00:00,0.7681,303.63,395.287
2026-06-04 05:50:00+00:00,1.0018,350.817,350.199
2026-06-04 05:55:00+00:00,1.3625,344.423,252.789
2026-06-04 06:00:00+00:00,1.6376,460.91,281.459
2026-06-04 06:05:00+00:00,0.9997,231.277,231.342
2026-06-04 06:10:00+00:00,1.1985,247.55,206.549
2026-06-04 06:15:00+00:00,1.7301,922.311,533.112
2026-06-04 06:20:00+00:00,0.6781,208.501,307.47
2026-06-04 06:25:00+00:00,1.1455,233.173,203.553
2026-06-04 06:30:00+00:00,0.7751,369.552,476.75
2026-06-04 06:35:00+00:00,1.0366,335.347,323.511
2026-06-04 06:40:00+00:00,0.7635,174.329,228.333
2026-06-04 06:45:00+00:00,0.7808,155.899,199.676
2026-06-04 06:50:00+00:00,0.6283,170.925,272.042
2026-06-04 06:55:00+00:00,0.7667,294.409,384.007
2026-06-04 07:00:00+00:00,0.6599,280.302,424.792
2026-06-04 07:05:00+00:00,0.8083,402.811,498.33
2026-06-04 07:10:00+00:00,1.0628,612.614,576.427
2026-06-04 07:15:00+00:00,0.6966,1413.465,2029.042
2026-06-04 07:20:00+00:00,1.389,1035.731,745.664
2026-06-04 07:25:00+00:00,1.0493,412.908,393.512
2026-06-04 07:30:00+00:00,1.364,589.906,432.469
2026-06-04 07:35:00+00:00,1.1388,400.22,351.451
2026-06-04 07:40:00+00:00,0.889,357.062,401.628
2026-06-04 07:45:00+00:00,0.6625,277.147,418.305
2026-06-04 07:50:00+00:00,0.7193,289.659,402.705
2026-06-04 07:55:00+00:00,0.5561,313.732,564.151
2026-06-04 08:00:00+00:00,1.2065,653.01,541.245
2026-06-04 08:05:00+00:00,0.764,462.223,604.992
2026-06-04 08:10:00+00:00,0.6528,606.736,929.388
2026-06-04 08:15:00+00:00,1.3316,769.216,577.655
2026-06-04 08:20:00+00:00,1.2426,815.735,656.474
2026-06-04 08:25:00+00:00,0.5299,361.016,681.262
2026-06-04 08:30:00+00:00,1.3573,566.429,417.333
2026-06-04 08:35:00+00:00,1.1116,360.255,324.1
2026-06-04 08:40:00+00:00,1.0683,427.902,400.547
2026-06-04 08:45:00+00:00,1.0465,271.62,259.539
2026-06-04 08:50:00+00:00,1.1954,389.265,325.629
2026-06-04 08:55:00+00:00,1.2923,491.073,380.012
2026-06-04 09:00:00+00:00,0.7613,384.888,505.576
2026-06-04 09:05:00+00:00,0.922,498.767,540.976
2026-06-04 09:10:00+00:00,0.5357,559.754,1044.973
2026-06-04 09:15:00+00:00,0.6919,697.396,1007.878
2026-06-04 09:20:00+00:00,0.747,773.924,1036.023
2026-06-04 09:25:00+00:00,0.766,1577.267,2059.044
2026-06-04 09:30:00+00:00,1.052,1292.854,1228.896
2026-06-04 09:35:00+00:00,0.6563,553.735,843.699
2026-06-04 09:40:00+00:00,1.1494,404.558,351.981
2026-06-04 09:45:00+00:00,0.971,845.351,870.584
2026-06-04 09:50:00+00:00,0.8666,340.191,392.571
2026-06-04 09:55:00+00:00,1.3092,742.334,567.007
2026-06-04 10:00:00+00:00,0.4257,331.611,778.992
2026-06-04 10:05:00+00:00,0.9797,561.145,572.757
2026-06-04 10:10:00+00:00,0.7674,598.632,780.039
2026-06-04 10:15:00+00:00,1.1008,606.614,551.046
2026-06-04 10:20:00+00:00,0.6411,534.468,833.671
2026-06-04 10:25:00+00:00,0.5228,1251.079,2393.235
2026-06-04 10:30:00+00:00,1.0544,1591.239,1509.179
2026-06-04 10:35:00+00:00,1.6616,772.982,465.202
2026-06-04 10:40:00+00:00,1.291,1076.11,833.559
2026-06-04 10:45:00+00:00,0.6317,1949.878,3086.537
2026-06-04 10:50:00+00:00,1.4715,2977.767,2023.635
2026-06-04 10:55:00+00:00,2.3767,2619.21,1102.052
2026-06-04 11:00:00+00:00,1.503,1658.734,1103.591
2026-06-04 11:05:00+00:00,0.5927,842.455,1421.474
2026-06-04 11:10:00+00:00,1.1984,1427.089,1190.807
2026-06-04 11:15:00+00:00,1.612,721.821,447.774
2026-06-04 11:20:00+00:00,1.516,912.409,601.861
2026-06-04 11:25:00+00:00,1.7455,1047.959,600.361
2026-06-04 11:30:00+00:00,1.5087,2412.928,1599.291
2026-06-04 11:35:00+00:00,1.3209,1466.156,1109.96
2026-06-04 11:40:00+00:00,0.8168,412.296,504.741
2026-06-04 11:45:00+00:00,1.2824,481.698,375.628
2026-06-04 11:50:00+00:00,0.6175,245.599,397.703
2026-06-04 11:55:00+00:00,1.5071,445.248,295.427
2026-06-04 12:00:00+00:00,1.2415,812.622,654.543
2026-06-04 12:05:00+00:00,0.7436,513.704,690.807
2026-06-04 12:10:00+00:00,0.7371,349.555,474.215
2026-06-04 12:15:00+00:00,1.1267,937.592,832.162
2026-06-04 12:20:00+00:00,1.8808,2973.393,1580.946
2026-06-04 12:25:00+00:00,1.0143,1141.161,1125.102
2026-06-04 12:30:00+00:00,1.1425,2133.67,1867.516
2026-06-04 12:35:00+00:00,1.714,1714.403,1000.222
2026-06-04 12:40:00+00:00,1.2514,695.811,556.048
2026-06-04 12:45:00+00:00,1.4348,1501.299,1046.312
2026-06-04 12:50:00+00:00,0.9263,707.48,763.741
2026-06-04 12:55:00+00:00,0.5403,322.062,596.077
2026-06-04 13:00:00+00:00,1.0258,724.198,706.016
2026-06-04 13:05:00+00:00,0.8565,510.546,596.096
2026-06-04 13:10:00+00:00,0.6055,302.234,499.141
2026-06-04 13:15:00+00:00,0.7011,1024.47,1461.25
2026-06-04 13:20:00+00:00,1.0522,1287.35,1223.488
2026-06-04 13:25:00+00:00,1.0484,892.422,851.195
2026-06-04 13:30:00+00:00,1.2443,2135.151,1715.971
2026-06-04 13:35:00+00:00,1.1955,3194.939,2672.565
2026-06-04 13:40:00+00:00,0.6734,1380.565,2050.086
2026-06-04 13:45:00+00:00,0.8371,839.426,1002.768
2026-06-04 13:50:00+00:00,0.8652,525.644,607.542
2026-06-04 13:55:00+00:00,1.7662,1569.853,888.853
2026-06-04 14:00:00+00:00,0.9968,1067.273,1070.713
2026-06-04 14:05:00+00:00,1.5363,1563.27,1017.557
2026-06-04 14:10:00+00:00,1.2878,1141.178,886.117
2026-06-04 14:15:00+00:00,0.8875,818.247,921.978
2026-06-04 14:20:00+00:00,0.8127,489.96,602.867
2026-06-04 14:25:00+00:00,0.6961,277.769,399.062
2026-06-04 14:30:00+00:00,0.7957,708.626,890.52
2026-06-04 14:35:00+00:00,0.4929,429.115,870.546
2026-06-04 14:40:00+00:00,0.9023,285.924,316.876
2026-06-04 14:45:00+00:00,0.7543,467.149,619.287
2026-06-04 14:50:00+00:00,0.6889,280.993,407.899
2026-06-04 14:55:00+00:00,0.7075,249.296,352.358
2026-06-04 15:00:00+00:00,2.2162,909.211,410.266
2026-06-04 15:05:00+00:00,1.6512,1498.225,907.336
2026-06-04 15:10:00+00:00,1.3138,730.478,555.996
2026-06-04 15:15:00+00:00,0.6048,320.51,529.949
2026-06-04 15:20:00+00:00,1.0603,782.234,737.717
2026-06-04 15:25:00+00:00,0.9657,284.566,294.676
2026-06-04 15:30:00+00:00,1.8982,516.252,271.975
2026-06-04 15:35:00+00:00,0.4447,203.75,458.203
2026-06-04 15:40:00+00:00,0.7702,540.292,701.524
2026-06-04 15:45:00+00:00,0.6405,391.276,610.906
2026-06-04 15:50:00+00:00,1.1365,262.659,231.118
2026-06-04 15:55:00+00:00,0.6658,341.303,512.638
2026-06-04 16:00:00+00:00,0.4665,219.965,471.53
2026-06-04 16:05:00+00:00,1.1242,217.15,193.154
2026-06-04 16:10:00+00:00,0.8784,323.352,368.133
2026-06-04 16:15:00+00:00,0.7588,299.401,394.564
2026-06-04 16:20:00+00:00,1.2071,214.961,178.08
2026-06-04 16:25:00+00:00,0.8431,267.476,317.264
2026-06-04 16:30:00+00:00,0.8105,667.899,824.081
2026-06-04 16:35:00+00:00,1.3039,608.223,466.466
2026-06-04 16:40:00+00:00,1.3002,296.002,227.663
2026-06-04 16:45:00+00:00,1.3322,380.631,285.723
2026-06-04 16:50:00+00:00,0.648,162.678,251.064
2026-06-04 16:55:00+00:00,0.8864,416.038,469.381
2026-06-04 17:00:00+00:00,0.6986,346.444,495.925
2026-06-04 17:05:00+00:00,1.1739,178.367,151.941
2026-06-04 17:10:00+00:00,2.2438,954.9,425.571
2026-06-04 17:15:00+00:00,0.6842,578.123,844.966
2026-06-04 17:20:00+00:00,0.5743,466.035,811.475
2026-06-04 17:25:00+00:00,1.1859,274.427,231.411
2026-06-04 17:35:00+00:00,0.4431,338.084,763.043
2026-06-04 17:40:00+00:00,1.0198,551.277,540.57
2026-06-04 17:45:00+00:00,0.5574,394.305,707.361
2026-06-04 17:50:00+00:00,1.9062,2024.685,1062.143
2026-06-04 17:55:00+00:00,1.4669,720.527,491.195
2026-06-04 18:00:00+00:00,0.8716,616.985,707.857
2026-06-04 18:05:00+00:00,0.5994,220.864,368.455
2026-06-04 18:10:00+00:00,0.6461,202.155,312.906
2026-06-04 18:15:00+00:00,1.3569,399.827,294.653
2026-06-04 18:20:00+00:00,1.5601,563.955,361.496
2026-06-04 18:25:00+00:00,1.3339,1957.771,1467.753
2026-06-04 18:30:00+00:00,1.6238,2226.445,1371.12
2026-06-04 18:35:00+00:00,1.4561,757.89,520.498
2026-06-04 18:40:00+00:00,0.88,371.167,421.788
2026-06-04 18:45:00+00:00,0.9782,404.667,413.697
2026-06-04 18:50:00+00:00,1.2479,355.051,284.508
2026-06-04 18:55:00+00:00,0.7745,447.733,578.089
2026-06-04 19:00:00+00:00,0.721,339.772,471.27
2026-06-04 19:05:00+00:00,1.1102,265.899,239.498
2026-06-04 19:10:00+00:00,1.9245,491.223,255.244
2026-06-04 19:15:00+00:00,1.4255,568.834,399.035
2026-06-04 19:20:00+00:00,3.0861,440.71,142.806
2026-06-04 19:25:00+00:00,2.5844,804.31,311.219
2026-06-04 19:30:00+00:00,0.7933,261.645,329.825
2026-06-04 19:35:00+00:00,0.6347,215.043,338.81
2026-06-04 19:40:00+00:00,0.5361,198.707,370.675
2026-06-04 19:45:00+00:00,0.6662,265.422,398.419
2026-06-04 19:50:00+00:00,0.4734,270.701,571.812
2026-06-04 19:55:00+00:00,0.6072,394.349,649.433
2026-06-04 20:00:00+00:00,0.4429,408.102,921.404
2026-06-04 20:05:00+00:00,0.5403,512.637,948.809
2026-06-04 20:10:00+00:00,0.9126,618.183,677.354
2026-06-04 20:15:00+00:00,0.2532,221.176,873.388
2026-06-04 20:20:00+00:00,0.3581,279.812,781.41
2026-06-04 20:25:00+00:00,0.6653,575.644,865.281
2026-06-04 20:30:00+00:00,1.6771,444.498,265.046
2026-06-04 20:35:00+00:00,0.7885,183.941,233.281
2026-06-04 20:40:00+00:00,1.2927,322.116,249.177
2026-06-04 20:45:00+00:00,0.4855,143.059,294.661
2026-06-04 20:50:00+00:00,0.7023,143.205,203.916
2026-06-04 20:55:00+00:00,0.7672,172.956,225.428
2026-06-04 21:00:00+00:00,1.775,430.714,242.65
2026-06-04 21:05:00+00:00,1.0942,300.379,274.521
2026-06-04 21:10:00+00:00,1.0667,228.779,214.483
2026-06-04 21:15:00+00:00,0.4453,106.057,238.175
2026-06-04 21:20:00+00:00,0.4754,141.629,297.906
2026-06-04 21:25:00+00:00,0.7238,153.15,211.578
2026-06-04 21:30:00+00:00,0.8459,163.24,192.983
2026-06-04 21:35:00+00:00,0.3494,190.226,544.408
2026-06-04 21:40:00+00:00,0.8539,535.196,626.746
2026-06-04 21:45:00+00:00,0.9274,161.813,174.471
2026-06-04 21:50:00+00:00,0.7528,121.35,161.208
2026-06-04 21:55:00+00:00,0.5801,173.794,299.581
2026-06-04 22:00:00+00:00,1.0784,365.435,338.872
2026-06-04 22:05:00+00:00,0.9203,455.057,494.464
2026-06-04 22:10:00+00:00,1.4551,399.24,274.377
2026-06-04 22:15:00+00:00,1.0521,243.374,231.318
2026-06-04 22:20:00+00:00,1.008,125.032,124.037
2026-06-04 22:25:00+00:00,1.0789,121.296,112.424
2026-06-04 22:30:00+00:00,1.7164,424.265,247.178
2026-06-04 22:35:00+00:00,1.8192,447.685,246.083
2026-06-04 22:40:00+00:00,1.9595,492.375,251.274
2026-06-04 22:45:00+00:00,1.6277,397.353,244.116
2026-06-04 22:50:00+00:00,2.8307,319.893,113.008
2026-06-04 22:55:00+00:00,1.3168,270.33,205.296
2026-06-04 23:00:00+00:00,0.8234,315.511,383.193
2026-06-04 23:05:00+00:00,0.4127,172.922,418.973
2026-06-04 23:10:00+00:00,0.1873,150.612,804.203
2026-06-04 23:15:00+00:00,0.5063,158.784,313.625
2026-06-04 23:20:00+00:00,1.7639,218.856,124.077
2026-06-04 23:25:00+00:00,1.9582,228.994,116.941
2026-06-04 23:30:00+00:00,1.4172,185.523,130.906
2026-06-04 23:35:00+00:00,1.389,283.515,204.117
2026-06-04 23:40:00+00:00,0.9047,249.734,276.054
2026-06-04 23:45:00+00:00,0.7345,188.473,256.587
2026-06-04 23:50:00+00:00,3.0228,468.017,154.827
2026-06-04 23:55:00+00:00,1.3349,503.363,377.073
2026-06-05 00:00:00+00:00,1.1614,337.219,290.365
2026-06-05 00:05:00+00:00,1.3273,169.006,127.326
2026-06-05 00:10:00+00:00,1.1009,222.158,201.799
2026-06-05 00:15:00+00:00,0.707,230.606,326.163
2026-06-05 00:20:00+00:00,1.1214,369.336,329.352
2026-06-05 00:25:00+00:00,0.7915,218.126,275.585
2026-06-05 00:30:00+00:00,2.7323,528.219,193.321
2026-06-05 00:35:00+00:00,1.2416,320.617,258.234
2026-06-05 00:40:00+00:00,0.6041,102.473,169.621
2026-06-05 00:45:00+00:00,1.3915,163.112,117.22
2026-06-05 00:50:00+00:00,0.8592,274.927,319.989
2026-06-05 00:55:00+00:00,0.9074,252.736,278.519
2026-06-05 01:00:00+00:00,0.4758,840.114,1765.757
2026-06-05 01:05:00+00:00,1.199,516.275,430.591
2026-06-05 01:10:00+00:00,2.3858,493.852,206.994
2026-06-05 01:15:00+00:00,1.283,528.572,411.972
2026-06-05 01:20:00+00:00,0.7687,260.602,339.017
2026-06-05 01:25:00+00:00,1.2075,180.806,149.735
2026-06-05 01:30:00+00:00,1.3454,400.349,297.559
2026-06-05 01:35:00+00:00,0.954,169.559,177.743
2026-06-05 01:40:00+00:00,1.2015,142.144,118.304
2026-06-05 01:45:00+00:00,1.0109,177.985,176.073
2026-06-05 01:50:00+00:00,0.3362,129.527,385.229
2026-06-05 01:55:00+00:00,1.2337,223.688,181.312
2026-06-05 02:00:00+00:00,0.736,152.999,207.89
2026-06-05 02:05:00+00:00,0.5306,159.321,300.283
2026-06-05 02:10:00+00:00,0.7482,163.472,218.501
2026-06-05 02:15:00+00:00,0.5758,664.074,1153.215
2026-06-05 02:20:00+00:00,0.7867,1192.026,1515.24
2026-06-05 02:25:00+00:00,0.8338,585.355,702.001
2026-06-05 02:30:00+00:00,1.4144,834.816,590.213
2026-06-05 02:35:00+00:00,1.8848,570.88,302.888
2026-06-05 02:40:00+00:00,0.7386,461.852,625.287
2026-06-05 02:45:00+00:00,1.4715,649.43,441.347
2026-06-05 02:50:00+00:00,0.7563,300.835,397.785
2026-06-05 02:55:00+00:00,0.9188,350.96,381.957
2026-06-05 03:00:00+00:00,1.038,968.502,933.05
2026-06-05 03:05:00+00:00,0.4653,698.786,1501.756
2026-06-05 03:10:00+00:00,0.96,638.471,665.069
2026-06-05 03:15:00+00:00,1.877,878.463,468.019
2026-06-05 03:20:00+00:00,1.4619,462.665,316.478
2026-06-05 03:25:00+00:00,0.4599,171.112,372.061
2026-06-05 03:30:00+00:00,1.9761,734.181,371.526
2026-06-05 03:35:00+00:00,0.8963,199.428,222.513
2026-06-05 03:40:00+00:00,1.3006,320.086,246.101
2026-06-05 03:45:00+00:00,1.3586,295.484,217.499
2026-06-05 03:50:00+00:00,1.1768,271.113,230.379
2026-06-05 03:55:00+00:00,0.9123,275.56,302.047
2026-06-05 04:00:00+00:00,0.5362,272.519,508.234
2026-06-05 04:05:00+00:00,1.9482,663.149,340.399
2026-06-05 04:10:00+00:00,1.5315,384.631,251.146
2026-06-05 04:15:00+00:00,0.5872,238.208,405.643
2026-06-05 04:20:00+00:00,1.6555,239.104,144.428
2026-06-05 04:25:00+00:00,1.6238,1758.98,1083.233
2026-06-05 04:30:00+00:00,0.6627,258.324,389.782
2026-06-05 04:35:00+00:00,0.7523,246.656,327.871
2026-06-05 04:40:00+00:00,0.9686,199.308,205.759
2026-06-05 04:45:00+00:00,0.8287,330.409,398.706
2026-06-05 04:50:00+00:00,2.0047,507.143,252.972
2026-06-05 04:55:00+00:00,2.2887,1928.321,842.554
2026-06-05 05:00:00+00:00,0.9064,886.729,978.348
2026-06-05 05:05:00+00:00,1.1983,360.58,300.901
2026-06-05 05:10:00+00:00,1.4613,289.433,198.059
2026-06-05 05:15:00+00:00,0.7399,234.167,316.502
2026-06-05 05:20:00+00:00,1.4653,274.964,187.652
2026-06-05 05:25:00+00:00,1.2246,319.509,260.903
2026-06-05 05:30:00+00:00,0.7012,245.178,349.668
2026-06-05 05:35:00+00:00,0.6634,631.245,951.462
2026-06-05 05:40:00+00:00,0.5883,561.375,954.225
2026-06-05 05:45:00+00:00,0.4714,1152.317,2444.53
2026-06-05 05:50:00+00:00,0.8325,595.049,714.731
2026-06-05 05:55:00+00:00,0.664,1599.293,2408.395
2026-06-05 06:00:00+00:00,0.8727,3019.905,3460.568
2026-06-05 06:05:00+00:00,1.2477,1629.526,1306.041
2026-06-05 06:10:00+00:00,0.5957,1227.85,2061.223
2026-06-05 06:15:00+00:00,0.5413,1653.969,3055.592
2026-06-05 06:20:00+00:00,0.6423,3694.099,5751.273
2026-06-05 06:25:00+00:00,1.3725,2995.195,2182.231
2026-06-05 06:30:00+00:00,1.7791,2463.817,1384.905
2026-06-05 06:35:00+00:00,0.8553,657.346,768.542
2026-06-05 06:40:00+00:00,1.7117,1782.895,1041.572
2026-06-05 06:45:00+00:00,0.8979,775.956,864.159
2026-06-05 06:50:00+00:00,1.0481,469.624,448.086
2026-06-05 06:55:00+00:00,0.7682,238.25,310.155
2026-06-05 07:00:00+00:00,0.7039,620.277,881.253
2026-06-05 07:05:00+00:00,1.086,916.713,844.094
2026-06-05 07:10:00+00:00,1.3438,842.89,627.26
2026-06-05 07:15:00+00:00,1.2534,774.538,617.974
2026-06-05 07:20:00+00:00,1.2208,608.377,498.34
2026-06-05 07:25:00+00:00,1.4978,1657.217,1106.447
2026-06-05 07:30:00+00:00,1.5274,1584.01,1037.078
2026-06-05 07:35:00+00:00,1.3511,1535.839,1136.711
2026-06-05 07:40:00+00:00,0.8689,993.349,1143.169
2026-06-05 07:45:00+00:00,0.8654,1039.79,1201.475
2026-06-05 07:50:00+00:00,0.8655,666.916,770.566
2026-06-05 07:55:00+00:00,1.8493,1178.006,636.986
2026-06-05 08:00:00+00:00,0.5932,629.574,1061.279
2026-06-05 08:05:00+00:00,0.5581,538.366,964.603
2026-06-05 08:10:00+00:00,0.6275,414.649,660.801
2026-06-05 08:15:00+00:00,0.7182,412.364,574.132
2026-06-05 08:20:00+00:00,1.0757,433.775,403.261
2026-06-05 08:25:00+00:00,1.8013,405.643,225.198
2026-06-05 08:30:00+00:00,0.9845,339.722,345.077
2026-06-05 08:35:00+00:00,0.5616,357.156,635.999
2026-06-05 08:40:00+00:00,0.914,271.326,296.85
2026-06-05 08:45:00+00:00,0.7335,221.656,302.178
2026-06-05 08:50:00+00:00,0.5071,349.624,689.462
2026-06-05 08:55:00+00:00,0.8377,458.598,547.476
2026-06-05 09:00:00+00:00,1.447,628.609,434.408
2026-06-05 09:05:00+00:00,1.7141,460.138,268.45
2026-06-05 09:10:00+00:00,1.9536,1406.516,719.947
2026-06-05 09:15:00+00:00,1.2649,1369.224,1082.504
2026-06-05 09:20:00+00:00,0.7488,318.22,424.957
2026-06-05 09:25:00+00:00,1.3268,347.942,262.25
2026-06-05 09:30:00+00:00,0.6556,232.891,355.238
2026-06-05 09:35:00+00:00,0.6715,222.565,331.433
2026-06-05 09:40:00+00:00,0.7974,158.138,198.312
2026-06-05 09:45:00+00:00,1.1963,169.437,141.636
2026-06-05 09:50:00+00:00,0.7592,187.242,246.618
2026-06-05 09:55:00+00:00,1.299,169.091,130.167
2026-06-05 10:00:00+00:00,0.8101,157.196,194.036
2026-06-05 10:05:00+00:00,0.6166,224.165,363.579
2026-06-05 10:10:00+00:00,0.9045,246.222,272.217
2026-06-05 10:15:00+00:00,1.0422,324.561,311.408
2026-06-05 10:20:00+00:00,0.6066,369.791,609.586
2026-06-05 10:25:00+00:00,1.0505,204.638,194.803
2026-06-05 10:30:00+00:00,1.3688,261.311,190.9
2026-06-05 10:35:00+00:00,0.814,295.046,362.461
2026-06-05 10:40:00+00:00,2.307,421.953,182.902
2026-06-05 10:45:00+00:00,1.1295,186.967,165.538
2026-06-05 10:50:00+00:00,0.9585,176.182,183.819
2026-06-05 10:55:00+00:00,1.2091,191.8,158.633
2026-06-05 11:00:00+00:00,0.5015,218.25,435.213
2026-06-05 11:05:00+00:00,0.7474,232.443,311.001
2026-06-05 11:10:00+00:00,0.8475,303.501,358.093
2026-06-05 11:15:00+00:00,1.3089,435.243,332.538
2026-06-05 11:20:00+00:00,0.5746,424.184,738.215
2026-06-05 11:25:00+00:00,0.8035,208.596,259.61
2026-06-05 11:30:00+00:00,0.9063,231.692,255.635
2026-06-05 11:35:00+00:00,1.1595,286.409,247.018
2026-06-05 11:40:00+00:00,0.6009,347.944,579.081
2026-06-05 11:45:00+00:00,1.0695,788.695,737.431
2026-06-05 11:50:00+00:00,0.5945,308.763,519.365
2026-06-05 11:55:00+00:00,1.2868,617.046,479.506
2026-06-05 12:00:00+00:00,0.8817,1316.987,1493.681
2026-06-05 12:05:00+00:00,1.415,1385.431,979.093
2026-06-05 12:10:00+00:00,1.0278,534.838,520.353
2026-06-05 12:15:00+00:00,0.9588,670.958,699.761
2026-06-05 12:20:00+00:00,0.8435,518.206,614.368
2026-06-05 12:25:00+00:00,0.7017,347.948,495.86
2026-06-05 12:30:00+00:00,0.8058,1509.135,1872.74
2026-06-05 12:35:00+00:00,1.1344,1246.545,1098.877
2026-06-05 12:40:00+00:00,1.0017,413.108,412.422
2026-06-05 12:45:00+00:00,1.0664,380.052,356.379
2026-06-05 12:50:00+00:00,0.8352,283.968,340.004
2026-06-05 12:55:00+00:00,1.0793,295.877,274.141
2026-06-05 13:00:00+00:00,1.2921,515.816,399.21
2026-06-05 13:05:00+00:00,1.021,518.444,507.76
2026-06-05 13:10:00+00:00,0.9112,430.304,472.216
2026-06-05 13:15:00+00:00,1.6073,669.773,416.694
2026-06-05 13:20:00+00:00,1.1145,658.627,590.94
2026-06-05 13:25:00+00:00,1.2801,495.884,387.385
2026-06-05 13:30:00+00:00,1.1975,882.435,736.898
2026-06-05 13:35:00+00:00,0.8159,823.259,1009.042
2026-06-05 13:40:00+00:00,1.3222,992.685,750.758
2026-06-05 13:45:00+00:00,0.4229,1275.011,3014.598
2026-06-05 13:50:00+00:00,1.0479,2659.675,2538.045
2026-06-05 13:55:00+00:00,0.6252,2284.755,3654.642
2026-06-05 14:00:00+00:00,0.8745,2768.645,3165.972
2026-06-05 14:05:00+00:00,1.069,3504.339,3278.123
2026-06-05 14:10:00+00:00,1.083,1369.06,1264.089
2026-06-05 14:15:00+00:00,1.0571,1263.325,1195.123
2026-06-05 14:20:00+00:00,0.9656,1231.303,1275.128
2026-06-05 14:25:00+00:00,0.5598,1696.519,3030.336
2026-06-05 14:30:00+00:00,1.372,1951.818,1422.597
2026-06-05 14:35:00+00:00,1.1829,2008.752,1698.218
2026-06-05 14:40:00+00:00,0.6137,734.139,1196.321
2026-06-05 14:45:00+00:00,0.7316,877.535,1199.4
2026-06-05 14:50:00+00:00,0.828,713.059,861.233
2026-06-05 14:55:00+00:00,1.1041,672.503,609.084
2026-06-05 15:00:00+00:00,1.1788,1041.987,883.945
2026-06-05 15:05:00+00:00,0.7017,433.749,618.111
2026-06-05 15:10:00+00:00,1.1903,941.042,790.603
2026-06-05 15:15:00+00:00,1.6854,1360.276,807.077
2026-06-05 15:20:00+00:00,1.0483,637.14,607.774
2026-06-05 15:25:00+00:00,0.781,1136.797,1455.584
2026-06-05 15:30:00+00:00,1.1999,744.511,620.468
2026-06-05 15:35:00+00:00,0.4327,1661.295,3839.674
2026-06-05 15:40:00+00:00,1.075,3212.964,2988.904
2026-06-05 15:45:00+00:00,1.4884,2039.932,1370.541
2026-06-05 15:50:00+00:00,1.5566,2143.562,1377.083
2026-06-05 15:55:00+00:00,0.5735,446.906,779.281
2026-06-05 16:00:00+00:00,0.6792,1331.237,1959.996
2026-06-05 16:05:00+00:00,0.5495,3781.773,6882.71
2026-06-05 16:10:00+00:00,1.2017,9592.907,7982.66
2026-06-05 16:15:00+00:00,1.1908,3601.388,3024.38
2026-06-05 16:20:00+00:00,0.9293,3127.26,3365.267
2026-06-05 16:25:00+00:00,0.5888,1378.567,2341.392
2026-06-05 16:30:00+00:00,0.7678,994.992,1295.908
2026-06-05 16:35:00+00:00,1.8434,1124.544,610.041
2026-06-05 16:40:00+00:00,0.7071,523.526,740.352
2026-06-05 16:45:00+00:00,1.751,980.164,559.772
2026-06-05 16:50:00+00:00,1.4828,1185.908,799.779
2026-06-05 16:55:00+00:00,1.2418,896.101,721.589
2026-06-05 17:00:00+00:00,0.698,714.448,1023.511
2026-06-05 17:05:00+00:00,0.9956,562.497,564.959
2026-06-05 17:10:00+00:00,0.5789,569.111,983.017
2026-06-05 17:15:00+00:00,0.6889,631.757,917.007
2026-06-05 17:20:00+00:00,1.0191,551.299,540.98
2026-06-05 17:25:00+00:00,0.8403,561.851,668.609
2026-06-05 17:30:00+00:00,0.9798,376.289,384.061
2026-06-05 17:35:00+00:00,0.9717,235.845,242.716
2026-06-05 17:40:00+00:00,1.013,685.459,676.631
2026-06-05 17:45:00+00:00,1.283,506.4,394.687
2026-06-05 17:50:00+00:00,0.9451,217.765,230.421
2026-06-05 17:55:00+00:00,1.0804,174.832,161.823
2026-06-05 18:00:00+00:00,1.1504,482.15,419.122
2026-06-05 18:05:00+00:00,1.0444,273.608,261.978
2026-06-05 18:10:00+00:00,0.8278,325.04,392.649
2026-06-05 18:15:00+00:00,0.8844,822.677,930.245
2026-06-05 18:20:00+00:00,1.0197,952.703,934.28
2026-06-05 18:25:00+00:00,0.8855,945.467,1067.77
2026-06-05 18:30:00+00:00,0.7234,679.528,939.387
2026-06-05 18:35:00+00:00,0.8817,1154.297,1309.189
2026-06-05 18:40:00+00:00,0.6312,1691.66,2680.248
2026-06-05 18:45:00+00:00,0.8136,1444.429,1775.356
2026-06-05 18:50:00+00:00,0.5654,3113.606,5506.768
2026-06-05 18:55:00+00:00,1.1705,2105.99,1799.281
2026-06-05 19:00:00+00:00,0.9611,1601.481,1666.321
2026-06-05 19:05:00+00:00,0.8037,674.612,839.419
2026-06-05 19:10:00+00:00,0.8397,636.229,757.695
2026-06-05 19:15:00+00:00,0.5846,804.296,1375.696
2026-06-05 19:20:00+00:00,1.9465,1458.691,749.406
2026-06-05 19:25:00+00:00,1.0092,1146.107,1135.629
2026-06-05 19:30:00+00:00,0.4869,508.001,1043.381
2026-06-05 19:35:00+00:00,1.2443,436.713,350.97
2026-06-05 19:40:00+00:00,0.7157,556.419,777.416
2026-06-05 19:45:00+00:00,1.389,2488.621,1791.697
2026-06-05 19:50:00+00:00,0.6811,600.721,882.015
2026-06-05 19:55:00+00:00,0.9145,668.146,730.599
2026-06-05 20:00:00+00:00,0.7183,730.467,1016.936
2026-06-05 20:05:00+00:00,1.7723,2636.697,1487.702
2026-06-05 20:10:00+00:00,0.8262,931.699,1127.625
2026-06-05 20:15:00+00:00,1.3249,1246.335,940.688
2026-06-05 20:20:00+00:00,1.4883,988.569,664.218
2026-06-05 20:25:00+00:00,2.1337,755.133,353.911
2026-06-05 20:30:00+00:00,1.397,1024.172,733.113
2026-06-05 20:35:00+00:00,1.0788,422.758,391.863
2026-06-05 20:40:00+00:00,1.5018,583.419,388.481
2026-06-05 20:45:00+00:00,1.1362,569.096,500.882
2026-06-05 20:50:00+00:00,1.555,2324.418,1494.8
2026-06-05 20:55:00+00:00,0.9404,500.963,532.691
2026-06-05 21:00:00+00:00,1.1727,1304.146,1112.089
2026-06-05 21:05:00+00:00,0.7973,704.085,883.085
2026-06-05 21:10:00+00:00,0.5692,420.935,739.482
2026-06-05 21:15:00+00:00,1.1759,693.26,589.557
2026-06-05 21:20:00+00:00,0.7247,346.641,478.351
2026-06-05 21:25:00+00:00,1.065,717.377,673.592
2026-06-05 21:30:00+00:00,0.5964,348.534,584.367
2026-06-05 21:35:00+00:00,1.8101,501.849,277.253
2026-06-05 21:40:00+00:00,1.4376,302.79,210.618
2026-06-05 21:45:00+00:00,0.6684,187.223,280.095
2026-06-05 21:50:00+00:00,1.1111,240.536,216.492
2026-06-05 21:55:00+00:00,0.8989,165.41,184.024
2026-06-05 22:00:00+00:00,0.6605,419.256,634.739
2026-06-05 22:05:00+00:00,1.0522,1030.742,979.617
2026-06-05 22:10:00+00:00,0.7293,316.287,433.705
2026-06-05 22:15:00+00:00,1.5184,987.656,650.473
2026-06-05 22:20:00+00:00,0.9775,494.995,506.364
2026-06-05 22:25:00+00:00,0.8783,371.094,422.53
2026-06-05 22:30:00+00:00,0.9442,486.019,514.722
2026-06-05 22:35:00+00:00,1.4328,587.445,410.008
2026-06-05 22:40:00+00:00,0.8699,339.818,390.641
2026-06-05 22:45:00+00:00,1.1488,434.698,378.385
2026-06-05 22:50:00+00:00,1.2048,928.685,770.79
2026-06-05 22:55:00+00:00,0.5047,453.32,898.206
2026-06-05 23:00:00+00:00,0.9121,565.832,620.356
2026-06-05 23:05:00+00:00,0.8059,628.054,779.341
2026-06-05 23:10:00+00:00,1.3532,751.219,555.142
2026-06-05 23:15:00+00:00,1.1263,1493.39,1325.872
2026-06-05 23:20:00+00:00,0.5341,478.463,895.833
2026-06-05 23:25:00+00:00,1.4737,820.915,557.038
2026-06-05 23:30:00+00:00,0.5133,620.089,1207.942
2026-06-05 23:35:00+00:00,1.6565,438.286,264.582
2026-06-05 23:40:00+00:00,0.9458,243.734,257.696
2026-06-05 23:45:00+00:00,1.1673,238.304,204.157
2026-06-05 23:50:00+00:00,1.8876,343.344,181.895
2026-06-05 23:55:00+00:00,1.1964,372.078,311.003
2026-06-06 00:00:00+00:00,1.1787,1038.322,880.923
2026-06-06 00:05:00+00:00,1.4352,534.994,372.763
2026-06-06 00:10:00+00:00,1.0472,170.591,162.896
2026-06-06 00:15:00+00:00,0.4018,307.491,765.283
2026-06-06 00:20:00+00:00,0.4089,266.571,651.968
2026-06-06 00:25:00+00:00,0.89,186.533,209.576
2026-06-06 00:30:00+00:00,1.4297,223.935,156.632
2026-06-06 00:35:00+00:00,0.6016,136.724,227.28
2026-06-06 00:40:00+00:00,0.5697,133.99,235.204
2026-06-06 00:45:00+00:00,1.1003,211.813,192.513
2026-06-06 00:50:00+00:00,1.1469,110.136,96.03
2026-06-06 00:55:00+00:00,0.5966,103.47,173.431
2026-06-06 01:00:00+00:00,1.2116,117.733,97.171
2026-06-06 01:05:00+00:00,0.8616,107.736,125.044
2026-06-06 01:10:00+00:00,0.4101,132.792,323.77
2026-06-06 01:15:00+00:00,0.7051,178.155,252.652
2026-06-06 01:20:00+00:00,0.3483,200.944,576.937
2026-06-06 01:25:00+00:00,1.8306,257.083,140.433
2026-06-06 01:30:00+00:00,1.7481,306.546,175.358
2026-06-06 01:35:00+00:00,0.6022,107.819,179.028
2026-06-06 01:40:00+00:00,0.6567,128.978,196.403
2026-06-06 01:45:00+00:00,0.8491,97.043,114.288
2026-06-06 01:50:00+00:00,1.4226,316.105,222.203
2026-06-06 01:55:00+00:00,0.8922,121.916,136.651
2026-06-06 02:00:00+00:00,0.8804,129.334,146.91
2026-06-06 02:05:00+00:00,0.7837,290.311,370.458
2026-06-06 02:10:00+00:00,1.291,201.408,156.014
2026-06-06 02:15:00+00:00,0.2974,257.89,867.274
2026-06-06 02:20:00+00:00,1.3649,423.877,310.562
2026-06-06 02:25:00+00:00,0.6995,111.068,158.772
2026-06-06 02:30:00+00:00,0.9344,193.004,206.557
2026-06-06 02:35:00+00:00,1.1519,175.136,152.044
2026-06-06 02:40:00+00:00,0.7722,113.404,146.853
2026-06-06 02:45:00+00:00,1.6619,365.26,219.785
2026-06-06 02:50:00+00:00,0.7089,173.11,244.197
2026-06-06 02:55:00+00:00,0.4171,86.522,207.44
2026-06-06 03:00:00+00:00,1.1861,166.82,140.649
2026-06-06 03:05:00+00:00,1.0741,187.186,174.278
2026-06-06 03:10:00+00:00,1.6674,186.978,112.139
2026-06-06 03:15:00+00:00,1.1715,110.335,94.184
2026-06-06 03:20:00+00:00,0.5567,156.053,280.297
2026-06-06 03:25:00+00:00,0.82,242.312,295.497
2026-06-06 03:30:00+00:00,0.4894,438.914,896.808
2026-06-06 03:35:00+00:00,1.7656,419.027,237.333
2026-06-06 03:40:00+00:00,1.0738,296.704,276.304
2026-06-06 03:45:00+00:00,1.0918,118.432,108.473
2026-06-06 03:50:00+00:00,1.1147,185.553,166.456
2026-06-06 03:55:00+00:00,1.1131,99.375,89.278
2026-06-06 04:00:00+00:00,1.3771,302.054,219.333
2026-06-06 04:05:00+00:00,0.6265,740.98,1182.659
2026-06-06 04:10:00+00:00,0.7978,1062.889,1332.259
2026-06-06 04:15:00+00:00,1.3485,1457.766,1080.996
2026-06-06 04:20:00+00:00,0.8227,650.26,790.403
2026-06-06 04:25:00+00:00,0.5802,670.554,1155.809
2026-06-06 04:30:00+00:00,0.6025,1391.443,2309.614
2026-06-06 04:35:00+00:00,1.5188,1527.94,1006.008
2026-06-06 04:40:00+00:00,1.2179,509.444,418.295
2026-06-06 04:45:00+00:00,1.2955,893.546,689.733
2026-06-06 04:50:00+00:00,2.0354,1214.573,596.711
2026-06-06 04:55:00+00:00,0.6672,327.589,490.993
2026-06-06 05:00:00+00:00,0.8089,793.81,981.385
2026-06-06 05:05:00+00:00,1.0814,632.218,584.646
2026-06-06 05:10:00+00:00,0.782,738.916,944.874
2026-06-06 05:15:00+00:00,2.0853,755.53,362.317
2026-06-06 05:20:00+00:00,1.9784,4267.748,2157.183
2026-06-06 05:25:00+00:00,1.3353,1261.014,944.36
2026-06-06 05:30:00+00:00,0.6344,719.298,1133.851
2026-06-06 05:35:00+00:00,1.1525,756.017,655.984
2026-06-06 05:40:00+00:00,0.9779,265.716,271.717
2026-06-06 05:45:00+00:00,0.9713,486.203,500.588
2026-06-06 05:50:00+00:00,1.0297,518.714,503.748
2026-06-06 05:55:00+00:00,0.957,222.719,232.735
2026-06-06 06:00:00+00:00,1.5331,1154.813,753.257
2026-06-06 06:05:00+00:00,1.0657,511.867,480.319
2026-06-06 06:10:00+00:00,1.294,546.327,422.193
2026-06-06 06:15:00+00:00,0.6843,655.559,957.99
2026-06-06 06:20:00+00:00,1.5536,540.904,348.156
2026-06-06 06:25:00+00:00,0.6804,267.148,392.637
2026-06-06 06:30:00+00:00,0.3828,259.819,678.764
2026-06-06 06:35:00+00:00,0.8528,328.661,385.374
2026-06-06 06:40:00+00:00,0.5321,355.464,668.102
2026-06-06 06:45:00+00:00,0.8933,300.752,336.682
2026-06-06 06:50:00+00:00,0.8598,432.228,502.733
2026-06-06 06:55:00+00:00,0.7824,179.972,230.04
2026-06-06 07:00:00+00:00,0.9233,189.625,205.374
2026-06-06 07:05:00+00:00,2.2628,745.02,329.244
2026-06-06 07:10:00+00:00,0.7231,511.566,707.493
2026-06-06 07:15:00+00:00,0.9099,517.842,569.144
2026-06-06 07:20:00+00:00,0.9944,239.281,240.638
2026-06-06 07:25:00+00:00,0.6884,259.045,376.304
2026-06-06 07:30:00+00:00,2.3554,286.515,121.642
2026-06-06 07:35:00+00:00,1.1146,232.071,208.216
2026-06-06 07:40:00+00:00,1.0245,283.469,276.701
2026-06-06 07:45:00+00:00,0.5756,164.656,286.065
2026-06-06 07:50:00+00:00,0.7642,109.687,143.537
2026-06-06 07:55:00+00:00,0.676,131.261,194.184
2026-06-06 08:00:00+00:00,1.1104,279.39,251.613
2026-06-06 08:05:00+00:00,1.5573,210.852,135.398
2026-06-06 08:10:00+00:00,1.0558,301.982,286.018
2026-06-06 08:15:00+00:00,1.0369,189.927,183.173
2026-06-06 08:20:00+00:00,1.4359,202.09,140.742
2026-06-06 08:25:00+00:00,3.3454,1543.179,461.29
2026-06-06 08:30:00+00:00,1.3112,756.214,576.735
2026-06-06 08:35:00+00:00,0.778,328.494,422.25
2026-06-06 08:40:00+00:00,1.8576,191.741,103.218
2026-06-06 08:45:00+00:00,0.9861,301.984,306.247
2026-06-06 08:50:00+00:00,1.1574,323.242,279.273
2026-06-06 08:55:00+00:00,0.4207,210.064,499.295
2026-06-06 09:00:00+00:00,0.7113,321.881,452.522
2026-06-06 09:05:00+00:00,0.8281,194.551,234.924
2026-06-06 09:10:00+00:00,1.2293,201.065,163.557
2026-06-06 09:15:00+00:00,0.7568,86.854,114.766
2026-06-06 09:20:00+00:00,0.5434,147.191,270.853
2026-06-06 09:25:00+00:00,2.6813,262.386,97.858
2026-06-06 09:30:00+00:00,0.8247,86.59,104.995
2026-06-06 09:35:00+00:00,1.136,103.753,91.331
2026-06-06 09:40:00+00:00,0.8509,245.482,288.511
2026-06-06 09:45:00+00:00,0.6208,383.633,617.994
2026-06-06 09:50:00+00:00,0.9185,242.326,263.823
2026-06-06 09:55:00+00:00,0.9017,158.027,175.257
2026-06-06 10:00:00+00:00,0.7886,582.152,738.17
2026-06-06 10:05:00+00:00,0.9162,258.092,281.684
2026-06-06 10:10:00+00:00,1.0114,759.404,750.831
2026-06-06 10:15:00+00:00,0.5651,541.097,957.53
2026-06-06 10:20:00+00:00,1.2453,483.255,388.077
2026-06-06 10:25:00+00:00,0.5777,212.402,367.638
2026-06-06 10:30:00+00:00,0.4103,1204.701,2936.403
2026-06-06 10:35:00+00:00,0.7601,483.331,635.915
2026-06-06 10:40:00+00:00,2.1332,615.504,288.536
2026-06-06 10:45:00+00:00,0.9451,296.434,313.64
2026-06-06 10:50:00+00:00,1.6432,601.357,365.956
2026-06-06 10:55:00+00:00,0.9522,225.458,236.785
2026-06-06 11:00:00+00:00,2.2179,989.276,446.035
2026-06-06 11:05:00+00:00,0.7992,168.126,210.362
2026-06-06 11:10:00+00:00,0.6556,137.567,209.828
2026-06-06 11:15:00+00:00,1.2188,329.784,270.588
2026-06-06 11:20:00+00:00,0.9037,179.597,198.73
2026-06-06 11:25:00+00:00,1.2089,172.757,142.901
2026-06-06 11:30:00+00:00,0.714,156.947,219.816
2026-06-06 11:35:00+00:00,0.7037,149.825,212.922
2026-06-06 11:40:00+00:00,0.9129,129.953,142.347
2026-06-06 11:45:00+00:00,1.4579,298.935,205.048
2026-06-06 11:50:00+00:00,0.6307,109.66,173.864
2026-06-06 11:55:00+00:00,0.6317,166.561,263.689
2026-06-06 12:00:00+00:00,2.6492,728.604,275.031
2026-06-06 12:05:00+00:00,1.1471,444.745,387.704
2026-06-06 12:10:00+00:00,0.871,181.542,208.42
2026-06-06 12:15:00+00:00,0.3738,186.151,498.053
2026-06-06 12:20:00+00:00,0.5762,210.903,366.052
2026-06-06 12:25:00+00:00,0.4124,455.001,1103.226
2026-06-06 12:30:00+00:00,0.6137,454.633,740.832
2026-06-06 12:35:00+00:00,0.4662,160.952,345.209
2026-06-06 12:40:00+00:00,1.8467,218.302,118.215
2026-06-06 12:45:00+00:00,0.979,489.186,499.681
2026-06-06 12:50:00+00:00,1.6275,781.94,480.441
2026-06-06 12:55:00+00:00,0.7565,176.746,233.635
2026-06-06 13:00:00+00:00,1.0029,306.273,305.374
2026-06-06 13:05:00+00:00,0.6444,137.304,213.068
2026-06-06 13:10:00+00:00,1.156,117.564,101.703
2026-06-06 13:15:00+00:00,0.8225,145.298,176.647
2026-06-06 13:20:00+00:00,0.8177,153.078,187.199
2026-06-06 13:25:00+00:00,0.7683,165.86,215.884
2026-06-06 13:30:00+00:00,0.8251,493.604,598.256
2026-06-06 13:35:00+00:00,1.5269,246.338,161.329
2026-06-06 13:40:00+00:00,1.3005,161.961,124.534
2026-06-06 13:45:00+00:00,0.8775,312.171,355.744
2026-06-06 13:50:00+00:00,0.6148,99.947,162.566
2026-06-06 13:55:00+00:00,1.3883,152.537,109.872
2026-06-06 14:00:00+00:00,2.5674,377.536,147.048
2026-06-06 14:05:00+00:00,0.8218,145.511,177.057
2026-06-06 14:10:00+00:00,0.537,105.643,196.745
2026-06-06 14:15:00+00:00,1.4867,120.651,81.153
2026-06-06 14:20:00+00:00,0.8928,132.689,148.622
2026-06-06 14:25:00+00:00,0.6537,106.629,163.112
2026-06-06 14:30:00+00:00,0.7055,114.76,162.654
2026-06-06 14:35:00+00:00,1.1241,144.38,128.443
2026-06-06 14:40:00+00:00,0.5497,94.192,171.358
2026-06-06 14:45:00+00:00,1.3783,112.369,81.525
2026-06-06 14:50:00+00:00,1.1267,123.738,109.821
2026-06-06 14:55:00+00:00,0.6737,166.005,246.404
2026-06-06 15:00:00+00:00,1.0467,515.905,492.871
2026-06-06 15:05:00+00:00,1.3263,606.715,457.436
2026-06-06 15:10:00+00:00,0.9035,225.893,250.018
2026-06-06 15:15:00+00:00,0.5278,513.216,972.337
2026-06-06 15:20:00+00:00,1.423,372.104,261.499
2026-06-06 15:25:00+00:00,1.25,190.875,152.698
2026-06-06 15:30:00+00:00,1.6171,328.035,202.858
2026-06-06 15:35:00+00:00,1.9447,398.337,204.835
2026-06-06 15:40:00+00:00,1.4578,386.372,265.03
2026-06-06 15:45:00+00:00,0.8449,151.708,179.563
2026-06-06 15:50:00+00:00,0.8509,94.994,111.633
2026-06-06 15:55:00+00:00,1.1682,95.236,81.526
2026-06-06 16:00:00+00:00,1.9394,420.943,217.049
2026-06-06 16:05:00+00:00,1.0407,256.626,246.582
2026-06-06 16:10:00+00:00,0.886,118.209,133.425
2026-06-06 16:15:00+00:00,0.9199,84.298,91.635
2026-06-06 16:20:00+00:00,0.7905,139.822,176.885
2026-06-06 16:25:00+00:00,0.3377,249.877,739.984
2026-06-06 16:30:00+00:00,0.6002,422.974,704.687
2026-06-06 16:35:00+00:00,1.5847,262.745,165.796
2026-06-06 16:40:00+00:00,1.7127,344.616,201.216
2026-06-06 16:45:00+00:00,1.3038,326.487,250.417
2026-06-06 16:50:00+00:00,0.6992,80.697,115.413
2026-06-06 16:55:00+00:00,0.404,81.305,201.249
2026-06-06 17:00:00+00:00,0.7029,117.212,166.747
2026-06-06 17:05:00+00:00,0.503,73.752,146.612
2026-06-06 17:10:00+00:00,1.8943,169.847,89.661
2026-06-06 17:15:00+00:00,1.0273,76.537,74.505
2026-06-06 17:20:00+00:00,0.2631,142.615,542.032
2026-06-06 17:25:00+00:00,1.8942,170.322,89.919
2026-06-06 17:30:00+00:00,1.472,104.619,71.073
2026-06-06 17:35:00+00:00,0.8396,224.243,267.082
2026-06-06 17:40:00+00:00,1.8315,239.59,130.815
2026-06-06 17:45:00+00:00,0.6249,121.562,194.519
2026-06-06 17:50:00+00:00,0.7977,103.263,129.454
2026-06-06 17:55:00+00:00,1.2294,247.793,201.549
2026-06-06 18:00:00+00:00,1.521,168.481,110.77
2026-06-06 18:05:00+00:00,0.6518,139.797,214.491
2026-06-06 18:10:00+00:00,1.2743,177.135,139.01
2026-06-06 18:15:00+00:00,1.0245,231.446,225.922
2026-06-06 18:20:00+00:00,0.722,167.691,232.25
2026-06-06 18:25:00+00:00,1.017,275.447,270.833
2026-06-06 18:30:00+00:00,0.8518,105.275,123.59
2026-06-06 18:35:00+00:00,1.3268,95.307,71.831
2026-06-06 18:40:00+00:00,0.8033,54.755,68.159
2026-06-06 18:45:00+00:00,0.5695,108.015,189.677
2026-06-06 18:50:00+00:00,1.0702,133.053,124.33
2026-06-06 18:55:00+00:00,0.9008,72.853,80.876
2026-06-06 19:00:00+00:00,1.0619,96.02,90.42
2026-06-06 19:05:00+00:00,1.1181,181.262,162.112
2026-06-06 19:10:00+00:00,0.9383,130.906,139.514
2026-06-06 19:15:00+00:00,0.6887,94.154,136.718
2026-06-06 19:20:00+00:00,1.391,99.469,71.511
2026-06-06 19:25:00+00:00,1.2066,67.493,55.938
2026-06-06 19:30:00+00:00,1.0365,84.637,81.654
2026-06-06 19:35:00+00:00,1.2801,100.235,78.304
2026-06-06 19:40:00+00:00,1.8738,91.36,48.757
2026-06-06 19:45:00+00:00,0.8241,45.593,55.327
2026-06-06 19:50:00+00:00,1.5,76.088,50.726
2026-06-06 19:55:00+00:00,0.5446,61.711,113.31
2026-06-06 20:00:00+00:00,0.8706,126.449,145.246
2026-06-06 20:05:00+00:00,1.3766,115.316,83.769
2026-06-06 20:10:00+00:00,1.1371,62.441,54.913
2026-06-06 20:15:00+00:00,1.257,149.736,119.12
2026-06-06 20:25:00+00:00,0.9336,41.943,44.924
2026-06-06 20:30:00+00:00,1.2455,93.826,75.33
2026-06-06 20:35:00+00:00,0.9799,81.489,83.164
2026-06-06 20:40:00+00:00,1.5897,269.368,169.45
2026-06-06 20:45:00+00:00,0.7536,89.12,118.265
2026-06-06 20:50:00+00:00,0.7782,51.849,66.63
2026-06-06 20:55:00+00:00,0.4668,78.733,168.668
2026-06-06 21:00:00+00:00,1.9055,173.17,90.879
2026-06-06 21:05:00+00:00,1.1605,60.112,51.798
2026-06-06 21:10:00+00:00,2.6413,443.57,167.939
2026-06-06 21:15:00+00:00,0.8033,82.619,102.849
2026-06-06 21:20:00+00:00,1.6362,325.049,198.665
2026-06-06 21:25:00+00:00,0.7637,79.892,104.606
2026-06-06 21:30:00+00:00,1.3544,153.664,113.454
2026-06-06 21:35:00+00:00,0.3793,80.552,212.356
2026-06-06 21:40:00+00:00,1.5044,119.328,79.318
2026-06-06 21:45:00+00:00,0.9427,58.454,62.005
2026-06-06 21:50:00+00:00,0.8239,41.872,50.821
2026-06-06 21:55:00+00:00,0.6636,77.981,117.515
2026-06-06 22:00:00+00:00,0.8033,284.77,354.502
2026-06-06 22:05:00+00:00,0.7753,247.733,319.547
2026-06-06 22:10:00+00:00,1.7192,283.584,164.952
2026-06-06 22:15:00+00:00,1.8481,252.248,136.488
2026-06-06 22:20:00+00:00,0.5461,214.703,393.171
2026-06-06 22:25:00+00:00,1.1242,355.186,315.952
2026-06-06 22:30:00+00:00,1.4542,286.73,197.172
2026-06-06 22:35:00+00:00,1.1346,119.704,105.5
2026-06-06 22:40:00+00:00,1.1371,88.663,77.974
2026-06-06 22:45:00+00:00,2.4307,198.981,81.861
2026-06-06 22:50:00+00:00,2.377,176.849,74.399
2026-06-06 22:55:00+00:00,0.502,86.382,172.072
2026-06-06 23:00:00+00:00,1.3471,142.602,105.86
2026-06-06 23:05:00+00:00,0.9837,75.973,77.228
2026-06-06 23:10:00+00:00,0.8437,143.891,170.545
2026-06-06 23:15:00+00:00,0.7247,90.9,125.439
2026-06-06 23:20:00+00:00,0.5035,42.06,83.536
2026-06-06 23:25:00+00:00,1.2063,94.299,78.174
2026-06-06 23:30:00+00:00,0.496,41.297,83.26
2026-06-06 23:35:00+00:00,1.8143,249.868,137.723
2026-06-06 23:40:00+00:00,0.899,233.979,260.253
2026-06-06 23:45:00+00:00,1.7942,286.895,159.899
2026-06-06 23:50:00+00:00,0.6716,58.478,87.078
2026-06-06 23:55:00+00:00,0.9196,136.933,148.901
2026-06-07 00:00:00+00:00,0.8579,169.115,197.124
2026-06-07 00:05:00+00:00,0.6779,118.602,174.946
2026-06-07 00:10:00+00:00,0.9423,108.646,115.293
2026-06-07 00:15:00+00:00,1.5556,106.692,68.585
2026-06-07 00:20:00+00:00,0.9018,90.997,100.902
2026-06-07 00:25:00+00:00,0.9573,89.485,93.477
2026-06-07 00:30:00+00:00,1.498,262.119,174.981
2026-06-07 00:35:00+00:00,0.5394,117.238,217.348
2026-06-07 00:40:00+00:00,0.4214,72.608,172.308
2026-06-07 00:45:00+00:00,0.5476,82.125,149.961
2026-06-07 00:50:00+00:00,1.1688,80.071,68.506
2026-06-07 00:55:00+00:00,1.1255,82.091,72.936
2026-06-07 01:00:00+00:00,1.1261,979.438,869.735
2026-06-07 01:05:00+00:00,1.8989,1488.649,783.944
2026-06-07 01:10:00+00:00,1.2249,519.811,424.37
2026-06-07 01:15:00+00:00,2.0575,1972.99,958.915
2026-06-07 01:20:00+00:00,1.2322,569.834,462.436
2026-06-07 01:25:00+00:00,1.8322,510.73,278.759
2026-06-07 01:30:00+00:00,0.6227,285.433,458.416
2026-06-07 01:35:00+00:00,0.6194,177.097,285.913
2026-06-07 01:40:00+00:00,0.6927,183.373,264.712
2026-06-07 01:45:00+00:00,1.5958,538.937,337.723
2026-06-07 01:50:00+00:00,0.8559,154.031,179.958
2026-06-07 01:55:00+00:00,0.4415,230.228,521.493
2026-06-07 02:00:00+00:00,1.3143,190.218,144.726
2026-06-07 02:05:00+00:00,1.5078,172.95,114.703
2026-06-07 02:10:00+00:00,0.6473,100.574,155.374
2026-06-07 02:15:00+00:00,0.5489,199.904,364.184
2026-06-07 02:20:00+00:00,0.7107,322.592,453.877
2026-06-07 02:25:00+00:00,0.9806,178.359,181.881
2026-06-07 02:30:00+00:00,1.4299,191.217,133.723
2026-06-07 02:35:00+00:00,1.0398,120.647,116.025
2026-06-07 02:40:00+00:00,1.6953,115.54,68.155
2026-06-07 02:45:00+00:00,2.1783,480.103,220.407
2026-06-07 02:50:00+00:00,2.7017,647.188,239.55
2026-06-07 02:55:00+00:00,1.4062,236.791,168.39
2026-06-07 03:00:00+00:00,1.1966,175.031,146.269
2026-06-07 03:05:00+00:00,2.8004,339.344,121.178
2026-06-07 03:10:00+00:00,1.2743,152.678,119.815
2026-06-07 03:15:00+00:00,3.4221,1074.207,313.901
2026-06-07 03:20:00+00:00,1.002,424.964,424.131
2026-06-07 03:25:00+00:00,0.8002,163.118,203.851
2026-06-07 03:30:00+00:00,1.1695,210.094,179.646
2026-06-07 03:35:00+00:00,0.6942,79.124,113.982
2026-06-07 03:40:00+00:00,1.6784,141.733,84.444
2026-06-07 03:45:00+00:00,0.5999,70.133,116.901
2026-06-07 03:50:00+00:00,1.1057,70.205,63.492
2026-06-07 03:55:00+00:00,1.724,157.29,91.234
2026-06-07 04:00:00+00:00,0.625,206.295,330.098
2026-06-07 04:05:00+00:00,0.7504,102.503,136.6
2026-06-07 04:10:00+00:00,0.6498,145.906,224.538
2026-06-07 04:15:00+00:00,1.8575,120.349,64.792
2026-06-07 04:20:00+00:00,0.5861,78.872,134.572
2026-06-07 04:25:00+00:00,0.9863,173.018,175.417
2026-06-07 04:30:00+00:00,1.6808,132.486,78.822
2026-06-07 04:35:00+00:00,1.3658,159.774,116.983
2026-06-07 04:40:00+00:00,1.7968,542.339,301.83
2026-06-07 04:45:00+00:00,0.8129,192.198,236.449
2026-06-07 04:50:00+00:00,1.8626,493.167,264.77
2026-06-07 04:55:00+00:00,3.4461,669.166,194.182
2026-06-07 05:00:00+00:00,0.7889,208.221,263.927
2026-06-07 05:05:00+00:00,1.0654,156.069,146.488
2026-06-07 05:10:00+00:00,2.1701,530.527,244.466
2026-06-07 05:15:00+00:00,1.5277,2092.129,1369.423
2026-06-07 05:20:00+00:00,0.901,549.013,609.317
2026-06-07 05:25:00+00:00,0.4427,215.116,485.882
2026-06-07 05:30:00+00:00,0.6251,286.189,457.841
2026-06-07 05:35:00+00:00,1.5854,267.564,168.768
2026-06-07 05:40:00+00:00,1.103,213.078,193.18
2026-06-07 05:45:00+00:00,0.6019,132.543,220.191
2026-06-07 05:50:00+00:00,0.6485,114.282,176.228
2026-06-07 05:55:00+00:00,0.6362,100.283,157.621
2026-06-07 06:00:00+00:00,0.5472,165.103,301.71
2026-06-07 06:05:00+00:00,1.249,149.928,120.034
2026-06-07 06:10:00+00:00,1.2592,110.162,87.488
2026-06-07 06:15:00+00:00,2.9315,525.371,179.216
2026-06-07 06:20:00+00:00,1.8321,326.727,178.338
2026-06-07 06:25:00+00:00,2.0772,709.066,341.358
2026-06-07 06:30:00+00:00,2.2513,1308.292,581.139
2026-06-07 06:35:00+00:00,1.2008,1276.339,1062.907
2026-06-07 06:40:00+00:00,1.6159,467.739,289.456
2026-06-07 06:45:00+00:00,1.5691,414.135,263.937
2026-06-07 06:50:00+00:00,0.7134,270.43,379.086
2026-06-07 06:55:00+00:00,1.1587,205.462,177.327
2026-06-07 07:00:00+00:00,1.7154,723.605,421.84
2026-06-07 07:05:00+00:00,1.3719,777.627,566.844
2026-06-07 07:10:00+00:00,0.5332,83.281,156.183
2026-06-07 07:15:00+00:00,1.2446,263.451,211.682
2026-06-07 07:20:00+00:00,1.5748,199.411,126.627
2026-06-07 07:25:00+00:00,0.6733,201.987,300.009
2026-06-07 07:30:00+00:00,0.711,205.93,289.627
2026-06-07 07:35:00+00:00,0.918,135.762,147.891
2026-06-07 07:40:00+00:00,0.6367,152.261,239.128
2026-06-07 07:45:00+00:00,0.473,144.38,305.254
2026-06-07 07:50:00+00:00,4.4514,1246.552,280.034
2026-06-07 07:55:00+00:00,2.1416,1151.276,537.568
2026-06-07 08:00:00+00:00,1.364,603.494,442.44
2026-06-07 08:05:00+00:00,0.3,287.986,959.957
2026-06-07 08:10:00+00:00,0.6392,199.748,312.489
2026-06-07 08:15:00+00:00,0.4426,214.849,485.455
2026-06-07 08:20:00+00:00,1.4885,501.878,337.177
2026-06-07 08:25:00+00:00,2.046,1145.011,559.627
2026-06-07 08:30:00+00:00,0.81,319.001,393.85
2026-06-07 08:35:00+00:00,0.7446,791.382,1062.862
2026-06-07 08:40:00+00:00,0.6563,506.037,771.098
2026-06-07 08:45:00+00:00,1.4128,2028.177,1435.622
2026-06-07 08:50:00+00:00,1.7371,704.636,405.649
2026-06-07 08:55:00+00:00,0.9506,843.217,887.045
2026-06-07 09:00:00+00:00,0.9176,378.254,412.238
2026-06-07 09:05:00+00:00,0.8729,351.272,402.431
2026-06-07 09:10:00+00:00,1.1061,276.517,249.992
2026-06-07 09:15:00+00:00,1.3633,329.035,241.359
2026-06-07 09:20:00+00:00,0.5319,283.749,533.419
2026-06-07 09:25:00+00:00,0.7256,219.951,303.11
2026-06-07 09:30:00+00:00,0.5217,226.95,435.021
2026-06-07 09:35:00+00:00,0.5054,238.444,471.778
2026-06-07 09:40:00+00:00,0.8806,205.391,233.25
2026-06-07 09:45:00+00:00,0.3448,282.362,818.952
2026-06-07 09:50:00+00:00,1.2582,440.363,350.004
2026-06-07 09:55:00+00:00,1.0118,150.708,148.944
2026-06-07 10:00:00+00:00,0.5802,276.077,475.859
2026-06-07 10:05:00+00:00,0.7552,189.415,250.817
2026-06-07 10:10:00+00:00,1.0551,159.513,151.177
2026-06-07 10:15:00+00:00,1.2092,178.822,147.888
2026-06-07 10:20:00+00:00,1.4846,238.885,160.905
2026-06-07 10:25:00+00:00,1.2114,152.319,125.737
2026-06-07 10:30:00+00:00,0.9837,212.607,216.139
2026-06-07 10:35:00+00:00,0.7116,201.906,283.755
2026-06-07 10:40:00+00:00,1.2847,269.053,209.429
2026-06-07 10:45:00+00:00,0.9819,270.975,275.975
2026-06-07 10:50:00+00:00,1.1938,241.213,202.063
2026-06-07 10:55:00+00:00,1.6493,215.027,130.374
2026-06-07 11:00:00+00:00,1.9237,273.118,141.977
2026-06-07 11:05:00+00:00,2.6859,466.797,173.794
2026-06-07 11:10:00+00:00,0.6501,156.999,241.515
2026-06-07 11:15:00+00:00,1.6259,263.385,161.994
2026-06-07 11:20:00+00:00,1.9961,187.02,93.691
2026-06-07 11:25:00+00:00,1.5957,258.785,162.175
2026-06-07 11:30:00+00:00,0.874,127.076,145.397
2026-06-07 11:35:00+00:00,1.5938,441.344,276.913
2026-06-07 11:40:00+00:00,1.3996,168.346,120.279
2026-06-07 11:45:00+00:00,1.913,414.589,216.718
2026-06-07 11:50:00+00:00,0.8722,229.992,263.697
2026-06-07 11:55:00+00:00,0.7394,114.604,155.003
2026-06-07 12:00:00+00:00,0.8566,122.606,143.136
2026-06-07 12:05:00+00:00,0.3744,237.404,634.048
2026-06-07 12:10:00+00:00,0.5133,1329.073,2589.232
2026-06-07 12:15:00+00:00,0.6268,1414.27,2256.423
2026-06-07 12:20:00+00:00,1.579,1033.742,654.677
2026-06-07 12:25:00+00:00,1.0455,393.859,376.716
2026-06-07 12:30:00+00:00,0.5464,1048.023,1918.043
2026-06-07 12:35:00+00:00,1.5945,632.158,396.472
2026-06-07 12:40:00+00:00,0.527,1250.647,2373.26
2026-06-07 12:45:00+00:00,1.8307,789.278,431.133
2026-06-07 12:50:00+00:00,1.0871,415.098,381.852
2026-06-07 12:55:00+00:00,1.861,632.516,339.878
2026-06-07 13:00:00+00:00,0.5109,220.484,431.551
2026-06-07 13:05:00+00:00,0.8467,368.274,434.934
2026-06-07 13:10:00+00:00,1.1477,339.247,295.586
2026-06-07 13:15:00+00:00,0.5314,267.843,504.031
2026-06-07 13:20:00+00:00,1.7516,201.776,115.192
2026-06-07 13:25:00+00:00,1.6501,284.622,172.484
2026-06-07 13:30:00+00:00,1.4813,326.914,220.692
2026-06-07 13:35:00+00:00,0.7857,316.653,403.003
2026-06-07 13:40:00+00:00,1.2652,186.623,147.507
2026-06-07 13:45:00+00:00,1.2036,138.791,115.315
2026-06-07 13:50:00+00:00,1.4072,148.255,105.358
2026-06-07 13:55:00+00:00,0.8129,91.667,112.766
2026-06-07 14:00:00+00:00,1.4629,160.225,109.523
2026-06-07 14:05:00+00:00,2.1773,168.096,77.203
2026-06-07 14:10:00+00:00,2.0238,188.362,93.073
2026-06-07 14:15:00+00:00,0.9633,417.97,433.89
2026-06-07 14:20:00+00:00,1.522,942.532,619.269
2026-06-07 14:25:00+00:00,1.4261,728.763,511.012
2026-06-07 14:30:00+00:00,2.2357,1408.785,630.14
2026-06-07 14:35:00+00:00,0.666,217.995,327.339
2026-06-07 14:40:00+00:00,0.5474,486.517,888.804
2026-06-07 14:45:00+00:00,0.6571,356.37,542.362
2026-06-07 14:50:00+00:00,0.9716,282.136,290.388
2026-06-07 14:55:00+00:00,0.909,106.941,117.653
2026-06-07 15:00:00+00:00,0.8773,188.482,214.834
2026-06-07 15:05:00+00:00,1.2271,488.463,398.073
2026-06-07 15:10:00+00:00,2.6678,269.498,101.019
2026-06-07 15:15:00+00:00,1.5113,244.844,162.004
2026-06-07 15:20:00+00:00,1.1626,297.37,255.785
2026-06-07 15:25:00+00:00,2.5246,622.904,246.737
2026-06-07 15:30:00+00:00,1.3077,632.144,483.391
2026-06-07 15:35:00+00:00,1.4828,274.433,185.072
2026-06-07 15:40:00+00:00,1.3091,230.222,175.858
2026-06-07 15:45:00+00:00,0.5151,127.895,248.291
2026-06-07 15:50:00+00:00,1.5758,336.632,213.628
2026-06-07 15:55:00+00:00,0.6775,146.552,216.324
2026-06-07 16:00:00+00:00,0.6533,180.206,275.848
2026-06-07 16:05:00+00:00,0.6085,221.771,364.427
2026-06-07 16:10:00+00:00,1.8874,364.04,192.881
2026-06-07 16:15:00+00:00,1.2921,213.178,164.98
2026-06-07 16:20:00+00:00,1.4716,267.722,181.931
2026-06-07 16:25:00+00:00,1.0601,440.152,415.184
2026-06-07 16:30:00+00:00,0.9366,153.024,163.381
2026-06-07 16:35:00+00:00,0.7131,63.966,89.701
2026-06-07 16:40:00+00:00,0.6825,84.13,123.268
2026-06-07 16:45:00+00:00,0.6551,80.455,122.808
2026-06-07 16:50:00+00:00,1.2042,74.131,61.559
2026-06-07 16:55:00+00:00,0.4568,286.087,626.338
2026-06-07 17:00:00+00:00,3.5984,453.781,126.108
2026-06-07 17:05:00+00:00,1.0255,203.241,198.187
2026-06-07 17:10:00+00:00,1.0911,129.526,118.706
2026-06-07 17:15:00+00:00,1.0334,119.767,115.897
2026-06-07 17:20:00+00:00,1.5013,212.031,141.23
2026-06-07 17:25:00+00:00,0.7435,49.866,67.066
2026-06-07 17:30:00+00:00,2.3806,291.317,122.369
2026-06-07 17:35:00+00:00,1.0814,112.396,103.94
2026-06-07 17:40:00+00:00,2.1019,322.7,153.526
2026-06-07 17:45:00+00:00,0.4827,184.428,382.039
2026-06-07 17:50:00+00:00,0.4483,110.731,247.018
2026-06-07 17:55:00+00:00,0.8278,41.047,49.585
2026-06-07 18:00:00+00:00,1.4102,107.578,76.284
2026-06-07 18:05:00+00:00,1.2773,65.622,51.374
2026-06-07 18:10:00+00:00,1.6241,78.358,48.247
2026-06-07 18:15:00+00:00,0.6985,74.219,106.254
2026-06-07 18:20:00+00:00,1.1276,53.895,47.796
2026-06-07 18:25:00+00:00,1.3149,41.833,31.814
2026-06-07 18:30:00+00:00,1.1704,89.775,76.706
2026-06-07 18:35:00+00:00,0.7685,95.465,124.226
2026-06-07 18:40:00+00:00,1.0038,28.141,28.035
2026-06-07 18:45:00+00:00,0.7221,46.826,64.851
2026-06-07 18:50:00+00:00,0.5537,104.085,187.989
2026-06-07 18:55:00+00:00,0.7528,190.933,253.616
2026-06-07 19:00:00+00:00,0.4952,734.955,1484.195
2026-06-07 19:05:00+00:00,0.6643,596.681,898.181
2026-06-07 19:10:00+00:00,1.9664,535.15,272.143
2026-06-07 19:15:00+00:00,0.3909,925.049,2366.276
2026-06-07 19:20:00+00:00,1.9118,668.97,349.914
2026-06-07 19:25:00+00:00,0.9075,379.091,417.721
2026-06-07 19:30:00+00:00,0.7679,240.118,312.69
2026-06-07 19:35:00+00:00,0.7201,250.373,347.702
2026-06-07 19:40:00+00:00,0.5165,519.283,1005.301
2026-06-07 19:45:00+00:00,1.8997,637.97,335.824
2026-06-07 19:50:00+00:00,1.5422,927.33,601.308
2026-06-07 19:55:00+00:00,0.7507,269.334,358.796
2026-06-07 20:00:00+00:00,1.0619,406.958,383.218
2026-06-07 20:05:00+00:00,1.3067,383.123,293.191
2026-06-07 20:10:00+00:00,1.0826,601.018,555.18
2026-06-07 20:15:00+00:00,0.8583,171.068,199.312
2026-06-07 20:20:00+00:00,2.0213,1078.666,533.647
2026-06-07 20:25:00+00:00,0.7519,133.394,177.413
2026-06-07 20:30:00+00:00,1.3636,174.718,128.127
2026-06-07 20:35:00+00:00,0.4065,103.608,254.873
2026-06-07 20:40:00+00:00,1.7851,154.627,86.619
2026-06-07 20:45:00+00:00,2.3446,197.596,84.278
2026-06-07 20:50:00+00:00,1.7024,290.895,170.878
2026-06-07 20:55:00+00:00,0.8236,80.426,97.65
2026-06-07 21:00:00+00:00,0.5782,119.0,205.796
2026-06-07 21:05:00+00:00,0.964,132.572,137.522
2026-06-07 21:10:00+00:00,2.0146,254.198,126.178
2026-06-07 21:15:00+00:00,0.634,88.349,139.345
2026-06-07 21:20:00+00:00,0.6106,102.605,168.046
2026-06-07 21:25:00+00:00,1.1926,73.78,61.867
2026-06-07 21:30:00+00:00,0.6981,59.979,85.923
2026-06-07 21:35:00+00:00,1.0172,334.864,329.198
2026-06-07 21:40:00+00:00,0.4022,116.425,289.496
2026-06-07 21:45:00+00:00,1.1303,71.779,63.504
2026-06-07 21:50:00+00:00,0.6496,80.717,124.264
2026-06-07 21:55:00+00:00,1.5803,204.708,129.539
2026-06-07 22:00:00+00:00,1.0928,326.34,298.618
2026-06-07 22:05:00+00:00,1.308,204.575,156.407
2026-06-07 22:10:00+00:00,2.0183,6565.267,3252.929
2026-06-07 22:15:00+00:00,0.9912,5891.313,5943.367
2026-06-07 22:20:00+00:00,0.8791,1314.761,1495.562
2026-06-07 22:25:00+00:00,1.1522,620.934,538.925
2026-06-07 22:30:00+00:00,1.1978,667.463,557.246
2026-06-07 22:35:00+00:00,1.4993,1236.837,824.931
2026-06-07 22:40:00+00:00,0.9338,308.096,329.931
2026-06-07 22:45:00+00:00,0.9985,327.344,327.838
2026-06-07 22:50:00+00:00,0.978,206.941,211.587
2026-06-07 22:55:00+00:00,0.571,380.801,666.873
2026-06-07 23:00:00+00:00,0.8997,403.13,448.048
2026-06-07 23:05:00+00:00,0.6573,404.332,615.138
2026-06-07 23:10:00+00:00,1.577,341.856,216.78
2026-06-07 23:15:00+00:00,0.6942,216.073,311.252
2026-06-07 23:20:00+00:00,0.9399,191.898,204.163
2026-06-07 23:25:00+00:00,1.6212,695.194,428.808
2026-06-07 23:30:00+00:00,0.6883,274.953,399.441
2026-06-07 23:35:00+00:00,0.7221,144.412,199.991
2026-06-07 23:40:00+00:00,1.2515,190.409,152.148
2026-06-07 23:45:00+00:00,1.0888,518.867,476.534
2026-06-07 23:50:00+00:00,0.5601,308.056,550.027
2026-06-07 23:55:00+00:00,0.8686,192.584,221.706
2026-06-08 00:00:00+00:00,0.5853,271.171,463.312
2026-06-08 00:05:00+00:00,0.7389,274.467,371.471
2026-06-08 00:10:00+00:00,0.6301,204.456,324.471
2026-06-08 00:15:00+00:00,0.8191,199.666,243.75
2026-06-08 00:20:00+00:00,1.2813,212.266,165.67
2026-06-08 00:25:00+00:00,1.3155,643.232,488.965
2026-06-08 00:30:00+00:00,1.1077,691.509,624.263
2026-06-08 00:35:00+00:00,2.7047,1248.13,461.467
2026-06-08 00:40:00+00:00,1.2343,835.673,677.045
2026-06-08 00:45:00+00:00,0.8249,277.249,336.119
2026-06-08 00:50:00+00:00,1.0958,267.405,244.034
2026-06-08 00:55:00+00:00,0.7707,181.79,235.871
2026-06-08 01:00:00+00:00,0.5799,369.836,637.806
2026-06-08 01:05:00+00:00,0.9183,509.271,554.552
2026-06-08 01:10:00+00:00,0.6003,399.394,665.331
2026-06-08 01:15:00+00:00,0.9365,870.356,929.361
2026-06-08 01:20:00+00:00,0.6573,507.772,772.505
2026-06-08 01:25:00+00:00,0.8816,829.31,940.661
2026-06-08 01:30:00+00:00,1.2578,599.794,476.858
2026-06-08 01:35:00+00:00,0.8208,311.074,378.981
2026-06-08 01:40:00+00:00,1.5923,294.453,184.919
2026-06-08 01:45:00+00:00,0.6698,270.441,403.78
2026-06-08 01:50:00+00:00,1.0096,222.7,220.58
2026-06-08 01:55:00+00:00,0.7137,281.248,394.068
2026-06-08 02:00:00+00:00,0.9043,157.514,174.174
2026-06-08 02:05:00+00:00,0.8078,126.739,156.888
2026-06-08 02:10:00+00:00,1.0704,129.235,120.731
2026-06-08 02:15:00+00:00,1.2004,205.752,171.406
2026-06-08 02:20:00+00:00,1.7292,156.884,90.727
2026-06-08 02:25:00+00:00,1.3236,234.139,176.898
2026-06-08 02:30:00+00:00,1.3363,355.128,265.764
2026-06-08 02:35:00+00:00,0.9771,241.06,246.706
2026-06-08 02:40:00+00:00,1.0607,263.646,248.553
2026-06-08 02:45:00+00:00,1.6974,191.688,112.932
2026-06-08 02:50:00+00:00,1.2956,138.441,106.855
2026-06-08 02:55:00+00:00,1.247,116.12,93.119
2026-06-08 03:00:00+00:00,0.9347,98.542,105.422
2026-06-08 03:05:00+00:00,2.5801,381.626,147.909
2026-06-08 03:10:00+00:00,1.9395,821.741,423.684
2026-06-08 03:15:00+00:00,0.7874,118.404,150.376
2026-06-08 03:20:00+00:00,1.6036,257.827,160.777
2026-06-08 03:25:00+00:00,0.6526,78.982,121.032
2026-06-08 03:30:00+00:00,1.0744,99.166,92.302
2026-06-08 03:35:00+00:00,0.9858,161.688,164.02
2026-06-08 03:40:00+00:00,1.9947,148.739,74.568
2026-06-08 03:45:00+00:00,0.7117,73.636,103.46
2026-06-08 03:50:00+00:00,1.4902,125.196,84.015
2026-06-08 03:55:00+00:00,1.8694,140.142,74.968
2026-06-08 04:00:00+00:00,0.4938,146.394,296.478
2026-06-08 04:05:00+00:00,0.9189,369.742,402.366
2026-06-08 04:10:00+00:00,0.7186,131.965,183.632
2026-06-08 04:15:00+00:00,1.8131,204.552,112.818
2026-06-08 04:20:00+00:00,1.0028,245.171,244.492
2026-06-08 04:25:00+00:00,1.0275,74.79,72.786
2026-06-08 04:30:00+00:00,0.6323,139.689,220.926
2026-06-08 04:35:00+00:00,1.0178,205.853,202.26
2026-06-08 04:40:00+00:00,0.6262,378.379,604.294
2026-06-08 04:45:00+00:00,1.9714,386.524,196.061
2026-06-08 04:50:00+00:00,0.5082,185.445,364.896
2026-06-08 04:55:00+00:00,0.8097,160.651,198.419
2026-06-08 05:00:00+00:00,1.516,201.693,133.044
2026-06-08 05:05:00+00:00,0.7795,419.443,538.116
2026-06-08 05:10:00+00:00,1.1626,302.592,260.268
2026-06-08 05:15:00+00:00,0.7681,412.832,537.478
2026-06-08 05:20:00+00:00,0.8194,234.414,286.077
2026-06-08 05:25:00+00:00,1.3764,349.137,253.651
2026-06-08 05:30:00+00:00,0.9402,195.493,207.916
2026-06-08 05:35:00+00:00,0.6635,312.57,471.119
2026-06-08 05:40:00+00:00,1.0565,320.303,303.161
2026-06-08 05:45:00+00:00,0.8232,222.527,270.316
2026-06-08 05:50:00+00:00,1.8554,359.055,193.519
2026-06-08 05:55:00+00:00,1.3465,303.708,225.547
2026-06-08 06:00:00+00:00,1.499,623.35,415.857
2026-06-08 06:05:00+00:00,1.4801,257.3,173.834
2026-06-08 06:10:00+00:00,1.0027,158.938,158.508
2026-06-08 06:15:00+00:00,1.4161,599.893,423.612
2026-06-08 06:20:00+00:00,0.8626,206.539,239.44
2026-06-08 06:25:00+00:00,0.9514,173.136,181.979
2026-06-08 06:30:00+00:00,0.8387,114.848,136.941
2026-06-08 06:35:00+00:00,0.7424,336.596,453.373
2026-06-08 06:40:00+00:00,1.1361,177.451,156.195
2026-06-08 06:45:00+00:00,0.7124,93.353,131.046
2026-06-08 06:50:00+00:00,1.3085,172.252,131.636
2026-06-08 06:55:00+00:00,1.217,86.974,71.464
2026-06-08 07:00:00+00:00,0.7931,199.638,251.71
2026-06-08 07:05:00+00:00,1.2203,241.764,198.113
2026-06-08 07:10:00+00:00,1.7238,449.076,260.511
2026-06-08 07:15:00+00:00,1.0819,235.678,217.844
2026-06-08 07:20:00+00:00,1.3677,252.3,184.474
2026-06-08 07:25:00+00:00,1.3485,289.555,214.726
2026-06-08 07:30:00+00:00,1.7223,444.012,257.797
2026-06-08 07:35:00+00:00,1.1333,194.769,171.863
2026-06-08 07:40:00+00:00,0.6638,140.822,212.141
2026-06-08 07:45:00+00:00,2.2864,479.486,209.71
2026-06-08 07:50:00+00:00,0.8951,181.535,202.8
2026-06-08 07:55:00+00:00,1.5569,235.127,151.018
2026-06-08 08:00:00+00:00,0.8129,329.234,405.0
2026-06-08 08:05:00+00:00,1.0402,166.958,160.505
2026-06-08 08:10:00+00:00,1.0094,94.468,93.59
2026-06-08 08:15:00+00:00,0.7288,120.113,164.813
2026-06-08 08:20:00+00:00,0.4555,176.509,387.535
2026-06-08 08:25:00+00:00,1.1223,154.243,137.437
2026-06-08 08:30:00+00:00,1.2908,113.971,88.295
2026-06-08 08:35:00+00:00,1.2784,88.856,69.506
2026-06-08 08:40:00+00:00,0.7118,67.914,95.417
2026-06-08 08:45:00+00:00,0.8495,106.076,124.864
2026-06-08 08:50:00+00:00,0.6741,88.071,130.654
2026-06-08 08:55:00+00:00,1.6386,131.059,79.984
2026-06-08 09:00:00+00:00,1.2608,299.797,237.778
2026-06-08 09:05:00+00:00,0.6879,193.499,281.293
2026-06-08 09:10:00+00:00,1.6743,285.916,170.769
2026-06-08 09:15:00+00:00,1.5529,979.113,630.525
2026-06-08 09:20:00+00:00,0.9649,312.156,323.507
2026-06-08 09:25:00+00:00,0.661,132.812,200.925
2026-06-08 09:30:00+00:00,0.4737,175.958,371.434
2026-06-08 09:35:00+00:00,1.1852,677.402,571.554
2026-06-08 09:40:00+00:00,1.176,189.237,160.91
2026-06-08 09:45:00+00:00,1.6932,379.795,224.308
2026-06-08 09:50:00+00:00,0.9785,187.653,191.778
2026-06-08 09:55:00+00:00,1.5738,142.476,90.531
2026-06-08 10:00:00+00:00,0.9717,295.313,303.923
2026-06-08 10:05:00+00:00,0.6309,93.079,147.53
2026-06-08 10:10:00+00:00,0.5102,174.774,342.549
2026-06-08 10:15:00+00:00,0.5137,183.467,357.118
2026-06-08 10:20:00+00:00,0.951,283.005,297.578
2026-06-08 10:25:00+00:00,0.6879,217.297,315.864
2026-06-08 10:30:00+00:00,1.3921,649.459,466.526
2026-06-08 10:35:00+00:00,0.7978,207.787,260.464
2026-06-08 10:40:00+00:00,1.0413,106.117,101.907
2026-06-08 10:45:00+00:00,0.5187,136.39,262.952
2026-06-08 10:50:00+00:00,0.5137,172.543,335.864
2026-06-08 10:55:00+00:00,0.7844,195.1,248.72
2026-06-08 11:00:00+00:00,0.4365,158.277,362.61
2026-06-08 11:05:00+00:00,2.3749,472.758,199.065
2026-06-08 11:10:00+00:00,1.9949,604.841,303.193
2026-06-08 11:15:00+00:00,1.7438,768.975,440.973
2026-06-08 11:20:00+00:00,0.8205,538.269,656.019
2026-06-08 11:25:00+00:00,1.6066,644.873,401.402
2026-06-08 11:30:00+00:00,0.6848,306.924,448.165
2026-06-08 11:35:00+00:00,1.694,1323.134,781.092
2026-06-08 11:40:00+00:00,0.6828,242.316,354.889
2026-06-08 11:45:00+00:00,0.6657,320.036,480.785
2026-06-08 11:50:00+00:00,0.9063,231.036,254.917
2026-06-08 11:55:00+00:00,1.052,374.74,356.208
2026-06-08 12:00:00+00:00,0.6725,2585.944,3845.125
2026-06-08 12:05:00+00:00,1.2013,1446.587,1204.18
2026-06-08 12:10:00+00:00,0.9048,653.741,722.518
2026-06-08 12:15:00+00:00,1.5371,618.915,402.651
2026-06-08 12:20:00+00:00,2.4841,959.038,386.077
2026-06-08 12:25:00+00:00,1.705,508.767,298.405
2026-06-08 12:30:00+00:00,1.337,793.976,593.862
2026-06-08 12:35:00+00:00,1.5304,1263.688,825.735
2026-06-08 12:40:00+00:00,1.1936,742.872,622.399
2026-06-08 12:45:00+00:00,0.6611,301.765,456.473
2026-06-08 12:50:00+00:00,0.8745,301.279,344.514
2026-06-08 12:55:00+00:00,1.3478,1729.127,1282.901
2026-06-08 13:00:00+00:00,0.74,515.151,696.159
2026-06-08 13:05:00+00:00,0.915,460.412,503.17
2026-06-08 13:10:00+00:00,0.7254,346.108,477.112
2026-06-08 13:15:00+00:00,1.311,553.358,422.094
2026-06-08 13:20:00+00:00,2.1214,1564.532,737.51
2026-06-08 13:25:00+00:00,0.6448,341.981,530.34
2026-06-08 13:30:00+00:00,0.8089,861.757,1065.349
2026-06-08 13:35:00+00:00,1.2096,733.855,606.669
2026-06-08 13:40:00+00:00,1.4545,491.533,337.944
2026-06-08 13:45:00+00:00,0.9861,435.728,441.856
2026-06-08 13:50:00+00:00,0.9744,521.414,535.098
2026-06-08 13:55:00+00:00,0.9042,287.966,318.462
2026-06-08 14:00:00+00:00,0.8369,395.154,472.191
2026-06-08 14:05:00+00:00,0.8806,312.415,354.788
2026-06-08 14:10:00+00:00,0.8437,305.873,362.525
2026-06-08 14:15:00+00:00,0.7319,529.863,723.96
2026-06-08 14:20:00+00:00,0.8313,296.598,356.808
2026-06-08 14:25:00+00:00,0.8499,266.65,313.748
2026-06-08 14:30:00+00:00,1.6892,483.412,286.173
2026-06-08 14:35:00+00:00,1.2287,529.231,430.733
2026-06-08 14:40:00+00:00,0.7636,234.283,306.814
2026-06-08 14:45:00+00:00,1.1616,341.231,293.77
2026-06-08 14:50:00+00:00,0.9061,234.853,259.203
2026-06-08 14:55:00+00:00,2.7455,1975.523,719.538
2026-06-08 15:00:00+00:00,1.4293,716.835,501.518
2026-06-08 15:05:00+00:00,0.9735,319.72,328.409
2026-06-08 15:10:00+00:00,1.5593,1093.075,700.986
2026-06-08 15:15:00+00:00,0.7381,586.32,794.414
2026-06-08 15:20:00+00:00,0.6889,377.064,547.306
2026-06-08 15:25:00+00:00,0.9534,327.762,343.786
2026-06-08 15:30:00+00:00,0.8117,665.353,819.708
2026-06-08 15:35:00+00:00,0.9102,511.613,562.094
2026-06-08 15:40:00+00:00,1.2509,287.898,230.154
2026-06-08 15:45:00+00:00,1.0655,212.539,199.467
2026-06-08 15:50:00+00:00,1.6512,479.176,290.199
2026-06-08 15:55:00+00:00,0.6931,281.559,406.22
2026-06-08 16:00:00+00:00,0.7649,312.895,409.09
2026-06-08 16:05:00+00:00,0.8675,336.2,387.551
2026-06-08 16:10:00+00:00,0.5658,83.836,148.176
2026-06-08 16:15:00+00:00,1.3967,173.402,124.153
2026-06-08 16:20:00+00:00,2.2259,606.098,272.293
2026-06-08 16:25:00+00:00,0.3603,181.647,504.155
2026-06-08 16:30:00+00:00,0.4256,207.775,488.138
2026-06-08 16:35:00+00:00,0.9219,460.117,499.088
2026-06-08 16:40:00+00:00,0.9243,189.118,204.597
2026-06-08 16:45:00+00:00,0.4102,234.339,571.349
2026-06-08 16:50:00+00:00,0.771,246.686,319.976
2026-06-08 16:55:00+00:00,0.6284,244.059,388.371
2026-06-08 17:00:00+00:00,0.711,797.193,1121.234
2026-06-08 17:05:00+00:00,1.1177,376.195,336.593
2026-06-08 17:10:00+00:00,0.5397,364.162,674.806
2026-06-08 17:15:00+00:00,1.9801,319.185,161.2
2026-06-08 17:20:00+00:00,1.8698,251.65,134.583
2026-06-08 17:25:00+00:00,0.927,311.537,336.072
2026-06-08 17:30:00+00:00,0.7091,223.459,315.113
2026-06-08 17:35:00+00:00,0.9452,163.054,172.499
2026-06-08 17:40:00+00:00,0.5991,349.843,583.934
2026-06-08 17:45:00+00:00,1.5614,196.78,126.026
2026-06-08 17:50:00+00:00,1.3697,120.021,87.625
2026-06-08 17:55:00+00:00,1.8086,204.355,112.993
2026-06-08 18:00:00+00:00,1.3365,230.37,172.371
2026-06-08 18:05:00+00:00,1.1445,151.445,132.325
2026-06-08 18:10:00+00:00,0.938,157.086,167.461
2026-06-08 18:15:00+00:00,0.8793,70.451,80.125
2026-06-08 18:20:00+00:00,1.0827,71.873,66.381
2026-06-08 18:25:00+00:00,1.3563,83.867,61.836
2026-06-08 18:30:00+00:00,0.6261,142.564,227.701
2026-06-08 18:35:00+00:00,0.979,106.329,108.613
2026-06-08 18:40:00+00:00,1.0939,113.562,103.818
2026-06-08 18:45:00+00:00,0.8041,135.495,168.505
2026-06-08 18:50:00+00:00,0.4201,121.242,288.629
2026-06-08 18:55:00+00:00,1.4358,144.688,100.774
2026-06-08 19:00:00+00:00,0.9072,89.078,98.19
2026-06-08 19:05:00+00:00,0.9875,78.678,79.674
2026-06-08 19:10:00+00:00,0.4327,84.089,194.353
2026-06-08 19:15:00+00:00,1.1627,194.897,167.622
2026-06-08 19:20:00+00:00,0.8507,130.557,153.467
2026-06-08 19:25:00+00:00,1.1667,84.749,72.637
2026-06-08 19:30:00+00:00,1.2266,174.276,142.077
2026-06-08 19:35:00+00:00,0.8347,53.019,63.519
2026-06-08 19:40:00+00:00,1.3831,93.525,67.619
2026-06-08 19:45:00+00:00,1.1455,68.016,59.375
2026-06-08 19:50:00+00:00,0.8827,157.785,178.748
2026-06-08 19:55:00+00:00,0.6393,239.07,373.964
2026-06-08 20:00:00+00:00,1.3132,153.75,117.078
2026-06-08 20:05:00+00:00,0.6831,105.458,154.377
2026-06-08 20:10:00+00:00,0.7292,333.923,457.913
2026-06-08 20:15:00+00:00,0.5748,303.043,527.218
2026-06-08 20:20:00+00:00,2.0492,366.782,178.992
2026-06-08 20:25:00+00:00,0.5677,243.441,428.811
2026-06-08 20:30:00+00:00,2.5239,218.963,86.757
2026-06-08 20:35:00+00:00,1.9954,161.593,80.984
2026-06-08 20:40:00+00:00,0.7931,85.725,108.094
2026-06-08 20:45:00+00:00,1.5489,108.179,69.844
2026-06-08 20:50:00+00:00,0.7937,47.07,59.308
2026-06-08 20:55:00+00:00,1.5994,94.351,58.99
2026-06-08 21:00:00+00:00,1.1317,308.492,272.594
2026-06-08 21:05:00+00:00,2.0608,692.809,336.191
2026-06-08 21:10:00+00:00,0.708,110.933,156.686
2026-06-08 21:15:00+00:00,0.7251,155.868,214.969
2026-06-08 21:20:00+00:00,1.4774,152.117,102.966
2026-06-08 21:25:00+00:00,0.7858,62.295,79.278
2026-06-08 21:30:00+00:00,0.6101,63.052,103.349
2026-06-08 21:35:00+00:00,1.6697,193.333,115.791
2026-06-08 21:40:00+00:00,1.7934,240.698,134.215
2026-06-08 21:45:00+00:00,0.7409,66.836,90.208
2026-06-08 21:50:00+00:00,0.6484,66.99,103.315
2026-06-08 21:55:00+00:00,0.9783,101.579,103.835
2026-06-08 22:00:00+00:00,1.0246,533.028,520.251
2026-06-08 22:05:00+00:00,1.5199,395.377,260.139
2026-06-08 22:10:00+00:00,0.9101,329.044,361.541
2026-06-08 22:15:00+00:00,1.1294,367.123,325.064
2026-06-08 22:20:00+00:00,2.1867,550.105,251.566
2026-06-08 22:25:00+00:00,1.2395,190.257,153.497
2026-06-08 22:30:00+00:00,0.7207,160.514,222.717
2026-06-08 22:35:00+00:00,1.5788,217.147,137.539
2026-06-08 22:40:00+00:00,0.7714,78.147,101.311
2026-06-08 22:45:00+00:00,0.8007,105.376,131.6
2026-06-08 22:50:00+00:00,0.6195,67.766,109.386
2026-06-08 22:55:00+00:00,2.4319,330.296,135.818
2026-06-08 23:00:00+00:00,1.2712,144.484,113.66
2026-06-08 23:05:00+00:00,1.2713,215.971,169.877
2026-06-08 23:10:00+00:00,1.0013,124.902,124.735
2026-06-08 23:15:00+00:00,0.4436,286.974,646.956
2026-06-08 23:20:00+00:00,1.3441,294.796,219.332
2026-06-08 23:25:00+00:00,1.0043,150.748,150.108
2026-06-08 23:30:00+00:00,0.4295,241.612,562.532
2026-06-08 23:35:00+00:00,1.0295,162.042,157.404
2026-06-08 23:40:00+00:00,0.9094,109.596,120.513
2026-06-08 23:45:00+00:00,0.5159,230.926,447.602
2026-06-08 23:50:00+00:00,0.7112,147.625,207.574
2026-06-08 23:55:00+00:00,1.4809,221.522,149.586
2026-06-09 00:00:00+00:00,0.8919,225.775,253.135
2026-06-09 00:05:00+00:00,1.1958,193.844,162.109
2026-06-09 00:10:00+00:00,0.7605,159.844,210.173
2026-06-09 00:15:00+00:00,1.3883,263.631,189.9
2026-06-09 00:20:00+00:00,0.7892,445.447,564.407
2026-06-09 00:25:00+00:00,0.495,1374.856,2777.385
2026-06-09 00:30:00+00:00,0.8426,1048.085,1243.824
2026-06-09 00:35:00+00:00,1.1046,393.256,356.01
2026-06-09 00:40:00+00:00,3.0453,783.657,257.337
2026-06-09 00:45:00+00:00,0.5081,841.96,1657.152
2026-06-09 00:50:00+00:00,1.7023,583.969,343.044
2026-06-09 00:55:00+00:00,2.1633,1092.29,504.918
2026-06-09 01:00:00+00:00,2.0728,885.557,427.227
2026-06-09 01:05:00+00:00,1.7521,471.233,268.949
2026-06-09 01:10:00+00:00,0.6912,145.76,210.867
2026-06-09 01:15:00+00:00,0.9944,321.972,323.785
2026-06-09 01:20:00+00:00,1.5878,401.877,253.096
2026-06-09 01:25:00+00:00,0.8539,241.628,282.986
2026-06-09 01:30:00+00:00,1.4156,179.3,126.662
2026-06-09 01:35:00+00:00,0.5429,180.906,333.195
2026-06-09 01:40:00+00:00,0.4949,124.159,250.88
2026-06-09 01:45:00+00:00,1.0816,129.265,119.512
2026-06-09 01:50:00+00:00,0.8941,81.191,90.807
2026-06-09 01:55:00+00:00,0.922,87.476,94.874
2026-06-09 02:00:00+00:00,1.1634,157.369,135.261
2026-06-09 02:05:00+00:00,0.4956,85.987,173.488
2026-06-09 02:10:00+00:00,0.5884,81.779,138.983
2026-06-09 02:15:00+00:00,0.2879,217.068,754.072
2026-06-09 02:20:00+00:00,1.6284,294.619,180.922
2026-06-09 02:25:00+00:00,2.0983,185.228,88.275
2026-06-09 02:30:00+00:00,1.603,141.236,88.105
2026-06-09 02:35:00+00:00,0.7973,199.403,250.104
2026-06-09 02:40:00+00:00,1.5724,264.41,168.158
2026-06-09 02:45:00+00:00,1.6058,192.841,120.092
2026-06-09 02:50:00+00:00,1.1,126.552,115.052
2026-06-09 02:55:00+00:00,1.5234,198.838,130.52
2026-06-09 03:00:00+00:00,1.5602,444.403,284.844
2026-06-09 03:05:00+00:00,0.9805,107.627,109.766
2026-06-09 03:10:00+00:00,1.9441,204.516,105.2
2026-06-09 03:15:00+00:00,0.687,299.137,435.428
2026-06-09 03:20:00+00:00,0.5786,113.123,195.507
2026-06-09 03:25:00+00:00,1.2668,100.854,79.612
2026-06-09 03:30:00+00:00,0.4918,94.725,192.617
2026-06-09 03:35:00+00:00,1.352,146.175,108.119
2026-06-09 03:40:00+00:00,1.1717,97.464,83.179
2026-06-09 03:45:00+00:00,2.3286,154.738,66.452
2026-06-09 03:50:00+00:00,0.7116,52.951,74.407
2026-06-09 03:55:00+00:00,3.4429,222.887,64.738
2026-06-09 04:00:00+00:00,0.5031,66.046,131.28
2026-06-09 04:05:00+00:00,0.9323,144.458,154.951
2026-06-09 04:10:00+00:00,1.2441,344.915,277.233
2026-06-09 04:15:00+00:00,0.5648,61.435,108.775
2026-06-09 04:20:00+00:00,1.5111,118.672,78.532
2026-06-09 04:25:00+00:00,0.3661,41.545,113.486
2026-06-09 04:30:00+00:00,3.7152,1861.376,501.017
2026-06-09 04:35:00+00:00,1.273,1107.92,870.299
2026-06-09 04:40:00+00:00,0.9538,489.08,512.774
2026-06-09 04:45:00+00:00,1.2064,498.684,413.369
2026-06-09 04:50:00+00:00,0.5363,358.849,669.081
2026-06-09 04:55:00+00:00,0.2302,107.808,468.369
2026-06-09 05:00:00+00:00,0.8922,258.531,289.781
2026-06-09 05:05:00+00:00,0.6793,233.942,344.381
2026-06-09 05:10:00+00:00,1.9991,193.447,96.766
2026-06-09 05:15:00+00:00,1.3225,248.083,187.593
2026-06-09 05:20:00+00:00,0.4966,136.001,273.847
2026-06-09 05:25:00+00:00,0.9521,70.226,73.761
2026-06-09 05:30:00+00:00,2.6205,644.817,246.069
2026-06-09 05:35:00+00:00,0.5129,182.908,356.622
2026-06-09 05:40:00+00:00,1.3546,226.472,167.187
2026-06-09 05:45:00+00:00,1.5979,206.93,129.501
2026-06-09 05:50:00+00:00,0.9356,300.951,321.67
2026-06-09 05:55:00+00:00,0.787,192.612,244.756
2026-06-09 06:00:00+00:00,1.0026,258.526,257.85
2026-06-09 06:05:00+00:00,0.4665,171.279,367.194
2026-06-09 06:10:00+00:00,1.7762,155.145,87.348
2026-06-09 06:15:00+00:00,1.0698,182.24,170.353
2026-06-09 06:20:00+00:00,1.0993,249.14,226.632
2026-06-09 06:25:00+00:00,1.9012,164.929,86.75
2026-06-09 06:30:00+00:00,0.2692,154.846,575.268
2026-06-09 06:35:00+00:00,1.7389,113.384,65.203
2026-06-09 06:40:00+00:00,0.8139,143.345,176.118
2026-06-09 06:45:00+00:00,0.9137,170.271,186.363
2026-06-09 06:50:00+00:00,1.3342,356.744,267.375
2026-06-09 06:55:00+00:00,1.7292,128.304,74.197
2026-06-09 07:00:00+00:00,1.5242,170.714,112.002
2026-06-09 07:05:00+00:00,1.9524,173.94,89.091
2026-06-09 07:10:00+00:00,0.3775,56.784,150.413
2026-06-09 07:15:00+00:00,1.5586,181.782,116.633
2026-06-09 07:20:00+00:00,0.7391,66.487,89.956
2026-06-09 07:25:00+00:00,0.6946,1072.68,1544.261
2026-06-09 07:30:00+00:00,2.0609,543.633,263.781
2026-06-09 07:35:00+00:00,0.5406,168.761,312.193
2026-06-09 07:40:00+00:00,1.7385,119.087,68.501
2026-06-09 07:45:00+00:00,0.9961,111.905,112.341
2026-06-09 07:50:00+00:00,1.0438,150.963,144.634
2026-06-09 07:55:00+00:00,0.9447,92.778,98.209
2026-06-09 08:00:00+00:00,0.6608,162.034,245.217
2026-06-09 08:05:00+00:00,0.4975,1043.196,2096.764
2026-06-09 08:10:00+00:00,0.9338,675.779,723.664
2026-06-09 08:15:00+00:00,0.7917,187.064,236.29
2026-06-09 08:20:00+00:00,1.3161,185.552,140.991
2026-06-09 08:25:00+00:00,0.8022,97.278,121.269
2026-06-09 08:30:00+00:00,0.5572,157.236,282.175
2026-06-09 08:35:00+00:00,1.076,131.464,122.179
2026-06-09 08:40:00+00:00,1.4251,172.244,120.861
2026-06-09 08:45:00+00:00,0.6735,212.886,316.079
2026-06-09 08:50:00+00:00,2.3156,243.615,105.208
2026-06-09 08:55:00+00:00,0.8937,221.451,247.804
2026-06-09 09:00:00+00:00,0.6056,96.218,158.885
2026-06-09 09:05:00+00:00,0.4626,162.345,350.951
2026-06-09 09:10:00+00:00,0.768,183.124,238.44
2026-06-09 09:15:00+00:00,1.6269,383.484,235.712
2026-06-09 09:20:00+00:00,1.341,185.365,138.232
2026-06-09 09:25:00+00:00,0.4731,107.694,227.655
2026-06-09 09:30:00+00:00,0.3445,306.0,888.23
2026-06-09 09:35:00+00:00,0.7967,361.924,454.275
2026-06-09 09:40:00+00:00,1.0865,134.147,123.466
2026-06-09 09:45:00+00:00,0.9542,150.442,157.667
2026-06-09 09:50:00+00:00,1.0166,116.982,115.067
2026-06-09 09:55:00+00:00,1.6402,126.11,76.889
2026-06-09 10:00:00+00:00,1.5147,207.15,136.758
2026-06-09 10:05:00+00:00,0.8358,442.687,529.65
2026-06-09 10:10:00+00:00,1.6937,182.62,107.824
2026-06-09 10:15:00+00:00,0.9479,98.506,103.917
2026-06-09 10:20:00+00:00,1.0276,95.16,92.608
2026-06-09 10:25:00+00:00,0.61,50.538,82.846
2026-06-09 10:30:00+00:00,0.6525,78.756,120.691
2026-06-09 10:35:00+00:00,1.0112,64.205,63.491
2026-06-09 10:40:00+00:00,0.639,54.542,85.358
2026-06-09 10:45:00+00:00,1.0231,104.569,102.205
2026-06-09 10:50:00+00:00,2.1165,320.174,151.272
2026-06-09 10:55:00+00:00,1.7624,471.722,267.662
2026-06-09 11:00:00+00:00,0.3976,264.545,665.275
2026-06-09 11:05:00+00:00,1.1582,177.928,153.622
2026-06-09 11:10:00+00:00,0.4137,279.506,675.595
2026-06-09 11:15:00+00:00,0.5195,183.234,352.707
2026-06-09 11:20:00+00:00,1.8411,500.209,271.693
2026-06-09 11:25:00+00:00,0.997,81.332,81.576
2026-06-09 11:30:00+00:00,0.698,116.29,166.609
2026-06-09 11:35:00+00:00,0.4285,67.21,156.847
2026-06-09 11:40:00+00:00,2.2648,267.635,118.174
2026-06-09 11:45:00+00:00,0.5299,71.108,134.192
2026-06-09 11:50:00+00:00,0.8022,106.396,132.634
2026-06-09 11:55:00+00:00,1.0218,896.295,877.199
2026-06-09 12:00:00+00:00,1.2228,664.502,543.44
2026-06-09 12:05:00+00:00,1.5231,411.996,270.501
2026-06-09 12:10:00+00:00,0.8544,163.8,191.716
2026-06-09 12:15:00+00:00,0.7086,114.283,161.27
2026-06-09 12:20:00+00:00,0.7134,141.302,198.06
2026-06-09 12:25:00+00:00,1.3103,144.519,110.294
2026-06-09 12:30:00+00:00,0.7845,204.778,261.015
2026-06-09 12:35:00+00:00,0.8375,209.942,250.67
2026-06-09 12:40:00+00:00,0.5447,186.755,342.829
2026-06-09 12:45:00+00:00,1.1139,484.449,434.909
2026-06-09 12:50:00+00:00,1.3443,153.561,114.235
2026-06-09 12:55:00+00:00,1.1178,176.722,158.091
2026-06-09 13:00:00+00:00,0.9434,292.08,309.597
2026-06-09 13:05:00+00:00,0.8327,159.934,192.077
2026-06-09 13:10:00+00:00,0.6316,85.652,135.605
2026-06-09 13:15:00+00:00,0.4125,564.575,1368.611
2026-06-09 13:20:00+00:00,0.8783,656.213,747.141
2026-06-09 13:25:00+00:00,1.2677,535.066,422.072
2026-06-09 13:30:00+00:00,1.2963,810.577,625.313
2026-06-09 13:35:00+00:00,0.8133,1066.557,1311.362
2026-06-09 13:40:00+00:00,1.6445,828.779,503.984
2026-06-09 13:45:00+00:00,1.3346,571.889,428.511
2026-06-09 13:50:00+00:00,1.2279,687.636,560.022
2026-06-09 13:55:00+00:00,1.2016,357.726,297.714
2026-06-09 14:00:00+00:00,0.6649,545.813,820.851
2026-06-09 14:05:00+00:00,0.8811,750.82,852.151
2026-06-09 14:10:00+00:00,0.5134,1184.048,2306.383
2026-06-09 14:15:00+00:00,0.7057,1458.937,2067.331
2026-06-09 14:20:00+00:00,0.8084,1688.453,2088.612
2026-06-09 14:25:00+00:00,0.6139,1088.656,1773.411
2026-06-09 14:30:00+00:00,1.4028,2536.917,1808.463
2026-06-09 14:35:00+00:00,0.6489,1165.707,1796.299
2026-06-09 14:40:00+00:00,0.7685,936.193,1218.16
2026-06-09 14:45:00+00:00,0.7285,1842.001,2528.654
2026-06-09 14:50:00+00:00,1.7264,1656.128,959.3
2026-06-09 14:55:00+00:00,1.5938,1561.872,979.985
2026-06-09 15:00:00+00:00,0.8908,786.808,883.215
2026-06-09 15:05:00+00:00,1.6825,1045.648,621.502
2026-06-09 15:10:00+00:00,0.9301,789.995,849.4
2026-06-09 15:15:00+00:00,0.6962,358.013,514.234
2026-06-09 15:20:00+00:00,0.5729,429.294,749.399
2026-06-09 15:25:00+00:00,0.7296,459.332,629.594
2026-06-09 15:30:00+00:00,1.0504,653.386,622.024
2026-06-09 15:35:00+00:00,0.7932,747.732,942.736
2026-06-09 15:40:00+00:00,1.6103,468.014,290.632
2026-06-09 15:45:00+00:00,1.0527,456.714,433.833
2026-06-09 15:50:00+00:00,1.0575,478.167,452.158
2026-06-09 15:55:00+00:00,0.9303,1382.617,1486.189
2026-06-09 16:00:00+00:00,0.5175,639.52,1235.723
2026-06-09 16:05:00+00:00,0.6787,1327.475,1956.046
2026-06-09 16:10:00+00:00,1.5692,948.813,604.661
2026-06-09 16:15:00+00:00,0.6003,685.883,1142.528
2026-06-09 16:20:00+00:00,0.8765,1133.977,1293.722
2026-06-09 16:25:00+00:00,1.1702,591.018,505.042
2026-06-09 16:30:00+00:00,1.1354,750.665,661.119
2026-06-09 16:35:00+00:00,0.7733,2001.104,2587.715
2026-06-09 16:40:00+00:00,1.4793,1839.932,1243.755
2026-06-09 16:45:00+00:00,1.389,1717.262,1236.3
2026-06-09 16:50:00+00:00,0.8659,529.566,611.545
2026-06-09 16:55:00+00:00,1.4135,974.646,689.535
2026-06-09 17:00:00+00:00,1.6923,1801.999,1064.825
2026-06-09 17:05:00+00:00,0.9889,773.26,781.954
2026-06-09 17:10:00+00:00,0.8869,376.846,424.901
2026-06-09 17:15:00+00:00,1.794,1296.811,722.861
2026-06-09 17:20:00+00:00,0.8138,620.88,762.943
2026-06-09 17:25:00+00:00,0.7969,277.713,348.504
2026-06-09 17:30:00+00:00,0.648,266.181,410.746
2026-06-09 17:35:00+00:00,0.7966,223.271,280.276
2026-06-09 17:40:00+00:00,1.0194,196.639,192.905
2026-06-09 17:45:00+00:00,0.7223,376.487,521.226
2026-06-09 17:50:00+00:00,1.3349,336.051,251.751
2026-06-09 17:55:00+00:00,1.5027,188.08,125.163
2026-06-09 18:00:00+00:00,0.8676,307.628,354.58
2026-06-09 18:05:00+00:00,1.4287,256.154,179.293
2026-06-09 18:10:00+00:00,0.6159,156.012,253.319
2026-06-09 18:15:00+00:00,1.2454,617.156,495.566
2026-06-09 18:20:00+00:00,0.7259,185.886,256.092
2026-06-09 18:25:00+00:00,0.7255,137.347,189.304
2026-06-09 18:30:00+00:00,1.1846,173.564,146.511
2026-06-09 18:35:00+00:00,1.0312,110.19,106.851
2026-06-09 18:40:00+00:00,0.4317,205.158,475.196
2026-06-09 18:45:00+00:00,1.0901,197.299,180.992
2026-06-09 18:50:00+00:00,0.5595,108.372,193.678
2026-06-09 18:55:00+00:00,0.901,166.543,184.85
2026-06-09 19:00:00+00:00,1.3342,177.511,133.045
2026-06-09 19:05:00+00:00,0.7608,275.028,361.482
2026-06-09 19:10:00+00:00,0.6798,62.926,92.563
2026-06-09 19:15:00+00:00,0.6073,105.042,172.977
2026-06-09 19:20:00+00:00,1.2108,173.46,143.261
2026-06-09 19:25:00+00:00,0.9864,102.903,104.322
2026-06-09 19:30:00+00:00,2.0796,855.7,411.474
2026-06-09 19:35:00+00:00,0.5775,121.054,209.624
2026-06-09 19:40:00+00:00,0.5211,158.404,303.974
2026-06-09 19:45:00+00:00,1.8228,278.856,152.985
2026-06-09 19:50:00+00:00,1.2543,552.141,440.189
2026-06-09 19:55:00+00:00,1.8092,413.588,228.601
2026-06-09 20:00:00+00:00,0.8645,375.337,434.177
2026-06-09 20:05:00+00:00,0.8822,157.471,178.508
2026-06-09 20:10:00+00:00,2.1752,633.175,291.085
2026-06-09 20:15:00+00:00,1.2559,512.419,408.021
2026-06-09 20:20:00+00:00,0.7249,139.315,192.186
2026-06-09 20:25:00+00:00,1.8121,212.954,117.518
2026-06-09 20:30:00+00:00,0.6149,96.7,157.255
2026-06-09 20:35:00+00:00,0.706,81.424,115.326
2026-06-09 20:40:00+00:00,1.4182,94.806,66.85
2026-06-09 20:45:00+00:00,0.4336,53.133,122.533
2026-06-09 20:50:00+00:00,1.2935,82.121,63.489
2026-06-09 20:55:00+00:00,1.1104,61.395,55.293
2026-06-09 21:00:00+00:00,0.3062,138.198,451.353
2026-06-09 21:05:00+00:00,1.1608,81.62,70.316
2026-06-09 21:10:00+00:00,0.3755,147.69,393.319
2026-06-09 21:15:00+00:00,0.3029,132.585,437.749
2026-06-09 21:20:00+00:00,0.9942,634.399,638.125
2026-06-09 21:25:00+00:00,0.9818,362.195,368.899
2026-06-09 21:30:00+00:00,0.69,194.09,281.277
2026-06-09 21:35:00+00:00,0.7508,160.794,214.151
2026-06-09 21:40:00+00:00,0.8243,107.934,130.946
2026-06-09 21:45:00+00:00,0.9527,153.347,160.966
2026-06-09 21:50:00+00:00,0.4546,107.332,236.1
2026-06-09 21:55:00+00:00,0.7164,122.315,170.725
2026-06-09 22:00:00+00:00,0.9131,131.53,144.04
2026-06-09 22:05:00+00:00,1.3358,136.709,102.345
2026-06-09 22:10:00+00:00,2.287,198.731,86.897
2026-06-09 22:15:00+00:00,1.2896,161.572,125.289
2026-06-09 22:20:00+00:00,1.3629,141.332,103.696
2026-06-09 22:25:00+00:00,0.6067,58.096,95.754
2026-06-09 22:30:00+00:00,1.3604,166.649,122.497
2026-06-09 22:35:00+00:00,0.9703,138.931,143.182
2026-06-09 22:40:00+00:00,0.9218,89.416,97.004
2026-06-09 22:45:00+00:00,1.0134,121.383,119.774
2026-06-09 22:50:00+00:00,1.4194,264.726,186.505
2026-06-09 22:55:00+00:00,0.5746,114.085,198.546
2026-06-09 23:00:00+00:00,1.3238,192.057,145.078
2026-06-09 23:05:00+00:00,1.2238,153.509,125.44
2026-06-09 23:10:00+00:00,0.7091,130.035,183.386
2026-06-09 23:15:00+00:00,2.3776,215.194,90.508
2026-06-09 23:20:00+00:00,1.279,156.578,122.426
2026-06-09 23:25:00+00:00,0.4713,73.663,156.298
2026-06-09 23:30:00+00:00,0.5094,93.709,183.95
2026-06-09 23:35:00+00:00,0.6464,287.481,444.743
2026-06-09 23:40:00+00:00,0.6541,106.603,162.966
2026-06-09 23:45:00+00:00,0.6588,114.164,173.28
2026-06-09 23:50:00+00:00,2.0525,138.804,67.627
2026-06-09 23:55:00+00:00,1.2193,93.053,76.315
2026-06-10 00:00:00+00:00,1.1655,259.097,222.297
2026-06-10 00:05:00+00:00,0.9275,162.424,175.122
2026-06-10 00:10:00+00:00,0.5932,92.703,156.279
2026-06-10 00:15:00+00:00,0.6897,68.127,98.777
2026-06-10 00:20:00+00:00,0.6823,82.32,120.647
2026-06-10 00:25:00+00:00,1.8975,116.889,61.601
2026-06-10 00:30:00+00:00,0.608,165.687,272.499
2026-06-10 00:35:00+00:00,0.5746,327.874,570.65
2026-06-10 00:40:00+00:00,0.636,200.114,314.633
2026-06-10 00:45:00+00:00,2.1914,338.971,154.679
2026-06-10 00:50:00+00:00,0.9575,109.601,114.469
2026-06-10 00:55:00+00:00,1.0642,448.867,421.794
2026-06-10 01:00:00+00:00,1.5326,342.789,223.66
2026-06-10 01:05:00+00:00,0.6603,173.081,262.112
2026-06-10 01:10:00+00:00,1.2619,257.325,203.918
2026-06-10 01:15:00+00:00,1.0897,190.744,175.043
2026-06-10 01:20:00+00:00,1.1609,198.996,171.412
2026-06-10 01:25:00+00:00,1.9457,218.094,112.088
2026-06-10 01:30:00+00:00,1.0368,163.563,157.76
2026-06-10 01:35:00+00:00,0.7626,171.997,225.553
2026-06-10 01:40:00+00:00,0.9011,131.915,146.398
2026-06-10 01:45:00+00:00,0.9184,151.617,165.09
2026-06-10 01:50:00+00:00,0.7293,100.644,138.002
2026-06-10 01:55:00+00:00,0.649,66.069,101.805
2026-06-10 02:00:00+00:00,1.6444,214.808,130.628
2026-06-10 02:05:00+00:00,0.449,131.771,293.485
2026-06-10 02:10:00+00:00,0.4217,153.315,363.589
2026-06-10 02:15:00+00:00,0.6237,506.834,812.589
2026-06-10 02:20:00+00:00,1.3202,209.828,158.933
2026-06-10 02:25:00+00:00,1.0033,194.631,193.997
2026-06-10 02:30:00+00:00,0.9495,316.861,333.702
2026-06-10 02:35:00+00:00,0.8017,251.904,314.228
2026-06-10 02:40:00+00:00,1.0605,212.381,200.266
2026-06-10 02:45:00+00:00,0.5477,200.783,366.622
2026-06-10 02:50:00+00:00,0.8937,231.14,258.639
2026-06-10 02:55:00+00:00,0.9466,177.761,187.786
2026-06-10 03:00:00+00:00,1.1349,193.088,170.133
2026-06-10 03:05:00+00:00,1.774,224.759,126.699
2026-06-10 03:10:00+00:00,1.2004,91.716,76.402
2026-06-10 03:15:00+00:00,0.9045,126.68,140.053
2026-06-10 03:20:00+00:00,1.554,118.313,76.136
2026-06-10 03:25:00+00:00,2.4965,422.663,169.299
2026-06-10 03:30:00+00:00,1.3528,229.66,169.764
2026-06-10 03:35:00+00:00,2.1881,211.618,96.713
2026-06-10 03:40:00+00:00,0.9234,76.057,82.368
2026-06-10 03:45:00+00:00,1.9514,247.776,126.972
2026-06-10 03:50:00+00:00,0.7477,61.648,82.449
2026-06-10 03:55:00+00:00,0.6491,58.719,90.464
2026-06-10 04:00:00+00:00,0.6088,92.103,151.294
2026-06-10 04:05:00+00:00,1.2795,106.656,83.355
2026-06-10 04:10:00+00:00,0.6178,79.092,128.015
2026-06-10 04:15:00+00:00,0.8729,86.726,99.358
2026-06-10 04:20:00+00:00,0.6268,46.311,73.889
2026-06-10 04:25:00+00:00,0.9066,51.384,56.676
2026-06-10 04:30:00+00:00,0.6458,297.01,459.891
2026-06-10 04:35:00+00:00,0.6096,331.996,544.608
2026-06-10 04:40:00+00:00,1.1018,186.36,169.137
2026-06-10 04:45:00+00:00,1.2854,276.238,214.902
2026-06-10 04:50:00+00:00,0.835,99.015,118.578
2026-06-10 04:55:00+00:00,1.4263,199.096,139.587
2026-06-10 05:00:00+00:00,0.4979,114.44,229.866
2026-06-10 05:05:00+00:00,0.5743,142.608,248.313
2026-06-10 05:10:00+00:00,0.7403,190.977,257.978
2026-06-10 05:15:00+00:00,1.0986,390.216,355.183
2026-06-10 05:20:00+00:00,2.6179,356.311,136.108
2026-06-10 05:25:00+00:00,1.5824,176.231,111.368
2026-06-10 05:30:00+00:00,1.0883,151.279,139.006
2026-06-10 05:35:00+00:00,0.6976,85.898,123.13
2026-06-10 05:40:00+00:00,1.3932,80.271,57.618
2026-06-10 05:45:00+00:00,1.5029,154.99,103.127
2026-06-10 05:50:00+00:00,1.2694,188.192,148.25
2026-06-10 05:55:00+00:00,1.0282,110.449,107.419
2026-06-10 06:00:00+00:00,0.9381,115.106,122.706
2026-06-10 06:05:00+00:00,2.0994,191.339,91.14
2026-06-10 06:10:00+00:00,1.4434,85.123,58.974
2026-06-10 06:15:00+00:00,1.585,221.376,139.666
2026-06-10 06:20:00+00:00,0.3805,251.713,661.543
2026-06-10 06:25:00+00:00,1.0422,159.733,153.271
2026-06-10 06:30:00+00:00,0.737,212.648,288.547
2026-06-10 06:35:00+00:00,1.4842,343.791,231.637
2026-06-10 06:40:00+00:00,1.4328,270.968,189.117
2026-06-10 06:45:00+00:00,2.3333,335.404,143.749
2026-06-10 06:50:00+00:00,0.4291,100.674,234.63
2026-06-10 06:55:00+00:00,0.687,99.353,144.611
2026-06-10 07:00:00+00:00,1.9448,406.367,208.954
2026-06-10 07:05:00+00:00,1.2083,192.371,159.213
2026-06-10 07:10:00+00:00,1.0132,198.72,196.133
2026-06-10 07:15:00+00:00,1.8186,735.326,404.347
2026-06-10 07:20:00+00:00,1.2424,264.833,213.158
2026-06-10 07:25:00+00:00,0.5987,80.555,134.547
2026-06-10 07:30:00+00:00,1.4647,450.936,307.871
2026-06-10 07:35:00+00:00,0.7936,279.826,352.608
2026-06-10 07:40:00+00:00,1.094,162.624,148.65
2026-06-10 07:45:00+00:00,0.9681,166.923,172.428
2026-06-10 07:50:00+00:00,0.8081,179.86,222.578
2026-06-10 07:55:00+00:00,0.2793,145.432,520.667
2026-06-10 08:00:00+00:00,0.7922,203.996,257.507
2026-06-10 08:05:00+00:00,0.9257,223.453,241.387
2026-06-10 08:10:00+00:00,1.7065,190.333,111.532
2026-06-10 08:15:00+00:00,1.1826,115.196,97.405
2026-06-10 08:20:00+00:00,0.608,152.957,251.594
2026-06-10 08:25:00+00:00,0.6763,146.096,216.038
2026-06-10 08:30:00+00:00,0.6235,399.978,641.464
2026-06-10 08:35:00+00:00,0.8362,318.068,380.374
2026-06-10 08:40:00+00:00,1.0568,457.969,433.366
2026-06-10 08:45:00+00:00,1.1428,841.741,736.577
2026-06-10 08:50:00+00:00,1.2931,397.268,307.227
2026-06-10 08:55:00+00:00,1.411,214.541,152.045
2026-06-10 09:00:00+00:00,0.8223,240.101,291.987
2026-06-10 09:05:00+00:00,1.2321,247.562,200.934
2026-06-10 09:10:00+00:00,0.4459,272.725,611.601
2026-06-10 09:15:00+00:00,0.6948,491.77,707.736
2026-06-10 09:20:00+00:00,0.5907,1415.955,2396.936
2026-06-10 09:25:00+00:00,1.821,847.671,465.491
2026-06-10 09:30:00+00:00,0.9772,447.853,458.324
2026-06-10 09:35:00+00:00,1.1626,541.738,465.969
2026-06-10 09:40:00+00:00,0.4066,170.806,420.088
2026-06-10 09:45:00+00:00,0.9477,264.073,278.637
2026-06-10 09:50:00+00:00,2.2353,290.675,130.036
2026-06-10 09:55:00+00:00,1.1225,162.729,144.971
2026-06-10 10:00:00+00:00,1.8153,310.282,170.924
2026-06-10 10:05:00+00:00,0.5853,114.919,196.341
2026-06-10 10:10:00+00:00,1.9858,265.507,133.7
2026-06-10 10:15:00+00:00,1.3831,268.947,194.45
2026-06-10 10:20:00+00:00,0.8101,149.275,184.26
2026-06-10 10:25:00+00:00,1.1837,174.718,147.608
2026-06-10 10:30:00+00:00,1.1922,401.484,336.752
2026-06-10 10:35:00+00:00,1.2562,157.712,125.547
2026-06-10 10:40:00+00:00,0.9664,53.652,55.517
2026-06-10 10:45:00+00:00,0.9846,77.288,78.497
2026-06-10 10:50:00+00:00,0.8271,96.674,116.883
2026-06-10 10:55:00+00:00,1.2277,109.099,88.862
2026-06-10 11:00:00+00:00,0.5419,640.635,1182.209
2026-06-10 11:05:00+00:00,0.9124,1069.973,1172.756
2026-06-10 11:10:00+00:00,1.2293,393.1,319.788
2026-06-10 11:15:00+00:00,0.6454,205.634,318.635
2026-06-10 11:20:00+00:00,1.3768,335.527,243.706
2026-06-10 11:25:00+00:00,1.1699,604.203,516.457
2026-06-10 11:30:00+00:00,0.9415,264.031,280.438
2026-06-10 11:35:00+00:00,1.2185,316.402,259.667
2026-06-10 11:40:00+00:00,1.2115,234.896,193.891
2026-06-10 11:45:00+00:00,1.3761,256.917,186.693
2026-06-10 11:50:00+00:00,0.7155,120.666,168.643
2026-06-10 11:55:00+00:00,0.8598,129.674,150.821
2026-06-10 12:00:00+00:00,1.0454,195.848,187.345
2026-06-10 12:05:00+00:00,1.4418,320.664,222.406
2026-06-10 12:10:00+00:00,1.371,352.011,256.748
2026-06-10 12:15:00+00:00,0.7585,245.61,323.814
2026-06-10 12:20:00+00:00,0.6279,165.345,263.325
2026-06-10 12:25:00+00:00,1.0887,182.772,167.882
2026-06-10 12:30:00+00:00,1.2797,4358.505,3405.934
2026-06-10 12:35:00+00:00,0.5412,1006.008,1858.719
2026-06-10 12:40:00+00:00,1.1185,485.36,433.951
2026-06-10 12:45:00+00:00,1.3897,676.578,486.844
2026-06-10 12:50:00+00:00,1.1209,404.748,361.098
2026-06-10 12:55:00+00:00,0.3524,209.315,594.049
2026-06-10 13:00:00+00:00,0.8806,378.393,429.68
2026-06-10 13:05:00+00:00,1.3267,266.242,200.681
2026-06-10 13:10:00+00:00,0.9511,174.085,183.033
2026-06-10 13:15:00+00:00,0.7514,183.836,244.647
2026-06-10 13:20:00+00:00,1.3443,315.559,234.737
2026-06-10 13:25:00+00:00,1.1973,251.437,209.996
2026-06-10 13:30:00+00:00,1.4238,1259.821,884.807
2026-06-10 13:35:00+00:00,1.5795,2614.814,1655.447
2026-06-10 13:40:00+00:00,1.4487,1998.952,1379.804
2026-06-10 13:45:00+00:00,1.1765,1375.009,1168.7
2026-06-10 13:50:00+00:00,0.805,609.674,757.36
2026-06-10 13:55:00+00:00,0.7005,782.963,1117.78
2026-06-10 14:00:00+00:00,0.7322,730.696,997.958
2026-06-10 14:05:00+00:00,1.3815,401.453,290.582
2026-06-10 14:10:00+00:00,0.8437,408.286,483.9
2026-06-10 14:15:00+00:00,0.8347,739.057,885.364
2026-06-10 14:20:00+00:00,1.6221,570.325,351.603
2026-06-10 14:25:00+00:00,1.3236,315.961,238.717
2026-06-10 14:30:00+00:00,1.0721,427.583,398.835
2026-06-10 14:35:00+00:00,1.0335,342.741,331.643
2026-06-10 14:40:00+00:00,1.2297,358.384,291.441
2026-06-10 14:45:00+00:00,1.0276,313.736,305.308
2026-06-10 14:50:00+00:00,1.218,317.065,260.317
2026-06-10 14:55:00+00:00,1.1058,967.017,874.494
2026-06-10 15:00:00+00:00,1.0509,1088.735,1035.994
2026-06-10 15:05:00+00:00,1.0612,623.407,587.432
2026-06-10 15:10:00+00:00,1.2888,413.101,320.525
2026-06-10 15:15:00+00:00,1.3514,558.827,413.512
2026-06-10 15:20:00+00:00,1.0013,720.089,719.151
2026-06-10 15:25:00+00:00,0.9492,380.603,400.976
2026-06-10 15:30:00+00:00,1.0925,395.156,361.683
2026-06-10 15:35:00+00:00,0.6004,310.914,517.866
2026-06-10 15:40:00+00:00,1.5826,563.808,356.255
2026-06-10 15:45:00+00:00,1.1271,1847.882,1639.554
2026-06-10 15:50:00+00:00,1.7339,2360.398,1361.338
2026-06-10 15:55:00+00:00,0.7439,803.925,1080.702
2026-06-10 16:00:00+00:00,0.6643,438.621,660.292
2026-06-10 16:05:00+00:00,1.5138,600.158,396.456
2026-06-10 16:10:00+00:00,1.057,330.262,312.446
2026-06-10 16:15:00+00:00,1.1109,288.778,259.948
2026-06-10 16:20:00+00:00,0.8818,275.747,312.7
2026-06-10 16:25:00+00:00,0.6969,369.344,529.973
2026-06-10 16:30:00+00:00,1.1317,313.087,276.663
2026-06-10 16:35:00+00:00,1.0192,246.369,241.731
2026-06-10 16:40:00+00:00,0.7634,125.548,164.46
2026-06-10 16:45:00+00:00,0.5103,600.441,1176.61
2026-06-10 16:50:00+00:00,1.4368,806.264,561.138
2026-06-10 16:55:00+00:00,0.8838,181.432,205.282
2026-06-10 17:00:00+00:00,0.9363,428.915,458.098
2026-06-10 17:05:00+00:00,0.4681,167.926,358.724
2026-06-10 17:10:00+00:00,0.8755,292.527,334.112
2026-06-10 17:15:00+00:00,1.4806,181.078,122.304
2026-06-10 17:20:00+00:00,0.4989,118.894,238.323
2026-06-10 17:25:00+00:00,0.7675,511.991,667.101
2026-06-10 17:30:00+00:00,0.8173,863.354,1056.336
2026-06-10 17:35:00+00:00,0.7545,267.83,354.998
2026-06-10 17:40:00+00:00,1.2064,1369.311,1135.018
2026-06-10 17:45:00+00:00,1.299,546.599,420.773
2026-06-10 17:50:00+00:00,0.7025,378.429,538.666
2026-06-10 17:55:00+00:00,1.5742,206.738,131.333
2026-06-10 18:00:00+00:00,1.372,362.608,264.297
2026-06-10 18:05:00+00:00,1.0789,309.491,286.845
2026-06-10 18:10:00+00:00,1.2206,161.888,132.626
2026-06-10 18:15:00+00:00,0.9067,154.039,169.883
2026-06-10 18:20:00+00:00,1.1351,244.607,215.498
2026-06-10 18:25:00+00:00,0.9923,104.894,105.709
2026-06-10 18:30:00+00:00,1.3996,235.854,168.512
2026-06-10 18:35:00+00:00,0.8913,222.34,249.452
2026-06-10 18:40:00+00:00,1.0697,217.11,202.966
2026-06-10 18:45:00+00:00,1.6711,228.708,136.859
2026-06-10 18:50:00+00:00,0.7806,671.097,859.757
2026-06-10 18:55:00+00:00,0.9105,224.142,246.164
2026-06-10 19:00:00+00:00,1.1619,170.384,146.646
2026-06-10 19:05:00+00:00,1.7603,284.547,161.648
2026-06-10 19:10:00+00:00,0.5219,81.961,157.036
2026-06-10 19:15:00+00:00,0.7628,164.782,216.015
2026-06-10 19:20:00+00:00,0.4866,101.506,208.596
2026-06-10 19:25:00+00:00,1.0723,123.275,114.964
2026-06-10 19:30:00+00:00,2.8331,327.266,115.516
2026-06-10 19:35:00+00:00,1.4208,286.246,201.475
2026-06-10 19:40:00+00:00,1.0484,124.558,118.81
2026-06-10 19:45:00+00:00,0.6513,140.263,215.362
2026-06-10 19:50:00+00:00,0.8844,280.851,317.548
2026-06-10 19:55:00+00:00,0.7847,213.402,271.959
2026-06-10 20:00:00+00:00,0.797,212.63,266.8
2026-06-10 20:05:00+00:00,0.707,222.584,314.812
2026-06-10 20:10:00+00:00,1.098,113.794,103.635
2026-06-10 20:15:00+00:00,1.2863,123.434,95.958
2026-06-10 20:20:00+00:00,1.0513,193.87,184.407
2026-06-10 20:25:00+00:00,1.0958,52.535,47.944
2026-06-10 20:30:00+00:00,0.808,111.848,138.423
2026-06-10 20:35:00+00:00,1.0939,79.865,73.012
2026-06-10 20:40:00+00:00,1.2076,128.262,106.215
2026-06-10 20:45:00+00:00,0.7934,85.167,107.35
2026-06-10 20:50:00+00:00,0.8923,103.045,115.486
2026-06-10 20:55:00+00:00,2.1429,144.892,67.616
2026-06-10 21:00:00+00:00,1.2351,130.826,105.925
2026-06-10 21:05:00+00:00,0.6221,213.923,343.853
2026-06-10 21:10:00+00:00,0.7514,489.958,652.017
2026-06-10 21:15:00+00:00,1.0264,273.455,266.425
2026-06-10 21:20:00+00:00,0.6822,82.883,121.494
2026-06-10 21:25:00+00:00,1.4444,156.647,108.45
2026-06-10 21:30:00+00:00,1.8422,161.835,87.85
2026-06-10 21:35:00+00:00,0.4387,105.639,240.781
2026-06-10 21:40:00+00:00,1.3077,78.246,59.835
2026-06-10 21:45:00+00:00,0.3745,150.955,403.072
2026-06-10 21:50:00+00:00,0.4242,763.741,1800.232
2026-06-10 21:55:00+00:00,1.1088,559.465,504.546
2026-06-10 22:00:00+00:00,0.6725,294.565,438.035
2026-06-10 22:05:00+00:00,1.0027,214.81,214.239
2026-06-10 22:10:00+00:00,0.7664,269.751,351.963
2026-06-10 22:15:00+00:00,1.7734,1014.312,571.948
2026-06-10 22:20:00+00:00,1.1832,390.61,330.134
2026-06-10 22:25:00+00:00,1.0284,259.328,252.173
2026-06-10 22:30:00+00:00,1.1714,363.075,309.939
2026-06-10 22:35:00+00:00,2.3432,383.298,163.581
2026-06-10 22:40:00+00:00,1.9804,615.213,310.654
2026-06-10 22:45:00+00:00,0.8728,198.241,227.131
2026-06-10 22:50:00+00:00,1.2119,141.073,116.404
2026-06-10 22:55:00+00:00,0.8574,91.837,107.113
2026-06-10 23:00:00+00:00,0.9954,162.361,163.115
2026-06-10 23:05:00+00:00,0.7341,133.279,181.561
2026-06-10 23:10:00+00:00,1.5034,297.899,198.144
2026-06-10 23:15:00+00:00,2.3698,551.49,232.714
2026-06-10 23:20:00+00:00,1.3345,413.509,309.858
2026-06-10 23:25:00+00:00,1.902,277.352,145.823
2026-06-10 23:30:00+00:00,0.7392,150.92,204.167
2026-06-10 23:35:00+00:00,2.1841,197.473,90.413
2026-06-10 23:40:00+00:00,1.2556,160.144,127.541
2026-06-10 23:45:00+00:00,0.5563,71.302,128.17
2026-06-10 23:50:00+00:00,2.8721,219.23,76.332
2026-06-10 23:55:00+00:00,0.9576,72.683,75.9
2026-06-11 00:00:00+00:00,1.5699,359.98,229.297
2026-06-11 00:05:00+00:00,1.7158,281.856,164.273
2026-06-11 00:10:00+00:00,1.7692,230.335,130.192
2026-06-11 00:15:00+00:00,1.7246,1324.802,768.183
2026-06-11 00:20:00+00:00,0.4605,387.319,841.009
2026-06-11 00:25:00+00:00,0.8358,134.651,161.097
2026-06-11 00:30:00+00:00,0.8983,158.575,176.523
2026-06-11 00:35:00+00:00,0.6311,129.045,204.474
2026-06-11 00:40:00+00:00,0.9802,122.782,125.259
2026-06-11 00:45:00+00:00,1.5373,145.116,94.397
2026-06-11 00:50:00+00:00,0.8351,93.346,111.777
2026-06-11 00:55:00+00:00,0.5914,86.101,145.581
2026-06-11 01:00:00+00:00,2.0035,274.46,136.989
2026-06-11 01:05:00+00:00,0.8894,172.71,194.193
2026-06-11 01:10:00+00:00,1.6842,450.404,267.429
2026-06-11 01:15:00+00:00,1.4194,547.418,385.661
2026-06-11 01:20:00+00:00,1.0945,237.141,216.671
2026-06-11 01:25:00+00:00,1.2062,404.469,335.33
2026-06-11 01:30:00+00:00,0.9555,166.623,174.377
2026-06-11 01:35:00+00:00,2.0097,353.726,176.007
2026-06-11 01:40:00+00:00,1.2965,454.678,350.709
2026-06-11 01:45:00+00:00,0.8044,164.999,205.124
2026-06-11 01:50:00+00:00,0.8761,163.908,187.086
2026-06-11 01:55:00+00:00,0.391,90.809,232.267
2026-06-11 02:00:00+00:00,0.7502,217.807,290.318
2026-06-11 02:05:00+00:00,0.5559,103.743,186.629
2026-06-11 02:10:00+00:00,0.7034,156.681,222.735
2026-06-11 02:15:00+00:00,1.0157,186.238,183.359
2026-06-11 02:20:00+00:00,0.476,174.266,366.072
2026-06-11 02:25:00+00:00,0.6119,111.384,182.035
2026-06-11 02:30:00+00:00,0.5918,298.56,504.507
2026-06-11 02:35:00+00:00,1.0727,202.739,188.997
2026-06-11 02:40:00+00:00,0.8934,101.179,113.25
2026-06-11 02:45:00+00:00,0.6852,86.729,126.581
2026-06-11 02:50:00+00:00,1.6023,167.657,104.635
2026-06-11 02:55:00+00:00,1.8381,291.236,158.44
2026-06-11 03:00:00+00:00,1.4438,170.958,118.405
2026-06-11 03:05:00+00:00,0.8428,159.024,188.695
2026-06-11 03:10:00+00:00,0.6444,110.036,170.748
2026-06-11 03:15:00+00:00,1.0491,112.31,107.05
2026-06-11 03:20:00+00:00,1.0281,59.682,58.053
2026-06-11 03:25:00+00:00,0.7803,53.798,68.947
2026-06-11 03:30:00+00:00,2.1444,1556.84,726.0
2026-06-11 03:35:00+00:00,1.0505,486.75,463.349
2026-06-11 03:40:00+00:00,1.0781,319.522,296.372
2026-06-11 03:45:00+00:00,1.6842,569.045,337.877
2026-06-11 03:50:00+00:00,1.0651,243.127,228.26
2026-06-11 03:55:00+00:00,2.5376,3311.651,1305.046
2026-06-11 04:00:00+00:00,0.9734,474.177,487.151
2026-06-11 04:05:00+00:00,0.6238,172.103,275.898
2026-06-11 04:10:00+00:00,1.2839,386.263,300.843
2026-06-11 04:15:00+00:00,0.4908,168.454,343.199
2026-06-11 04:20:00+00:00,0.7549,125.822,166.671
2026-06-11 04:25:00+00:00,0.4386,109.778,250.271
2026-06-11 04:30:00+00:00,0.4971,140.998,283.636
2026-06-11 04:35:00+00:00,2.1769,194.579,89.382
2026-06-11 04:40:00+00:00,0.9187,165.671,180.333
2026-06-11 04:45:00+00:00,2.286,390.656,170.891
2026-06-11 04:50:00+00:00,1.9954,535.158,268.202
2026-06-11 04:55:00+00:00,0.7419,279.936,377.336
2026-06-11 05:00:00+00:00,0.6374,192.781,302.449
2026-06-11 05:05:00+00:00,0.7021,179.527,255.69
2026-06-11 05:10:00+00:00,0.8126,126.901,156.164
2026-06-11 05:15:00+00:00,0.9643,152.048,157.677
2026-06-11 05:20:00+00:00,1.0391,93.659,90.134
2026-06-11 05:25:00+00:00,0.4441,69.123,155.641
2026-06-11 05:30:00+00:00,0.7347,80.842,110.039
2026-06-11 05:35:00+00:00,0.6589,62.04,94.159
2026-06-11 05:40:00+00:00,1.7135,95.518,55.744
2026-06-11 05:45:00+00:00,0.3853,82.994,215.418
2026-06-11 05:50:00+00:00,0.7563,112.255,148.426
2026-06-11 05:55:00+00:00,0.9601,104.918,109.277
2026-06-11 06:00:00+00:00,0.4388,103.258,235.333
2026-06-11 06:05:00+00:00,0.9902,188.655,190.524
2026-06-11 06:10:00+00:00,2.4335,551.367,226.57
2026-06-11 06:15:00+00:00,1.1602,623.325,537.274
2026-06-11 06:20:00+00:00,2.044,1269.092,620.886
2026-06-11 06:25:00+00:00,0.9125,355.572,389.648
2026-06-11 06:30:00+00:00,1.506,222.838,147.969
2026-06-11 06:35:00+00:00,1.4413,229.018,158.901
2026-06-11 06:40:00+00:00,1.2274,274.795,223.878
2026-06-11 06:45:00+00:00,0.5765,200.697,348.112
2026-06-11 06:50:00+00:00,0.6891,137.337,199.309
2026-06-11 06:55:00+00:00,0.6283,143.51,228.416
2026-06-11 07:00:00+00:00,0.4978,188.158,378.0
2026-06-11 07:05:00+00:00,0.5549,240.557,433.53
2026-06-11 07:10:00+00:00,1.2114,248.419,205.065
2026-06-11 07:15:00+00:00,1.8108,261.203,144.248
2026-06-11 07:20:00+00:00,1.5101,214.104,141.78
2026-06-11 07:25:00+00:00,1.0841,90.475,83.455
2026-06-11 07:30:00+00:00,0.7278,135.145,185.687
2026-06-11 07:35:00+00:00,0.7313,124.424,170.152
2026-06-11 07:40:00+00:00,1.1884,296.105,249.17
2026-06-11 07:45:00+00:00,1.0568,136.721,129.368
2026-06-11 07:50:00+00:00,0.5419,60.019,110.762
2026-06-11 07:55:00+00:00,0.9481,211.907,223.517
2026-06-11 08:00:00+00:00,1.6991,221.873,130.585
2026-06-11 08:05:00+00:00,1.3623,101.859,74.769
2026-06-11 08:10:00+00:00,1.3385,230.06,171.877
2026-06-11 08:15:00+00:00,0.9113,94.225,103.399
2026-06-11 08:20:00+00:00,0.4726,241.726,511.475
2026-06-11 08:25:00+00:00,1.3725,293.395,213.76
2026-06-11 08:30:00+00:00,0.2169,159.401,735.046
2026-06-11 08:35:00+00:00,1.9677,442.107,224.677
2026-06-11 08:40:00+00:00,0.1954,122.361,626.314
2026-06-11 08:45:00+00:00,2.4719,997.204,403.424
2026-06-11 08:50:00+00:00,0.9911,171.034,172.563
2026-06-11 08:55:00+00:00,0.9929,119.397,120.253
2026-06-11 09:00:00+00:00,1.0154,128.463,126.517
2026-06-11 09:05:00+00:00,0.6503,126.595,194.682
2026-06-11 09:10:00+00:00,0.6595,115.919,175.758
2026-06-11 09:15:00+00:00,0.6395,180.618,282.446
2026-06-11 09:20:00+00:00,1.628,184.211,113.154
2026-06-11 09:25:00+00:00,1.5838,136.138,85.955
2026-06-11 09:30:00+00:00,2.5346,347.381,137.056
2026-06-11 09:35:00+00:00,0.5299,167.745,316.575
2026-06-11 09:40:00+00:00,0.6745,160.509,237.972
2026-06-11 09:45:00+00:00,2.1535,116.069,53.898
2026-06-11 09:50:00+00:00,1.728,265.631,153.726
2026-06-11 09:55:00+00:00,1.7236,177.067,102.728
2026-06-11 10:00:00+00:00,1.4972,224.656,150.049
2026-06-11 10:05:00+00:00,1.9625,255.59,130.24
2026-06-11 10:10:00+00:00,1.6068,132.86,82.684
2026-06-11 10:15:00+00:00,0.4199,92.646,220.648
2026-06-11 10:20:00+00:00,0.4007,58.935,147.084
2026-06-11 10:25:00+00:00,0.6887,63.044,91.534
2026-06-11 10:30:00+00:00,1.7918,146.47,81.744
2026-06-11 10:35:00+00:00,1.1202,103.215,92.143
2026-06-11 10:40:00+00:00,1.341,99.808,74.428
2026-06-11 10:45:00+00:00,1.3358,75.23,56.317
2026-06-11 10:50:00+00:00,2.0235,979.803,484.208
2026-06-11 10:55:00+00:00,3.1788,3284.812,1033.357
2026-06-11 11:00:00+00:00,1.9408,848.722,437.306
2026-06-11 11:05:00+00:00,0.9151,346.924,379.128
2026-06-11 11:10:00+00:00,2.807,364.974,130.022
2026-06-11 11:15:00+00:00,3.2448,870.522,268.281
2026-06-11 11:20:00+00:00,1.0942,120.743,110.347
2026-06-11 11:25:00+00:00,0.4643,116.84,251.671
2026-06-11 11:30:00+00:00,2.4316,963.036,396.044
2026-06-11 11:35:00+00:00,0.7616,182.457,239.577
2026-06-11 11:40:00+00:00,0.8165,132.803,162.651
2026-06-11 11:45:00+00:00,0.6173,119.429,193.459
2026-06-11 11:50:00+00:00,2.0406,335.97,164.645
2026-06-11 11:55:00+00:00,0.7316,93.917,128.378
2026-06-11 12:00:00+00:00,0.7653,449.109,586.859
2026-06-11 12:05:00+00:00,1.0644,283.211,266.071
2026-06-11 12:10:00+00:00,1.6132,708.38,439.107
2026-06-11 12:15:00+00:00,0.8738,681.904,780.37
2026-06-11 12:20:00+00:00,0.7704,2483.026,3223.056
2026-06-11 12:25:00+00:00,0.6127,481.794,786.401
2026-06-11 12:30:00+00:00,0.8878,1744.012,1964.528
2026-06-11 12:35:00+00:00,1.4189,822.786,579.865
2026-06-11 12:40:00+00:00,1.532,990.357,646.441
2026-06-11 12:45:00+00:00,1.7309,938.161,542.0
2026-06-11 12:50:00+00:00,1.3641,534.344,391.724
2026-06-11 12:55:00+00:00,0.9642,285.32,295.907
2026-06-11 13:00:00+00:00,0.4597,230.826,502.16
2026-06-11 13:05:00+00:00,1.008,192.697,191.172
2026-06-11 13:10:00+00:00,0.8113,114.527,141.162
2026-06-11 13:15:00+00:00,1.4019,201.277,143.571
2026-06-11 13:20:00+00:00,0.5594,292.442,522.795
2026-06-11 13:25:00+00:00,0.9826,387.216,394.054
2026-06-11 13:30:00+00:00,0.9164,582.548,635.659
2026-06-11 13:35:00+00:00,1.5669,383.67,244.86
2026-06-11 13:40:00+00:00,2.0718,576.784,278.398
2026-06-11 13:45:00+00:00,0.9125,1208.392,1324.196
2026-06-11 13:50:00+00:00,1.291,1863.429,1443.422
2026-06-11 13:55:00+00:00,0.8585,538.93,627.77
2026-06-11 14:00:00+00:00,1.2256,452.064,368.846
2026-06-11 14:05:00+00:00,0.6809,210.27,308.816
2026-06-11 14:10:00+00:00,0.8517,418.044,490.827
2026-06-11 14:15:00+00:00,1.2425,405.333,326.212
2026-06-11 14:20:00+00:00,1.1853,342.265,288.748
2026-06-11 14:25:00+00:00,1.09,379.587,348.231
2026-06-11 14:30:00+00:00,0.8063,228.964,283.982
2026-06-11 14:35:00+00:00,1.193,259.81,217.778
2026-06-11 14:40:00+00:00,0.6855,110.221,160.786
2026-06-11 14:45:00+00:00,1.4553,133.734,91.892
2026-06-11 14:50:00+00:00,1.0943,227.978,208.33
2026-06-11 14:55:00+00:00,0.5955,522.799,877.974
2026-06-11 15:00:00+00:00,0.942,1296.16,1375.926
2026-06-11 15:05:00+00:00,0.845,467.804,553.622
2026-06-11 15:10:00+00:00,0.5456,319.137,584.91
2026-06-11 15:15:00+00:00,1.0943,247.303,225.982
2026-06-11 15:20:00+00:00,1.0287,312.817,304.102
2026-06-11 15:25:00+00:00,0.3842,86.279,224.594
2026-06-11 15:30:00+00:00,0.8931,189.091,211.715
2026-06-11 15:35:00+00:00,0.6385,180.226,282.273
2026-06-11 15:40:00+00:00,0.7312,133.217,182.183
2026-06-11 15:45:00+00:00,0.9785,251.708,257.25
2026-06-11 15:50:00+00:00,0.8418,214.096,254.321
2026-06-11 15:55:00+00:00,1.4515,202.087,139.23
2026-06-11 16:00:00+00:00,1.1081,270.623,244.23
2026-06-11 16:05:00+00:00,1.1791,215.725,182.952
2026-06-11 16:10:00+00:00,0.8634,146.72,169.935
2026-06-11 16:15:00+00:00,1.1715,105.805,90.313
2026-06-11 16:20:00+00:00,0.6391,239.089,374.122
2026-06-11 16:25:00+00:00,1.7178,308.345,179.504
2026-06-11 16:30:00+00:00,0.8616,417.074,484.077
2026-06-11 16:35:00+00:00,1.1681,236.23,202.233
2026-06-11 16:40:00+00:00,0.9977,81.636,81.824
2026-06-11 16:45:00+00:00,1.3151,140.915,107.149
2026-06-11 16:50:00+00:00,1.1492,137.934,120.031
2026-06-11 16:55:00+00:00,1.2328,127.889,103.742
2026-06-11 17:00:00+00:00,0.6071,740.774,1220.098
2026-06-11 17:05:00+00:00,1.9691,357.345,181.475
2026-06-11 17:10:00+00:00,1.6344,214.717,131.372
2026-06-11 17:15:00+00:00,1.2345,225.023,182.277
2026-06-11 17:20:00+00:00,0.7125,197.836,277.665
2026-06-11 17:25:00+00:00,1.7206,2241.612,1302.821
2026-06-11 17:30:00+00:00,1.5842,5436.861,3431.855
2026-06-11 17:35:00+00:00,0.9601,857.116,892.704
2026-06-11 17:40:00+00:00,0.6374,565.023,886.426
2026-06-11 17:45:00+00:00,2.0804,3069.432,1475.421
2026-06-11 17:50:00+00:00,0.8857,812.183,916.994
2026-06-11 17:55:00+00:00,1.7364,1685.439,970.665
2026-06-11 18:00:00+00:00,1.5532,2115.008,1361.751
2026-06-11 18:05:00+00:00,0.4464,559.233,1252.758
2026-06-11 18:10:00+00:00,1.0087,426.221,422.559
2026-06-11 18:15:00+00:00,0.9599,332.879,346.777
2026-06-11 18:20:00+00:00,0.7212,415.403,575.999
2026-06-11 18:25:00+00:00,0.8701,162.176,186.382
2026-06-11 18:30:00+00:00,0.8951,166.934,186.504
2026-06-11 18:35:00+00:00,1.1942,161.87,135.551
2026-06-11 18:40:00+00:00,0.7914,136.555,172.548
2026-06-11 18:45:00+00:00,0.9561,110.256,115.322
2026-06-11 18:50:00+00:00,0.8756,100.973,115.321
2026-06-11 18:55:00+00:00,1.3182,190.817,144.754
2026-06-11 19:00:00+00:00,1.521,347.076,228.183
2026-06-11 19:05:00+00:00,0.4026,132.993,330.298
2026-06-11 19:10:00+00:00,3.237,977.838,302.078
2026-06-11 19:15:00+00:00,2.9102,902.102,309.983
2026-06-11 19:20:00+00:00,0.8494,274.88,323.6
2026-06-11 19:25:00+00:00,0.3553,94.606,266.306
2026-06-11 19:30:00+00:00,1.7448,1921.936,1101.505
2026-06-11 19:35:00+00:00,0.7102,274.726,386.827
2026-06-11 19:40:00+00:00,0.6066,175.826,289.843
2026-06-11 19:45:00+00:00,0.8945,216.363,241.89
2026-06-11 19:50:00+00:00,0.5614,167.411,298.204
2026-06-11 19:55:00+00:00,0.5272,147.998,280.745
2026-06-11 20:00:00+00:00,1.0729,541.15,504.404
2026-06-11 20:05:00+00:00,0.6538,96.244,147.209
2026-06-11 20:10:00+00:00,0.6288,135.058,214.79
2026-06-11 20:15:00+00:00,0.8731,76.328,87.419
2026-06-11 20:20:00+00:00,0.9029,159.56,176.728
2026-06-11 20:25:00+00:00,0.6119,324.479,530.32
2026-06-11 20:30:00+00:00,1.396,217.372,155.709
2026-06-11 20:35:00+00:00,0.8558,163.747,191.329
2026-06-11 20:40:00+00:00,0.9716,161.666,166.392
2026-06-11 20:45:00+00:00,0.6942,86.285,124.302
2026-06-11 20:50:00+00:00,2.2925,301.119,131.352
2026-06-11 20:55:00+00:00,0.9,114.664,127.409
2026-06-11 21:00:00+00:00,2.179,154.271,70.799
2026-06-11 21:05:00+00:00,1.3803,125.292,90.774
2026-06-11 21:10:00+00:00,1.251,166.967,133.466
2026-06-11 21:15:00+00:00,0.7604,53.358,70.171
2026-06-11 21:20:00+00:00,0.5529,53.793,97.289
2026-06-11 21:25:00+00:00,0.5854,46.598,79.606
2026-06-11 21:30:00+00:00,0.6531,32.631,49.963
2026-06-11 21:35:00+00:00,0.5305,53.64,101.107
2026-06-11 21:40:00+00:00,1.1131,69.651,62.576
2026-06-11 21:45:00+00:00,1.3063,102.142,78.191
2026-06-11 21:50:00+00:00,1.3145,120.56,91.714
2026-06-11 21:55:00+00:00,1.4082,154.648,109.816
2026-06-11 22:00:00+00:00,1.5373,173.135,112.62
2026-06-11 22:05:00+00:00,1.5222,147.547,96.93
2026-06-11 22:10:00+00:00,0.7442,69.778,93.759
2026-06-11 22:15:00+00:00,1.6924,107.532,63.54
2026-06-11 22:20:00+00:00,0.6404,79.139,123.585
2026-06-11 22:25:00+00:00,1.0823,77.873,71.954
2026-06-11 22:30:00+00:00,0.9149,92.022,100.585
2026-06-11 22:35:00+00:00,1.576,123.087,78.1
2026-06-11 22:40:00+00:00,0.5878,42.967,73.092
2026-06-11 22:45:00+00:00,0.7749,94.685,122.191
2026-06-11 22:50:00+00:00,1.0218,54.8,53.629
2026-06-11 22:55:00+00:00,0.4451,49.874,112.058
2026-06-11 23:00:00+00:00,0.7438,159.368,214.263
2026-06-11 23:05:00+00:00,0.7493,62.747,83.742
2026-06-11 23:10:00+00:00,1.0056,82.868,82.41
2026-06-11 23:15:00+00:00,1.6474,103.033,62.542
2026-06-11 23:20:00+00:00,0.9347,59.876,64.058
2026-06-11 23:25:00+00:00,0.7986,36.911,46.222
2026-06-11 23:30:00+00:00,2.2279,506.73,227.448
2026-06-11 23:35:00+00:00,0.7225,122.938,170.149
2026-06-11 23:40:00+00:00,1.8691,650.666,348.116
2026-06-11 23:45:00+00:00,1.1362,130.801,115.122
2026-06-11 23:50:00+00:00,2.07,339.086,163.811
2026-06-11 23:55:00+00:00,1.2908,245.585,190.263
2026-06-12 00:00:00+00:00,1.3908,459.779,330.587
2026-06-12 00:05:00+00:00,1.5361,717.77,467.272
2026-06-12 00:10:00+00:00,1.1663,108.035,92.629
2026-06-12 00:15:00+00:00,1.1256,150.901,134.064
2026-06-12 00:20:00+00:00,0.6788,54.795,80.726
2026-06-12 00:25:00+00:00,0.707,101.059,142.932
2026-06-12 00:30:00+00:00,1.1523,121.102,105.092
2026-06-12 00:35:00+00:00,1.4487,252.624,174.378
2026-06-12 00:40:00+00:00,0.6708,80.703,120.315
2026-06-12 00:45:00+00:00,1.3347,76.244,57.124
2026-06-12 00:50:00+00:00,1.6116,124.781,77.425
2026-06-12 00:55:00+00:00,0.7681,90.594,117.939
2026-06-12 01:00:00+00:00,0.7676,219.768,286.298
2026-06-12 01:05:00+00:00,0.6769,133.381,197.061
2026-06-12 01:10:00+00:00,1.6423,244.497,148.877
2026-06-12 01:15:00+00:00,0.6125,132.883,216.955
2026-06-12 01:20:00+00:00,1.0603,241.145,227.43
2026-06-12 01:25:00+00:00,0.446,193.123,432.992
2026-06-12 01:30:00+00:00,1.38,162.14,117.493
2026-06-12 01:35:00+00:00,1.1958,236.242,197.564
2026-06-12 01:40:00+00:00,1.0607,110.133,103.83
2026-06-12 01:45:00+00:00,2.0846,213.422,102.38
2026-06-12 01:50:00+00:00,1.7337,156.125,90.055
2026-06-12 01:55:00+00:00,0.953,138.734,145.577
2026-06-12 02:00:00+00:00,1.7294,96.05,55.538
2026-06-12 02:05:00+00:00,2.7786,334.12,120.247
2026-06-12 02:10:00+00:00,0.8436,325.618,385.981
2026-06-12 02:15:00+00:00,0.9831,118.632,120.674
2026-06-12 02:20:00+00:00,1.1245,118.986,105.816
2026-06-12 02:25:00+00:00,0.3281,109.069,332.42
2026-06-12 02:30:00+00:00,0.9606,130.668,136.023
2026-06-12 02:35:00+00:00,1.1365,75.033,66.021
2026-06-12 02:40:00+00:00,1.5113,93.856,62.101
2026-06-12 02:45:00+00:00,1.1214,74.132,66.105
2026-06-12 02:50:00+00:00,1.1245,141.237,125.604
2026-06-12 02:55:00+00:00,1.3835,116.816,84.437
2026-06-12 03:00:00+00:00,0.7161,83.616,116.759
2026-06-12 03:05:00+00:00,0.9418,62.787,66.67
2026-06-12 03:10:00+00:00,0.364,46.611,128.065
2026-06-12 03:15:00+00:00,0.5175,37.41,72.287
2026-06-12 03:20:00+00:00,0.7673,103.79,135.27
2026-06-12 03:25:00+00:00,1.1912,202.313,169.84
2026-06-12 03:30:00+00:00,2.2466,139.425,62.06
2026-06-12 03:35:00+00:00,0.8524,85.248,100.012
2026-06-12 03:40:00+00:00,1.1519,60.372,52.409
2026-06-12 03:45:00+00:00,1.5349,72.538,47.259
2026-06-12 03:50:00+00:00,1.3384,45.225,33.79
2026-06-12 03:55:00+00:00,1.5065,62.002,41.156
2026-06-12 04:00:00+00:00,1.7472,147.27,84.291
2026-06-12 04:05:00+00:00,0.6611,74.716,113.011
2026-06-12 04:10:00+00:00,1.2267,128.745,104.951
2026-06-12 04:15:00+00:00,1.2936,962.368,743.948
2026-06-12 04:20:00+00:00,1.3955,452.979,324.611
2026-06-12 04:25:00+00:00,1.6017,333.739,208.364
2026-06-12 04:30:00+00:00,1.7582,704.391,400.639
2026-06-12 04:35:00+00:00,0.829,130.983,158.002
2026-06-12 04:40:00+00:00,0.4651,78.96,169.754
2026-06-12 04:45:00+00:00,1.1798,115.794,98.148
2026-06-12 04:50:00+00:00,1.4771,111.064,75.189
2026-06-12 04:55:00+00:00,0.2769,38.702,139.781
2026-06-12 05:00:00+00:00,0.3339,90.479,270.99
2026-06-12 05:05:00+00:00,0.7096,89.56,126.215
2026-06-12 05:10:00+00:00,0.8182,918.776,1122.929
2026-06-12 05:15:00+00:00,1.4119,374.078,264.948
2026-06-12 05:20:00+00:00,0.6317,125.958,199.406
2026-06-12 05:25:00+00:00,1.1602,110.788,95.492
2026-06-12 05:30:00+00:00,0.6931,101.736,146.782
2026-06-12 05:35:00+00:00,0.6272,171.261,273.077
2026-06-12 05:40:00+00:00,1.6482,265.993,161.384
2026-06-12 05:45:00+00:00,0.6858,136.338,198.81
2026-06-12 05:50:00+00:00,0.6941,165.44,238.346
2026-06-12 05:55:00+00:00,0.7422,165.604,223.139
2026-06-12 06:00:00+00:00,1.5308,115.052,75.156
2026-06-12 06:05:00+00:00,0.5671,134.116,236.489
2026-06-12 06:10:00+00:00,0.5717,163.799,286.506
2026-06-12 06:15:00+00:00,0.4623,353.575,764.894
2026-06-12 06:20:00+00:00,0.6446,245.516,380.87
2026-06-12 06:25:00+00:00,0.8978,103.357,115.128
2026-06-12 06:30:00+00:00,0.5993,811.86,1354.577
2026-06-12 06:35:00+00:00,0.9363,771.371,823.837
2026-06-12 06:40:00+00:00,1.279,311.468,243.525
2026-06-12 06:45:00+00:00,1.869,389.849,208.591
2026-06-12 06:50:00+00:00,0.7953,165.036,207.515
2026-06-12 06:55:00+00:00,1.7021,171.134,100.544
2026-06-12 07:00:00+00:00,2.5994,546.298,210.162
2026-06-12 07:05:00+00:00,1.5074,213.16,141.41
2026-06-12 07:10:00+00:00,0.731,182.74,249.981
2026-06-12 07:15:00+00:00,1.6007,261.595,163.421
2026-06-12 07:20:00+00:00,1.0513,103.107,98.073
2026-06-12 07:25:00+00:00,1.2974,97.082,74.826
2026-06-12 07:30:00+00:00,1.3414,132.451,98.744
2026-06-12 07:35:00+00:00,1.5214,179.286,117.846
2026-06-12 07:40:00+00:00,0.9865,183.373,185.883
2026-06-12 07:45:00+00:00,1.0493,141.678,135.023
2026-06-12 07:50:00+00:00,0.8997,122.957,136.669
2026-06-12 07:55:00+00:00,2.3808,705.458,296.309
2026-06-12 08:00:00+00:00,1.9043,311.577,163.617
2026-06-12 08:05:00+00:00,1.3932,474.132,340.322
2026-06-12 08:10:00+00:00,1.156,368.155,318.476
2026-06-12 08:15:00+00:00,1.2701,610.011,480.279
2026-06-12 08:20:00+00:00,1.0373,604.634,582.895
2026-06-12 08:25:00+00:00,0.691,199.436,288.628
2026-06-12 08:30:00+00:00,0.9445,145.004,153.531
2026-06-12 08:35:00+00:00,0.8333,203.936,244.74
2026-06-12 08:40:00+00:00,0.6806,165.149,242.652
2026-06-12 08:45:00+00:00,0.9416,157.203,166.955
2026-06-12 08:50:00+00:00,1.2668,109.604,86.522
2026-06-12 08:55:00+00:00,0.7557,56.238,74.419
2026-06-12 09:00:00+00:00,0.7548,126.406,167.464
2026-06-12 09:05:00+00:00,1.0726,189.497,176.668
2026-06-12 09:10:00+00:00,1.2591,288.403,229.053
2026-06-12 09:15:00+00:00,1.2124,185.756,153.212
2026-06-12 09:20:00+00:00,1.7086,528.913,309.558
2026-06-12 09:25:00+00:00,1.6999,664.188,390.728
2026-06-12 09:30:00+00:00,1.3413,1089.687,812.412
2026-06-12 09:35:00+00:00,0.6043,322.325,533.395
2026-06-12 09:40:00+00:00,0.9558,218.44,228.548
2026-06-12 09:45:00+00:00,0.7611,226.392,297.461
2026-06-12 09:50:00+00:00,0.732,174.796,238.779
2026-06-12 09:55:00+00:00,0.6634,146.001,220.093
2026-06-12 10:00:00+00:00,0.9452,235.875,249.551
2026-06-12 10:05:00+00:00,1.441,241.816,167.815
2026-06-12 10:10:00+00:00,0.697,155.612,223.274
2026-06-12 10:15:00+00:00,1.6691,319.618,191.491
2026-06-12 10:20:00+00:00,1.5222,138.848,91.215
2026-06-12 10:25:00+00:00,0.5704,342.861,601.044
2026-06-12 10:30:00+00:00,1.8658,272.051,145.813
2026-06-12 10:35:00+00:00,1.1568,98.259,84.937
2026-06-12 10:40:00+00:00,0.4641,61.953,133.505
2026-06-12 10:45:00+00:00,1.4364,84.5,58.826
2026-06-12 10:50:00+00:00,1.2054,56.543,46.908
2026-06-12 10:55:00+00:00,0.6358,77.747,122.29
2026-06-12 11:00:00+00:00,1.332,285.603,214.411
2026-06-12 11:05:00+00:00,0.8039,168.848,210.026
2026-06-12 11:10:00+00:00,1.5525,134.929,86.912
2026-06-12 11:15:00+00:00,0.5702,64.089,112.392
2026-06-12 11:20:00+00:00,1.075,115.011,106.985
2026-06-12 11:25:00+00:00,0.9264,115.015,124.151
2026-06-12 11:30:00+00:00,0.6031,122.476,203.075
2026-06-12 11:35:00+00:00,0.4447,87.995,197.895
2026-06-12 11:40:00+00:00,1.4463,171.29,118.431
2026-06-12 11:45:00+00:00,1.2543,210.381,167.73
2026-06-12 11:50:00+00:00,1.1694,86.454,73.933
2026-06-12 11:55:00+00:00,0.6331,78.018,123.231
2026-06-12 12:00:00+00:00,0.5903,208.678,353.517
2026-06-12 12:05:00+00:00,1.1235,126.289,112.403
2026-06-12 12:10:00+00:00,0.7424,141.165,190.135
2026-06-12 12:15:00+00:00,0.8711,120.71,138.573
2026-06-12 12:20:00+00:00,0.5744,142.553,248.175
2026-06-12 12:25:00+00:00,0.6404,287.95,449.61
2026-06-12 12:30:00+00:00,1.7644,341.644,193.631
2026-06-12 12:35:00+00:00,0.6718,212.665,316.539
2026-06-12 12:40:00+00:00,1.2486,301.434,241.412
2026-06-12 12:45:00+00:00,2.4671,342.973,139.017
2026-06-12 12:50:00+00:00,0.8591,162.548,189.216
2026-06-12 12:55:00+00:00,0.8459,268.388,317.297
2026-06-12 13:00:00+00:00,1.1342,211.624,186.58
2026-06-12 13:05:00+00:00,2.2701,202.523,89.215
2026-06-12 13:10:00+00:00,0.9581,155.323,162.109
2026-06-12 13:15:00+00:00,0.8841,215.765,244.057
2026-06-12 13:20:00+00:00,0.7366,112.56,152.812
2026-06-12 13:25:00+00:00,0.6833,127.182,186.142
2026-06-12 13:30:00+00:00,0.8985,757.617,843.169
2026-06-12 13:35:00+00:00,1.4166,364.194,257.093
2026-06-12 13:40:00+00:00,0.9303,1359.912,1461.859
2026-06-12 13:45:00+00:00,1.0169,503.501,495.118
2026-06-12 13:50:00+00:00,0.9352,300.385,321.204
2026-06-12 13:55:00+00:00,1.7519,331.397,189.164
2026-06-12 14:00:00+00:00,1.3657,1067.069,781.355
2026-06-12 14:05:00+00:00,1.1321,548.142,484.169
2026-06-12 14:10:00+00:00,0.7789,236.714,303.922
2026-06-12 14:15:00+00:00,0.9872,303.359,307.306
2026-06-12 14:20:00+00:00,0.6625,254.78,384.599
2026-06-12 14:25:00+00:00,1.4777,764.673,517.48
2026-06-12 14:30:00+00:00,0.8873,469.168,528.73
2026-06-12 14:35:00+00:00,0.901,679.474,754.124
2026-06-12 14:40:00+00:00,0.5115,297.617,581.818
2026-06-12 14:45:00+00:00,1.3457,271.362,201.652
2026-06-12 14:50:00+00:00,1.4521,1616.492,1113.19
2026-06-12 14:55:00+00:00,0.9947,896.852,901.631
2026-06-12 15:00:00+00:00,1.4373,2267.095,1577.362
2026-06-12 15:05:00+00:00,1.2211,969.52,793.965
2026-06-12 15:10:00+00:00,1.7836,2539.073,1423.554
2026-06-12 15:15:00+00:00,0.5465,792.477,1450.017
2026-06-12 15:20:00+00:00,1.696,1255.332,740.191
2026-06-12 15:25:00+00:00,1.0048,877.62,873.402
2026-06-12 15:30:00+00:00,0.6999,908.281,1297.766
2026-06-12 15:35:00+00:00,1.1774,1216.117,1032.897
2026-06-12 15:40:00+00:00,1.0305,589.83,572.383
2026-06-12 15:45:00+00:00,0.8531,908.076,1064.41
2026-06-12 15:50:00+00:00,1.7722,854.567,482.205
2026-06-12 15:55:00+00:00,0.5729,543.612,948.929
2026-06-12 16:00:00+00:00,1.2786,1224.187,957.475
2026-06-12 16:05:00+00:00,1.1866,391.547,329.966
2026-06-12 16:10:00+00:00,1.6969,938.658,553.158
2026-06-12 16:15:00+00:00,1.2378,655.447,529.525
2026-06-12 16:20:00+00:00,1.5513,297.815,191.98
2026-06-12 16:25:00+00:00,1.6146,253.666,157.11
2026-06-12 16:30:00+00:00,0.7117,164.863,231.647
2026-06-12 16:35:00+00:00,1.1909,186.7,156.766
2026-06-12 16:40:00+00:00,0.588,184.352,313.528
2026-06-12 16:45:00+00:00,1.1127,171.381,154.028
2026-06-12 16:50:00+00:00,1.0252,135.915,132.573
2026-06-12 16:55:00+00:00,0.8434,98.682,117.01
2026-06-12 17:00:00+00:00,0.9601,289.591,301.639
2026-06-12 17:05:00+00:00,1.5751,527.425,334.853
2026-06-12 17:10:00+00:00,0.4058,109.748,270.47
2026-06-12 17:15:00+00:00,0.5844,104.116,178.154
2026-06-12 17:20:00+00:00,0.8695,139.303,160.208
2026-06-12 17:25:00+00:00,0.5407,97.596,180.493
2026-06-12 17:30:00+00:00,1.4029,175.507,125.102
2026-06-12 17:35:00+00:00,1.11,167.607,150.999
2026-06-12 17:40:00+00:00,1.3441,158.15,117.666
2026-06-12 17:45:00+00:00,1.1698,91.013,77.805
2026-06-12 17:50:00+00:00,1.3283,136.555,102.803
2026-06-12 17:55:00+00:00,1.4377,126.81,88.205
2026-06-12 18:00:00+00:00,0.5784,73.764,127.536
2026-06-12 18:05:00+00:00,0.5564,193.676,348.077
2026-06-12 18:10:00+00:00,1.2934,182.422,141.045
2026-06-12 18:15:00+00:00,0.7118,146.205,205.393
2026-06-12 18:20:00+00:00,1.0173,133.683,131.409
2026-06-12 18:25:00+00:00,1.6528,122.68,74.224
2026-06-12 18:30:00+00:00,1.0961,83.779,76.436
2026-06-12 18:35:00+00:00,1.0237,55.126,53.85
2026-06-12 18:40:00+00:00,1.0888,163.404,150.077
2026-06-12 18:45:00+00:00,0.8396,93.076,110.853
2026-06-12 18:50:00+00:00,1.2843,109.235,85.053
2026-06-12 18:55:00+00:00,0.7029,96.0,136.585
2026-06-12 19:00:00+00:00,1.3964,109.294,78.266
2026-06-12 19:05:00+00:00,0.7902,86.688,109.708
2026-06-12 19:10:00+00:00,0.9869,63.12,63.956
2026-06-12 19:15:00+00:00,0.8614,118.899,138.025
2026-06-12 19:20:00+00:00,1.9705,109.31,55.474
2026-06-12 19:25:00+00:00,1.5291,81.542,53.328
2026-06-12 19:30:00+00:00,0.9282,167.325,180.276
2026-06-12 19:35:00+00:00,2.1504,389.49,181.125
2026-06-12 19:40:00+00:00,0.6331,117.758,186.006
2026-06-12 19:45:00+00:00,0.864,109.468,126.705
2026-06-12 19:50:00+00:00,0.8952,98.517,110.047
2026-06-12 19:55:00+00:00,0.3932,120.954,307.653
2026-06-12 20:00:00+00:00,0.5926,217.455,366.954
2026-06-12 20:05:00+00:00,0.7835,157.763,201.35
2026-06-12 20:10:00+00:00,0.958,91.62,95.636
2026-06-12 20:15:00+00:00,0.8278,139.728,168.797
2026-06-12 20:20:00+00:00,0.7994,47.17,59.004
2026-06-12 20:25:00+00:00,2.9813,273.431,91.715
2026-06-12 20:30:00+00:00,2.9933,252.378,84.315
2026-06-12 20:35:00+00:00,1.1156,90.2,80.855
2026-06-12 20:40:00+00:00,1.135,95.472,84.118
2026-06-12 20:45:00+00:00,0.4278,205.196,479.643
2026-06-12 20:50:00+00:00,0.5316,187.964,353.557
2026-06-12 20:55:00+00:00,1.2537,96.492,76.967
2026-06-12 21:00:00+00:00,1.6859,75.912,45.028
2026-06-12 21:05:00+00:00,2.671,241.612,90.458
2026-06-12 21:10:00+00:00,1.4153,164.671,116.347
2026-06-12 21:15:00+00:00,1.0878,73.828,67.871
2026-06-12 21:20:00+00:00,0.468,44.626,95.355
2026-06-12 21:25:00+00:00,0.4514,57.684,127.787
2026-06-12 21:30:00+00:00,1.5656,77.907,49.761
2026-06-12 21:35:00+00:00,0.5413,42.905,79.269
2026-06-12 21:40:00+00:00,1.6292,53.267,32.696
2026-06-12 21:45:00+00:00,1.3891,156.974,113.004
2026-06-12 21:50:00+00:00,0.9223,88.423,95.873
2026-06-12 21:55:00+00:00,0.6364,97.121,152.6
2026-06-12 22:00:00+00:00,1.7983,138.25,76.88
2026-06-12 22:05:00+00:00,1.0022,174.178,173.789
2026-06-12 22:10:00+00:00,0.7518,67.864,90.263
2026-06-12 22:15:00+00:00,1.4992,51.23,34.171
2026-06-12 22:20:00+00:00,1.894,229.323,121.077
2026-06-12 22:25:00+00:00,0.871,61.608,70.731
2026-06-12 22:30:00+00:00,0.6189,94.858,153.263
2026-06-12 22:35:00+00:00,0.4664,41.573,89.127
2026-06-12 22:40:00+00:00,1.7227,78.126,45.351
2026-06-12 22:45:00+00:00,0.3938,53.876,136.802
2026-06-12 22:50:00+00:00,2.8023,111.397,39.752
2026-06-12 22:55:00+00:00,1.5296,45.017,29.431
2026-06-12 23:00:00+00:00,0.8162,119.34,146.212
2026-06-12 23:05:00+00:00,0.8496,43.703,51.438
2026-06-12 23:10:00+00:00,1.37,42.617,31.107
2026-06-12 23:15:00+00:00,0.475,29.007,61.066
2026-06-12 23:20:00+00:00,0.8534,66.689,78.143
2026-06-12 23:25:00+00:00,1.7008,71.266,41.902
2026-06-12 23:30:00+00:00,0.7345,67.188,91.473
2026-06-12 23:35:00+00:00,2.3295,88.651,38.055
2026-06-12 23:40:00+00:00,1.3721,121.394,88.475
2026-06-12 23:45:00+00:00,1.9796,92.883,46.921
2026-06-12 23:50:00+00:00,1.4285,68.516,47.962
2026-06-12 23:55:00+00:00,1.2897,60.23,46.699
2026-06-13 00:00:00+00:00,1.671,128.66,76.996
2026-06-13 00:05:00+00:00,0.9727,82.156,84.458
2026-06-13 00:10:00+00:00,0.8458,107.13,126.668
2026-06-13 00:15:00+00:00,0.6645,50.05,75.316
2026-06-13 00:20:00+00:00,1.3405,55.334,41.28
2026-06-13 00:25:00+00:00,0.7769,74.776,96.255
2026-06-13 00:30:00+00:00,0.8818,52.893,59.985
2026-06-13 00:35:00+00:00,2.3104,94.516,40.909
2026-06-13 00:40:00+00:00,0.6264,78.451,125.232
2026-06-13 00:45:00+00:00,0.9335,60.791,65.125
2026-06-13 00:50:00+00:00,0.8686,72.291,83.229
2026-06-13 00:55:00+00:00,2.1878,106.564,48.708
2026-06-13 01:00:00+00:00,2.1395,66.681,31.167
2026-06-13 01:05:00+00:00,2.3251,236.614,101.766
2026-06-13 01:10:00+00:00,1.012,77.158,76.242
2026-06-13 01:15:00+00:00,0.6797,69.129,101.711
2026-06-13 01:20:00+00:00,0.9507,86.883,91.393
2026-06-13 01:25:00+00:00,0.9867,40.216,40.757
2026-06-13 01:30:00+00:00,0.4685,40.512,86.466
2026-06-13 01:35:00+00:00,2.3079,109.129,47.285
2026-06-13 01:40:00+00:00,2.8248,530.793,187.906
2026-06-13 01:45:00+00:00,0.8606,140.237,162.954
2026-06-13 01:50:00+00:00,1.0782,93.024,86.274
2026-06-13 01:55:00+00:00,0.9655,77.715,80.489
2026-06-13 02:00:00+00:00,0.3319,51.671,155.691
2026-06-13 02:05:00+00:00,1.0351,60.067,58.029
2026-06-13 02:10:00+00:00,0.5057,34.293,67.81
2026-06-13 02:15:00+00:00,0.698,40.593,58.158
2026-06-13 02:20:00+00:00,0.4983,104.78,210.286
2026-06-13 02:25:00+00:00,0.4391,109.825,250.108
2026-06-13 02:30:00+00:00,0.4706,66.543,141.391
2026-06-13 02:35:00+00:00,0.6268,52.042,83.03
2026-06-13 02:40:00+00:00,0.4587,94.51,206.02
2026-06-13 02:45:00+00:00,0.5473,78.238,142.957
2026-06-13 02:50:00+00:00,0.4498,63.095,140.26
2026-06-13 02:55:00+00:00,1.1886,100.314,84.394
2026-06-13 03:00:00+00:00,1.366,92.317,67.581
2026-06-13 03:05:00+00:00,0.9953,77.523,77.888
2026-06-13 03:10:00+00:00,0.3154,40.93,129.764
2026-06-13 03:15:00+00:00,0.2789,51.791,185.696
2026-06-13 03:20:00+00:00,0.7226,75.606,104.636
2026-06-13 03:25:00+00:00,0.5875,466.156,793.442
2026-06-13 03:30:00+00:00,0.7785,103.361,132.768
2026-06-13 03:35:00+00:00,1.0575,53.598,50.684
2026-06-13 03:40:00+00:00,0.2753,31.844,115.661
2026-06-13 03:45:00+00:00,1.2484,36.482,29.224
2026-06-13 03:50:00+00:00,1.8562,119.841,64.562
2026-06-13 03:55:00+00:00,0.6381,38.183,59.835
2026-06-13 04:00:00+00:00,0.6723,50.869,75.659
2026-06-13 04:05:00+00:00,0.3359,29.877,88.959
2026-06-13 04:10:00+00:00,1.253,52.219,41.675
2026-06-13 04:15:00+00:00,0.6783,43.975,64.831
2026-06-13 04:20:00+00:00,1.1251,60.744,53.991
2026-06-13 04:25:00+00:00,0.4774,16.343,34.236
2026-06-13 04:30:00+00:00,2.5338,70.126,27.676
2026-06-13 04:35:00+00:00,1.3986,102.383,73.205
2026-06-13 04:40:00+00:00,0.9758,44.058,45.151
2026-06-13 04:45:00+00:00,2.8024,65.098,23.229
2026-06-13 04:50:00+00:00,0.5089,31.861,62.605
2026-06-13 04:55:00+00:00,0.3684,36.203,98.282
2026-06-13 05:00:00+00:00,1.6457,82.382,50.059
2026-06-13 05:05:00+00:00,1.0833,38.439,35.483
2026-06-13 05:10:00+00:00,0.9316,39.116,41.99
2026-06-13 05:15:00+00:00,0.881,29.321,33.28
2026-06-13 05:20:00+00:00,0.8598,36.501,42.452
2026-06-13 05:25:00+00:00,1.5263,57.628,37.756
2026-06-13 05:30:00+00:00,1.9307,106.126,54.968
2026-06-13 05:35:00+00:00,0.9492,55.716,58.698
2026-06-13 05:40:00+00:00,3.2531,142.439,43.785
2026-06-13 05:45:00+00:00,0.8579,36.191,42.188
2026-06-13 05:50:00+00:00,0.7008,32.055,45.74
2026-06-13 05:55:00+00:00,1.8606,36.085,19.394
2026-06-13 06:00:00+00:00,3.5179,192.596,54.747
2026-06-13 06:05:00+00:00,1.4374,31.56,21.957
2026-06-13 06:10:00+00:00,0.9739,28.317,29.075
2026-06-13 06:15:00+00:00,0.7701,38.404,49.87
2026-06-13 06:20:00+00:00,0.9729,40.601,41.731
2026-06-13 06:25:00+00:00,3.3543,122.974,36.662
2026-06-13 06:30:00+00:00,1.2037,146.781,121.942
2026-06-13 06:35:00+00:00,0.5706,47.451,83.155
2026-06-13 06:40:00+00:00,0.584,21.9,37.503
2026-06-13 06:45:00+00:00,0.9704,83.323,85.869
2026-06-13 06:50:00+00:00,1.5852,108.772,68.619
2026-06-13 06:55:00+00:00,1.897,93.513,49.294
2026-06-13 07:00:00+00:00,0.2624,43.26,164.868
2026-06-13 07:05:00+00:00,0.6416,45.648,71.149
2026-06-13 07:10:00+00:00,1.4263,113.745,79.749
2026-06-13 07:15:00+00:00,0.9353,55.164,58.98
2026-06-13 07:20:00+00:00,0.3126,27.949,89.403
2026-06-13 07:25:00+00:00,1.5262,239.124,156.681
2026-06-13 07:30:00+00:00,0.7808,83.353,106.751
2026-06-13 07:35:00+00:00,1.3798,303.395,219.884
2026-06-13 07:40:00+00:00,1.2811,239.748,187.146
2026-06-13 07:45:00+00:00,0.5603,490.043,874.572
2026-06-13 07:50:00+00:00,1.1515,418.846,363.727
2026-06-13 07:55:00+00:00,1.1888,237.616,199.882
2026-06-13 08:00:00+00:00,0.2664,139.857,524.957
2026-06-13 08:05:00+00:00,1.0572,138.021,130.555
2026-06-13 08:10:00+00:00,1.5864,359.537,226.635
2026-06-13 08:15:00+00:00,1.5873,149.8,94.376
2026-06-13 08:20:00+00:00,0.4511,56.812,125.95
2026-06-13 08:25:00+00:00,0.9015,87.463,97.015
2026-06-13 08:30:00+00:00,1.5715,201.115,127.976
2026-06-13 08:35:00+00:00,1.1458,207.129,180.778
2026-06-13 08:40:00+00:00,0.896,102.598,114.502
2026-06-13 08:45:00+00:00,0.6275,41.437,66.031
2026-06-13 08:50:00+00:00,0.2545,40.126,157.674
2026-06-13 08:55:00+00:00,0.7879,39.097,49.621
2026-06-13 09:00:00+00:00,0.8264,100.654,121.803
2026-06-13 09:05:00+00:00,0.7347,45.32,61.681
2026-06-13 09:10:00+00:00,1.2669,54.273,42.839
2026-06-13 09:15:00+00:00,0.9925,41.921,42.238
2026-06-13 09:20:00+00:00,0.8895,48.687,54.737
2026-06-13 09:25:00+00:00,0.3902,23.672,60.669
2026-06-13 09:30:00+00:00,0.535,22.57,42.189
2026-06-13 09:35:00+00:00,0.7039,46.833,66.534
2026-06-13 09:40:00+00:00,2.5245,63.468,25.141
2026-06-13 09:45:00+00:00,0.3289,20.661,62.813
2026-06-13 09:50:00+00:00,0.4765,88.332,185.365
2026-06-13 09:55:00+00:00,0.7703,39.825,51.699
2026-06-13 10:00:00+00:00,0.8419,90.047,106.958
2026-06-13 10:05:00+00:00,1.4982,108.757,72.594
2026-06-13 10:10:00+00:00,2.8413,44.907,15.805
2026-06-13 10:15:00+00:00,3.1721,81.45,25.677
2026-06-13 10:20:00+00:00,0.1495,22.99,153.827
2026-06-13 10:25:00+00:00,1.6709,94.817,56.745
2026-06-13 10:30:00+00:00,6.5712,302.425,46.023
2026-06-13 10:35:00+00:00,1.4227,78.77,55.367
2026-06-13 10:40:00+00:00,0.9211,175.125,190.116
2026-06-13 10:45:00+00:00,2.6616,184.307,69.247
2026-06-13 10:50:00+00:00,1.0512,234.88,223.441
2026-06-13 10:55:00+00:00,0.7342,97.609,132.953
2026-06-13 11:00:00+00:00,1.6556,65.324,39.457
2026-06-13 11:05:00+00:00,2.3204,148.753,64.107
2026-06-13 11:10:00+00:00,1.552,275.726,177.655
2026-06-13 11:15:00+00:00,1.4202,285.464,201.002
2026-06-13 11:20:00+00:00,0.4906,65.616,133.76
2026-06-13 11:25:00+00:00,1.0565,81.701,77.335
2026-06-13 11:30:00+00:00,0.6614,59.968,90.665
2026-06-13 11:35:00+00:00,0.8764,75.741,86.418
2026-06-13 11:40:00+00:00,0.842,44.396,52.727
2026-06-13 11:45:00+00:00,1.3576,58.558,43.133
2026-06-13 11:50:00+00:00,0.5919,41.271,69.727
2026-06-13 11:55:00+00:00,2.7028,102.265,37.836
2026-06-13 12:00:00+00:00,0.7807,64.57,82.707
2026-06-13 12:05:00+00:00,0.8077,80.456,99.607
2026-06-13 12:10:00+00:00,1.1822,46.271,39.141
2026-06-13 12:15:00+00:00,0.899,38.497,42.822
2026-06-13 12:20:00+00:00,1.1118,119.715,107.681
2026-06-13 12:25:00+00:00,0.7097,122.637,172.792
2026-06-13 12:30:00+00:00,2.3505,261.764,111.367
2026-06-13 12:35:00+00:00,1.3165,128.616,97.697
2026-06-13 12:40:00+00:00,0.299,65.57,219.332
2026-06-13 12:45:00+00:00,1.7766,1015.078,571.353
2026-06-13 12:50:00+00:00,0.9601,161.352,168.054
2026-06-13 12:55:00+00:00,1.4198,548.628,386.403
2026-06-13 13:00:00+00:00,0.4497,129.046,286.952
2026-06-13 13:05:00+00:00,0.9707,136.979,141.114
2026-06-13 13:10:00+00:00,0.6316,97.358,154.142
2026-06-13 13:15:00+00:00,0.4335,56.685,130.768
2026-06-13 13:20:00+00:00,1.4492,136.344,94.084
2026-06-13 13:25:00+00:00,2.4301,459.049,188.898
2026-06-13 13:30:00+00:00,0.7625,119.269,156.414
2026-06-13 13:35:00+00:00,1.6244,259.465,159.734
2026-06-13 13:40:00+00:00,0.6208,108.027,174.013
2026-06-13 13:45:00+00:00,1.3024,492.0,377.77
2026-06-13 13:50:00+00:00,0.6882,223.967,325.437
2026-06-13 13:55:00+00:00,1.0733,165.221,153.932
2026-06-13 14:00:00+00:00,1.7161,160.204,93.351
2026-06-13 14:05:00+00:00,0.3479,121.168,348.31
2026-06-13 14:10:00+00:00,1.2426,64.864,52.202
2026-06-13 14:15:00+00:00,1.4791,86.81,58.691
2026-06-13 14:20:00+00:00,0.5219,61.297,117.44
2026-06-13 14:25:00+00:00,0.6888,46.478,67.479
2026-06-13 14:30:00+00:00,0.8019,51.655,64.418
2026-06-13 14:35:00+00:00,1.177,83.597,71.024
2026-06-13 14:40:00+00:00,0.7124,54.623,76.676
2026-06-13 14:45:00+00:00,2.3507,108.693,46.239
2026-06-13 14:50:00+00:00,2.1341,131.365,61.556
2026-06-13 14:55:00+00:00,1.3408,84.504,63.023
2026-06-13 15:00:00+00:00,1.4345,186.07,129.711
2026-06-13 15:05:00+00:00,1.1877,241.93,203.694
2026-06-13 15:10:00+00:00,1.8919,284.433,150.343
2026-06-13 15:15:00+00:00,0.7866,133.648,169.907
2026-06-13 15:20:00+00:00,1.8402,460.559,250.28
2026-06-13 15:25:00+00:00,0.9424,78.404,83.192
2026-06-13 15:30:00+00:00,1.8522,324.24,175.061
2026-06-13 15:35:00+00:00,1.8768,206.74,110.158
2026-06-13 15:40:00+00:00,0.5999,140.571,234.331
2026-06-13 15:45:00+00:00,0.7115,132.081,185.626
2026-06-13 15:50:00+00:00,1.5443,249.244,161.392
2026-06-13 15:55:00+00:00,0.352,69.009,196.035
2026-06-13 16:00:00+00:00,0.7267,907.739,1249.108
2026-06-13 16:05:00+00:00,0.9263,477.875,515.891
2026-06-13 16:10:00+00:00,0.6603,136.586,206.848
2026-06-13 16:15:00+00:00,0.6317,295.704,468.09
2026-06-13 16:20:00+00:00,0.7362,179.699,244.102
2026-06-13 16:25:00+00:00,1.1705,478.659,408.952
2026-06-13 16:30:00+00:00,0.6299,67.26,106.773
2026-06-13 16:35:00+00:00,0.6902,98.9,143.3
2026-06-13 16:40:00+00:00,1.52,70.39,46.308
2026-06-13 16:45:00+00:00,1.1664,761.962,653.245
2026-06-13 16:50:00+00:00,1.0495,223.031,212.504
2026-06-13 16:55:00+00:00,1.9237,160.972,83.678
2026-06-13 17:00:00+00:00,0.942,140.711,149.376
2026-06-13 17:05:00+00:00,1.2837,88.474,68.919
2026-06-13 17:10:00+00:00,1.2048,163.695,135.873
2026-06-13 17:15:00+00:00,1.6691,134.735,80.724
2026-06-13 17:20:00+00:00,0.8219,73.949,89.978
2026-06-13 17:25:00+00:00,2.071,152.221,73.5
2026-06-13 17:30:00+00:00,1.4672,176.498,120.292
2026-06-13 17:35:00+00:00,0.9189,89.995,97.935
2026-06-13 17:40:00+00:00,1.0514,51.243,48.739
2026-06-13 17:45:00+00:00,0.4089,102.357,250.323
2026-06-13 17:50:00+00:00,0.8365,149.492,178.702
2026-06-13 17:55:00+00:00,1.0292,186.566,181.266
2026-06-13 18:00:00+00:00,2.9744,247.599,83.242
2026-06-13 18:05:00+00:00,2.2449,81.905,36.485
2026-06-13 18:10:00+00:00,0.7092,46.48,65.539
2026-06-13 18:15:00+00:00,0.5284,68.563,129.766
2026-06-13 18:20:00+00:00,1.1317,138.906,122.736
2026-06-13 18:25:00+00:00,1.8439,332.804,180.489
2026-06-13 18:30:00+00:00,0.946,66.991,70.813
2026-06-13 18:35:00+00:00,1.6159,135.282,83.719
2026-06-13 18:40:00+00:00,1.2194,96.532,79.163
2026-06-13 18:45:00+00:00,0.2264,90.132,398.033
2026-06-13 18:50:00+00:00,0.7659,128.665,167.986
2026-06-13 18:55:00+00:00,1.7717,168.498,95.106
2026-06-13 19:00:00+00:00,1.1083,77.298,69.744
2026-06-13 19:05:00+00:00,0.4759,51.954,109.173
2026-06-13 19:10:00+00:00,0.8738,20.827,23.835
2026-06-13 19:15:00+00:00,0.4866,27.643,56.81
2026-06-13 19:20:00+00:00,0.59,21.202,35.935
2026-06-13 19:25:00+00:00,0.5886,38.61,65.594
2026-06-13 19:30:00+00:00,1.1967,52.354,43.748
2026-06-13 19:35:00+00:00,0.4243,385.142,907.729
2026-06-13 19:40:00+00:00,1.6471,324.91,197.261
2026-06-13 19:45:00+00:00,1.9814,186.494,94.123
2026-06-13 19:50:00+00:00,1.101,97.141,88.226
2026-06-13 19:55:00+00:00,0.6074,41.778,68.786
2026-06-13 20:00:00+00:00,1.2087,81.497,67.424
2026-06-13 20:05:00+00:00,0.6477,69.267,106.939
2026-06-13 20:10:00+00:00,2.1414,83.141,38.825
2026-06-13 20:15:00+00:00,0.4762,25.375,53.288
2026-06-13 20:20:00+00:00,0.3272,15.86,48.473
2026-06-13 20:25:00+00:00,0.3294,19.216,58.332
2026-06-13 20:30:00+00:00,0.9681,26.399,27.268
2026-06-13 20:35:00+00:00,1.3966,46.877,33.564
2026-06-13 20:40:00+00:00,0.887,16.858,19.006
2026-06-13 20:45:00+00:00,0.8816,29.618,33.595
2026-06-13 20:50:00+00:00,0.9777,51.603,52.778
2026-06-13 20:55:00+00:00,1.3676,40.898,29.906
2026-06-13 21:00:00+00:00,1.3343,53.85,40.357
2026-06-13 21:05:00+00:00,0.4211,29.286,69.545
2026-06-13 21:10:00+00:00,0.4214,36.628,86.92
2026-06-13 21:15:00+00:00,0.9731,29.572,30.391
2026-06-13 21:20:00+00:00,0.5737,48.59,84.697
2026-06-13 21:25:00+00:00,1.1711,43.868,37.458
2026-06-13 21:30:00+00:00,1.0041,50.255,50.048
2026-06-13 21:35:00+00:00,0.9124,73.696,80.771
2026-06-13 21:40:00+00:00,2.2378,3449.349,1541.397
2026-06-13 21:45:00+00:00,0.6766,286.098,422.845
2026-06-13 21:50:00+00:00,0.7654,185.478,242.325
2026-06-13 21:55:00+00:00,0.8322,162.279,195.0
2026-06-13 22:00:00+00:00,1.0318,149.964,145.343
2026-06-13 22:05:00+00:00,0.6017,96.045,159.614
2026-06-13 22:10:00+00:00,2.0714,207.709,100.277
2026-06-13 22:15:00+00:00,0.9631,98.843,102.635
2026-06-13 22:20:00+00:00,3.2568,197.343,60.594
2026-06-13 22:25:00+00:00,2.0802,184.581,88.732
2026-06-13 22:30:00+00:00,0.922,106.599,115.614
2026-06-13 22:35:00+00:00,1.6044,200.945,125.246
2026-06-13 22:40:00+00:00,0.5754,80.066,139.138
2026-06-13 22:45:00+00:00,0.5814,38.084,65.501
2026-06-13 22:50:00+00:00,0.5867,100.064,170.566
2026-06-13 22:55:00+00:00,0.6129,43.967,71.741
2026-06-13 23:00:00+00:00,0.6085,49.158,80.783
2026-06-13 23:05:00+00:00,0.5882,41.61,70.746
2026-06-13 23:10:00+00:00,1.329,51.927,39.072
2026-06-13 23:15:00+00:00,2.4627,297.402,120.763
2026-06-13 23:20:00+00:00,0.7843,68.325,87.12
2026-06-13 23:25:00+00:00,0.8115,71.13,87.651
2026-06-13 23:30:00+00:00,2.0419,82.867,40.584
2026-06-13 23:35:00+00:00,0.555,59.075,106.436
2026-06-13 23:40:00+00:00,1.7124,84.835,49.542
2026-06-13 23:45:00+00:00,0.6343,114.315,180.228
2026-06-13 23:50:00+00:00,1.1153,86.382,77.453
2026-06-13 23:55:00+00:00,1.964,137.317,69.916
2026-06-14 00:00:00+00:00,0.723,121.208,167.657
2026-06-14 00:05:00+00:00,1.6109,118.714,73.696
2026-06-14 00:10:00+00:00,1.2937,56.541,43.706
2026-06-14 00:15:00+00:00,1.2839,59.865,46.627
2026-06-14 00:20:00+00:00,2.2599,138.212,61.159
2026-06-14 00:25:00+00:00,0.9334,106.174,113.744
2026-06-14 00:30:00+00:00,1.3551,93.676,69.127
2026-06-14 00:35:00+00:00,0.9436,80.25,85.051
2026-06-14 00:40:00+00:00,1.4738,78.167,53.039
2026-06-14 00:45:00+00:00,0.9527,76.157,79.94
2026-06-14 00:50:00+00:00,0.5491,47.598,86.681
2026-06-14 00:55:00+00:00,1.3643,117.007,85.763
2026-06-14 01:00:00+00:00,0.9524,77.142,81.0
2026-06-14 01:05:00+00:00,1.6281,127.325,78.204
2026-06-14 01:10:00+00:00,1.8823,388.652,206.48
2026-06-14 01:15:00+00:00,1.089,184.36,169.287
2026-06-14 01:20:00+00:00,0.6962,80.293,115.331
2026-06-14 01:25:00+00:00,0.6221,49.692,79.876
2026-06-14 01:30:00+00:00,0.6091,77.068,126.521
2026-06-14 01:35:00+00:00,1.5559,127.045,81.653
2026-06-14 01:40:00+00:00,0.5767,75.275,130.526
2026-06-14 01:45:00+00:00,1.7012,69.112,40.626
2026-06-14 01:50:00+00:00,0.8524,32.518,38.148
2026-06-14 01:55:00+00:00,0.6231,63.314,101.61
2026-06-14 02:00:00+00:00,1.2983,93.838,72.275
2026-06-14 02:05:00+00:00,0.5775,68.006,117.768
2026-06-14 02:10:00+00:00,2.3379,169.866,72.656
2026-06-14 02:15:00+00:00,3.0448,82.471,27.086
2026-06-14 02:20:00+00:00,0.3412,43.094,126.304
2026-06-14 02:25:00+00:00,0.6253,119.797,191.569
2026-06-14 02:30:00+00:00,0.6382,77.263,121.061
2026-06-14 02:35:00+00:00,0.6038,59.195,98.036
2026-06-14 02:40:00+00:00,1.2698,79.133,62.321
2026-06-14 02:45:00+00:00,0.7287,65.659,90.108
2026-06-14 02:50:00+00:00,0.7212,40.919,56.737
2026-06-14 02:55:00+00:00,1.2629,57.537,45.561
2026-06-14 03:00:00+00:00,1.5612,72.762,46.607
2026-06-14 03:05:00+00:00,1.3577,54.152,39.884
2026-06-14 03:10:00+00:00,3.997,132.717,33.204
2026-06-14 03:15:00+00:00,1.4338,67.903,47.36
2026-06-14 03:20:00+00:00,2.3361,50.097,21.445
2026-06-14 03:25:00+00:00,1.198,32.574,27.191
2026-06-14 03:30:00+00:00,3.317,103.471,31.194
2026-06-14 03:35:00+00:00,0.5102,57.873,113.428
2026-06-14 03:40:00+00:00,2.5285,190.163,75.209
2026-06-14 03:45:00+00:00,0.1657,120.089,724.885
2026-06-14 03:50:00+00:00,5.2238,452.376,86.599
2026-06-14 03:55:00+00:00,3.4519,455.636,131.997
2026-06-14 04:00:00+00:00,0.8888,75.326,84.753
2026-06-14 04:05:00+00:00,0.8851,23.344,26.373
2026-06-14 04:10:00+00:00,0.9736,42.673,43.831
2026-06-14 04:15:00+00:00,0.7248,105.648,145.767
2026-06-14 04:20:00+00:00,1.131,55.512,49.081
2026-06-14 04:25:00+00:00,0.4166,27.699,66.485
2026-06-14 04:30:00+00:00,0.9255,69.802,75.419
2026-06-14 04:35:00+00:00,0.4253,100.609,236.563
2026-06-14 04:40:00+00:00,0.6132,99.035,161.5
2026-06-14 04:45:00+00:00,0.7008,229.467,327.432
2026-06-14 04:50:00+00:00,0.4263,54.551,127.965
2026-06-14 04:55:00+00:00,0.6704,147.29,219.694
2026-06-14 05:00:00+00:00,3.2842,227.019,69.125
2026-06-14 05:05:00+00:00,1.2669,47.557,37.538
2026-06-14 05:10:00+00:00,0.6688,106.626,159.423
2026-06-14 05:15:00+00:00,0.9259,68.624,74.116
2026-06-14 05:20:00+00:00,0.8089,29.596,36.587
2026-06-14 05:25:00+00:00,0.3989,82.089,205.807
2026-06-14 05:30:00+00:00,0.5442,40.135,73.749
2026-06-14 05:35:00+00:00,2.0894,86.951,41.616
2026-06-14 05:40:00+00:00,1.4671,123.736,84.339
2026-06-14 05:45:00+00:00,0.6782,32.828,48.403
2026-06-14 05:50:00+00:00,4.0302,76.182,18.903
2026-06-14 05:55:00+00:00,0.9403,147.395,156.75
2026-06-14 06:00:00+00:00,3.8499,171.284,44.491
2026-06-14 06:05:00+00:00,2.2578,169.424,75.038
2026-06-14 06:10:00+00:00,1.3615,188.404,138.376
2026-06-14 06:15:00+00:00,0.8025,79.702,99.313
2026-06-14 06:20:00+00:00,0.4709,54.67,116.087
2026-06-14 06:25:00+00:00,1.0383,137.15,132.087
2026-06-14 06:30:00+00:00,0.6689,101.334,151.495
2026-06-14 06:35:00+00:00,0.529,226.666,428.487
2026-06-14 06:40:00+00:00,0.777,114.503,147.365
2026-06-14 06:45:00+00:00,2.1593,185.359,85.841
2026-06-14 06:50:00+00:00,0.8838,143.921,162.842
2026-06-14 06:55:00+00:00,2.881,151.556,52.606
2026-06-14 07:00:00+00:00,1.0135,78.263,77.222
2026-06-14 07:05:00+00:00,0.2275,70.262,308.79
2026-06-14 07:10:00+00:00,0.3534,58.641,165.951
2026-06-14 07:15:00+00:00,2.733,195.211,71.427
2026-06-14 07:20:00+00:00,3.3436,236.267,70.663
2026-06-14 07:25:00+00:00,0.8137,60.742,74.652
2026-06-14 07:30:00+00:00,0.5323,50.462,94.803
2026-06-14 07:35:00+00:00,0.7704,58.544,75.987
2026-06-14 07:40:00+00:00,1.5822,82.92,52.408
2026-06-14 07:45:00+00:00,1.2383,127.388,102.87
2026-06-14 07:50:00+00:00,1.3045,89.076,68.285
2026-06-14 07:55:00+00:00,1.5501,121.75,78.543
2026-06-14 08:00:00+00:00,0.5978,60.2,100.697
2026-06-14 08:05:00+00:00,2.707,139.278,51.451
2026-06-14 08:10:00+00:00,0.8221,47.671,57.986
2026-06-14 08:15:00+00:00,2.2282,195.985,87.955
2026-06-14 08:20:00+00:00,0.6298,91.512,145.307
2026-06-14 08:25:00+00:00,0.921,39.793,43.205
2026-06-14 08:30:00+00:00,0.6111,35.687,58.398
2026-06-14 08:35:00+00:00,1.0753,58.806,54.688
2026-06-14 08:40:00+00:00,1.1333,37.417,33.015
2026-06-14 08:45:00+00:00,0.517,42.554,82.305
2026-06-14 08:50:00+00:00,0.9943,45.856,46.121
2026-06-14 08:55:00+00:00,0.8085,32.67,40.406
2026-06-14 09:00:00+00:00,0.7587,65.691,86.586
2026-06-14 09:05:00+00:00,0.8149,35.668,43.77
2026-06-14 09:10:00+00:00,0.5848,30.104,51.478
2026-06-14 09:15:00+00:00,0.2599,83.325,320.661
2026-06-14 09:20:00+00:00,1.4188,121.712,85.783
2026-06-14 09:25:00+00:00,1.0318,60.459,58.597
2026-06-14 09:30:00+00:00,1.686,222.035,131.69
2026-06-14 09:35:00+00:00,1.884,53.465,28.378
2026-06-14 09:40:00+00:00,1.2332,425.989,345.435
2026-06-14 09:45:00+00:00,0.7626,114.184,149.722
2026-06-14 09:50:00+00:00,1.2705,242.064,190.526
2026-06-14 09:55:00+00:00,1.2272,83.02,67.65
2026-06-14 10:00:00+00:00,0.305,83.505,273.823
2026-06-14 10:05:00+00:00,0.8715,67.76,77.753
2026-06-14 10:10:00+00:00,0.7491,158.973,212.232
2026-06-14 10:15:00+00:00,1.6513,93.945,56.89
2026-06-14 10:20:00+00:00,2.9994,314.979,105.014
2026-06-14 10:25:00+00:00,0.5118,57.342,112.039
2026-06-14 10:30:00+00:00,2.4522,143.891,58.679
2026-06-14 10:35:00+00:00,0.5709,67.722,118.616
2026-06-14 10:40:00+00:00,0.4442,30.615,68.927
2026-06-14 10:45:00+00:00,0.5476,74.48,136.021
2026-06-14 10:50:00+00:00,0.7337,43.374,59.119
2026-06-14 10:55:00+00:00,0.5158,38.814,75.257
2026-06-14 11:00:00+00:00,0.4505,83.419,185.185
2026-06-14 11:05:00+00:00,2.6101,136.457,52.281
2026-06-14 11:10:00+00:00,1.3357,103.582,77.546
2026-06-14 11:15:00+00:00,0.6364,39.874,62.659
2026-06-14 11:20:00+00:00,0.823,48.539,58.979
2026-06-14 11:25:00+00:00,1.6173,78.576,48.586
2026-06-14 11:30:00+00:00,1.8842,63.067,33.472
2026-06-14 11:35:00+00:00,1.7997,147.615,82.024
2026-06-14 11:40:00+00:00,0.6829,37.896,55.494
2026-06-14 11:45:00+00:00,0.8873,54.137,61.012
2026-06-14 11:50:00+00:00,1.1021,101.839,92.401
2026-06-14 11:55:00+00:00,0.3832,44.097,115.063
2026-06-14 12:00:00+00:00,1.4635,67.467,46.101
2026-06-14 12:05:00+00:00,0.3438,68.451,199.125
2026-06-14 12:10:00+00:00,0.7831,111.185,141.974
2026-06-14 12:15:00+00:00,0.2294,47.603,207.554
2026-06-14 12:20:00+00:00,0.8582,60.163,70.103
2026-06-14 12:25:00+00:00,0.75,45.975,61.299
2026-06-14 12:30:00+00:00,0.6276,151.552,241.466
2026-06-14 12:35:00+00:00,0.986,248.828,252.358
2026-06-14 12:40:00+00:00,1.9186,187.058,97.497
2026-06-14 12:45:00+00:00,0.7444,232.117,311.827
2026-06-14 12:50:00+00:00,0.6861,105.842,154.277
2026-06-14 12:55:00+00:00,0.7966,80.574,101.147
2026-06-14 13:00:00+00:00,1.8071,191.447,105.941
2026-06-14 13:05:00+00:00,2.5004,178.948,71.568
2026-06-14 13:10:00+00:00,0.6258,118.916,190.03
2026-06-14 13:15:00+00:00,1.4182,89.024,62.771
2026-06-14 13:20:00+00:00,1.2769,102.047,79.919
2026-06-14 13:25:00+00:00,0.3556,95.465,268.445
2026-06-14 13:30:00+00:00,1.0064,217.793,216.413
2026-06-14 13:35:00+00:00,1.2741,146.843,115.248
2026-06-14 13:40:00+00:00,1.4643,162.525,110.995
2026-06-14 13:45:00+00:00,0.8468,71.043,83.896
2026-06-14 13:50:00+00:00,0.7309,60.851,83.253
2026-06-14 13:55:00+00:00,1.3384,61.463,45.923
2026-06-14 14:00:00+00:00,0.7491,77.931,104.031
2026-06-14 14:05:00+00:00,1.3743,77.772,56.592
2026-06-14 14:10:00+00:00,1.4176,98.813,69.704
2026-06-14 14:15:00+00:00,0.7149,196.543,274.919
2026-06-14 14:20:00+00:00,0.6635,159.424,240.271
2026-06-14 14:25:00+00:00,0.4072,274.134,673.181
2026-06-14 14:30:00+00:00,0.4799,573.609,1195.181
2026-06-14 14:35:00+00:00,0.616,703.464,1142.036
2026-06-14 14:40:00+00:00,0.9093,393.244,432.484
2026-06-14 14:45:00+00:00,0.9813,316.517,322.552
2026-06-14 14:50:00+00:00,1.3651,388.436,284.554
2026-06-14 14:55:00+00:00,2.1202,273.085,128.799
2026-06-14 15:00:00+00:00,2.7782,890.784,320.634
2026-06-14 15:05:00+00:00,0.7992,115.526,144.555
2026-06-14 15:10:00+00:00,0.7789,126.692,162.65
2026-06-14 15:15:00+00:00,0.2736,80.095,292.752
2026-06-14 15:20:00+00:00,1.2421,168.036,135.283
2026-06-14 15:25:00+00:00,0.9267,293.532,316.747
2026-06-14 15:30:00+00:00,0.5674,154.027,271.446
2026-06-14 15:35:00+00:00,1.36,116.827,85.9
2026-06-14 15:40:00+00:00,0.6022,61.857,102.716
2026-06-14 15:45:00+00:00,1.1898,84.792,71.268
2026-06-14 15:50:00+00:00,1.243,60.819,48.929
2026-06-14 15:55:00+00:00,0.6489,68.481,105.531
2026-06-14 16:00:00+00:00,1.3321,133.65,100.331
2026-06-14 16:05:00+00:00,1.5402,97.456,63.275
2026-06-14 16:10:00+00:00,2.2645,198.846,87.811
2026-06-14 16:15:00+00:00,1.4545,96.238,66.167
2026-06-14 16:20:00+00:00,3.7321,174.9,46.864
2026-06-14 16:25:00+00:00,1.0585,154.855,146.301
2026-06-14 16:30:00+00:00,1.1978,62.819,52.445
2026-06-14 16:35:00+00:00,0.6852,54.65,79.763
2026-06-14 16:40:00+00:00,0.8474,50.192,59.232
2026-06-14 16:45:00+00:00,0.3306,136.757,413.63
2026-06-14 16:50:00+00:00,0.5264,225.979,429.314
2026-06-14 16:55:00+00:00,0.7122,159.44,223.869
2026-06-14 17:00:00+00:00,0.8956,218.367,243.809
2026-06-14 17:05:00+00:00,0.7531,138.406,183.773
2026-06-14 17:10:00+00:00,1.2583,150.796,119.838
2026-06-14 17:15:00+00:00,1.5574,83.052,53.328
