{"event": "market_data_fetched", "symbol": "0GUSDT", "duration_ms": 2865, "keys": ["funding_rate", "klines_15m", "klines_1h", "klines_1m", "oi_hist", "orderbook", "premium_index", "symbol"]}
{"event": "analysis_generated", "symbol": "0GUSDT", "duration_ms": 5, "score": 20, "direction_score": -2, "current_price": 0.9195}
{"event": "monitor_context", "symbol": "0GUSDT", "direction": "SHORT", "entry_price": 0.9159, "current_price": 0.9195, "qty": "32", "baseline_qty": "32", "core_qty": "16.0", "scalp_qty": "16.0", "profit_locked": false, "need_partial_tp": true}
{"event": "open_orders_fetched", "symbol": "0GUSDT", "count": 3}
{"event": "llm_monitor_raw", "symbol": "0GUSDT", "raw": {"action": "HOLD", "reasoning": "The current position has a Stop Loss and Final Take Profit in place as per the strategy. The Partial Take Profit is needed but already set. The Trend Score has decreased since entry, but the signals still indicate a valid short setup (1H均线空头排列, 波动率合格, 流动性良好). The Unrealized PnL is minimal (-0.42%), and there is no immediate need to adjust orders. The market has not invalidated the trade, and the Stop Loss is not missing or too risky. Therefore, holding the position with current orders is the appropriate action.", "new_stop_loss": null, "new_take_profit": null, "partial_tp_price": null, "partial_tp_percent": null, "reduce_percent": null, "add_usdt": null}}
{"event": "market_data_fetched", "symbol": "0GUSDT", "duration_ms": 3146, "keys": ["funding_rate", "klines_15m", "klines_1h", "klines_1m", "oi_hist", "orderbook", "premium_index", "symbol"]}
{"event": "analysis_generated", "symbol": "0GUSDT", "duration_ms": 1, "score": 35, "direction_score": -2, "current_price": 0.9201}
{"event": "monitor_context", "symbol": "0GUSDT", "direction": "SHORT", "entry_price": 0.9159, "current_price": 0.9201, "qty": "32", "baseline_qty": "32", "core_qty": "16.0", "scalp_qty": "16.0", "profit_locked": false, "need_partial_tp": true}
{"event": "open_orders_fetched", "symbol": "0GUSDT", "count": 3}
{"event": "llm_monitor_raw", "symbol": "0GUSDT", "raw": {"action": "HOLD", "reasoning": "The current position is within acceptable risk parameters with a Stop Loss active at 0.9359. The market analysis shows a trend score of 35, which is below the previous entry threshold of >40, but the signals (1H均线空头排列, 波动率合格, 流动性良好) and imbalance (-0.14068661761442205) do not invalidate the trade. The Smart Suggestions indicate no action is needed. The strategy guidelines recommend holding unless there is a significant change in market structure or risk parameters. Therefore, the best course of action is to maintain the current position and orders.", "new_stop_loss": null, "new_take_profit": null, "partial_tp_price": null, "partial_tp_percent": null, "reduce_percent": null, "add_usdt": null}}
{"event": "market_data_fetched", "symbol": "0GUSDT", "duration_ms": 2665, "keys": ["funding_rate", "klines_15m", "klines_1h", "klines_1m", "oi_hist", "orderbook", "premium_index", "symbol"]}
{"event": "analysis_generated", "symbol": "0GUSDT", "duration_ms": 8, "score": 75, "direction_score": -4, "current_price": 0.9235}
{"event": "monitor_context", "symbol": "0GUSDT", "direction": "SHORT", "entry_price": 0.9159, "current_price": 0.9235, "qty": "32", "baseline_qty": "32", "core_qty": "16.0", "scalp_qty": "16.0", "profit_locked": false, "need_partial_tp": true}
{"event": "open_orders_fetched", "symbol": "0GUSDT", "count": 3}
{"event": "llm_monitor_raw", "symbol": "0GUSDT", "raw": {"action": "HOLD", "reasoning": "The current position aligns with the strategy guidelines. The Stop Loss is active at 0.9359, and the Final Take Profit is set at 0.88. The Partial Take Profit is needed and set at 0.8979. The market analysis shows a strong trend score (75) with bearish signals, and the imbalance indicates selling pressure. There is no immediate need to adjust orders as the market structure has not invalidated the trade, and the Stop Loss is appropriately placed to manage risk. The Profit Locked is false, so no additional actions are required at this time.", "new_stop_loss": null, "new_take_profit": null, "partial_tp_price": null, "partial_tp_percent": null, "reduce_percent": null, "add_usdt": null}}
{"event": "market_data_fetched", "symbol": "0GUSDT", "duration_ms": 3185, "keys": ["funding_rate", "klines_15m", "klines_1h", "klines_1m", "oi_hist", "orderbook", "premium_index", "symbol"]}
{"event": "analysis_generated", "symbol": "0GUSDT", "duration_ms": 4, "score": 55, "direction_score": -3, "current_price": 0.9231}
{"event": "monitor_context", "symbol": "0GUSDT", "direction": "SHORT", "entry_price": 0.9159, "current_price": 0.9231, "qty": "32", "baseline_qty": "32", "core_qty": "16.0", "scalp_qty": "16.0", "profit_locked": false, "need_partial_tp": true}
{"event": "open_orders_fetched", "symbol": "0GUSDT", "count": 3}
{"event": "llm_monitor_raw", "symbol": "0GUSDT", "raw": {"action": "HOLD", "reasoning": "The current position aligns with the strategy guidelines. The Stop Loss is active at 0.9359 (2.18% above entry), and Final Take Profit is set at 0.88 (3.92% below entry). The Partial Take Profit is needed but already configured at 0.8979 (~2% below entry). Market analysis shows neutral-to-weak signals (Trend Score 55, 1H均线空头排列, ATR合格), but no structural invalidation exists. No profit is locked, and stability rules prevent unnecessary adjustments.", "new_stop_loss": null, "new_take_profit": null, "partial_tp_price": null, "partial_tp_percent": null, "reduce_percent": null, "add_usdt": null}}
{"event": "market_data_fetched", "symbol": "0GUSDT", "duration_ms": 2960, "keys": ["funding_rate", "klines_15m", "klines_1h", "klines_1m", "oi_hist", "orderbook", "premium_index", "symbol"]}
{"event": "analysis_generated", "symbol": "0GUSDT", "duration_ms": 4, "score": 15, "direction_score": -2, "current_price": 0.9235}
{"event": "monitor_context", "symbol": "0GUSDT", "direction": "SHORT", "entry_price": 0.9159, "current_price": 0.9235, "qty": "32", "baseline_qty": "32", "core_qty": "16.0", "scalp_qty": "16.0", "profit_locked": false, "need_partial_tp": true}
{"event": "open_orders_fetched", "symbol": "0GUSDT", "count": 3}
{"event": "llm_monitor_raw", "symbol": "0GUSDT", "raw": {"action": "HOLD", "reasoning": "The current position has a Stop Loss and Final Take Profit in place as per the strategy. The market analysis shows a bearish trend with acceptable volatility and liquidity, but the Trend Score is low (15), which is below the previous entry threshold (>40). However, there is no immediate invalidation of the trade or need to adjust orders based on the current market structure. The Partial Take Profit is already set and needed. Since Profit Locked is False and there are no Smart Suggestions to act upon, the best course of action is to HOLD and monitor the position.", "new_stop_loss": null, "new_take_profit": null, "partial_tp_price": null, "partial_tp_percent": null, "reduce_percent": null, "add_usdt": null}}
{"event": "monitor_context", "symbol": "0GUSDT", "direction": "SHORT", "entry_price": 0.9159, "current_price": 0.9227, "qty": "32", "baseline_qty": "32", "core_qty": "16.0", "scalp_qty": "16.0", "profit_locked": false, "need_partial_tp": true}
{"event": "open_orders_fetched", "symbol": "0GUSDT", "count": 3}
{"event": "llm_monitor_raw", "symbol": "0GUSDT", "raw": {"action": "HOLD", "reasoning": "The current position aligns with the strategy guidelines. The Stop Loss is active at 0.9359, and the Final Take Profit is set at 0.88. The Partial Take Profit is needed but not yet triggered. The market analysis shows a trend score of 30, which is below the previous entry threshold of >40, but the signals (1H均线空头排列, 波动率合格, 流动性良好) and imbalance (-0.08338698850637698) do not invalidate the trade. Profit Locked is false, so there is no need to adjust the Stop Loss or add to the position. The current orders should be maintained unless there is a significant change in market structure.", "new_stop_loss": null, "new_take_profit": null, "partial_tp_price": null, "partial_tp_percent": null, "reduce_percent": null, "add_usdt": null}}
{"event": "market_data_fetched", "symbol": "0GUSDT", "duration_ms": 2874, "keys": ["funding_rate", "klines_15m", "klines_1h", "klines_1m", "oi_hist", "orderbook", "premium_index", "symbol"]}
{"event": "analysis_generated", "symbol": "0GUSDT", "duration_ms": 6, "score": 45, "direction_score": -3, "current_price": 0.9227}
{"event": "monitor_context", "symbol": "0GUSDT", "direction": "SHORT", "entry_price": 0.9159, "current_price": 0.9227, "qty": "32", "baseline_qty": "32", "core_qty": "16.0", "scalp_qty": "16.0", "profit_locked": false, "need_partial_tp": true}
{"event": "open_orders_fetched", "symbol": "0GUSDT", "count": 3}
{"event": "llm_monitor_raw", "symbol": "0GUSDT", "raw": {"action": "HOLD", "reasoning": "The current position aligns with the strategy guidelines. The Stop Loss is active at 0.9359 (2.18% above entry), and Final Take Profit is set at 0.88. The Partial Take Profit is needed but already configured at 0.8979 for the scalp size (16.0). Market conditions (Trend Score: 45, bearish signals, and imbalance) do not invalidate the trade. No profit is locked, so no adjustments are required unless market structure changes.", "new_stop_loss": null, "new_take_profit": null, "partial_tp_price": null, "partial_tp_percent": null, "reduce_percent": null, "add_usdt": null}}
{"event": "market_data_fetched", "symbol": "0GUSDT", "duration_ms": 2679, "keys": ["funding_rate", "klines_15m", "klines_1h", "klines_1m", "oi_hist", "orderbook", "premium_index", "symbol"]}
{"event": "analysis_generated", "symbol": "0GUSDT", "duration_ms": 4, "score": 30, "direction_score": -3, "current_price": 0.9206}
{"event": "monitor_context", "symbol": "0GUSDT", "direction": "SHORT", "entry_price": 0.9159, "current_price": 0.9206, "qty": "32", "baseline_qty": "32", "core_qty": "16.0", "scalp_qty": "16.0", "profit_locked": false, "need_partial_tp": true}
{"event": "open_orders_fetched", "symbol": "0GUSDT", "count": 3}
{"event": "llm_monitor_raw", "symbol": "0GUSDT", "raw": {"action": "HOLD", "reasoning": "The current position has a Stop Loss (0.9359) and Final Take Profit (0.88) active, adhering to the risk-averse strategy. The Partial Take Profit (0.8979) is also set as required. The market analysis shows a bearish trend (1H均线空头排列) with acceptable volatility and liquidity, but the Trend Score is below the entry threshold (30 vs. >40). However, there is no immediate invalidation signal or need to adjust orders. The Unrealized PnL is minimal (-0.41%), and no profit is locked, so no adjustments are necessary. Stability guidelines suggest holding unless market structure invalidates the trade or Stop Loss is missing/risky, neither of which applies here.", "new_stop_loss": null, "new_take_profit": null, "partial_tp_price": null, "partial_tp_percent": null, "reduce_percent": null, "add_usdt": null}}
{"event": "market_data_fetched", "symbol": "0GUSDT", "duration_ms": 2636, "keys": ["funding_rate", "klines_15m", "klines_1h", "klines_1m", "oi_hist", "orderbook", "premium_index", "symbol"]}
{"event": "analysis_generated", "symbol": "0GUSDT", "duration_ms": 2, "score": 30, "direction_score": -3, "current_price": 0.9218}
{"event": "monitor_context", "symbol": "0GUSDT", "direction": "SHORT", "entry_price": 0.9159, "current_price": 0.9218, "qty": "32", "baseline_qty": "32", "core_qty": "16.0", "scalp_qty": "16.0", "profit_locked": false, "need_partial_tp": true}
{"event": "open_orders_fetched", "symbol": "0GUSDT", "count": 3}
{"event": "llm_monitor_raw", "symbol": "0GUSDT", "raw": {"action": "HOLD", "reasoning": "The current position aligns with the strategy guidelines. The Stop Loss is active at 0.9359, which is appropriately set above the entry price to limit risk. The Final Take Profit is also set at 0.88. The Partial Take Profit is needed but not yet triggered. The market analysis shows a bearish trend (1H均线空头排列) and selling pressure (卖盘压制), supporting the short position. There is no immediate need to adjust orders as the market structure has not invalidated the trade, and the Stop Loss is not missing or too risky.", "new_stop_loss": null, "new_take_profit": null, "partial_tp_price": null, "partial_tp_percent": null, "reduce_percent": null, "add_usdt": null}}
{"event": "market_data_fetched", "symbol": "0GUSDT", "duration_ms": 2631, "keys": ["funding_rate", "klines_15m", "klines_1h", "klines_1m", "oi_hist", "orderbook", "premium_index", "symbol"]}
{"event": "analysis_generated", "symbol": "0GUSDT", "duration_ms": 5, "score": 10, "direction_score": -2, "current_price": 0.9262}
{"event": "monitor_context", "symbol": "0GUSDT", "direction": "SHORT", "entry_price": 0.9159, "current_price": 0.9262, "qty": "32", "baseline_qty": "32", "core_qty": "16.0", "scalp_qty": "16.0", "profit_locked": false, "need_partial_tp": true}
{"event": "open_orders_fetched", "symbol": "0GUSDT", "count": 3}
{"event": "llm_monitor_raw", "symbol": "0GUSDT", "raw": {"action": "HOLD", "reasoning": "The current position aligns with the strategy guidelines. The Stop Loss is active at 0.9359, and the Final Take Profit is set at 0.88. The Partial Take Profit is also needed and set at 0.8979. The market analysis shows a trend score of 10, which is lower than the previous entry score (>40), but the signals (1H均线空头排列, 波动率合格, 流动性良好) and imbalance (-0.05448970527130228) do not invalidate the trade. There is no immediate need to adjust orders as per the stability guidelines.", "new_stop_loss": null, "new_take_profit": null, "partial_tp_price": null, "partial_tp_percent": null, "reduce_percent": null, "add_usdt": null}}
{"event": "market_data_fetched", "symbol": "0GUSDT", "duration_ms": 2650, "keys": ["funding_rate", "klines_15m", "klines_1h", "klines_1m", "oi_hist", "orderbook", "premium_index", "symbol"]}
{"event": "analysis_generated", "symbol": "0GUSDT", "duration_ms": 4, "score": 25, "direction_score": -2, "current_price": 0.9245}
{"event": "monitor_context", "symbol": "0GUSDT", "direction": "SHORT", "entry_price": 0.9159, "current_price": 0.9245, "qty": "32", "baseline_qty": "32", "core_qty": "16.0", "scalp_qty": "16.0", "profit_locked": false, "need_partial_tp": true}
{"event": "open_orders_fetched", "symbol": "0GUSDT", "count": 3}
{"event": "llm_monitor_raw", "symbol": "0GUSDT", "raw": {"action": "HOLD", "reasoning": "The current position aligns with the strategy guidelines. The Stop Loss is active at 0.9359 (2.18% above entry), and Final Take Profit is set at 0.88. The Partial Take Profit (Limit) is also configured at 0.8979 for the scalp size (16.0). The Trend Score has decreased from >40 to 25, but the market signals (1H均线空头排列, volatility合格, liquidity良好) and imbalance (-0.088) do not invalidate the trade. No profit is locked, and the size is at core level (16.0) after partial TP. No adjustments are needed unless market structure changes.", "new_stop_loss": null, "new_take_profit": null, "partial_tp_price": null, "partial_tp_percent": null, "reduce_percent": null, "add_usdt": null}}
{"event": "market_data_fetched", "symbol": "0GUSDT", "duration_ms": 2648, "keys": ["funding_rate", "klines_15m", "klines_1h", "klines_1m", "oi_hist", "orderbook", "premium_index", "symbol"]}
{"event": "analysis_generated", "symbol": "0GUSDT", "duration_ms": 3, "score": 10, "direction_score": -2, "current_price": 0.9261}
{"event": "monitor_context", "symbol": "0GUSDT", "direction": "SHORT", "entry_price": 0.9159, "current_price": 0.9261, "qty": "32", "baseline_qty": "32", "core_qty": "16.0", "scalp_qty": "16.0", "profit_locked": false, "need_partial_tp": true}
{"event": "open_orders_fetched", "symbol": "0GUSDT", "count": 3}
{"event": "llm_monitor_raw", "symbol": "0GUSDT", "raw": {"action": "HOLD", "reasoning": "The current position aligns with the strategy guidelines. The Stop Loss is active at 0.9359, which is appropriately set above the entry price to limit risk. The Final Take Profit is also set at 0.88, adhering to the strategy. The Partial Take Profit is needed and set at 0.8979 for the scalp size. The market analysis shows a trend score of 10, which is lower than the previous entry score (>40), but the signals (1H均线空头排列, 波动率合格, 流动性良好) and imbalance (-0.14480720933668192) do not invalidate the trade. Since Profit Locked is false and there are no immediate signals to adjust or close the position, holding is the prudent action.", "new_stop_loss": null, "new_take_profit": null, "partial_tp_price": null, "partial_tp_percent": null, "reduce_percent": null, "add_usdt": null}}
{"event": "market_data_fetched", "symbol": "0GUSDT", "duration_ms": 2637, "keys": ["funding_rate", "klines_15m", "klines_1h", "klines_1m", "oi_hist", "orderbook", "premium_index", "symbol"]}
{"event": "analysis_generated", "symbol": "0GUSDT", "duration_ms": 3, "score": 45, "direction_score": -3, "current_price": 0.92}
{"event": "monitor_context", "symbol": "0GUSDT", "direction": "SHORT", "entry_price": 0.9159, "current_price": 0.92, "qty": "32", "baseline_qty": "32", "core_qty": "16.0", "scalp_qty": "16.0", "profit_locked": false, "need_partial_tp": true}
{"event": "open_orders_fetched", "symbol": "0GUSDT", "count": 3}
{"event": "llm_monitor_raw", "symbol": "0GUSDT", "raw": {"action": "HOLD", "reasoning": "The current position aligns with the strategy guidelines. The Stop Loss is active at 0.9359 (2.18% above entry), and the Final Take Profit is set at 0.88 (3.92% below entry). The Partial Take Profit is also configured at 0.8979 (1.96% below entry) for the scalp size. The market analysis shows neutral signals (Trend Score: 45), and there is no immediate invalidation or profit-locking opportunity. No adjustments are needed unless market conditions change significantly.", "new_stop_loss": null, "new_take_profit": null, "partial_tp_price": null, "partial_tp_percent": null, "reduce_percent": null, "add_usdt": null}}
{"event": "market_data_fetched", "symbol": "0GUSDT", "duration_ms": 2641, "keys": ["funding_rate", "klines_15m", "klines_1h", "klines_1m", "oi_hist", "orderbook", "premium_index", "symbol"]}
{"event": "analysis_generated", "symbol": "0GUSDT", "duration_ms": 4, "score": 45, "direction_score": -3, "current_price": 0.9178}
{"event": "monitor_context", "symbol": "0GUSDT", "direction": "SHORT", "entry_price": 0.9159, "current_price": 0.9178, "qty": "32", "baseline_qty": "32", "core_qty": "16.0", "scalp_qty": "16.0", "profit_locked": false, "need_partial_tp": true}
{"event": "open_orders_fetched", "symbol": "0GUSDT", "count": 3}
{"event": "llm_monitor_raw", "symbol": "0GUSDT", "raw": {"action": "HOLD", "reasoning": "The current position aligns with the strategy guidelines. The Stop Loss is active at 0.9359, and the Final Take Profit is set at 0.88. The Partial Take Profit is needed but not yet triggered. The market analysis shows mixed signals with a Trend Score of 45, and there is no immediate reason to adjust orders or close the position. The Profit Locked status is False, so there is no need to tighten the Stop Loss. The position size is within the Baseline Size, and there are no significant market structure changes invalidating the trade.", "new_stop_loss": null, "new_take_profit": null, "partial_tp_price": null, "partial_tp_percent": null, "reduce_percent": null, "add_usdt": null}}
{"event": "market_data_fetched", "symbol": "0GUSDT", "duration_ms": 2731, "keys": ["funding_rate", "klines_15m", "klines_1h", "klines_1m", "oi_hist", "orderbook", "premium_index", "symbol"]}
{"event": "analysis_generated", "symbol": "0GUSDT", "duration_ms": 1, "score": 25, "direction_score": -2, "current_price": 0.9181}
{"event": "monitor_context", "symbol": "0GUSDT", "direction": "SHORT", "entry_price": 0.9159, "current_price": 0.9181, "qty": "32", "baseline_qty": "32", "core_qty": "16.0", "scalp_qty": "16.0", "profit_locked": false, "need_partial_tp": true}
{"event": "open_orders_fetched", "symbol": "0GUSDT", "count": 3}
{"event": "llm_monitor_raw", "symbol": "0GUSDT", "raw": {"action": "HOLD", "reasoning": "Current market conditions do not invalidate the trade setup (1H均线空头排列, 波动率合格, 流动性良好). The Stop Loss is active at 0.9359 (~2.18% above entry), which aligns with risk management rules. No profit is locked yet, and the Partial Take Profit (0.8979) is already set for the scalp size (16.0). The Trend Score drop to 25 suggests weakening momentum but doesn’t trigger a close signal per Stability guidelines. Hold until either SL/TP hits or market structure breaks.", "new_stop_loss": null, "new_take_profit": null, "partial_tp_price": null, "partial_tp_percent": null, "reduce_percent": null, "add_usdt": null}}
{"event": "market_data_fetched", "symbol": "0GUSDT", "duration_ms": 2613, "keys": ["funding_rate", "klines_15m", "klines_1h", "klines_1m", "oi_hist", "orderbook", "premium_index", "symbol"]}
{"event": "analysis_generated", "symbol": "0GUSDT", "duration_ms": 2, "score": 25, "direction_score": -2, "current_price": 0.9161}
{"event": "monitor_context", "symbol": "0GUSDT", "direction": "SHORT", "entry_price": 0.9159, "current_price": 0.9161, "qty": "32", "baseline_qty": "32", "core_qty": "16.0", "scalp_qty": "16.0", "profit_locked": false, "need_partial_tp": true}
{"event": "open_orders_fetched", "symbol": "0GUSDT", "count": 3}
{"event": "llm_monitor_raw", "symbol": "0GUSDT", "raw": {"action": "HOLD", "reasoning": "The current position aligns with the strategy guidelines. The Stop Loss is active at 0.9359, and the Final Take Profit is set at 0.88. The Partial Take Profit is also in place at 0.8979 for the scalp size. The market analysis shows a trend score of 25, which is below the previous entry threshold of >40, but there are no immediate signals to invalidate the trade. The unrealized PnL is minimal (-0.12%), and there is no need to adjust orders for minor price fluctuations. The Profit Locked is false, so there is no requirement to tighten the Stop Loss. Therefore, the best action is to hold the position and monitor the market for any significant changes.", "new_stop_loss": null, "new_take_profit": null, "partial_tp_price": null, "partial_tp_percent": null, "reduce_percent": null, "add_usdt": null}}
{"event": "market_data_fetched", "symbol": "0GUSDT", "duration_ms": 2936, "keys": ["funding_rate", "klines_15m", "klines_1h", "klines_1m", "oi_hist", "orderbook", "premium_index", "symbol"]}
{"event": "analysis_generated", "symbol": "0GUSDT", "duration_ms": 1, "score": 35, "direction_score": -2, "current_price": 0.9164}
{"event": "monitor_context", "symbol": "0GUSDT", "direction": "SHORT", "entry_price": 0.9159, "current_price": 0.9164, "qty": "32", "baseline_qty": "32", "core_qty": "16.0", "scalp_qty": "16.0", "profit_locked": false, "need_partial_tp": true}
{"event": "open_orders_fetched", "symbol": "0GUSDT", "count": 3}
{"event": "llm_monitor_raw", "symbol": "0GUSDT", "raw": {"action": "HOLD", "reasoning": "The current position is slightly underwater (-0.05% PnL), but the market conditions still support the short strategy (1H均线空头排列, 波动率合格, 流动性良好). The Stop Loss is active at 0.9359 (2.18% above entry), and the Final Take Profit is set at 0.88 (3.92% below entry), adhering to the strategy. The Partial Take Profit is needed but already set at 0.8979. The Trend Score has dropped to 35 (from >40 at entry), but this alone does not invalidate the trade. No adjustments are required unless market structure changes significantly.", "new_stop_loss": null, "new_take_profit": null, "partial_tp_price": null, "partial_tp_percent": null, "reduce_percent": null, "add_usdt": null}}
{"event": "market_data_fetched", "symbol": "0GUSDT", "duration_ms": 2837, "keys": ["funding_rate", "klines_15m", "klines_1h", "klines_1m", "oi_hist", "orderbook", "premium_index", "symbol"]}
{"event": "analysis_generated", "symbol": "0GUSDT", "duration_ms": 3, "score": 40, "direction_score": -1, "current_price": 0.9183}
{"event": "monitor_context", "symbol": "0GUSDT", "direction": "SHORT", "entry_price": 0.9159, "current_price": 0.9183, "qty": "32", "baseline_qty": "32", "core_qty": "16.0", "scalp_qty": "16.0", "profit_locked": false, "need_partial_tp": true}
{"event": "open_orders_fetched", "symbol": "0GUSDT", "count": 3}
{"event": "llm_monitor_raw", "symbol": "0GUSDT", "raw": {"action": "HOLD", "reasoning": "The current position aligns with the strategy guidelines. The Stop Loss is active at 0.9359 (2.18% above entry), and Final Take Profit is set at 0.88 (3.92% below entry). The Partial Take Profit (Limit) is also configured at 0.8979 for the scalp size (16.0). Market analysis shows mixed signals (bearish MA alignment but strong buy-side imbalance), but no structural invalidation exists. Profit Lock remains false, and no immediate adjustment is needed per stability rules.", "new_stop_loss": null, "new_take_profit": null, "partial_tp_price": null, "partial_tp_percent": null, "reduce_percent": null, "add_usdt": null}}
{"event": "market_data_fetched", "symbol": "0GUSDT", "duration_ms": 2622, "keys": ["funding_rate", "klines_15m", "klines_1h", "klines_1m", "oi_hist", "orderbook", "premium_index", "symbol"]}
{"event": "analysis_generated", "symbol": "0GUSDT", "duration_ms": 2, "score": 40, "direction_score": -2, "current_price": 0.9146}
{"event": "monitor_context", "symbol": "0GUSDT", "direction": "SHORT", "entry_price": 0.9159, "current_price": 0.9146, "qty": "32", "baseline_qty": "32", "core_qty": "16.0", "scalp_qty": "16.0", "profit_locked": false, "need_partial_tp": true}
{"event": "open_orders_fetched", "symbol": "0GUSDT", "count": 3}
{"event": "llm_monitor_raw", "symbol": "0GUSDT", "raw": {"action": "HOLD", "reasoning": "The current position aligns with the strategy guidelines. The Stop Loss and Final Take Profit are active and appropriately set. The Partial Take Profit is needed but already configured. The market analysis does not indicate a need to adjust orders or close the position. The trend score is still below the entry threshold, and the signals support maintaining the short position. No immediate action is required.", "new_stop_loss": null, "new_take_profit": null, "partial_tp_price": null, "partial_tp_percent": null, "reduce_percent": null, "add_usdt": null}}
{"event": "market_data_fetched", "symbol": "0GUSDT", "duration_ms": 2668, "keys": ["funding_rate", "klines_15m", "klines_1h", "klines_1m", "oi_hist", "orderbook", "premium_index", "symbol"]}
{"event": "analysis_generated", "symbol": "0GUSDT", "duration_ms": 5, "score": 25, "direction_score": -2, "current_price": 0.9159}
{"event": "monitor_context", "symbol": "0GUSDT", "direction": "SHORT", "entry_price": 0.9159, "current_price": 0.9159, "qty": "32", "baseline_qty": "32", "core_qty": "16.0", "scalp_qty": "16.0", "profit_locked": false, "need_partial_tp": true}
{"event": "open_orders_fetched", "symbol": "0GUSDT", "count": 3}
{"event": "llm_monitor_raw", "symbol": "0GUSDT", "raw": {"action": "HOLD", "reasoning": "The current position aligns with the strategy guidelines. The Stop Loss is active at 0.9359, and the Final Take Profit is set at 0.88. The Partial Take Profit is needed but already set at 0.8979. The Trend Score has decreased from the entry condition (>40 to 25), but the signals (1H均线空头排列, 波动率合格, 流动性良好) still support the short position. There is no immediate need to adjust orders as the market structure has not invalidated the trade, and the Stop Loss is not missing or too risky. Profit Locked is False, so no additional actions are required.", "new_stop_loss": null, "new_take_profit": null, "partial_tp_price": null, "partial_tp_percent": null, "reduce_percent": null, "add_usdt": null}}
{"event": "market_data_fetched", "symbol": "0GUSDT", "duration_ms": 2756, "keys": ["funding_rate", "klines_15m", "klines_1h", "klines_1m", "oi_hist", "orderbook", "premium_index", "symbol"]}
{"event": "analysis_generated", "symbol": "0GUSDT", "duration_ms": 4, "score": 25, "direction_score": -2, "current_price": 0.9168}
{"event": "monitor_context", "symbol": "0GUSDT", "direction": "SHORT", "entry_price": 0.9159, "current_price": 0.9168, "qty": "32", "baseline_qty": "32", "core_qty": "16.0", "scalp_qty": "16.0", "profit_locked": false, "need_partial_tp": true}
{"event": "open_orders_fetched", "symbol": "0GUSDT", "count": 3}
{"event": "llm_monitor_raw", "symbol": "0GUSDT", "raw": {"action": "HOLD", "reasoning": "Current market conditions do not invalidate the trade setup. The trend score is low (25), but signals still support the short position (1H均线空头排列, 波动率合格, 流动性良好). The Stop Loss is active at 0.9359 (~2.2% above entry), and Final Take Profit is set at 0.88 (~4% below entry), adhering to risk management rules. Partial Take Profit is needed but already configured at 0.8979 (~2% below entry) for the scalp size (16.0). No profit is locked, and no structural invalidation or excessive risk is detected. Minor price fluctuations (current 0.9168 vs. entry 0.9159) do not warrant order adjustments.", "new_stop_loss": null, "new_take_profit": null, "partial_tp_price": null, "partial_tp_percent": null, "reduce_percent": null, "add_usdt": null}}
{"event": "market_data_fetched", "symbol": "0GUSDT", "duration_ms": 2616, "keys": ["funding_rate", "klines_15m", "klines_1h", "klines_1m", "oi_hist", "orderbook", "premium_index", "symbol"]}
{"event": "analysis_generated", "symbol": "0GUSDT", "duration_ms": 4, "score": 55, "direction_score": -1, "current_price": 0.9183}
{"event": "monitor_context", "symbol": "0GUSDT", "direction": "SHORT", "entry_price": 0.9159, "current_price": 0.9183, "qty": "32", "baseline_qty": "32", "core_qty": "16.0", "scalp_qty": "16.0", "profit_locked": false, "need_partial_tp": true}
{"event": "open_orders_fetched", "symbol": "0GUSDT", "count": 3}
{"event": "llm_monitor_raw", "symbol": "0GUSDT", "raw": {"action": "HOLD", "reasoning": "The current position aligns with the strategy guidelines. The Stop Loss and Final Take Profit are active and appropriately set. The Partial Take Profit is needed but already in place. The market analysis does not indicate a need to close or adjust orders, as the trend score remains above 40 and there are no structural invalidations. Profit Locked is false, so no additional actions are required.", "new_stop_loss": null, "new_take_profit": null, "partial_tp_price": null, "partial_tp_percent": null, "reduce_percent": null, "add_usdt": null}}
{"event": "market_data_fetched", "symbol": "0GUSDT", "duration_ms": 3048, "keys": ["funding_rate", "klines_15m", "klines_1h", "klines_1m", "oi_hist", "orderbook", "premium_index", "symbol"]}
{"event": "analysis_generated", "symbol": "0GUSDT", "duration_ms": 3, "score": 25, "direction_score": -2, "current_price": 0.918}
{"event": "monitor_context", "symbol": "0GUSDT", "direction": "SHORT", "entry_price": 0.9159, "current_price": 0.918, "qty": "32", "baseline_qty": "32", "core_qty": "16.0", "scalp_qty": "16.0", "profit_locked": false, "need_partial_tp": true}
{"event": "open_orders_fetched", "symbol": "0GUSDT", "count": 3}
{"event": "llm_monitor_raw", "symbol": "0GUSDT", "raw": {"action": "HOLD", "reasoning": "Current market conditions do not invalidate the trade setup (1H均线空头排列, 波动率合格, 流动性良好). The Stop Loss is active at 0.9359 (+2.18% from entry), adhering to risk management rules. No profit is locked yet, and the Partial Take Profit (0.8979) is already set for the scalp size (16.0). The unrealized loss is minimal (-0.23%), and the trend score, while lower than the entry threshold, does not yet signal a structural breakdown. Stability guidelines recommend holding unless conditions worsen.", "new_stop_loss": null, "new_take_profit": null, "partial_tp_price": null, "partial_tp_percent": null, "reduce_percent": null, "add_usdt": null}}
{"event": "market_data_fetched", "symbol": "0GUSDT", "duration_ms": 5481, "keys": ["funding_rate", "klines_15m", "klines_1h", "klines_1m", "oi_hist", "orderbook", "premium_index", "symbol"]}
{"event": "analysis_generated", "symbol": "0GUSDT", "duration_ms": 3, "score": 20, "direction_score": -2, "current_price": 0.9175}
{"event": "monitor_context", "symbol": "0GUSDT", "direction": "SHORT", "entry_price": 0.9159, "current_price": 0.9175, "qty": "32", "baseline_qty": "32", "core_qty": "16.0", "scalp_qty": "16.0", "profit_locked": false, "need_partial_tp": true}
{"event": "open_orders_fetched", "symbol": "0GUSDT", "count": 3}
{"event": "llm_monitor_raw", "symbol": "0GUSDT", "raw": {"action": "HOLD", "reasoning": "Current market conditions do not invalidate the trade setup. The Stop Loss is active and appropriately set at 0.9359 (2.18% above entry), adhering to risk management rules. The Partial Take Profit at 0.8979 (1.96% below entry) is still valid for the scalp size (16.0). The Trend Score has weakened (20 vs. initial >40), but signals like 1H均线空头排列 and acceptable volatility (ATR=2.25%) support maintaining the position. No profit is locked, so no adjustments are needed unless market structure breaks. Stability guidelines recommend holding unless explicit invalidation occurs.", "new_stop_loss": null, "new_take_profit": null, "partial_tp_price": null, "partial_tp_percent": null, "reduce_percent": null, "add_usdt": null}}
{"event": "market_data_fetched", "symbol": "0GUSDT", "duration_ms": 2636, "keys": ["funding_rate", "klines_15m", "klines_1h", "klines_1m", "oi_hist", "orderbook", "premium_index", "symbol"]}
{"event": "analysis_generated", "symbol": "0GUSDT", "duration_ms": 2, "score": 20, "direction_score": -2, "current_price": 0.9199}
{"event": "monitor_context", "symbol": "0GUSDT", "direction": "SHORT", "entry_price": 0.9159, "current_price": 0.9199, "qty": "32", "baseline_qty": "32", "core_qty": "16.0", "scalp_qty": "16.0", "profit_locked": false, "need_partial_tp": true}
{"event": "open_orders_fetched", "symbol": "0GUSDT", "count": 3}
{"event": "llm_monitor_raw", "symbol": "0GUSDT", "raw": {"action": "HOLD", "reasoning": "The current position aligns with the strategy guidelines. The Stop Loss is active at 0.9359, and the Final Take Profit is set at 0.88. The Partial Take Profit is also in place at 0.8979 for the scalp size. The market analysis shows a trend score of 20, which is below the previous entry threshold of >40, but there is no immediate invalidation of the trade. The signals indicate a bearish alignment on the 1H timeframe, acceptable volatility, and good liquidity. There is no need to adjust orders for minor price fluctuations as the market structure has not invalidated the trade. The Profit Locked is false, so there is no requirement to tighten the Stop Loss. Therefore, the best action is to HOLD.", "new_stop_loss": null, "new_take_profit": null, "partial_tp_price": null, "partial_tp_percent": null, "reduce_percent": null, "add_usdt": null}}
{"event": "market_data_fetched", "symbol": "0GUSDT", "duration_ms": 2847, "keys": ["funding_rate", "klines_15m", "klines_1h", "klines_1m", "oi_hist", "orderbook", "premium_index", "symbol"]}
{"event": "analysis_generated", "symbol": "0GUSDT", "duration_ms": 4, "score": 25, "direction_score": -2, "current_price": 0.9185}
{"event": "monitor_context", "symbol": "0GUSDT", "direction": "SHORT", "entry_price": 0.9159, "current_price": 0.9185, "qty": "32", "baseline_qty": "32", "core_qty": "16.0", "scalp_qty": "16.0", "profit_locked": false, "need_partial_tp": true}
{"event": "open_orders_fetched", "symbol": "0GUSDT", "count": 3}
{"event": "llm_monitor_raw", "symbol": "0GUSDT", "raw": {"action": "HOLD", "reasoning": "The current position aligns with the strategy guidelines. The Stop Loss is active at 0.9359 (2.18% above entry), and Final Take Profit is set at 0.88 (3.92% below entry). The Partial Take Profit (Limit) is needed but already configured at 0.8979 (~2% below entry). The Trend Score has weakened (25 vs. >40 at entry), but market signals (1H均线空头排列, volatility合格, liquidity良好) and imbalance (-0.0076) do not invalidate the trade. No profit is locked, and size management (Core:16, Scalp:16) follows the baseline. No adjustments are required unless market structure breaks.", "new_stop_loss": null, "new_take_profit": null, "partial_tp_price": null, "partial_tp_percent": null, "reduce_percent": null, "add_usdt": null}}
{"event": "market_data_fetched", "symbol": "0GUSDT", "duration_ms": 2651, "keys": ["funding_rate", "klines_15m", "klines_1h", "klines_1m", "oi_hist", "orderbook", "premium_index", "symbol"]}
{"event": "analysis_generated", "symbol": "0GUSDT", "duration_ms": 1, "score": 55, "direction_score": -1, "current_price": 0.9205}
{"event": "monitor_context", "symbol": "0GUSDT", "direction": "SHORT", "entry_price": 0.9159, "current_price": 0.9205, "qty": "32", "baseline_qty": "32", "core_qty": "16.0", "scalp_qty": "16.0", "profit_locked": false, "need_partial_tp": true}
{"event": "open_orders_fetched", "symbol": "0GUSDT", "count": 3}
{"event": "llm_monitor_raw", "symbol": "0GUSDT", "raw": {"action": "HOLD", "reasoning": "The current position aligns with the strategy guidelines. The Stop Loss is active at 0.9359, and the Final Take Profit is set at 0.88. The Partial Take Profit is also in place at 0.8979 for the scalp size. The market analysis shows mixed signals with a Trend Score of 55 and strong buy-side imbalance, but the trade setup hasn't been invalidated. There's no immediate need to adjust orders as the unrealized PnL is minimal (-0.52%) and the Profit Locked flag is False. Holding the position is prudent until clearer signals emerge.", "new_stop_loss": null, "new_take_profit": null, "partial_tp_price": null, "partial_tp_percent": null, "reduce_percent": null, "add_usdt": null}}
{"event": "market_data_fetched", "symbol": "0GUSDT", "duration_ms": 2641, "keys": ["funding_rate", "klines_15m", "klines_1h", "klines_1m", "oi_hist", "orderbook", "premium_index", "symbol"]}
{"event": "analysis_generated", "symbol": "0GUSDT", "duration_ms": 5, "score": 55, "direction_score": -3, "current_price": 0.9193}
{"event": "monitor_context", "symbol": "0GUSDT", "direction": "SHORT", "entry_price": 0.9159, "current_price": 0.9193, "qty": "32", "baseline_qty": "32", "core_qty": "16.0", "scalp_qty": "16.0", "profit_locked": false, "need_partial_tp": true}
{"event": "open_orders_fetched", "symbol": "0GUSDT", "count": 3}
{"event": "llm_monitor_raw", "symbol": "0GUSDT", "raw": {"action": "HOLD", "reasoning": "The current position is within acceptable risk parameters with a Stop Loss active at 0.9359. The market analysis shows a trend score of 55, which is above the threshold of 40, and signals such as 1H均线空头排列, 波动率合格, 放量下跌, and liquidity are favorable. The Unrealized PnL is minimal (-0.37%), and there is no immediate need to adjust orders as per the stability guidelines. The suggested action from the algo is 'None', and all strategic orders (Stop Loss, Final Take Profit, and Partial Take Profit) are in place. Therefore, holding the position is the most prudent action.", "new_stop_loss": null, "new_take_profit": null, "partial_tp_price": null, "partial_tp_percent": null, "reduce_percent": null, "add_usdt": null}}
{"event": "market_data_fetched", "symbol": "0GUSDT", "duration_ms": 2662, "keys": ["funding_rate", "klines_15m", "klines_1h", "klines_1m", "oi_hist", "orderbook", "premium_index", "symbol"]}
{"event": "analysis_generated", "symbol": "0GUSDT", "duration_ms": 3, "score": 35, "direction_score": -2, "current_price": 0.9201}
{"event": "monitor_context", "symbol": "0GUSDT", "direction": "SHORT", "entry_price": 0.9159, "current_price": 0.9201, "qty": "32", "baseline_qty": "32", "core_qty": "16.0", "scalp_qty": "16.0", "profit_locked": false, "need_partial_tp": true}
{"event": "open_orders_fetched", "symbol": "0GUSDT", "count": 3}
{"event": "llm_monitor_raw", "symbol": "0GUSDT", "raw": {"action": "HOLD", "reasoning": "The current position has a Stop Loss (0.9359) and Final Take Profit (0.88) active, adhering to the risk-averse strategy. The Partial Take Profit (0.8979) is also set as required. The market analysis shows a trend score of 35, which is below the previous entry threshold of >40, but the signals (1H均线空头排列, 波动率合格, 流动性良好) and imbalance (-0.097) do not invalidate the trade. There is no Smart Suggested Action, and the Profit Locked is False, so no adjustments are needed. The position should be held until either the Stop Loss or Take Profit levels are hit, or until market conditions change significantly.", "new_stop_loss": null, "new_take_profit": null, "partial_tp_price": null, "partial_tp_percent": null, "reduce_percent": null, "add_usdt": null}}
{"event": "market_data_fetched", "symbol": "0GUSDT", "duration_ms": 2638, "keys": ["funding_rate", "klines_15m", "klines_1h", "klines_1m", "oi_hist", "orderbook", "premium_index", "symbol"]}
{"event": "analysis_generated", "symbol": "0GUSDT", "duration_ms": 3, "score": 75, "direction_score": -2, "current_price": 0.9184}
{"event": "monitor_context", "symbol": "0GUSDT", "direction": "SHORT", "entry_price": 0.9159, "current_price": 0.9184, "qty": "32", "baseline_qty": "32", "core_qty": "16.0", "scalp_qty": "16.0", "profit_locked": false, "need_partial_tp": true}
{"event": "open_orders_fetched", "symbol": "0GUSDT", "count": 3}
{"event": "llm_monitor_raw", "symbol": "0GUSDT", "raw": {"action": "HOLD", "reasoning": "The current position aligns with the strategy guidelines. The Stop Loss is active at 0.9359, and the Final Take Profit is set at 0.88. The Partial Take Profit is also in place at 0.8979 for the scalp size. The market analysis shows a strong bearish signal with 1H均线空头排列 and放量下跌, but the current price is slightly above the entry price, resulting in a small unrealized loss. There is no immediate need to adjust orders as the market structure has not invalidated the trade, and the Stop Loss is not missing or too risky. The Profit Locked is False, so there is no requirement to lock in profits or adjust the Stop Loss to break-even. Therefore, the best action is to HOLD and monitor the position.", "new_stop_loss": null, "new_take_profit": null, "partial_tp_price": null, "partial_tp_percent": null, "reduce_percent": null, "add_usdt": null}}
{"event": "market_data_fetched", "symbol": "0GUSDT", "duration_ms": 2647, "keys": ["funding_rate", "klines_15m", "klines_1h", "klines_1m", "oi_hist", "orderbook", "premium_index", "symbol"]}
{"event": "analysis_generated", "symbol": "0GUSDT", "duration_ms": 3, "score": 55, "direction_score": -3, "current_price": 0.9149}
{"event": "monitor_context", "symbol": "0GUSDT", "direction": "SHORT", "entry_price": 0.9159, "current_price": 0.9149, "qty": "32", "baseline_qty": "32", "core_qty": "16.0", "scalp_qty": "16.0", "profit_locked": false, "need_partial_tp": true}
{"event": "open_orders_fetched", "symbol": "0GUSDT", "count": 3}
{"event": "llm_monitor_raw", "symbol": "0GUSDT", "raw": {"action": "HOLD", "reasoning": "The current position aligns with the strategy guidelines. The Stop Loss and Final Take Profit are active and appropriately set. The Partial Take Profit is needed but already set at 0.8979. The market analysis shows a neutral trend score (55) with bearish signals, but no structural invalidation or urgent profit-locking requirement exists. The position size is already reduced from the baseline (core size = 16.0), and profit locked is false, so no adjustments or additions are necessary.", "new_stop_loss": null, "new_take_profit": null, "partial_tp_price": null, "partial_tp_percent": null, "reduce_percent": null, "add_usdt": null}}
{"event": "market_data_fetched", "symbol": "0GUSDT", "duration_ms": 2624, "keys": ["funding_rate", "klines_15m", "klines_1h", "klines_1m", "oi_hist", "orderbook", "premium_index", "symbol"]}
{"event": "analysis_generated", "symbol": "0GUSDT", "duration_ms": 5, "score": 40, "direction_score": -1, "current_price": 0.9135}
{"event": "monitor_context", "symbol": "0GUSDT", "direction": "SHORT", "entry_price": 0.9159, "current_price": 0.9135, "qty": "32", "baseline_qty": "32", "core_qty": "16.0", "scalp_qty": "16.0", "profit_locked": false, "need_partial_tp": true}
{"event": "open_orders_fetched", "symbol": "0GUSDT", "count": 3}
{"event": "llm_monitor_raw", "symbol": "0GUSDT", "raw": {"action": "HOLD", "reasoning": "The current position aligns with the strategy guidelines. The Stop Loss and Final Take Profit are active and appropriately set. The Partial Take Profit is needed and set correctly. The market analysis does not indicate a need to invalidate the trade or adjust orders. The Profit Locked is false, so no additional actions are required.", "new_stop_loss": null, "new_take_profit": null, "partial_tp_price": null, "partial_tp_percent": null, "reduce_percent": null, "add_usdt": null}}
{"event": "market_data_fetched", "symbol": "0GUSDT", "duration_ms": 2655, "keys": ["funding_rate", "klines_15m", "klines_1h", "klines_1m", "oi_hist", "orderbook", "premium_index", "symbol"]}
{"event": "analysis_generated", "symbol": "0GUSDT", "duration_ms": 4, "score": 40, "direction_score": -1, "current_price": 0.9159}
{"event": "monitor_context", "symbol": "0GUSDT", "direction": "SHORT", "entry_price": 0.9159, "current_price": 0.9159, "qty": "32", "baseline_qty": "32", "core_qty": "16.0", "scalp_qty": "16.0", "profit_locked": false, "need_partial_tp": true}
{"event": "open_orders_fetched", "symbol": "0GUSDT", "count": 3}
{"event": "llm_monitor_raw", "symbol": "0GUSDT", "raw": {"action": "HOLD", "reasoning": "The current position is at breakeven with a Stop Loss and Final Take Profit already in place as per the strategy. The market analysis shows mixed signals with a trend score of 40, which was the threshold for entry, and no strong invalidation signals. The Partial Take Profit is needed but already set. There is no immediate need to adjust orders as the market structure has not invalidated the trade, and the Stop Loss is active and appropriately placed.", "new_stop_loss": null, "new_take_profit": null, "partial_tp_price": null, "partial_tp_percent": null, "reduce_percent": null, "add_usdt": null}}
{"event": "market_data_fetched", "symbol": "0GUSDT", "duration_ms": 2701, "keys": ["funding_rate", "klines_15m", "klines_1h", "klines_1m", "oi_hist", "orderbook", "premium_index", "symbol"]}
{"event": "analysis_generated", "symbol": "0GUSDT", "duration_ms": 3, "score": 25, "direction_score": -2, "current_price": 0.9179}
{"event": "monitor_context", "symbol": "0GUSDT", "direction": "SHORT", "entry_price": 0.9159, "current_price": 0.9179, "qty": "32", "baseline_qty": "32", "core_qty": "16.0", "scalp_qty": "16.0", "profit_locked": false, "need_partial_tp": true}
{"event": "open_orders_fetched", "symbol": "0GUSDT", "count": 3}
{"event": "llm_monitor_raw", "symbol": "0GUSDT", "raw": {"action": "HOLD", "reasoning": "The current position aligns with the strategy guidelines. The Stop Loss is active at 0.9359, and the Final Take Profit is set at 0.88. The Partial Take Profit is also in place at 0.8979 for the scalp size. The market analysis shows a trend score of 25, which is below the previous entry threshold of >40, but there are no strong signals to invalidate the trade or adjust orders. The unrealized PnL is minimal (-0.22%), and there is no need to lock profits yet. Therefore, holding the position with current orders is the most prudent action.", "new_stop_loss": null, "new_take_profit": null, "partial_tp_price": null, "partial_tp_percent": null, "reduce_percent": null, "add_usdt": null}}
{"event": "market_data_fetched", "symbol": "0GUSDT", "duration_ms": 2668, "keys": ["funding_rate", "klines_15m", "klines_1h", "klines_1m", "oi_hist", "orderbook", "premium_index", "symbol"]}
{"event": "analysis_generated", "symbol": "0GUSDT", "duration_ms": 4, "score": 40, "direction_score": -2, "current_price": 0.922}
{"event": "monitor_context", "symbol": "0GUSDT", "direction": "SHORT", "entry_price": 0.9159, "current_price": 0.922, "qty": "32", "baseline_qty": "32", "core_qty": "16.0", "scalp_qty": "16.0", "profit_locked": false, "need_partial_tp": true}
{"event": "open_orders_fetched", "symbol": "0GUSDT", "count": 3}
{"event": "llm_monitor_raw", "symbol": "0GUSDT", "raw": {"action": "HOLD", "reasoning": "Current market conditions and position status do not warrant any changes. The trend score is 40, which aligns with the initial entry criteria. The Stop Loss is active at 0.9359, and the Final Take Profit is set at 0.88, adhering to the strategy guidelines. The Partial Take Profit is also in place at 0.8979 for the scalp size. There is no need to adjust orders for minor price fluctuations, and the market structure has not invalidated the trade. Profit Locked is false, so no additional actions are required.", "new_stop_loss": null, "new_take_profit": null, "partial_tp_price": null, "partial_tp_percent": null, "reduce_percent": null, "add_usdt": null}}
{"event": "market_data_fetched", "symbol": "0GUSDT", "duration_ms": 2638, "keys": ["funding_rate", "klines_15m", "klines_1h", "klines_1m", "oi_hist", "orderbook", "premium_index", "symbol"]}
{"event": "analysis_generated", "symbol": "0GUSDT", "duration_ms": 4, "score": 45, "direction_score": -1, "current_price": 0.9211}
{"event": "monitor_context", "symbol": "0GUSDT", "direction": "SHORT", "entry_price": 0.9159, "current_price": 0.9211, "qty": "32", "baseline_qty": "32", "core_qty": "16.0", "scalp_qty": "16.0", "profit_locked": false, "need_partial_tp": true}
{"event": "open_orders_fetched", "symbol": "0GUSDT", "count": 3}
{"event": "llm_monitor_raw", "symbol": "0GUSDT", "raw": {"action": "HOLD", "reasoning": "The current position aligns with the strategy guidelines. The Stop Loss is active at 0.9359, and the Final Take Profit is set at 0.88. The Partial Take Profit is needed and set at 0.8979. The market analysis shows mixed signals with a Trend Score of 45, but no strong invalidation of the trade. The Profit Locked is False, so there is no need to adjust the Stop Loss for break-even. The current orders are sufficient to manage risk and potential profit.", "new_stop_loss": null, "new_take_profit": null, "partial_tp_price": null, "partial_tp_percent": null, "reduce_percent": null, "add_usdt": null}}
{"event": "market_data_fetched", "symbol": "0GUSDT", "duration_ms": 2699, "keys": ["funding_rate", "klines_15m", "klines_1h", "klines_1m", "oi_hist", "orderbook", "premium_index", "symbol"]}
{"event": "analysis_generated", "symbol": "0GUSDT", "duration_ms": 4, "score": 35, "direction_score": -2, "current_price": 0.9215}
{"event": "monitor_context", "symbol": "0GUSDT", "direction": "SHORT", "entry_price": 0.9159, "current_price": 0.9215, "qty": "32", "baseline_qty": "32", "core_qty": "16.0", "scalp_qty": "16.0", "profit_locked": false, "need_partial_tp": true}
{"event": "open_orders_fetched", "symbol": "0GUSDT", "count": 3}
{"event": "llm_monitor_raw", "symbol": "0GUSDT", "raw": {"action": "HOLD", "reasoning": "The current position has a Stop Loss and Final Take Profit in place as per the strategy. The Partial Take Profit is needed but not yet set, however, the market conditions have not invalidated the trade (Trend Score is 35, slightly below the entry threshold of 40 but not significantly so). The Unrealized PnL is minimal (-0.63%), and there is no immediate need to adjust orders for minor price fluctuations. The strategy advises against changing orders unless there is a significant change in market structure or to lock in profits, neither of which is currently the case.", "new_stop_loss": null, "new_take_profit": null, "partial_tp_price": null, "partial_tp_percent": null, "reduce_percent": null, "add_usdt": null}}
{"event": "market_data_fetched", "symbol": "0GUSDT", "duration_ms": 2683, "keys": ["funding_rate", "klines_15m", "klines_1h", "klines_1m", "oi_hist", "orderbook", "premium_index", "symbol"]}
{"event": "analysis_generated", "symbol": "0GUSDT", "duration_ms": 3, "score": 55, "direction_score": -3, "current_price": 0.9246}
{"event": "monitor_context", "symbol": "0GUSDT", "direction": "SHORT", "entry_price": 0.9159, "current_price": 0.9246, "qty": "32", "baseline_qty": "32", "core_qty": "16.0", "scalp_qty": "16.0", "profit_locked": false, "need_partial_tp": true}
{"event": "open_orders_fetched", "symbol": "0GUSDT", "count": 3}
{"event": "llm_monitor_raw", "symbol": "0GUSDT", "raw": {"action": "HOLD", "reasoning": "The current position aligns with the strategy guidelines. The Stop Loss is active at 0.9359, and the Final Take Profit is set at 0.88. The Partial Take Profit is also in place at 0.8979 for the scalp size. The market analysis shows a trend score of 55, which is above the entry threshold of 40, and signals indicate a bearish trend with acceptable volatility and liquidity. There is no immediate need to adjust orders as the market structure has not invalidated the trade, and the Stop Loss is not missing or too risky. Profit Locked is false, so there is no requirement to lock in profits or adjust the Stop Loss to break-even.", "new_stop_loss": null, "new_take_profit": null, "partial_tp_price": null, "partial_tp_percent": null, "reduce_percent": null, "add_usdt": null}}
{"event": "market_data_fetched", "symbol": "0GUSDT", "duration_ms": 2668, "keys": ["funding_rate", "klines_15m", "klines_1h", "klines_1m", "oi_hist", "orderbook", "premium_index", "symbol"]}
{"event": "analysis_generated", "symbol": "0GUSDT", "duration_ms": 2, "score": 75, "direction_score": -4, "current_price": 0.9219}
{"event": "monitor_context", "symbol": "0GUSDT", "direction": "SHORT", "entry_price": 0.9159, "current_price": 0.9219, "qty": "32", "baseline_qty": "32", "core_qty": "16.0", "scalp_qty": "16.0", "profit_locked": false, "need_partial_tp": true}
{"event": "open_orders_fetched", "symbol": "0GUSDT", "count": 3}
{"event": "llm_monitor_raw", "symbol": "0GUSDT", "raw": {"action": "HOLD", "reasoning": "The current position aligns with the strategy guidelines. The Stop Loss is active at 0.9359, which is appropriately set above the entry price to limit risk. The Final Take Profit is set at 0.88, and a Partial Take Profit is needed at 0.8979 for the scalp size. The market analysis indicates a bearish trend with valid signals, and there is no immediate need to adjust orders or close the position. The Profit Locked status is False, so no additional actions are required.", "new_stop_loss": null, "new_take_profit": null, "partial_tp_price": null, "partial_tp_percent": null, "reduce_percent": null, "add_usdt": null}}
{"event": "market_data_fetched", "symbol": "0GUSDT", "duration_ms": 2658, "keys": ["funding_rate", "klines_15m", "klines_1h", "klines_1m", "oi_hist", "orderbook", "premium_index", "symbol"]}
{"event": "analysis_generated", "symbol": "0GUSDT", "duration_ms": 4, "score": 25, "direction_score": -2, "current_price": 0.9208}
{"event": "monitor_context", "symbol": "0GUSDT", "direction": "SHORT", "entry_price": 0.9159, "current_price": 0.9208, "qty": "32", "baseline_qty": "32", "core_qty": "16.0", "scalp_qty": "16.0", "profit_locked": false, "need_partial_tp": true}
{"event": "open_orders_fetched", "symbol": "0GUSDT", "count": 3}
{"event": "llm_monitor_raw", "symbol": "0GUSDT", "raw": {"action": "HOLD", "reasoning": "The current position aligns with the strategy guidelines. The Stop Loss is active at 0.9359, and the Final Take Profit is set at 0.88. The Partial Take Profit is also in place at 0.8979 for the scalp size. The market analysis shows a trend score of 25, which is below the previous entry threshold of >40, but the signals (1H均线空头排列, 波动率合格, 流动性良好) and imbalance do not invalidate the trade. There is no immediate need to adjust orders as the market structure has not invalidated the trade, and the Stop Loss is not missing or too risky. Profit Locked is false, so there is no requirement to lock in profits or adjust the Stop Loss to break-even.", "new_stop_loss": null, "new_take_profit": null, "partial_tp_price": null, "partial_tp_percent": null, "reduce_percent": null, "add_usdt": null}}
{"event": "market_data_fetched", "symbol": "0GUSDT", "duration_ms": 2657, "keys": ["funding_rate", "klines_15m", "klines_1h", "klines_1m", "oi_hist", "orderbook", "premium_index", "symbol"]}
{"event": "analysis_generated", "symbol": "0GUSDT", "duration_ms": 3, "score": 40, "direction_score": -2, "current_price": 0.9213}
{"event": "monitor_context", "symbol": "0GUSDT", "direction": "SHORT", "entry_price": 0.9159, "current_price": 0.9213, "qty": "32", "baseline_qty": "32", "core_qty": "16.0", "scalp_qty": "16.0", "profit_locked": false, "need_partial_tp": true}
{"event": "open_orders_fetched", "symbol": "0GUSDT", "count": 3}
{"event": "llm_monitor_raw", "symbol": "0GUSDT", "raw": {"action": "HOLD", "reasoning": "The current position aligns with the strategy guidelines. The Stop Loss is active at 0.9359, which is appropriately set above the entry price to limit risk. The Final Take Profit is set at 0.88, and a Partial Take Profit is needed at 0.8979 for the scalp size. The market analysis shows a trend score of 40, which was the threshold for the initial entry, and signals like 1H均线空头排列,合格波动率, and good liquidity support maintaining the position. There are no immediate reasons to adjust orders or close the position based on the current market conditions and strategy rules.", "new_stop_loss": null, "new_take_profit": null, "partial_tp_price": null, "partial_tp_percent": null, "reduce_percent": null, "add_usdt": null}}
{"event": "market_data_fetched", "symbol": "0GUSDT", "duration_ms": 2644, "keys": ["funding_rate", "klines_15m", "klines_1h", "klines_1m", "oi_hist", "orderbook", "premium_index", "symbol"]}
{"event": "analysis_generated", "symbol": "0GUSDT", "duration_ms": 4, "score": 35, "direction_score": -2.5, "current_price": 0.9231}
{"event": "monitor_context", "symbol": "0GUSDT", "direction": "SHORT", "entry_price": 0.9159, "current_price": 0.9231, "qty": "32", "baseline_qty": "32", "core_qty": "16.0", "scalp_qty": "16.0", "profit_locked": false, "need_partial_tp": true}
{"event": "open_orders_fetched", "symbol": "0GUSDT", "count": 3}
{"event": "llm_monitor_raw", "symbol": "0GUSDT", "raw": {"action": "HOLD", "reasoning": "The current position has a Stop Loss and Final Take Profit in place as per the strategy. The Partial Take Profit is needed but already set. The market analysis shows a bearish signal with negative funding rate and sell-side imbalance, but the trend score is below the entry threshold, suggesting caution. However, there is no immediate invalidation of the trade or need to adjust orders. The Unrealized PnL is minimal, and the position size is already reduced with a partial take profit. Therefore, holding the position with current orders is the prudent action.", "new_stop_loss": null, "new_take_profit": null, "partial_tp_price": null, "partial_tp_percent": null, "reduce_percent": null, "add_usdt": null}}
{"event": "market_data_fetched", "symbol": "0GUSDT", "duration_ms": 2636, "keys": ["funding_rate", "klines_15m", "klines_1h", "klines_1m", "oi_hist", "orderbook", "premium_index", "symbol"]}
{"event": "analysis_generated", "symbol": "0GUSDT", "duration_ms": 2, "score": 70, "direction_score": -3.5, "current_price": 0.923}
{"event": "monitor_context", "symbol": "0GUSDT", "direction": "SHORT", "entry_price": 0.9159, "current_price": 0.923, "qty": "32", "baseline_qty": "32", "core_qty": "16.0", "scalp_qty": "16.0", "profit_locked": false, "need_partial_tp": true}
{"event": "open_orders_fetched", "symbol": "0GUSDT", "count": 3}
{"event": "llm_monitor_raw", "symbol": "0GUSDT", "raw": {"action": "HOLD", "reasoning": "Current market conditions and signals align with the initial short strategy (1H均线空头排列, 放量下跌, 卖盘压制). The Stop Loss at 0.9359 (~2.2% above entry) and Final Take Profit at 0.88 (~3.9% below entry) are appropriately set per risk management rules. The Partial Take Profit limit order at 0.8979 (~2% below entry) is pending execution for the scalp size (16.0). No structural invalidation or profit-lock trigger exists yet. Unrealized PnL (-0.93%) is within acceptable risk tolerance.", "new_stop_loss": null, "new_take_profit": null, "partial_tp_price": null, "partial_tp_percent": null, "reduce_percent": null, "add_usdt": null}}
{"event": "market_data_fetched", "symbol": "0GUSDT", "duration_ms": 2652, "keys": ["funding_rate", "klines_15m", "klines_1h", "klines_1m", "oi_hist", "orderbook", "premium_index", "symbol"]}
{"event": "analysis_generated", "symbol": "0GUSDT", "duration_ms": 3, "score": 65, "direction_score": 0.5, "current_price": 0.9237}
{"event": "monitor_context", "symbol": "0GUSDT", "direction": "SHORT", "entry_price": 0.9159, "current_price": 0.9237, "qty": "32", "baseline_qty": "32", "core_qty": "16.0", "scalp_qty": "16.0", "profit_locked": false, "need_partial_tp": true}
{"event": "open_orders_fetched", "symbol": "0GUSDT", "count": 3}
{"event": "llm_monitor_raw", "symbol": "0GUSDT", "raw": {"action": "HOLD", "reasoning": "The current position has a Stop Loss and Final Take Profit in place as per the strategy. The Partial Take Profit is needed but already set. The market analysis shows mixed signals with a strong buy imbalance but the trend score is still above 40, indicating the short might still be valid. There is no immediate need to adjust orders as the market structure has not invalidated the trade and the Stop Loss is not missing or too risky.", "new_stop_loss": null, "new_take_profit": null, "partial_tp_price": null, "partial_tp_percent": null, "reduce_percent": null, "add_usdt": null}}
{"event": "market_data_fetched", "symbol": "0GUSDT", "duration_ms": 2731, "keys": ["funding_rate", "klines_15m", "klines_1h", "klines_1m", "oi_hist", "orderbook", "premium_index", "symbol"]}
{"event": "analysis_generated", "symbol": "0GUSDT", "duration_ms": 4, "score": 30, "direction_score": -1.5, "current_price": 0.9229}
{"event": "monitor_context", "symbol": "0GUSDT", "direction": "SHORT", "entry_price": 0.9159, "current_price": 0.9229, "qty": "32", "baseline_qty": "32", "core_qty": "16.0", "scalp_qty": "16.0", "profit_locked": false, "need_partial_tp": true}
{"event": "open_orders_fetched", "symbol": "0GUSDT", "count": 3}
{"event": "llm_monitor_raw", "symbol": "0GUSDT", "raw": {"action": "HOLD", "reasoning": "The current position aligns with the strategy guidelines. The Stop Loss is active at 0.9359, which is appropriately set above the entry price to limit risk. The Final Take Profit is set at 0.88, and a Partial Take Profit is needed at 0.8979 for the scalp size. The market analysis shows a trend score of 30, which is below the previous entry threshold of >40, but the signals (1H均线空头排列, negative funding rate, good liquidity) still support holding the position. There is no immediate need to adjust orders as the market structure has not invalidated the trade, and the Stop Loss is not missing or too risky.", "new_stop_loss": null, "new_take_profit": null, "partial_tp_price": null, "partial_tp_percent": null, "reduce_percent": null, "add_usdt": null}}
{"event": "market_data_fetched", "symbol": "0GUSDT", "duration_ms": 2662, "keys": ["funding_rate", "klines_15m", "klines_1h", "klines_1m", "oi_hist", "orderbook", "premium_index", "symbol"]}
{"event": "analysis_generated", "symbol": "0GUSDT", "duration_ms": 2, "score": 30, "direction_score": -1.5, "current_price": 0.9258}
{"event": "monitor_context", "symbol": "0GUSDT", "direction": "SHORT", "entry_price": 0.9159, "current_price": 0.9258, "qty": "32", "baseline_qty": "32", "core_qty": "16.0", "scalp_qty": "16.0", "profit_locked": false, "need_partial_tp": true}
{"event": "open_orders_fetched", "symbol": "0GUSDT", "count": 3}
{"event": "llm_monitor_raw", "symbol": "0GUSDT", "raw": {"action": "HOLD", "reasoning": "The current position aligns with the strategy guidelines. The Stop Loss is active at 0.9359, and the Final Take Profit is set at 0.88. The Partial Take Profit is also in place at 0.8979 for the scalp size. The market analysis shows a trend score of 30, which is below the previous entry threshold of >40, but the signals (1H均线空头排列, 波动率合格, 费率负值, 流动性良好) still support holding the position. There is no immediate need to adjust orders as the market structure has not invalidated the trade, and the Stop Loss is not missing or too risky. Profit Locked is false, so there is no requirement to lock in profits or adjust the Stop Loss to break-even.", "new_stop_loss": null, "new_take_profit": null, "partial_tp_price": null, "partial_tp_percent": null, "reduce_percent": null, "add_usdt": null}}
{"event": "market_data_fetched", "symbol": "0GUSDT", "duration_ms": 2659, "keys": ["funding_rate", "klines_15m", "klines_1h", "klines_1m", "oi_hist", "orderbook", "premium_index", "symbol"]}
{"event": "analysis_generated", "symbol": "0GUSDT", "duration_ms": 4, "score": 25, "direction_score": -1.5, "current_price": 0.9263}
{"event": "monitor_context", "symbol": "0GUSDT", "direction": "SHORT", "entry_price": 0.9159, "current_price": 0.9263, "qty": "32", "baseline_qty": "32", "core_qty": "16.0", "scalp_qty": "16.0", "profit_locked": false, "need_partial_tp": true}
{"event": "open_orders_fetched", "symbol": "0GUSDT", "count": 3}
{"event": "llm_monitor_raw", "symbol": "0GUSDT", "raw": {"action": "HOLD", "reasoning": "The current position aligns with the strategy guidelines. The Stop Loss is active at 0.9359, which is appropriately set above the entry price to limit risk. The Final Take Profit is set at 0.88, and a Partial Take Profit is needed at 0.8979 for the scalp size. The market analysis shows a trend score of 25, which is below the previous entry threshold of >40, but there is no immediate invalidation of the trade. The signals indicate a bearish alignment on the 1H timeframe, acceptable volatility, negative funding rate, and good liquidity. There is no smart suggestion to act, and the profit lock is not active, so no adjustments are required. The position should be held as per the stability guideline, avoiding changes for minor price fluctuations.", "new_stop_loss": null, "new_take_profit": null, "partial_tp_price": null, "partial_tp_percent": null, "reduce_percent": null, "add_usdt": null}}
{"event": "market_data_fetched", "symbol": "0GUSDT", "duration_ms": 2620, "keys": ["funding_rate", "klines_15m", "klines_1h", "klines_1m", "oi_hist", "orderbook", "premium_index", "symbol"]}
{"event": "analysis_generated", "symbol": "0GUSDT", "duration_ms": 2, "score": 40, "direction_score": -1.5, "current_price": 0.9224}
{"event": "monitor_context", "symbol": "0GUSDT", "direction": "SHORT", "entry_price": 0.9159, "current_price": 0.9224, "qty": "32", "baseline_qty": "32", "core_qty": "16.0", "scalp_qty": "16.0", "profit_locked": false, "need_partial_tp": true}
{"event": "open_orders_fetched", "symbol": "0GUSDT", "count": 3}
{"event": "llm_monitor_raw", "symbol": "0GUSDT", "raw": {"action": "HOLD", "reasoning": "The current position aligns with the strategy guidelines. The Stop Loss and Final Take Profit are active and appropriately set. The Partial Take Profit is needed but already in place. The market analysis does not indicate a need to close or adjust orders, and the Profit Locked status is False, so no additional actions are required.", "new_stop_loss": null, "new_take_profit": null, "partial_tp_price": null, "partial_tp_percent": null, "reduce_percent": null, "add_usdt": null}}
{"event": "market_data_fetched", "symbol": "0GUSDT", "duration_ms": 2677, "keys": ["funding_rate", "klines_15m", "klines_1h", "klines_1m", "oi_hist", "orderbook", "premium_index", "symbol"]}
{"event": "analysis_generated", "symbol": "0GUSDT", "duration_ms": 4, "score": 60, "direction_score": -0.5, "current_price": 0.9216}
{"event": "monitor_context", "symbol": "0GUSDT", "direction": "SHORT", "entry_price": 0.9159, "current_price": 0.9216, "qty": "32", "baseline_qty": "32", "core_qty": "16.0", "scalp_qty": "16.0", "profit_locked": false, "need_partial_tp": true}
{"event": "open_orders_fetched", "symbol": "0GUSDT", "count": 3}
{"event": "llm_monitor_raw", "symbol": "0GUSDT", "raw": {"action": "HOLD", "reasoning": "The current position aligns with the strategy guidelines. The Stop Loss is active at 0.9359, which is appropriately set above the entry price to limit risk. The Final Take Profit is set at 0.88, and a Partial Take Profit is needed at 0.8979 for the scalp size. The market analysis shows a trend score of 60, which supports maintaining the short position. There are no immediate signals to invalidate the trade or adjust orders. Profit Locked is false, so no additional actions are required.", "new_stop_loss": null, "new_take_profit": null, "partial_tp_price": null, "partial_tp_percent": null, "reduce_percent": null, "add_usdt": null}}
{"event": "market_data_fetched", "symbol": "0GUSDT", "duration_ms": 2641, "keys": ["funding_rate", "klines_15m", "klines_1h", "klines_1m", "oi_hist", "orderbook", "premium_index", "symbol"]}
{"event": "analysis_generated", "symbol": "0GUSDT", "duration_ms": 4, "score": 60, "direction_score": -2.5, "current_price": 0.9169}
{"event": "monitor_context", "symbol": "0GUSDT", "direction": "SHORT", "entry_price": 0.9159, "current_price": 0.9169, "qty": "32", "baseline_qty": "32", "core_qty": "16.0", "scalp_qty": "16.0", "profit_locked": false, "need_partial_tp": true}
{"event": "open_orders_fetched", "symbol": "0GUSDT", "count": 3}
{"event": "llm_monitor_raw", "symbol": "0GUSDT", "raw": {"action": "HOLD", "reasoning": "The current position aligns with the strategy guidelines. The Stop Loss is active at 0.9359, and the Final Take Profit is set at 0.88. The Partial Take Profit is also in place at 0.8979 for the scalp size. The market analysis shows a trend score of 60, which supports the short position, and there are no immediate signals to invalidate the trade. Profit Locked is false, so there is no need to adjust the Stop Loss for break-even. The position should be held as per the stability guideline, avoiding changes for minor price fluctuations.", "new_stop_loss": null, "new_take_profit": null, "partial_tp_price": null, "partial_tp_percent": null, "reduce_percent": null, "add_usdt": null}}
{"event": "market_data_fetched", "symbol": "0GUSDT", "duration_ms": 2659, "keys": ["funding_rate", "klines_15m", "klines_1h", "klines_1m", "oi_hist", "orderbook", "premium_index", "symbol"]}
{"event": "analysis_generated", "symbol": "0GUSDT", "duration_ms": 1, "score": 35, "direction_score": -0.5, "current_price": 0.9182}
{"event": "monitor_context", "symbol": "0GUSDT", "direction": "SHORT", "entry_price": 0.9159, "current_price": 0.9182, "qty": "32", "baseline_qty": "32", "core_qty": "16.0", "scalp_qty": "16.0", "profit_locked": false, "need_partial_tp": true}
{"event": "open_orders_fetched", "symbol": "0GUSDT", "count": 3}
{"event": "llm_monitor_raw", "symbol": "0GUSDT", "raw": {"action": "HOLD", "reasoning": "The current position aligns with the strategy guidelines. The Stop Loss is active at 0.9359, and the Final Take Profit is set at 0.88. The Partial Take Profit is needed but already set at 0.8979. The market analysis shows mixed signals with a Trend Score of 35 (below the entry threshold of 40), but other factors like negative funding rate and volatility are still favorable for holding. There is no immediate need to adjust orders as the market structure hasn't invalidated the trade, and the Stop Loss is not missing or too risky.", "new_stop_loss": null, "new_take_profit": null, "partial_tp_price": null, "partial_tp_percent": null, "reduce_percent": null, "add_usdt": null}}
{"event": "market_data_fetched", "symbol": "0GUSDT", "duration_ms": 3429, "keys": ["funding_rate", "klines_15m", "klines_1h", "klines_1m", "oi_hist", "orderbook", "premium_index", "symbol"]}
{"event": "analysis_generated", "symbol": "0GUSDT", "duration_ms": 4, "score": 55, "direction_score": -2.5, "current_price": 0.921}
{"event": "monitor_context", "symbol": "0GUSDT", "direction": "SHORT", "entry_price": 0.9159, "current_price": 0.921, "qty": "32", "baseline_qty": "32", "core_qty": "16.0", "scalp_qty": "16.0", "profit_locked": false, "need_partial_tp": true}
{"event": "open_orders_fetched", "symbol": "0GUSDT", "count": 3}
{"event": "llm_monitor_raw", "symbol": "0GUSDT", "raw": {"action": "HOLD", "reasoning": "Current market conditions and signals do not invalidate the trade. The Stop Loss is active and appropriately set at 0.9359 (2.18% above entry), and the Final Take Profit is set at 0.88 (3.92% below entry). The Partial Take Profit is needed and set at 0.8979 (1.96% below entry) for the scalp size. The trend score is 55, which still supports the short position, and other signals like negative funding rate and sell-side imbalance further justify holding. No immediate adjustment is required as per the stability guidelines.", "new_stop_loss": null, "new_take_profit": null, "partial_tp_price": null, "partial_tp_percent": null, "reduce_percent": null, "add_usdt": null}}
{"event": "market_data_fetched", "symbol": "0GUSDT", "duration_ms": 2736, "keys": ["funding_rate", "klines_15m", "klines_1h", "klines_1m", "oi_hist", "orderbook", "premium_index", "symbol"]}
{"event": "analysis_generated", "symbol": "0GUSDT", "duration_ms": 4, "score": 35, "direction_score": -2.5, "current_price": 0.9235}
{"event": "monitor_context", "symbol": "0GUSDT", "direction": "SHORT", "entry_price": 0.9159, "current_price": 0.9235, "qty": "32", "baseline_qty": "32", "core_qty": "16.0", "scalp_qty": "16.0", "profit_locked": false, "need_partial_tp": true}
{"event": "open_orders_fetched", "symbol": "0GUSDT", "count": 3}
{"event": "llm_monitor_raw", "symbol": "0GUSDT", "raw": {"action": "HOLD", "reasoning": "The current position aligns with the strategy guidelines. The Stop Loss is active at 0.9359 (2.18% above entry), and Final Take Profit is set at 0.88. The Partial Take Profit (Limit) is also configured at 0.8979 for the scalp size (16.0). Market analysis shows bearish signals (1H均线空头排列, negative funding, sell-side imbalance), but the Trend Score (35) is slightly below the entry threshold (>40), warranting caution but no immediate action. No profit is locked, and no structural invalidation is detected. Minor price fluctuations do not justify order adjustments.", "new_stop_loss": null, "new_take_profit": null, "partial_tp_price": null, "partial_tp_percent": null, "reduce_percent": null, "add_usdt": null}}
{"event": "market_data_fetched", "symbol": "0GUSDT", "duration_ms": 2627, "keys": ["funding_rate", "klines_15m", "klines_1h", "klines_1m", "oi_hist", "orderbook", "premium_index", "symbol"]}
{"event": "analysis_generated", "symbol": "0GUSDT", "duration_ms": 3, "score": 30, "direction_score": -1.5, "current_price": 0.9209}
{"event": "monitor_context", "symbol": "0GUSDT", "direction": "SHORT", "entry_price": 0.9159, "current_price": 0.9209, "qty": "32", "baseline_qty": "32", "core_qty": "16.0", "scalp_qty": "16.0", "profit_locked": false, "need_partial_tp": true}
{"event": "open_orders_fetched", "symbol": "0GUSDT", "count": 3}
{"event": "llm_monitor_raw", "symbol": "0GUSDT", "raw": {"action": "HOLD", "reasoning": "The current position aligns with the strategy guidelines. The Stop Loss is active at 0.9359, and the Final Take Profit is set at 0.88. The Partial Take Profit is also in place at 0.8979 for the scalp size. The market analysis shows a trend score of 30, which is below the previous entry threshold of >40, but there are no strong signals to invalidate the trade or adjust orders. The Profit Locked is false, so there's no need to tighten the Stop Loss. The position should be held as per the stability guideline, avoiding changes for minor price fluctuations.", "new_stop_loss": null, "new_take_profit": null, "partial_tp_price": null, "partial_tp_percent": null, "reduce_percent": null, "add_usdt": null}}
{"event": "market_data_fetched", "symbol": "0GUSDT", "duration_ms": 3071, "keys": ["funding_rate", "klines_15m", "klines_1h", "klines_1m", "oi_hist", "orderbook", "premium_index", "symbol"]}
{"event": "analysis_generated", "symbol": "0GUSDT", "duration_ms": 4, "score": 45, "direction_score": -2.5, "current_price": 0.9198}
{"event": "monitor_context", "symbol": "0GUSDT", "direction": "SHORT", "entry_price": 0.9159, "current_price": 0.9198, "qty": "32", "baseline_qty": "32", "core_qty": "16.0", "scalp_qty": "16.0", "profit_locked": false, "need_partial_tp": true}
{"event": "open_orders_fetched", "symbol": "0GUSDT", "count": 3}
{"event": "llm_monitor_raw", "symbol": "0GUSDT", "raw": {"action": "HOLD", "reasoning": "The current market conditions and position status do not warrant any immediate action. The Stop Loss is active at 0.9359, which is appropriately set above the entry price to limit risk. The Final Take Profit is also set at 0.88, aligning with the strategy. The Partial Take Profit is needed but already set at 0.8979. The Trend Score is 45, which is close to the previous entry threshold (>40), and the signals (1H均线空头排列, 波动率合格, 费率负值, 流动性良好, 卖盘压制) still support the short position. There is no indication to close, adjust, reduce, or add to the position at this time.", "new_stop_loss": null, "new_take_profit": null, "partial_tp_price": null, "partial_tp_percent": null, "reduce_percent": null, "add_usdt": null}}
{"event": "market_data_fetched", "symbol": "0GUSDT", "duration_ms": 2627, "keys": ["funding_rate", "klines_15m", "klines_1h", "klines_1m", "oi_hist", "orderbook", "premium_index", "symbol"]}
{"event": "analysis_generated", "symbol": "0GUSDT", "duration_ms": 5, "score": 45, "direction_score": -2.5, "current_price": 0.9207}
{"event": "monitor_context", "symbol": "0GUSDT", "direction": "SHORT", "entry_price": 0.9159, "current_price": 0.9207, "qty": "32", "baseline_qty": "32", "core_qty": "16.0", "scalp_qty": "16.0", "profit_locked": false, "need_partial_tp": true}
{"event": "open_orders_fetched", "symbol": "0GUSDT", "count": 3}
{"event": "llm_monitor_raw", "symbol": "0GUSDT", "raw": {"action": "HOLD", "reasoning": "The current position aligns with the strategy guidelines. The Stop Loss is active at 0.9359 (2.18% above entry), and the Final Take Profit is set at 0.88 (3.92% below entry). The Partial Take Profit for the scalp size (16.0) is also in place at 0.8979 (1.96% below entry). Market analysis shows mixed signals (Trend Score: 45), but no structural invalidation or urgent profit-locking need exists. The imbalance (-21%) and negative funding rate (-0.0570%) support maintaining the short. No adjustments are required unless conditions change.", "new_stop_loss": null, "new_take_profit": null, "partial_tp_price": null, "partial_tp_percent": null, "reduce_percent": null, "add_usdt": null}}
{"event": "market_data_fetched", "symbol": "0GUSDT", "duration_ms": 2609, "keys": ["funding_rate", "klines_15m", "klines_1h", "klines_1m", "oi_hist", "orderbook", "premium_index", "symbol"]}
{"event": "analysis_generated", "symbol": "0GUSDT", "duration_ms": 4, "score": 45, "direction_score": -2.5, "current_price": 0.9206}
{"event": "monitor_context", "symbol": "0GUSDT", "direction": "SHORT", "entry_price": 0.9159, "current_price": 0.9206, "qty": "32", "baseline_qty": "32", "core_qty": "16.0", "scalp_qty": "16.0", "profit_locked": false, "need_partial_tp": true}
{"event": "open_orders_fetched", "symbol": "0GUSDT", "count": 3}
{"event": "llm_monitor_raw", "symbol": "0GUSDT", "raw": {"action": "HOLD", "reasoning": "The current position aligns with the strategy guidelines. The Stop Loss and Final Take Profit are active and appropriately set. The Partial Take Profit is needed but already in place. The market analysis does not indicate a need to close or adjust the position, as the trend score is still below 50 and signals remain favorable for the short position. No profit is locked, so there's no need to adjust the Stop Loss to break-even. The position size is at the core size after partial TP, and there's no indication to add or reduce further at this time.", "new_stop_loss": null, "new_take_profit": null, "partial_tp_price": null, "partial_tp_percent": null, "reduce_percent": null, "add_usdt": null}}
{"event": "market_data_fetched", "symbol": "0GUSDT", "duration_ms": 2628, "keys": ["funding_rate", "klines_15m", "klines_1h", "klines_1m", "oi_hist", "orderbook", "premium_index", "symbol"]}
{"event": "analysis_generated", "symbol": "0GUSDT", "duration_ms": 3, "score": 45, "direction_score": -2.5, "current_price": 0.9243}
{"event": "monitor_context", "symbol": "0GUSDT", "direction": "SHORT", "entry_price": 0.9159, "current_price": 0.9243, "qty": "32", "baseline_qty": "32", "core_qty": "16.0", "scalp_qty": "16.0", "profit_locked": false, "need_partial_tp": true}
{"event": "open_orders_fetched", "symbol": "0GUSDT", "count": 3}
{"event": "llm_monitor_raw", "symbol": "0GUSDT", "raw": {"action": "HOLD", "reasoning": "The current position has a Stop Loss and Final Take Profit in place as per the strategy. The Partial Take Profit is needed but already set. The market analysis does not indicate a need to close or adjust orders, and the trend score is still below the threshold that would invalidate the trade. The position is not in profit, so profit lock rules do not apply. Therefore, the best action is to hold the current position and orders.", "new_stop_loss": null, "new_take_profit": null, "partial_tp_price": null, "partial_tp_percent": null, "reduce_percent": null, "add_usdt": null}}
{"event": "market_data_fetched", "symbol": "0GUSDT", "duration_ms": 3082, "keys": ["funding_rate", "klines_15m", "klines_1h", "klines_1m", "oi_hist", "orderbook", "premium_index", "symbol"]}
{"event": "analysis_generated", "symbol": "0GUSDT", "duration_ms": 4, "score": 65, "direction_score": 0.5, "current_price": 0.9244}
{"event": "monitor_context", "symbol": "0GUSDT", "direction": "SHORT", "entry_price": 0.9159, "current_price": 0.9244, "qty": "32", "baseline_qty": "32", "core_qty": "16.0", "scalp_qty": "16.0", "profit_locked": false, "need_partial_tp": true}
{"event": "open_orders_fetched", "symbol": "0GUSDT", "count": 3}
{"event": "llm_monitor_raw", "symbol": "0GUSDT", "raw": {"action": "HOLD", "reasoning": "The current position has a Stop Loss and Final Take Profit in place as per the strategy. The market analysis shows mixed signals with a Trend Score of 65, which is above the threshold for maintaining the position. There is no immediate need to adjust orders as the market structure has not invalidated the trade, and the Stop Loss is not missing or too risky. The Partial Take Profit is already set and needed, so no further action is required at this time.", "new_stop_loss": null, "new_take_profit": null, "partial_tp_price": null, "partial_tp_percent": null, "reduce_percent": null, "add_usdt": null}}
{"event": "market_data_fetched", "symbol": "0GUSDT", "duration_ms": 2696, "keys": ["funding_rate", "klines_15m", "klines_1h", "klines_1m", "oi_hist", "orderbook", "premium_index", "symbol"]}
{"event": "analysis_generated", "symbol": "0GUSDT", "duration_ms": 3, "score": 60, "direction_score": -0.5, "current_price": 0.9231}
{"event": "monitor_context", "symbol": "0GUSDT", "direction": "SHORT", "entry_price": 0.9159, "current_price": 0.9231, "qty": "32", "baseline_qty": "32", "core_qty": "16.0", "scalp_qty": "16.0", "profit_locked": false, "need_partial_tp": true}
{"event": "open_orders_fetched", "symbol": "0GUSDT", "count": 3}
{"event": "llm_monitor_raw", "symbol": "0GUSDT", "raw": {"action": "HOLD", "reasoning": "Current market conditions and signals do not invalidate the trade setup. The Stop Loss is active and appropriately placed at 0.9359 (2.18% above entry), adhering to risk management rules. The Partial Take Profit (0.8979) and Final Take Profit (0.88) are also correctly set per strategy guidelines. No profit is locked yet, and the trend score (60) still supports the short bias. Market signals (1H均线空头排列, negative funding, liquidity) remain favorable despite current unrealized loss (-0.84%). No structural invalidation or Smart Suggestion triggers an adjustment.", "new_stop_loss": null, "new_take_profit": null, "partial_tp_price": null, "partial_tp_percent": null, "reduce_percent": null, "add_usdt": null}}
{"event": "market_data_fetched", "symbol": "0GUSDT", "duration_ms": 2849, "keys": ["funding_rate", "klines_15m", "klines_1h", "klines_1m", "oi_hist", "orderbook", "premium_index", "symbol"]}
{"event": "analysis_generated", "symbol": "0GUSDT", "duration_ms": 1, "score": 45, "direction_score": -0.5, "current_price": 0.9258}
{"event": "monitor_context", "symbol": "0GUSDT", "direction": "SHORT", "entry_price": 0.9159, "current_price": 0.9258, "qty": "32", "baseline_qty": "32", "core_qty": "16.0", "scalp_qty": "16.0", "profit_locked": false, "need_partial_tp": true}
{"event": "open_orders_fetched", "symbol": "0GUSDT", "count": 3}
{"event": "llm_monitor_raw", "symbol": "0GUSDT", "raw": {"action": "HOLD", "reasoning": "The current position aligns with the strategy guidelines. The Stop Loss is active at 0.9359, which is appropriately set above the entry price to limit risk. The Final Take Profit is set at 0.88, and a Partial Take Profit is needed at 0.8979 for the scalp size. The market analysis shows mixed signals with a Trend Score of 45, negative funding rate, and strong buy-side imbalance, but no clear invalidation of the trade. Since Profit Locked is false and there are no immediate signals to adjust orders or close the position, holding is the prudent action.", "new_stop_loss": null, "new_take_profit": null, "partial_tp_price": null, "partial_tp_percent": null, "reduce_percent": null, "add_usdt": null}}
{"event": "market_data_fetched", "symbol": "0GUSDT", "duration_ms": 2639, "keys": ["funding_rate", "klines_15m", "klines_1h", "klines_1m", "oi_hist", "orderbook", "premium_index", "symbol"]}
{"event": "analysis_generated", "symbol": "0GUSDT", "duration_ms": 3, "score": 40, "direction_score": -1.5, "current_price": 0.924}
{"event": "monitor_context", "symbol": "0GUSDT", "direction": "SHORT", "entry_price": 0.9159, "current_price": 0.924, "qty": "32", "baseline_qty": "32", "core_qty": "16.0", "scalp_qty": "16.0", "profit_locked": false, "need_partial_tp": true}
{"event": "open_orders_fetched", "symbol": "0GUSDT", "count": 3}
{"event": "llm_monitor_raw", "symbol": "0GUSDT", "raw": {"action": "HOLD", "reasoning": "The current position aligns with the strategy guidelines. The Stop Loss is active at 0.9359 (2.18% above entry), and the Final Take Profit is set at 0.88 (3.92% below entry). The Partial Take Profit is needed but already configured at 0.8979 (1.96% below entry). The Trend Score (40) still supports the short bias, and no structural invalidation or profit-lock trigger exists. Market signals (1H均线空头排列, negative funding, volatility) remain favorable. No adjustment is required unless conditions change.", "new_stop_loss": null, "new_take_profit": null, "partial_tp_price": null, "partial_tp_percent": null, "reduce_percent": null, "add_usdt": null}}
{"event": "market_data_fetched", "symbol": "0GUSDT", "duration_ms": 2642, "keys": ["funding_rate", "klines_15m", "klines_1h", "klines_1m", "oi_hist", "orderbook", "premium_index", "symbol"]}
{"event": "analysis_generated", "symbol": "0GUSDT", "duration_ms": 4, "score": 45, "direction_score": -0.5, "current_price": 0.9269}
{"event": "monitor_context", "symbol": "0GUSDT", "direction": "SHORT", "entry_price": 0.9159, "current_price": 0.9269, "qty": "32", "baseline_qty": "32", "core_qty": "16.0", "scalp_qty": "16.0", "profit_locked": false, "need_partial_tp": true}
{"event": "open_orders_fetched", "symbol": "0GUSDT", "count": 3}
{"event": "llm_monitor_raw", "symbol": "0GUSDT", "raw": {"action": "HOLD", "reasoning": "Current market conditions do not invalidate the trade setup (Trend Score 45 still neutral-bearish, negative funding, and acceptable volatility). The existing Stop Loss at 0.9359 (2.18% above entry) is active and adheres to risk management rules. Partial Take Profit at 0.8979 is already set for the scalp size (16.0), and Final Take Profit at 0.88 remains valid. No profit locking has been triggered yet (-1.20% unrealized PnL), and the buy-side imbalance (+31%) does not yet structurally threaten the short thesis. Orders should remain unchanged per stability guidelines.", "new_stop_loss": null, "new_take_profit": null, "partial_tp_price": null, "partial_tp_percent": null, "reduce_percent": null, "add_usdt": null}}
{"event": "market_data_fetched", "symbol": "0GUSDT", "duration_ms": 2662, "keys": ["funding_rate", "klines_15m", "klines_1h", "klines_1m", "oi_hist", "orderbook", "premium_index", "symbol"]}
{"event": "analysis_generated", "symbol": "0GUSDT", "duration_ms": 4, "score": 65, "direction_score": -0.5, "current_price": 0.9273}
{"event": "monitor_context", "symbol": "0GUSDT", "direction": "SHORT", "entry_price": 0.9159, "current_price": 0.9273, "qty": "32", "baseline_qty": "32", "core_qty": "16.0", "scalp_qty": "16.0", "profit_locked": false, "need_partial_tp": true}
{"event": "open_orders_fetched", "symbol": "0GUSDT", "count": 3}
{"event": "llm_monitor_raw", "symbol": "0GUSDT", "raw": {"action": "HOLD", "reasoning": "The current position aligns with the strategy guidelines. The Stop Loss is active at 0.9359, and the Final Take Profit is set at 0.88. The Partial Take Profit is also in place at 0.8979 for the scalp size. The market analysis shows a trend score of 65, which supports the short position, and there are no immediate signals to invalidate the trade. Profit Locked is false, so there is no need to adjust the Stop Loss for break-even. The current orders are sufficient to manage risk and potential profits.", "new_stop_loss": null, "new_take_profit": null, "partial_tp_price": null, "partial_tp_percent": null, "reduce_percent": null, "add_usdt": null}}
{"event": "market_data_fetched", "symbol": "0GUSDT", "duration_ms": 2647, "keys": ["funding_rate", "klines_15m", "klines_1h", "klines_1m", "oi_hist", "orderbook", "premium_index", "symbol"]}
{"event": "analysis_generated", "symbol": "0GUSDT", "duration_ms": 4, "score": 75, "direction_score": -1.0, "current_price": 0.9297}
{"event": "monitor_context", "symbol": "0GUSDT", "direction": "SHORT", "entry_price": 0.9159, "current_price": 0.9297, "qty": "32", "baseline_qty": "32", "core_qty": "16.0", "scalp_qty": "16.0", "profit_locked": false, "need_partial_tp": true}
{"event": "open_orders_fetched", "symbol": "0GUSDT", "count": 3}
{"event": "llm_monitor_raw", "symbol": "0GUSDT", "raw": {"action": "HOLD", "reasoning": "The current position aligns with the strategy guidelines. The Stop Loss is active at 0.9359, which is above the entry price, ensuring risk management. The Final Take Profit is set at 0.88, and a Partial Take Profit is needed but already accounted for. The market analysis shows a strong trend score (75) and signals supporting the short position, despite the current unrealized loss. There is no immediate need to adjust orders as the market structure hasn't invalidated the trade, and the Stop Loss is not missing or too risky.", "new_stop_loss": null, "new_take_profit": null, "partial_tp_price": null, "partial_tp_percent": null, "reduce_percent": null, "add_usdt": null}}
{"event": "market_data_fetched", "symbol": "0GUSDT", "duration_ms": 2665, "keys": ["funding_rate", "klines_15m", "klines_1h", "klines_1m", "oi_hist", "orderbook", "premium_index", "symbol"]}
{"event": "analysis_generated", "symbol": "0GUSDT", "duration_ms": 5, "score": 60, "direction_score": -2.5, "current_price": 0.925}
{"event": "monitor_context", "symbol": "0GUSDT", "direction": "SHORT", "entry_price": 0.9159, "current_price": 0.925, "qty": "32", "baseline_qty": "32", "core_qty": "16.0", "scalp_qty": "16.0", "profit_locked": false, "need_partial_tp": true}
{"event": "open_orders_fetched", "symbol": "0GUSDT", "count": 3}
{"event": "llm_monitor_raw", "symbol": "0GUSDT", "raw": {"action": "HOLD", "reasoning": "The current position aligns with the strategy guidelines. The Stop Loss is active at 0.9359 (2.18% above entry), and the Final Take Profit is set at 0.88 (3.92% below entry). The Partial Take Profit is needed but already configured at 0.8979 for the scalp size (16.0). Market signals (1H均线空头排列, 波动率合格, 放量下跌, 费率负值) still support the short, and the Trend Score (60) remains favorable (>40). No structural invalidation or profit-lock condition exists to warrant adjustment. Minor price fluctuations do not justify order changes per STABILITY rules.", "new_stop_loss": null, "new_take_profit": null, "partial_tp_price": null, "partial_tp_percent": null, "reduce_percent": null, "add_usdt": null}}
{"event": "market_data_fetched", "symbol": "0GUSDT", "duration_ms": 2637, "keys": ["funding_rate", "klines_15m", "klines_1h", "klines_1m", "oi_hist", "orderbook", "premium_index", "symbol"]}
{"event": "analysis_generated", "symbol": "0GUSDT", "duration_ms": 5, "score": 30, "direction_score": -1.5, "current_price": 0.9283}
{"event": "monitor_context", "symbol": "0GUSDT", "direction": "SHORT", "entry_price": 0.9159, "current_price": 0.9283, "qty": "32", "baseline_qty": "32", "core_qty": "16.0", "scalp_qty": "16.0", "profit_locked": false, "need_partial_tp": true}
{"event": "open_orders_fetched", "symbol": "0GUSDT", "count": 3}
{"event": "llm_monitor_raw", "symbol": "0GUSDT", "raw": {"action": "HOLD", "reasoning": "The current position has a Stop Loss in place at 0.9359, which is above the entry price of 0.9159, ensuring risk management. The Final Take Profit is set at 0.88, and a Partial Take Profit is needed at 0.8979 for the scalp size. The market analysis shows a Trend Score of 30, which is below the previous entry threshold of >40, but the signals (1H均线空头排列, 波动率合格, 费率负值, 流动性良好) and imbalance (-0.059122930813099356) do not invalidate the trade. The Smart Suggestions indicate no action is needed. Therefore, the best course of action is to HOLD and monitor the position.", "new_stop_loss": null, "new_take_profit": null, "partial_tp_price": null, "partial_tp_percent": null, "reduce_percent": null, "add_usdt": null}}
{"event": "market_data_fetched", "symbol": "0GUSDT", "duration_ms": 2642, "keys": ["funding_rate", "klines_15m", "klines_1h", "klines_1m", "oi_hist", "orderbook", "premium_index", "symbol"]}
{"event": "analysis_generated", "symbol": "0GUSDT", "duration_ms": 4, "score": 60, "direction_score": -3.0, "current_price": 0.9305}
{"event": "monitor_context", "symbol": "0GUSDT", "direction": "SHORT", "entry_price": 0.9159, "current_price": 0.9305, "qty": "32", "baseline_qty": "32", "core_qty": "16.0", "scalp_qty": "16.0", "profit_locked": false, "need_partial_tp": true}
{"event": "open_orders_fetched", "symbol": "0GUSDT", "count": 3}
{"event": "llm_monitor_raw", "symbol": "0GUSDT", "raw": {"action": "HOLD", "reasoning": "The current position aligns with the strategy guidelines. The Stop Loss is active at 0.9359, which is above the entry price, ensuring risk management. The Final Take Profit is set at 0.88, and a Partial Take Profit is needed at 0.8979 for the scalp size. The market analysis shows a trend score of 60, indicating the short position is still valid. There are no immediate signals to adjust orders or close the position. The Profit Locked is false, so there's no need to tighten the Stop Loss. The market structure has not invalidated the trade, and the Stop Loss is not missing or too risky.", "new_stop_loss": null, "new_take_profit": null, "partial_tp_price": null, "partial_tp_percent": null, "reduce_percent": null, "add_usdt": null}}
{"event": "market_data_fetched", "symbol": "0GUSDT", "duration_ms": 2645, "keys": ["funding_rate", "klines_15m", "klines_1h", "klines_1m", "oi_hist", "orderbook", "premium_index", "symbol"]}
{"event": "analysis_generated", "symbol": "0GUSDT", "duration_ms": 2, "score": 60, "direction_score": -0.5, "current_price": 0.9283}
{"event": "monitor_context", "symbol": "0GUSDT", "direction": "SHORT", "entry_price": 0.9159, "current_price": 0.9283, "qty": "32", "baseline_qty": "32", "core_qty": "16.0", "scalp_qty": "16.0", "profit_locked": false, "need_partial_tp": true}
{"event": "open_orders_fetched", "symbol": "0GUSDT", "count": 3}
{"event": "llm_monitor_raw", "symbol": "0GUSDT", "raw": {"action": "HOLD", "reasoning": "The current position has a Stop Loss active at 0.9359, which is above the entry price of 0.9159, ensuring risk management. The Final Take Profit is set at 0.88, and a Partial Take Profit is needed but not yet placed. The market analysis shows a Trend Score of 60, indicating the trend is still favorable for the short position. The signals include bearish alignment on the 1H moving averages, acceptable volatility, negative funding rate, good liquidity, and strong buy-side imbalance. However, the imbalance is not significant enough to invalidate the trade. Since there is no immediate need to adjust orders based on the guidelines and the Smart Suggestions recommend no action, the best course is to HOLD the position and monitor for any changes in market structure or signals that would warrant an adjustment.", "new_stop_loss": null, "new_take_profit": null, "partial_tp_price": null, "partial_tp_percent": null, "reduce_percent": null, "add_usdt": null}}
{"event": "market_data_fetched", "symbol": "0GUSDT", "duration_ms": 2716, "keys": ["funding_rate", "klines_15m", "klines_1h", "klines_1m", "oi_hist", "orderbook", "premium_index", "symbol"]}
{"event": "analysis_generated", "symbol": "0GUSDT", "duration_ms": 4, "score": 60, "direction_score": -2.5, "current_price": 0.9261}
{"event": "monitor_context", "symbol": "0GUSDT", "direction": "SHORT", "entry_price": 0.9159, "current_price": 0.9261, "qty": "32", "baseline_qty": "32", "core_qty": "16.0", "scalp_qty": "16.0", "profit_locked": false, "need_partial_tp": true}
{"event": "open_orders_fetched", "symbol": "0GUSDT", "count": 3}
{"event": "llm_monitor_raw", "symbol": "0GUSDT", "raw": {"action": "HOLD", "reasoning": "The current position aligns with the strategy guidelines. The Stop Loss is active at 0.9359, and the Final Take Profit is set at 0.88. The Partial Take Profit is also in place at 0.8979 for the scalp size. The market analysis shows a trend score of 60, which supports the short position, and there are no immediate signals to invalidate the trade. Since Profit Locked is false and there are no Smart Suggestions indicating a need to adjust, the best course of action is to hold the position and monitor.", "new_stop_loss": null, "new_take_profit": null, "partial_tp_price": null, "partial_tp_percent": null, "reduce_percent": null, "add_usdt": null}}
{"event": "market_data_fetched", "symbol": "0GUSDT", "duration_ms": 2656, "keys": ["funding_rate", "klines_15m", "klines_1h", "klines_1m", "oi_hist", "orderbook", "premium_index", "symbol"]}
{"event": "analysis_generated", "symbol": "0GUSDT", "duration_ms": 5, "score": 30, "direction_score": -1.5, "current_price": 0.9251}
{"event": "monitor_context", "symbol": "0GUSDT", "direction": "SHORT", "entry_price": 0.9159, "current_price": 0.9251, "qty": "32", "baseline_qty": "32", "core_qty": "16.0", "scalp_qty": "16.0", "profit_locked": false, "need_partial_tp": true}
{"event": "open_orders_fetched", "symbol": "0GUSDT", "count": 3}
{"event": "llm_monitor_raw", "symbol": "0GUSDT", "raw": {"action": "HOLD", "reasoning": "The current position aligns with the strategy guidelines. The Stop Loss is active at 0.9359, which is appropriately set above the entry price to limit risk. The Final Take Profit is set at 0.88, and a Partial Take Profit is needed but not yet triggered. The market analysis shows a trend score of 30, which is below the previous entry threshold of >40, but the signals (1H均线空头排列, negative funding rate, good liquidity) still support holding the position. There is no immediate need to adjust orders as the market structure has not invalidated the trade, and the Stop Loss is not missing or too risky.", "new_stop_loss": null, "new_take_profit": null, "partial_tp_price": null, "partial_tp_percent": null, "reduce_percent": null, "add_usdt": null}}
{"event": "market_data_fetched", "symbol": "0GUSDT", "duration_ms": 2644, "keys": ["funding_rate", "klines_15m", "klines_1h", "klines_1m", "oi_hist", "orderbook", "premium_index", "symbol"]}
{"event": "analysis_generated", "symbol": "0GUSDT", "duration_ms": 4, "score": 80, "direction_score": -1.5, "current_price": 0.9236}
{"event": "monitor_context", "symbol": "0GUSDT", "direction": "SHORT", "entry_price": 0.9159, "current_price": 0.9236, "qty": "32", "baseline_qty": "32", "core_qty": "16.0", "scalp_qty": "16.0", "profit_locked": false, "need_partial_tp": true}
{"event": "open_orders_fetched", "symbol": "0GUSDT", "count": 3}
{"event": "llm_monitor_raw", "symbol": "0GUSDT", "raw": {"action": "HOLD", "reasoning": "The current position aligns with the strategy guidelines. The Stop Loss is active at 0.9359, which is appropriately set above the entry price to limit risk. The Final Take Profit is set at 0.88, and a Partial Take Profit is needed at 0.8979 for the scalp size. The market analysis shows a strong trend score (80) and signals supporting the short position (1H均线空头排列, 放量下跌, etc.). There is no immediate need to adjust orders as the market structure has not invalidated the trade, and the Stop Loss is not missing or too risky. Profit Locked is false, so there is no requirement to lock in profits or adjust the Stop Loss to break-even. The suggestion is to hold the position and let the orders execute as planned.", "new_stop_loss": null, "new_take_profit": null, "partial_tp_price": null, "partial_tp_percent": null, "reduce_percent": null, "add_usdt": null}}
{"event": "market_data_fetched", "symbol": "0GUSDT", "duration_ms": 3091, "keys": ["funding_rate", "klines_15m", "klines_1h", "klines_1m", "oi_hist", "orderbook", "premium_index", "symbol"]}
{"event": "analysis_generated", "symbol": "0GUSDT", "duration_ms": 4, "score": 60, "direction_score": -3, "current_price": 0.9239}
{"event": "monitor_context", "symbol": "0GUSDT", "direction": "SHORT", "entry_price": 0.9159, "current_price": 0.9239, "qty": "32", "baseline_qty": "32", "core_qty": "16.0", "scalp_qty": "16.0", "profit_locked": false, "need_partial_tp": true}
{"event": "open_orders_fetched", "symbol": "0GUSDT", "count": 3}
{"event": "llm_monitor_raw", "symbol": "0GUSDT", "raw": {"action": "HOLD", "reasoning": "The current position aligns with the strategy guidelines. The Stop Loss and Final Take Profit are active, and a Partial Take Profit is needed but already set. The market analysis does not indicate a need to close or adjust orders, as the trend score remains favorable (60) and signals support the short position (1H均线空头排列, 卖盘压制). No profit is locked, so no adjustments are required for profit protection. The position should be held until either the Stop Loss, Final Take Profit, or Partial Take Profit is triggered.", "new_stop_loss": null, "new_take_profit": null, "partial_tp_price": null, "partial_tp_percent": null, "reduce_percent": null, "add_usdt": null}}
{"event": "market_data_fetched", "symbol": "0GUSDT", "duration_ms": 2643, "keys": ["funding_rate", "klines_15m", "klines_1h", "klines_1m", "oi_hist", "orderbook", "premium_index", "symbol"]}
{"event": "analysis_generated", "symbol": "0GUSDT", "duration_ms": 4, "score": 25, "direction_score": -2, "current_price": 0.9206}
{"event": "monitor_context", "symbol": "0GUSDT", "direction": "SHORT", "entry_price": 0.9159, "current_price": 0.9206, "qty": "32", "baseline_qty": "32", "core_qty": "16.0", "scalp_qty": "16.0", "profit_locked": false, "need_partial_tp": true}
{"event": "open_orders_fetched", "symbol": "0GUSDT", "count": 3}
{"event": "llm_monitor_raw", "symbol": "0GUSDT", "raw": {"action": "HOLD", "reasoning": "The current position aligns with the strategy guidelines. The Stop Loss is active at 0.9359, which is appropriately set above the entry price to limit risk. The Final Take Profit is set at 0.88, and a Partial Take Profit is needed at 0.8979 for the scalp size. The market analysis shows a trend score of 25, which is below the previous entry threshold of >40, but there are no invalidating signals (1H均线空头排列, 波动率合格, 流动性良好). Since Profit Locked is false and there are no immediate market structure invalidations, the best action is to hold the position and monitor for any changes.", "new_stop_loss": null, "new_take_profit": null, "partial_tp_price": null, "partial_tp_percent": null, "reduce_percent": null, "add_usdt": null}}
{"event": "market_data_fetched", "symbol": "0GUSDT", "duration_ms": 2693, "keys": ["funding_rate", "klines_15m", "klines_1h", "klines_1m", "oi_hist", "orderbook", "premium_index", "symbol"]}
{"event": "analysis_generated", "symbol": "0GUSDT", "duration_ms": 3, "score": 55, "direction_score": -3, "current_price": 0.9191}
{"event": "monitor_context", "symbol": "0GUSDT", "direction": "SHORT", "entry_price": 0.9159, "current_price": 0.9191, "qty": "32", "baseline_qty": "32", "core_qty": "16.0", "scalp_qty": "16.0", "profit_locked": false, "need_partial_tp": true}
{"event": "open_orders_fetched", "symbol": "0GUSDT", "count": 3}
{"event": "llm_monitor_raw", "symbol": "0GUSDT", "raw": {"action": "HOLD", "reasoning": "The current position aligns with the strategy guidelines. The Stop Loss is active at 0.9359 (2.18% above entry), and the Final Take Profit is set at 0.88 (3.92% below entry). The Partial Take Profit is needed but already configured at 0.8979 (1.97% below entry) for the scalp size (16.0). The market analysis shows mixed signals (Trend Score: 55, bearish 1H MA alignment, -27% sell-side imbalance), but no structural invalidation or urgent profit-lock trigger exists. No adjustments are required unless conditions change.", "new_stop_loss": null, "new_take_profit": null, "partial_tp_price": null, "partial_tp_percent": null, "reduce_percent": null, "add_usdt": null}}
{"event": "market_data_fetched", "symbol": "0GUSDT", "duration_ms": 2684, "keys": ["funding_rate", "klines_15m", "klines_1h", "klines_1m", "oi_hist", "orderbook", "premium_index", "symbol"]}
{"event": "analysis_generated", "symbol": "0GUSDT", "duration_ms": 5, "score": 35, "direction_score": -2, "current_price": 0.9175}
{"event": "monitor_context", "symbol": "0GUSDT", "direction": "SHORT", "entry_price": 0.9159, "current_price": 0.9175, "qty": "32", "baseline_qty": "32", "core_qty": "16.0", "scalp_qty": "16.0", "profit_locked": false, "need_partial_tp": true}
{"event": "open_orders_fetched", "symbol": "0GUSDT", "count": 3}
{"event": "llm_monitor_raw", "symbol": "0GUSDT", "raw": {"action": "HOLD", "reasoning": "The current position aligns with the strategy guidelines. The Stop Loss is active at 0.9359, and the Final Take Profit is set at 0.88. The Partial Take Profit is also in place at 0.8979 for the scalp size. The market analysis shows a trend score of 35, which is below the previous entry threshold of >40, but there are no strong signals to invalidate the trade. The unrealized PnL is minimal (-0.13%), and there is no need to adjust orders for minor price fluctuations. The Profit Locked is false, so there is no requirement to tighten the Stop Loss. Therefore, the best action is to HOLD and monitor the market.", "new_stop_loss": null, "new_take_profit": null, "partial_tp_price": null, "partial_tp_percent": null, "reduce_percent": null, "add_usdt": null}}
{"event": "market_data_fetched", "symbol": "0GUSDT", "duration_ms": 2648, "keys": ["funding_rate", "klines_15m", "klines_1h", "klines_1m", "oi_hist", "orderbook", "premium_index", "symbol"]}
{"event": "analysis_generated", "symbol": "0GUSDT", "duration_ms": 4, "score": 40, "direction_score": -1, "current_price": 0.9177}
{"event": "monitor_context", "symbol": "0GUSDT", "direction": "SHORT", "entry_price": 0.9159, "current_price": 0.9177, "qty": "32", "baseline_qty": "32", "core_qty": "16.0", "scalp_qty": "16.0", "profit_locked": false, "need_partial_tp": true}
{"event": "open_orders_fetched", "symbol": "0GUSDT", "count": 3}
{"event": "market_data_fetched", "symbol": "0GUSDT", "duration_ms": 2871, "keys": ["funding_rate", "klines_15m", "klines_1h", "klines_1m", "oi_hist", "orderbook", "premium_index", "symbol"]}
{"event": "analysis_generated", "symbol": "0GUSDT", "duration_ms": 3, "score": 55, "direction_score": -1, "current_price": 0.9173}
{"event": "monitor_context", "symbol": "0GUSDT", "direction": "SHORT", "entry_price": 0.9159, "current_price": 0.9173, "qty": "32", "baseline_qty": "32", "core_qty": "16.0", "scalp_qty": "16.0", "profit_locked": false, "need_partial_tp": true}
{"event": "open_orders_fetched", "symbol": "0GUSDT", "count": 3}
{"event": "llm_monitor_raw", "symbol": "0GUSDT", "raw": {"action": "HOLD", "reasoning": "The current position aligns with the strategy guidelines. The Stop Loss and Final Take Profit are active and appropriately set. The Partial Take Profit is needed but already configured. The market analysis does not indicate a need to adjust orders or close the position, as the trend score remains above 40 and there are no structural invalidations. Profit Locked is false, so no additional actions are required.", "new_stop_loss": null, "new_take_profit": null, "partial_tp_price": null, "partial_tp_percent": null, "reduce_percent": null, "add_usdt": null}}
{"event": "market_data_fetched", "symbol": "0GUSDT", "duration_ms": 2654, "keys": ["funding_rate", "klines_15m", "klines_1h", "klines_1m", "oi_hist", "orderbook", "premium_index", "symbol"]}
{"event": "analysis_generated", "symbol": "0GUSDT", "duration_ms": 2, "score": 55, "direction_score": -1, "current_price": 0.9151}
{"event": "monitor_context", "symbol": "0GUSDT", "direction": "SHORT", "entry_price": 0.9159, "current_price": 0.9151, "qty": "32", "baseline_qty": "32", "core_qty": "16.0", "scalp_qty": "16.0", "profit_locked": false, "need_partial_tp": true}
{"event": "open_orders_fetched", "symbol": "0GUSDT", "count": 3}
{"event": "llm_monitor_raw", "symbol": "0GUSDT", "raw": {"action": "HOLD", "reasoning": "The current position is in line with the strategy guidelines. The Stop Loss and Final Take Profit are active, and the Partial Take Profit is needed but not yet triggered. The market analysis does not indicate any immediate need to adjust orders or close the position. The trend score is above 40, and the signals support maintaining the current position. No profit is locked, so there is no need to adjust the Stop Loss to break-even. The position size is at the baseline, and there is no indication to add or reduce the position at this time.", "new_stop_loss": null, "new_take_profit": null, "partial_tp_price": null, "partial_tp_percent": null, "reduce_percent": null, "add_usdt": null}}
{"event": "market_data_fetched", "symbol": "0GUSDT", "duration_ms": 3527, "keys": ["funding_rate", "klines_15m", "klines_1h", "klines_1m", "oi_hist", "orderbook", "premium_index", "symbol"]}
{"event": "analysis_generated", "symbol": "0GUSDT", "duration_ms": 4, "score": 45, "direction_score": -3, "current_price": 0.912}
{"event": "monitor_context", "symbol": "0GUSDT", "direction": "SHORT", "entry_price": 0.9159, "current_price": 0.912, "qty": "32", "baseline_qty": "32", "core_qty": "16.0", "scalp_qty": "16.0", "profit_locked": false, "need_partial_tp": true}
{"event": "open_orders_fetched", "symbol": "0GUSDT", "count": 3}
{"event": "llm_monitor_raw", "symbol": "0GUSDT", "raw": {"action": "HOLD", "reasoning": "The current position aligns with the strategy guidelines. The Stop Loss and Final Take Profit are active and appropriately set. The Partial Take Profit is needed and set correctly. The market analysis does not indicate a need to adjust orders or close the position. The trend score is still below 50, and the signals support maintaining the short position. No profit locking is active, and the position size is within the baseline. Therefore, holding is the optimal action.", "new_stop_loss": null, "new_take_profit": null, "partial_tp_price": null, "partial_tp_percent": null, "reduce_percent": null, "add_usdt": null}}
{"event": "market_data_fetched", "symbol": "0GUSDT", "duration_ms": 2654, "keys": ["funding_rate", "klines_15m", "klines_1h", "klines_1m", "oi_hist", "orderbook", "premium_index", "symbol"]}
{"event": "analysis_generated", "symbol": "0GUSDT", "duration_ms": 3, "score": 40, "direction_score": -2, "current_price": 0.9144}
{"event": "monitor_context", "symbol": "0GUSDT", "direction": "SHORT", "entry_price": 0.9159, "current_price": 0.9144, "qty": "32", "baseline_qty": "32", "core_qty": "16.0", "scalp_qty": "16.0", "profit_locked": false, "need_partial_tp": true}
{"event": "open_orders_fetched", "symbol": "0GUSDT", "count": 3}
{"event": "llm_monitor_raw", "symbol": "0GUSDT", "raw": {"action": "HOLD", "reasoning": "The current position aligns with the strategy guidelines. The Stop Loss and Final Take Profit are active and appropriately set. The Partial Take Profit is needed but already in place. The market analysis does not indicate any invalidation of the trade setup, and the unrealized PnL is minimal, so no adjustment is necessary. The trend score is neutral (40), and signals support maintaining the position. No profit locking is active, and the size is at core level after partial TP, so no addition is warranted.", "new_stop_loss": null, "new_take_profit": null, "partial_tp_price": null, "partial_tp_percent": null, "reduce_percent": null, "add_usdt": null}}
{"event": "market_data_fetched", "symbol": "0GUSDT", "duration_ms": 2646, "keys": ["funding_rate", "klines_15m", "klines_1h", "klines_1m", "oi_hist", "orderbook", "premium_index", "symbol"]}
{"event": "analysis_generated", "symbol": "0GUSDT", "duration_ms": 3, "score": 60, "direction_score": 0, "current_price": 0.9146}
{"event": "monitor_context", "symbol": "0GUSDT", "direction": "SHORT", "entry_price": 0.9159, "current_price": 0.9146, "qty": "32", "baseline_qty": "32", "core_qty": "16.0", "scalp_qty": "16.0", "profit_locked": false, "need_partial_tp": true}
{"event": "open_orders_fetched", "symbol": "0GUSDT", "count": 3}
{"event": "market_data_fetched", "symbol": "0GUSDT", "duration_ms": 2648, "keys": ["funding_rate", "klines_15m", "klines_1h", "klines_1m", "oi_hist", "orderbook", "premium_index", "symbol"]}
{"event": "analysis_generated", "symbol": "0GUSDT", "duration_ms": 4, "score": 55, "direction_score": -3, "current_price": 0.914}
{"event": "monitor_context", "symbol": "0GUSDT", "direction": "SHORT", "entry_price": 0.9159, "current_price": 0.914, "qty": "32", "baseline_qty": "32", "core_qty": "16.0", "scalp_qty": "16.0", "profit_locked": false, "need_partial_tp": true}
{"event": "open_orders_fetched", "symbol": "0GUSDT", "count": 3}
{"event": "llm_monitor_raw", "symbol": "0GUSDT", "raw": {"action": "HOLD", "reasoning": "The current position aligns with the strategy guidelines. The Stop Loss and Final Take Profit are active and appropriately set. The Partial Take Profit is needed but already set at 0.8979. The market analysis does not indicate a need to adjust orders or close the position. The trend score is above 40, and signals support the short position. No profit locking is active, and the position size is within the baseline. Therefore, holding is the optimal action.", "new_stop_loss": null, "new_take_profit": null, "partial_tp_price": null, "partial_tp_percent": null, "reduce_percent": null, "add_usdt": null}}
{"event": "market_data_fetched", "symbol": "0GUSDT", "duration_ms": 2705, "keys": ["funding_rate", "klines_15m", "klines_1h", "klines_1m", "oi_hist", "orderbook", "premium_index", "symbol"]}
{"event": "analysis_generated", "symbol": "0GUSDT", "duration_ms": 4, "score": 40, "direction_score": -2, "current_price": 0.9111}
{"event": "monitor_context", "symbol": "0GUSDT", "direction": "SHORT", "entry_price": 0.9159, "current_price": 0.9111, "qty": "32", "baseline_qty": "32", "core_qty": "16.0", "scalp_qty": "16.0", "profit_locked": false, "need_partial_tp": true}
{"event": "open_orders_fetched", "symbol": "0GUSDT", "count": 3}
{"event": "llm_monitor_raw", "symbol": "0GUSDT", "raw": {"action": "HOLD", "reasoning": "Current market conditions and position status align with the strategy guidelines. The trend score is neutral (40), signals support the short position (1H均线空头排列, volatility合格), and liquidity is good. The existing Stop Loss (0.9359) and Final Take Profit (0.88) are correctly placed according to the strategy. The Partial Take Profit (0.8979) is also set appropriately for the scalp size (16.0). Since Profit Locked is false and there are no invalidating market conditions or smart suggestions to act upon, maintaining the current orders is the optimal action.", "new_stop_loss": null, "new_take_profit": null, "partial_tp_price": null, "partial_tp_percent": null, "reduce_percent": null, "add_usdt": null}}
{"event": "market_data_fetched", "symbol": "0GUSDT", "duration_ms": 2651, "keys": ["funding_rate", "klines_15m", "klines_1h", "klines_1m", "oi_hist", "orderbook", "premium_index", "symbol"]}
{"event": "analysis_generated", "symbol": "0GUSDT", "duration_ms": 5, "score": 25, "direction_score": -2, "current_price": 0.9119}
{"event": "monitor_context", "symbol": "0GUSDT", "direction": "SHORT", "entry_price": 0.9159, "current_price": 0.9119, "qty": "32", "baseline_qty": "32", "core_qty": "16.0", "scalp_qty": "16.0", "profit_locked": false, "need_partial_tp": true}
{"event": "open_orders_fetched", "symbol": "0GUSDT", "count": 3}
{"event": "llm_monitor_raw", "symbol": "0GUSDT", "raw": {"action": "HOLD", "reasoning": "The current position aligns with the strategy guidelines. The Stop Loss and Final Take Profit are active and appropriately set. The Partial Take Profit is needed but already configured. The Trend Score has decreased since entry, but the market signals (1H均线空头排列, volatility合格, liquidity良好) still support the short position. No immediate adjustment is required as per the Stability guideline.", "new_stop_loss": null, "new_take_profit": null, "partial_tp_price": null, "partial_tp_percent": null, "reduce_percent": null, "add_usdt": null}}
{"event": "market_data_fetched", "symbol": "0GUSDT", "duration_ms": 2642, "keys": ["funding_rate", "klines_15m", "klines_1h", "klines_1m", "oi_hist", "orderbook", "premium_index", "symbol"]}
{"event": "analysis_generated", "symbol": "0GUSDT", "duration_ms": 5, "score": 55, "direction_score": -3, "current_price": 0.9088}
{"event": "monitor_context", "symbol": "0GUSDT", "direction": "SHORT", "entry_price": 0.9159, "current_price": 0.9088, "qty": "32", "baseline_qty": "32", "core_qty": "16.0", "scalp_qty": "16.0", "profit_locked": false, "need_partial_tp": true}
{"event": "open_orders_fetched", "symbol": "0GUSDT", "count": 3}
{"event": "llm_monitor_raw", "symbol": "0GUSDT", "raw": {"action": "HOLD", "reasoning": "The current position aligns with the strategy guidelines. The Stop Loss and Final Take Profit are active and appropriately set. The Partial Take Profit is needed but already set at 0.8979. The market analysis does not indicate any immediate need to adjust orders or close the position. The trend score is still above 40, and there are no invalidating signals.", "new_stop_loss": null, "new_take_profit": null, "partial_tp_price": null, "partial_tp_percent": null, "reduce_percent": null, "add_usdt": null}}
{"event": "market_data_fetched", "symbol": "0GUSDT", "duration_ms": 2649, "keys": ["funding_rate", "klines_15m", "klines_1h", "klines_1m", "oi_hist", "orderbook", "premium_index", "symbol"]}
{"event": "analysis_generated", "symbol": "0GUSDT", "duration_ms": 3, "score": 45, "direction_score": -3, "current_price": 0.9099}
{"event": "monitor_context", "symbol": "0GUSDT", "direction": "SHORT", "entry_price": 0.9159, "current_price": 0.9099, "qty": "32", "baseline_qty": "32", "core_qty": "16.0", "scalp_qty": "16.0", "profit_locked": false, "need_partial_tp": true}
{"event": "open_orders_fetched", "symbol": "0GUSDT", "count": 3}
{"event": "llm_monitor_raw", "symbol": "0GUSDT", "raw": {"action": "HOLD", "reasoning": "The current position aligns with the strategy guidelines. The Stop Loss and Final Take Profit are active and appropriately set. The Partial Take Profit is needed and set correctly. The market analysis does not indicate a need to adjust orders or close the position. The trend score is still below 50, and the signals support maintaining the short position. No profit lock is active, and the size is within the baseline. Therefore, holding is the optimal action.", "new_stop_loss": null, "new_take_profit": null, "partial_tp_price": null, "partial_tp_percent": null, "reduce_percent": null, "add_usdt": null}}
{"event": "market_data_fetched", "symbol": "0GUSDT", "duration_ms": 2650, "keys": ["funding_rate", "klines_15m", "klines_1h", "klines_1m", "oi_hist", "orderbook", "premium_index", "symbol"]}
{"event": "analysis_generated", "symbol": "0GUSDT", "duration_ms": 4, "score": 45, "direction_score": -3, "current_price": 0.9101}
{"event": "monitor_context", "symbol": "0GUSDT", "direction": "SHORT", "entry_price": 0.9159, "current_price": 0.9101, "qty": "32", "baseline_qty": "32", "core_qty": "16.0", "scalp_qty": "16.0", "profit_locked": false, "need_partial_tp": true}
{"event": "open_orders_fetched", "symbol": "0GUSDT", "count": 3}
{"event": "llm_monitor_raw", "symbol": "0GUSDT", "raw": {"action": "HOLD", "reasoning": "The current position aligns with the strategy guidelines. The Stop Loss and Final Take Profit are active, and a Partial Take Profit is needed but already set. The market analysis does not indicate a need to invalidate the trade or adjust orders. The trend score is still below 50, and the signals support maintaining the short position. No profit lock is active, and the size is within the baseline. Therefore, holding the position with existing orders is the appropriate action.", "new_stop_loss": null, "new_take_profit": null, "partial_tp_price": null, "partial_tp_percent": null, "reduce_percent": null, "add_usdt": null}}
{"event": "market_data_fetched", "symbol": "0GUSDT", "duration_ms": 2642, "keys": ["funding_rate", "klines_15m", "klines_1h", "klines_1m", "oi_hist", "orderbook", "premium_index", "symbol"]}
{"event": "analysis_generated", "symbol": "0GUSDT", "duration_ms": 2, "score": 55, "direction_score": -3, "current_price": 0.909}
{"event": "monitor_context", "symbol": "0GUSDT", "direction": "SHORT", "entry_price": 0.9159, "current_price": 0.909, "qty": "32", "baseline_qty": "32", "core_qty": "16.0", "scalp_qty": "16.0", "profit_locked": false, "need_partial_tp": true}
{"event": "open_orders_fetched", "symbol": "0GUSDT", "count": 3}
{"event": "llm_monitor_raw", "symbol": "0GUSDT", "raw": {"action": "HOLD", "reasoning": "The current position aligns with the strategy guidelines. The Stop Loss and Final Take Profit are active and appropriately set. The Partial Take Profit is needed but already set at 0.8979. The market analysis does not indicate a need to close or adjust orders, and the Profit Locked is False, so no additional actions are required. The trend score and signals support maintaining the position.", "new_stop_loss": null, "new_take_profit": null, "partial_tp_price": null, "partial_tp_percent": null, "reduce_percent": null, "add_usdt": null}}
{"event": "market_data_fetched", "symbol": "0GUSDT", "duration_ms": 2641, "keys": ["funding_rate", "klines_15m", "klines_1h", "klines_1m", "oi_hist", "orderbook", "premium_index", "symbol"]}
{"event": "analysis_generated", "symbol": "0GUSDT", "duration_ms": 4, "score": 40, "direction_score": -1, "current_price": 0.9095}
{"event": "monitor_context", "symbol": "0GUSDT", "direction": "SHORT", "entry_price": 0.9159, "current_price": 0.9095, "qty": "32", "baseline_qty": "32", "core_qty": "16.0", "scalp_qty": "16.0", "profit_locked": false, "need_partial_tp": true}
{"event": "open_orders_fetched", "symbol": "0GUSDT", "count": 3}
{"event": "llm_monitor_raw", "symbol": "0GUSDT", "raw": {"action": "HOLD", "reasoning": "The current position aligns with the strategy guidelines. The Stop Loss and Final Take Profit are active and appropriately set. The Partial Take Profit is needed but already set at 0.8979. The market analysis does not indicate a need to close or adjust orders, as the trend score remains below the entry threshold and no structural invalidation is present. Profit Locked is false, so no additional actions are required.", "new_stop_loss": null, "new_take_profit": null, "partial_tp_price": null, "partial_tp_percent": null, "reduce_percent": null, "add_usdt": null}}
{"event": "market_data_fetched", "symbol": "0GUSDT", "duration_ms": 2412, "keys": ["funding_rate", "klines_15m", "klines_1h", "klines_1m", "oi_hist", "orderbook", "premium_index", "symbol"]}
{"event": "analysis_generated", "symbol": "0GUSDT", "duration_ms": 4, "score": 55, "direction_score": -3, "current_price": 0.9062}
{"event": "monitor_context", "symbol": "0GUSDT", "direction": "SHORT", "entry_price": 0.9159, "current_price": 0.9062, "qty": "32", "baseline_qty": "32", "core_qty": "16.0", "scalp_qty": "16.0", "profit_locked": false, "need_partial_tp": true}
{"event": "open_orders_fetched", "symbol": "0GUSDT", "count": 3}
{"event": "llm_monitor_raw", "symbol": "0GUSDT", "raw": {"action": "HOLD", "reasoning": "The current position aligns with the strategy guidelines. The Stop Loss and Final Take Profit are active and appropriately set. The Partial Take Profit is needed and set correctly. The market analysis does not indicate any invalidation of the trade or significant changes requiring adjustment. The Profit Locked is False, so no additional actions are necessary.", "new_stop_loss": null, "new_take_profit": null, "partial_tp_price": null, "partial_tp_percent": null, "reduce_percent": null, "add_usdt": null}}
{"event": "market_data_fetched", "symbol": "0GUSDT", "duration_ms": 2434, "keys": ["funding_rate", "klines_15m", "klines_1h", "klines_1m", "oi_hist", "orderbook", "premium_index", "symbol"]}
{"event": "analysis_generated", "symbol": "0GUSDT", "duration_ms": 3, "score": 55, "direction_score": -3, "current_price": 0.909}
{"event": "monitor_context", "symbol": "0GUSDT", "direction": "SHORT", "entry_price": 0.9159, "current_price": 0.909, "qty": "32", "baseline_qty": "32", "core_qty": "16.0", "scalp_qty": "16.0", "profit_locked": false, "need_partial_tp": true}
{"event": "open_orders_fetched", "symbol": "0GUSDT", "count": 3}
{"event": "llm_monitor_raw", "symbol": "0GUSDT", "raw": {"action": "HOLD", "reasoning": "The current position aligns with the strategy guidelines. The Stop Loss is active at 0.9359 (2.18% above entry), and the Final Take Profit is set at 0.88 (3.92% below entry). The Partial Take Profit (Limit) is also active at 0.8979 (1.97% below entry) for the scalp size of 16.0. The market analysis shows a neutral trend score (55) with bearish signals (1H均线空头排列, 卖盘压制), but no structural invalidation or urgent profit-locking need exists. Since Profit Locked is false and no Smart Suggestions recommend adjustments, maintaining the current orders is optimal.", "new_stop_loss": null, "new_take_profit": null, "partial_tp_price": null, "partial_tp_percent": null, "reduce_percent": null, "add_usdt": null}}
{"event": "market_data_fetched", "symbol": "0GUSDT", "duration_ms": 2410, "keys": ["funding_rate", "klines_15m", "klines_1h", "klines_1m", "oi_hist", "orderbook", "premium_index", "symbol"]}
{"event": "analysis_generated", "symbol": "0GUSDT", "duration_ms": 3, "score": 45, "direction_score": -3, "current_price": 0.9073}
{"event": "monitor_context", "symbol": "0GUSDT", "direction": "SHORT", "entry_price": 0.9159, "current_price": 0.9073, "qty": "32", "baseline_qty": "32", "core_qty": "16.0", "scalp_qty": "16.0", "profit_locked": false, "need_partial_tp": true}
{"event": "open_orders_fetched", "symbol": "0GUSDT", "count": 3}
{"event": "llm_monitor_raw", "symbol": "0GUSDT", "raw": {"action": "HOLD", "reasoning": "The current position aligns with the strategy guidelines. The Stop Loss and Final Take Profit are active and appropriately set. The Partial Take Profit is needed and set correctly. The market analysis does not indicate a need to adjust orders or close the position. The trend score is still below 50, and signals support maintaining the short position. No profit lock is active, and the position size is within the baseline. Therefore, holding is the optimal action.", "new_stop_loss": null, "new_take_profit": null, "partial_tp_price": null, "partial_tp_percent": null, "reduce_percent": null, "add_usdt": null}}
{"event": "market_data_fetched", "symbol": "0GUSDT", "duration_ms": 2401, "keys": ["funding_rate", "klines_15m", "klines_1h", "klines_1m", "oi_hist", "orderbook", "premium_index", "symbol"]}
{"event": "analysis_generated", "symbol": "0GUSDT", "duration_ms": 4, "score": 25, "direction_score": -2, "current_price": 0.9093}
{"event": "monitor_context", "symbol": "0GUSDT", "direction": "SHORT", "entry_price": 0.9159, "current_price": 0.9093, "qty": "32", "baseline_qty": "32", "core_qty": "16.0", "scalp_qty": "16.0", "profit_locked": false, "need_partial_tp": true}
{"event": "open_orders_fetched", "symbol": "0GUSDT", "count": 3}
{"event": "market_data_fetched", "symbol": "0GUSDT", "duration_ms": 2402, "keys": ["funding_rate", "klines_15m", "klines_1h", "klines_1m", "oi_hist", "orderbook", "premium_index", "symbol"]}
{"event": "analysis_generated", "symbol": "0GUSDT", "duration_ms": 2, "score": 35, "direction_score": -2, "current_price": 0.9082}
{"event": "monitor_context", "symbol": "0GUSDT", "direction": "SHORT", "entry_price": 0.9159, "current_price": 0.9082, "qty": "32", "baseline_qty": "32", "core_qty": "16.0", "scalp_qty": "16.0", "profit_locked": false, "need_partial_tp": true}
{"event": "open_orders_fetched", "symbol": "0GUSDT", "count": 3}
{"event": "llm_monitor_raw", "symbol": "0GUSDT", "raw": {"action": "HOLD", "reasoning": "The current position aligns with the strategy guidelines. The Stop Loss and Final Take Profit are active and appropriately set. The Partial Take Profit is needed and set correctly. The market analysis does not indicate a need to adjust orders or close the position. The trend score, while below the initial entry threshold, does not invalidate the trade. Stability guidelines suggest holding unless there is a significant change in market structure or profit locking is required.", "new_stop_loss": null, "new_take_profit": null, "partial_tp_price": null, "partial_tp_percent": null, "reduce_percent": null, "add_usdt": null}}
{"event": "market_data_fetched", "symbol": "0GUSDT", "duration_ms": 2419, "keys": ["funding_rate", "klines_15m", "klines_1h", "klines_1m", "oi_hist", "orderbook", "premium_index", "symbol"]}
{"event": "analysis_generated", "symbol": "0GUSDT", "duration_ms": 4, "score": 40, "direction_score": -2, "current_price": 0.9067}
{"event": "monitor_context", "symbol": "0GUSDT", "direction": "SHORT", "entry_price": 0.9159, "current_price": 0.9067, "qty": "32", "baseline_qty": "32", "core_qty": "16.0", "scalp_qty": "16.0", "profit_locked": false, "need_partial_tp": true}
{"event": "open_orders_fetched", "symbol": "0GUSDT", "count": 3}
{"event": "llm_monitor_raw", "symbol": "0GUSDT", "raw": {"action": "HOLD", "reasoning": "The current position aligns with the strategy guidelines. The Stop Loss and Final Take Profit are active and appropriately set. The Partial Take Profit is needed and set correctly. The market analysis does not indicate any invalidation of the trade or significant changes requiring adjustment. The Profit Locked status is false, so no additional actions are required.", "new_stop_loss": null, "new_take_profit": null, "partial_tp_price": null, "partial_tp_percent": null, "reduce_percent": null, "add_usdt": null}}
{"event": "market_data_fetched", "symbol": "0GUSDT", "duration_ms": 2400, "keys": ["funding_rate", "klines_15m", "klines_1h", "klines_1m", "oi_hist", "orderbook", "premium_index", "symbol"]}
{"event": "analysis_generated", "symbol": "0GUSDT", "duration_ms": 4, "score": 40, "direction_score": -1, "current_price": 0.9079}
{"event": "monitor_context", "symbol": "0GUSDT", "direction": "SHORT", "entry_price": 0.9159, "current_price": 0.9079, "qty": "32", "baseline_qty": "32", "core_qty": "16.0", "scalp_qty": "16.0", "profit_locked": false, "need_partial_tp": true}
{"event": "open_orders_fetched", "symbol": "0GUSDT", "count": 3}
{"event": "llm_monitor_raw", "symbol": "0GUSDT", "raw": {"action": "HOLD", "reasoning": "Current market conditions and position status align with the strategy guidelines. The trend score is still below the entry threshold (40), and signals indicate continued bearish momentum (1H均线空头排列). The stop loss is active at 0.9359 (2.18% above entry), and the partial take profit at 0.8979 (1.97% below entry) is pending. No structural invalidation or profit-lock trigger exists. The imbalance (+28% buy-side) suggests caution but doesn’t override the existing setup.", "new_stop_loss": null, "new_take_profit": null, "partial_tp_price": null, "partial_tp_percent": null, "reduce_percent": null, "add_usdt": null}}
{"event": "market_data_fetched", "symbol": "0GUSDT", "duration_ms": 2485, "keys": ["funding_rate", "klines_15m", "klines_1h", "klines_1m", "oi_hist", "orderbook", "premium_index", "symbol"]}
{"event": "analysis_generated", "symbol": "0GUSDT", "duration_ms": 4, "score": 35, "direction_score": -2, "current_price": 0.904}
{"event": "monitor_context", "symbol": "0GUSDT", "direction": "SHORT", "entry_price": 0.9159, "current_price": 0.904, "qty": "32", "baseline_qty": "32", "core_qty": "16.0", "scalp_qty": "16.0", "profit_locked": false, "need_partial_tp": true}
{"event": "open_orders_fetched", "symbol": "0GUSDT", "count": 3}
{"event": "llm_monitor_raw", "symbol": "0GUSDT", "raw": {"action": "HOLD", "reasoning": "Current market conditions and position status align with the strategy guidelines. The Stop Loss and Final Take Profit are active and appropriately set. The Partial Take Profit is needed but already set at 0.8979. The Trend Score is below the entry threshold but not invalidating the trade. No immediate adjustments are required.", "new_stop_loss": null, "new_take_profit": null, "partial_tp_price": null, "partial_tp_percent": null, "reduce_percent": null, "add_usdt": null}}
{"event": "market_data_fetched", "symbol": "0GUSDT", "duration_ms": 2429, "keys": ["funding_rate", "klines_15m", "klines_1h", "klines_1m", "oi_hist", "orderbook", "premium_index", "symbol"]}
{"event": "analysis_generated", "symbol": "0GUSDT", "duration_ms": 3, "score": 60, "direction_score": -2, "current_price": 0.8988}
{"event": "monitor_context", "symbol": "0GUSDT", "direction": "SHORT", "entry_price": 0.9159, "current_price": 0.8988, "qty": "16", "baseline_qty": "32", "core_qty": "16.0", "scalp_qty": "16.0", "profit_locked": true, "need_partial_tp": false}
{"event": "open_orders_fetched", "symbol": "0GUSDT", "count": 2}
{"event": "llm_monitor_raw", "symbol": "0GUSDT", "raw": {"action": "ADJUST_TP_SL", "reasoning": "The Smart Suggestion recommends updating the Stop Loss to 0.9141 to protect profits (break-even). Since Profit Locked is true, we must ensure the Stop Loss is at least break-even. The current Stop Loss at 0.9359 is above the entry price, but tightening it to 0.9141 aligns with profit protection while maintaining the strategy's rules. The Final Take Profit remains unchanged at 0.88 as there's no reason to adjust it. No Partial Take Profit is needed as per the current setup.", "new_stop_loss": 0.9141, "new_take_profit": 0.88, "partial_tp_price": null, "partial_tp_percent": null, "reduce_percent": null, "add_usdt": null}}
{"event": "order_cancel_requested", "symbol": "0GUSDT", "order_id": 1652961901}
{"event": "order_cancel_result", "symbol": "0GUSDT", "order_id": 1652961901, "resp": {"orderId": 1652961901, "symbol": "0GUSDT", "status": "CANCELED", "clientOrderId": "x-Cb7ytekJfec1618d4a61c9346b7391", "price": "0.0000000", "avgPrice": "0.00", "origQty": "0", "executedQty": "0", "cumQty": "0", "cumQuote": "0.0000000", "timeInForce": "GTC", "type": "STOP_MARKET", "reduceOnly": true, "closePosition": true, "side": "BUY", "positionSide": "BOTH", "stopPrice": "0.9359000", "workingType": "MARK_PRICE", "priceProtect": false, "origType": "STOP_MARKET", "priceMatch": "NONE", "selfTradePreventionMode": "EXPIRE_MAKER", "goodTillDate": 0, "updateTime": 1769373200531}}
{"event": "order_place_requested", "symbol": "0GUSDT", "kind": "stop_loss", "type": "STOP_MARKET", "close_position": true, "stop_price": 0.9140682}
{"event": "order_place_result", "symbol": "0GUSDT", "kind": "stop_loss", "order_id": 1654666220, "stop_price": "0.9141000", "close_position": true}
{"event": "market_data_fetched", "symbol": "0GUSDT", "duration_ms": 2419, "keys": ["funding_rate", "klines_15m", "klines_1h", "klines_1m", "oi_hist", "orderbook", "premium_index", "symbol"]}
{"event": "analysis_generated", "symbol": "0GUSDT", "duration_ms": 4, "score": 75, "direction_score": -4, "current_price": 0.8986}
{"event": "monitor_context", "symbol": "0GUSDT", "direction": "SHORT", "entry_price": 0.9159, "current_price": 0.8986, "qty": "16", "baseline_qty": "32", "core_qty": "16.0", "scalp_qty": "16.0", "profit_locked": true, "need_partial_tp": false}
{"event": "open_orders_fetched", "symbol": "0GUSDT", "count": 2}
{"event": "llm_monitor_raw", "symbol": "0GUSDT", "raw": {"action": "HOLD", "reasoning": "The current stop loss at 0.9141 is already set to protect profits (break-even + fees) as suggested by the Smart Suggestions. The position is profitable with an unrealized PnL of 1.85%, and the market analysis supports the continuation of the downtrend with strong signals (1H均线空头排列, 放量下跌, 卖盘压制). Since Profit Locked is true and the current size is already at the Core Size (16.0), there is no need to add to the position or adjust the stop loss further. The Final Take Profit at 0.88 remains valid, and no Partial Take Profit is needed as the scalp size has already been partially taken. Therefore, holding the current orders is the optimal action.", "new_stop_loss": null, "new_take_profit": null, "partial_tp_price": null, "partial_tp_percent": null, "reduce_percent": null, "add_usdt": null}}
{"event": "market_data_fetched", "symbol": "0GUSDT", "duration_ms": 2435, "keys": ["funding_rate", "klines_15m", "klines_1h", "klines_1m", "oi_hist", "orderbook", "premium_index", "symbol"]}
{"event": "analysis_generated", "symbol": "0GUSDT", "duration_ms": 4, "score": 35, "direction_score": -3, "current_price": 0.8976}
{"event": "monitor_context", "symbol": "0GUSDT", "direction": "SHORT", "entry_price": 0.9159, "current_price": 0.8976, "qty": "16", "baseline_qty": "32", "core_qty": "16.0", "scalp_qty": "16.0", "profit_locked": true, "need_partial_tp": false}
{"event": "open_orders_fetched", "symbol": "0GUSDT", "count": 2}
{"event": "llm_monitor_raw", "symbol": "0GUSDT", "raw": {"action": "HOLD", "reasoning": "The current stop loss at 0.9141 is already protecting profits (break-even + fees) as suggested by the Smart Suggestions. The Profit Locked status is true, so we should not loosen the stop loss. The market analysis shows a bearish trend with acceptable volatility and liquidity, supporting the continuation of the short position. There is no need to adjust orders for minor price fluctuations as the market structure has not invalidated the trade. The existing orders (Stop Loss and Final Take Profit) are in place and comply with the strategy guidelines.", "new_stop_loss": null, "new_take_profit": null, "partial_tp_price": null, "partial_tp_percent": null, "reduce_percent": null, "add_usdt": null}}
{"event": "market_data_fetched", "symbol": "0GUSDT", "duration_ms": 2436, "keys": ["funding_rate", "klines_15m", "klines_1h", "klines_1m", "oi_hist", "orderbook", "premium_index", "symbol"]}
{"event": "analysis_generated", "symbol": "0GUSDT", "duration_ms": 2, "score": 45, "direction_score": -3, "current_price": 0.8974}
{"event": "monitor_context", "symbol": "0GUSDT", "direction": "SHORT", "entry_price": 0.9159, "current_price": 0.8974, "qty": "16", "baseline_qty": "32", "core_qty": "16.0", "scalp_qty": "16.0", "profit_locked": true, "need_partial_tp": false}
{"event": "open_orders_fetched", "symbol": "0GUSDT", "count": 2}
{"event": "llm_monitor_raw", "symbol": "0GUSDT", "raw": {"action": "HOLD", "reasoning": "The current position is profitable with a 2.02% unrealized PnL, and the Stop Loss is already set at 0.9141, which is above the break-even point (including fees) to protect profits as suggested. The Final Take Profit is set at 0.88, and there is no need for a Partial Take Profit since 'Need: False'. The market analysis shows a bearish trend with acceptable volatility and liquidity, supporting the current strategy. Since the Profit Locked is true and the current size is less than the Baseline Size, adding to the position is an option, but the market conditions do not strongly suggest an immediate need to add. Therefore, the best action is to HOLD and monitor the market for any significant changes.", "new_stop_loss": null, "new_take_profit": null, "partial_tp_price": null, "partial_tp_percent": null, "reduce_percent": null, "add_usdt": null}}
{"event": "market_data_fetched", "symbol": "0GUSDT", "duration_ms": 2482, "keys": ["funding_rate", "klines_15m", "klines_1h", "klines_1m", "oi_hist", "orderbook", "premium_index", "symbol"]}
{"event": "analysis_generated", "symbol": "0GUSDT", "duration_ms": 4, "score": 60, "direction_score": -2, "current_price": 0.8972}
{"event": "monitor_context", "symbol": "0GUSDT", "direction": "SHORT", "entry_price": 0.9159, "current_price": 0.8972, "qty": "16", "baseline_qty": "32", "core_qty": "16.0", "scalp_qty": "16.0", "profit_locked": true, "need_partial_tp": false}
{"event": "open_orders_fetched", "symbol": "0GUSDT", "count": 2}
{"event": "llm_monitor_raw", "symbol": "0GUSDT", "raw": {"action": "HOLD", "reasoning": "The current Stop Loss at 0.9141 is already protecting profits (break-even + fees) as suggested by the Smart Suggestions. The Profit Locked status is true, so we should not loosen the Stop Loss. The market analysis shows a bearish trend with valid signals, and there's no immediate need to adjust orders based on the Stability guidelines. The position is already partially taken profit (scalp size), and no further actions are required unless market conditions change significantly.", "new_stop_loss": null, "new_take_profit": null, "partial_tp_price": null, "partial_tp_percent": null, "reduce_percent": null, "add_usdt": null}}
{"event": "market_data_fetched", "symbol": "0GUSDT", "duration_ms": 2426, "keys": ["funding_rate", "klines_15m", "klines_1h", "klines_1m", "oi_hist", "orderbook", "premium_index", "symbol"]}
{"event": "analysis_generated", "symbol": "0GUSDT", "duration_ms": 4, "score": 45, "direction_score": -3, "current_price": 0.8964}
{"event": "monitor_context", "symbol": "0GUSDT", "direction": "SHORT", "entry_price": 0.9159, "current_price": 0.8964, "qty": "16", "baseline_qty": "32", "core_qty": "16.0", "scalp_qty": "16.0", "profit_locked": true, "need_partial_tp": false}
{"event": "open_orders_fetched", "symbol": "0GUSDT", "count": 2}
{"event": "llm_monitor_raw", "symbol": "0GUSDT", "raw": {"action": "HOLD", "reasoning": "The current Stop Loss at 0.9141 is already protecting profits (break-even + fees) as suggested by the Smart Suggestions. The Profit Locked status is true, so we should not loosen the Stop Loss. The market analysis shows a bearish trend with acceptable volatility and liquidity, supporting the continuation of the short position. There is no need to adjust orders for minor price fluctuations as the market structure has not invalidated the trade.", "new_stop_loss": null, "new_take_profit": null, "partial_tp_price": null, "partial_tp_percent": null, "reduce_percent": null, "add_usdt": null}}
{"event": "market_data_fetched", "symbol": "0GUSDT", "duration_ms": 2439, "keys": ["funding_rate", "klines_15m", "klines_1h", "klines_1m", "oi_hist", "orderbook", "premium_index", "symbol"]}
{"event": "analysis_generated", "symbol": "0GUSDT", "duration_ms": 3, "score": 35, "direction_score": -3, "current_price": 0.8971}
{"event": "monitor_context", "symbol": "0GUSDT", "direction": "SHORT", "entry_price": 0.9159, "current_price": 0.8971, "qty": "16", "baseline_qty": "32", "core_qty": "16.0", "scalp_qty": "16.0", "profit_locked": true, "need_partial_tp": false}
{"event": "open_orders_fetched", "symbol": "0GUSDT", "count": 2}
{"event": "llm_monitor_raw", "symbol": "0GUSDT", "raw": {"action": "HOLD", "reasoning": "The current Stop Loss at 0.9141 is already protecting profits (near break-even) as suggested by the Smart Suggestions. Profit Lock is active, and the position size is at Core Size after partial TP. Market conditions (trend score 35, bearish signals) still support the short, and no structural invalidation is detected. No adjustments are needed unless conditions change.", "new_stop_loss": null, "new_take_profit": null, "partial_tp_price": null, "partial_tp_percent": null, "reduce_percent": null, "add_usdt": null}}
{"event": "market_data_fetched", "symbol": "0GUSDT", "duration_ms": 2399, "keys": ["funding_rate", "klines_15m", "klines_1h", "klines_1m", "oi_hist", "orderbook", "premium_index", "symbol"]}
{"event": "analysis_generated", "symbol": "0GUSDT", "duration_ms": 4, "score": 50, "direction_score": -3, "current_price": 0.8955}
{"event": "monitor_context", "symbol": "0GUSDT", "direction": "SHORT", "entry_price": 0.9159, "current_price": 0.8955, "qty": "16", "baseline_qty": "32", "core_qty": "16.0", "scalp_qty": "16.0", "profit_locked": true, "need_partial_tp": false}
{"event": "open_orders_fetched", "symbol": "0GUSDT", "count": 2}
{"event": "llm_monitor_raw", "symbol": "0GUSDT", "raw": {"action": "HOLD", "reasoning": "The current Stop Loss at 0.9141 is already protecting profits (break-even + fees) as suggested by the Smart Suggestions. The Profit Locked status is true, so we should not loosen the Stop Loss. The market analysis shows favorable conditions for maintaining the short position (1H均线空头排列, volatility合格, liquidity良好, 卖盘压制). There is no need to adjust orders for minor price fluctuations as the trade setup remains valid.", "new_stop_loss": null, "new_take_profit": null, "partial_tp_price": null, "partial_tp_percent": null, "reduce_percent": null, "add_usdt": null}}
{"event": "market_data_fetched", "symbol": "0GUSDT", "duration_ms": 2402, "keys": ["funding_rate", "klines_15m", "klines_1h", "klines_1m", "oi_hist", "orderbook", "premium_index", "symbol"]}
{"event": "analysis_generated", "symbol": "0GUSDT", "duration_ms": 2, "score": 25, "direction_score": -2, "current_price": 0.8937}
{"event": "monitor_context", "symbol": "0GUSDT", "direction": "SHORT", "entry_price": 0.9159, "current_price": 0.8937, "qty": "16", "baseline_qty": "32", "core_qty": "16.0", "scalp_qty": "16.0", "profit_locked": true, "need_partial_tp": false}
{"event": "open_orders_fetched", "symbol": "0GUSDT", "count": 2}
{"event": "llm_monitor_raw", "symbol": "0GUSDT", "raw": {"action": "HOLD", "reasoning": "The current position has Profit Locked set to true, and the stop loss is already at break-even (0.9141) as suggested by the Smart Suggestions. The market analysis shows a bearish trend with acceptable volatility and liquidity, supporting the continuation of the short position. There is no need to adjust orders for minor price fluctuations as the market structure has not invalidated the trade. The Final Take Profit is set appropriately at 0.88, and there is no Partial Take Profit needed (Need: False). Therefore, holding the current position with existing orders is the optimal action.", "new_stop_loss": null, "new_take_profit": null, "partial_tp_price": null, "partial_tp_percent": null, "reduce_percent": null, "add_usdt": null}}
{"event": "market_data_fetched", "symbol": "0GUSDT", "duration_ms": 2396, "keys": ["funding_rate", "klines_15m", "klines_1h", "klines_1m", "oi_hist", "orderbook", "premium_index", "symbol"]}
{"event": "analysis_generated", "symbol": "0GUSDT", "duration_ms": 5, "score": 30, "direction_score": -2, "current_price": 0.8947}
{"event": "monitor_context", "symbol": "0GUSDT", "direction": "SHORT", "entry_price": 0.9159, "current_price": 0.8947, "qty": "16", "baseline_qty": "32", "core_qty": "16.0", "scalp_qty": "16.0", "profit_locked": true, "need_partial_tp": false}
{"event": "open_orders_fetched", "symbol": "0GUSDT", "count": 2}
{"event": "llm_monitor_raw", "symbol": "0GUSDT", "raw": {"action": "HOLD", "reasoning": "The current position is profitable with a locked profit, and the stop loss is already set at 0.9141 to protect profits (break-even + fees). The market analysis shows a bearish trend with acceptable volatility and liquidity, supporting the continuation of the short position. No adjustments are needed as the stop loss and take profit levels are appropriately set, and there is no need for partial take profit or adding to the position at this time.", "new_stop_loss": null, "new_take_profit": null, "partial_tp_price": null, "partial_tp_percent": null, "reduce_percent": null, "add_usdt": null}}
{"event": "market_data_fetched", "symbol": "0GUSDT", "duration_ms": 2440, "keys": ["funding_rate", "klines_15m", "klines_1h", "klines_1m", "oi_hist", "orderbook", "premium_index", "symbol"]}
{"event": "analysis_generated", "symbol": "0GUSDT", "duration_ms": 4, "score": 25, "direction_score": -2, "current_price": 0.8933}
{"event": "monitor_context", "symbol": "0GUSDT", "direction": "SHORT", "entry_price": 0.9159, "current_price": 0.8933, "qty": "16", "baseline_qty": "32", "core_qty": "16.0", "scalp_qty": "16.0", "profit_locked": true, "need_partial_tp": false}
{"event": "open_orders_fetched", "symbol": "0GUSDT", "count": 2}
{"event": "llm_monitor_raw", "symbol": "0GUSDT", "raw": {"action": "HOLD", "reasoning": "The current position is profitable with a locked profit, and the stop loss is already set at 0.9141, which protects the position at break-even (including fees). The market analysis shows a bearish trend with acceptable volatility and liquidity, supporting the continuation of the short position. There is no need to adjust orders as the market structure has not invalidated the trade, and the stop loss is appropriately set. The final take profit at 0.88 remains valid, and no partial take profit is needed as the scalp size has already been partially taken.", "new_stop_loss": null, "new_take_profit": null, "partial_tp_price": null, "partial_tp_percent": null, "reduce_percent": null, "add_usdt": null}}
{"event": "market_data_fetched", "symbol": "0GUSDT", "duration_ms": 2405, "keys": ["funding_rate", "klines_15m", "klines_1h", "klines_1m", "oi_hist", "orderbook", "premium_index", "symbol"]}
{"event": "analysis_generated", "symbol": "0GUSDT", "duration_ms": 3, "score": 30, "direction_score": -3, "current_price": 0.8944}
{"event": "monitor_context", "symbol": "0GUSDT", "direction": "SHORT", "entry_price": 0.9159, "current_price": 0.8944, "qty": "16", "baseline_qty": "32", "core_qty": "16.0", "scalp_qty": "16.0", "profit_locked": true, "need_partial_tp": false}
{"event": "open_orders_fetched", "symbol": "0GUSDT", "count": 2}
{"event": "llm_monitor_raw", "symbol": "0GUSDT", "raw": {"action": "HOLD", "reasoning": "The current stop loss at 0.9141 is already protecting profits (break-even + fees) as suggested by the Smart Suggestions. The Profit Locked status is true, so we should not loosen the stop loss. The market analysis shows a bearish trend with acceptable volatility and liquidity, supporting the continuation of the short position. There is no need to adjust orders for minor price fluctuations as the market structure has not invalidated the trade. The existing orders (SL and Final TP) are correctly placed according to the strategy.", "new_stop_loss": null, "new_take_profit": null, "partial_tp_price": null, "partial_tp_percent": null, "reduce_percent": null, "add_usdt": null}}
{"event": "market_data_fetched", "symbol": "0GUSDT", "duration_ms": 2398, "keys": ["funding_rate", "klines_15m", "klines_1h", "klines_1m", "oi_hist", "orderbook", "premium_index", "symbol"]}
{"event": "analysis_generated", "symbol": "0GUSDT", "duration_ms": 2, "score": 45, "direction_score": -3, "current_price": 0.8948}
{"event": "monitor_context", "symbol": "0GUSDT", "direction": "SHORT", "entry_price": 0.9159, "current_price": 0.8948, "qty": "16", "baseline_qty": "32", "core_qty": "16.0", "scalp_qty": "16.0", "profit_locked": true, "need_partial_tp": false}
{"event": "open_orders_fetched", "symbol": "0GUSDT", "count": 2}
{"event": "llm_monitor_raw", "symbol": "0GUSDT", "raw": {"action": "HOLD", "reasoning": "The current Stop Loss at 0.9141 is already protecting profits (break-even + fees) as suggested by the Smart Suggestions. Profit Locked is true, so we should not loosen the Stop Loss. The market analysis shows favorable conditions for maintaining the short position (1H均线空头排列, volatility qualified, good liquidity, sell-side pressure). There is no need to adjust orders for minor fluctuations as the trade setup remains valid. The Final Take Profit at 0.88 is active, and no Partial Take Profit is needed (Need: False).", "new_stop_loss": null, "new_take_profit": null, "partial_tp_price": null, "partial_tp_percent": null, "reduce_percent": null, "add_usdt": null}}
{"event": "market_data_fetched", "symbol": "0GUSDT", "duration_ms": 2397, "keys": ["funding_rate", "klines_15m", "klines_1h", "klines_1m", "oi_hist", "orderbook", "premium_index", "symbol"]}
{"event": "analysis_generated", "symbol": "0GUSDT", "duration_ms": 4, "score": 55, "direction_score": -3, "current_price": 0.8977}
{"event": "monitor_context", "symbol": "0GUSDT", "direction": "SHORT", "entry_price": 0.9159, "current_price": 0.8977, "qty": "16", "baseline_qty": "32", "core_qty": "16.0", "scalp_qty": "16.0", "profit_locked": true, "need_partial_tp": false}
{"event": "open_orders_fetched", "symbol": "0GUSDT", "count": 2}
{"event": "llm_monitor_raw", "symbol": "0GUSDT", "raw": {"action": "HOLD", "reasoning": "The current Stop Loss at 0.9141 is already protecting profits (break-even + fees) as suggested by the Smart Suggestions. The Profit Locked status is true, so we should not loosen the Stop Loss. The market analysis shows a favorable trend score and signals supporting the short position. There is no need to adjust orders for minor price fluctuations as the market structure has not invalidated the trade. All strategy guidelines are being followed.", "new_stop_loss": null, "new_take_profit": null, "partial_tp_price": null, "partial_tp_percent": null, "reduce_percent": null, "add_usdt": null}}
{"event": "market_data_fetched", "symbol": "0GUSDT", "duration_ms": 2394, "keys": ["funding_rate", "klines_15m", "klines_1h", "klines_1m", "oi_hist", "orderbook", "premium_index", "symbol"]}
{"event": "analysis_generated", "symbol": "0GUSDT", "duration_ms": 3, "score": 40, "direction_score": -1, "current_price": 0.8975}
{"event": "monitor_context", "symbol": "0GUSDT", "direction": "SHORT", "entry_price": 0.9159, "current_price": 0.8975, "qty": "16", "baseline_qty": "32", "core_qty": "16.0", "scalp_qty": "16.0", "profit_locked": true, "need_partial_tp": false}
{"event": "open_orders_fetched", "symbol": "0GUSDT", "count": 2}
{"event": "llm_monitor_raw", "symbol": "0GUSDT", "raw": {"action": "HOLD", "reasoning": "The current Stop Loss at 0.9141 is already protecting profits (break-even + fees) as suggested by the Smart Suggestions. The Profit Locked status is true, so we should not loosen the Stop Loss. The market analysis does not indicate a need to close or adjust orders, and the trade setup remains valid with no major structural invalidation. Therefore, maintaining the current orders is the appropriate action.", "new_stop_loss": null, "new_take_profit": null, "partial_tp_price": null, "partial_tp_percent": null, "reduce_percent": null, "add_usdt": null}}
{"event": "market_data_fetched", "symbol": "0GUSDT", "duration_ms": 2530, "keys": ["funding_rate", "klines_15m", "klines_1h", "klines_1m", "oi_hist", "orderbook", "premium_index", "symbol"]}
{"event": "analysis_generated", "symbol": "0GUSDT", "duration_ms": 3, "score": 40, "direction_score": -1, "current_price": 0.8956}
{"event": "monitor_context", "symbol": "0GUSDT", "direction": "SHORT", "entry_price": 0.9159, "current_price": 0.8956, "qty": "16", "baseline_qty": "32", "core_qty": "16.0", "scalp_qty": "16.0", "profit_locked": true, "need_partial_tp": false}
{"event": "open_orders_fetched", "symbol": "0GUSDT", "count": 2}
{"event": "llm_monitor_raw", "symbol": "0GUSDT", "raw": {"action": "HOLD", "reasoning": "The current Stop Loss at 0.9141 is already protecting profits (break-even + fees) as suggested by the Smart Suggestions. Profit Locked is true, so we should not loosen the Stop Loss. The market analysis shows a trend score of 40, which matches the entry criteria, and there are no signals indicating invalidation of the trade. The Partial Take Profit is not needed as per the 'Need: False' status. Therefore, holding the current orders is the best action.", "new_stop_loss": null, "new_take_profit": null, "partial_tp_price": null, "partial_tp_percent": null, "reduce_percent": null, "add_usdt": null}}
{"event": "market_data_fetched", "symbol": "0GUSDT", "duration_ms": 2441, "keys": ["funding_rate", "klines_15m", "klines_1h", "klines_1m", "oi_hist", "orderbook", "premium_index", "symbol"]}
{"event": "analysis_generated", "symbol": "0GUSDT", "duration_ms": 2, "score": 35, "direction_score": -2, "current_price": 0.8967}
{"event": "monitor_context", "symbol": "0GUSDT", "direction": "SHORT", "entry_price": 0.9159, "current_price": 0.8967, "qty": "16", "baseline_qty": "32", "core_qty": "16.0", "scalp_qty": "16.0", "profit_locked": true, "need_partial_tp": false}
{"event": "open_orders_fetched", "symbol": "0GUSDT", "count": 2}
{"event": "llm_monitor_raw", "symbol": "0GUSDT", "raw": {"action": "HOLD", "reasoning": "The current position is profitable with a locked profit, and the stop loss is already set at 0.9141, which protects the position by ensuring a break-even exit (including fees). The market analysis shows a bearish trend with acceptable volatility and liquidity, supporting the continuation of the short position. There is no need to adjust orders as the market structure has not invalidated the trade, and the stop loss is appropriately set. The profit is locked, so the stop loss should not be loosened. No additional actions are required at this time.", "new_stop_loss": null, "new_take_profit": null, "partial_tp_price": null, "partial_tp_percent": null, "reduce_percent": null, "add_usdt": null}}
{"event": "market_data_fetched", "symbol": "0GUSDT", "duration_ms": 2412, "keys": ["funding_rate", "klines_15m", "klines_1h", "klines_1m", "oi_hist", "orderbook", "premium_index", "symbol"]}
{"event": "analysis_generated", "symbol": "0GUSDT", "duration_ms": 1, "score": 20, "direction_score": -2, "current_price": 0.8955}
{"event": "monitor_context", "symbol": "0GUSDT", "direction": "SHORT", "entry_price": 0.9159, "current_price": 0.8955, "qty": "16", "baseline_qty": "32", "core_qty": "16.0", "scalp_qty": "16.0", "profit_locked": true, "need_partial_tp": false}
{"event": "open_orders_fetched", "symbol": "0GUSDT", "count": 2}
{"event": "llm_monitor_raw", "symbol": "0GUSDT", "raw": {"action": "HOLD", "reasoning": "The current stop loss at 0.9141 is already protecting profits (break-even + fees) as suggested by the Smart Suggestions. The Profit Locked status is true, so we should not loosen the stop loss. The market analysis shows a bearish trend with acceptable volatility and liquidity, supporting the continuation of the short position. There is no need to adjust orders for minor price fluctuations as the market structure has not invalidated the trade. The existing orders (SL and Final TP) comply with the strategy guidelines.", "new_stop_loss": null, "new_take_profit": null, "partial_tp_price": null, "partial_tp_percent": null, "reduce_percent": null, "add_usdt": null}}
{"event": "market_data_fetched", "symbol": "0GUSDT", "duration_ms": 2394, "keys": ["funding_rate", "klines_15m", "klines_1h", "klines_1m", "oi_hist", "orderbook", "premium_index", "symbol"]}
{"event": "analysis_generated", "symbol": "0GUSDT", "duration_ms": 4, "score": 40, "direction_score": -1, "current_price": 0.8959}
{"event": "monitor_context", "symbol": "0GUSDT", "direction": "SHORT", "entry_price": 0.9159, "current_price": 0.8959, "qty": "16", "baseline_qty": "32", "core_qty": "16.0", "scalp_qty": "16.0", "profit_locked": true, "need_partial_tp": false}
{"event": "open_orders_fetched", "symbol": "0GUSDT", "count": 2}
{"event": "llm_monitor_raw", "symbol": "0GUSDT", "raw": {"action": "HOLD", "reasoning": "The current Stop Loss at 0.9141 is already protecting profits (break-even + fees) as suggested by the Smart Suggestions. The Profit Locked status is true, so we should not loosen the Stop Loss. The market analysis shows mixed signals but does not invalidate the trade. There is no need to adjust orders for minor price fluctuations as the trade setup remains valid.", "new_stop_loss": null, "new_take_profit": null, "partial_tp_price": null, "partial_tp_percent": null, "reduce_percent": null, "add_usdt": null}}
{"event": "market_data_fetched", "symbol": "0GUSDT", "duration_ms": 2400, "keys": ["funding_rate", "klines_15m", "klines_1h", "klines_1m", "oi_hist", "orderbook", "premium_index", "symbol"]}
{"event": "analysis_generated", "symbol": "0GUSDT", "duration_ms": 4, "score": 40, "direction_score": -2, "current_price": 0.8965}
{"event": "monitor_context", "symbol": "0GUSDT", "direction": "SHORT", "entry_price": 0.9159, "current_price": 0.8965, "qty": "16", "baseline_qty": "32", "core_qty": "16.0", "scalp_qty": "16.0", "profit_locked": true, "need_partial_tp": false}
{"event": "open_orders_fetched", "symbol": "0GUSDT", "count": 2}
{"event": "llm_monitor_raw", "symbol": "0GUSDT", "raw": {"action": "HOLD", "reasoning": "The current Stop Loss at 0.9141 is already protecting profits (break-even + fees) as suggested by the Smart Suggestions. The Profit Locked status is true, so we should not loosen the Stop Loss. The market analysis shows a bearish trend with acceptable volatility and liquidity, and the trade setup remains valid. There is no need to adjust orders for minor price fluctuations as per the Stability guideline.", "new_stop_loss": null, "new_take_profit": null, "partial_tp_price": null, "partial_tp_percent": null, "reduce_percent": null, "add_usdt": null}}
{"event": "market_data_fetched", "symbol": "0GUSDT", "duration_ms": 2479, "keys": ["funding_rate", "klines_15m", "klines_1h", "klines_1m", "oi_hist", "orderbook", "premium_index", "symbol"]}
{"event": "analysis_generated", "symbol": "0GUSDT", "duration_ms": 4, "score": 20, "direction_score": -2, "current_price": 0.8988}
{"event": "monitor_context", "symbol": "0GUSDT", "direction": "SHORT", "entry_price": 0.9159, "current_price": 0.8988, "qty": "16", "baseline_qty": "32", "core_qty": "16.0", "scalp_qty": "16.0", "profit_locked": true, "need_partial_tp": false}
{"event": "open_orders_fetched", "symbol": "0GUSDT", "count": 2}
{"event": "llm_monitor_raw", "symbol": "0GUSDT", "raw": {"action": "HOLD", "reasoning": "The current Stop Loss at 0.9141 is already protecting profits (break-even + fees) as suggested by the Smart Suggestions. The Profit Locked status is true, so we should not loosen the Stop Loss. The market analysis shows a bearish trend with acceptable volatility and liquidity, and there's no immediate need to adjust orders based on the Stability guidelines. The position is already partially taken profit (Profit Locked: True), and the remaining size is managed with a Final Take Profit at 0.88. No further action is required unless market conditions change significantly.", "new_stop_loss": null, "new_take_profit": null, "partial_tp_price": null, "partial_tp_percent": null, "reduce_percent": null, "add_usdt": null}}
{"event": "market_data_fetched", "symbol": "0GUSDT", "duration_ms": 2399, "keys": ["funding_rate", "klines_15m", "klines_1h", "klines_1m", "oi_hist", "orderbook", "premium_index", "symbol"]}
{"event": "analysis_generated", "symbol": "0GUSDT", "duration_ms": 4, "score": 40, "direction_score": -3, "current_price": 0.8959}
{"event": "monitor_context", "symbol": "0GUSDT", "direction": "SHORT", "entry_price": 0.9159, "current_price": 0.8959, "qty": "16", "baseline_qty": "32", "core_qty": "16.0", "scalp_qty": "16.0", "profit_locked": true, "need_partial_tp": false}
{"event": "open_orders_fetched", "symbol": "0GUSDT", "count": 2}
{"event": "llm_monitor_raw", "symbol": "0GUSDT", "raw": {"action": "HOLD", "reasoning": "The current position is profitable with a 2.21% unrealized PnL, and the stop loss is already set at 0.9141 to protect profits (break-even + fees). The market analysis shows a bearish trend with acceptable volatility and liquidity, supporting the continuation of the short position. The profit is locked, and there is no need to adjust orders for minor price fluctuations. The existing stop loss and final take profit orders are in place as per the strategy guidelines.", "new_stop_loss": null, "new_take_profit": null, "partial_tp_price": null, "partial_tp_percent": null, "reduce_percent": null, "add_usdt": null}}
{"event": "market_data_fetched", "symbol": "0GUSDT", "duration_ms": 2392, "keys": ["funding_rate", "klines_15m", "klines_1h", "klines_1m", "oi_hist", "orderbook", "premium_index", "symbol"]}
{"event": "analysis_generated", "symbol": "0GUSDT", "duration_ms": 2, "score": 55, "direction_score": -3, "current_price": 0.8924}
{"event": "monitor_context", "symbol": "0GUSDT", "direction": "SHORT", "entry_price": 0.9159, "current_price": 0.8924, "qty": "16", "baseline_qty": "32", "core_qty": "16.0", "scalp_qty": "16.0", "profit_locked": true, "need_partial_tp": false}
{"event": "open_orders_fetched", "symbol": "0GUSDT", "count": 2}
{"event": "llm_monitor_raw", "symbol": "0GUSDT", "raw": {"action": "HOLD", "reasoning": "The current stop loss at 0.9141 is appropriately set to protect profits (break-even + fees) as per the Profit Lock rule. The market analysis shows continued bearish signals (1H均线空头排列, 放量下跌) and volatility remains acceptable. No structural invalidation or immediate adjustment is needed. The existing SL and Final TP cover the core strategy requirements.", "new_stop_loss": null, "new_take_profit": null, "partial_tp_price": null, "partial_tp_percent": null, "reduce_percent": null, "add_usdt": null}}
{"event": "market_data_fetched", "symbol": "0GUSDT", "duration_ms": 2405, "keys": ["funding_rate", "klines_15m", "klines_1h", "klines_1m", "oi_hist", "orderbook", "premium_index", "symbol"]}
{"event": "analysis_generated", "symbol": "0GUSDT", "duration_ms": 4, "score": 35, "direction_score": -2, "current_price": 0.8929}
{"event": "monitor_context", "symbol": "0GUSDT", "direction": "SHORT", "entry_price": 0.9159, "current_price": 0.8929, "qty": "16", "baseline_qty": "32", "core_qty": "16.0", "scalp_qty": "16.0", "profit_locked": true, "need_partial_tp": false}
{"event": "open_orders_fetched", "symbol": "0GUSDT", "count": 2}
{"event": "llm_monitor_raw", "symbol": "0GUSDT", "raw": {"action": "HOLD", "reasoning": "The current position is profitable with a locked profit, and the stop loss is already set at 0.9141, which protects the position at break-even (including fees). The market analysis shows a bearish trend with acceptable volatility and liquidity, supporting the continuation of the short position. There is no need to adjust orders for minor price fluctuations as the market structure has not invalidated the trade. The final take profit is set at 0.88, and there is no partial take profit needed at this time. Therefore, holding the current position with existing orders is the optimal action.", "new_stop_loss": null, "new_take_profit": null, "partial_tp_price": null, "partial_tp_percent": null, "reduce_percent": null, "add_usdt": null}}
{"event": "market_data_fetched", "symbol": "0GUSDT", "duration_ms": 2397, "keys": ["funding_rate", "klines_15m", "klines_1h", "klines_1m", "oi_hist", "orderbook", "premium_index", "symbol"]}
{"event": "analysis_generated", "symbol": "0GUSDT", "duration_ms": 3, "score": 45, "direction_score": -3, "current_price": 0.8929}
{"event": "monitor_context", "symbol": "0GUSDT", "direction": "SHORT", "entry_price": 0.9159, "current_price": 0.8929, "qty": "16", "baseline_qty": "32", "core_qty": "16.0", "scalp_qty": "16.0", "profit_locked": true, "need_partial_tp": false}
{"event": "open_orders_fetched", "symbol": "0GUSDT", "count": 2}
{"event": "llm_monitor_raw", "symbol": "0GUSDT", "raw": {"action": "HOLD", "reasoning": "The current Stop Loss at 0.9141 is already protecting profits (break-even + fees) as suggested by the Smart Suggestions. Profit Locked is true, so we should not loosen the Stop Loss. The market analysis shows favorable conditions for maintaining the short position (1H均线空头排列, volatility合格, liquidity良好, 卖盘压制). There is no need to adjust orders for minor price fluctuations as the market structure has not invalidated the trade. All strategy guidelines are currently being followed.", "new_stop_loss": null, "new_take_profit": null, "partial_tp_price": null, "partial_tp_percent": null, "reduce_percent": null, "add_usdt": null}}
{"event": "market_data_fetched", "symbol": "0GUSDT", "duration_ms": 2394, "keys": ["funding_rate", "klines_15m", "klines_1h", "klines_1m", "oi_hist", "orderbook", "premium_index", "symbol"]}
{"event": "analysis_generated", "symbol": "0GUSDT", "duration_ms": 3, "score": 40, "direction_score": -3, "current_price": 0.8938}
{"event": "monitor_context", "symbol": "0GUSDT", "direction": "SHORT", "entry_price": 0.9159, "current_price": 0.8938, "qty": "16", "baseline_qty": "32", "core_qty": "16.0", "scalp_qty": "16.0", "profit_locked": true, "need_partial_tp": false}
{"event": "open_orders_fetched", "symbol": "0GUSDT", "count": 2}
{"event": "llm_monitor_raw", "symbol": "0GUSDT", "raw": {"action": "HOLD", "reasoning": "The current stop loss at 0.9141 is already protecting profits (break-even + fees) as suggested by the Smart Suggestions. The position is profitable with Profit Locked set to true, and there is no need to adjust orders for minor price fluctuations. The market analysis still supports the short position with bearish signals and imbalance. All strategy guidelines are being followed.", "new_stop_loss": null, "new_take_profit": null, "partial_tp_price": null, "partial_tp_percent": null, "reduce_percent": null, "add_usdt": null}}
{"event": "market_data_fetched", "symbol": "0GUSDT", "duration_ms": 2409, "keys": ["funding_rate", "klines_15m", "klines_1h", "klines_1m", "oi_hist", "orderbook", "premium_index", "symbol"]}
{"event": "analysis_generated", "symbol": "0GUSDT", "duration_ms": 2, "score": 20, "direction_score": -2, "current_price": 0.895}
{"event": "monitor_context", "symbol": "0GUSDT", "direction": "SHORT", "entry_price": 0.9159, "current_price": 0.895, "qty": "16", "baseline_qty": "32", "core_qty": "16.0", "scalp_qty": "16.0", "profit_locked": true, "need_partial_tp": false}
{"event": "open_orders_fetched", "symbol": "0GUSDT", "count": 2}
{"event": "llm_monitor_raw", "symbol": "0GUSDT", "raw": {"action": "HOLD", "reasoning": "The current Stop Loss at 0.9141 is already protecting profits (break-even + fees) as suggested by the Smart Suggestions. The Profit Locked status is true, so we should not loosen the Stop Loss. The market analysis shows a bearish trend with acceptable volatility and liquidity, supporting the continuation of the short position. There is no need to adjust orders for minor price fluctuations as the market structure has not invalidated the trade. The Final Take Profit at 0.88 remains valid, and there is no Partial Take Profit needed at this time.", "new_stop_loss": null, "new_take_profit": null, "partial_tp_price": null, "partial_tp_percent": null, "reduce_percent": null, "add_usdt": null}}
{"event": "market_data_fetched", "symbol": "0GUSDT", "duration_ms": 2411, "keys": ["funding_rate", "klines_15m", "klines_1h", "klines_1m", "oi_hist", "orderbook", "premium_index", "symbol"]}
{"event": "analysis_generated", "symbol": "0GUSDT", "duration_ms": 3, "score": 60, "direction_score": -3, "current_price": 0.8952}
{"event": "monitor_context", "symbol": "0GUSDT", "direction": "SHORT", "entry_price": 0.9159, "current_price": 0.8952, "qty": "16", "baseline_qty": "32", "core_qty": "16.0", "scalp_qty": "16.0", "profit_locked": true, "need_partial_tp": false}
{"event": "open_orders_fetched", "symbol": "0GUSDT", "count": 2}
{"event": "llm_monitor_raw", "symbol": "0GUSDT", "raw": {"action": "HOLD", "reasoning": "The current Stop Loss at 0.9141 is appropriately set to protect profits (break-even + fees) as per Profit Lock guidelines. The Final Take Profit at 0.88 remains valid, and no Partial Take Profit is needed since Profit Locked is true and scalp size has already been partially taken. Market analysis supports maintaining the position with no structural invalidation. No adjustments are required unless market conditions change significantly.", "new_stop_loss": null, "new_take_profit": null, "partial_tp_price": null, "partial_tp_percent": null, "reduce_percent": null, "add_usdt": null}}
{"event": "market_data_fetched", "symbol": "0GUSDT", "duration_ms": 2425, "keys": ["funding_rate", "klines_15m", "klines_1h", "klines_1m", "oi_hist", "orderbook", "premium_index", "symbol"]}
{"event": "analysis_generated", "symbol": "0GUSDT", "duration_ms": 3, "score": 60, "direction_score": -3, "current_price": 0.8935}
{"event": "monitor_context", "symbol": "0GUSDT", "direction": "SHORT", "entry_price": 0.9159, "current_price": 0.8935, "qty": "16", "baseline_qty": "32", "core_qty": "16.0", "scalp_qty": "16.0", "profit_locked": true, "need_partial_tp": false}
{"event": "open_orders_fetched", "symbol": "0GUSDT", "count": 2}
{"event": "llm_monitor_raw", "symbol": "0GUSDT", "raw": {"action": "HOLD", "reasoning": "The current position is profitable with a locked profit, and the stop loss is already set at 0.9141 to protect profits (break-even + fees). The market analysis supports the continuation of the short position with a trend score of 60 and bearish signals. No adjustments are needed as the stop loss and take profit are correctly set, and there is no need for a partial take profit at this time.", "new_stop_loss": null, "new_take_profit": null, "partial_tp_price": null, "partial_tp_percent": null, "reduce_percent": null, "add_usdt": null}}
{"event": "market_data_fetched", "symbol": "0GUSDT", "duration_ms": 2390, "keys": ["funding_rate", "klines_15m", "klines_1h", "klines_1m", "oi_hist", "orderbook", "premium_index", "symbol"]}
{"event": "analysis_generated", "symbol": "0GUSDT", "duration_ms": 2, "score": 35, "direction_score": -2, "current_price": 0.8907}
{"event": "monitor_context", "symbol": "0GUSDT", "direction": "SHORT", "entry_price": 0.9159, "current_price": 0.8907, "qty": "16", "baseline_qty": "32", "core_qty": "16.0", "scalp_qty": "16.0", "profit_locked": true, "need_partial_tp": false}
{"event": "open_orders_fetched", "symbol": "0GUSDT", "count": 2}
{"event": "llm_monitor_raw", "symbol": "0GUSDT", "raw": {"action": "HOLD", "reasoning": "The current position has a Stop Loss at 0.9141, which is above the break-even point (0.9159) and aligns with the 'Profit Locked' rule to protect profits. The Final Take Profit at 0.88 is active, and there is no need for a Partial Take Profit as 'Need: False'. The market analysis shows a bearish trend (1H均线空头排列) with acceptable volatility and liquidity, supporting the continuation of the short position. No adjustments are needed unless market conditions change significantly.", "new_stop_loss": null, "new_take_profit": null, "partial_tp_price": null, "partial_tp_percent": null, "reduce_percent": null, "add_usdt": null}}
{"event": "market_data_fetched", "symbol": "0GUSDT", "duration_ms": 2575, "keys": ["funding_rate", "klines_15m", "klines_1h", "klines_1m", "oi_hist", "orderbook", "premium_index", "symbol"]}
{"event": "analysis_generated", "symbol": "0GUSDT", "duration_ms": 3, "score": 60, "direction_score": -2, "current_price": 0.887}
{"event": "monitor_context", "symbol": "0GUSDT", "direction": "SHORT", "entry_price": 0.9159, "current_price": 0.887, "qty": "16", "baseline_qty": "32", "core_qty": "16.0", "scalp_qty": "16.0", "profit_locked": true, "need_partial_tp": false}
{"event": "open_orders_fetched", "symbol": "0GUSDT", "count": 2}
{"event": "llm_monitor_raw", "symbol": "0GUSDT", "raw": {"action": "HOLD", "reasoning": "The current stop loss at 0.9141 is already protecting profits (break-even + fees) as suggested by the Smart Suggestions. The Profit Locked status is true, so we should not loosen the stop loss. The market analysis shows a bearish trend with valid signals, and the trade has not been invalidated. There is no need to adjust orders for minor price fluctuations as the market structure remains favorable for the short position. The Final Take Profit at 0.88 is still valid, and there is no need for a Partial Take Profit since the scalp size has already been partially taken (Profit Locked is true).", "new_stop_loss": null, "new_take_profit": null, "partial_tp_price": null, "partial_tp_percent": null, "reduce_percent": null, "add_usdt": null}}
{"event": "market_data_fetched", "symbol": "0GUSDT", "duration_ms": 2426, "keys": ["funding_rate", "klines_15m", "klines_1h", "klines_1m", "oi_hist", "orderbook", "premium_index", "symbol"]}
{"event": "analysis_generated", "symbol": "0GUSDT", "duration_ms": 4, "score": 40, "direction_score": -1, "current_price": 0.8867}
{"event": "monitor_context", "symbol": "0GUSDT", "direction": "SHORT", "entry_price": 0.9159, "current_price": 0.8867, "qty": "16", "baseline_qty": "32", "core_qty": "16.0", "scalp_qty": "16.0", "profit_locked": true, "need_partial_tp": false}
{"event": "open_orders_fetched", "symbol": "0GUSDT", "count": 2}
{"event": "llm_monitor_raw", "symbol": "0GUSDT", "raw": {"action": "HOLD", "reasoning": "The current Stop Loss at 0.9141 is already protecting profits (break-even + fees) as suggested by the Smart Suggestions. The Profit Locked status is true, so we should not loosen the Stop Loss. The market analysis shows a trend score of 40, which matches the entry criteria, and there are no invalidating signals. The existing orders (Stop Loss and Final Take Profit) are correctly set according to the strategy guidelines. No adjustments are needed at this time.", "new_stop_loss": null, "new_take_profit": null, "partial_tp_price": null, "partial_tp_percent": null, "reduce_percent": null, "add_usdt": null}}
{"event": "market_data_fetched", "symbol": "0GUSDT", "duration_ms": 2408, "keys": ["funding_rate", "klines_15m", "klines_1h", "klines_1m", "oi_hist", "orderbook", "premium_index", "symbol"]}
{"event": "analysis_generated", "symbol": "0GUSDT", "duration_ms": 3, "score": 55, "direction_score": -3, "current_price": 0.8895}
{"event": "monitor_context", "symbol": "0GUSDT", "direction": "SHORT", "entry_price": 0.9159, "current_price": 0.8895, "qty": "16", "baseline_qty": "32", "core_qty": "16.0", "scalp_qty": "16.0", "profit_locked": true, "need_partial_tp": false}
{"event": "open_orders_fetched", "symbol": "0GUSDT", "count": 2}
{"event": "llm_monitor_raw", "symbol": "0GUSDT", "raw": {"action": "HOLD", "reasoning": "The current Stop Loss at 0.9141 is already protecting profits (break-even + fees) as suggested by the Smart Suggestions. The Profit Locked status is true, so we should not loosen the Stop Loss. The market analysis shows favorable conditions for maintaining the short position (1H均线空头排列, volatility qualified, good liquidity, and sell-side pressure). There is no need to adjust orders for minor fluctuations as the trade setup remains valid.", "new_stop_loss": null, "new_take_profit": null, "partial_tp_price": null, "partial_tp_percent": null, "reduce_percent": null, "add_usdt": null}}
{"event": "market_data_fetched", "symbol": "0GUSDT", "duration_ms": 2398, "keys": ["funding_rate", "klines_15m", "klines_1h", "klines_1m", "oi_hist", "orderbook", "premium_index", "symbol"]}
{"event": "analysis_generated", "symbol": "0GUSDT", "duration_ms": 3, "score": 55, "direction_score": -3, "current_price": 0.8883}
{"event": "monitor_context", "symbol": "0GUSDT", "direction": "SHORT", "entry_price": 0.9159, "current_price": 0.8883, "qty": "16", "baseline_qty": "32", "core_qty": "16.0", "scalp_qty": "16.0", "profit_locked": true, "need_partial_tp": false}
{"event": "open_orders_fetched", "symbol": "0GUSDT", "count": 2}
{"event": "llm_monitor_raw", "symbol": "0GUSDT", "raw": {"action": "HOLD", "reasoning": "The current stop loss at 0.9141 is already set to protect profits (break-even + fees) as suggested by the Smart Suggestions. The position is profitable with an unrealized PnL of 2.93%, and the Profit Locked status is true, meaning we should not loosen the stop loss. The market analysis shows a bearish trend with valid signals, and the current orders (Stop Loss and Final Take Profit) are in place according to the strategy. There is no need for a Partial Take Profit as the scalp size has already been partially taken (Profit Locked is true). No adjustments are necessary unless market conditions change significantly.", "new_stop_loss": null, "new_take_profit": null, "partial_tp_price": null, "partial_tp_percent": null, "reduce_percent": null, "add_usdt": null}}
{"event": "market_data_fetched", "symbol": "0GUSDT", "duration_ms": 2392, "keys": ["funding_rate", "klines_15m", "klines_1h", "klines_1m", "oi_hist", "orderbook", "premium_index", "symbol"]}
{"event": "analysis_generated", "symbol": "0GUSDT", "duration_ms": 1, "score": 45, "direction_score": -3, "current_price": 0.8885}
{"event": "monitor_context", "symbol": "0GUSDT", "direction": "SHORT", "entry_price": 0.9159, "current_price": 0.8885, "qty": "16", "baseline_qty": "32", "core_qty": "16.0", "scalp_qty": "16.0", "profit_locked": true, "need_partial_tp": false}
{"event": "open_orders_fetched", "symbol": "0GUSDT", "count": 2}
{"event": "llm_monitor_raw", "symbol": "0GUSDT", "raw": {"action": "HOLD", "reasoning": "The current Stop Loss at 0.9141 is already protecting profits (break-even + fees) as suggested by the Smart Suggestions. The Profit Locked status is true, so we should not loosen the Stop Loss. The market analysis shows a bearish trend with acceptable volatility and liquidity, supporting the continuation of the short position. There is no need to adjust orders for minor price fluctuations as the market structure has not invalidated the trade. The Final Take Profit at 0.88 is still valid and no Partial Take Profit is needed at this time.", "new_stop_loss": null, "new_take_profit": null, "partial_tp_price": null, "partial_tp_percent": null, "reduce_percent": null, "add_usdt": null}}
{"event": "market_data_fetched", "symbol": "0GUSDT", "duration_ms": 2397, "keys": ["funding_rate", "klines_15m", "klines_1h", "klines_1m", "oi_hist", "orderbook", "premium_index", "symbol"]}
{"event": "analysis_generated", "symbol": "0GUSDT", "duration_ms": 3, "score": 40, "direction_score": -3, "current_price": 0.8905}
{"event": "monitor_context", "symbol": "0GUSDT", "direction": "SHORT", "entry_price": 0.9159, "current_price": 0.8905, "qty": "16", "baseline_qty": "32", "core_qty": "16.0", "scalp_qty": "16.0", "profit_locked": true, "need_partial_tp": false}
{"event": "open_orders_fetched", "symbol": "0GUSDT", "count": 2}
{"event": "llm_monitor_raw", "symbol": "0GUSDT", "raw": {"action": "HOLD", "reasoning": "The current stop loss at 0.9141 is already set to protect profits (break-even + fees) as suggested by the Smart Suggestions. The Profit Locked status is true, so we should not loosen the stop loss. The market analysis shows a bearish trend with acceptable volatility and liquidity, supporting the continuation of the short position. There is no need to adjust orders for minor price fluctuations as the market structure has not invalidated the trade. The final take profit at 0.88 is still valid, and there is no need for a partial take profit at this time.", "new_stop_loss": null, "new_take_profit": null, "partial_tp_price": null, "partial_tp_percent": null, "reduce_percent": null, "add_usdt": null}}
{"event": "market_data_fetched", "symbol": "0GUSDT", "duration_ms": 2410, "keys": ["funding_rate", "klines_15m", "klines_1h", "klines_1m", "oi_hist", "orderbook", "premium_index", "symbol"]}
{"event": "analysis_generated", "symbol": "0GUSDT", "duration_ms": 3, "score": 60, "direction_score": -2, "current_price": 0.8892}
{"event": "monitor_context", "symbol": "0GUSDT", "direction": "SHORT", "entry_price": 0.9159, "current_price": 0.8892, "qty": "16", "baseline_qty": "32", "core_qty": "16.0", "scalp_qty": "16.0", "profit_locked": true, "need_partial_tp": false}
{"event": "open_orders_fetched", "symbol": "0GUSDT", "count": 2}
{"event": "llm_monitor_raw", "symbol": "0GUSDT", "raw": {"action": "HOLD", "reasoning": "The current Stop Loss at 0.9141 is already protecting profits (break-even + fees) as suggested by the Smart Suggestions. The Profit Locked status is true, so we should not loosen the Stop Loss. The market analysis shows a bearish trend with acceptable volatility and liquidity, supporting the continuation of the short position. There is no need to adjust orders for minor price fluctuations as the trade setup remains valid.", "new_stop_loss": null, "new_take_profit": null, "partial_tp_price": null, "partial_tp_percent": null, "reduce_percent": null, "add_usdt": null}}
{"event": "market_data_fetched", "symbol": "0GUSDT", "duration_ms": 2390, "keys": ["funding_rate", "klines_15m", "klines_1h", "klines_1m", "oi_hist", "orderbook", "premium_index", "symbol"]}
{"event": "analysis_generated", "symbol": "0GUSDT", "duration_ms": 3, "score": 55, "direction_score": -3, "current_price": 0.8835}
{"event": "monitor_context", "symbol": "0GUSDT", "direction": "SHORT", "entry_price": 0.9159, "current_price": 0.8835, "qty": "16", "baseline_qty": "32", "core_qty": "16.0", "scalp_qty": "16.0", "profit_locked": true, "need_partial_tp": false}
{"event": "open_orders_fetched", "symbol": "0GUSDT", "count": 2}
{"event": "llm_monitor_raw", "symbol": "0GUSDT", "raw": {"action": "HOLD", "reasoning": "The current Stop Loss at 0.9141 is appropriately set to protect profits (break-even + fees) as per the Profit Lock rule. The Final Take Profit at 0.88 is active and aligns with the strategy. The market analysis shows continued bearish signals (1H均线空头排列, 放量下跌), and the trend score (55) still supports the short position. No adjustments are needed unless market structure invalidates the trade or Stop Loss becomes too risky. Since Profit Locked is true and current size (16.0) is already below Baseline Size (32), adding is optional but not necessary here.", "new_stop_loss": null, "new_take_profit": null, "partial_tp_price": null, "partial_tp_percent": null, "reduce_percent": null, "add_usdt": null}}
{"event": "market_data_fetched", "symbol": "0GUSDT", "duration_ms": 2401, "keys": ["funding_rate", "klines_15m", "klines_1h", "klines_1m", "oi_hist", "orderbook", "premium_index", "symbol"]}
{"event": "analysis_generated", "symbol": "0GUSDT", "duration_ms": 3, "score": 45, "direction_score": -3, "current_price": 0.8872}
{"event": "monitor_context", "symbol": "0GUSDT", "direction": "SHORT", "entry_price": 0.9159, "current_price": 0.8872, "qty": "16", "baseline_qty": "32", "core_qty": "16.0", "scalp_qty": "16.0", "profit_locked": true, "need_partial_tp": false}
{"event": "open_orders_fetched", "symbol": "0GUSDT", "count": 2}
{"event": "llm_monitor_raw", "symbol": "0GUSDT", "raw": {"action": "HOLD", "reasoning": "The current Stop Loss at 0.9141 is already protecting profits (break-even + fees) as suggested by the Smart Suggestions. The Profit Locked status is true, so we should not loosen the Stop Loss. The market analysis shows a bearish trend with acceptable volatility and liquidity, supporting the continuation of the short position. There is no need to adjust orders for minor price fluctuations as the market structure has not invalidated the trade. The Final Take Profit at 0.88 remains valid, and there is no Partial Take Profit needed at this time.", "new_stop_loss": null, "new_take_profit": null, "partial_tp_price": null, "partial_tp_percent": null, "reduce_percent": null, "add_usdt": null}}
{"event": "market_data_fetched", "symbol": "0GUSDT", "duration_ms": 2411, "keys": ["funding_rate", "klines_15m", "klines_1h", "klines_1m", "oi_hist", "orderbook", "premium_index", "symbol"]}
{"event": "analysis_generated", "symbol": "0GUSDT", "duration_ms": 4, "score": 55, "direction_score": -3, "current_price": 0.8873}
{"event": "monitor_context", "symbol": "0GUSDT", "direction": "SHORT", "entry_price": 0.9159, "current_price": 0.8873, "qty": "16", "baseline_qty": "32", "core_qty": "16.0", "scalp_qty": "16.0", "profit_locked": true, "need_partial_tp": false}
{"event": "open_orders_fetched", "symbol": "0GUSDT", "count": 2}
{"event": "llm_monitor_raw", "symbol": "0GUSDT", "raw": {"action": "HOLD", "reasoning": "The current Stop Loss at 0.9141 is already protecting profits (break-even + fees) as suggested by the Smart Suggestions. The Profit Locked status is true, so we should not loosen the Stop Loss. The market analysis shows favorable conditions for maintaining the short position (1H均线空头排列, volatility qualified, good liquidity, sell-side pressure). There is no need to adjust orders for minor price fluctuations as the trade setup remains valid. The Final Take Profit at 0.88 is still appropriate, and no Partial Take Profit is needed at this time.", "new_stop_loss": null, "new_take_profit": null, "partial_tp_price": null, "partial_tp_percent": null, "reduce_percent": null, "add_usdt": null}}
{"event": "market_data_fetched", "symbol": "0GUSDT", "duration_ms": 2403, "keys": ["funding_rate", "klines_15m", "klines_1h", "klines_1m", "oi_hist", "orderbook", "premium_index", "symbol"]}
{"event": "analysis_generated", "symbol": "0GUSDT", "duration_ms": 2, "score": 40, "direction_score": -3, "current_price": 0.89}
{"event": "monitor_context", "symbol": "0GUSDT", "direction": "SHORT", "entry_price": 0.9159, "current_price": 0.89, "qty": "16", "baseline_qty": "32", "core_qty": "16.0", "scalp_qty": "16.0", "profit_locked": true, "need_partial_tp": false}
{"event": "open_orders_fetched", "symbol": "0GUSDT", "count": 2}
{"event": "llm_monitor_raw", "symbol": "0GUSDT", "raw": {"action": "HOLD", "reasoning": "The current Stop Loss at 0.9141 is appropriately set to protect profits (break-even + fees) as per Profit Lock guidelines. The Final Take Profit at 0.88 remains valid. No Partial Take Profit is needed (Need: False). Market signals (1H均线空头排列, volatility合格, liquidity良好, 卖盘压制) still support the short position, and no structural invalidation is observed. Stability rules prohibit unnecessary order adjustments.", "new_stop_loss": null, "new_take_profit": null, "partial_tp_price": null, "partial_tp_percent": null, "reduce_percent": null, "add_usdt": null}}
{"event": "market_data_fetched", "symbol": "0GUSDT", "duration_ms": 2390, "keys": ["funding_rate", "klines_15m", "klines_1h", "klines_1m", "oi_hist", "orderbook", "premium_index", "symbol"]}
{"event": "analysis_generated", "symbol": "0GUSDT", "duration_ms": 3, "score": 55, "direction_score": -3, "current_price": 0.8869}
{"event": "monitor_context", "symbol": "0GUSDT", "direction": "SHORT", "entry_price": 0.9159, "current_price": 0.8869, "qty": "16", "baseline_qty": "32", "core_qty": "16.0", "scalp_qty": "16.0", "profit_locked": true, "need_partial_tp": false}
{"event": "open_orders_fetched", "symbol": "0GUSDT", "count": 2}
{"event": "llm_monitor_raw", "symbol": "0GUSDT", "raw": {"action": "HOLD", "reasoning": "The current Stop Loss at 0.9141 is already protecting profits (break-even + fees) as suggested by the Smart Suggestions. The Profit Locked status is true, so we should not loosen the Stop Loss. The market analysis shows a continued bearish trend with valid signals, and there's no immediate need to adjust orders based on the Stability guidelines. The Final Take Profit at 0.88 is still valid, and there's no Partial Take Profit needed at this time.", "new_stop_loss": null, "new_take_profit": null, "partial_tp_price": null, "partial_tp_percent": null, "reduce_percent": null, "add_usdt": null}}
{"event": "market_data_fetched", "symbol": "0GUSDT", "duration_ms": 2395, "keys": ["funding_rate", "klines_15m", "klines_1h", "klines_1m", "oi_hist", "orderbook", "premium_index", "symbol"]}
{"event": "analysis_generated", "symbol": "0GUSDT", "duration_ms": 5, "score": 45, "direction_score": -3, "current_price": 0.8888}
{"event": "monitor_context", "symbol": "0GUSDT", "direction": "SHORT", "entry_price": 0.9159, "current_price": 0.8888, "qty": "16", "baseline_qty": "32", "core_qty": "16.0", "scalp_qty": "16.0", "profit_locked": true, "need_partial_tp": false}
{"event": "open_orders_fetched", "symbol": "0GUSDT", "count": 2}
{"event": "llm_monitor_raw", "symbol": "0GUSDT", "raw": {"action": "HOLD", "reasoning": "The current position is profitable with a locked profit, and the stop loss is already set at 0.9141, which protects the position at break-even (including fees). The market analysis shows a bearish trend with acceptable volatility and liquidity, supporting the continuation of the short position. There is no need to adjust orders as the market structure has not invalidated the trade, and the stop loss is not missing or too risky. The final take profit is set at 0.88, which aligns with the strategy. No partial take profit is needed as 'Need: False' indicates it's not required.", "new_stop_loss": null, "new_take_profit": null, "partial_tp_price": null, "partial_tp_percent": null, "reduce_percent": null, "add_usdt": null}}
{"event": "market_data_fetched", "symbol": "0GUSDT", "duration_ms": 2432, "keys": ["funding_rate", "klines_15m", "klines_1h", "klines_1m", "oi_hist", "orderbook", "premium_index", "symbol"]}
{"event": "analysis_generated", "symbol": "0GUSDT", "duration_ms": 2, "score": 40, "direction_score": -3, "current_price": 0.8866}
{"event": "monitor_context", "symbol": "0GUSDT", "direction": "SHORT", "entry_price": 0.9159, "current_price": 0.8866, "qty": "16", "baseline_qty": "32", "core_qty": "16.0", "scalp_qty": "16.0", "profit_locked": true, "need_partial_tp": false}
{"event": "open_orders_fetched", "symbol": "0GUSDT", "count": 2}
{"event": "llm_monitor_raw", "symbol": "0GUSDT", "raw": {"action": "HOLD", "reasoning": "The current position meets all strategy guidelines: a full Stop Loss (0.9141) is active to protect profits (already at break-even + fees), a Final Take Profit (0.88) is set, and no Partial Take Profit is needed (Profit Locked is true). Market conditions remain favorable (1H均线空头排列, volatility合格, liquidity良好, sell-side imbalance), and the Smart Suggestion to update SL to 0.9141 is already reflected in active orders. No adjustments are required unless market structure invalidates the trade.", "new_stop_loss": null, "new_take_profit": null, "partial_tp_price": null, "partial_tp_percent": null, "reduce_percent": null, "add_usdt": null}}
{"event": "market_data_fetched", "symbol": "0GUSDT", "duration_ms": 2390, "keys": ["funding_rate", "klines_15m", "klines_1h", "klines_1m", "oi_hist", "orderbook", "premium_index", "symbol"]}
{"event": "analysis_generated", "symbol": "0GUSDT", "duration_ms": 5, "score": 40, "direction_score": -1, "current_price": 0.8837}
{"event": "monitor_context", "symbol": "0GUSDT", "direction": "SHORT", "entry_price": 0.9159, "current_price": 0.8837, "qty": "16", "baseline_qty": "32", "core_qty": "16.0", "scalp_qty": "16.0", "profit_locked": true, "need_partial_tp": false}
{"event": "open_orders_fetched", "symbol": "0GUSDT", "count": 2}
{"event": "llm_monitor_raw", "symbol": "0GUSDT", "raw": {"action": "HOLD", "reasoning": "The current Stop Loss at 0.9141 is already protecting profits (break-even + fees) as suggested by the Smart Suggestions. The Profit Locked status is true, so we should not loosen the Stop Loss. The market analysis shows a trend score of 40, which aligns with the initial entry condition, and there are no signals indicating invalidation of the trade. The Final Take Profit at 0.88 is still valid and no Partial Take Profit is needed as per the current setup. Therefore, maintaining the current orders is the most appropriate action.", "new_stop_loss": null, "new_take_profit": null, "partial_tp_price": null, "partial_tp_percent": null, "reduce_percent": null, "add_usdt": null}}
{"event": "market_data_fetched", "symbol": "0GUSDT", "duration_ms": 2390, "keys": ["funding_rate", "klines_15m", "klines_1h", "klines_1m", "oi_hist", "orderbook", "premium_index", "symbol"]}
{"event": "analysis_generated", "symbol": "0GUSDT", "duration_ms": 4, "score": 40, "direction_score": -2, "current_price": 0.8816}
{"event": "monitor_context", "symbol": "0GUSDT", "direction": "SHORT", "entry_price": 0.9159, "current_price": 0.8816, "qty": "16", "baseline_qty": "32", "core_qty": "16.0", "scalp_qty": "16.0", "profit_locked": true, "need_partial_tp": false}
{"event": "open_orders_fetched", "symbol": "0GUSDT", "count": 2}
{"event": "llm_monitor_raw", "symbol": "0GUSDT", "raw": {"action": "HOLD", "reasoning": "The current position is profitable with a locked profit, and the stop loss is already set at 0.9141 (break-even + fees) as suggested. The final take profit is active at 0.88, which is close to the current price of 0.8816. The market analysis shows a bearish trend with acceptable volatility and liquidity, but the trend score of 40 does not strongly invalidate the trade. Since the profit is locked and the stop loss is properly set, there is no need to adjust orders or close the position at this time. The strategy guidelines recommend holding unless there is a significant change in market structure or risk parameters.", "new_stop_loss": null, "new_take_profit": null, "partial_tp_price": null, "partial_tp_percent": null, "reduce_percent": null, "add_usdt": null}}
{"event": "market_data_fetched", "symbol": "0GUSDT", "duration_ms": 2429, "keys": ["funding_rate", "klines_15m", "klines_1h", "klines_1m", "oi_hist", "orderbook", "premium_index", "symbol"]}
{"event": "analysis_generated", "symbol": "0GUSDT", "duration_ms": 3, "score": 60, "direction_score": -2, "current_price": 0.8812}
{"event": "monitor_context", "symbol": "0GUSDT", "direction": "SHORT", "entry_price": 0.9159, "current_price": 0.8812, "qty": "16", "baseline_qty": "32", "core_qty": "16.0", "scalp_qty": "16.0", "profit_locked": true, "need_partial_tp": false}
{"event": "open_orders_fetched", "symbol": "0GUSDT", "count": 2}
{"event": "llm_monitor_raw", "symbol": "0GUSDT", "raw": {"action": "HOLD", "reasoning": "The current position is profitable with a locked profit, and the stop loss is already set at 0.9141 to protect profits (break-even + fees). The market analysis shows a bearish trend with valid signals, and the trade setup remains intact. There is no need to adjust orders as the stop loss is active and the final take profit is set. The profit lock is active, so we should not loosen the stop loss. The current size is below the baseline size, but since the profit is locked and the market structure hasn't invalidated the trade, adding to the position is optional and not necessary at this moment.", "new_stop_loss": null, "new_take_profit": null, "partial_tp_price": null, "partial_tp_percent": null, "reduce_percent": null, "add_usdt": null}}
{"event": "market_data_fetched", "symbol": "0GUSDT", "duration_ms": 2397, "keys": ["funding_rate", "klines_15m", "klines_1h", "klines_1m", "oi_hist", "orderbook", "premium_index", "symbol"]}
{"event": "analysis_generated", "symbol": "0GUSDT", "duration_ms": 3, "score": 60, "direction_score": -3, "current_price": 0.8816}
{"event": "monitor_context", "symbol": "0GUSDT", "direction": "SHORT", "entry_price": 0.9159, "current_price": 0.8816, "qty": "16", "baseline_qty": "32", "core_qty": "16.0", "scalp_qty": "16.0", "profit_locked": true, "need_partial_tp": false}
{"event": "open_orders_fetched", "symbol": "0GUSDT", "count": 2}
{"event": "llm_monitor_raw", "symbol": "0GUSDT", "raw": {"action": "HOLD", "reasoning": "The current Stop Loss at 0.9141 is appropriately set to protect profits (break-even + fees) as per Profit Lock guidelines. The Final Take Profit at 0.88 is active and aligns with the strategy. No Partial Take Profit is needed since 'Need: False'. Market conditions (Trend Score: 60, bearish signals, and imbalance) still support the short position. No adjustments are required unless market structure invalidates the trade or Stop Loss becomes risky.", "new_stop_loss": null, "new_take_profit": null, "partial_tp_price": null, "partial_tp_percent": null, "reduce_percent": null, "add_usdt": null}}
{"event": "order_place_result", "symbol": "0GUSDT", "kind": "entry", "order_id": 1655427087, "executed_qty": "34", "avg_price": "0.8768000"}
{"event": "order_place_requested", "symbol": "0GUSDT", "kind": "stop_loss", "type": "STOP_MARKET", "close_position": true, "stop_price": 0.902}
{"event": "order_place_result", "symbol": "0GUSDT", "kind": "stop_loss", "order_id": 1655427128, "stop_price": "0.9020000", "close_position": true}
{"event": "order_place_requested", "symbol": "0GUSDT", "kind": "take_profit", "type": "TAKE_PROFIT_MARKET", "close_position": true, "take_profit_price": 0.835}
{"event": "order_place_result", "symbol": "0GUSDT", "kind": "take_profit", "order_id": 1655427354, "take_profit_price": "0.8350000", "close_position": true}
{"event": "analysis_cache_hit", "symbol": "0GUSDT", "age_sec": 13.28}
{"event": "order_place_requested", "symbol": "0GUSDT", "kind": "partial_tp", "type": "LIMIT", "reduce_only": true, "side": "BUY", "price": "0.856", "quantity": "17.0"}
{"event": "order_place_result", "symbol": "0GUSDT", "kind": "partial_tp", "order_id": 1655427400, "resp": {"orderId": 1655427400, "symbol": "0GUSDT", "status": "NEW", "clientOrderId": "x-Cb7ytekJa5a0f847e0b4245b5d5b29", "price": "0.8560000", "avgPrice": "0.00", "origQty": "17", "executedQty": "0", "cumQty": "0", "cumQuote": "0.0000000", "timeInForce": "GTC", "type": "LIMIT", "reduceOnly": true, "closePosition": false, "side": "BUY", "positionSide": "BOTH", "stopPrice": "0.0000000", "workingType": "CONTRACT_PRICE", "priceProtect": false, "origType": "LIMIT", "priceMatch": "NONE", "selfTradePreventionMode": "EXPIRE_MAKER", "goodTillDate": 0, "updateTime": 1769379572900}}
{"event": "market_data_fetched", "symbol": "0GUSDT", "duration_ms": 2436, "keys": ["funding_rate", "klines_15m", "klines_1h", "klines_1m", "oi_hist", "orderbook", "premium_index", "symbol"]}
{"event": "analysis_generated", "symbol": "0GUSDT", "duration_ms": 5, "score": 40, "direction_score": -2, "current_price": 0.8758}
{"event": "monitor_context", "symbol": "0GUSDT", "direction": "SHORT", "entry_price": 0.8768, "current_price": 0.8758, "qty": "34", "baseline_qty": "34", "core_qty": "17.0", "scalp_qty": "17.0", "profit_locked": false, "need_partial_tp": true}
{"event": "open_orders_fetched", "symbol": "0GUSDT", "count": 3}
{"event": "llm_monitor_raw", "symbol": "0GUSDT", "raw": {"action": "HOLD", "reasoning": "Current market conditions and position status do not warrant any changes. The trend score is 40, which aligns with the initial entry criteria. The signals indicate a bearish trend with acceptable volatility and good liquidity. The Stop Loss and Final Take Profit are already set according to the strategy. The Partial Take Profit is needed but not yet triggered. There is no indication to lock profits or invalidate the trade. Therefore, maintaining the current orders is the best course of action.", "new_stop_loss": null, "new_take_profit": null, "partial_tp_price": null, "partial_tp_percent": null, "reduce_percent": null, "add_usdt": null}}
{"event": "market_data_fetched", "symbol": "0GUSDT", "duration_ms": 2394, "keys": ["funding_rate", "klines_15m", "klines_1h", "klines_1m", "oi_hist", "orderbook", "premium_index", "symbol"]}
{"event": "analysis_generated", "symbol": "0GUSDT", "duration_ms": 4, "score": 35, "direction_score": -2, "current_price": 0.8748}
{"event": "monitor_context", "symbol": "0GUSDT", "direction": "SHORT", "entry_price": 0.8768, "current_price": 0.8748, "qty": "34", "baseline_qty": "34", "core_qty": "17.0", "scalp_qty": "17.0", "profit_locked": false, "need_partial_tp": true}
{"event": "open_orders_fetched", "symbol": "0GUSDT", "count": 3}
{"event": "llm_monitor_raw", "symbol": "0GUSDT", "raw": {"action": "HOLD", "reasoning": "The current position aligns with the strategy guidelines. The Stop Loss and Final Take Profit are active and appropriately set. The Partial Take Profit is needed and set correctly. The market analysis does not indicate a need to adjust orders or close the position. The trend score, while below the initial entry threshold, does not invalidate the trade. Profit Locked is false, so there's no need to adjust the Stop Loss for break-even. Stability guidelines suggest holding unless specific conditions are met, which are not present here.", "new_stop_loss": null, "new_take_profit": null, "partial_tp_price": null, "partial_tp_percent": null, "reduce_percent": null, "add_usdt": null}}
{"event": "market_data_fetched", "symbol": "0GUSDT", "duration_ms": 2509, "keys": ["funding_rate", "klines_15m", "klines_1h", "klines_1m", "oi_hist", "orderbook", "premium_index", "symbol"]}
{"event": "analysis_generated", "symbol": "0GUSDT", "duration_ms": 3, "score": 55, "direction_score": -3, "current_price": 0.8757}
{"event": "monitor_context", "symbol": "0GUSDT", "direction": "SHORT", "entry_price": 0.8768, "current_price": 0.8757, "qty": "34", "baseline_qty": "34", "core_qty": "17.0", "scalp_qty": "17.0", "profit_locked": false, "need_partial_tp": true}
{"event": "open_orders_fetched", "symbol": "0GUSDT", "count": 3}
{"event": "llm_monitor_raw", "symbol": "0GUSDT", "raw": {"action": "HOLD", "reasoning": "The current position aligns with the strategy guidelines. The Stop Loss and Final Take Profit are active and appropriately set. The Partial Take Profit is needed and set at 0.856. The market analysis shows a trend score of 55, which supports maintaining the position. There are no indications to adjust orders or close the position prematurely.", "new_stop_loss": null, "new_take_profit": null, "partial_tp_price": null, "partial_tp_percent": null, "reduce_percent": null, "add_usdt": null}}
{"event": "market_data_fetched", "symbol": "0GUSDT", "duration_ms": 2402, "keys": ["funding_rate", "klines_15m", "klines_1h", "klines_1m", "oi_hist", "orderbook", "premium_index", "symbol"]}
{"event": "analysis_generated", "symbol": "0GUSDT", "duration_ms": 5, "score": 55, "direction_score": -3, "current_price": 0.876}
{"event": "monitor_context", "symbol": "0GUSDT", "direction": "SHORT", "entry_price": 0.8768, "current_price": 0.876, "qty": "34", "baseline_qty": "34", "core_qty": "17.0", "scalp_qty": "17.0", "profit_locked": false, "need_partial_tp": true}
{"event": "open_orders_fetched", "symbol": "0GUSDT", "count": 3}
{"event": "llm_monitor_raw", "symbol": "0GUSDT", "raw": {"action": "HOLD", "reasoning": "Current market conditions and position status do not warrant any changes. The trend score is neutral (55), signals indicate bearish pressure but not strong enough to invalidate the trade, and all required orders (Stop Loss, Final Take Profit, and Partial Take Profit) are active. The unrealized PnL is minimal, and profit is not locked, so no adjustments are needed.", "new_stop_loss": null, "new_take_profit": null, "partial_tp_price": null, "partial_tp_percent": null, "reduce_percent": null, "add_usdt": null}}
{"event": "market_data_fetched", "symbol": "0GUSDT", "duration_ms": 2394, "keys": ["funding_rate", "klines_15m", "klines_1h", "klines_1m", "oi_hist", "orderbook", "premium_index", "symbol"]}
{"event": "analysis_generated", "symbol": "0GUSDT", "duration_ms": 2, "score": 55, "direction_score": -3, "current_price": 0.879}
{"event": "monitor_context", "symbol": "0GUSDT", "direction": "SHORT", "entry_price": 0.8768, "current_price": 0.879, "qty": "34", "baseline_qty": "34", "core_qty": "17.0", "scalp_qty": "17.0", "profit_locked": false, "need_partial_tp": true}
{"event": "open_orders_fetched", "symbol": "0GUSDT", "count": 3}
{"event": "llm_monitor_raw", "symbol": "0GUSDT", "raw": {"action": "HOLD", "reasoning": "Current market conditions and position status do not warrant any changes. The trend score is neutral (55), and the signals indicate ongoing bearish pressure (1H均线空头排列, 卖盘压制). The Stop Loss (0.902) and Final Take Profit (0.835) are appropriately set according to the strategy. The Partial Take Profit (0.856) is already in place for the scalp size (17.0), and Profit Locked is False, so no adjustments are needed. The unrealized PnL is minimal (-0.25%), and the market has not invalidated the trade setup.", "new_stop_loss": null, "new_take_profit": null, "partial_tp_price": null, "partial_tp_percent": null, "reduce_percent": null, "add_usdt": null}}
{"event": "market_data_fetched", "symbol": "0GUSDT", "duration_ms": 2409, "keys": ["funding_rate", "klines_15m", "klines_1h", "klines_1m", "oi_hist", "orderbook", "premium_index", "symbol"]}
{"event": "analysis_generated", "symbol": "0GUSDT", "duration_ms": 5, "score": 55, "direction_score": -3, "current_price": 0.8783}
{"event": "monitor_context", "symbol": "0GUSDT", "direction": "SHORT", "entry_price": 0.8768, "current_price": 0.8783, "qty": "34", "baseline_qty": "34", "core_qty": "17.0", "scalp_qty": "17.0", "profit_locked": false, "need_partial_tp": true}
{"event": "open_orders_fetched", "symbol": "0GUSDT", "count": 3}
{"event": "llm_monitor_raw", "symbol": "0GUSDT", "raw": {"action": "HOLD", "reasoning": "The current position aligns with the strategy guidelines. The Stop Loss and Final Take Profit are active and appropriately set. The Partial Take Profit is needed but not yet triggered. The market analysis shows mixed signals with a Trend Score of 55, indicating no strong reason to invalidate the trade. The Unrealized PnL is minimal (-0.19%), and there is no indication to adjust orders for minor price fluctuations. Profit Locked is False, so no additional actions are required.", "new_stop_loss": null, "new_take_profit": null, "partial_tp_price": null, "partial_tp_percent": null, "reduce_percent": null, "add_usdt": null}}
{"event": "market_data_fetched", "symbol": "0GUSDT", "duration_ms": 2420, "keys": ["funding_rate", "klines_15m", "klines_1h", "klines_1m", "oi_hist", "orderbook", "premium_index", "symbol"]}
{"event": "analysis_generated", "symbol": "0GUSDT", "duration_ms": 2, "score": 55, "direction_score": -3, "current_price": 0.8739}
{"event": "monitor_context", "symbol": "0GUSDT", "direction": "SHORT", "entry_price": 0.8768, "current_price": 0.8739, "qty": "34", "baseline_qty": "34", "core_qty": "17.0", "scalp_qty": "17.0", "profit_locked": false, "need_partial_tp": true}
{"event": "open_orders_fetched", "symbol": "0GUSDT", "count": 3}
{"event": "llm_monitor_raw", "symbol": "0GUSDT", "raw": {"action": "HOLD", "reasoning": "The current position aligns with the strategy guidelines. The Stop Loss and Final Take Profit are active and appropriately set. The Partial Take Profit is needed but not yet placed, which should be addressed by setting a limit order at 0.856 for the scalp size (17.0). The market analysis shows favorable conditions for maintaining the short position (1H均线空头排列, 放量下跌), and there's no immediate need to adjust orders or close the position. The unrealized PnL is minimal, and Profit Locked is false, so no profit locking adjustments are required.", "new_stop_loss": null, "new_take_profit": null, "partial_tp_price": 0.856, "partial_tp_percent": 0.5, "reduce_percent": null, "add_usdt": null}}
{"event": "market_data_fetched", "symbol": "0GUSDT", "duration_ms": 2394, "keys": ["funding_rate", "klines_15m", "klines_1h", "klines_1m", "oi_hist", "orderbook", "premium_index", "symbol"]}
{"event": "analysis_generated", "symbol": "0GUSDT", "duration_ms": 4, "score": 40, "direction_score": -3, "current_price": 0.8794}
{"event": "monitor_context", "symbol": "0GUSDT", "direction": "SHORT", "entry_price": 0.8768, "current_price": 0.8794, "qty": "34", "baseline_qty": "34", "core_qty": "17.0", "scalp_qty": "17.0", "profit_locked": false, "need_partial_tp": true}
{"event": "open_orders_fetched", "symbol": "0GUSDT", "count": 3}
{"event": "llm_monitor_raw", "symbol": "0GUSDT", "raw": {"action": "HOLD", "reasoning": "The current position aligns with the strategy guidelines. The Stop Loss and Final Take Profit are active and appropriately set. The Partial Take Profit is needed and set correctly. The market analysis does not indicate a need to adjust orders or close the position. The trend score is still below the entry threshold, and other signals (1H均线空头排列, 波动率合格, 卖盘压制) support maintaining the position. No profit is locked, so no adjustments are required.", "new_stop_loss": null, "new_take_profit": null, "partial_tp_price": null, "partial_tp_percent": null, "reduce_percent": null, "add_usdt": null}}
{"event": "market_data_fetched", "symbol": "0GUSDT", "duration_ms": 2406, "keys": ["funding_rate", "klines_15m", "klines_1h", "klines_1m", "oi_hist", "orderbook", "premium_index", "symbol"]}
{"event": "analysis_generated", "symbol": "0GUSDT", "duration_ms": 3, "score": 55, "direction_score": -3, "current_price": 0.8799}
{"event": "monitor_context", "symbol": "0GUSDT", "direction": "SHORT", "entry_price": 0.8768, "current_price": 0.8799, "qty": "34", "baseline_qty": "34", "core_qty": "17.0", "scalp_qty": "17.0", "profit_locked": false, "need_partial_tp": true}
{"event": "open_orders_fetched", "symbol": "0GUSDT", "count": 3}
{"event": "llm_monitor_raw", "symbol": "0GUSDT", "raw": {"action": "HOLD", "reasoning": "The current position aligns with the strategy guidelines. The Stop Loss and Final Take Profit are active, and there is a Partial Take Profit set for the scalp size. The market analysis does not indicate a need to adjust orders as the trend score remains above 40, and there are no invalidating signals. The unrealized PnL is minimal (-0.39%), and the Profit Locked status is False, so no immediate action is required.", "new_stop_loss": null, "new_take_profit": null, "partial_tp_price": null, "partial_tp_percent": null, "reduce_percent": null, "add_usdt": null}}
{"event": "market_data_fetched", "symbol": "0GUSDT", "duration_ms": 2417, "keys": ["funding_rate", "klines_15m", "klines_1h", "klines_1m", "oi_hist", "orderbook", "premium_index", "symbol"]}
{"event": "analysis_generated", "symbol": "0GUSDT", "duration_ms": 4, "score": 55, "direction_score": -3, "current_price": 0.8773}
{"event": "monitor_context", "symbol": "0GUSDT", "direction": "SHORT", "entry_price": 0.8768, "current_price": 0.8773, "qty": "34", "baseline_qty": "34", "core_qty": "17.0", "scalp_qty": "17.0", "profit_locked": false, "need_partial_tp": true}
{"event": "open_orders_fetched", "symbol": "0GUSDT", "count": 3}
{"event": "llm_monitor_raw", "symbol": "0GUSDT", "raw": {"action": "HOLD", "reasoning": "The current position aligns with the strategy guidelines. The Stop Loss and Final Take Profit are active and appropriately set. The Partial Take Profit is needed but already configured. The market analysis does not indicate a need to adjust orders or close the position, as the trend score remains above 40 and there are no invalidating signals. The unrealized PnL is minimal, and there is no profit locked to necessitate adjustments.", "new_stop_loss": null, "new_take_profit": null, "partial_tp_price": null, "partial_tp_percent": null, "reduce_percent": null, "add_usdt": null}}
{"event": "market_data_fetched", "symbol": "0GUSDT", "duration_ms": 2396, "keys": ["funding_rate", "klines_15m", "klines_1h", "klines_1m", "oi_hist", "orderbook", "premium_index", "symbol"]}
{"event": "analysis_generated", "symbol": "0GUSDT", "duration_ms": 3, "score": 35, "direction_score": -2, "current_price": 0.8761}
{"event": "monitor_context", "symbol": "0GUSDT", "direction": "SHORT", "entry_price": 0.8768, "current_price": 0.8761, "qty": "34", "baseline_qty": "34", "core_qty": "17.0", "scalp_qty": "17.0", "profit_locked": false, "need_partial_tp": true}
{"event": "open_orders_fetched", "symbol": "0GUSDT", "count": 3}
{"event": "llm_monitor_raw", "symbol": "0GUSDT", "raw": {"action": "HOLD", "reasoning": "The current position aligns with the strategy guidelines. The Stop Loss and Final Take Profit are active and appropriately set. The Partial Take Profit is needed and set correctly. The market analysis does not indicate a need to adjust orders or close the position. The trend score, while below the initial entry threshold, does not invalidate the trade. Stability guidelines suggest maintaining current orders unless specific conditions are met, which are not present here.", "new_stop_loss": null, "new_take_profit": null, "partial_tp_price": null, "partial_tp_percent": null, "reduce_percent": null, "add_usdt": null}}
{"event": "market_data_fetched", "symbol": "0GUSDT", "duration_ms": 2397, "keys": ["funding_rate", "klines_15m", "klines_1h", "klines_1m", "oi_hist", "orderbook", "premium_index", "symbol"]}
{"event": "analysis_generated", "symbol": "0GUSDT", "duration_ms": 4, "score": 20, "direction_score": -2, "current_price": 0.8753}
{"event": "monitor_context", "symbol": "0GUSDT", "direction": "SHORT", "entry_price": 0.8768, "current_price": 0.8753, "qty": "34", "baseline_qty": "34", "core_qty": "17.0", "scalp_qty": "17.0", "profit_locked": false, "need_partial_tp": true}
{"event": "open_orders_fetched", "symbol": "0GUSDT", "count": 3}
{"event": "llm_monitor_raw", "symbol": "0GUSDT", "raw": {"action": "HOLD", "reasoning": "The current position aligns with the strategy guidelines. The Stop Loss and Final Take Profit are active and appropriately set. The Partial Take Profit is needed and set correctly. The market analysis does not indicate any invalidation of the trade setup, and the Profit Locked status is False, so no adjustments are necessary. The trend score, while lower than the entry threshold, does not invalidate the position given the current signals (1H均线空头排列, 波动率合格, 流动性良好). Stability guidelines suggest holding unless specific conditions are met, which are not currently present.", "new_stop_loss": null, "new_take_profit": null, "partial_tp_price": null, "partial_tp_percent": null, "reduce_percent": null, "add_usdt": null}}
{"event": "market_data_fetched", "symbol": "0GUSDT", "duration_ms": 2390, "keys": ["funding_rate", "klines_15m", "klines_1h", "klines_1m", "oi_hist", "orderbook", "premium_index", "symbol"]}
{"event": "analysis_generated", "symbol": "0GUSDT", "duration_ms": 3, "score": 35, "direction_score": -2, "current_price": 0.8763}
{"event": "monitor_context", "symbol": "0GUSDT", "direction": "SHORT", "entry_price": 0.8768, "current_price": 0.8763, "qty": "34", "baseline_qty": "34", "core_qty": "17.0", "scalp_qty": "17.0", "profit_locked": false, "need_partial_tp": true}
{"event": "open_orders_fetched", "symbol": "0GUSDT", "count": 3}
{"event": "llm_monitor_raw", "symbol": "0GUSDT", "raw": {"action": "HOLD", "reasoning": "Current market conditions and position status do not warrant any changes. The trend score is neutral (35), signals indicate a bearish setup (1H均线空头排列), and volatility/liquidity are acceptable. The existing Stop Loss (0.902) and Final Take Profit (0.835) are active and aligned with the strategy. The Partial Take Profit (0.856) is also correctly set for the scalp size (17.0). No profit locking is active, and the unrealized PnL is minimal (0.01 USDT). Market structure has not invalidated the trade, and orders should not be adjusted for minor fluctuations.", "new_stop_loss": null, "new_take_profit": null, "partial_tp_price": null, "partial_tp_percent": null, "reduce_percent": null, "add_usdt": null}}
{"event": "market_data_fetched", "symbol": "0GUSDT", "duration_ms": 2401, "keys": ["funding_rate", "klines_15m", "klines_1h", "klines_1m", "oi_hist", "orderbook", "premium_index", "symbol"]}
{"event": "analysis_generated", "symbol": "0GUSDT", "duration_ms": 3, "score": 40, "direction_score": -3, "current_price": 0.8752}
{"event": "monitor_context", "symbol": "0GUSDT", "direction": "SHORT", "entry_price": 0.8768, "current_price": 0.8752, "qty": "34", "baseline_qty": "34", "core_qty": "17.0", "scalp_qty": "17.0", "profit_locked": false, "need_partial_tp": true}
{"event": "open_orders_fetched", "symbol": "0GUSDT", "count": 3}
{"event": "llm_monitor_raw", "symbol": "0GUSDT", "raw": {"action": "HOLD", "reasoning": "The current position is performing as expected with a small unrealized profit. The Stop Loss and Final Take Profit are correctly set according to the strategy. The market analysis shows a bearish trend with acceptable volatility and liquidity, supporting the continuation of the short position. There is no immediate need to adjust orders as the market structure has not invalidated the trade, and the profit is not yet locked. The suggested action from the algorithm is 'None', indicating no changes are required at this time.", "new_stop_loss": null, "new_take_profit": null, "partial_tp_price": null, "partial_tp_percent": null, "reduce_percent": null, "add_usdt": null}}
{"event": "market_data_fetched", "symbol": "0GUSDT", "duration_ms": 2417, "keys": ["funding_rate", "klines_15m", "klines_1h", "klines_1m", "oi_hist", "orderbook", "premium_index", "symbol"]}
{"event": "analysis_generated", "symbol": "0GUSDT", "duration_ms": 1, "score": 35, "direction_score": -2, "current_price": 0.8755}
{"event": "monitor_context", "symbol": "0GUSDT", "direction": "SHORT", "entry_price": 0.8768, "current_price": 0.8755, "qty": "34", "baseline_qty": "34", "core_qty": "17.0", "scalp_qty": "17.0", "profit_locked": false, "need_partial_tp": true}
{"event": "open_orders_fetched", "symbol": "0GUSDT", "count": 3}
{"event": "llm_monitor_raw", "symbol": "0GUSDT", "raw": {"action": "HOLD", "reasoning": "The current position aligns with the strategy guidelines. The Stop Loss and Final Take Profit are active and appropriately set. The Partial Take Profit is needed and set correctly. The market analysis does not indicate a need to adjust orders or close the position. The trend score, while below the initial entry threshold, does not invalidate the trade. The signals (1H均线空头排列, 波动率合格, 流动性良好) support maintaining the position. No profit locking is active, and the position size is within the baseline. Therefore, holding is the optimal action.", "new_stop_loss": null, "new_take_profit": null, "partial_tp_price": null, "partial_tp_percent": null, "reduce_percent": null, "add_usdt": null}}
{"event": "market_data_fetched", "symbol": "0GUSDT", "duration_ms": 2401, "keys": ["funding_rate", "klines_15m", "klines_1h", "klines_1m", "oi_hist", "orderbook", "premium_index", "symbol"]}
{"event": "analysis_generated", "symbol": "0GUSDT", "duration_ms": 2, "score": 40, "direction_score": -3, "current_price": 0.879}
{"event": "monitor_context", "symbol": "0GUSDT", "direction": "SHORT", "entry_price": 0.8768, "current_price": 0.879, "qty": "34", "baseline_qty": "34", "core_qty": "17.0", "scalp_qty": "17.0", "profit_locked": false, "need_partial_tp": true}
{"event": "open_orders_fetched", "symbol": "0GUSDT", "count": 3}
{"event": "llm_monitor_raw", "symbol": "0GUSDT", "raw": {"action": "HOLD", "reasoning": "The current position aligns with the strategy guidelines. The Stop Loss and Final Take Profit are active and appropriately set. The Partial Take Profit is needed and set correctly. The market analysis does not indicate a need to close or adjust the position, as the trend score is still below the entry threshold and signals remain bearish. No profit is locked, so there's no need to adjust the Stop Loss for break-even. The position size is at the core size after partial TP, and no additional scaling is suggested.", "new_stop_loss": null, "new_take_profit": null, "partial_tp_price": null, "partial_tp_percent": null, "reduce_percent": null, "add_usdt": null}}
{"event": "market_data_fetched", "symbol": "0GUSDT", "duration_ms": 2410, "keys": ["funding_rate", "klines_15m", "klines_1h", "klines_1m", "oi_hist", "orderbook", "premium_index", "symbol"]}
{"event": "analysis_generated", "symbol": "0GUSDT", "duration_ms": 3, "score": 40, "direction_score": -3, "current_price": 0.879}
{"event": "monitor_context", "symbol": "0GUSDT", "direction": "SHORT", "entry_price": 0.8768, "current_price": 0.879, "qty": "34", "baseline_qty": "34", "core_qty": "17.0", "scalp_qty": "17.0", "profit_locked": false, "need_partial_tp": true}
{"event": "open_orders_fetched", "symbol": "0GUSDT", "count": 3}
{"event": "llm_monitor_raw", "symbol": "0GUSDT", "raw": {"action": "HOLD", "reasoning": "Current market conditions and position status do not warrant any immediate action. The trend score is 40, which matches the entry criteria, and signals such as 1H均线空头排列, 波动率合格, and liquidity are favorable for maintaining the position. The Stop Loss at 0.902 and Final Take Profit at 0.835 are active and appropriately set according to the strategy. The Partial Take Profit at 0.856 is also in place for the scalp size. Since Profit Locked is False and there are no significant changes in market structure or signals, holding the position with current orders is the optimal decision.", "new_stop_loss": null, "new_take_profit": null, "partial_tp_price": null, "partial_tp_percent": null, "reduce_percent": null, "add_usdt": null}}
{"event": "market_data_fetched", "symbol": "0GUSDT", "duration_ms": 2390, "keys": ["funding_rate", "klines_15m", "klines_1h", "klines_1m", "oi_hist", "orderbook", "premium_index", "symbol"]}
{"event": "analysis_generated", "symbol": "0GUSDT", "duration_ms": 3, "score": 20, "direction_score": -2, "current_price": 0.8781}
{"event": "monitor_context", "symbol": "0GUSDT", "direction": "SHORT", "entry_price": 0.8768, "current_price": 0.8781, "qty": "34", "baseline_qty": "34", "core_qty": "17.0", "scalp_qty": "17.0", "profit_locked": false, "need_partial_tp": true}
{"event": "open_orders_fetched", "symbol": "0GUSDT", "count": 3}
{"event": "llm_monitor_raw", "symbol": "0GUSDT", "raw": {"action": "HOLD", "reasoning": "The current position aligns with the strategy guidelines. The Stop Loss and Final Take Profit are active and appropriately set. The Partial Take Profit is needed and set correctly. The market analysis does not indicate a need to close or adjust the position, as the trend score, while lower than the entry threshold, hasn't invalidated the trade. The unrealized PnL is minimal (-0.15%), and there's no profit locked to trigger any adjustments. Stability guidelines suggest holding unless there's a significant change in market structure or risk parameters.", "new_stop_loss": null, "new_take_profit": null, "partial_tp_price": null, "partial_tp_percent": null, "reduce_percent": null, "add_usdt": null}}
{"event": "market_data_fetched", "symbol": "0GUSDT", "duration_ms": 2428, "keys": ["funding_rate", "klines_15m", "klines_1h", "klines_1m", "oi_hist", "orderbook", "premium_index", "symbol"]}
{"event": "analysis_generated", "symbol": "0GUSDT", "duration_ms": 4, "score": 40, "direction_score": -3, "current_price": 0.8807}
{"event": "monitor_context", "symbol": "0GUSDT", "direction": "SHORT", "entry_price": 0.8768, "current_price": 0.8807, "qty": "34", "baseline_qty": "34", "core_qty": "17.0", "scalp_qty": "17.0", "profit_locked": false, "need_partial_tp": true}
{"event": "open_orders_fetched", "symbol": "0GUSDT", "count": 3}
{"event": "llm_monitor_raw", "symbol": "0GUSDT", "raw": {"action": "HOLD", "reasoning": "The current position aligns with the strategy guidelines. The Stop Loss and Final Take Profit are active as required. The Partial Take Profit is needed but already set. The market analysis shows bearish signals (1H均线空头排列, volatility qualified, sell-side pressure), supporting the short position. There's no immediate need to adjust orders as the price fluctuation is minor and the trade setup remains valid. Profit Locked is false, so no additional restrictions apply.", "new_stop_loss": null, "new_take_profit": null, "partial_tp_price": null, "partial_tp_percent": null, "reduce_percent": null, "add_usdt": null}}
{"event": "market_data_fetched", "symbol": "0GUSDT", "duration_ms": 2415, "keys": ["funding_rate", "klines_15m", "klines_1h", "klines_1m", "oi_hist", "orderbook", "premium_index", "symbol"]}
{"event": "analysis_generated", "symbol": "0GUSDT", "duration_ms": 3, "score": 60, "direction_score": -2, "current_price": 0.8768}
{"event": "monitor_context", "symbol": "0GUSDT", "direction": "SHORT", "entry_price": 0.8768, "current_price": 0.8768, "qty": "34", "baseline_qty": "34", "core_qty": "17.0", "scalp_qty": "17.0", "profit_locked": false, "need_partial_tp": true}
{"event": "open_orders_fetched", "symbol": "0GUSDT", "count": 3}
{"event": "llm_monitor_raw", "symbol": "0GUSDT", "raw": {"action": "HOLD", "reasoning": "The current position aligns with the strategy guidelines. The Stop Loss and Final Take Profit are active and appropriately set. The Partial Take Profit is needed and set at 0.856 for the scalp size. The market analysis shows a trend score of 60, which supports maintaining the position. There are no immediate signals to adjust orders or close the position.", "new_stop_loss": null, "new_take_profit": null, "partial_tp_price": null, "partial_tp_percent": null, "reduce_percent": null, "add_usdt": null}}
{"event": "market_data_fetched", "symbol": "0GUSDT", "duration_ms": 2746, "keys": ["funding_rate", "klines_15m", "klines_1h", "klines_1m", "oi_hist", "orderbook", "premium_index", "symbol"]}
{"event": "analysis_generated", "symbol": "0GUSDT", "duration_ms": 4, "score": 55, "direction_score": -3, "current_price": 0.8787}
{"event": "monitor_context", "symbol": "0GUSDT", "direction": "SHORT", "entry_price": 0.8768, "current_price": 0.8787, "qty": "34", "baseline_qty": "34", "core_qty": "17.0", "scalp_qty": "17.0", "profit_locked": false, "need_partial_tp": true}
{"event": "open_orders_fetched", "symbol": "0GUSDT", "count": 3}
{"event": "llm_monitor_raw", "symbol": "0GUSDT", "raw": {"action": "HOLD", "reasoning": "The current position has an active Stop Loss at 0.902 and a Final Take Profit at 0.835, which aligns with the strategy of always keeping a FULL Stop Loss and FULL Final Take Profit. The Partial Take Profit at 0.856 is also in place for the scalp size. The market analysis shows a Trend Score of 55, which is above the threshold of 40, and signals like 1H均线空头排列, 波动率合格, 放量下跌, and 流动性良好 support the current position. There is no immediate need to adjust orders as the market structure has not invalidated the trade, and the Stop Loss is not missing or too risky. The Smart Suggestions also recommend no action at this time.", "new_stop_loss": null, "new_take_profit": null, "partial_tp_price": null, "partial_tp_percent": null, "reduce_percent": null, "add_usdt": null}}
{"event": "market_data_fetched", "symbol": "0GUSDT", "duration_ms": 2690, "keys": ["funding_rate", "klines_15m", "klines_1h", "klines_1m", "oi_hist", "orderbook", "premium_index", "symbol"]}
{"event": "analysis_generated", "symbol": "0GUSDT", "duration_ms": 4, "score": 40, "direction_score": -1, "current_price": 0.8808}
{"event": "monitor_context", "symbol": "0GUSDT", "direction": "SHORT", "entry_price": 0.8768, "current_price": 0.8808, "qty": "34", "baseline_qty": "34", "core_qty": "17.0", "scalp_qty": "17.0", "profit_locked": false, "need_partial_tp": true}
{"event": "open_orders_fetched", "symbol": "0GUSDT", "count": 3}
{"event": "llm_monitor_raw", "symbol": "0GUSDT", "raw": {"action": "HOLD", "reasoning": "The current position aligns with the strategy guidelines. The Stop Loss and Final Take Profit are active and appropriately set. The Partial Take Profit is needed but not yet placed, which is acceptable as per the strategy. The market analysis does not indicate a need to close or adjust the position, and the unrealized PnL is minimal (-0.47%). The trend score is neutral (40), and there are no strong signals to invalidate the trade. Therefore, holding the position with the current orders is the best course of action.", "new_stop_loss": null, "new_take_profit": null, "partial_tp_price": null, "partial_tp_percent": null, "reduce_percent": null, "add_usdt": null}}
{"event": "market_data_fetched", "symbol": "0GUSDT", "duration_ms": 2682, "keys": ["funding_rate", "klines_15m", "klines_1h", "klines_1m", "oi_hist", "orderbook", "premium_index", "symbol"]}
{"event": "analysis_generated", "symbol": "0GUSDT", "duration_ms": 4, "score": 55, "direction_score": -3, "current_price": 0.8833}
{"event": "monitor_context", "symbol": "0GUSDT", "direction": "SHORT", "entry_price": 0.8768, "current_price": 0.8833, "qty": "34", "baseline_qty": "34", "core_qty": "17.0", "scalp_qty": "17.0", "profit_locked": false, "need_partial_tp": true}
{"event": "open_orders_fetched", "symbol": "0GUSDT", "count": 3}
{"event": "llm_monitor_raw", "symbol": "0GUSDT", "raw": {"action": "HOLD", "reasoning": "The current position aligns with the strategy guidelines. The Stop Loss and Final Take Profit are active as required. The Partial Take Profit is needed and set appropriately. The market analysis does not indicate a need to close or adjust orders, and the unrealized PnL is within acceptable limits. The trend score and signals do not invalidate the trade setup.", "new_stop_loss": null, "new_take_profit": null, "partial_tp_price": null, "partial_tp_percent": null, "reduce_percent": null, "add_usdt": null}}
{"event": "market_data_fetched", "symbol": "0GUSDT", "duration_ms": 2719, "keys": ["funding_rate", "klines_15m", "klines_1h", "klines_1m", "oi_hist", "orderbook", "premium_index", "symbol"]}
{"event": "analysis_generated", "symbol": "0GUSDT", "duration_ms": 6, "score": 60, "direction_score": -2, "current_price": 0.8845}
{"event": "monitor_context", "symbol": "0GUSDT", "direction": "SHORT", "entry_price": 0.8768, "current_price": 0.8845, "qty": "34", "baseline_qty": "34", "core_qty": "17.0", "scalp_qty": "17.0", "profit_locked": false, "need_partial_tp": true}
{"event": "open_orders_fetched", "symbol": "0GUSDT", "count": 3}
{"event": "llm_monitor_raw", "symbol": "0GUSDT", "raw": {"action": "HOLD", "reasoning": "The current position aligns with the strategy guidelines. The Stop Loss and Final Take Profit are active as required. The Partial Take Profit is needed and set appropriately. The market analysis does not indicate a need to close or adjust orders, and the Profit Locked status is False, so no additional actions are required.", "new_stop_loss": null, "new_take_profit": null, "partial_tp_price": null, "partial_tp_percent": null, "reduce_percent": null, "add_usdt": null}}
{"event": "market_data_fetched", "symbol": "0GUSDT", "duration_ms": 2775, "keys": ["funding_rate", "klines_15m", "klines_1h", "klines_1m", "oi_hist", "orderbook", "premium_index", "symbol"]}
{"event": "analysis_generated", "symbol": "0GUSDT", "duration_ms": 4, "score": 40, "direction_score": -2, "current_price": 0.8859}
{"event": "monitor_context", "symbol": "0GUSDT", "direction": "SHORT", "entry_price": 0.8768, "current_price": 0.8859, "qty": "34", "baseline_qty": "34", "core_qty": "17.0", "scalp_qty": "17.0", "profit_locked": false, "need_partial_tp": true}
{"event": "open_orders_fetched", "symbol": "0GUSDT", "count": 3}
{"event": "llm_monitor_raw", "symbol": "0GUSDT", "raw": {"action": "HOLD", "reasoning": "The current position aligns with the strategy guidelines. The Stop Loss and Final Take Profit are active and appropriately set. The Partial Take Profit is needed but not yet triggered. The market analysis does not indicate a need to adjust orders or close the position. The trend score is neutral (40), and there are no signals suggesting invalidation of the trade. Therefore, holding the position with current orders is the optimal action.", "new_stop_loss": null, "new_take_profit": null, "partial_tp_price": null, "partial_tp_percent": null, "reduce_percent": null, "add_usdt": null}}
{"event": "market_data_fetched", "symbol": "0GUSDT", "duration_ms": 2713, "keys": ["funding_rate", "klines_15m", "klines_1h", "klines_1m", "oi_hist", "orderbook", "premium_index", "symbol"]}
{"event": "analysis_generated", "symbol": "0GUSDT", "duration_ms": 4, "score": 40, "direction_score": -2, "current_price": 0.8847}
{"event": "monitor_context", "symbol": "0GUSDT", "direction": "SHORT", "entry_price": 0.8768, "current_price": 0.8847, "qty": "34", "baseline_qty": "34", "core_qty": "17.0", "scalp_qty": "17.0", "profit_locked": false, "need_partial_tp": true}
{"event": "open_orders_fetched", "symbol": "0GUSDT", "count": 3}
{"event": "llm_monitor_raw", "symbol": "0GUSDT", "raw": {"action": "HOLD", "reasoning": "The current position aligns with the strategy guidelines. The Stop Loss and Final Take Profit are active and appropriately set. The Partial Take Profit is needed but already configured. The market analysis does not indicate a need to close or adjust orders, as the trend score is still below the entry threshold (>40) and other signals (1H均线空头排列, 波动率合格, 流动性良好) support maintaining the position. No profit is locked, so there's no need to adjust the Stop Loss for break-even. The position size is at the core size after partial TP, and no addition is suggested.", "new_stop_loss": null, "new_take_profit": null, "partial_tp_price": null, "partial_tp_percent": null, "reduce_percent": null, "add_usdt": null}}
{"event": "market_data_fetched", "symbol": "0GUSDT", "duration_ms": 2680, "keys": ["funding_rate", "klines_15m", "klines_1h", "klines_1m", "oi_hist", "orderbook", "premium_index", "symbol"]}
{"event": "analysis_generated", "symbol": "0GUSDT", "duration_ms": 2, "score": 40, "direction_score": -1, "current_price": 0.8848}
{"event": "monitor_context", "symbol": "0GUSDT", "direction": "SHORT", "entry_price": 0.8768, "current_price": 0.8848, "qty": "34", "baseline_qty": "34", "core_qty": "17.0", "scalp_qty": "17.0", "profit_locked": false, "need_partial_tp": true}
{"event": "open_orders_fetched", "symbol": "0GUSDT", "count": 3}
{"event": "llm_monitor_raw", "symbol": "0GUSDT", "raw": {"action": "HOLD", "reasoning": "Current market conditions do not invalidate the trade setup (Trend Score 40 aligns with entry criteria, despite recent price rise). Stop Loss (0.902) and Final Take Profit (0.835) are active per strategy. Partial Take Profit (0.856) is needed but already queued. No profit is locked, and size adjustments are unnecessary as core/scalp sizes are balanced. Market signals (bearish MA alignment, volatility qualification) suggest holding is prudent unless SL triggers.", "new_stop_loss": null, "new_take_profit": null, "partial_tp_price": null, "partial_tp_percent": null, "reduce_percent": null, "add_usdt": null}}
{"event": "market_data_fetched", "symbol": "0GUSDT", "duration_ms": 2687, "keys": ["funding_rate", "klines_15m", "klines_1h", "klines_1m", "oi_hist", "orderbook", "premium_index", "symbol"]}
{"event": "analysis_generated", "symbol": "0GUSDT", "duration_ms": 4, "score": 45, "direction_score": -3, "current_price": 0.8886}
{"event": "monitor_context", "symbol": "0GUSDT", "direction": "SHORT", "entry_price": 0.8768, "current_price": 0.8886, "qty": "34", "baseline_qty": "34", "core_qty": "17.0", "scalp_qty": "17.0", "profit_locked": false, "need_partial_tp": true}
{"event": "open_orders_fetched", "symbol": "0GUSDT", "count": 3}
{"event": "llm_monitor_raw", "symbol": "0GUSDT", "raw": {"action": "HOLD", "reasoning": "Current market conditions do not invalidate the trade setup. The Stop Loss is active and appropriately placed above the entry price to limit risk. The Final Take Profit is set as per strategy. The Partial Take Profit is needed but already configured. The trend score is neutral (45), and signals (1H均线空头排列, volatility合格, liquidity良好, sell-side imbalance) still support holding the short. No profit is locked, so no adjustment is required unless market structure changes.", "new_stop_loss": null, "new_take_profit": null, "partial_tp_price": null, "partial_tp_percent": null, "reduce_percent": null, "add_usdt": null}}
{"event": "market_data_fetched", "symbol": "0GUSDT", "duration_ms": 2846, "keys": ["funding_rate", "klines_15m", "klines_1h", "klines_1m", "oi_hist", "orderbook", "premium_index", "symbol"]}
{"event": "analysis_generated", "symbol": "0GUSDT", "duration_ms": 3, "score": 40, "direction_score": -2, "current_price": 0.8896}
{"event": "monitor_context", "symbol": "0GUSDT", "direction": "SHORT", "entry_price": 0.8768, "current_price": 0.8896, "qty": "34", "baseline_qty": "34", "core_qty": "17.0", "scalp_qty": "17.0", "profit_locked": false, "need_partial_tp": true}
{"event": "open_orders_fetched", "symbol": "0GUSDT", "count": 3}
{"event": "llm_monitor_raw", "symbol": "0GUSDT", "raw": {"action": "HOLD", "reasoning": "Current market conditions and signals do not invalidate the trade. The Stop Loss is active and appropriately placed above the current price to limit risk. The Final Take Profit is set, and a Partial Take Profit is needed but already accounted for. There is no indication to adjust orders or close the position based on the provided guidelines.", "new_stop_loss": null, "new_take_profit": null, "partial_tp_price": null, "partial_tp_percent": null, "reduce_percent": null, "add_usdt": null}}
{"event": "market_data_fetched", "symbol": "0GUSDT", "duration_ms": 2680, "keys": ["funding_rate", "klines_15m", "klines_1h", "klines_1m", "oi_hist", "orderbook", "premium_index", "symbol"]}
{"event": "analysis_generated", "symbol": "0GUSDT", "duration_ms": 3, "score": 55, "direction_score": -3, "current_price": 0.8918}
{"event": "monitor_context", "symbol": "0GUSDT", "direction": "SHORT", "entry_price": 0.8768, "current_price": 0.8918, "qty": "34", "baseline_qty": "34", "core_qty": "17.0", "scalp_qty": "17.0", "profit_locked": false, "need_partial_tp": true}
{"event": "open_orders_fetched", "symbol": "0GUSDT", "count": 3}
{"event": "llm_monitor_raw", "symbol": "0GUSDT", "raw": {"action": "HOLD", "reasoning": "The current position aligns with the strategy guidelines. The Stop Loss is active at 0.902, which is above the entry price, ensuring risk management. The Final Take Profit is set at 0.835, and a Partial Take Profit is needed at 0.856 for the scalp size. The market analysis shows a trend score of 55, with signals indicating a bearish trend (1H均线空头排列), qualified volatility (ATR=2.36%), and significant selling volume (4.5x). There is no immediate need to adjust orders as the market structure has not invalidated the trade, and the Stop Loss is not missing or too risky. Profit Locked is false, so there is no requirement to lock in profits or adjust the Stop Loss to break-even.", "new_stop_loss": null, "new_take_profit": null, "partial_tp_price": null, "partial_tp_percent": null, "reduce_percent": null, "add_usdt": null}}
{"event": "market_data_fetched", "symbol": "0GUSDT", "duration_ms": 2737, "keys": ["funding_rate", "klines_15m", "klines_1h", "klines_1m", "oi_hist", "orderbook", "premium_index", "symbol"]}
{"event": "analysis_generated", "symbol": "0GUSDT", "duration_ms": 4, "score": 35, "direction_score": -2, "current_price": 0.8869}
{"event": "monitor_context", "symbol": "0GUSDT", "direction": "SHORT", "entry_price": 0.8768, "current_price": 0.8869, "qty": "34", "baseline_qty": "34", "core_qty": "17.0", "scalp_qty": "17.0", "profit_locked": false, "need_partial_tp": true}
{"event": "open_orders_fetched", "symbol": "0GUSDT", "count": 3}
{"event": "llm_monitor_raw", "symbol": "0GUSDT", "raw": {"action": "HOLD", "reasoning": "The current position has a Stop Loss and Final Take Profit active as per the strategy. The Partial Take Profit is needed but already set. The Trend Score is below the entry threshold but not invalidating the trade. Market signals (1H均线空头排列, volatility合格, liquidity良好) do not indicate immediate closure. No profit is locked, and the position size is at core size after partial TP. No adjustments are needed unless market structure invalidates the trade or for profit locking.", "new_stop_loss": null, "new_take_profit": null, "partial_tp_price": null, "partial_tp_percent": null, "reduce_percent": null, "add_usdt": null}}
{"event": "market_data_fetched", "symbol": "0GUSDT", "duration_ms": 2683, "keys": ["funding_rate", "klines_15m", "klines_1h", "klines_1m", "oi_hist", "orderbook", "premium_index", "symbol"]}
{"event": "analysis_generated", "symbol": "0GUSDT", "duration_ms": 4, "score": 75, "direction_score": -4, "current_price": 0.8792}
{"event": "monitor_context", "symbol": "0GUSDT", "direction": "SHORT", "entry_price": 0.8768, "current_price": 0.8792, "qty": "34", "baseline_qty": "34", "core_qty": "17.0", "scalp_qty": "17.0", "profit_locked": false, "need_partial_tp": true}
{"event": "open_orders_fetched", "symbol": "0GUSDT", "count": 3}
{"event": "llm_monitor_raw", "symbol": "0GUSDT", "raw": {"action": "HOLD", "reasoning": "The current position aligns with the strategy guidelines. The Stop Loss and Final Take Profit are active, and a Partial Take Profit is needed but already set. The market analysis shows bearish signals (1H均线空头排列, 放量下跌, 卖盘压制), supporting the short position. The unrealized PnL is minimal (-0.27%), and there is no immediate need to adjust orders or close the position. The trend score remains favorable (>40), and no structural invalidation is observed.", "new_stop_loss": null, "new_take_profit": null, "partial_tp_price": null, "partial_tp_percent": null, "reduce_percent": null, "add_usdt": null}}
{"event": "market_data_fetched", "symbol": "0GUSDT", "duration_ms": 2690, "keys": ["funding_rate", "klines_15m", "klines_1h", "klines_1m", "oi_hist", "orderbook", "premium_index", "symbol"]}
{"event": "analysis_generated", "symbol": "0GUSDT", "duration_ms": 2, "score": 55, "direction_score": -3, "current_price": 0.8799}
{"event": "monitor_context", "symbol": "0GUSDT", "direction": "SHORT", "entry_price": 0.8768, "current_price": 0.8799, "qty": "34", "baseline_qty": "34", "core_qty": "17.0", "scalp_qty": "17.0", "profit_locked": false, "need_partial_tp": true}
{"event": "open_orders_fetched", "symbol": "0GUSDT", "count": 3}
{"event": "llm_monitor_raw", "symbol": "0GUSDT", "raw": {"action": "HOLD", "reasoning": "The current position aligns with the strategy guidelines. The Stop Loss and Final Take Profit are active and appropriately set. The Partial Take Profit is needed but not yet triggered. The market analysis shows mixed signals with a Trend Score of 55, which does not invalidate the trade. There is no immediate need to adjust orders as the market structure has not invalidated the trade, and the Stop Loss is not missing or too risky.", "new_stop_loss": null, "new_take_profit": null, "partial_tp_price": null, "partial_tp_percent": null, "reduce_percent": null, "add_usdt": null}}
{"event": "market_data_fetched", "symbol": "0GUSDT", "duration_ms": 2816, "keys": ["funding_rate", "klines_15m", "klines_1h", "klines_1m", "oi_hist", "orderbook", "premium_index", "symbol"]}
{"event": "analysis_generated", "symbol": "0GUSDT", "duration_ms": 2, "score": 25, "direction_score": -2, "current_price": 0.881}
{"event": "monitor_context", "symbol": "0GUSDT", "direction": "SHORT", "entry_price": 0.8768, "current_price": 0.881, "qty": "34", "baseline_qty": "34", "core_qty": "17.0", "scalp_qty": "17.0", "profit_locked": false, "need_partial_tp": true}
{"event": "open_orders_fetched", "symbol": "0GUSDT", "count": 3}
{"event": "llm_monitor_raw", "symbol": "0GUSDT", "raw": {"action": "HOLD", "reasoning": "The current position aligns with the strategy guidelines. The Stop Loss is active at 0.902 (covering the position), and the Final Take Profit is set at 0.835. A Partial Take Profit is needed but already configured at 0.856 for the scalp size (17.0). The market analysis shows bearish signals (1H均线空头排列) and acceptable volatility, but the Trend Score is weak (25 vs. previous entry >40). However, there is no structural invalidation or immediate need to adjust orders. Profit Locked is false, so no additional restrictions apply. Holding is optimal unless conditions worsen.", "new_stop_loss": null, "new_take_profit": null, "partial_tp_price": null, "partial_tp_percent": null, "reduce_percent": null, "add_usdt": null}}
{"event": "market_data_fetched", "symbol": "0GUSDT", "duration_ms": 2947, "keys": ["funding_rate", "klines_15m", "klines_1h", "klines_1m", "oi_hist", "orderbook", "premium_index", "symbol"]}
{"event": "analysis_generated", "symbol": "0GUSDT", "duration_ms": 4, "score": 25, "direction_score": -2, "current_price": 0.8797}
{"event": "monitor_context", "symbol": "0GUSDT", "direction": "SHORT", "entry_price": 0.8768, "current_price": 0.8797, "qty": "34", "baseline_qty": "34", "core_qty": "17.0", "scalp_qty": "17.0", "profit_locked": false, "need_partial_tp": true}
{"event": "open_orders_fetched", "symbol": "0GUSDT", "count": 3}
{"event": "llm_monitor_raw", "symbol": "0GUSDT", "raw": {"action": "HOLD", "reasoning": "Current market conditions do not invalidate the trade setup. The Stop Loss and Final Take Profit are active and appropriately placed according to the strategy. The Trend Score has decreased but remains within acceptable bounds, and signals still support the short position (1H均线空头排列, 波动率合格). No profit locking is active, and the Partial Take Profit (limit reduce-only) is already set for the scalp size. Stability guidelines recommend against order adjustments for minor fluctuations unless market structure invalidates the trade or Stop Loss is missing/risky.", "new_stop_loss": null, "new_take_profit": null, "partial_tp_price": null, "partial_tp_percent": null, "reduce_percent": null, "add_usdt": null}}
{"event": "market_data_fetched", "symbol": "0GUSDT", "duration_ms": 2668, "keys": ["funding_rate", "klines_15m", "klines_1h", "klines_1m", "oi_hist", "orderbook", "premium_index", "symbol"]}
{"event": "analysis_generated", "symbol": "0GUSDT", "duration_ms": 5, "score": 60, "direction_score": -2, "current_price": 0.8821}
{"event": "monitor_context", "symbol": "0GUSDT", "direction": "SHORT", "entry_price": 0.8768, "current_price": 0.8821, "qty": "34", "baseline_qty": "34", "core_qty": "17.0", "scalp_qty": "17.0", "profit_locked": false, "need_partial_tp": true}
{"event": "open_orders_fetched", "symbol": "0GUSDT", "count": 3}
{"event": "llm_monitor_raw", "symbol": "0GUSDT", "raw": {"action": "HOLD", "reasoning": "The current position aligns with the strategy guidelines. The Stop Loss and Final Take Profit are active as required. The Partial Take Profit is needed and set appropriately. The market analysis does not indicate a need to close or adjust orders, and the unrealized PnL is minimal (-0.63%). The trend score remains above the threshold (>40), and there are no signals invalidating the trade. Therefore, holding the position with current orders is the prudent action.", "new_stop_loss": null, "new_take_profit": null, "partial_tp_price": null, "partial_tp_percent": null, "reduce_percent": null, "add_usdt": null}}
{"event": "market_data_fetched", "symbol": "0GUSDT", "duration_ms": 2689, "keys": ["funding_rate", "klines_15m", "klines_1h", "klines_1m", "oi_hist", "orderbook", "premium_index", "symbol"]}
{"event": "analysis_generated", "symbol": "0GUSDT", "duration_ms": 4, "score": 55, "direction_score": -3, "current_price": 0.8801}
{"event": "monitor_context", "symbol": "0GUSDT", "direction": "SHORT", "entry_price": 0.8768, "current_price": 0.8801, "qty": "34", "baseline_qty": "34", "core_qty": "17.0", "scalp_qty": "17.0", "profit_locked": false, "need_partial_tp": true}
{"event": "open_orders_fetched", "symbol": "0GUSDT", "count": 3}
{"event": "llm_monitor_raw", "symbol": "0GUSDT", "raw": {"action": "HOLD", "reasoning": "The current position aligns with the strategy guidelines. The Stop Loss and Final Take Profit are active and appropriately set. The Partial Take Profit is needed but not yet triggered. The market analysis does not indicate a need to adjust orders or close the position. The trend score is above 40, and the signals support maintaining the short position. No significant changes in market structure or price fluctuations warrant an adjustment at this time.", "new_stop_loss": null, "new_take_profit": null, "partial_tp_price": null, "partial_tp_percent": null, "reduce_percent": null, "add_usdt": null}}
{"event": "market_data_fetched", "symbol": "0GUSDT", "duration_ms": 2708, "keys": ["funding_rate", "klines_15m", "klines_1h", "klines_1m", "oi_hist", "orderbook", "premium_index", "symbol"]}
{"event": "analysis_generated", "symbol": "0GUSDT", "duration_ms": 4, "score": 20, "direction_score": -2, "current_price": 0.8828}
{"event": "monitor_context", "symbol": "0GUSDT", "direction": "SHORT", "entry_price": 0.8768, "current_price": 0.8828, "qty": "34", "baseline_qty": "34", "core_qty": "17.0", "scalp_qty": "17.0", "profit_locked": false, "need_partial_tp": true}
{"event": "open_orders_fetched", "symbol": "0GUSDT", "count": 3}
{"event": "llm_monitor_raw", "symbol": "0GUSDT", "raw": {"action": "HOLD", "reasoning": "The current position aligns with the strategy guidelines. The Stop Loss is active at 0.902, which is above the entry price, ensuring risk management. The Final Take Profit is set at 0.835, and a Partial Take Profit is needed at 0.856 for the scalp size. The market analysis shows a bearish trend with acceptable volatility and liquidity, but the Trend Score has dropped to 20, which is below the previous entry threshold of >40. However, there is no immediate invalidation of the trade or need to adjust orders based on the Stability guidelines. Profit Locked is false, so there is no requirement to lock in profits or adjust the Stop Loss. Therefore, the best action is to HOLD and monitor the market for further signals.", "new_stop_loss": null, "new_take_profit": null, "partial_tp_price": null, "partial_tp_percent": null, "reduce_percent": null, "add_usdt": null}}
{"event": "market_data_fetched", "symbol": "0GUSDT", "duration_ms": 2694, "keys": ["funding_rate", "klines_15m", "klines_1h", "klines_1m", "oi_hist", "orderbook", "premium_index", "symbol"]}
{"event": "analysis_generated", "symbol": "0GUSDT", "duration_ms": 2, "score": 40, "direction_score": -1, "current_price": 0.8847}
{"event": "monitor_context", "symbol": "0GUSDT", "direction": "SHORT", "entry_price": 0.8768, "current_price": 0.8847, "qty": "34", "baseline_qty": "34", "core_qty": "17.0", "scalp_qty": "17.0", "profit_locked": false, "need_partial_tp": true}
{"event": "open_orders_fetched", "symbol": "0GUSDT", "count": 3}
{"event": "llm_monitor_raw", "symbol": "0GUSDT", "raw": {"action": "HOLD", "reasoning": "The current position aligns with the strategy guidelines. The Stop Loss and Final Take Profit are active and appropriately set. The Partial Take Profit is needed but already configured. The market analysis does not indicate a need to adjust orders or close the position. The trend score is neutral (40), and while there is an imbalance and recent volume increase, it does not invalidate the trade setup. Stability guidelines suggest holding unless there is a clear invalidation or profit lock trigger.", "new_stop_loss": null, "new_take_profit": null, "partial_tp_price": null, "partial_tp_percent": null, "reduce_percent": null, "add_usdt": null}}
{"event": "market_data_fetched", "symbol": "0GUSDT", "duration_ms": 2710, "keys": ["funding_rate", "klines_15m", "klines_1h", "klines_1m", "oi_hist", "orderbook", "premium_index", "symbol"]}
{"event": "analysis_generated", "symbol": "0GUSDT", "duration_ms": 4, "score": 60, "direction_score": -3, "current_price": 0.884}
{"event": "monitor_context", "symbol": "0GUSDT", "direction": "SHORT", "entry_price": 0.8768, "current_price": 0.884, "qty": "34", "baseline_qty": "34", "core_qty": "17.0", "scalp_qty": "17.0", "profit_locked": false, "need_partial_tp": true}
{"event": "open_orders_fetched", "symbol": "0GUSDT", "count": 3}
{"event": "llm_monitor_raw", "symbol": "0GUSDT", "raw": {"action": "HOLD", "reasoning": "Current market conditions and position status do not warrant any changes. The trend score remains favorable for the short position (60), and signals such as 1H均线空头排列, volatility qualification, and sell-side pressure (-22% imbalance) support maintaining the position. The Stop Loss at 0.902 and Final Take Profit at 0.835 are correctly placed according to the strategy. The Partial Take Profit at 0.856 is also active as needed. Since Profit Locked is false and there are no invalidating market structure changes, holding the position with current orders is the optimal decision.", "new_stop_loss": null, "new_take_profit": null, "partial_tp_price": null, "partial_tp_percent": null, "reduce_percent": null, "add_usdt": null}}
{"event": "market_data_fetched", "symbol": "0GUSDT", "duration_ms": 2684, "keys": ["funding_rate", "klines_15m", "klines_1h", "klines_1m", "oi_hist", "orderbook", "premium_index", "symbol"]}
{"event": "analysis_generated", "symbol": "0GUSDT", "duration_ms": 3, "score": 20, "direction_score": -2, "current_price": 0.8859}
{"event": "monitor_context", "symbol": "0GUSDT", "direction": "SHORT", "entry_price": 0.8768, "current_price": 0.8859, "qty": "34", "baseline_qty": "34", "core_qty": "17.0", "scalp_qty": "17.0", "profit_locked": false, "need_partial_tp": true}
{"event": "open_orders_fetched", "symbol": "0GUSDT", "count": 3}
{"event": "llm_monitor_raw", "symbol": "0GUSDT", "raw": {"action": "HOLD", "reasoning": "The current position aligns with the strategy guidelines. The Stop Loss and Final Take Profit are active and appropriately set. The Partial Take Profit is needed and set correctly. The market analysis does not indicate a need to adjust orders or close the position. The trend score is low, but the signals (1H均线空头排列, 波动率合格, 流动性良好) and imbalance suggest holding is prudent. No immediate action is required unless market conditions change significantly.", "new_stop_loss": null, "new_take_profit": null, "partial_tp_price": null, "partial_tp_percent": null, "reduce_percent": null, "add_usdt": null}}
{"event": "market_data_fetched", "symbol": "0GUSDT", "duration_ms": 2683, "keys": ["funding_rate", "klines_15m", "klines_1h", "klines_1m", "oi_hist", "orderbook", "premium_index", "symbol"]}
{"event": "analysis_generated", "symbol": "0GUSDT", "duration_ms": 2, "score": 55, "direction_score": -3, "current_price": 0.8871}
{"event": "monitor_context", "symbol": "0GUSDT", "direction": "SHORT", "entry_price": 0.8768, "current_price": 0.8871, "qty": "34", "baseline_qty": "34", "core_qty": "17.0", "scalp_qty": "17.0", "profit_locked": false, "need_partial_tp": true}
{"event": "open_orders_fetched", "symbol": "0GUSDT", "count": 3}
{"event": "llm_monitor_raw", "symbol": "0GUSDT", "raw": {"action": "HOLD", "reasoning": "The current position has a Stop Loss and Final Take Profit active as per the strategy. The market analysis shows a Trend Score of 55, which is above the threshold of 40, and signals indicate a bearish trend with qualified volatility and liquidity. There is no immediate need to adjust orders as the market structure has not invalidated the trade, and there are no smart suggestions to lock in profits or close the position. The Partial Take Profit is needed but not yet triggered, and the Profit Locked is False, so no additional actions are required.", "new_stop_loss": null, "new_take_profit": null, "partial_tp_price": null, "partial_tp_percent": null, "reduce_percent": null, "add_usdt": null}}
{"event": "market_data_fetched", "symbol": "0GUSDT", "duration_ms": 2888, "keys": ["funding_rate", "klines_15m", "klines_1h", "klines_1m", "oi_hist", "orderbook", "premium_index", "symbol"]}
{"event": "analysis_generated", "symbol": "0GUSDT", "duration_ms": 3, "score": 25, "direction_score": -2, "current_price": 0.8912}
{"event": "monitor_context", "symbol": "0GUSDT", "direction": "SHORT", "entry_price": 0.8768, "current_price": 0.8912, "qty": "34", "baseline_qty": "34", "core_qty": "17.0", "scalp_qty": "17.0", "profit_locked": false, "need_partial_tp": true}
{"event": "open_orders_fetched", "symbol": "0GUSDT", "count": 3}
{"event": "llm_monitor_raw", "symbol": "0GUSDT", "raw": {"action": "HOLD", "reasoning": "Current market conditions do not invalidate the trade setup. The Stop Loss is active and appropriately placed above the current price to limit risk. The Final Take Profit is set as per strategy. The Partial Take Profit is needed but already configured. The Trend Score is low (25), but signals like 1H均线空头排列, acceptable volatility (ATR=2.36%), and good liquidity support maintaining the position. No immediate adjustment is required unless market structure changes.", "new_stop_loss": null, "new_take_profit": null, "partial_tp_price": null, "partial_tp_percent": null, "reduce_percent": null, "add_usdt": null}}
{"event": "market_data_fetched", "symbol": "0GUSDT", "duration_ms": 2965, "keys": ["funding_rate", "klines_15m", "klines_1h", "klines_1m", "oi_hist", "orderbook", "premium_index", "symbol"]}
{"event": "analysis_generated", "symbol": "0GUSDT", "duration_ms": 4, "score": 75, "direction_score": -4, "current_price": 0.8849}
{"event": "monitor_context", "symbol": "0GUSDT", "direction": "SHORT", "entry_price": 0.8768, "current_price": 0.8849, "qty": "34", "baseline_qty": "34", "core_qty": "17.0", "scalp_qty": "17.0", "profit_locked": false, "need_partial_tp": true}
{"event": "open_orders_fetched", "symbol": "0GUSDT", "count": 3}
{"event": "llm_monitor_raw", "symbol": "0GUSDT", "raw": {"action": "HOLD", "reasoning": "The current position aligns with the strategy guidelines. The Stop Loss and Final Take Profit are active, and there is a Partial Take Profit set for the scalp size. The market analysis indicates bearish signals (1H均线空头排列, 放量下跌, 卖盘压制), supporting the continuation of the short position. No immediate adjustment is needed as the trade setup remains valid and the orders are properly configured.", "new_stop_loss": null, "new_take_profit": null, "partial_tp_price": null, "partial_tp_percent": null, "reduce_percent": null, "add_usdt": null}}
{"event": "market_data_fetched", "symbol": "0GUSDT", "duration_ms": 2722, "keys": ["funding_rate", "klines_15m", "klines_1h", "klines_1m", "oi_hist", "orderbook", "premium_index", "symbol"]}
{"event": "analysis_generated", "symbol": "0GUSDT", "duration_ms": 2, "score": 40, "direction_score": -1, "current_price": 0.8843}
{"event": "monitor_context", "symbol": "0GUSDT", "direction": "SHORT", "entry_price": 0.8768, "current_price": 0.8843, "qty": "34", "baseline_qty": "34", "core_qty": "17.0", "scalp_qty": "17.0", "profit_locked": false, "need_partial_tp": true}
{"event": "open_orders_fetched", "symbol": "0GUSDT", "count": 3}
{"event": "llm_monitor_raw", "symbol": "0GUSDT", "raw": {"action": "HOLD", "reasoning": "The current position aligns with the strategy guidelines. The Stop Loss and Final Take Profit are active as required. The Partial Take Profit is needed and set appropriately. The market analysis does not indicate a need to close or adjust orders, and the Profit Locked status is false, so no additional actions are necessary.", "new_stop_loss": null, "new_take_profit": null, "partial_tp_price": null, "partial_tp_percent": null, "reduce_percent": null, "add_usdt": null}}
{"event": "market_data_fetched", "symbol": "0GUSDT", "duration_ms": 2714, "keys": ["funding_rate", "klines_15m", "klines_1h", "klines_1m", "oi_hist", "orderbook", "premium_index", "symbol"]}
{"event": "analysis_generated", "symbol": "0GUSDT", "duration_ms": 4, "score": 25, "direction_score": -2, "current_price": 0.8863}
{"event": "monitor_context", "symbol": "0GUSDT", "direction": "SHORT", "entry_price": 0.8768, "current_price": 0.8863, "qty": "34", "baseline_qty": "34", "core_qty": "17.0", "scalp_qty": "17.0", "profit_locked": false, "need_partial_tp": true}
{"event": "open_orders_fetched", "symbol": "0GUSDT", "count": 3}
{"event": "llm_monitor_raw", "symbol": "0GUSDT", "raw": {"action": "HOLD", "reasoning": "Current market conditions do not invalidate the trade setup. The Stop Loss is active and appropriately placed at 0.902 (2.87% above entry), adhering to risk management rules. The Final Take Profit at 0.835 is also active. The Partial Take Profit is needed but not yet triggered, and the market has not moved significantly to warrant adjustment. The Trend Score is low (25), but existing signals (1H均线空头排列, volatility合格, liquidity良好) still support holding. No profit is locked, so no tightening of SL is required. Stability guidelines suggest no action for minor fluctuations.", "new_stop_loss": null, "new_take_profit": null, "partial_tp_price": null, "partial_tp_percent": null, "reduce_percent": null, "add_usdt": null}}
{"event": "market_data_fetched", "symbol": "0GUSDT", "duration_ms": 2709, "keys": ["funding_rate", "klines_15m", "klines_1h", "klines_1m", "oi_hist", "orderbook", "premium_index", "symbol"]}
{"event": "analysis_generated", "symbol": "0GUSDT", "duration_ms": 5, "score": 55, "direction_score": -3, "current_price": 0.8853}
{"event": "monitor_context", "symbol": "0GUSDT", "direction": "SHORT", "entry_price": 0.8768, "current_price": 0.8853, "qty": "34", "baseline_qty": "34", "core_qty": "17.0", "scalp_qty": "17.0", "profit_locked": false, "need_partial_tp": true}
{"event": "open_orders_fetched", "symbol": "0GUSDT", "count": 3}
{"event": "llm_monitor_raw", "symbol": "0GUSDT", "raw": {"action": "HOLD", "reasoning": "The current position aligns with the strategy guidelines. The Stop Loss and Final Take Profit are active and appropriately set. The Partial Take Profit is needed but not yet triggered. The market analysis shows mixed signals with a Trend Score of 55, which does not invalidate the trade. There is no immediate need to adjust orders as the market structure has not invalidated the trade, and the Stop Loss is not missing or too risky.", "new_stop_loss": null, "new_take_profit": null, "partial_tp_price": null, "partial_tp_percent": null, "reduce_percent": null, "add_usdt": null}}
{"event": "market_data_fetched", "symbol": "0GUSDT", "duration_ms": 2890, "keys": ["funding_rate", "klines_15m", "klines_1h", "klines_1m", "oi_hist", "orderbook", "premium_index", "symbol"]}
{"event": "analysis_generated", "symbol": "0GUSDT", "duration_ms": 4, "score": 55, "direction_score": -3, "current_price": 0.8769}
{"event": "monitor_context", "symbol": "0GUSDT", "direction": "SHORT", "entry_price": 0.8768, "current_price": 0.8769, "qty": "34", "baseline_qty": "34", "core_qty": "17.0", "scalp_qty": "17.0", "profit_locked": false, "need_partial_tp": true}
{"event": "open_orders_fetched", "symbol": "0GUSDT", "count": 3}
{"event": "llm_monitor_raw", "symbol": "0GUSDT", "raw": {"action": "HOLD", "reasoning": "The current position aligns with the strategy guidelines. The Stop Loss and Final Take Profit are active and appropriately set. The Partial Take Profit is needed and set correctly. The market analysis does not indicate a need to adjust orders or close the position. The trend score is above 40, and signals support maintaining the short position. No profit is locked, so there's no need to adjust the Stop Loss for break-even. Stability guidelines suggest not changing orders for minor fluctuations.", "new_stop_loss": null, "new_take_profit": null, "partial_tp_price": null, "partial_tp_percent": null, "reduce_percent": null, "add_usdt": null}}
{"event": "market_data_fetched", "symbol": "0GUSDT", "duration_ms": 2687, "keys": ["funding_rate", "klines_15m", "klines_1h", "klines_1m", "oi_hist", "orderbook", "premium_index", "symbol"]}
{"event": "analysis_generated", "symbol": "0GUSDT", "duration_ms": 4, "score": 40, "direction_score": -1, "current_price": 0.8773}
{"event": "monitor_context", "symbol": "0GUSDT", "direction": "SHORT", "entry_price": 0.8768, "current_price": 0.8773, "qty": "34", "baseline_qty": "34", "core_qty": "17.0", "scalp_qty": "17.0", "profit_locked": false, "need_partial_tp": true}
{"event": "open_orders_fetched", "symbol": "0GUSDT", "count": 3}
{"event": "llm_monitor_raw", "symbol": "0GUSDT", "raw": {"action": "HOLD", "reasoning": "The current position aligns with the strategy guidelines. The Stop Loss and Final Take Profit are active and appropriately set. The Partial Take Profit is needed but already configured. The market analysis does not indicate a need to adjust orders or close the position, as the trend score is still below the entry threshold and no significant invalidation signals are present. Minor price fluctuations do not warrant order changes.", "new_stop_loss": null, "new_take_profit": null, "partial_tp_price": null, "partial_tp_percent": null, "reduce_percent": null, "add_usdt": null}}
{"event": "market_data_fetched", "symbol": "0GUSDT", "duration_ms": 2720, "keys": ["funding_rate", "klines_15m", "klines_1h", "klines_1m", "oi_hist", "orderbook", "premium_index", "symbol"]}
{"event": "analysis_generated", "symbol": "0GUSDT", "duration_ms": 4, "score": 75, "direction_score": -2, "current_price": 0.8747}
{"event": "monitor_context", "symbol": "0GUSDT", "direction": "SHORT", "entry_price": 0.8768, "current_price": 0.8747, "qty": "34", "baseline_qty": "34", "core_qty": "17.0", "scalp_qty": "17.0", "profit_locked": false, "need_partial_tp": true}
{"event": "open_orders_fetched", "symbol": "0GUSDT", "count": 3}
{"event": "llm_monitor_raw", "symbol": "0GUSDT", "raw": {"action": "HOLD", "reasoning": "The current position aligns with the strategy guidelines. The Stop Loss and Final Take Profit are active and appropriately set. The Partial Take Profit is needed and set correctly. The market analysis shows a strong bearish trend with no immediate invalidation signals. Profit Locked is false, so no adjustments are required to lock in profits. The position size is within the Baseline Size, and there's no need to add or reduce the position at this time.", "new_stop_loss": null, "new_take_profit": null, "partial_tp_price": null, "partial_tp_percent": null, "reduce_percent": null, "add_usdt": null}}
{"event": "market_data_fetched", "symbol": "0GUSDT", "duration_ms": 3002, "keys": ["funding_rate", "klines_15m", "klines_1h", "klines_1m", "oi_hist", "orderbook", "premium_index", "symbol"]}
{"event": "analysis_generated", "symbol": "0GUSDT", "duration_ms": 4, "score": 55, "direction_score": -3, "current_price": 0.8726}
{"event": "monitor_context", "symbol": "0GUSDT", "direction": "SHORT", "entry_price": 0.8768, "current_price": 0.8726, "qty": "34", "baseline_qty": "34", "core_qty": "17.0", "scalp_qty": "17.0", "profit_locked": false, "need_partial_tp": true}
{"event": "open_orders_fetched", "symbol": "0GUSDT", "count": 3}
{"event": "llm_monitor_raw", "symbol": "0GUSDT", "raw": {"action": "HOLD", "reasoning": "The current position aligns with the strategy guidelines. The Stop Loss and Final Take Profit are active and appropriately set. The Partial Take Profit is needed and set at 0.856. The market analysis shows a bearish trend with acceptable volatility and liquidity, supporting the continuation of the short position. There is no immediate need to adjust orders as the market structure has not invalidated the trade, and profit lock is not active.", "new_stop_loss": null, "new_take_profit": null, "partial_tp_price": null, "partial_tp_percent": null, "reduce_percent": null, "add_usdt": null}}
{"event": "market_data_fetched", "symbol": "0GUSDT", "duration_ms": 2765, "keys": ["funding_rate", "klines_15m", "klines_1h", "klines_1m", "oi_hist", "orderbook", "premium_index", "symbol"]}
{"event": "analysis_generated", "symbol": "0GUSDT", "duration_ms": 4, "score": 25, "direction_score": -2, "current_price": 0.8727}
{"event": "monitor_context", "symbol": "0GUSDT", "direction": "SHORT", "entry_price": 0.8768, "current_price": 0.8727, "qty": "34", "baseline_qty": "34", "core_qty": "17.0", "scalp_qty": "17.0", "profit_locked": false, "need_partial_tp": true}
{"event": "open_orders_fetched", "symbol": "0GUSDT", "count": 3}
{"event": "llm_monitor_raw", "symbol": "0GUSDT", "raw": {"action": "HOLD", "reasoning": "The current position aligns with the strategy guidelines. The Stop Loss and Final Take Profit are active and appropriately set. The Partial Take Profit is needed and set correctly. The market analysis does not indicate any immediate need to adjust orders or close the position. The trend score, while lower than the entry threshold, does not invalidate the trade. The position should be held until either the Stop Loss, Final Take Profit, or Partial Take Profit is triggered.", "new_stop_loss": null, "new_take_profit": null, "partial_tp_price": null, "partial_tp_percent": null, "reduce_percent": null, "add_usdt": null}}
{"event": "market_data_fetched", "symbol": "0GUSDT", "duration_ms": 2690, "keys": ["funding_rate", "klines_15m", "klines_1h", "klines_1m", "oi_hist", "orderbook", "premium_index", "symbol"]}
{"event": "analysis_generated", "symbol": "0GUSDT", "duration_ms": 4, "score": 40, "direction_score": -2, "current_price": 0.8807}
{"event": "monitor_context", "symbol": "0GUSDT", "direction": "SHORT", "entry_price": 0.8768, "current_price": 0.8807, "qty": "34", "baseline_qty": "34", "core_qty": "17.0", "scalp_qty": "17.0", "profit_locked": false, "need_partial_tp": true}
{"event": "open_orders_fetched", "symbol": "0GUSDT", "count": 3}
{"event": "llm_monitor_raw", "symbol": "0GUSDT", "raw": {"action": "HOLD", "reasoning": "The current position aligns with the strategy guidelines. The Stop Loss and Final Take Profit are active and appropriately set. The Partial Take Profit is needed and set correctly. The market analysis does not indicate a need to adjust orders or close the position. The trend score is still below the entry threshold, and signals support maintaining the short position.", "new_stop_loss": null, "new_take_profit": null, "partial_tp_price": null, "partial_tp_percent": null, "reduce_percent": null, "add_usdt": null}}
{"event": "market_data_fetched", "symbol": "0GUSDT", "duration_ms": 2684, "keys": ["funding_rate", "klines_15m", "klines_1h", "klines_1m", "oi_hist", "orderbook", "premium_index", "symbol"]}
{"event": "analysis_generated", "symbol": "0GUSDT", "duration_ms": 4, "score": 40, "direction_score": -2, "current_price": 0.8782}
{"event": "monitor_context", "symbol": "0GUSDT", "direction": "SHORT", "entry_price": 0.8768, "current_price": 0.8782, "qty": "34", "baseline_qty": "34", "core_qty": "17.0", "scalp_qty": "17.0", "profit_locked": false, "need_partial_tp": true}
{"event": "open_orders_fetched", "symbol": "0GUSDT", "count": 3}
{"event": "llm_monitor_raw", "symbol": "0GUSDT", "raw": {"action": "HOLD", "reasoning": "The current position aligns with the strategy guidelines. The Stop Loss and Final Take Profit are active and appropriately set. The Partial Take Profit is needed but already configured. The market analysis does not indicate a need to adjust orders or close the position, as the trend score is still within the acceptable range (40) and there are no invalidating signals. Profit Locked is false, so no additional actions are required.", "new_stop_loss": null, "new_take_profit": null, "partial_tp_price": null, "partial_tp_percent": null, "reduce_percent": null, "add_usdt": null}}
{"event": "market_data_fetched", "symbol": "0GUSDT", "duration_ms": 2714, "keys": ["funding_rate", "klines_15m", "klines_1h", "klines_1m", "oi_hist", "orderbook", "premium_index", "symbol"]}
{"event": "analysis_generated", "symbol": "0GUSDT", "duration_ms": 4, "score": 40, "direction_score": -2, "current_price": 0.8761}
{"event": "monitor_context", "symbol": "0GUSDT", "direction": "SHORT", "entry_price": 0.8768, "current_price": 0.8761, "qty": "34", "baseline_qty": "34", "core_qty": "17.0", "scalp_qty": "17.0", "profit_locked": false, "need_partial_tp": true}
{"event": "open_orders_fetched", "symbol": "0GUSDT", "count": 3}
{"event": "llm_monitor_raw", "symbol": "0GUSDT", "raw": {"action": "HOLD", "reasoning": "The current position aligns with the strategy guidelines. The Stop Loss and Final Take Profit are active and appropriately set. The Partial Take Profit is needed and set correctly. The market analysis does not indicate any invalidation of the trade or significant changes requiring adjustment. The Profit Locked is false, and there are no immediate signals to add or reduce the position.", "new_stop_loss": null, "new_take_profit": null, "partial_tp_price": null, "partial_tp_percent": null, "reduce_percent": null, "add_usdt": null}}
{"event": "market_data_fetched", "symbol": "0GUSDT", "duration_ms": 2698, "keys": ["funding_rate", "klines_15m", "klines_1h", "klines_1m", "oi_hist", "orderbook", "premium_index", "symbol"]}
{"event": "analysis_generated", "symbol": "0GUSDT", "duration_ms": 4, "score": 55, "direction_score": -3, "current_price": 0.8751}
{"event": "monitor_context", "symbol": "0GUSDT", "direction": "SHORT", "entry_price": 0.8768, "current_price": 0.8751, "qty": "34", "baseline_qty": "34", "core_qty": "17.0", "scalp_qty": "17.0", "profit_locked": false, "need_partial_tp": true}
{"event": "open_orders_fetched", "symbol": "0GUSDT", "count": 3}
{"event": "llm_monitor_raw", "symbol": "0GUSDT", "raw": {"action": "HOLD", "reasoning": "The current position aligns with the strategy guidelines. The Stop Loss and Final Take Profit are active and appropriately set. The Partial Take Profit is needed and set correctly. The market analysis does not indicate any immediate need to adjust orders or close the position. The trend score remains above 40, and there are no signals suggesting invalidation of the trade. Therefore, holding the position with current orders is the optimal action.", "new_stop_loss": null, "new_take_profit": null, "partial_tp_price": null, "partial_tp_percent": null, "reduce_percent": null, "add_usdt": null}}
{"event": "market_data_fetched", "symbol": "0GUSDT", "duration_ms": 2745, "keys": ["funding_rate", "klines_15m", "klines_1h", "klines_1m", "oi_hist", "orderbook", "premium_index", "symbol"]}
{"event": "analysis_generated", "symbol": "0GUSDT", "duration_ms": 3, "score": 40, "direction_score": -1, "current_price": 0.8959}
{"event": "monitor_context", "symbol": "0GUSDT", "direction": "SHORT", "entry_price": 0.8768, "current_price": 0.8959, "qty": "34", "baseline_qty": "34", "core_qty": "17.0", "scalp_qty": "17.0", "profit_locked": false, "need_partial_tp": true}
{"event": "open_orders_fetched", "symbol": "0GUSDT", "count": 3}
{"event": "llm_monitor_raw", "symbol": "0GUSDT", "raw": {"action": "HOLD", "reasoning": "The current position aligns with the strategy guidelines. The Stop Loss is active at 0.902, which is above the entry price, ensuring risk management. The Final Take Profit is set at 0.835, and a Partial Take Profit is needed at 0.856 for the scalp size (17.0). The market analysis shows mixed signals with a Trend Score of 40, which was the threshold for entry, and no significant invalidation of the trade setup. There is no immediate need to adjust orders as the market structure hasn't invalidated the trade, and the Stop Loss is not missing or too risky.", "new_stop_loss": null, "new_take_profit": null, "partial_tp_price": 0.856, "partial_tp_percent": 0.5, "reduce_percent": null, "add_usdt": null}}
{"event": "market_data_fetched", "symbol": "0GUSDT", "duration_ms": 3228, "keys": ["funding_rate", "klines_15m", "klines_1h", "klines_1m", "oi_hist", "orderbook", "premium_index", "symbol"]}
{"event": "analysis_generated", "symbol": "0GUSDT", "duration_ms": 2, "score": 40, "direction_score": -1, "current_price": 0.8924}
{"event": "monitor_context", "symbol": "0GUSDT", "direction": "SHORT", "entry_price": 0.8768, "current_price": 0.8924, "qty": "34", "baseline_qty": "34", "core_qty": "17.0", "scalp_qty": "17.0", "profit_locked": false, "need_partial_tp": true}
{"event": "open_orders_fetched", "symbol": "0GUSDT", "count": 3}
{"event": "llm_monitor_raw", "symbol": "0GUSDT", "raw": {"action": "HOLD", "reasoning": "The current position aligns with the strategy guidelines. The Stop Loss is active at 0.902, which is above the entry price of 0.8768, ensuring risk management. The Final Take Profit is set at 0.835, and a Partial Take Profit is needed at 0.856 for the scalp size of 17.0. The market analysis shows mixed signals with a Trend Score of 40, which was the threshold for entry, and no significant invalidation of the trade setup. There is no immediate need to adjust orders as the market structure has not invalidated the trade, and the Stop Loss is not missing or too risky. Profit Locked is false, so there is no requirement to lock in profits or adjust the Stop Loss to break-even. Therefore, the best action is to HOLD and monitor the position.", "new_stop_loss": null, "new_take_profit": null, "partial_tp_price": null, "partial_tp_percent": null, "reduce_percent": null, "add_usdt": null}}
{"event": "market_data_fetched", "symbol": "0GUSDT", "duration_ms": 2736, "keys": ["funding_rate", "klines_15m", "klines_1h", "klines_1m", "oi_hist", "orderbook", "premium_index", "symbol"]}
{"event": "analysis_generated", "symbol": "0GUSDT", "duration_ms": 4, "score": 40, "direction_score": -2, "current_price": 0.8858}
{"event": "monitor_context", "symbol": "0GUSDT", "direction": "SHORT", "entry_price": 0.8768, "current_price": 0.8858, "qty": "34", "baseline_qty": "34", "core_qty": "17.0", "scalp_qty": "17.0", "profit_locked": false, "need_partial_tp": true}
{"event": "open_orders_fetched", "symbol": "0GUSDT", "count": 3}
{"event": "llm_monitor_raw", "symbol": "0GUSDT", "raw": {"action": "HOLD", "reasoning": "The current position aligns with the strategy guidelines. The Stop Loss and Final Take Profit are active, and there is no immediate need to adjust orders based on the market analysis or smart suggestions. The trend score is still below the entry threshold, and the signals indicate continued bearish conditions. No profit is locked, so there's no requirement to tighten the Stop Loss. The Partial Take Profit is needed but already set.", "new_stop_loss": null, "new_take_profit": null, "partial_tp_price": null, "partial_tp_percent": null, "reduce_percent": null, "add_usdt": null}}
{"event": "market_data_fetched", "symbol": "0GUSDT", "duration_ms": 2925, "keys": ["funding_rate", "klines_15m", "klines_1h", "klines_1m", "oi_hist", "orderbook", "premium_index", "symbol"]}
{"event": "analysis_generated", "symbol": "0GUSDT", "duration_ms": 4, "score": 40, "direction_score": -2, "current_price": 0.8797}
{"event": "monitor_context", "symbol": "0GUSDT", "direction": "SHORT", "entry_price": 0.8768, "current_price": 0.8797, "qty": "34", "baseline_qty": "34", "core_qty": "17.0", "scalp_qty": "17.0", "profit_locked": false, "need_partial_tp": true}
{"event": "open_orders_fetched", "symbol": "0GUSDT", "count": 3}
{"event": "llm_monitor_raw", "symbol": "0GUSDT", "raw": {"action": "HOLD", "reasoning": "The current position has a Stop Loss and Final Take Profit in place as per the strategy. The Partial Take Profit is needed but already set. The market analysis does not indicate a need to close or adjust the position, and the trend score, while below the initial entry threshold, does not invalidate the trade. The unrealized PnL is minimal, and there are no signals to lock profits or adjust orders. Therefore, holding the position with current orders is the appropriate action.", "new_stop_loss": null, "new_take_profit": null, "partial_tp_price": null, "partial_tp_percent": null, "reduce_percent": null, "add_usdt": null}}
{"event": "market_data_fetched", "symbol": "0GUSDT", "duration_ms": 2707, "keys": ["funding_rate", "klines_15m", "klines_1h", "klines_1m", "oi_hist", "orderbook", "premium_index", "symbol"]}
{"event": "analysis_generated", "symbol": "0GUSDT", "duration_ms": 2, "score": 55, "direction_score": -3, "current_price": 0.8784}
{"event": "monitor_context", "symbol": "0GUSDT", "direction": "SHORT", "entry_price": 0.8768, "current_price": 0.8784, "qty": "34", "baseline_qty": "34", "core_qty": "17.0", "scalp_qty": "17.0", "profit_locked": false, "need_partial_tp": true}
{"event": "open_orders_fetched", "symbol": "0GUSDT", "count": 3}
{"event": "llm_monitor_raw", "symbol": "0GUSDT", "raw": {"action": "HOLD", "reasoning": "The current position aligns with the strategy guidelines. The Stop Loss and Final Take Profit are active and appropriately set. The Partial Take Profit is needed but already configured. The market analysis does not indicate a need to adjust orders or close the position, as the trend score remains neutral (55) and signals support maintaining the short position. No profit is locked, so there's no need to tighten the Stop Loss. Stability guidelines suggest holding unless market structure invalidates the trade or orders are missing/risky, which is not the case here.", "new_stop_loss": null, "new_take_profit": null, "partial_tp_price": null, "partial_tp_percent": null, "reduce_percent": null, "add_usdt": null}}
{"event": "market_data_fetched", "symbol": "0GUSDT", "duration_ms": 3760, "keys": ["funding_rate", "klines_15m", "klines_1h", "klines_1m", "oi_hist", "orderbook", "premium_index", "symbol"]}
{"event": "analysis_generated", "symbol": "0GUSDT", "duration_ms": 4, "score": 35, "direction_score": -2, "current_price": 0.8749}
{"event": "monitor_context", "symbol": "0GUSDT", "direction": "SHORT", "entry_price": 0.8768, "current_price": 0.8749, "qty": "34", "baseline_qty": "34", "core_qty": "17.0", "scalp_qty": "17.0", "profit_locked": false, "need_partial_tp": true}
{"event": "open_orders_fetched", "symbol": "0GUSDT", "count": 3}
{"event": "llm_monitor_raw", "symbol": "0GUSDT", "raw": {"action": "HOLD", "reasoning": "The current position is performing within expected parameters with an active Stop Loss at 0.902 and a Final Take Profit at 0.835. The Partial Take Profit is also set at 0.856 as required. The market analysis shows a trend score of 35, which is slightly below the entry threshold but not invalidating. The signals indicate a bearish alignment with acceptable volatility and liquidity. There is no immediate need to adjust orders as the market structure has not invalidated the trade, and the Stop Loss is appropriately set. Profit Locked is False, so no additional actions are required to lock in profits. The strategy guidelines recommend holding the current position unless specific conditions are met, which they are not at this time.", "new_stop_loss": null, "new_take_profit": null, "partial_tp_price": null, "partial_tp_percent": null, "reduce_percent": null, "add_usdt": null}}
{"event": "market_data_fetched", "symbol": "0GUSDT", "duration_ms": 2743, "keys": ["funding_rate", "klines_15m", "klines_1h", "klines_1m", "oi_hist", "orderbook", "premium_index", "symbol"]}
{"event": "analysis_generated", "symbol": "0GUSDT", "duration_ms": 3, "score": 35, "direction_score": -2, "current_price": 0.8748}
{"event": "monitor_context", "symbol": "0GUSDT", "direction": "SHORT", "entry_price": 0.8768, "current_price": 0.8748, "qty": "34", "baseline_qty": "34", "core_qty": "17.0", "scalp_qty": "17.0", "profit_locked": false, "need_partial_tp": true}
{"event": "open_orders_fetched", "symbol": "0GUSDT", "count": 3}
{"event": "llm_monitor_raw", "symbol": "0GUSDT", "raw": {"action": "HOLD", "reasoning": "The current position aligns with the strategy guidelines. The Stop Loss and Final Take Profit are active and appropriately set. The Partial Take Profit is needed and set correctly. The market analysis does not indicate any invalidation of the trade setup, and the unrealized PnL is minimal, so no adjustment is necessary at this time.", "new_stop_loss": null, "new_take_profit": null, "partial_tp_price": null, "partial_tp_percent": null, "reduce_percent": null, "add_usdt": null}}
{"event": "market_data_fetched", "symbol": "0GUSDT", "duration_ms": 2727, "keys": ["funding_rate", "klines_15m", "klines_1h", "klines_1m", "oi_hist", "orderbook", "premium_index", "symbol"]}
{"event": "analysis_generated", "symbol": "0GUSDT", "duration_ms": 4, "score": 20, "direction_score": -2, "current_price": 0.8734}
{"event": "monitor_context", "symbol": "0GUSDT", "direction": "SHORT", "entry_price": 0.8768, "current_price": 0.8734, "qty": "34", "baseline_qty": "34", "core_qty": "17.0", "scalp_qty": "17.0", "profit_locked": false, "need_partial_tp": true}
{"event": "open_orders_fetched", "symbol": "0GUSDT", "count": 3}
{"event": "llm_monitor_raw", "symbol": "0GUSDT", "raw": {"action": "HOLD", "reasoning": "The current position aligns with the strategy guidelines. The Stop Loss and Final Take Profit are active and appropriately set. The Partial Take Profit is needed and set correctly. The market analysis does not indicate a need to invalidate the trade or adjust orders. The trend score has decreased since entry, but the signals still support the short position (1H均线空头排列, 波动率合格, 流动性良好). There is no indication to lock profits or adjust orders due to minor price fluctuations.", "new_stop_loss": null, "new_take_profit": null, "partial_tp_price": null, "partial_tp_percent": null, "reduce_percent": null, "add_usdt": null}}
{"event": "market_data_fetched", "symbol": "0GUSDT", "duration_ms": 2710, "keys": ["funding_rate", "klines_15m", "klines_1h", "klines_1m", "oi_hist", "orderbook", "premium_index", "symbol"]}
{"event": "analysis_generated", "symbol": "0GUSDT", "duration_ms": 2, "score": 40, "direction_score": -2, "current_price": 0.8688}
{"event": "monitor_context", "symbol": "0GUSDT", "direction": "SHORT", "entry_price": 0.8768, "current_price": 0.8688, "qty": "34", "baseline_qty": "34", "core_qty": "17.0", "scalp_qty": "17.0", "profit_locked": false, "need_partial_tp": true}
{"event": "open_orders_fetched", "symbol": "0GUSDT", "count": 3}
{"event": "llm_monitor_raw", "symbol": "0GUSDT", "raw": {"action": "HOLD", "reasoning": "The current position aligns with the strategy guidelines. The Stop Loss and Final Take Profit are active and appropriately set. The Partial Take Profit is needed and set correctly. The market analysis does not indicate any invalidation of the trade or significant changes requiring adjustment. The Profit Locked is false, so there's no need to modify the Stop Loss for break-even. The trend score and signals support maintaining the position.", "new_stop_loss": null, "new_take_profit": null, "partial_tp_price": null, "partial_tp_percent": null, "reduce_percent": null, "add_usdt": null}}
{"event": "market_data_fetched", "symbol": "0GUSDT", "duration_ms": 2689, "keys": ["funding_rate", "klines_15m", "klines_1h", "klines_1m", "oi_hist", "orderbook", "premium_index", "symbol"]}
{"event": "analysis_generated", "symbol": "0GUSDT", "duration_ms": 3, "score": 35, "direction_score": -2, "current_price": 0.8657}
{"event": "monitor_context", "symbol": "0GUSDT", "direction": "SHORT", "entry_price": 0.8768, "current_price": 0.8657, "qty": "34", "baseline_qty": "34", "core_qty": "17.0", "scalp_qty": "17.0", "profit_locked": false, "need_partial_tp": true}
{"event": "open_orders_fetched", "symbol": "0GUSDT", "count": 3}
{"event": "llm_monitor_raw", "symbol": "0GUSDT", "raw": {"action": "HOLD", "reasoning": "The current position is profitable with an active Stop Loss and Final Take Profit in place. The Partial Take Profit is needed but already set. The market analysis does not indicate a need to adjust orders or close the position. The trend score is below the entry threshold but not invalidating the trade. Stability guidelines suggest holding unless there's a significant change.", "new_stop_loss": null, "new_take_profit": null, "partial_tp_price": null, "partial_tp_percent": null, "reduce_percent": null, "add_usdt": null}}
{"event": "market_data_fetched", "symbol": "0GUSDT", "duration_ms": 4445, "keys": ["funding_rate", "klines_15m", "klines_1h", "klines_1m", "oi_hist", "orderbook", "premium_index", "symbol"]}
{"event": "analysis_generated", "symbol": "0GUSDT", "duration_ms": 4, "score": 45, "direction_score": -3, "current_price": 0.8625}
{"event": "monitor_context", "symbol": "0GUSDT", "direction": "SHORT", "entry_price": 0.8768, "current_price": 0.8625, "qty": "34", "baseline_qty": "34", "core_qty": "17.0", "scalp_qty": "17.0", "profit_locked": false, "need_partial_tp": true}
{"event": "open_orders_fetched", "symbol": "0GUSDT", "count": 3}
{"event": "llm_monitor_raw", "symbol": "0GUSDT", "raw": {"action": "ADJUST_TP_SL", "reasoning": "The Smart Suggestion recommends updating the Stop Loss to 0.875 to protect profits (Break Even). The current Stop Loss at 0.902 is above the entry price of 0.8768, which exposes the position to unnecessary risk. Updating the Stop Loss to 0.875 aligns with the strategy of protecting profits while maintaining a FULL Stop Loss and FULL Final Take Profit. The Partial Take Profit at 0.856 remains valid as it helps lock in some profits early.", "new_stop_loss": 0.875, "new_take_profit": 0.835, "partial_tp_price": 0.856, "partial_tp_percent": 0.5, "reduce_percent": null, "add_usdt": null}}
{"event": "order_cancel_requested", "symbol": "0GUSDT", "order_id": 1655427128}
{"event": "order_cancel_result", "symbol": "0GUSDT", "order_id": 1655427128, "resp": {"orderId": 1655427128, "symbol": "0GUSDT", "status": "CANCELED", "clientOrderId": "x-Cb7ytekJ681a02bc616a58c72614b0", "price": "0.0000000", "avgPrice": "0.00", "origQty": "0", "executedQty": "0", "cumQty": "0", "cumQuote": "0.0000000", "timeInForce": "GTC", "type": "STOP_MARKET", "reduceOnly": true, "closePosition": true, "side": "BUY", "positionSide": "BOTH", "stopPrice": "0.9020000", "workingType": "MARK_PRICE", "priceProtect": false, "origType": "STOP_MARKET", "priceMatch": "NONE", "selfTradePreventionMode": "EXPIRE_MAKER", "goodTillDate": 0, "updateTime": 1769388342474}}
{"event": "order_place_requested", "symbol": "0GUSDT", "kind": "stop_loss", "type": "STOP_MARKET", "close_position": true, "stop_price": 0.875}
{"event": "order_place_result", "symbol": "0GUSDT", "kind": "stop_loss", "order_id": 2000000278404250, "stop_price": "0.8750000", "close_position": true}
{"event": "market_data_fetched", "symbol": "0GUSDT", "duration_ms": 2726, "keys": ["funding_rate", "klines_15m", "klines_1h", "klines_1m", "oi_hist", "orderbook", "premium_index", "symbol"]}
{"event": "analysis_generated", "symbol": "0GUSDT", "duration_ms": 4, "score": 55, "direction_score": -3, "current_price": 0.8605}
{"event": "monitor_context", "symbol": "0GUSDT", "direction": "SHORT", "entry_price": 0.8768, "current_price": 0.8605, "qty": "34", "baseline_qty": "34", "core_qty": "17.0", "scalp_qty": "17.0", "profit_locked": false, "need_partial_tp": true}
{"event": "open_orders_fetched", "symbol": "0GUSDT", "count": 2}
{"event": "llm_monitor_raw", "symbol": "0GUSDT", "raw": {"action": "ADJUST_TP_SL", "reasoning": "The Smart Suggestion recommends updating the Stop Loss to 0.875 to protect profits and achieve break-even. Currently, there is no Stop Loss active, which violates the risk management rule of always having a Stop Loss. The market analysis still supports the short position with a Trend Score of 55 and bearish signals, so closing the position is not warranted. Adjusting the Stop Loss to 0.875 aligns with the strategy of protecting profits while allowing the trade to continue.", "new_stop_loss": 0.875, "new_take_profit": 0.835, "partial_tp_price": 0.856, "partial_tp_percent": null, "reduce_percent": null, "add_usdt": null}}
{"event": "order_place_requested", "symbol": "0GUSDT", "kind": "stop_loss", "type": "STOP_MARKET", "close_position": true, "stop_price": 0.875}
{"event": "order_place_result", "symbol": "0GUSDT", "kind": "stop_loss", "order_id": 1657470358, "stop_price": "0.8750000", "close_position": true}
{"event": "market_data_fetched", "symbol": "0GUSDT", "duration_ms": 2787, "keys": ["funding_rate", "klines_15m", "klines_1h", "klines_1m", "oi_hist", "orderbook", "premium_index", "symbol"]}
{"event": "analysis_generated", "symbol": "0GUSDT", "duration_ms": 3, "score": 40, "direction_score": -3, "current_price": 0.8611}
{"event": "monitor_context", "symbol": "0GUSDT", "direction": "SHORT", "entry_price": 0.8768, "current_price": 0.8611, "qty": "34", "baseline_qty": "34", "core_qty": "17.0", "scalp_qty": "17.0", "profit_locked": false, "need_partial_tp": true}
{"event": "open_orders_fetched", "symbol": "0GUSDT", "count": 3}
{"event": "llm_monitor_raw", "symbol": "0GUSDT", "raw": {"action": "HOLD", "reasoning": "The current position is profitable with an unrealized PnL of 1.88%. The Stop Loss and Final Take Profit are correctly set according to the strategy. The Partial Take Profit is needed and set at 0.856, which aligns with the scalp size. The market analysis shows bearish signals (1H均线空头排列, 卖盘压制), supporting the continuation of the short position. There is no immediate need to adjust orders as the market structure has not invalidated the trade, and the Stop Loss is not missing or too risky.", "new_stop_loss": null, "new_take_profit": null, "partial_tp_price": null, "partial_tp_percent": null, "reduce_percent": null, "add_usdt": null}}
{"event": "market_data_fetched", "symbol": "0GUSDT", "duration_ms": 3097, "keys": ["funding_rate", "klines_15m", "klines_1h", "klines_1m", "oi_hist", "orderbook", "premium_index", "symbol"]}
{"event": "analysis_generated", "symbol": "0GUSDT", "duration_ms": 4, "score": 60, "direction_score": -3, "current_price": 0.8598}
{"event": "monitor_context", "symbol": "0GUSDT", "direction": "SHORT", "entry_price": 0.8768, "current_price": 0.8598, "qty": "34", "baseline_qty": "34", "core_qty": "17.0", "scalp_qty": "17.0", "profit_locked": false, "need_partial_tp": true}
{"event": "open_orders_fetched", "symbol": "0GUSDT", "count": 3}
{"event": "llm_monitor_raw", "symbol": "0GUSDT", "raw": {"action": "HOLD", "reasoning": "The current position is profitable with an unrealized PnL of 1.93%. The Stop Loss and Final Take Profit are correctly set according to the strategy. The Partial Take Profit is needed and will be triggered at 0.856. The market analysis supports the current trend with a Trend Score of 60 and signals indicating a bearish setup. There is no immediate need to adjust orders as the market structure has not invalidated the trade, and the Stop Loss is not missing or too risky.", "new_stop_loss": null, "new_take_profit": null, "partial_tp_price": null, "partial_tp_percent": null, "reduce_percent": null, "add_usdt": null}}
{"event": "market_data_fetched", "symbol": "0GUSDT", "duration_ms": 3525, "keys": ["funding_rate", "klines_15m", "klines_1h", "klines_1m", "oi_hist", "orderbook", "premium_index", "symbol"]}
{"event": "analysis_generated", "symbol": "0GUSDT", "duration_ms": 4, "score": 55, "direction_score": -3, "current_price": 0.8579}
{"event": "monitor_context", "symbol": "0GUSDT", "direction": "SHORT", "entry_price": 0.8768, "current_price": 0.8579, "qty": "34", "baseline_qty": "34", "core_qty": "17.0", "scalp_qty": "17.0", "profit_locked": false, "need_partial_tp": true}
{"event": "open_orders_fetched", "symbol": "0GUSDT", "count": 3}
{"event": "llm_monitor_raw", "symbol": "0GUSDT", "raw": {"action": "HOLD", "reasoning": "The current position is profitable with an unrealized PnL of 2.18%. The Stop Loss and Final Take Profit are correctly set according to the strategy. The Partial Take Profit is needed and will be executed at the specified limit price of 0.856. The market analysis shows a trend score of 55, which supports the current short position. There is no immediate need to adjust orders as the market structure has not invalidated the trade, and the Stop Loss is not missing or too risky.", "new_stop_loss": null, "new_take_profit": null, "partial_tp_price": null, "partial_tp_percent": null, "reduce_percent": null, "add_usdt": null}}
{"event": "market_data_fetched", "symbol": "0GUSDT", "duration_ms": 2728, "keys": ["funding_rate", "klines_15m", "klines_1h", "klines_1m", "oi_hist", "orderbook", "premium_index", "symbol"]}
{"event": "analysis_generated", "symbol": "0GUSDT", "duration_ms": 3, "score": 45, "direction_score": -3, "current_price": 0.8621}
{"event": "monitor_context", "symbol": "0GUSDT", "direction": "SHORT", "entry_price": 0.8768, "current_price": 0.8621, "qty": "34", "baseline_qty": "34", "core_qty": "17.0", "scalp_qty": "17.0", "profit_locked": false, "need_partial_tp": true}
{"event": "open_orders_fetched", "symbol": "0GUSDT", "count": 3}
{"event": "llm_monitor_raw", "symbol": "0GUSDT", "raw": {"action": "HOLD", "reasoning": "Current market conditions and position status align with the strategy guidelines. The trend score (45) still supports the short position, and the active orders (Stop Loss at 0.875 and Final Take Profit at 0.835) are correctly placed according to the strategy. The Partial Take Profit at 0.856 is needed and already set. There is no indication to adjust orders due to minor price fluctuations or invalidated market structure. Profit Locked is false, so no additional actions are required.", "new_stop_loss": null, "new_take_profit": null, "partial_tp_price": null, "partial_tp_percent": null, "reduce_percent": null, "add_usdt": null}}
{"event": "market_data_fetched", "symbol": "0GUSDT", "duration_ms": 3012, "keys": ["funding_rate", "klines_15m", "klines_1h", "klines_1m", "oi_hist", "orderbook", "premium_index", "symbol"]}
{"event": "analysis_generated", "symbol": "0GUSDT", "duration_ms": 4, "score": 30, "direction_score": -3, "current_price": 0.8599}
{"event": "monitor_context", "symbol": "0GUSDT", "direction": "SHORT", "entry_price": 0.8768, "current_price": 0.8599, "qty": "34", "baseline_qty": "34", "core_qty": "17.0", "scalp_qty": "17.0", "profit_locked": false, "need_partial_tp": true}
{"event": "open_orders_fetched", "symbol": "0GUSDT", "count": 3}
{"event": "llm_monitor_raw", "symbol": "0GUSDT", "raw": {"action": "HOLD", "reasoning": "The current position is profitable with an unrealized PnL of 1.92%. The Stop Loss and Final Take Profit are already set according to the strategy. The Partial Take Profit is needed but not yet placed, however, the market conditions have not invalidated the trade nor triggered any adjustments. The trend score is low (30), but the signals still support the short position (1H均线空头排列, 波动率合格, 卖盘压制). Since there are no immediate risks or significant changes in market structure, holding the position with current orders is the optimal action.", "new_stop_loss": null, "new_take_profit": null, "partial_tp_price": null, "partial_tp_percent": null, "reduce_percent": null, "add_usdt": null}}
{"event": "market_data_fetched", "symbol": "0GUSDT", "duration_ms": 2731, "keys": ["funding_rate", "klines_15m", "klines_1h", "klines_1m", "oi_hist", "orderbook", "premium_index", "symbol"]}
{"event": "analysis_generated", "symbol": "0GUSDT", "duration_ms": 2, "score": 20, "direction_score": -2, "current_price": 0.8603}
{"event": "monitor_context", "symbol": "0GUSDT", "direction": "SHORT", "entry_price": 0.8768, "current_price": 0.8603, "qty": "34", "baseline_qty": "34", "core_qty": "17.0", "scalp_qty": "17.0", "profit_locked": false, "need_partial_tp": true}
{"event": "open_orders_fetched", "symbol": "0GUSDT", "count": 3}
{"event": "llm_monitor_raw", "symbol": "0GUSDT", "raw": {"action": "HOLD", "reasoning": "The current position is profitable with an unrealized PnL of 1.82%. The Stop Loss and Final Take Profit orders are active and appropriately placed according to the strategy. The Partial Take Profit is needed and set at 0.856, which aligns with the scalp size. The market analysis shows a bearish trend with acceptable volatility and liquidity, supporting the continuation of the current position. There is no immediate need to adjust orders as the market structure has not invalidated the trade, and the Stop Loss is not missing or too risky.", "new_stop_loss": null, "new_take_profit": null, "partial_tp_price": null, "partial_tp_percent": null, "reduce_percent": null, "add_usdt": null}}
{"event": "market_data_fetched", "symbol": "0GUSDT", "duration_ms": 2738, "keys": ["funding_rate", "klines_15m", "klines_1h", "klines_1m", "oi_hist", "orderbook", "premium_index", "symbol"]}
{"event": "analysis_generated", "symbol": "0GUSDT", "duration_ms": 3, "score": 35, "direction_score": -2, "current_price": 0.8628}
{"event": "monitor_context", "symbol": "0GUSDT", "direction": "SHORT", "entry_price": 0.8768, "current_price": 0.8628, "qty": "34", "baseline_qty": "34", "core_qty": "17.0", "scalp_qty": "17.0", "profit_locked": false, "need_partial_tp": true}
{"event": "open_orders_fetched", "symbol": "0GUSDT", "count": 3}
{"event": "llm_monitor_raw", "symbol": "0GUSDT", "raw": {"action": "HOLD", "reasoning": "The current position is profitable with an active Stop Loss at 0.875 and Final Take Profit at 0.835. The Partial Take Profit at 0.856 is still needed and aligns with the strategy. The market analysis shows a bearish trend with acceptable volatility and liquidity, and there are no signals suggesting invalidation of the trade. The Profit Locked is false, so there's no need to adjust the Stop Loss. The Smart Suggestions also recommend no action. Therefore, holding the current orders is the best course of action.", "new_stop_loss": null, "new_take_profit": null, "partial_tp_price": null, "partial_tp_percent": null, "reduce_percent": null, "add_usdt": null}}
{"event": "market_data_fetched", "symbol": "0GUSDT", "duration_ms": 3463, "keys": ["funding_rate", "klines_15m", "klines_1h", "klines_1m", "oi_hist", "orderbook", "premium_index", "symbol"]}
{"event": "analysis_generated", "symbol": "0GUSDT", "duration_ms": 1, "score": 40, "direction_score": -3, "current_price": 0.8637}
{"event": "monitor_context", "symbol": "0GUSDT", "direction": "SHORT", "entry_price": 0.8768, "current_price": 0.8637, "qty": "34", "baseline_qty": "34", "core_qty": "17.0", "scalp_qty": "17.0", "profit_locked": false, "need_partial_tp": true}
{"event": "open_orders_fetched", "symbol": "0GUSDT", "count": 3}
{"event": "llm_monitor_raw", "symbol": "0GUSDT", "raw": {"action": "HOLD", "reasoning": "Current market conditions and position status align with the strategy guidelines. The Stop Loss and Final Take Profit are active and appropriately set. The Partial Take Profit is needed but already accounted for with the limit order at 0.856. The trend score is borderline but still within the acceptable range for maintaining the position. No immediate adjustments are required unless market conditions change significantly.", "new_stop_loss": null, "new_take_profit": null, "partial_tp_price": null, "partial_tp_percent": null, "reduce_percent": null, "add_usdt": null}}
{"event": "market_data_fetched", "symbol": "0GUSDT", "duration_ms": 3214, "keys": ["funding_rate", "klines_15m", "klines_1h", "klines_1m", "oi_hist", "orderbook", "premium_index", "symbol"]}
{"event": "analysis_generated", "symbol": "0GUSDT", "duration_ms": 3, "score": 40, "direction_score": -2, "current_price": 0.8635}
{"event": "monitor_context", "symbol": "0GUSDT", "direction": "SHORT", "entry_price": 0.8768, "current_price": 0.8635, "qty": "34", "baseline_qty": "34", "core_qty": "17.0", "scalp_qty": "17.0", "profit_locked": false, "need_partial_tp": true}
{"event": "open_orders_fetched", "symbol": "0GUSDT", "count": 3}
{"event": "llm_monitor_raw", "symbol": "0GUSDT", "raw": {"action": "HOLD", "reasoning": "Current market conditions and position status align with the strategy guidelines. The trend score is still below the entry threshold (40), signals indicate bearish momentum (1H均线空头排列), and volatility/liquidity are acceptable. The existing Stop Loss (0.875) and Final Take Profit (0.835) are correctly placed according to the strategy. The Partial Take Profit (0.856) is also active for the scalp size (17.0), and no profit locking is required yet. No structural invalidation or significant price fluctuation warrants an adjustment.", "new_stop_loss": null, "new_take_profit": null, "partial_tp_price": null, "partial_tp_percent": null, "reduce_percent": null, "add_usdt": null}}
{"event": "market_data_fetched", "symbol": "0GUSDT", "duration_ms": 2848, "keys": ["funding_rate", "klines_15m", "klines_1h", "klines_1m", "oi_hist", "orderbook", "premium_index", "symbol"]}
{"event": "analysis_generated", "symbol": "0GUSDT", "duration_ms": 1, "score": 25, "direction_score": -2, "current_price": 0.8658}
{"event": "monitor_context", "symbol": "0GUSDT", "direction": "SHORT", "entry_price": 0.8768, "current_price": 0.8658, "qty": "34", "baseline_qty": "34", "core_qty": "17.0", "scalp_qty": "17.0", "profit_locked": false, "need_partial_tp": true}
{"event": "open_orders_fetched", "symbol": "0GUSDT", "count": 3}
{"event": "llm_monitor_raw", "symbol": "0GUSDT", "raw": {"action": "HOLD", "reasoning": "Current market conditions and position status do not warrant any changes. The trend score is low (25), but signals still support the short position (1H均线空头排列, 波动率合格, 流动性良好). The Stop Loss (0.875) and Final Take Profit (0.835) are correctly set according to strategy. The Partial Take Profit (0.856) is needed but already active. Profit Locked is false, so no adjustments are required. Stability guidelines suggest holding unless market structure invalidates the trade or Stop Loss is missing/risky.", "new_stop_loss": null, "new_take_profit": null, "partial_tp_price": null, "partial_tp_percent": null, "reduce_percent": null, "add_usdt": null}}
{"event": "market_data_fetched", "symbol": "0GUSDT", "duration_ms": 2728, "keys": ["funding_rate", "klines_15m", "klines_1h", "klines_1m", "oi_hist", "orderbook", "premium_index", "symbol"]}
{"event": "analysis_generated", "symbol": "0GUSDT", "duration_ms": 4, "score": 40, "direction_score": -2, "current_price": 0.8692}
{"event": "monitor_context", "symbol": "0GUSDT", "direction": "SHORT", "entry_price": 0.8768, "current_price": 0.8692, "qty": "34", "baseline_qty": "34", "core_qty": "17.0", "scalp_qty": "17.0", "profit_locked": false, "need_partial_tp": true}
{"event": "open_orders_fetched", "symbol": "0GUSDT", "count": 3}
{"event": "llm_monitor_raw", "symbol": "0GUSDT", "raw": {"action": "HOLD", "reasoning": "The current position is performing within expected parameters with an active Stop Loss at 0.875 and Final Take Profit at 0.835. The Partial Take Profit is also set correctly at 0.856 for the scalp size. The market analysis does not indicate any immediate need to adjust orders or close the position. The trend score is neutral (40), and the signals (1H均线空头排列, 波动率合格, 流动性良好) support maintaining the current strategy. Since Profit Locked is false and there are no invalidating market conditions, the best action is to HOLD.", "new_stop_loss": null, "new_take_profit": null, "partial_tp_price": null, "partial_tp_percent": null, "reduce_percent": null, "add_usdt": null}}
{"event": "market_data_fetched", "symbol": "0GUSDT", "duration_ms": 2746, "keys": ["funding_rate", "klines_15m", "klines_1h", "klines_1m", "oi_hist", "orderbook", "premium_index", "symbol"]}
{"event": "analysis_generated", "symbol": "0GUSDT", "duration_ms": 2, "score": 75, "direction_score": -4, "current_price": 0.8696}
{"event": "monitor_context", "symbol": "0GUSDT", "direction": "SHORT", "entry_price": 0.8768, "current_price": 0.8696, "qty": "34", "baseline_qty": "34", "core_qty": "17.0", "scalp_qty": "17.0", "profit_locked": false, "need_partial_tp": true}
{"event": "open_orders_fetched", "symbol": "0GUSDT", "count": 3}
{"event": "llm_monitor_raw", "symbol": "0GUSDT", "raw": {"action": "HOLD", "reasoning": "The current position aligns with the strategy guidelines. The Stop Loss and Final Take Profit are active and appropriately set. The Partial Take Profit is needed and set correctly. The market analysis supports maintaining the position with no immediate need for adjustment. Profit Locked is false, so no additional actions are required.", "new_stop_loss": null, "new_take_profit": null, "partial_tp_price": null, "partial_tp_percent": null, "reduce_percent": null, "add_usdt": null}}
{"event": "market_data_fetched", "symbol": "0GUSDT", "duration_ms": 2745, "keys": ["funding_rate", "klines_15m", "klines_1h", "klines_1m", "oi_hist", "orderbook", "premium_index", "symbol"]}
{"event": "analysis_generated", "symbol": "0GUSDT", "duration_ms": 3, "score": 55, "direction_score": -3, "current_price": 0.8697}
{"event": "monitor_context", "symbol": "0GUSDT", "direction": "SHORT", "entry_price": 0.8768, "current_price": 0.8697, "qty": "34", "baseline_qty": "34", "core_qty": "17.0", "scalp_qty": "17.0", "profit_locked": false, "need_partial_tp": true}
{"event": "open_orders_fetched", "symbol": "0GUSDT", "count": 3}
{"event": "llm_monitor_raw", "symbol": "0GUSDT", "raw": {"action": "HOLD", "reasoning": "The current position is profitable with an unrealized PnL of 0.75%. The market analysis shows a trend score of 55, which supports the short position. The active orders include a Stop Loss at 0.875 and a Final Take Profit at 0.835, which are in line with the strategy. The Partial Take Profit at 0.856 is also set and needed. There is no indication to close or adjust orders as the market structure has not invalidated the trade, and the Stop Loss is active and appropriately placed. The Profit Locked is false, so there is no need to lock in profits or adjust the Stop Loss. Therefore, the best action is to HOLD the position and current orders.", "new_stop_loss": null, "new_take_profit": null, "partial_tp_price": null, "partial_tp_percent": null, "reduce_percent": null, "add_usdt": null}}
{"event": "market_data_fetched", "symbol": "0GUSDT", "duration_ms": 2730, "keys": ["funding_rate", "klines_15m", "klines_1h", "klines_1m", "oi_hist", "orderbook", "premium_index", "symbol"]}
{"event": "analysis_generated", "symbol": "0GUSDT", "duration_ms": 2, "score": 55, "direction_score": -3, "current_price": 0.8695}
{"event": "monitor_context", "symbol": "0GUSDT", "direction": "SHORT", "entry_price": 0.8768, "current_price": 0.8695, "qty": "34", "baseline_qty": "34", "core_qty": "17.0", "scalp_qty": "17.0", "profit_locked": false, "need_partial_tp": true}
{"event": "open_orders_fetched", "symbol": "0GUSDT", "count": 3}
{"event": "llm_monitor_raw", "symbol": "0GUSDT", "raw": {"action": "HOLD", "reasoning": "The current position is profitable with an unrealized PnL of 0.24 USDT (0.81%). The Stop Loss and Final Take Profit orders are already active and appropriately set according to the strategy. The market analysis shows a neutral trend score (55) with bearish signals, but no immediate action is suggested. The Profit Locked is False, so there is no need to adjust the Stop Loss or add to the position. The Partial Take Profit is needed but not yet triggered. Therefore, holding the current position and orders is the best course of action.", "new_stop_loss": null, "new_take_profit": null, "partial_tp_price": null, "partial_tp_percent": null, "reduce_percent": null, "add_usdt": null}}
{"event": "market_data_fetched", "symbol": "0GUSDT", "duration_ms": 3125, "keys": ["funding_rate", "klines_15m", "klines_1h", "klines_1m", "oi_hist", "orderbook", "premium_index", "symbol"]}
{"event": "analysis_generated", "symbol": "0GUSDT", "duration_ms": 4, "score": 40, "direction_score": -3, "current_price": 0.8716}
{"event": "monitor_context", "symbol": "0GUSDT", "direction": "SHORT", "entry_price": 0.8768, "current_price": 0.8716, "qty": "34", "baseline_qty": "34", "core_qty": "17.0", "scalp_qty": "17.0", "profit_locked": false, "need_partial_tp": true}
{"event": "open_orders_fetched", "symbol": "0GUSDT", "count": 3}
{"event": "llm_monitor_raw", "symbol": "0GUSDT", "raw": {"action": "HOLD", "reasoning": "The current position aligns with the strategy guidelines. The Stop Loss and Final Take Profit are active and appropriately set. The Partial Take Profit is needed but already configured. The market analysis does not indicate a need to adjust orders or close the position. The Trend Score remains below the entry threshold, and other signals (1H均线空头排列, 波动率合格, 卖盘压制) support maintaining the short position. No profit locking is active, and the position size is within the baseline. Therefore, holding is the optimal action.", "new_stop_loss": null, "new_take_profit": null, "partial_tp_price": null, "partial_tp_percent": null, "reduce_percent": null, "add_usdt": null}}
{"event": "market_data_fetched", "symbol": "0GUSDT", "duration_ms": 2806, "keys": ["funding_rate", "klines_15m", "klines_1h", "klines_1m", "oi_hist", "orderbook", "premium_index", "symbol"]}
{"event": "analysis_generated", "symbol": "0GUSDT", "duration_ms": 4, "score": 40, "direction_score": -3, "current_price": 0.8743}
{"event": "monitor_context", "symbol": "0GUSDT", "direction": "SHORT", "entry_price": 0.8768, "current_price": 0.8743, "qty": "34", "baseline_qty": "34", "core_qty": "17.0", "scalp_qty": "17.0", "profit_locked": false, "need_partial_tp": true}
{"event": "open_orders_fetched", "symbol": "0GUSDT", "count": 3}
{"event": "llm_monitor_raw", "symbol": "0GUSDT", "raw": {"action": "HOLD", "reasoning": "Current market conditions and position status align with the strategy guidelines. The trend score is 40, which matches the entry criteria, and signals indicate continued bearish momentum (1H均线空头排列) with acceptable volatility (ATR=2.59%) and liquidity. The stop loss is active at 0.875, and the final take profit is set at 0.835, adhering to the strategy's requirement for full SL/TP. The partial take profit limit order at 0.856 is also in place for the scalp size (17.0). Since Profit Locked is false and there's no immediate invalidation of the trade setup, no adjustment is needed. Stability guidelines recommend against changing orders for minor fluctuations unless market structure invalidates the trade or profits need locking.", "new_stop_loss": null, "new_take_profit": null, "partial_tp_price": null, "partial_tp_percent": null, "reduce_percent": null, "add_usdt": null}}
{"event": "market_data_fetched", "symbol": "0GUSDT", "duration_ms": 2726, "keys": ["funding_rate", "klines_15m", "klines_1h", "klines_1m", "oi_hist", "orderbook", "premium_index", "symbol"]}
{"event": "analysis_generated", "symbol": "0GUSDT", "duration_ms": 4, "score": 40, "direction_score": -3, "current_price": 0.8735}
{"event": "monitor_context", "symbol": "0GUSDT", "direction": "SHORT", "entry_price": 0.8768, "current_price": 0.8735, "qty": "34", "baseline_qty": "34", "core_qty": "17.0", "scalp_qty": "17.0", "profit_locked": false, "need_partial_tp": true}
{"event": "open_orders_fetched", "symbol": "0GUSDT", "count": 3}
{"event": "llm_monitor_raw", "symbol": "0GUSDT", "raw": {"action": "HOLD", "reasoning": "Current market conditions and position status align with the strategy guidelines. The trend score is 40, which matches the entry criteria, and signals indicate continued bearish momentum (1H均线空头排列, 卖盘压制). The Stop Loss (0.875) and Final Take Profit (0.835) are active and appropriately set. A Partial Take Profit (0.856) is needed but already planned. No adjustments are required unless market structure invalidates the trade or profits need locking (neither condition is met).", "new_stop_loss": null, "new_take_profit": null, "partial_tp_price": null, "partial_tp_percent": null, "reduce_percent": null, "add_usdt": null}}
{"event": "market_data_fetched", "symbol": "0GUSDT", "duration_ms": 3213, "keys": ["funding_rate", "klines_15m", "klines_1h", "klines_1m", "oi_hist", "orderbook", "premium_index", "symbol"]}
{"event": "analysis_generated", "symbol": "0GUSDT", "duration_ms": 4, "score": 55, "direction_score": -3, "current_price": 0.871}
{"event": "monitor_context", "symbol": "0GUSDT", "direction": "SHORT", "entry_price": 0.8768, "current_price": 0.871, "qty": "34", "baseline_qty": "34", "core_qty": "17.0", "scalp_qty": "17.0", "profit_locked": false, "need_partial_tp": true}
{"event": "open_orders_fetched", "symbol": "0GUSDT", "count": 3}
{"event": "llm_monitor_raw", "symbol": "0GUSDT", "raw": {"action": "HOLD", "reasoning": "Current market conditions and position status align with the strategy guidelines. The trend score is 55, indicating a neutral to slightly bearish trend, and signals such as 1H均线空头排列 and 卖盘压制 support maintaining the short position. The Stop Loss at 0.875 and Final Take Profit at 0.835 are correctly set according to the strategy. The Partial Take Profit at 0.856 is also in place for the scalp size. There is no need to adjust orders as the market structure has not invalidated the trade, and the Stop Loss is not missing or too risky. Profit Locked is false, so there is no requirement to lock in profits or adjust the Stop Loss to break-even.", "new_stop_loss": null, "new_take_profit": null, "partial_tp_price": null, "partial_tp_percent": null, "reduce_percent": null, "add_usdt": null}}
{"event": "market_data_fetched", "symbol": "0GUSDT", "duration_ms": 2975, "keys": ["funding_rate", "klines_15m", "klines_1h", "klines_1m", "oi_hist", "orderbook", "premium_index", "symbol"]}
{"event": "analysis_generated", "symbol": "0GUSDT", "duration_ms": 4, "score": 20, "direction_score": -2, "current_price": 0.8711}
{"event": "monitor_context", "symbol": "0GUSDT", "direction": "SHORT", "entry_price": 0.8768, "current_price": 0.8711, "qty": "34", "baseline_qty": "34", "core_qty": "17.0", "scalp_qty": "17.0", "profit_locked": false, "need_partial_tp": true}
{"event": "open_orders_fetched", "symbol": "0GUSDT", "count": 3}
{"event": "llm_monitor_raw", "symbol": "0GUSDT", "raw": {"action": "HOLD", "reasoning": "The current position aligns with the strategy guidelines. The Stop Loss and Final Take Profit are active and appropriately set. The Partial Take Profit is needed but already configured. The market analysis does not indicate a need to invalidate the trade or adjust orders. The trend score is low (20), but the signals (1H均线空头排列, 波动率合格, 流动性良好) support maintaining the position. No profit locking is active, and the position size is within the baseline. Therefore, holding is the optimal action.", "new_stop_loss": null, "new_take_profit": null, "partial_tp_price": null, "partial_tp_percent": null, "reduce_percent": null, "add_usdt": null}}
{"event": "market_data_fetched", "symbol": "0GUSDT", "duration_ms": 2723, "keys": ["funding_rate", "klines_15m", "klines_1h", "klines_1m", "oi_hist", "orderbook", "premium_index", "symbol"]}
{"event": "analysis_generated", "symbol": "0GUSDT", "duration_ms": 2, "score": 40, "direction_score": -3, "current_price": 0.8704}
{"event": "monitor_context", "symbol": "0GUSDT", "direction": "SHORT", "entry_price": 0.8768, "current_price": 0.8704, "qty": "34", "baseline_qty": "34", "core_qty": "17.0", "scalp_qty": "17.0", "profit_locked": false, "need_partial_tp": true}
{"event": "open_orders_fetched", "symbol": "0GUSDT", "count": 3}
{"event": "llm_monitor_raw", "symbol": "0GUSDT", "raw": {"action": "HOLD", "reasoning": "The current position aligns with the strategy guidelines. The Stop Loss and Final Take Profit are active and appropriately set. The Partial Take Profit is needed but already configured. The market analysis shows bearish signals (1H均线空头排列, 卖盘压制), supporting the short position. There is no immediate need to adjust orders as the market structure hasn't invalidated the trade, and profit locking isn't active. Minor price fluctuations don't warrant changes.", "new_stop_loss": null, "new_take_profit": null, "partial_tp_price": null, "partial_tp_percent": null, "reduce_percent": null, "add_usdt": null}}
{"event": "market_data_fetched", "symbol": "0GUSDT", "duration_ms": 3229, "keys": ["funding_rate", "klines_15m", "klines_1h", "klines_1m", "oi_hist", "orderbook", "premium_index", "symbol"]}
{"event": "analysis_generated", "symbol": "0GUSDT", "duration_ms": 2, "score": 35, "direction_score": -2, "current_price": 0.8708}
{"event": "monitor_context", "symbol": "0GUSDT", "direction": "SHORT", "entry_price": 0.8768, "current_price": 0.8708, "qty": "34", "baseline_qty": "34", "core_qty": "17.0", "scalp_qty": "17.0", "profit_locked": false, "need_partial_tp": true}
{"event": "open_orders_fetched", "symbol": "0GUSDT", "count": 3}
{"event": "llm_monitor_raw", "symbol": "0GUSDT", "raw": {"action": "HOLD", "reasoning": "The current position aligns with the strategy guidelines. The Stop Loss and Final Take Profit are active and appropriately set. The Partial Take Profit is needed but already set at 0.856. The market analysis does not indicate any invalidation of the trade setup, and the Profit Locked is False, so no adjustments are necessary. The trend score, while below the initial entry threshold, does not warrant closing the position yet. Stability guidelines suggest holding unless there's a significant change.", "new_stop_loss": null, "new_take_profit": null, "partial_tp_price": null, "partial_tp_percent": null, "reduce_percent": null, "add_usdt": null}}
{"event": "market_data_fetched", "symbol": "0GUSDT", "duration_ms": 2746, "keys": ["funding_rate", "klines_15m", "klines_1h", "klines_1m", "oi_hist", "orderbook", "premium_index", "symbol"]}
{"event": "analysis_generated", "symbol": "0GUSDT", "duration_ms": 4, "score": 20, "direction_score": -2, "current_price": 0.872}
{"event": "monitor_context", "symbol": "0GUSDT", "direction": "SHORT", "entry_price": 0.8768, "current_price": 0.872, "qty": "34", "baseline_qty": "34", "core_qty": "17.0", "scalp_qty": "17.0", "profit_locked": false, "need_partial_tp": true}
{"event": "open_orders_fetched", "symbol": "0GUSDT", "count": 3}
{"event": "llm_monitor_raw", "symbol": "0GUSDT", "raw": {"action": "HOLD", "reasoning": "The current position aligns with the strategy guidelines. The Stop Loss and Final Take Profit are active and appropriately set. The Partial Take Profit is needed and set correctly. The market analysis does not indicate a need to close or adjust the position, as the trend score, signals, and liquidity are acceptable. There are no significant changes in market structure or price fluctuations warranting an adjustment.", "new_stop_loss": null, "new_take_profit": null, "partial_tp_price": null, "partial_tp_percent": null, "reduce_percent": null, "add_usdt": null}}
{"event": "market_data_fetched", "symbol": "0GUSDT", "duration_ms": 2735, "keys": ["funding_rate", "klines_15m", "klines_1h", "klines_1m", "oi_hist", "orderbook", "premium_index", "symbol"]}
{"event": "analysis_generated", "symbol": "0GUSDT", "duration_ms": 2, "score": 75, "direction_score": -4, "current_price": 0.8643}
{"event": "monitor_context", "symbol": "0GUSDT", "direction": "SHORT", "entry_price": 0.8768, "current_price": 0.8643, "qty": "34", "baseline_qty": "34", "core_qty": "17.0", "scalp_qty": "17.0", "profit_locked": false, "need_partial_tp": true}
{"event": "open_orders_fetched", "symbol": "0GUSDT", "count": 3}
{"event": "llm_monitor_raw", "symbol": "0GUSDT", "raw": {"action": "HOLD", "reasoning": "Current market conditions align with the initial short strategy (1H均线空头排列, 放量下跌, 卖盘压制). The position is profitable (+1.33%) with active Stop Loss (0.875) and Final Take Profit (0.835) orders adhering to risk management rules. The Partial Take Profit (0.856) for the scalp size (17.0) is already set and needed. No structural invalidation or profit-locking trigger exists. Stability guidelines recommend no changes for minor fluctuations.", "new_stop_loss": null, "new_take_profit": null, "partial_tp_price": null, "partial_tp_percent": null, "reduce_percent": null, "add_usdt": null}}
{"event": "market_data_fetched", "symbol": "0GUSDT", "duration_ms": 2733, "keys": ["funding_rate", "klines_15m", "klines_1h", "klines_1m", "oi_hist", "orderbook", "premium_index", "symbol"]}
{"event": "analysis_generated", "symbol": "0GUSDT", "duration_ms": 2, "score": 40, "direction_score": -2, "current_price": 0.8652}
{"event": "monitor_context", "symbol": "0GUSDT", "direction": "SHORT", "entry_price": 0.8768, "current_price": 0.8652, "qty": "34", "baseline_qty": "34", "core_qty": "17.0", "scalp_qty": "17.0", "profit_locked": false, "need_partial_tp": true}
{"event": "open_orders_fetched", "symbol": "0GUSDT", "count": 3}
{"event": "llm_monitor_raw", "symbol": "0GUSDT", "raw": {"action": "HOLD", "reasoning": "Current market conditions and position status align with the strategy guidelines. The Stop Loss and Final Take Profit are active and appropriately set. The Partial Take Profit is needed but already configured. The trend score (40) still supports the short position, and there's no immediate need to adjust orders based on minor price fluctuations or invalidated market structure.", "new_stop_loss": null, "new_take_profit": null, "partial_tp_price": null, "partial_tp_percent": null, "reduce_percent": null, "add_usdt": null}}
{"event": "market_data_fetched", "symbol": "0GUSDT", "duration_ms": 2722, "keys": ["funding_rate", "klines_15m", "klines_1h", "klines_1m", "oi_hist", "orderbook", "premium_index", "symbol"]}
{"event": "analysis_generated", "symbol": "0GUSDT", "duration_ms": 4, "score": 75, "direction_score": -4, "current_price": 0.8646}
{"event": "monitor_context", "symbol": "0GUSDT", "direction": "SHORT", "entry_price": 0.8768, "current_price": 0.8646, "qty": "34", "baseline_qty": "34", "core_qty": "17.0", "scalp_qty": "17.0", "profit_locked": false, "need_partial_tp": true}
{"event": "open_orders_fetched", "symbol": "0GUSDT", "count": 3}
{"event": "llm_monitor_raw", "symbol": "0GUSDT", "raw": {"action": "HOLD", "reasoning": "The current position is profitable with an unrealized PnL of 1.35%. The market analysis supports the short position with a strong trend score of 75, bearish signals, and selling pressure. The existing Stop Loss at 0.875 and Final Take Profit at 0.835 are correctly set according to the strategy. The Partial Take Profit at 0.856 is also in place for the scalp size. There is no need to adjust orders as the market structure has not invalidated the trade, and the Stop Loss is active and appropriately set. Profit Lock is false, so no additional actions are required.", "new_stop_loss": null, "new_take_profit": null, "partial_tp_price": null, "partial_tp_percent": null, "reduce_percent": null, "add_usdt": null}}
{"event": "market_data_fetched", "symbol": "0GUSDT", "duration_ms": 2735, "keys": ["funding_rate", "klines_15m", "klines_1h", "klines_1m", "oi_hist", "orderbook", "premium_index", "symbol"]}
{"event": "analysis_generated", "symbol": "0GUSDT", "duration_ms": 3, "score": 25, "direction_score": -2, "current_price": 0.8663}
{"event": "monitor_context", "symbol": "0GUSDT", "direction": "SHORT", "entry_price": 0.8768, "current_price": 0.8663, "qty": "34", "baseline_qty": "34", "core_qty": "17.0", "scalp_qty": "17.0", "profit_locked": false, "need_partial_tp": true}
{"event": "open_orders_fetched", "symbol": "0GUSDT", "count": 3}
{"event": "llm_monitor_raw", "symbol": "0GUSDT", "raw": {"action": "HOLD", "reasoning": "The current position is profitable with an unrealized PnL of 1.20%. The Stop Loss at 0.875 and Final Take Profit at 0.835 are active and aligned with the strategy. The Partial Take Profit at 0.856 is also needed and active. The market analysis shows a bearish trend with acceptable volatility and liquidity, supporting the current position. There is no immediate need to adjust orders as the market structure has not invalidated the trade, and the Stop Loss is not missing or too risky. Profit Locked is false, so there is no requirement to tighten the Stop Loss.", "new_stop_loss": null, "new_take_profit": null, "partial_tp_price": null, "partial_tp_percent": null, "reduce_percent": null, "add_usdt": null}}
{"event": "market_data_fetched", "symbol": "0GUSDT", "duration_ms": 2744, "keys": ["funding_rate", "klines_15m", "klines_1h", "klines_1m", "oi_hist", "orderbook", "premium_index", "symbol"]}
{"event": "analysis_generated", "symbol": "0GUSDT", "duration_ms": 1, "score": 60, "direction_score": -3, "current_price": 0.8647}
{"event": "monitor_context", "symbol": "0GUSDT", "direction": "SHORT", "entry_price": 0.8768, "current_price": 0.8647, "qty": "34", "baseline_qty": "34", "core_qty": "17.0", "scalp_qty": "17.0", "profit_locked": false, "need_partial_tp": true}
{"event": "open_orders_fetched", "symbol": "0GUSDT", "count": 3}
{"event": "llm_monitor_raw", "symbol": "0GUSDT", "raw": {"action": "HOLD", "reasoning": "Current market conditions and position status align with the strategy. The trend score is favorable (60), signals support the short position (1H均线空头排列, volatility合格, liquidity良好, sell-side imbalance), and all required orders are active (Stop Loss at 0.875, Final Take Profit at 0.835, and Partial Take Profit needed at 0.856). Profit Locked is false, so no adjustments are needed to lock profits. The position is stable, and no market structure invalidation is observed.", "new_stop_loss": null, "new_take_profit": null, "partial_tp_price": null, "partial_tp_percent": null, "reduce_percent": null, "add_usdt": null}}
{"event": "market_data_fetched", "symbol": "0GUSDT", "duration_ms": 2965, "keys": ["funding_rate", "klines_15m", "klines_1h", "klines_1m", "oi_hist", "orderbook", "premium_index", "symbol"]}
{"event": "analysis_generated", "symbol": "0GUSDT", "duration_ms": 3, "score": 35, "direction_score": -2, "current_price": 0.8619}
{"event": "monitor_context", "symbol": "0GUSDT", "direction": "SHORT", "entry_price": 0.8768, "current_price": 0.8619, "qty": "34", "baseline_qty": "34", "core_qty": "17.0", "scalp_qty": "17.0", "profit_locked": false, "need_partial_tp": true}
{"event": "open_orders_fetched", "symbol": "0GUSDT", "count": 3}
{"event": "llm_monitor_raw", "symbol": "0GUSDT", "raw": {"action": "HOLD", "reasoning": "Current market conditions and position status align with the strategy guidelines. The Stop Loss and Final Take Profit are active and appropriately set. The Partial Take Profit is needed but already set at 0.856. The Trend Score is below the entry threshold but not invalidating the trade. No immediate adjustments are required.", "new_stop_loss": null, "new_take_profit": null, "partial_tp_price": null, "partial_tp_percent": null, "reduce_percent": null, "add_usdt": null}}
{"event": "market_data_fetched", "symbol": "0GUSDT", "duration_ms": 2996, "keys": ["funding_rate", "klines_15m", "klines_1h", "klines_1m", "oi_hist", "orderbook", "premium_index", "symbol"]}
{"event": "analysis_generated", "symbol": "0GUSDT", "duration_ms": 3, "score": 20, "direction_score": -2, "current_price": 0.8626}
{"event": "monitor_context", "symbol": "0GUSDT", "direction": "SHORT", "entry_price": 0.8768, "current_price": 0.8626, "qty": "34", "baseline_qty": "34", "core_qty": "17.0", "scalp_qty": "17.0", "profit_locked": false, "need_partial_tp": true}
{"event": "open_orders_fetched", "symbol": "0GUSDT", "count": 3}
{"event": "llm_monitor_raw", "symbol": "0GUSDT", "raw": {"action": "HOLD", "reasoning": "The current position aligns with the strategy guidelines. The Stop Loss and Final Take Profit are active and appropriately set. The Partial Take Profit is needed and set correctly. The market analysis does not indicate a need to adjust orders or close the position. The trend score is low but not invalidating, and other signals (1H均线空头排列, volatility, liquidity) support maintaining the position. Profit Locked is false, so no additional actions are required.", "new_stop_loss": null, "new_take_profit": null, "partial_tp_price": null, "partial_tp_percent": null, "reduce_percent": null, "add_usdt": null}}
{"event": "market_data_fetched", "symbol": "0GUSDT", "duration_ms": 2706, "keys": ["funding_rate", "klines_15m", "klines_1h", "klines_1m", "oi_hist", "orderbook", "premium_index", "symbol"]}
{"event": "analysis_generated", "symbol": "0GUSDT", "duration_ms": 3, "score": 55, "direction_score": -3, "current_price": 0.8696}
{"event": "monitor_context", "symbol": "0GUSDT", "direction": "SHORT", "entry_price": 0.8768, "current_price": 0.8696, "qty": "34", "baseline_qty": "34", "core_qty": "17.0", "scalp_qty": "17.0", "profit_locked": false, "need_partial_tp": true}
{"event": "open_orders_fetched", "symbol": "0GUSDT", "count": 3}
{"event": "llm_monitor_raw", "symbol": "0GUSDT", "raw": {"action": "HOLD", "reasoning": "The current position is profitable with an active Stop Loss at 0.875 and Final Take Profit at 0.835. The market analysis shows a bearish trend with valid signals (1H均线空头排列, 放量下跌), and the trend score of 55 supports maintaining the short position. The Smart Suggestions indicate no action is needed. The Profit Locked is False, so there's no need to adjust the Stop Loss or Take Profit. The Partial Take Profit at 0.856 is already set and needed, aligning with the strategy. No significant market structure invalidation or major price fluctuations warrant an order change at this time.", "new_stop_loss": null, "new_take_profit": null, "partial_tp_price": null, "partial_tp_percent": null, "reduce_percent": null, "add_usdt": null}}
{"event": "market_data_fetched", "symbol": "0GUSDT", "duration_ms": 2971, "keys": ["funding_rate", "klines_15m", "klines_1h", "klines_1m", "oi_hist", "orderbook", "premium_index", "symbol"]}
{"event": "analysis_generated", "symbol": "0GUSDT", "duration_ms": 4, "score": 45, "direction_score": -3, "current_price": 0.8713}
{"event": "monitor_context", "symbol": "0GUSDT", "direction": "SHORT", "entry_price": 0.8768, "current_price": 0.8713, "qty": "34", "baseline_qty": "34", "core_qty": "17.0", "scalp_qty": "17.0", "profit_locked": false, "need_partial_tp": true}
{"event": "open_orders_fetched", "symbol": "0GUSDT", "count": 3}
{"event": "llm_monitor_raw", "symbol": "0GUSDT", "raw": {"action": "HOLD", "reasoning": "Current market conditions align with the initial strategy. The trend score (45) still supports a bearish bias, and active orders (Stop Loss at 0.875, Final Take Profit at 0.835, and Partial Take Profit at 0.856) are correctly placed according to the strategy. No profit locking is active, and there's no immediate need to adjust orders based on minor price fluctuations or market structure changes.", "new_stop_loss": null, "new_take_profit": null, "partial_tp_price": null, "partial_tp_percent": null, "reduce_percent": null, "add_usdt": null}}
{"event": "market_data_fetched", "symbol": "0GUSDT", "duration_ms": 2701, "keys": ["funding_rate", "klines_15m", "klines_1h", "klines_1m", "oi_hist", "orderbook", "premium_index", "symbol"]}
{"event": "analysis_generated", "symbol": "0GUSDT", "duration_ms": 2, "score": 40, "direction_score": -2, "current_price": 0.8687}
{"event": "monitor_context", "symbol": "0GUSDT", "direction": "SHORT", "entry_price": 0.8768, "current_price": 0.8687, "qty": "34", "baseline_qty": "34", "core_qty": "17.0", "scalp_qty": "17.0", "profit_locked": false, "need_partial_tp": true}
{"event": "open_orders_fetched", "symbol": "0GUSDT", "count": 3}
{"event": "llm_monitor_raw", "symbol": "0GUSDT", "raw": {"action": "HOLD", "reasoning": "The current position is profitable with an unrealized PnL of 0.92%. The Stop Loss at 0.875 and Final Take Profit at 0.835 are active and aligned with the strategy. The Partial Take Profit at 0.856 is also in place for the scalp size. The market analysis shows a trend score of 40, which is neutral, and the signals (1H均线空头排列, 波动率合格, 流动性良好) do not invalidate the trade. There is no need to adjust orders for minor price fluctuations as the market structure has not invalidated the trade. Therefore, the best action is to hold the current position and orders.", "new_stop_loss": null, "new_take_profit": null, "partial_tp_price": null, "partial_tp_percent": null, "reduce_percent": null, "add_usdt": null}}
{"event": "market_data_fetched", "symbol": "0GUSDT", "duration_ms": 2719, "keys": ["funding_rate", "klines_15m", "klines_1h", "klines_1m", "oi_hist", "orderbook", "premium_index", "symbol"]}
{"event": "analysis_generated", "symbol": "0GUSDT", "duration_ms": 2, "score": 40, "direction_score": -3, "current_price": 0.8725}
{"event": "monitor_context", "symbol": "0GUSDT", "direction": "SHORT", "entry_price": 0.8768, "current_price": 0.8725, "qty": "34", "baseline_qty": "34", "core_qty": "17.0", "scalp_qty": "17.0", "profit_locked": false, "need_partial_tp": true}
{"event": "open_orders_fetched", "symbol": "0GUSDT", "count": 3}
{"event": "llm_monitor_raw", "symbol": "0GUSDT", "raw": {"action": "HOLD", "reasoning": "The current position aligns with the strategy guidelines. The Stop Loss and Final Take Profit are active and appropriately set. The Partial Take Profit is needed but already configured. The market analysis does not indicate a need to adjust orders or close the position. The trend score is neutral (40), and the signals support maintaining the short position. No profit locking is active, and the position size is within the baseline. Therefore, holding is the optimal action.", "new_stop_loss": null, "new_take_profit": null, "partial_tp_price": null, "partial_tp_percent": null, "reduce_percent": null, "add_usdt": null}}
{"event": "market_data_fetched", "symbol": "0GUSDT", "duration_ms": 2735, "keys": ["funding_rate", "klines_15m", "klines_1h", "klines_1m", "oi_hist", "orderbook", "premium_index", "symbol"]}
{"event": "analysis_generated", "symbol": "0GUSDT", "duration_ms": 3, "score": 40, "direction_score": -1, "current_price": 0.8714}
{"event": "monitor_context", "symbol": "0GUSDT", "direction": "SHORT", "entry_price": 0.8768, "current_price": 0.8714, "qty": "34", "baseline_qty": "34", "core_qty": "17.0", "scalp_qty": "17.0", "profit_locked": false, "need_partial_tp": true}
{"event": "open_orders_fetched", "symbol": "0GUSDT", "count": 3}
{"event": "llm_monitor_raw", "symbol": "0GUSDT", "raw": {"action": "HOLD", "reasoning": "The current position aligns with the strategy guidelines. The Stop Loss and Final Take Profit are active and appropriately set. The Partial Take Profit is needed but not yet triggered. The market analysis does not indicate a need to close or adjust orders, as the trend score remains below the entry threshold and no significant invalidation signals are present. Profit Locked is false, so there's no need to adjust the Stop Loss for break-even. The position size is already at the Baseline Size after partial TP, so adding is not recommended.", "new_stop_loss": null, "new_take_profit": null, "partial_tp_price": null, "partial_tp_percent": null, "reduce_percent": null, "add_usdt": null}}
{"event": "market_data_fetched", "symbol": "0GUSDT", "duration_ms": 4691, "keys": ["funding_rate", "klines_15m", "klines_1h", "klines_1m", "oi_hist", "orderbook", "premium_index", "symbol"]}
{"event": "analysis_generated", "symbol": "0GUSDT", "duration_ms": 3, "score": 45, "direction_score": -3, "current_price": 0.8701}
{"event": "monitor_context", "symbol": "0GUSDT", "direction": "SHORT", "entry_price": 0.8768, "current_price": 0.8701, "qty": "34", "baseline_qty": "34", "core_qty": "17.0", "scalp_qty": "17.0", "profit_locked": false, "need_partial_tp": true}
{"event": "open_orders_fetched", "symbol": "0GUSDT", "count": 3}
{"event": "llm_monitor_raw", "symbol": "0GUSDT", "raw": {"action": "HOLD", "reasoning": "Current market conditions and position status align with the strategy guidelines. The trend score is still favorable (45), and the signals indicate continued bearish momentum (1H均线空头排列, 卖盘压制). The existing Stop Loss (0.875) and Final Take Profit (0.835) are appropriately set according to the strategy. The Partial Take Profit at 0.856 is also correctly configured for the scalp size (17.0). Since Profit Locked is false and there's no immediate need to adjust orders based on the Smart Suggestions or market structure invalidation, holding the position is the optimal action.", "new_stop_loss": null, "new_take_profit": null, "partial_tp_price": null, "partial_tp_percent": null, "reduce_percent": null, "add_usdt": null}}
{"event": "market_data_fetched", "symbol": "0GUSDT", "duration_ms": 2701, "keys": ["funding_rate", "klines_15m", "klines_1h", "klines_1m", "oi_hist", "orderbook", "premium_index", "symbol"]}
{"event": "analysis_generated", "symbol": "0GUSDT", "duration_ms": 2, "score": 40, "direction_score": -2, "current_price": 0.8692}
{"event": "monitor_context", "symbol": "0GUSDT", "direction": "SHORT", "entry_price": 0.8768, "current_price": 0.8692, "qty": "34", "baseline_qty": "34", "core_qty": "17.0", "scalp_qty": "17.0", "profit_locked": false, "need_partial_tp": true}
{"event": "open_orders_fetched", "symbol": "0GUSDT", "count": 3}
{"event": "llm_monitor_raw", "symbol": "0GUSDT", "raw": {"action": "HOLD", "reasoning": "Current market conditions and position status do not warrant any changes. The trend score is 40, which aligns with the initial entry criteria. The signals (1H均线空头排列, 波动率合格, 流动性良好) support maintaining the position. The Stop Loss and Final Take Profit are already set according to the strategy. The Partial Take Profit is needed but not yet triggered. There is no indication to lock profits or invalidate the trade. Therefore, holding the position with current orders is the optimal action.", "new_stop_loss": null, "new_take_profit": null, "partial_tp_price": null, "partial_tp_percent": null, "reduce_percent": null, "add_usdt": null}}
{"event": "market_data_fetched", "symbol": "0GUSDT", "duration_ms": 3490, "keys": ["funding_rate", "klines_15m", "klines_1h", "klines_1m", "oi_hist", "orderbook", "premium_index", "symbol"]}
{"event": "analysis_generated", "symbol": "0GUSDT", "duration_ms": 4, "score": 55, "direction_score": -3, "current_price": 0.8698}
{"event": "monitor_context", "symbol": "0GUSDT", "direction": "SHORT", "entry_price": 0.8768, "current_price": 0.8698, "qty": "34", "baseline_qty": "34", "core_qty": "17.0", "scalp_qty": "17.0", "profit_locked": false, "need_partial_tp": true}
{"event": "open_orders_fetched", "symbol": "0GUSDT", "count": 3}
{"event": "llm_monitor_raw", "symbol": "0GUSDT", "raw": {"action": "HOLD", "reasoning": "The current position is profitable with an unrealized PnL of 0.80%. The Stop Loss and Final Take Profit are already active and appropriately set according to the strategy. The Partial Take Profit is needed but not yet placed, however, the market conditions have not invalidated the trade, and there are no significant changes in the market structure to warrant an adjustment. The trend score remains above 40, and the signals (1H均线空头排列, 波动率合格, 卖盘压制) still support the short position. Therefore, the best action is to HOLD and monitor the market.", "new_stop_loss": null, "new_take_profit": null, "partial_tp_price": null, "partial_tp_percent": null, "reduce_percent": null, "add_usdt": null}}
