{"event": "order_place_result", "symbol": "SOMIUSDT", "kind": "entry", "order_id": 1509125953, "executed_qty": "123", "avg_price": "0.2429000"}
{"event": "order_place_requested", "symbol": "SOMIUSDT", "kind": "stop_loss", "type": "STOP_MARKET", "close_position": true, "stop_price": 0.255}
{"event": "order_place_result", "symbol": "SOMIUSDT", "kind": "stop_loss", "order_id": 2000000278819693, "stop_price": "0.2550000", "close_position": true}
{"event": "order_place_requested", "symbol": "SOMIUSDT", "kind": "take_profit", "type": "TAKE_PROFIT_MARKET", "close_position": true, "take_profit_price": 0.22}
{"event": "order_place_result", "symbol": "SOMIUSDT", "kind": "take_profit", "order_id": 1509127450, "take_profit_price": "0.2200000", "close_position": true}
{"event": "analysis_cache_hit", "symbol": "SOMIUSDT", "age_sec": 23.03}
{"event": "order_place_requested", "symbol": "SOMIUSDT", "kind": "partial_tp", "type": "LIMIT", "reduce_only": true, "side": "BUY", "price": "0.23", "quantity": "61.5"}
{"event": "order_place_result", "symbol": "SOMIUSDT", "kind": "partial_tp", "order_id": 1509127977, "resp": {"orderId": 1509127977, "symbol": "SOMIUSDT", "status": "NEW", "clientOrderId": "x-Cb7ytekJd35f75f141b43529c4f36a", "price": "0.2300000", "avgPrice": "0.00", "origQty": "61", "executedQty": "0", "cumQty": "0", "cumQuote": "0.0000000", "timeInForce": "GTC", "type": "LIMIT", "reduceOnly": true, "closePosition": false, "side": "BUY", "positionSide": "BOTH", "stopPrice": "0.0000000", "workingType": "CONTRACT_PRICE", "priceProtect": false, "origType": "LIMIT", "priceMatch": "NONE", "selfTradePreventionMode": "EXPIRE_MAKER", "goodTillDate": 0, "updateTime": 1769393590885}}
{"event": "market_data_fetched", "symbol": "SOMIUSDT", "duration_ms": 2980, "keys": ["funding_rate", "klines_15m", "klines_1h", "klines_1m", "oi_hist", "orderbook", "premium_index", "symbol"]}
{"event": "analysis_generated", "symbol": "SOMIUSDT", "duration_ms": 3, "score": 35, "direction_score": -2.0, "current_price": 0.2426}
{"event": "monitor_context", "symbol": "SOMIUSDT", "direction": "SHORT", "entry_price": 0.2429, "current_price": 0.2426, "qty": "123", "baseline_qty": "123", "core_qty": "61.5", "scalp_qty": "61.5", "profit_locked": false, "need_partial_tp": true}
{"event": "open_orders_fetched", "symbol": "SOMIUSDT", "count": 2}
{"event": "llm_monitor_raw", "symbol": "SOMIUSDT", "raw": {"action": "ADJUST_TP_SL", "reasoning": "The current position lacks a Stop Loss, which violates the primary risk management rule. The market analysis shows a neutral-to-bearish trend (Trend Score: 35) with negative funding rates and acceptable volatility, supporting maintaining the short position but requiring protection. A Stop Loss should be placed above a logical resistance level (e.g., ~0.25–0.255, accounting for fees and slippage). The existing Partial Take Profit at 0.23 and Final Take Profit at 0.22 align with the strategy and do not need adjustment.", "new_stop_loss": 0.255, "new_take_profit": 0.22, "partial_tp_price": 0.23, "partial_tp_percent": 0.5, "reduce_percent": null, "add_usdt": null}}
{"event": "order_place_requested", "symbol": "SOMIUSDT", "kind": "stop_loss", "type": "STOP_MARKET", "close_position": true, "stop_price": 0.255}
{"event": "order_place_result", "symbol": "SOMIUSDT", "kind": "stop_loss", "order_id": 1509138802, "stop_price": "0.2550000", "close_position": true}
{"event": "market_data_fetched", "symbol": "SOMIUSDT", "duration_ms": 2749, "keys": ["funding_rate", "klines_15m", "klines_1h", "klines_1m", "oi_hist", "orderbook", "premium_index", "symbol"]}
{"event": "analysis_generated", "symbol": "SOMIUSDT", "duration_ms": 1, "score": 60, "direction_score": -3.0, "current_price": 0.2437}
{"event": "monitor_context", "symbol": "SOMIUSDT", "direction": "SHORT", "entry_price": 0.2429, "current_price": 0.2437, "qty": "123", "baseline_qty": "123", "core_qty": "61.5", "scalp_qty": "61.5", "profit_locked": false, "need_partial_tp": true}
{"event": "open_orders_fetched", "symbol": "SOMIUSDT", "count": 3}
{"event": "llm_monitor_raw", "symbol": "SOMIUSDT", "raw": {"action": "HOLD", "reasoning": "The current position aligns with the strategy guidelines. The Stop Loss and Final Take Profit are active and appropriately set. The Partial Take Profit is needed but already configured. The market analysis does not indicate a need to close or adjust orders, as the trend score remains favorable (60) and other signals support maintaining the position. There are no significant changes in market structure or price fluctuations warranting an adjustment.", "new_stop_loss": null, "new_take_profit": null, "partial_tp_price": null, "partial_tp_percent": null, "reduce_percent": null, "add_usdt": null}}
{"event": "market_data_fetched", "symbol": "SOMIUSDT", "duration_ms": 3006, "keys": ["funding_rate", "klines_15m", "klines_1h", "klines_1m", "oi_hist", "orderbook", "premium_index", "symbol"]}
{"event": "analysis_generated", "symbol": "SOMIUSDT", "duration_ms": 4, "score": 30, "direction_score": -2.0, "current_price": 0.2451}
{"event": "monitor_context", "symbol": "SOMIUSDT", "direction": "SHORT", "entry_price": 0.2429, "current_price": 0.2451, "qty": "123", "baseline_qty": "123", "core_qty": "61.5", "scalp_qty": "61.5", "profit_locked": false, "need_partial_tp": true}
{"event": "open_orders_fetched", "symbol": "SOMIUSDT", "count": 3}
{"event": "llm_monitor_raw", "symbol": "SOMIUSDT", "raw": {"action": "HOLD", "reasoning": "The current position aligns with the strategy guidelines. The Stop Loss and Final Take Profit are active and appropriately set. The Partial Take Profit is needed but already in place. The market analysis shows bearish signals (1H均线空头排列, negative funding rate, good liquidity), and the trend score, while lower than the entry threshold, hasn't invalidated the trade. There's no immediate need to adjust orders or close the position.", "new_stop_loss": null, "new_take_profit": null, "partial_tp_price": null, "partial_tp_percent": null, "reduce_percent": null, "add_usdt": null}}
{"event": "market_data_fetched", "symbol": "SOMIUSDT", "duration_ms": 2757, "keys": ["funding_rate", "klines_15m", "klines_1h", "klines_1m", "oi_hist", "orderbook", "premium_index", "symbol"]}
{"event": "analysis_generated", "symbol": "SOMIUSDT", "duration_ms": 5, "score": 40, "direction_score": -2.0, "current_price": 0.2442}
{"event": "monitor_context", "symbol": "SOMIUSDT", "direction": "SHORT", "entry_price": 0.2429, "current_price": 0.2442, "qty": "123", "baseline_qty": "123", "core_qty": "61.5", "scalp_qty": "61.5", "profit_locked": false, "need_partial_tp": true}
{"event": "open_orders_fetched", "symbol": "SOMIUSDT", "count": 3}
{"event": "llm_monitor_raw", "symbol": "SOMIUSDT", "raw": {"action": "HOLD", "reasoning": "The current position aligns with the strategy guidelines. The Stop Loss and Final Take Profit are active and appropriately set. The Partial Take Profit is needed but already configured. The market analysis does not indicate a need to close or adjust orders, as the trend score is still below the entry threshold and other signals (volatility, funding rate, liquidity) remain favorable. No profit is locked, so there's no need to tighten the Stop Loss or consider adding to the position.", "new_stop_loss": null, "new_take_profit": null, "partial_tp_price": null, "partial_tp_percent": null, "reduce_percent": null, "add_usdt": null}}
{"event": "market_data_fetched", "symbol": "SOMIUSDT", "duration_ms": 2720, "keys": ["funding_rate", "klines_15m", "klines_1h", "klines_1m", "oi_hist", "orderbook", "premium_index", "symbol"]}
{"event": "analysis_generated", "symbol": "SOMIUSDT", "duration_ms": 3, "score": 40, "direction_score": -2.0, "current_price": 0.2416}
{"event": "monitor_context", "symbol": "SOMIUSDT", "direction": "SHORT", "entry_price": 0.2429, "current_price": 0.2416, "qty": "123", "baseline_qty": "123", "core_qty": "61.5", "scalp_qty": "61.5", "profit_locked": false, "need_partial_tp": true}
{"event": "open_orders_fetched", "symbol": "SOMIUSDT", "count": 3}
{"event": "llm_monitor_raw", "symbol": "SOMIUSDT", "raw": {"action": "HOLD", "reasoning": "The current position aligns with the strategy guidelines. The Stop Loss and Final Take Profit are active and appropriately set. The Partial Take Profit is needed but already in place. The market analysis does not indicate a need to adjust orders or close the position. The trend score is neutral (40), and other signals (1H均线空头排列, negative funding rate, good liquidity) support maintaining the short position. No profit locking is active, and the size is at core level after partial TP. Stability guidelines suggest not changing orders for minor fluctuations.", "new_stop_loss": null, "new_take_profit": null, "partial_tp_price": null, "partial_tp_percent": null, "reduce_percent": null, "add_usdt": null}}
{"event": "market_data_fetched", "symbol": "SOMIUSDT", "duration_ms": 3243, "keys": ["funding_rate", "klines_15m", "klines_1h", "klines_1m", "oi_hist", "orderbook", "premium_index", "symbol"]}
{"event": "analysis_generated", "symbol": "SOMIUSDT", "duration_ms": 4, "score": 40, "direction_score": -2.0, "current_price": 0.2408}
{"event": "monitor_context", "symbol": "SOMIUSDT", "direction": "SHORT", "entry_price": 0.2429, "current_price": 0.2408, "qty": "123", "baseline_qty": "123", "core_qty": "61.5", "scalp_qty": "61.5", "profit_locked": false, "need_partial_tp": true}
{"event": "open_orders_fetched", "symbol": "SOMIUSDT", "count": 3}
{"event": "llm_monitor_raw", "symbol": "SOMIUSDT", "raw": {"action": "HOLD", "reasoning": "Current market conditions and position status align with the strategy guidelines. The trend score is 40, which matches the entry criteria, and signals such as 1H均线空头排列, negative funding rate, and good liquidity support maintaining the position. The Stop Loss and Final Take Profit are already set according to the strategy. The Partial Take Profit is needed but already configured at 0.23. There is no immediate need to adjust orders as the market structure hasn't invalidated the trade, and the Stop Loss is not missing or too risky. Profit Locked is false, so there's no requirement to tighten the Stop Loss.", "new_stop_loss": null, "new_take_profit": null, "partial_tp_price": null, "partial_tp_percent": null, "reduce_percent": null, "add_usdt": null}}
{"event": "market_data_fetched", "symbol": "SOMIUSDT", "duration_ms": 3239, "keys": ["funding_rate", "klines_15m", "klines_1h", "klines_1m", "oi_hist", "orderbook", "premium_index", "symbol"]}
{"event": "analysis_generated", "symbol": "SOMIUSDT", "duration_ms": 4, "score": 30, "direction_score": -2.0, "current_price": 0.2414}
{"event": "monitor_context", "symbol": "SOMIUSDT", "direction": "SHORT", "entry_price": 0.2429, "current_price": 0.2414, "qty": "123", "baseline_qty": "123", "core_qty": "61.5", "scalp_qty": "61.5", "profit_locked": false, "need_partial_tp": true}
{"event": "open_orders_fetched", "symbol": "SOMIUSDT", "count": 3}
{"event": "llm_monitor_raw", "symbol": "SOMIUSDT", "raw": {"action": "HOLD", "reasoning": "Current market conditions and position status do not warrant any changes. The trend score is below the entry threshold but not invalidating, and all required orders (Stop Loss, Final Take Profit, and Partial Take Profit) are active. Profit Locked is false, and there are no immediate signals to adjust orders or close the position.", "new_stop_loss": null, "new_take_profit": null, "partial_tp_price": null, "partial_tp_percent": null, "reduce_percent": null, "add_usdt": null}}
{"event": "market_data_fetched", "symbol": "SOMIUSDT", "duration_ms": 3273, "keys": ["funding_rate", "klines_15m", "klines_1h", "klines_1m", "oi_hist", "orderbook", "premium_index", "symbol"]}
{"event": "analysis_generated", "symbol": "SOMIUSDT", "duration_ms": 4, "score": 40, "direction_score": -2.0, "current_price": 0.2403}
{"event": "monitor_context", "symbol": "SOMIUSDT", "direction": "SHORT", "entry_price": 0.2429, "current_price": 0.2403, "qty": "123", "baseline_qty": "123", "core_qty": "61.5", "scalp_qty": "61.5", "profit_locked": false, "need_partial_tp": true}
{"event": "open_orders_fetched", "symbol": "SOMIUSDT", "count": 3}
{"event": "llm_monitor_raw", "symbol": "SOMIUSDT", "raw": {"action": "HOLD", "reasoning": "The current position aligns with the strategy guidelines. The Stop Loss and Final Take Profit are active and appropriately set. The Partial Take Profit is needed but already in place. The market analysis does not indicate a need to adjust orders or close the position. The trend score is neutral (40), and other signals (1H均线空头排列, negative funding rate, good liquidity) support maintaining the short position. No immediate action is required unless market conditions change significantly.", "new_stop_loss": null, "new_take_profit": null, "partial_tp_price": null, "partial_tp_percent": null, "reduce_percent": null, "add_usdt": null}}
{"event": "market_data_fetched", "symbol": "SOMIUSDT", "duration_ms": 3450, "keys": ["funding_rate", "klines_15m", "klines_1h", "klines_1m", "oi_hist", "orderbook", "premium_index", "symbol"]}
{"event": "analysis_generated", "symbol": "SOMIUSDT", "duration_ms": 4, "score": 40, "direction_score": -2.0, "current_price": 0.2394}
{"event": "monitor_context", "symbol": "SOMIUSDT", "direction": "SHORT", "entry_price": 0.2429, "current_price": 0.2394, "qty": "123", "baseline_qty": "123", "core_qty": "61.5", "scalp_qty": "61.5", "profit_locked": false, "need_partial_tp": true}
{"event": "open_orders_fetched", "symbol": "SOMIUSDT", "count": 3}
{"event": "llm_monitor_raw", "symbol": "SOMIUSDT", "raw": {"action": "HOLD", "reasoning": "The current position is profitable with an unrealized PnL of 1.44%. The Stop Loss and Final Take Profit are active and appropriately set according to the strategy. The market analysis shows a bearish trend with acceptable volatility and negative funding rate, supporting the short position. No immediate adjustments are needed as the market structure has not invalidated the trade, and there are no significant changes in the trend score or signals. The Partial Take Profit is already set and needed, so no further action is required at this time.", "new_stop_loss": null, "new_take_profit": null, "partial_tp_price": null, "partial_tp_percent": null, "reduce_percent": null, "add_usdt": null}}
{"event": "market_data_fetched", "symbol": "SOMIUSDT", "duration_ms": 3231, "keys": ["funding_rate", "klines_15m", "klines_1h", "klines_1m", "oi_hist", "orderbook", "premium_index", "symbol"]}
{"event": "analysis_generated", "symbol": "SOMIUSDT", "duration_ms": 3, "score": 70, "direction_score": -3.0, "current_price": 0.239}
{"event": "monitor_context", "symbol": "SOMIUSDT", "direction": "SHORT", "entry_price": 0.2429, "current_price": 0.239, "qty": "123", "baseline_qty": "123", "core_qty": "61.5", "scalp_qty": "61.5", "profit_locked": false, "need_partial_tp": true}
{"event": "open_orders_fetched", "symbol": "SOMIUSDT", "count": 3}
{"event": "llm_monitor_raw", "symbol": "SOMIUSDT", "raw": {"action": "ADJUST_TP_SL", "reasoning": "The Smart Suggestion recommends updating the Stop Loss to 0.2424 to protect profits (Break Even). Current market analysis supports maintaining the short position with negative funding rates and sell-side imbalance. The Partial Take Profit is still needed at 0.23 for the scalp size.", "new_stop_loss": 0.2424, "new_take_profit": 0.22, "partial_tp_price": 0.23, "partial_tp_percent": 0.5, "reduce_percent": null, "add_usdt": null}}
{"event": "order_cancel_requested", "symbol": "SOMIUSDT", "order_id": 1509138802}
{"event": "order_cancel_result", "symbol": "SOMIUSDT", "order_id": 1509138802, "resp": {"orderId": 1509138802, "symbol": "SOMIUSDT", "status": "CANCELED", "clientOrderId": "x-Cb7ytekJd06dee99e0d9c1509c7b7c", "price": "0.0000000", "avgPrice": "0.00", "origQty": "0", "executedQty": "0", "cumQty": "0", "cumQuote": "0.0000000", "timeInForce": "GTC", "type": "STOP_MARKET", "reduceOnly": true, "closePosition": true, "side": "BUY", "positionSide": "BOTH", "stopPrice": "0.2550000", "workingType": "MARK_PRICE", "priceProtect": false, "origType": "STOP_MARKET", "priceMatch": "NONE", "selfTradePreventionMode": "EXPIRE_MAKER", "goodTillDate": 0, "updateTime": 1769394868097}}
{"event": "order_place_requested", "symbol": "SOMIUSDT", "kind": "stop_loss", "type": "STOP_MARKET", "close_position": true, "stop_price": 0.2424}
{"event": "order_place_result", "symbol": "SOMIUSDT", "kind": "stop_loss", "order_id": 1509322001, "stop_price": "0.2424000", "close_position": true}
{"event": "market_data_fetched", "symbol": "SOMIUSDT", "duration_ms": 2936, "keys": ["funding_rate", "klines_15m", "klines_1h", "klines_1m", "oi_hist", "orderbook", "premium_index", "symbol"]}
{"event": "analysis_generated", "symbol": "SOMIUSDT", "duration_ms": 4, "score": 35, "direction_score": -2.0, "current_price": 0.2396}
{"event": "monitor_context", "symbol": "SOMIUSDT", "direction": "SHORT", "entry_price": 0.2429, "current_price": 0.2396, "qty": "123", "baseline_qty": "123", "core_qty": "61.5", "scalp_qty": "61.5", "profit_locked": false, "need_partial_tp": true}
{"event": "open_orders_fetched", "symbol": "SOMIUSDT", "count": 3}
{"event": "llm_monitor_raw", "symbol": "SOMIUSDT", "raw": {"action": "HOLD", "reasoning": "Current market conditions and position status do not warrant any changes. The Stop Loss is active and appropriately set below the entry price. The Final Take Profit is set, and the Partial Take Profit is needed but already in place. The Trend Score, while below the initial entry threshold, does not invalidate the trade. The signals (1H均线空头排列, negative funding rate, good liquidity) still support the short position. No profit lock is active, and the position size is already at the core size after partial TP. Therefore, maintaining the current orders is the optimal action.", "new_stop_loss": null, "new_take_profit": null, "partial_tp_price": null, "partial_tp_percent": null, "reduce_percent": null, "add_usdt": null}}
{"event": "market_data_fetched", "symbol": "SOMIUSDT", "duration_ms": 2970, "keys": ["funding_rate", "klines_15m", "klines_1h", "klines_1m", "oi_hist", "orderbook", "premium_index", "symbol"]}
{"event": "analysis_generated", "symbol": "SOMIUSDT", "duration_ms": 3, "score": 50, "direction_score": -2.0, "current_price": 0.2389}
{"event": "monitor_context", "symbol": "SOMIUSDT", "direction": "SHORT", "entry_price": 0.2429, "current_price": 0.2389, "qty": "123", "baseline_qty": "123", "core_qty": "61.5", "scalp_qty": "61.5", "profit_locked": false, "need_partial_tp": true}
{"event": "open_orders_fetched", "symbol": "SOMIUSDT", "count": 3}
{"event": "llm_monitor_raw", "symbol": "SOMIUSDT", "raw": {"action": "HOLD", "reasoning": "Current market conditions and position status do not warrant any changes. The Stop Loss is active and appropriately set below the entry price. The Final Take Profit is set, and the Partial Take Profit is needed but not yet triggered. The trend score is neutral (50), and signals indicate continued bearish conditions (1H均线空头排列, negative funding rate). No immediate action is suggested by the Smart Suggestions. Following the strategy guidelines, we should maintain current orders unless market structure invalidates the trade or profit locking is required.", "new_stop_loss": null, "new_take_profit": null, "partial_tp_price": null, "partial_tp_percent": null, "reduce_percent": null, "add_usdt": null}}
{"event": "market_data_fetched", "symbol": "SOMIUSDT", "duration_ms": 4179, "keys": ["funding_rate", "klines_15m", "klines_1h", "klines_1m", "oi_hist", "orderbook", "premium_index", "symbol"]}
{"event": "analysis_generated", "symbol": "SOMIUSDT", "duration_ms": 4, "score": 35, "direction_score": -2.0, "current_price": 0.2391}
{"event": "monitor_context", "symbol": "SOMIUSDT", "direction": "SHORT", "entry_price": 0.2429, "current_price": 0.2391, "qty": "123", "baseline_qty": "123", "core_qty": "61.5", "scalp_qty": "61.5", "profit_locked": false, "need_partial_tp": true}
{"event": "open_orders_fetched", "symbol": "SOMIUSDT", "count": 3}
{"event": "llm_monitor_raw", "symbol": "SOMIUSDT", "raw": {"action": "HOLD", "reasoning": "The current position is profitable with an unrealized PnL of 1.59%. The Stop Loss is active and appropriately set above the entry price to protect against losses. The Final Take Profit is set at 0.22, and a Partial Take Profit is needed at 0.23 for the scalp size. The market analysis shows a bearish trend with acceptable volatility and negative funding rate, supporting the short position. There are no immediate signals to adjust orders or close the position. The strategy guidelines recommend holding unless there is a significant change in market structure or a need to lock in profits, neither of which is currently present.", "new_stop_loss": null, "new_take_profit": null, "partial_tp_price": null, "partial_tp_percent": null, "reduce_percent": null, "add_usdt": null}}
{"event": "market_data_fetched", "symbol": "SOMIUSDT", "duration_ms": 4482, "keys": ["funding_rate", "klines_15m", "klines_1h", "klines_1m", "oi_hist", "orderbook", "premium_index", "symbol"]}
{"event": "analysis_generated", "symbol": "SOMIUSDT", "duration_ms": 4, "score": 50, "direction_score": -2.0, "current_price": 0.2387}
{"event": "monitor_context", "symbol": "SOMIUSDT", "direction": "SHORT", "entry_price": 0.2429, "current_price": 0.2387, "qty": "123", "baseline_qty": "123", "core_qty": "61.5", "scalp_qty": "61.5", "profit_locked": false, "need_partial_tp": true}
{"event": "open_orders_fetched", "symbol": "SOMIUSDT", "count": 3}
{"event": "llm_monitor_raw", "symbol": "SOMIUSDT", "raw": {"action": "HOLD", "reasoning": "The current position is profitable with an unrealized PnL of 1.69%. The Stop Loss is active and appropriately set above the entry price at 0.2424 to protect against losses. The Final Take Profit is set at 0.22, and a Partial Take Profit is needed at 0.23 for the scalp size. The market analysis shows neutral trend score (50), bearish signals (1H均线空头排列), acceptable volatility (ATR=5.33%), negative funding rate (-0.1776%), and good liquidity. There is no immediate need to adjust orders as the market structure has not invalidated the trade, and the Stop Loss is not missing or too risky. The Smart Suggestions also recommend no action.", "new_stop_loss": null, "new_take_profit": null, "partial_tp_price": 0.23, "partial_tp_percent": 0.5, "reduce_percent": null, "add_usdt": null}}
{"event": "market_data_fetched", "symbol": "SOMIUSDT", "duration_ms": 3031, "keys": ["funding_rate", "klines_15m", "klines_1h", "klines_1m", "oi_hist", "orderbook", "premium_index", "symbol"]}
{"event": "analysis_generated", "symbol": "SOMIUSDT", "duration_ms": 3, "score": 40, "direction_score": -2.0, "current_price": 0.2391}
{"event": "monitor_context", "symbol": "SOMIUSDT", "direction": "SHORT", "entry_price": 0.2429, "current_price": 0.2391, "qty": "123", "baseline_qty": "123", "core_qty": "61.5", "scalp_qty": "61.5", "profit_locked": false, "need_partial_tp": true}
{"event": "open_orders_fetched", "symbol": "SOMIUSDT", "count": 3}
{"event": "llm_monitor_raw", "symbol": "SOMIUSDT", "raw": {"action": "HOLD", "reasoning": "The current position aligns with the strategy guidelines. The Stop Loss and Final Take Profit are active and appropriately set. The Partial Take Profit is needed but already set at 0.23. The market analysis does not indicate any invalidation of the trade setup, and the Profit Locked is False, so no adjustments are required. The trend score and signals support maintaining the position.", "new_stop_loss": null, "new_take_profit": null, "partial_tp_price": null, "partial_tp_percent": null, "reduce_percent": null, "add_usdt": null}}
{"event": "market_data_fetched", "symbol": "SOMIUSDT", "duration_ms": 2760, "keys": ["funding_rate", "klines_15m", "klines_1h", "klines_1m", "oi_hist", "orderbook", "premium_index", "symbol"]}
{"event": "analysis_generated", "symbol": "SOMIUSDT", "duration_ms": 2, "score": 50, "direction_score": -2.0, "current_price": 0.2385}
{"event": "monitor_context", "symbol": "SOMIUSDT", "direction": "SHORT", "entry_price": 0.2429, "current_price": 0.2385, "qty": "123", "baseline_qty": "123", "core_qty": "61.5", "scalp_qty": "61.5", "profit_locked": false, "need_partial_tp": true}
{"event": "open_orders_fetched", "symbol": "SOMIUSDT", "count": 3}
{"event": "llm_monitor_raw", "symbol": "SOMIUSDT", "raw": {"action": "HOLD", "reasoning": "Current market conditions and position status do not warrant any changes. The trend score is neutral (50), and the signals (1H均线空头排列, negative funding rate, good liquidity) still support the short position. The Stop Loss is active and appropriately set just above the entry price (0.2424 vs. 0.2429), adhering to risk management rules. The Partial Take Profit is also set and needed (0.23). Since Profit Locked is false and there are no invalidating market conditions, maintaining the current orders is the optimal strategy.", "new_stop_loss": null, "new_take_profit": null, "partial_tp_price": null, "partial_tp_percent": null, "reduce_percent": null, "add_usdt": null}}
{"event": "market_data_fetched", "symbol": "SOMIUSDT", "duration_ms": 3762, "keys": ["funding_rate", "klines_15m", "klines_1h", "klines_1m", "oi_hist", "orderbook", "premium_index", "symbol"]}
{"event": "analysis_generated", "symbol": "SOMIUSDT", "duration_ms": 4, "score": 35, "direction_score": -2.0, "current_price": 0.2396}
{"event": "monitor_context", "symbol": "SOMIUSDT", "direction": "SHORT", "entry_price": 0.2429, "current_price": 0.2396, "qty": "123", "baseline_qty": "123", "core_qty": "61.5", "scalp_qty": "61.5", "profit_locked": false, "need_partial_tp": true}
{"event": "open_orders_fetched", "symbol": "SOMIUSDT", "count": 3}
{"event": "llm_monitor_raw", "symbol": "SOMIUSDT", "raw": {"action": "HOLD", "reasoning": "Current market conditions and position status do not warrant any changes. The trend score is below the entry threshold but not invalidating, signals remain bearish (1H均线空头排列, negative funding rate), and volatility/liquidity are acceptable. The existing Stop Loss (0.2424) is active and adheres to risk management rules (protecting against reversal). Partial Take Profit at 0.23 is already set for the scalp size (61.5), and Final Take Profit at 0.22 covers the core position. No profit locking is triggered, and no structural invalidation exists. Stability guidelines recommend holding unless explicit conditions are met.", "new_stop_loss": null, "new_take_profit": null, "partial_tp_price": null, "partial_tp_percent": null, "reduce_percent": null, "add_usdt": null}}
{"event": "market_data_fetched", "symbol": "SOMIUSDT", "duration_ms": 2715, "keys": ["funding_rate", "klines_15m", "klines_1h", "klines_1m", "oi_hist", "orderbook", "premium_index", "symbol"]}
{"event": "analysis_generated", "symbol": "SOMIUSDT", "duration_ms": 5, "score": 50, "direction_score": -2.0, "current_price": 0.239}
{"event": "monitor_context", "symbol": "SOMIUSDT", "direction": "SHORT", "entry_price": 0.2429, "current_price": 0.239, "qty": "123", "baseline_qty": "123", "core_qty": "61.5", "scalp_qty": "61.5", "profit_locked": false, "need_partial_tp": true}
{"event": "open_orders_fetched", "symbol": "SOMIUSDT", "count": 3}
{"event": "market_data_fetched", "symbol": "SOMIUSDT", "duration_ms": 2741, "keys": ["funding_rate", "klines_15m", "klines_1h", "klines_1m", "oi_hist", "orderbook", "premium_index", "symbol"]}
{"event": "analysis_generated", "symbol": "SOMIUSDT", "duration_ms": 1, "score": 50, "direction_score": -2.0, "current_price": 0.2391}
{"event": "monitor_context", "symbol": "SOMIUSDT", "direction": "SHORT", "entry_price": 0.2429, "current_price": 0.2391, "qty": "123", "baseline_qty": "123", "core_qty": "61.5", "scalp_qty": "61.5", "profit_locked": false, "need_partial_tp": true}
{"event": "open_orders_fetched", "symbol": "SOMIUSDT", "count": 3}
{"event": "llm_monitor_raw", "symbol": "SOMIUSDT", "raw": {"action": "HOLD", "reasoning": "The current position is profitable with an unrealized PnL of 1.61%. The Stop Loss is active and set at 0.2424, which is above the entry price of 0.2429, ensuring risk management. The Final Take Profit is set at 0.22, and a Partial Take Profit is needed at 0.23 for the scalp size. The market analysis shows a neutral trend score of 50, with signals supporting the short position (1H均线空头排列, negative funding rate, good liquidity). There is no immediate need to adjust orders as the market structure has not invalidated the trade, and the Stop Loss is not missing or too risky. The Smart Suggestions also recommend no action. Therefore, holding the current position and orders is the best course of action.", "new_stop_loss": null, "new_take_profit": null, "partial_tp_price": null, "partial_tp_percent": null, "reduce_percent": null, "add_usdt": null}}
{"event": "market_data_fetched", "symbol": "SOMIUSDT", "duration_ms": 2761, "keys": ["funding_rate", "klines_15m", "klines_1h", "klines_1m", "oi_hist", "orderbook", "premium_index", "symbol"]}
{"event": "analysis_generated", "symbol": "SOMIUSDT", "duration_ms": 4, "score": 50, "direction_score": -2.0, "current_price": 0.2388}
{"event": "monitor_context", "symbol": "SOMIUSDT", "direction": "SHORT", "entry_price": 0.2429, "current_price": 0.2388, "qty": "123", "baseline_qty": "123", "core_qty": "61.5", "scalp_qty": "61.5", "profit_locked": false, "need_partial_tp": true}
{"event": "open_orders_fetched", "symbol": "SOMIUSDT", "count": 3}
{"event": "llm_monitor_raw", "symbol": "SOMIUSDT", "raw": {"action": "HOLD", "reasoning": "The current position is performing within expected parameters with an active Stop Loss at 0.2424 and Final Take Profit at 0.22. The Partial Take Profit is also set correctly at 0.23 for the scalp size. The market analysis shows neutral trend score (50) but maintains bearish signals (1H均线空头排列, negative funding rate, etc.), supporting the continuation of the short. No structural invalidation or profit-lock trigger exists. Following strategy guidelines, orders should not be adjusted for minor fluctuations unless a clear signal emerges.", "new_stop_loss": null, "new_take_profit": null, "partial_tp_price": null, "partial_tp_percent": null, "reduce_percent": null, "add_usdt": null}}
{"event": "market_data_fetched", "symbol": "SOMIUSDT", "duration_ms": 3806, "keys": ["funding_rate", "klines_15m", "klines_1h", "klines_1m", "oi_hist", "orderbook", "premium_index", "symbol"]}
{"event": "analysis_generated", "symbol": "SOMIUSDT", "duration_ms": 4, "score": 40, "direction_score": -1.5, "current_price": 0.2367}
{"event": "monitor_context", "symbol": "SOMIUSDT", "direction": "SHORT", "entry_price": 0.2429, "current_price": 0.2367, "qty": "123", "baseline_qty": "123", "core_qty": "61.5", "scalp_qty": "61.5", "profit_locked": false, "need_partial_tp": true}
{"event": "open_orders_fetched", "symbol": "SOMIUSDT", "count": 3}
{"event": "llm_monitor_raw", "symbol": "SOMIUSDT", "raw": {"action": "HOLD", "reasoning": "The current position is profitable with an unrealized PnL of 2.47%. The Stop Loss at 0.2424 is active and properly set above the entry price of 0.2429 to protect against losses. The Final Take Profit at 0.22 is also active. The Partial Take Profit at 0.23 is needed and aligns with the strategy. Market analysis shows a bearish trend with acceptable volatility and negative funding rate, supporting the short position. No immediate adjustments are required as per the stability guidelines.", "new_stop_loss": null, "new_take_profit": null, "partial_tp_price": null, "partial_tp_percent": null, "reduce_percent": null, "add_usdt": null}}
{"event": "market_data_fetched", "symbol": "SOMIUSDT", "duration_ms": 4706, "keys": ["funding_rate", "klines_15m", "klines_1h", "klines_1m", "oi_hist", "orderbook", "premium_index", "symbol"]}
{"event": "analysis_generated", "symbol": "SOMIUSDT", "duration_ms": 4, "score": 60, "direction_score": -2.5, "current_price": 0.2356}
{"event": "monitor_context", "symbol": "SOMIUSDT", "direction": "SHORT", "entry_price": 0.2429, "current_price": 0.2356, "qty": "123", "baseline_qty": "123", "core_qty": "61.5", "scalp_qty": "61.5", "profit_locked": false, "need_partial_tp": true}
{"event": "open_orders_fetched", "symbol": "SOMIUSDT", "count": 3}
{"event": "llm_monitor_raw", "symbol": "SOMIUSDT", "raw": {"action": "HOLD", "reasoning": "Current market conditions and signals support maintaining the short position. The trend score is favorable (60), and indicators such as bearish moving average alignment, increased volume on downward movement, negative funding rate, and good liquidity reinforce the bearish outlook. The existing Stop Loss at 0.2424 and Final Take Profit at 0.22 are appropriately set according to the strategy. The Partial Take Profit at 0.23 is also correctly in place for the scalp size. Since Profit Locked is False and there are no immediate signals to adjust orders or close the position, holding is the optimal action.", "new_stop_loss": null, "new_take_profit": null, "partial_tp_price": null, "partial_tp_percent": null, "reduce_percent": null, "add_usdt": null}}
{"event": "market_data_fetched", "symbol": "SOMIUSDT", "duration_ms": 2736, "keys": ["funding_rate", "klines_15m", "klines_1h", "klines_1m", "oi_hist", "orderbook", "premium_index", "symbol"]}
{"event": "analysis_generated", "symbol": "SOMIUSDT", "duration_ms": 4, "score": 45, "direction_score": -0.5, "current_price": 0.2363}
{"event": "monitor_context", "symbol": "SOMIUSDT", "direction": "SHORT", "entry_price": 0.2429, "current_price": 0.2363, "qty": "123", "baseline_qty": "123", "core_qty": "61.5", "scalp_qty": "61.5", "profit_locked": false, "need_partial_tp": true}
{"event": "open_orders_fetched", "symbol": "SOMIUSDT", "count": 3}
{"event": "llm_monitor_raw", "symbol": "SOMIUSDT", "raw": {"action": "HOLD", "reasoning": "The current position aligns with the strategy guidelines. The Stop Loss is active at 0.2424 (just above entry price to minimize loss), and Final Take Profit is set at 0.22. The Partial Take Profit is needed and set at 0.23 for the scalp size. The market analysis shows mixed signals with a Trend Score of 45, but no strong invalidation signals. Profit Locked is false, so no need to adjust SL for break-even. No immediate action is required unless market conditions change significantly.", "new_stop_loss": null, "new_take_profit": null, "partial_tp_price": null, "partial_tp_percent": null, "reduce_percent": null, "add_usdt": null}}
{"event": "market_data_fetched", "symbol": "SOMIUSDT", "duration_ms": 2722, "keys": ["funding_rate", "klines_15m", "klines_1h", "klines_1m", "oi_hist", "orderbook", "premium_index", "symbol"]}
{"event": "analysis_generated", "symbol": "SOMIUSDT", "duration_ms": 2, "score": 45, "direction_score": -1.5, "current_price": 0.2364}
{"event": "monitor_context", "symbol": "SOMIUSDT", "direction": "SHORT", "entry_price": 0.2429, "current_price": 0.2364, "qty": "123", "baseline_qty": "123", "core_qty": "61.5", "scalp_qty": "61.5", "profit_locked": false, "need_partial_tp": true}
{"event": "open_orders_fetched", "symbol": "SOMIUSDT", "count": 3}
{"event": "llm_monitor_raw", "symbol": "SOMIUSDT", "raw": {"action": "HOLD", "reasoning": "The current position aligns with the strategy guidelines. The Stop Loss and Final Take Profit are active and appropriately set. The Partial Take Profit is needed but already in place. The market analysis does not indicate a need to adjust orders or close the position. The trend score is still below 50, and signals support maintaining the short position. No immediate action is required unless market conditions change significantly.", "new_stop_loss": null, "new_take_profit": null, "partial_tp_price": null, "partial_tp_percent": null, "reduce_percent": null, "add_usdt": null}}
{"event": "market_data_fetched", "symbol": "SOMIUSDT", "duration_ms": 3218, "keys": ["funding_rate", "klines_15m", "klines_1h", "klines_1m", "oi_hist", "orderbook", "premium_index", "symbol"]}
{"event": "analysis_generated", "symbol": "SOMIUSDT", "duration_ms": 5, "score": 40, "direction_score": -1.5, "current_price": 0.236}
{"event": "monitor_context", "symbol": "SOMIUSDT", "direction": "SHORT", "entry_price": 0.2429, "current_price": 0.236, "qty": "123", "baseline_qty": "123", "core_qty": "61.5", "scalp_qty": "61.5", "profit_locked": false, "need_partial_tp": true}
{"event": "open_orders_fetched", "symbol": "SOMIUSDT", "count": 3}
{"event": "llm_monitor_raw", "symbol": "SOMIUSDT", "raw": {"action": "HOLD", "reasoning": "Current market conditions and position status align with the strategy guidelines. The Stop Loss and Final Take Profit are active and appropriately set. The Partial Take Profit is needed but already set at 0.23, which is reasonable given the current price of 0.236. The Trend Score is 40, which matches the entry condition, and other signals (1H均线空头排列, negative funding rate, good liquidity) support maintaining the position. No immediate adjustments are required unless market conditions change significantly.", "new_stop_loss": null, "new_take_profit": null, "partial_tp_price": null, "partial_tp_percent": null, "reduce_percent": null, "add_usdt": null}}
{"event": "market_data_fetched", "symbol": "SOMIUSDT", "duration_ms": 2721, "keys": ["funding_rate", "klines_15m", "klines_1h", "klines_1m", "oi_hist", "orderbook", "premium_index", "symbol"]}
{"event": "analysis_generated", "symbol": "SOMIUSDT", "duration_ms": 4, "score": 80, "direction_score": -3.5, "current_price": 0.237}
{"event": "monitor_context", "symbol": "SOMIUSDT", "direction": "SHORT", "entry_price": 0.2429, "current_price": 0.237, "qty": "123", "baseline_qty": "123", "core_qty": "61.5", "scalp_qty": "61.5", "profit_locked": false, "need_partial_tp": true}
{"event": "open_orders_fetched", "symbol": "SOMIUSDT", "count": 3}
{"event": "llm_monitor_raw", "symbol": "SOMIUSDT", "raw": {"action": "HOLD", "reasoning": "Current market conditions align with the short strategy (strong bearish signals: 1H均线空头排列, 放量下跌, negative funding, and sell-side imbalance). The existing Stop Loss (0.2424) is active and properly placed above the current price (0.237) but below the entry (0.2429) to limit risk. The Partial Take Profit at 0.23 is pending execution, and the Final Take Profit at 0.22 remains valid. No structural invalidation or profit-lock trigger exists. Adhering to stability guidelines, no order adjustments are needed for minor fluctuations.", "new_stop_loss": null, "new_take_profit": null, "partial_tp_price": null, "partial_tp_percent": null, "reduce_percent": null, "add_usdt": null}}
{"event": "market_data_fetched", "symbol": "SOMIUSDT", "duration_ms": 2717, "keys": ["funding_rate", "klines_15m", "klines_1h", "klines_1m", "oi_hist", "orderbook", "premium_index", "symbol"]}
{"event": "analysis_generated", "symbol": "SOMIUSDT", "duration_ms": 3, "score": 45, "direction_score": -0.5, "current_price": 0.2387}
{"event": "monitor_context", "symbol": "SOMIUSDT", "direction": "SHORT", "entry_price": 0.2429, "current_price": 0.2387, "qty": "123", "baseline_qty": "123", "core_qty": "61.5", "scalp_qty": "61.5", "profit_locked": false, "need_partial_tp": true}
{"event": "open_orders_fetched", "symbol": "SOMIUSDT", "count": 3}
{"event": "llm_monitor_raw", "symbol": "SOMIUSDT", "raw": {"action": "HOLD", "reasoning": "Current market conditions and signals do not invalidate the trade. The Stop Loss and Take Profit orders are correctly placed according to the strategy. The Partial Take Profit is needed but already set. No adjustments are necessary at this time.", "new_stop_loss": null, "new_take_profit": null, "partial_tp_price": null, "partial_tp_percent": null, "reduce_percent": null, "add_usdt": null}}
{"event": "market_data_fetched", "symbol": "SOMIUSDT", "duration_ms": 3647, "keys": ["funding_rate", "klines_15m", "klines_1h", "klines_1m", "oi_hist", "orderbook", "premium_index", "symbol"]}
{"event": "analysis_generated", "symbol": "SOMIUSDT", "duration_ms": 4, "score": 45, "direction_score": -1.5, "current_price": 0.2376}
{"event": "monitor_context", "symbol": "SOMIUSDT", "direction": "SHORT", "entry_price": 0.2429, "current_price": 0.2376, "qty": "123", "baseline_qty": "123", "core_qty": "61.5", "scalp_qty": "61.5", "profit_locked": false, "need_partial_tp": true}
{"event": "open_orders_fetched", "symbol": "SOMIUSDT", "count": 3}
{"event": "market_data_fetched", "symbol": "SOMIUSDT", "duration_ms": 3030, "keys": ["funding_rate", "klines_15m", "klines_1h", "klines_1m", "oi_hist", "orderbook", "premium_index", "symbol"]}
{"event": "analysis_generated", "symbol": "SOMIUSDT", "duration_ms": 4, "score": 60, "direction_score": -2.5, "current_price": 0.2351}
{"event": "monitor_context", "symbol": "SOMIUSDT", "direction": "SHORT", "entry_price": 0.2429, "current_price": 0.2351, "qty": "123", "baseline_qty": "123", "core_qty": "61.5", "scalp_qty": "61.5", "profit_locked": false, "need_partial_tp": true}
{"event": "open_orders_fetched", "symbol": "SOMIUSDT", "count": 3}
{"event": "llm_monitor_raw", "symbol": "SOMIUSDT", "raw": {"action": "HOLD", "reasoning": "Current market conditions align with the initial trade setup (1H均线空头排列, 波动率合格, 放量下跌, 费率负值). The Stop Loss (0.2424) and Final Take Profit (0.22) are correctly placed according to strategy rules. The Partial Take Profit (0.23) is pending and needed as per the strategy. No structural invalidation or profit-lock trigger exists. Stability guidelines advise against unnecessary order adjustments.", "new_stop_loss": null, "new_take_profit": null, "partial_tp_price": null, "partial_tp_percent": null, "reduce_percent": null, "add_usdt": null}}
{"event": "market_data_fetched", "symbol": "SOMIUSDT", "duration_ms": 6845, "keys": ["funding_rate", "klines_15m", "klines_1h", "klines_1m", "oi_hist", "orderbook", "premium_index", "symbol"]}
{"event": "analysis_generated", "symbol": "SOMIUSDT", "duration_ms": 4, "score": 65, "direction_score": -1.5, "current_price": 0.2325}
{"event": "monitor_context", "symbol": "SOMIUSDT", "direction": "SHORT", "entry_price": 0.2429, "current_price": 0.2325, "qty": "123", "baseline_qty": "123", "core_qty": "61.5", "scalp_qty": "61.5", "profit_locked": false, "need_partial_tp": true}
{"event": "open_orders_fetched", "symbol": "SOMIUSDT", "count": 3}
{"event": "llm_monitor_raw", "symbol": "SOMIUSDT", "raw": {"action": "HOLD", "reasoning": "The current position is profitable with an unrealized PnL of 4.27%. The Stop Loss and Final Take Profit are correctly set according to the strategy. The Partial Take Profit is needed and set at 0.23, which aligns with the scalp size. The market analysis shows a bearish trend with acceptable volatility and negative funding rate, supporting the continuation of the short position. No immediate adjustments are required as the market structure has not invalidated the trade, and the Stop Loss is not missing or too risky.", "new_stop_loss": null, "new_take_profit": null, "partial_tp_price": null, "partial_tp_percent": null, "reduce_percent": null, "add_usdt": null}}
{"event": "market_data_fetched", "symbol": "SOMIUSDT", "duration_ms": 3503, "keys": ["funding_rate", "klines_15m", "klines_1h", "klines_1m", "oi_hist", "orderbook", "premium_index", "symbol"]}
{"event": "analysis_generated", "symbol": "SOMIUSDT", "duration_ms": 3, "score": 45, "direction_score": -0.5, "current_price": 0.2331}
{"event": "monitor_context", "symbol": "SOMIUSDT", "direction": "SHORT", "entry_price": 0.2429, "current_price": 0.2331, "qty": "123", "baseline_qty": "123", "core_qty": "61.5", "scalp_qty": "61.5", "profit_locked": false, "need_partial_tp": true}
{"event": "open_orders_fetched", "symbol": "SOMIUSDT", "count": 3}
{"event": "llm_monitor_raw", "symbol": "SOMIUSDT", "raw": {"action": "HOLD", "reasoning": "Current market conditions and signals do not invalidate the trade. The Stop Loss and Take Profit orders are correctly placed according to the strategy. The Partial Take Profit is needed but already set at 0.23. The Profit Locked is False, so no adjustments are required. The Trend Score is 45, which is still favorable for holding the position. Market signals such as 1H均线空头排列, 波动率合格, and negative funding rate support maintaining the position.", "new_stop_loss": null, "new_take_profit": null, "partial_tp_price": null, "partial_tp_percent": null, "reduce_percent": null, "add_usdt": null}}
{"event": "market_data_fetched", "symbol": "SOMIUSDT", "duration_ms": 2732, "keys": ["funding_rate", "klines_15m", "klines_1h", "klines_1m", "oi_hist", "orderbook", "premium_index", "symbol"]}
{"event": "analysis_generated", "symbol": "SOMIUSDT", "duration_ms": 2, "score": 65, "direction_score": -0.5, "current_price": 0.2319}
{"event": "monitor_context", "symbol": "SOMIUSDT", "direction": "SHORT", "entry_price": 0.2429, "current_price": 0.2319, "qty": "123", "baseline_qty": "123", "core_qty": "61.5", "scalp_qty": "61.5", "profit_locked": false, "need_partial_tp": true}
{"event": "open_orders_fetched", "symbol": "SOMIUSDT", "count": 3}
{"event": "llm_monitor_raw", "symbol": "SOMIUSDT", "raw": {"action": "HOLD", "reasoning": "The current position is profitable with an unrealized PnL of 4.49%. The Stop Loss and Final Take Profit are correctly set according to the strategy. The Partial Take Profit is needed and set at 0.23, which aligns with the scalp size. The market analysis shows a bearish trend with strong buy-side imbalance, but the trend score remains above 40, supporting the continuation of the short position. No immediate adjustments are necessary as per the stability guidelines.", "new_stop_loss": null, "new_take_profit": null, "partial_tp_price": null, "partial_tp_percent": null, "reduce_percent": null, "add_usdt": null}}
{"event": "market_data_fetched", "symbol": "SOMIUSDT", "duration_ms": 2977, "keys": ["funding_rate", "klines_15m", "klines_1h", "klines_1m", "oi_hist", "orderbook", "premium_index", "symbol"]}
{"event": "analysis_generated", "symbol": "SOMIUSDT", "duration_ms": 3, "score": 30, "direction_score": -1.5, "current_price": 0.2337}
{"event": "monitor_context", "symbol": "SOMIUSDT", "direction": "SHORT", "entry_price": 0.2429, "current_price": 0.2337, "qty": "123", "baseline_qty": "123", "core_qty": "61.5", "scalp_qty": "61.5", "profit_locked": false, "need_partial_tp": true}
{"event": "open_orders_fetched", "symbol": "SOMIUSDT", "count": 3}
{"event": "llm_monitor_raw", "symbol": "SOMIUSDT", "raw": {"action": "HOLD", "reasoning": "The current position is profitable with an unrealized PnL of 3.79%. The Stop Loss is active and appropriately set above the entry price at 0.2424 to protect against losses. The Final Take Profit is set at 0.22, and a Partial Take Profit is needed at 0.23 for the scalp size. The market analysis shows a bearish trend with acceptable volatility and negative funding rates, supporting the short position. There are no immediate signals to invalidate the trade or adjust orders. Therefore, holding the position with current orders is the optimal action.", "new_stop_loss": null, "new_take_profit": null, "partial_tp_price": 0.23, "partial_tp_percent": 0.5, "reduce_percent": null, "add_usdt": null}}
{"event": "market_data_fetched", "symbol": "SOMIUSDT", "duration_ms": 2735, "keys": ["funding_rate", "klines_15m", "klines_1h", "klines_1m", "oi_hist", "orderbook", "premium_index", "symbol"]}
{"event": "analysis_generated", "symbol": "SOMIUSDT", "duration_ms": 3, "score": 30, "direction_score": -1.5, "current_price": 0.2338}
{"event": "monitor_context", "symbol": "SOMIUSDT", "direction": "SHORT", "entry_price": 0.2429, "current_price": 0.2338, "qty": "123", "baseline_qty": "123", "core_qty": "61.5", "scalp_qty": "61.5", "profit_locked": false, "need_partial_tp": true}
{"event": "open_orders_fetched", "symbol": "SOMIUSDT", "count": 3}
{"event": "llm_monitor_raw", "symbol": "SOMIUSDT", "raw": {"action": "HOLD", "reasoning": "Current market conditions and position status do not warrant any changes. The Stop Loss is active and appropriately set below the entry price. The Final Take Profit is set and the Partial Take Profit is needed but already in place. The Trend Score is below the entry threshold but not invalidating the trade. No profit lock is active, and the position size is already at the core size after partial TP. Market signals remain supportive of the short position.", "new_stop_loss": null, "new_take_profit": null, "partial_tp_price": null, "partial_tp_percent": null, "reduce_percent": null, "add_usdt": null}}
{"event": "market_data_fetched", "symbol": "SOMIUSDT", "duration_ms": 2769, "keys": ["funding_rate", "klines_15m", "klines_1h", "klines_1m", "oi_hist", "orderbook", "premium_index", "symbol"]}
{"event": "analysis_generated", "symbol": "SOMIUSDT", "duration_ms": 3, "score": 45, "direction_score": -1.5, "current_price": 0.2349}
{"event": "monitor_context", "symbol": "SOMIUSDT", "direction": "SHORT", "entry_price": 0.2429, "current_price": 0.2349, "qty": "123", "baseline_qty": "123", "core_qty": "61.5", "scalp_qty": "61.5", "profit_locked": false, "need_partial_tp": true}
{"event": "open_orders_fetched", "symbol": "SOMIUSDT", "count": 3}
{"event": "llm_monitor_raw", "symbol": "SOMIUSDT", "raw": {"action": "HOLD", "reasoning": "The current position is profitable with an unrealized PnL of 3.29%. The Stop Loss and Final Take Profit are correctly set according to the strategy. The Partial Take Profit is needed and set at 0.23, which aligns with the scalp size. The market analysis shows a neutral trend score (45) with bearish signals (1H均线空头排列, negative funding rate), but no immediate invalidation or structural change is detected. Profit Lock is false, so no adjustment is required for locking profits. The stability guideline suggests holding unless there's a significant change, which isn't present here.", "new_stop_loss": null, "new_take_profit": null, "partial_tp_price": null, "partial_tp_percent": null, "reduce_percent": null, "add_usdt": null}}
{"event": "market_data_fetched", "symbol": "SOMIUSDT", "duration_ms": 2737, "keys": ["funding_rate", "klines_15m", "klines_1h", "klines_1m", "oi_hist", "orderbook", "premium_index", "symbol"]}
{"event": "analysis_generated", "symbol": "SOMIUSDT", "duration_ms": 4, "score": 25, "direction_score": -1.5, "current_price": 0.2354}
{"event": "monitor_context", "symbol": "SOMIUSDT", "direction": "SHORT", "entry_price": 0.2429, "current_price": 0.2354, "qty": "123", "baseline_qty": "123", "core_qty": "61.5", "scalp_qty": "61.5", "profit_locked": false, "need_partial_tp": true}
{"event": "open_orders_fetched", "symbol": "SOMIUSDT", "count": 3}
{"event": "llm_monitor_raw", "symbol": "SOMIUSDT", "raw": {"action": "HOLD", "reasoning": "The current position is profitable with an unrealized PnL of 3.01%. The Stop Loss is active and appropriately set above the entry price at 0.2424 to protect against losses. The Final Take Profit is set at 0.22, which aligns with the strategy. The Partial Take Profit is needed and set at 0.23 for the scalp size. The market analysis shows a bearish trend with negative funding rates and good liquidity, supporting the continuation of the short position. There are no immediate signals to adjust orders or close the position. Therefore, holding the current orders is the best action.", "new_stop_loss": null, "new_take_profit": null, "partial_tp_price": null, "partial_tp_percent": null, "reduce_percent": null, "add_usdt": null}}
{"event": "market_data_fetched", "symbol": "SOMIUSDT", "duration_ms": 2743, "keys": ["funding_rate", "klines_15m", "klines_1h", "klines_1m", "oi_hist", "orderbook", "premium_index", "symbol"]}
{"event": "analysis_generated", "symbol": "SOMIUSDT", "duration_ms": 2, "score": 65, "direction_score": -2.5, "current_price": 0.2355}
{"event": "monitor_context", "symbol": "SOMIUSDT", "direction": "SHORT", "entry_price": 0.2429, "current_price": 0.2355, "qty": "123", "baseline_qty": "123", "core_qty": "61.5", "scalp_qty": "61.5", "profit_locked": false, "need_partial_tp": true}
{"event": "open_orders_fetched", "symbol": "SOMIUSDT", "count": 3}
{"event": "llm_monitor_raw", "symbol": "SOMIUSDT", "raw": {"action": "HOLD", "reasoning": "The current position is profitable with an unrealized PnL of 3.05%. The Stop Loss and Final Take Profit orders are active and correctly placed according to the strategy. The Partial Take Profit is needed and set at 0.23, which aligns with the scalp size. The market analysis shows favorable conditions for maintaining the short position with a negative imbalance and bearish signals. No adjustments are necessary as the market structure has not invalidated the trade, and there are no immediate risks requiring action.", "new_stop_loss": null, "new_take_profit": null, "partial_tp_price": null, "partial_tp_percent": null, "reduce_percent": null, "add_usdt": null}}
{"event": "market_data_fetched", "symbol": "SOMIUSDT", "duration_ms": 3568, "keys": ["funding_rate", "klines_15m", "klines_1h", "klines_1m", "oi_hist", "orderbook", "premium_index", "symbol"]}
{"event": "analysis_generated", "symbol": "SOMIUSDT", "duration_ms": 4, "score": 50, "direction_score": -2.5, "current_price": 0.2346}
{"event": "monitor_context", "symbol": "SOMIUSDT", "direction": "SHORT", "entry_price": 0.2429, "current_price": 0.2346, "qty": "123", "baseline_qty": "123", "core_qty": "61.5", "scalp_qty": "61.5", "profit_locked": false, "need_partial_tp": true}
{"event": "open_orders_fetched", "symbol": "SOMIUSDT", "count": 3}
{"event": "llm_monitor_raw", "symbol": "SOMIUSDT", "raw": {"action": "HOLD", "reasoning": "The current position is profitable with an unrealized PnL of 3.42%. The Stop Loss is active and appropriately set above the entry price to protect against losses. The Final Take Profit is set at 0.22, which aligns with the strategy. The Partial Take Profit is needed and set at 0.23, which is reasonable given the current price of 0.2346. The market analysis shows a neutral trend score (50) with bearish signals, but no immediate action is suggested. The position adheres to all strategy guidelines, and there is no need to adjust orders for minor price fluctuations.", "new_stop_loss": null, "new_take_profit": null, "partial_tp_price": null, "partial_tp_percent": null, "reduce_percent": null, "add_usdt": null}}
{"event": "market_data_fetched", "symbol": "SOMIUSDT", "duration_ms": 3181, "keys": ["funding_rate", "klines_15m", "klines_1h", "klines_1m", "oi_hist", "orderbook", "premium_index", "symbol"]}
{"event": "analysis_generated", "symbol": "SOMIUSDT", "duration_ms": 3, "score": 65, "direction_score": -2.5, "current_price": 0.2345}
{"event": "monitor_context", "symbol": "SOMIUSDT", "direction": "SHORT", "entry_price": 0.2429, "current_price": 0.2345, "qty": "123", "baseline_qty": "123", "core_qty": "61.5", "scalp_qty": "61.5", "profit_locked": false, "need_partial_tp": true}
{"event": "open_orders_fetched", "symbol": "SOMIUSDT", "count": 3}
{"event": "llm_monitor_raw", "symbol": "SOMIUSDT", "raw": {"action": "HOLD", "reasoning": "The current position is profitable with an unrealized PnL of 3.46%. The Stop Loss is active at 0.2424 (just above the entry price of 0.2429), ensuring minimal loss if the market reverses. The Final Take Profit is set at 0.22, and a Partial Take Profit is needed at 0.23 for the scalp size (61.5). The market analysis shows bearish signals (1H均线空头排列, negative funding rate, sell-side imbalance), supporting the continuation of the downtrend. There is no immediate need to adjust orders as the market structure has not invalidated the trade, and the Stop Loss is not missing or too risky.", "new_stop_loss": null, "new_take_profit": null, "partial_tp_price": 0.23, "partial_tp_percent": 0.5, "reduce_percent": null, "add_usdt": null}}
{"event": "market_data_fetched", "symbol": "SOMIUSDT", "duration_ms": 2779, "keys": ["funding_rate", "klines_15m", "klines_1h", "klines_1m", "oi_hist", "orderbook", "premium_index", "symbol"]}
{"event": "analysis_generated", "symbol": "SOMIUSDT", "duration_ms": 2, "score": 40, "direction_score": -1.5, "current_price": 0.2349}
{"event": "monitor_context", "symbol": "SOMIUSDT", "direction": "SHORT", "entry_price": 0.2429, "current_price": 0.2349, "qty": "123", "baseline_qty": "123", "core_qty": "61.5", "scalp_qty": "61.5", "profit_locked": false, "need_partial_tp": true}
{"event": "open_orders_fetched", "symbol": "SOMIUSDT", "count": 3}
{"event": "llm_monitor_raw", "symbol": "SOMIUSDT", "raw": {"action": "HOLD", "reasoning": "The current position aligns with the strategy guidelines. The Stop Loss and Final Take Profit are active and appropriately set. The Partial Take Profit is needed and set correctly. The market analysis does not indicate any invalidation of the trade setup, and there are no significant changes requiring adjustment. The Profit Locked status is false, so no additional actions are necessary.", "new_stop_loss": null, "new_take_profit": null, "partial_tp_price": null, "partial_tp_percent": null, "reduce_percent": null, "add_usdt": null}}
{"event": "market_data_fetched", "symbol": "SOMIUSDT", "duration_ms": 2957, "keys": ["funding_rate", "klines_15m", "klines_1h", "klines_1m", "oi_hist", "orderbook", "premium_index", "symbol"]}
{"event": "analysis_generated", "symbol": "SOMIUSDT", "duration_ms": 2, "score": 45, "direction_score": -1.5, "current_price": 0.2343}
{"event": "monitor_context", "symbol": "SOMIUSDT", "direction": "SHORT", "entry_price": 0.2429, "current_price": 0.2343, "qty": "123", "baseline_qty": "123", "core_qty": "61.5", "scalp_qty": "61.5", "profit_locked": false, "need_partial_tp": true}
{"event": "open_orders_fetched", "symbol": "SOMIUSDT", "count": 3}
{"event": "llm_monitor_raw", "symbol": "SOMIUSDT", "raw": {"action": "HOLD", "reasoning": "The current position is profitable with an unrealized PnL of 3.48%. The Stop Loss at 0.2424 is active and properly set below the entry price of 0.2429, adhering to the risk management rule of always having a Stop Loss. The Final Take Profit at 0.22 is also set and aligns with the strategy. The Partial Take Profit at 0.23 is needed and pending execution. The market analysis shows a neutral trend score of 45, with signals supporting the short position (1H均线空头排列, negative funding rate, good liquidity). There is no immediate need to adjust orders as the market structure has not invalidated the trade, and no profit lock condition is triggered. Therefore, holding the position with current orders is the optimal action.", "new_stop_loss": null, "new_take_profit": null, "partial_tp_price": null, "partial_tp_percent": null, "reduce_percent": null, "add_usdt": null}}
{"event": "market_data_fetched", "symbol": "SOMIUSDT", "duration_ms": 2761, "keys": ["funding_rate", "klines_15m", "klines_1h", "klines_1m", "oi_hist", "orderbook", "premium_index", "symbol"]}
{"event": "analysis_generated", "symbol": "SOMIUSDT", "duration_ms": 2, "score": 25, "direction_score": -1.5, "current_price": 0.2363}
{"event": "monitor_context", "symbol": "SOMIUSDT", "direction": "SHORT", "entry_price": 0.2429, "current_price": 0.2363, "qty": "123", "baseline_qty": "123", "core_qty": "61.5", "scalp_qty": "61.5", "profit_locked": false, "need_partial_tp": true}
{"event": "open_orders_fetched", "symbol": "SOMIUSDT", "count": 3}
{"event": "llm_monitor_raw", "symbol": "SOMIUSDT", "raw": {"action": "HOLD", "reasoning": "The current position is profitable with an unrealized PnL of 2.67%. The Stop Loss and Final Take Profit are correctly set according to the strategy. The Partial Take Profit is needed and set at 0.23, which aligns with the scalp size. The market analysis shows a bearish trend with acceptable volatility and negative funding rate, supporting the short position. No immediate adjustments are necessary as the market structure has not invalidated the trade and there are no significant changes in the trend score or signals.", "new_stop_loss": null, "new_take_profit": null, "partial_tp_price": null, "partial_tp_percent": null, "reduce_percent": null, "add_usdt": null}}
{"event": "market_data_fetched", "symbol": "SOMIUSDT", "duration_ms": 2743, "keys": ["funding_rate", "klines_15m", "klines_1h", "klines_1m", "oi_hist", "orderbook", "premium_index", "symbol"]}
{"event": "analysis_generated", "symbol": "SOMIUSDT", "duration_ms": 3, "score": 60, "direction_score": -2.5, "current_price": 0.2354}
{"event": "monitor_context", "symbol": "SOMIUSDT", "direction": "SHORT", "entry_price": 0.2429, "current_price": 0.2354, "qty": "123", "baseline_qty": "123", "core_qty": "61.5", "scalp_qty": "61.5", "profit_locked": false, "need_partial_tp": true}
{"event": "open_orders_fetched", "symbol": "SOMIUSDT", "count": 3}
{"event": "llm_monitor_raw", "symbol": "SOMIUSDT", "raw": {"action": "HOLD", "reasoning": "The current position is performing well with an unrealized PnL of 3.03%. The Stop Loss at 0.2424 and Final Take Profit at 0.22 are correctly set according to the strategy. The Partial Take Profit at 0.23 is also in place for the scalp size. Market analysis shows a favorable trend score of 60 with bearish signals, and there is no immediate need to adjust orders as per the stability guidelines. The Smart Suggestions also recommend no action at this time.", "new_stop_loss": null, "new_take_profit": null, "partial_tp_price": null, "partial_tp_percent": null, "reduce_percent": null, "add_usdt": null}}
{"event": "market_data_fetched", "symbol": "SOMIUSDT", "duration_ms": 2980, "keys": ["funding_rate", "klines_15m", "klines_1h", "klines_1m", "oi_hist", "orderbook", "premium_index", "symbol"]}
{"event": "analysis_generated", "symbol": "SOMIUSDT", "duration_ms": 2, "score": 80, "direction_score": -1.5, "current_price": 0.2349}
{"event": "monitor_context", "symbol": "SOMIUSDT", "direction": "SHORT", "entry_price": 0.2429, "current_price": 0.2349, "qty": "123", "baseline_qty": "123", "core_qty": "61.5", "scalp_qty": "61.5", "profit_locked": false, "need_partial_tp": true}
{"event": "open_orders_fetched", "symbol": "SOMIUSDT", "count": 3}
{"event": "market_data_fetched", "symbol": "SOMIUSDT", "duration_ms": 2742, "keys": ["funding_rate", "klines_15m", "klines_1h", "klines_1m", "oi_hist", "orderbook", "premium_index", "symbol"]}
{"event": "analysis_generated", "symbol": "SOMIUSDT", "duration_ms": 4, "score": 45, "direction_score": -1.5, "current_price": 0.2336}
{"event": "monitor_context", "symbol": "SOMIUSDT", "direction": "SHORT", "entry_price": 0.2429, "current_price": 0.2336, "qty": "123", "baseline_qty": "123", "core_qty": "61.5", "scalp_qty": "61.5", "profit_locked": false, "need_partial_tp": true}
{"event": "open_orders_fetched", "symbol": "SOMIUSDT", "count": 3}
{"event": "llm_monitor_raw", "symbol": "SOMIUSDT", "raw": {"action": "HOLD", "reasoning": "The current position is profitable with an unrealized PnL of 3.82%. The Stop Loss and Final Take Profit are correctly set according to the strategy. The Partial Take Profit is needed and set at 0.23, which aligns with the scalp size. The market analysis shows a trend score of 45, which is still favorable for holding the position. There are no immediate signals to adjust orders or close the position. The Profit Locked is False, so there's no need to tighten the Stop Loss. The strategy guidelines recommend holding unless there's a significant change in market structure or a need to lock profits, neither of which is currently present.", "new_stop_loss": null, "new_take_profit": null, "partial_tp_price": null, "partial_tp_percent": null, "reduce_percent": null, "add_usdt": null}}
{"event": "market_data_fetched", "symbol": "SOMIUSDT", "duration_ms": 2757, "keys": ["funding_rate", "klines_15m", "klines_1h", "klines_1m", "oi_hist", "orderbook", "premium_index", "symbol"]}
{"event": "analysis_generated", "symbol": "SOMIUSDT", "duration_ms": 2, "score": 45, "direction_score": -1.5, "current_price": 0.2324}
{"event": "monitor_context", "symbol": "SOMIUSDT", "direction": "SHORT", "entry_price": 0.2429, "current_price": 0.2324, "qty": "123", "baseline_qty": "123", "core_qty": "61.5", "scalp_qty": "61.5", "profit_locked": false, "need_partial_tp": true}
{"event": "open_orders_fetched", "symbol": "SOMIUSDT", "count": 3}
{"event": "llm_monitor_raw", "symbol": "SOMIUSDT", "raw": {"action": "HOLD", "reasoning": "Current market conditions and position status align with the strategy guidelines. The trend score is 45, indicating a neutral to slightly bearish trend, and the signals (1H均线空头排列, negative funding rate, good liquidity) support maintaining the short position. The Stop Loss at 0.2424 and Final Take Profit at 0.22 are correctly set according to the strategy. The Partial Take Profit at 0.23 is also in place for the scalp size. Since Profit Locked is False and there are no immediate signals to adjust or close the position, holding is the optimal action.", "new_stop_loss": null, "new_take_profit": null, "partial_tp_price": null, "partial_tp_percent": null, "reduce_percent": null, "add_usdt": null}}
{"event": "market_data_fetched", "symbol": "SOMIUSDT", "duration_ms": 3010, "keys": ["funding_rate", "klines_15m", "klines_1h", "klines_1m", "oi_hist", "orderbook", "premium_index", "symbol"]}
{"event": "analysis_generated", "symbol": "SOMIUSDT", "duration_ms": 2, "score": 45, "direction_score": -0.5, "current_price": 0.2304}
{"event": "monitor_context", "symbol": "SOMIUSDT", "direction": "SHORT", "entry_price": 0.2429, "current_price": 0.2304, "qty": "62", "baseline_qty": "123", "core_qty": "61.5", "scalp_qty": "61.5", "profit_locked": true, "need_partial_tp": false}
{"event": "open_orders_fetched", "symbol": "SOMIUSDT", "count": 2}
{"event": "llm_monitor_raw", "symbol": "SOMIUSDT", "raw": {"action": "HOLD", "reasoning": "The current position is profitable with a locked profit, and all necessary orders (Stop Loss and Final Take Profit) are active. The market analysis does not indicate a need to adjust orders or close the position. The trend score is still below 50, and the signals align with maintaining the short position. Since the Profit Locked is true, we should not loosen the stop loss, and there is no need to add to the position as the current size is already below the Baseline Size but adding is optional and not required. The strategy guidelines suggest holding unless there is a significant change in market structure or a need to lock in profits, neither of which is currently present.", "new_stop_loss": null, "new_take_profit": null, "partial_tp_price": null, "partial_tp_percent": null, "reduce_percent": null, "add_usdt": null}}
{"event": "market_data_fetched", "symbol": "SOMIUSDT", "duration_ms": 3227, "keys": ["funding_rate", "klines_15m", "klines_1h", "klines_1m", "oi_hist", "orderbook", "premium_index", "symbol"]}
{"event": "analysis_generated", "symbol": "SOMIUSDT", "duration_ms": 3, "score": 80, "direction_score": -3.5, "current_price": 0.2305}
{"event": "monitor_context", "symbol": "SOMIUSDT", "direction": "SHORT", "entry_price": 0.2429, "current_price": 0.2305, "qty": "62", "baseline_qty": "123", "core_qty": "61.5", "scalp_qty": "61.5", "profit_locked": true, "need_partial_tp": false}
{"event": "open_orders_fetched", "symbol": "SOMIUSDT", "count": 2}
{"event": "llm_monitor_raw", "symbol": "SOMIUSDT", "raw": {"action": "HOLD", "reasoning": "The current position is profitable with a locked profit, and all necessary orders (Stop Loss and Final Take Profit) are active. The market analysis supports the continuation of the downtrend with strong signals (1H均线空头排列, 放量下跌, 卖盘压制). The Profit Locked status prevents loosening the Stop Loss, and the current size is below the Baseline Size, but there is no immediate need to add to the position. The strategy guidelines recommend holding unless there is a structural invalidation or missing orders, neither of which is present here.", "new_stop_loss": null, "new_take_profit": null, "partial_tp_price": null, "partial_tp_percent": null, "reduce_percent": null, "add_usdt": null}}
{"event": "market_data_fetched", "symbol": "SOMIUSDT", "duration_ms": 3511, "keys": ["funding_rate", "klines_15m", "klines_1h", "klines_1m", "oi_hist", "orderbook", "premium_index", "symbol"]}
{"event": "analysis_generated", "symbol": "SOMIUSDT", "duration_ms": 4, "score": 60, "direction_score": -2.5, "current_price": 0.2316}
{"event": "monitor_context", "symbol": "SOMIUSDT", "direction": "SHORT", "entry_price": 0.2429, "current_price": 0.2316, "qty": "62", "baseline_qty": "123", "core_qty": "61.5", "scalp_qty": "61.5", "profit_locked": true, "need_partial_tp": false}
{"event": "open_orders_fetched", "symbol": "SOMIUSDT", "count": 2}
{"event": "llm_monitor_raw", "symbol": "SOMIUSDT", "raw": {"action": "HOLD", "reasoning": "The current position meets all strategy guidelines: Stop Loss is active and set above break-even (0.2424 vs. entry 0.2429), Final Take Profit is set at 0.22, and Profit Locked is true (preventing SL loosening). Market conditions remain favorable (Trend Score 60, bearish signals), and no structural invalidation is present. No adjustments are needed as the trade is progressing as planned.", "new_stop_loss": null, "new_take_profit": null, "partial_tp_price": null, "partial_tp_percent": null, "reduce_percent": null, "add_usdt": null}}
{"event": "market_data_fetched", "symbol": "SOMIUSDT", "duration_ms": 3251, "keys": ["funding_rate", "klines_15m", "klines_1h", "klines_1m", "oi_hist", "orderbook", "premium_index", "symbol"]}
{"event": "analysis_generated", "symbol": "SOMIUSDT", "duration_ms": 3, "score": 25, "direction_score": -1.5, "current_price": 0.2323}
{"event": "monitor_context", "symbol": "SOMIUSDT", "direction": "SHORT", "entry_price": 0.2429, "current_price": 0.2323, "qty": "62", "baseline_qty": "123", "core_qty": "61.5", "scalp_qty": "61.5", "profit_locked": true, "need_partial_tp": false}
{"event": "open_orders_fetched", "symbol": "SOMIUSDT", "count": 2}
{"event": "llm_monitor_raw", "symbol": "SOMIUSDT", "raw": {"action": "HOLD", "reasoning": "The current position is profitable with a locked profit, and the stop loss is active at a break-even level (0.2424, slightly above entry price + fees). The market analysis shows a bearish trend (1H均线空头排列) with negative funding rates and good liquidity, supporting the short position. No immediate adjustment is needed as the trade setup remains valid, and the profit lock prevents loosening the stop loss. The final take profit at 0.22 is still appropriate given the volatility (ATR=5.21%). No partial take profit is required (Need: False), and the position size is already below the baseline size, so adding is optional but not necessary at this time.", "new_stop_loss": null, "new_take_profit": null, "partial_tp_price": null, "partial_tp_percent": null, "reduce_percent": null, "add_usdt": null}}
{"event": "market_data_fetched", "symbol": "SOMIUSDT", "duration_ms": 2737, "keys": ["funding_rate", "klines_15m", "klines_1h", "klines_1m", "oi_hist", "orderbook", "premium_index", "symbol"]}
{"event": "analysis_generated", "symbol": "SOMIUSDT", "duration_ms": 1, "score": 45, "direction_score": -0.5, "current_price": 0.2322}
{"event": "monitor_context", "symbol": "SOMIUSDT", "direction": "SHORT", "entry_price": 0.2429, "current_price": 0.2322, "qty": "62", "baseline_qty": "123", "core_qty": "61.5", "scalp_qty": "61.5", "profit_locked": true, "need_partial_tp": false}
{"event": "open_orders_fetched", "symbol": "SOMIUSDT", "count": 2}
{"event": "llm_monitor_raw", "symbol": "SOMIUSDT", "raw": {"action": "HOLD", "reasoning": "The current position is profitable with a locked profit, and all necessary orders (Stop Loss and Final Take Profit) are active. The market analysis does not indicate a need to adjust orders or close the position. The trend score is still below 50, and the signals align with maintaining the short position. Since the Profit Locked is true, we should not loosen the stop loss, and there is no need to add to the position as the current size is already below the Baseline Size but no immediate opportunity is suggested by the Smart Suggestions.", "new_stop_loss": null, "new_take_profit": null, "partial_tp_price": null, "partial_tp_percent": null, "reduce_percent": null, "add_usdt": null}}
{"event": "market_data_fetched", "symbol": "SOMIUSDT", "duration_ms": 3010, "keys": ["funding_rate", "klines_15m", "klines_1h", "klines_1m", "oi_hist", "orderbook", "premium_index", "symbol"]}
{"event": "analysis_generated", "symbol": "SOMIUSDT", "duration_ms": 4, "score": 40, "direction_score": -1.5, "current_price": 0.2286}
{"event": "monitor_context", "symbol": "SOMIUSDT", "direction": "SHORT", "entry_price": 0.2429, "current_price": 0.2286, "qty": "62", "baseline_qty": "123", "core_qty": "61.5", "scalp_qty": "61.5", "profit_locked": true, "need_partial_tp": false}
{"event": "open_orders_fetched", "symbol": "SOMIUSDT", "count": 2}
{"event": "llm_monitor_raw", "symbol": "SOMIUSDT", "raw": {"action": "HOLD", "reasoning": "The current position meets all strategy guidelines: Stop Loss is active at break-even (+fees), Final Take Profit is set, and Profit Locked is true (preventing SL loosening). Market conditions (1H均线空头排列, negative funding, volatility) still support the short. No immediate adjustment is needed as per Stability rules.", "new_stop_loss": null, "new_take_profit": null, "partial_tp_price": null, "partial_tp_percent": null, "reduce_percent": null, "add_usdt": null}}
{"event": "market_data_fetched", "symbol": "SOMIUSDT", "duration_ms": 3013, "keys": ["funding_rate", "klines_15m", "klines_1h", "klines_1m", "oi_hist", "orderbook", "premium_index", "symbol"]}
{"event": "analysis_generated", "symbol": "SOMIUSDT", "duration_ms": 2, "score": 65, "direction_score": -0.5, "current_price": 0.2295}
{"event": "monitor_context", "symbol": "SOMIUSDT", "direction": "SHORT", "entry_price": 0.2429, "current_price": 0.2295, "qty": "62", "baseline_qty": "123", "core_qty": "61.5", "scalp_qty": "61.5", "profit_locked": true, "need_partial_tp": false}
{"event": "open_orders_fetched", "symbol": "SOMIUSDT", "count": 2}
{"event": "llm_monitor_raw", "symbol": "SOMIUSDT", "raw": {"action": "HOLD", "reasoning": "The current position meets all strategy guidelines: Stop Loss is active and set above break-even (0.2424 vs. entry 0.2429), Final Take Profit is set at 0.22, and Profit Locked is true (preventing SL loosening). Market analysis shows continued bearish signals (1H均线空头排列, negative funding) with no structural invalidation. No partial TP is needed as 'Need: False'. Stability rules prohibit unnecessary adjustments since: a) No profit-lock suggestion exists, b) Trade isn't invalidated, c) SL is properly configured. Scalping 'ADD' is optional but not required given strong existing profit buffer (5.54%) and buy-side imbalance (+16%).", "new_stop_loss": null, "new_take_profit": null, "partial_tp_price": null, "partial_tp_percent": null, "reduce_percent": null, "add_usdt": null}}
{"event": "market_data_fetched", "symbol": "SOMIUSDT", "duration_ms": 3052, "keys": ["funding_rate", "klines_15m", "klines_1h", "klines_1m", "oi_hist", "orderbook", "premium_index", "symbol"]}
{"event": "analysis_generated", "symbol": "SOMIUSDT", "duration_ms": 4, "score": 65, "direction_score": -1.5, "current_price": 0.2282}
{"event": "monitor_context", "symbol": "SOMIUSDT", "direction": "SHORT", "entry_price": 0.2429, "current_price": 0.2282, "qty": "62", "baseline_qty": "123", "core_qty": "61.5", "scalp_qty": "61.5", "profit_locked": true, "need_partial_tp": false}
{"event": "open_orders_fetched", "symbol": "SOMIUSDT", "count": 2}
{"event": "llm_monitor_raw", "symbol": "SOMIUSDT", "raw": {"action": "HOLD", "reasoning": "The current position meets all strategy guidelines: Stop Loss is active at break-even (+fees), Final Take Profit is set, and Profit Locked is true (preventing SL loosening). Market analysis shows continued bearish signals (1H均线空头排列, 卖盘压制) with no structural invalidation. No adjustments are needed as volatility and liquidity remain favorable for the short position. The absence of Partial Take Profit requirement ('Need: False') and the locked profit state suggest maintaining the status quo.", "new_stop_loss": null, "new_take_profit": null, "partial_tp_price": null, "partial_tp_percent": null, "reduce_percent": null, "add_usdt": null}}
{"event": "market_data_fetched", "symbol": "SOMIUSDT", "duration_ms": 3089, "keys": ["funding_rate", "klines_15m", "klines_1h", "klines_1m", "oi_hist", "orderbook", "premium_index", "symbol"]}
{"event": "analysis_generated", "symbol": "SOMIUSDT", "duration_ms": 4, "score": 45, "direction_score": -0.5, "current_price": 0.2293}
{"event": "monitor_context", "symbol": "SOMIUSDT", "direction": "SHORT", "entry_price": 0.2429, "current_price": 0.2293, "qty": "62", "baseline_qty": "123", "core_qty": "61.5", "scalp_qty": "61.5", "profit_locked": true, "need_partial_tp": false}
{"event": "open_orders_fetched", "symbol": "SOMIUSDT", "count": 2}
{"event": "llm_monitor_raw", "symbol": "SOMIUSDT", "raw": {"action": "HOLD", "reasoning": "The current position meets all strategy guidelines: Stop Loss is active and set above break-even (0.2424 vs. entry 0.2429), Final Take Profit is set at 0.22, and Profit Locked is true (preventing SL loosening). Market analysis shows mixed signals (45 Trend Score, bearish MA but volume spike), but no structural invalidation. No partial TP is needed (scalp size already reduced). Stability rules prohibit unnecessary adjustments.", "new_stop_loss": null, "new_take_profit": null, "partial_tp_price": null, "partial_tp_percent": null, "reduce_percent": null, "add_usdt": null}}
{"event": "market_data_fetched", "symbol": "SOMIUSDT", "duration_ms": 2980, "keys": ["funding_rate", "klines_15m", "klines_1h", "klines_1m", "oi_hist", "orderbook", "premium_index", "symbol"]}
{"event": "analysis_generated", "symbol": "SOMIUSDT", "duration_ms": 3, "score": 25, "direction_score": -1.5, "current_price": 0.2292}
{"event": "monitor_context", "symbol": "SOMIUSDT", "direction": "SHORT", "entry_price": 0.2429, "current_price": 0.2292, "qty": "62", "baseline_qty": "123", "core_qty": "61.5", "scalp_qty": "61.5", "profit_locked": true, "need_partial_tp": false}
{"event": "open_orders_fetched", "symbol": "SOMIUSDT", "count": 2}
{"event": "llm_monitor_raw", "symbol": "SOMIUSDT", "raw": {"action": "HOLD", "reasoning": "The current position meets all strategy guidelines: Stop Loss is active and set above break-even (0.2424 vs. entry 0.2429), Final Take Profit is set at 0.22, and Profit Locked is true (preventing SL loosening). Market analysis shows bearish signals (1H MA alignment, negative funding, volatility合格), and the imbalance favors continuation. No structural invalidation or immediate risk is present. Since Smart Suggestions recommend 'None' and all orders are properly configured, maintaining the position is optimal.", "new_stop_loss": null, "new_take_profit": null, "partial_tp_price": null, "partial_tp_percent": null, "reduce_percent": null, "add_usdt": null}}
{"event": "market_data_fetched", "symbol": "SOMIUSDT", "duration_ms": 3471, "keys": ["funding_rate", "klines_15m", "klines_1h", "klines_1m", "oi_hist", "orderbook", "premium_index", "symbol"]}
{"event": "analysis_generated", "symbol": "SOMIUSDT", "duration_ms": 5, "score": 40, "direction_score": -1.5, "current_price": 0.2293}
{"event": "monitor_context", "symbol": "SOMIUSDT", "direction": "SHORT", "entry_price": 0.2429, "current_price": 0.2293, "qty": "62", "baseline_qty": "123", "core_qty": "61.5", "scalp_qty": "61.5", "profit_locked": true, "need_partial_tp": false}
{"event": "open_orders_fetched", "symbol": "SOMIUSDT", "count": 2}
{"event": "llm_monitor_raw", "symbol": "SOMIUSDT", "raw": {"action": "HOLD", "reasoning": "The current position is profitable with a locked profit, and all necessary orders (Stop Loss and Final Take Profit) are active. The market analysis does not indicate any invalidation of the trade setup, and the trend score remains acceptable. The strategy guidelines suggest maintaining the current orders without adjustment unless there is a significant change in market structure or a need to lock in profits, neither of which is currently present. The Profit Locked status is true, so the stop loss should not be loosened, and it is already set at a break-even level considering fees. There is no need for a Partial Take Profit as indicated by 'Need: False'. Therefore, the best action is to hold the position with the existing orders.", "new_stop_loss": null, "new_take_profit": null, "partial_tp_price": null, "partial_tp_percent": null, "reduce_percent": null, "add_usdt": null}}
{"event": "market_data_fetched", "symbol": "SOMIUSDT", "duration_ms": 3235, "keys": ["funding_rate", "klines_15m", "klines_1h", "klines_1m", "oi_hist", "orderbook", "premium_index", "symbol"]}
{"event": "analysis_generated", "symbol": "SOMIUSDT", "duration_ms": 5, "score": 40, "direction_score": -1.5, "current_price": 0.2297}
{"event": "monitor_context", "symbol": "SOMIUSDT", "direction": "SHORT", "entry_price": 0.2429, "current_price": 0.2297, "qty": "62", "baseline_qty": "123", "core_qty": "61.5", "scalp_qty": "61.5", "profit_locked": true, "need_partial_tp": false}
{"event": "open_orders_fetched", "symbol": "SOMIUSDT", "count": 2}
{"event": "llm_monitor_raw", "symbol": "SOMIUSDT", "raw": {"action": "HOLD", "reasoning": "The current position meets all strategy guidelines: Stop Loss is active and set above break-even (Profit Locked=True), Final Take Profit is set, and no Partial Take Profit is needed (Need=False). Market analysis shows the trend score is still acceptable (40), and signals support maintaining the short position. No adjustments are required unless market conditions change significantly.", "new_stop_loss": null, "new_take_profit": null, "partial_tp_price": null, "partial_tp_percent": null, "reduce_percent": null, "add_usdt": null}}
{"event": "market_data_fetched", "symbol": "SOMIUSDT", "duration_ms": 2753, "keys": ["funding_rate", "klines_15m", "klines_1h", "klines_1m", "oi_hist", "orderbook", "premium_index", "symbol"]}
{"event": "analysis_generated", "symbol": "SOMIUSDT", "duration_ms": 1, "score": 30, "direction_score": -1.5, "current_price": 0.232}
{"event": "monitor_context", "symbol": "SOMIUSDT", "direction": "SHORT", "entry_price": 0.2429, "current_price": 0.232, "qty": "62", "baseline_qty": "123", "core_qty": "61.5", "scalp_qty": "61.5", "profit_locked": true, "need_partial_tp": false}
{"event": "open_orders_fetched", "symbol": "SOMIUSDT", "count": 2}
{"event": "llm_monitor_raw", "symbol": "SOMIUSDT", "raw": {"action": "HOLD", "reasoning": "The current position meets all strategy guidelines: Stop Loss is active at break-even (+fees), Final Take Profit is set, and Profit Locked is true preventing any loosening of SL. Market analysis shows bearish signals (1H均线空头排列, negative funding, volatility合格), and the Smart Suggestions recommend no action. No structural invalidation or immediate risk is present.", "new_stop_loss": null, "new_take_profit": null, "partial_tp_price": null, "partial_tp_percent": null, "reduce_percent": null, "add_usdt": null}}
{"event": "market_data_fetched", "symbol": "SOMIUSDT", "duration_ms": 3852, "keys": ["funding_rate", "klines_15m", "klines_1h", "klines_1m", "oi_hist", "orderbook", "premium_index", "symbol"]}
{"event": "analysis_generated", "symbol": "SOMIUSDT", "duration_ms": 4, "score": 45, "direction_score": -1.5, "current_price": 0.2312}
{"event": "monitor_context", "symbol": "SOMIUSDT", "direction": "SHORT", "entry_price": 0.2429, "current_price": 0.2312, "qty": "62", "baseline_qty": "123", "core_qty": "61.5", "scalp_qty": "61.5", "profit_locked": true, "need_partial_tp": false}
{"event": "open_orders_fetched", "symbol": "SOMIUSDT", "count": 2}
{"event": "llm_monitor_raw", "symbol": "SOMIUSDT", "raw": {"action": "HOLD", "reasoning": "The current position is profitable with a locked profit, and all necessary orders (Stop Loss and Final Take Profit) are active. The market analysis does not indicate a need to adjust orders or close the position. The trend score is still below 50, and the signals support maintaining the short position. The Profit Locked status prevents loosening the Stop Loss, and the current size is below the Baseline Size, but there is no immediate need to add to the position. Therefore, the best action is to hold and monitor the market for further developments.", "new_stop_loss": null, "new_take_profit": null, "partial_tp_price": null, "partial_tp_percent": null, "reduce_percent": null, "add_usdt": null}}
{"event": "market_data_fetched", "symbol": "SOMIUSDT", "duration_ms": 3467, "keys": ["funding_rate", "klines_15m", "klines_1h", "klines_1m", "oi_hist", "orderbook", "premium_index", "symbol"]}
{"event": "analysis_generated", "symbol": "SOMIUSDT", "duration_ms": 4, "score": 25, "direction_score": -1.5, "current_price": 0.2323}
{"event": "monitor_context", "symbol": "SOMIUSDT", "direction": "SHORT", "entry_price": 0.2429, "current_price": 0.2323, "qty": "62", "baseline_qty": "123", "core_qty": "61.5", "scalp_qty": "61.5", "profit_locked": true, "need_partial_tp": false}
{"event": "open_orders_fetched", "symbol": "SOMIUSDT", "count": 2}
{"event": "llm_monitor_raw", "symbol": "SOMIUSDT", "raw": {"action": "HOLD", "reasoning": "The current position is profitable (4.36% unrealized PnL) and Profit Locked is true, so the stop loss at 0.2424 (just above break-even) is appropriate. The market signals (1H均线空头排列, negative funding rate, good liquidity) still support the short bias, and the trend score, while lower than entry, hasn't invalidated the trade. No adjustments are needed as the existing SL/TP structure aligns with the strategy, and no partial TP is required (Need: False). Stability guidelines suggest holding unless market structure breaks.", "new_stop_loss": null, "new_take_profit": null, "partial_tp_price": null, "partial_tp_percent": null, "reduce_percent": null, "add_usdt": null}}
{"event": "market_data_fetched", "symbol": "SOMIUSDT", "duration_ms": 3049, "keys": ["funding_rate", "klines_15m", "klines_1h", "klines_1m", "oi_hist", "orderbook", "premium_index", "symbol"]}
{"event": "analysis_generated", "symbol": "SOMIUSDT", "duration_ms": 4, "score": 45, "direction_score": -1.5, "current_price": 0.2322}
{"event": "monitor_context", "symbol": "SOMIUSDT", "direction": "SHORT", "entry_price": 0.2429, "current_price": 0.2322, "qty": "62", "baseline_qty": "123", "core_qty": "61.5", "scalp_qty": "61.5", "profit_locked": true, "need_partial_tp": false}
{"event": "open_orders_fetched", "symbol": "SOMIUSDT", "count": 2}
{"event": "llm_monitor_raw", "symbol": "SOMIUSDT", "raw": {"action": "HOLD", "reasoning": "The current position is profitable (4.32% unrealized PnL) and Profit Locked is true, so the stop loss should not be loosened. The existing stop loss at 0.2424 (just above break-even) and final take profit at 0.22 are correctly placed according to the strategy. No partial take profit is needed as 'Need: False'. Market analysis shows the trend score is still acceptable (45) and signals support maintaining the short position. No adjustments are required unless market conditions change significantly.", "new_stop_loss": null, "new_take_profit": null, "partial_tp_price": null, "partial_tp_percent": null, "reduce_percent": null, "add_usdt": null}}
{"event": "market_data_fetched", "symbol": "SOMIUSDT", "duration_ms": 2766, "keys": ["funding_rate", "klines_15m", "klines_1h", "klines_1m", "oi_hist", "orderbook", "premium_index", "symbol"]}
{"event": "analysis_generated", "symbol": "SOMIUSDT", "duration_ms": 4, "score": 40, "direction_score": -1.5, "current_price": 0.2324}
{"event": "monitor_context", "symbol": "SOMIUSDT", "direction": "SHORT", "entry_price": 0.2429, "current_price": 0.2324, "qty": "62", "baseline_qty": "123", "core_qty": "61.5", "scalp_qty": "61.5", "profit_locked": true, "need_partial_tp": false}
{"event": "open_orders_fetched", "symbol": "SOMIUSDT", "count": 2}
{"event": "llm_monitor_raw", "symbol": "SOMIUSDT", "raw": {"action": "HOLD", "reasoning": "The current position meets all strategy guidelines: Stop Loss is active and set at break-even (+fees), Final Take Profit is set, and Profit Locked is true preventing any loosening of SL. Market analysis shows no invalidation signals (trend score remains acceptable, bearish alignment on 1H MA, negative funding, and good liquidity). No immediate adjustment is needed per stability rules.", "new_stop_loss": null, "new_take_profit": null, "partial_tp_price": null, "partial_tp_percent": null, "reduce_percent": null, "add_usdt": null}}
{"event": "market_data_fetched", "symbol": "SOMIUSDT", "duration_ms": 3679, "keys": ["funding_rate", "klines_15m", "klines_1h", "klines_1m", "oi_hist", "orderbook", "premium_index", "symbol"]}
{"event": "analysis_generated", "symbol": "SOMIUSDT", "duration_ms": 3, "score": 80, "direction_score": -3.5, "current_price": 0.2311}
{"event": "monitor_context", "symbol": "SOMIUSDT", "direction": "SHORT", "entry_price": 0.2429, "current_price": 0.2311, "qty": "62", "baseline_qty": "123", "core_qty": "61.5", "scalp_qty": "61.5", "profit_locked": true, "need_partial_tp": false}
{"event": "open_orders_fetched", "symbol": "SOMIUSDT", "count": 2}
{"event": "llm_monitor_raw", "symbol": "SOMIUSDT", "raw": {"action": "HOLD", "reasoning": "The current position meets all strategy guidelines: Stop Loss is active and set above break-even (0.2424 vs. entry 0.2429), Final Take Profit is set at 0.22, and Profit Locked is true preventing SL loosening. Market conditions remain favorable (Trend Score 80, bearish signals), and no structural invalidation exists. No adjustments are needed as orders are correctly placed and market stability doesn’t warrant changes.", "new_stop_loss": null, "new_take_profit": null, "partial_tp_price": null, "partial_tp_percent": null, "reduce_percent": null, "add_usdt": null}}
{"event": "market_data_fetched", "symbol": "SOMIUSDT", "duration_ms": 3003, "keys": ["funding_rate", "klines_15m", "klines_1h", "klines_1m", "oi_hist", "orderbook", "premium_index", "symbol"]}
{"event": "analysis_generated", "symbol": "SOMIUSDT", "duration_ms": 3, "score": 25, "direction_score": -1.5, "current_price": 0.231}
{"event": "monitor_context", "symbol": "SOMIUSDT", "direction": "SHORT", "entry_price": 0.2429, "current_price": 0.231, "qty": "62", "baseline_qty": "123", "core_qty": "61.5", "scalp_qty": "61.5", "profit_locked": true, "need_partial_tp": false}
{"event": "open_orders_fetched", "symbol": "SOMIUSDT", "count": 2}
{"event": "llm_monitor_raw", "symbol": "SOMIUSDT", "raw": {"action": "HOLD", "reasoning": "The current position meets all strategy guidelines: Stop Loss is active at break-even (+fees), Final Take Profit is set, and Profit Locked is true preventing any loosening of SL. Market analysis shows bearish signals (1H均线空头排列, negative funding) supporting the short, and no structural invalidation is present. No adjustments are needed as volatility (ATR=5.32%) and liquidity conditions remain favorable.", "new_stop_loss": null, "new_take_profit": null, "partial_tp_price": null, "partial_tp_percent": null, "reduce_percent": null, "add_usdt": null}}
{"event": "market_data_fetched", "symbol": "SOMIUSDT", "duration_ms": 3422, "keys": ["funding_rate", "klines_15m", "klines_1h", "klines_1m", "oi_hist", "orderbook", "premium_index", "symbol"]}
{"event": "analysis_generated", "symbol": "SOMIUSDT", "duration_ms": 2, "score": 45, "direction_score": -1.5, "current_price": 0.2297}
{"event": "monitor_context", "symbol": "SOMIUSDT", "direction": "SHORT", "entry_price": 0.2429, "current_price": 0.2297, "qty": "62", "baseline_qty": "123", "core_qty": "61.5", "scalp_qty": "61.5", "profit_locked": true, "need_partial_tp": false}
{"event": "open_orders_fetched", "symbol": "SOMIUSDT", "count": 2}
{"event": "llm_monitor_raw", "symbol": "SOMIUSDT", "raw": {"action": "HOLD", "reasoning": "Current position meets all strategy guidelines: Stop Loss is active at break-even (0.2424, slightly above entry price + fees), Final Take Profit is set at 0.22, and Profit Locked is true (preventing SL loosening). No Partial Take Profit is needed as 'Need: False'. Market conditions remain valid (1H均线空头排列, negative funding, good liquidity) with no structural invalidation. No adjustments are required for minor fluctuations.", "new_stop_loss": null, "new_take_profit": null, "partial_tp_price": null, "partial_tp_percent": null, "reduce_percent": null, "add_usdt": null}}
{"event": "market_data_fetched", "symbol": "SOMIUSDT", "duration_ms": 3047, "keys": ["funding_rate", "klines_15m", "klines_1h", "klines_1m", "oi_hist", "orderbook", "premium_index", "symbol"]}
{"event": "analysis_generated", "symbol": "SOMIUSDT", "duration_ms": 4, "score": 30, "direction_score": -1.5, "current_price": 0.2309}
{"event": "monitor_context", "symbol": "SOMIUSDT", "direction": "SHORT", "entry_price": 0.2429, "current_price": 0.2309, "qty": "62", "baseline_qty": "123", "core_qty": "61.5", "scalp_qty": "61.5", "profit_locked": true, "need_partial_tp": false}
{"event": "open_orders_fetched", "symbol": "SOMIUSDT", "count": 2}
{"event": "llm_monitor_raw", "symbol": "SOMIUSDT", "raw": {"action": "HOLD", "reasoning": "The current position meets all strategy guidelines: Stop Loss is active and set above break-even (Profit Locked is true), Final Take Profit is set, and no Partial Take Profit is needed (Need: False). Market analysis shows the trend is still favorable (1H均线空头排列, negative funding rate, good liquidity), and there's no structural invalidation or immediate risk requiring adjustment. Stability rules advise against unnecessary order changes.", "new_stop_loss": null, "new_take_profit": null, "partial_tp_price": null, "partial_tp_percent": null, "reduce_percent": null, "add_usdt": null}}
{"event": "market_data_fetched", "symbol": "SOMIUSDT", "duration_ms": 2844, "keys": ["funding_rate", "klines_15m", "klines_1h", "klines_1m", "oi_hist", "orderbook", "premium_index", "symbol"]}
{"event": "analysis_generated", "symbol": "SOMIUSDT", "duration_ms": 4, "score": 45, "direction_score": -2.5, "current_price": 0.2315}
{"event": "monitor_context", "symbol": "SOMIUSDT", "direction": "SHORT", "entry_price": 0.2429, "current_price": 0.2315, "qty": "62", "baseline_qty": "123", "core_qty": "61.5", "scalp_qty": "61.5", "profit_locked": true, "need_partial_tp": false}
{"event": "open_orders_fetched", "symbol": "SOMIUSDT", "count": 2}
{"event": "llm_monitor_raw", "symbol": "SOMIUSDT", "raw": {"action": "HOLD", "reasoning": "The current position is profitable (4.69% unrealized PnL) with Profit Locked set to true, meaning the stop loss at 0.2424 (break-even + fees) should not be loosened. The market analysis shows favorable conditions for maintaining the short position (1H均线空头排列, negative funding rate, sell-side imbalance). No adjustments are needed as the existing stop loss and final take profit orders comply with the strategy guidelines. The scalp size has already been partially taken profit (Profit Locked=True), and no further action is required unless market conditions change significantly.", "new_stop_loss": null, "new_take_profit": null, "partial_tp_price": null, "partial_tp_percent": null, "reduce_percent": null, "add_usdt": null}}
{"event": "market_data_fetched", "symbol": "SOMIUSDT", "duration_ms": 2759, "keys": ["funding_rate", "klines_15m", "klines_1h", "klines_1m", "oi_hist", "orderbook", "premium_index", "symbol"]}
{"event": "analysis_generated", "symbol": "SOMIUSDT", "duration_ms": 4, "score": 40, "direction_score": -1.5, "current_price": 0.2305}
{"event": "monitor_context", "symbol": "SOMIUSDT", "direction": "SHORT", "entry_price": 0.2429, "current_price": 0.2305, "qty": "62", "baseline_qty": "123", "core_qty": "61.5", "scalp_qty": "61.5", "profit_locked": true, "need_partial_tp": false}
{"event": "open_orders_fetched", "symbol": "SOMIUSDT", "count": 2}
{"event": "llm_monitor_raw", "symbol": "SOMIUSDT", "raw": {"action": "HOLD", "reasoning": "The current position is profitable with a locked profit, and all necessary orders (Stop Loss and Final Take Profit) are active. The market analysis does not indicate any immediate need to adjust the position or orders. The trend score is neutral (40), and the signals support maintaining the current strategy. Since the Profit Locked is true, we should not loosen the stop loss, and there is no need to add to the position as the current size is already below the Baseline Size but within acceptable limits. The strategy guidelines suggest holding unless there is a significant change in market structure or a need to lock in profits, neither of which is currently present.", "new_stop_loss": null, "new_take_profit": null, "partial_tp_price": null, "partial_tp_percent": null, "reduce_percent": null, "add_usdt": null}}
{"event": "market_data_fetched", "symbol": "SOMIUSDT", "duration_ms": 2761, "keys": ["funding_rate", "klines_15m", "klines_1h", "klines_1m", "oi_hist", "orderbook", "premium_index", "symbol"]}
{"event": "analysis_generated", "symbol": "SOMIUSDT", "duration_ms": 4, "score": 40, "direction_score": -1.5, "current_price": 0.2305}
{"event": "monitor_context", "symbol": "SOMIUSDT", "direction": "SHORT", "entry_price": 0.2429, "current_price": 0.2305, "qty": "62", "baseline_qty": "123", "core_qty": "61.5", "scalp_qty": "61.5", "profit_locked": true, "need_partial_tp": false}
{"event": "open_orders_fetched", "symbol": "SOMIUSDT", "count": 2}
{"event": "llm_monitor_raw", "symbol": "SOMIUSDT", "raw": {"action": "HOLD", "reasoning": "The current position meets all strategy guidelines: Stop Loss is active and set above break-even (0.2424 vs entry 0.2429), Final Take Profit is set at 0.22, and Profit Locked is true preventing SL loosening. Market conditions (trend score 40, bearish signals) still support the short. No immediate adjustments are needed per stability rules.", "new_stop_loss": null, "new_take_profit": null, "partial_tp_price": null, "partial_tp_percent": null, "reduce_percent": null, "add_usdt": null}}
{"event": "market_data_fetched", "symbol": "SOMIUSDT", "duration_ms": 2993, "keys": ["funding_rate", "klines_15m", "klines_1h", "klines_1m", "oi_hist", "orderbook", "premium_index", "symbol"]}
{"event": "analysis_generated", "symbol": "SOMIUSDT", "duration_ms": 3, "score": 40, "direction_score": -1.5, "current_price": 0.2301}
{"event": "monitor_context", "symbol": "SOMIUSDT", "direction": "SHORT", "entry_price": 0.2429, "current_price": 0.2301, "qty": "62", "baseline_qty": "123", "core_qty": "61.5", "scalp_qty": "61.5", "profit_locked": true, "need_partial_tp": false}
{"event": "open_orders_fetched", "symbol": "SOMIUSDT", "count": 2}
{"event": "llm_monitor_raw", "symbol": "SOMIUSDT", "raw": {"action": "HOLD", "reasoning": "The current position is profitable with Profit Locked set to true, and all necessary orders (Stop Loss and Final Take Profit) are active. The market analysis does not indicate any immediate need to adjust orders or close the position. The trend score remains acceptable, and the signals support maintaining the short position. Since Profit Locked is true and the current size is below the Baseline Size, adding to the position is an option, but there is no strong signal suggesting an immediate need to do so. Therefore, holding the current position with existing orders is the most prudent action.", "new_stop_loss": null, "new_take_profit": null, "partial_tp_price": null, "partial_tp_percent": null, "reduce_percent": null, "add_usdt": null}}
{"event": "market_data_fetched", "symbol": "SOMIUSDT", "duration_ms": 3720, "keys": ["funding_rate", "klines_15m", "klines_1h", "klines_1m", "oi_hist", "orderbook", "premium_index", "symbol"]}
{"event": "analysis_generated", "symbol": "SOMIUSDT", "duration_ms": 4, "score": 45, "direction_score": -1.5, "current_price": 0.2307}
{"event": "monitor_context", "symbol": "SOMIUSDT", "direction": "SHORT", "entry_price": 0.2429, "current_price": 0.2307, "qty": "62", "baseline_qty": "123", "core_qty": "61.5", "scalp_qty": "61.5", "profit_locked": true, "need_partial_tp": false}
{"event": "open_orders_fetched", "symbol": "SOMIUSDT", "count": 2}
{"event": "llm_monitor_raw", "symbol": "SOMIUSDT", "raw": {"action": "HOLD", "reasoning": "The current position meets all strategy guidelines: Stop Loss is active and set above break-even (0.2424 vs entry 0.2429), Final Take Profit is set at 0.22, and Profit Locked is true (preventing SL loosening). Market conditions remain favorable (1H均线空头排列, negative funding, volatility合格) with no structural invalidation. No partial TP is needed as 'Need: False', and size adjustments are unnecessary since current size (62) is below Baseline Size (123) but Profit Locked restricts adding unless explicitly suggested.", "new_stop_loss": null, "new_take_profit": null, "partial_tp_price": null, "partial_tp_percent": null, "reduce_percent": null, "add_usdt": null}}
{"event": "market_data_fetched", "symbol": "SOMIUSDT", "duration_ms": 3285, "keys": ["funding_rate", "klines_15m", "klines_1h", "klines_1m", "oi_hist", "orderbook", "premium_index", "symbol"]}
{"event": "analysis_generated", "symbol": "SOMIUSDT", "duration_ms": 4, "score": 60, "direction_score": -2.5, "current_price": 0.2313}
{"event": "monitor_context", "symbol": "SOMIUSDT", "direction": "SHORT", "entry_price": 0.2429, "current_price": 0.2313, "qty": "62", "baseline_qty": "123", "core_qty": "61.5", "scalp_qty": "61.5", "profit_locked": true, "need_partial_tp": false}
{"event": "open_orders_fetched", "symbol": "SOMIUSDT", "count": 2}
{"event": "llm_monitor_raw", "symbol": "SOMIUSDT", "raw": {"action": "HOLD", "reasoning": "The current position is profitable with Profit Locked set to true, and all necessary orders (Stop Loss and Final Take Profit) are active and appropriately set. The market analysis supports maintaining the position with no immediate need for adjustment. The strategy guidelines do not indicate any required changes at this time.", "new_stop_loss": null, "new_take_profit": null, "partial_tp_price": null, "partial_tp_percent": null, "reduce_percent": null, "add_usdt": null}}
{"event": "market_data_fetched", "symbol": "SOMIUSDT", "duration_ms": 2771, "keys": ["funding_rate", "klines_15m", "klines_1h", "klines_1m", "oi_hist", "orderbook", "premium_index", "symbol"]}
{"event": "analysis_generated", "symbol": "SOMIUSDT", "duration_ms": 1, "score": 45, "direction_score": -1.5, "current_price": 0.2314}
{"event": "monitor_context", "symbol": "SOMIUSDT", "direction": "SHORT", "entry_price": 0.2429, "current_price": 0.2314, "qty": "62", "baseline_qty": "123", "core_qty": "61.5", "scalp_qty": "61.5", "profit_locked": true, "need_partial_tp": false}
{"event": "open_orders_fetched", "symbol": "SOMIUSDT", "count": 2}
{"event": "llm_monitor_raw", "symbol": "SOMIUSDT", "raw": {"action": "HOLD", "reasoning": "The current position meets all strategy guidelines: Stop Loss is active and set above break-even (0.2424 vs. entry 0.2429), Final Take Profit is set at 0.22, and Profit Locked is true (preventing SL loosening). Market conditions remain favorable (1H均线空头排列, negative funding, volatility合格) with no structural invalidation. No partial TP is needed as scalp size was already reduced (Profit Locked=True). Stability rules prohibit unnecessary adjustments.", "new_stop_loss": null, "new_take_profit": null, "partial_tp_price": null, "partial_tp_percent": null, "reduce_percent": null, "add_usdt": null}}
{"event": "market_data_fetched", "symbol": "SOMIUSDT", "duration_ms": 3080, "keys": ["funding_rate", "klines_15m", "klines_1h", "klines_1m", "oi_hist", "orderbook", "premium_index", "symbol"]}
{"event": "analysis_generated", "symbol": "SOMIUSDT", "duration_ms": 4, "score": 45, "direction_score": -0.5, "current_price": 0.2308}
{"event": "monitor_context", "symbol": "SOMIUSDT", "direction": "SHORT", "entry_price": 0.2429, "current_price": 0.2308, "qty": "62", "baseline_qty": "123", "core_qty": "61.5", "scalp_qty": "61.5", "profit_locked": true, "need_partial_tp": false}
{"event": "open_orders_fetched", "symbol": "SOMIUSDT", "count": 2}
{"event": "llm_monitor_raw", "symbol": "SOMIUSDT", "raw": {"action": "HOLD", "reasoning": "The current position meets all strategy guidelines: Stop Loss is active and set at break-even (+fees), Final Take Profit is set, and Profit Locked is true. The market analysis does not indicate a need to adjust orders or close the position. The trend score is still below 50, and signals remain favorable for maintaining the short position. No immediate action is required.", "new_stop_loss": null, "new_take_profit": null, "partial_tp_price": null, "partial_tp_percent": null, "reduce_percent": null, "add_usdt": null}}
{"event": "market_data_fetched", "symbol": "SOMIUSDT", "duration_ms": 2995, "keys": ["funding_rate", "klines_15m", "klines_1h", "klines_1m", "oi_hist", "orderbook", "premium_index", "symbol"]}
{"event": "analysis_generated", "symbol": "SOMIUSDT", "duration_ms": 3, "score": 30, "direction_score": -1.5, "current_price": 0.233}
{"event": "monitor_context", "symbol": "SOMIUSDT", "direction": "SHORT", "entry_price": 0.2429, "current_price": 0.233, "qty": "62", "baseline_qty": "123", "core_qty": "61.5", "scalp_qty": "61.5", "profit_locked": true, "need_partial_tp": false}
{"event": "open_orders_fetched", "symbol": "SOMIUSDT", "count": 2}
{"event": "llm_monitor_raw", "symbol": "SOMIUSDT", "raw": {"action": "HOLD", "reasoning": "The current position meets all strategy guidelines: a full Stop Loss is active at 0.2424 (above break-even), a Final Take Profit is set at 0.22, and no Partial Take Profit is needed (Profit Locked is true). The market analysis shows a bearish trend (1H均线空头排列) with acceptable volatility and negative funding rates, supporting the short. No structural invalidation or profit-locking adjustment is required. Stability rules dictate holding unless conditions change materially.", "new_stop_loss": null, "new_take_profit": null, "partial_tp_price": null, "partial_tp_percent": null, "reduce_percent": null, "add_usdt": null}}
{"event": "market_data_fetched", "symbol": "SOMIUSDT", "duration_ms": 2993, "keys": ["funding_rate", "klines_15m", "klines_1h", "klines_1m", "oi_hist", "orderbook", "premium_index", "symbol"]}
{"event": "analysis_generated", "symbol": "SOMIUSDT", "duration_ms": 3, "score": 45, "direction_score": -0.5, "current_price": 0.2313}
{"event": "monitor_context", "symbol": "SOMIUSDT", "direction": "SHORT", "entry_price": 0.2429, "current_price": 0.2313, "qty": "62", "baseline_qty": "123", "core_qty": "61.5", "scalp_qty": "61.5", "profit_locked": true, "need_partial_tp": false}
{"event": "open_orders_fetched", "symbol": "SOMIUSDT", "count": 2}
{"event": "llm_monitor_raw", "symbol": "SOMIUSDT", "raw": {"action": "HOLD", "reasoning": "The current position meets all strategy guidelines: Stop Loss is active and set above break-even (0.2424 vs. entry 0.2429), Final Take Profit is set at 0.22, and Profit Locked is true (preventing SL loosening). Market analysis shows no invalidation signals (Trend Score 45 still aligns with entry logic), and no Smart Suggestions require action. Partial TP is not needed (Need: False). Stability rules prohibit unnecessary order adjustments.", "new_stop_loss": null, "new_take_profit": null, "partial_tp_price": null, "partial_tp_percent": null, "reduce_percent": null, "add_usdt": null}}
{"event": "market_data_fetched", "symbol": "SOMIUSDT", "duration_ms": 3294, "keys": ["funding_rate", "klines_15m", "klines_1h", "klines_1m", "oi_hist", "orderbook", "premium_index", "symbol"]}
{"event": "analysis_generated", "symbol": "SOMIUSDT", "duration_ms": 3, "score": 45, "direction_score": -1.5, "current_price": 0.2317}
{"event": "monitor_context", "symbol": "SOMIUSDT", "direction": "SHORT", "entry_price": 0.2429, "current_price": 0.2317, "qty": "62", "baseline_qty": "123", "core_qty": "61.5", "scalp_qty": "61.5", "profit_locked": true, "need_partial_tp": false}
{"event": "open_orders_fetched", "symbol": "SOMIUSDT", "count": 2}
{"event": "llm_monitor_raw", "symbol": "SOMIUSDT", "raw": {"action": "HOLD", "reasoning": "The current position meets all strategy guidelines: Stop Loss is active and set above break-even (0.2424 vs. entry 0.2429), Final Take Profit is set at 0.22, and Profit Locked is true (preventing SL loosening). Market conditions remain favorable (1H均线空头排列, negative funding, good liquidity) with no structural invalidation. No partial TP is needed as 'Need: False', and size is already below Baseline Size (61.5 vs. 123). No adjustments are required for minor fluctuations.", "new_stop_loss": null, "new_take_profit": null, "partial_tp_price": null, "partial_tp_percent": null, "reduce_percent": null, "add_usdt": null}}
{"event": "market_data_fetched", "symbol": "SOMIUSDT", "duration_ms": 3314, "keys": ["funding_rate", "klines_15m", "klines_1h", "klines_1m", "oi_hist", "orderbook", "premium_index", "symbol"]}
{"event": "analysis_generated", "symbol": "SOMIUSDT", "duration_ms": 2, "score": 45, "direction_score": -1.5, "current_price": 0.2333}
{"event": "monitor_context", "symbol": "SOMIUSDT", "direction": "SHORT", "entry_price": 0.2429, "current_price": 0.2333, "qty": "62", "baseline_qty": "123", "core_qty": "61.5", "scalp_qty": "61.5", "profit_locked": true, "need_partial_tp": false}
{"event": "open_orders_fetched", "symbol": "SOMIUSDT", "count": 2}
{"event": "llm_monitor_raw", "symbol": "SOMIUSDT", "raw": {"action": "HOLD", "reasoning": "The current position is profitable (3.95% unrealized PnL) and Profit Locked is true, so we should not loosen the stop loss. The stop loss is correctly set at 0.2424 (above break-even considering fees). The market analysis shows a neutral trend score (45) with bearish signals (1H均线空头排列, negative funding rate, good liquidity), but no strong invalidation signal. The strategy does not require any immediate action since all necessary orders (Stop Loss and Final Take Profit) are active, and no Partial Take Profit is needed (Need: False). Stability guidelines suggest holding unless market structure invalidates the trade or orders need adjustment for profit locking, neither of which is currently the case.", "new_stop_loss": null, "new_take_profit": null, "partial_tp_price": null, "partial_tp_percent": null, "reduce_percent": null, "add_usdt": null}}
{"event": "market_data_fetched", "symbol": "SOMIUSDT", "duration_ms": 3394, "keys": ["funding_rate", "klines_15m", "klines_1h", "klines_1m", "oi_hist", "orderbook", "premium_index", "symbol"]}
{"event": "analysis_generated", "symbol": "SOMIUSDT", "duration_ms": 3, "score": 45, "direction_score": -1.5, "current_price": 0.2337}
{"event": "monitor_context", "symbol": "SOMIUSDT", "direction": "SHORT", "entry_price": 0.2429, "current_price": 0.2337, "qty": "62", "baseline_qty": "123", "core_qty": "61.5", "scalp_qty": "61.5", "profit_locked": true, "need_partial_tp": false}
{"event": "open_orders_fetched", "symbol": "SOMIUSDT", "count": 2}
{"event": "llm_monitor_raw", "symbol": "SOMIUSDT", "raw": {"action": "HOLD", "reasoning": "The current position meets all strategy guidelines: Stop Loss is active and set above break-even (0.2424 vs. entry 0.2429), Final Take Profit is set at 0.22, and Profit Locked is true preventing any loosening of SL. Market conditions (Trend Score 45, bearish signals) still support the short, and no structural invalidation is present. No adjustment is needed as orders are correctly placed and market fluctuations are minor.", "new_stop_loss": null, "new_take_profit": null, "partial_tp_price": null, "partial_tp_percent": null, "reduce_percent": null, "add_usdt": null}}
{"event": "market_data_fetched", "symbol": "SOMIUSDT", "duration_ms": 4129, "keys": ["funding_rate", "klines_15m", "klines_1h", "klines_1m", "oi_hist", "orderbook", "premium_index", "symbol"]}
{"event": "analysis_generated", "symbol": "SOMIUSDT", "duration_ms": 4, "score": 25, "direction_score": -1.5, "current_price": 0.2336}
{"event": "monitor_context", "symbol": "SOMIUSDT", "direction": "SHORT", "entry_price": 0.2429, "current_price": 0.2336, "qty": "62", "baseline_qty": "123", "core_qty": "61.5", "scalp_qty": "61.5", "profit_locked": true, "need_partial_tp": false}
{"event": "open_orders_fetched", "symbol": "SOMIUSDT", "count": 2}
{"event": "llm_monitor_raw", "symbol": "SOMIUSDT", "raw": {"action": "HOLD", "reasoning": "The current position is profitable with a locked profit, and the stop loss is appropriately set at a break-even level (0.2424, slightly above entry price 0.2429 to account for fees). The market analysis shows a bearish trend (1H均线空头排列) with acceptable volatility and negative funding rates, supporting the short position. No immediate adjustment is needed as the trade aligns with the strategy: stop loss is active, final take profit is set, and no partial take profit is required (Need: False). The position size is below the baseline size, but since profit is already locked, adding to the position is optional and not necessary at this time. Market conditions have not invalidated the trade, and no significant changes in structure or signals warrant an adjustment.", "new_stop_loss": null, "new_take_profit": null, "partial_tp_price": null, "partial_tp_percent": null, "reduce_percent": null, "add_usdt": null}}
{"event": "market_data_fetched", "symbol": "SOMIUSDT", "duration_ms": 2754, "keys": ["funding_rate", "klines_15m", "klines_1h", "klines_1m", "oi_hist", "orderbook", "premium_index", "symbol"]}
{"event": "analysis_generated", "symbol": "SOMIUSDT", "duration_ms": 3, "score": 60, "direction_score": -2.5, "current_price": 0.2329}
{"event": "monitor_context", "symbol": "SOMIUSDT", "direction": "SHORT", "entry_price": 0.2429, "current_price": 0.2329, "qty": "62", "baseline_qty": "123", "core_qty": "61.5", "scalp_qty": "61.5", "profit_locked": true, "need_partial_tp": false}
{"event": "open_orders_fetched", "symbol": "SOMIUSDT", "count": 2}
{"event": "llm_monitor_raw", "symbol": "SOMIUSDT", "raw": {"action": "HOLD", "reasoning": "The current position meets all strategy guidelines: Stop Loss is active and set above break-even (0.2424 vs. entry 0.2429), Final Take Profit is set at 0.22, and Profit Locked is true (preventing SL loosening). Market conditions remain favorable (Trend Score 60, bearish signals), and no structural invalidation exists. No partial TP is needed as scalp size was already reduced. Stability rules prohibit unnecessary adjustments.", "new_stop_loss": null, "new_take_profit": null, "partial_tp_price": null, "partial_tp_percent": null, "reduce_percent": null, "add_usdt": null}}
{"event": "market_data_fetched", "symbol": "SOMIUSDT", "duration_ms": 2765, "keys": ["funding_rate", "klines_15m", "klines_1h", "klines_1m", "oi_hist", "orderbook", "premium_index", "symbol"]}
{"event": "analysis_generated", "symbol": "SOMIUSDT", "duration_ms": 3, "score": 25, "direction_score": -1.5, "current_price": 0.2338}
{"event": "monitor_context", "symbol": "SOMIUSDT", "direction": "SHORT", "entry_price": 0.2429, "current_price": 0.2338, "qty": "62", "baseline_qty": "123", "core_qty": "61.5", "scalp_qty": "61.5", "profit_locked": true, "need_partial_tp": false}
{"event": "open_orders_fetched", "symbol": "SOMIUSDT", "count": 2}
{"event": "llm_monitor_raw", "symbol": "SOMIUSDT", "raw": {"action": "HOLD", "reasoning": "The current position is profitable with Profit Locked set to true, and the Stop Loss is appropriately placed above the entry price to ensure break-even (+fees). The market analysis shows bearish signals (1H均线空头排列, negative funding rate, good liquidity), supporting the continuation of the short position. No adjustments are needed as the trade setup remains valid, and minor price fluctuations do not warrant order changes per the stability guidelines.", "new_stop_loss": null, "new_take_profit": null, "partial_tp_price": null, "partial_tp_percent": null, "reduce_percent": null, "add_usdt": null}}
{"event": "market_data_fetched", "symbol": "SOMIUSDT", "duration_ms": 3526, "keys": ["funding_rate", "klines_15m", "klines_1h", "klines_1m", "oi_hist", "orderbook", "premium_index", "symbol"]}
{"event": "analysis_generated", "symbol": "SOMIUSDT", "duration_ms": 4, "score": 40, "direction_score": -1.5, "current_price": 0.2326}
{"event": "monitor_context", "symbol": "SOMIUSDT", "direction": "SHORT", "entry_price": 0.2429, "current_price": 0.2326, "qty": "62", "baseline_qty": "123", "core_qty": "61.5", "scalp_qty": "61.5", "profit_locked": true, "need_partial_tp": false}
{"event": "open_orders_fetched", "symbol": "SOMIUSDT", "count": 2}
{"event": "llm_monitor_raw", "symbol": "SOMIUSDT", "raw": {"action": "HOLD", "reasoning": "The current position is profitable with Profit Locked set to true, and all required orders (Stop Loss and Final Take Profit) are active. The market analysis does not indicate any invalidation of the trade setup, and the trend score remains acceptable. There is no need for adjustment as per the stability guidelines.", "new_stop_loss": null, "new_take_profit": null, "partial_tp_price": null, "partial_tp_percent": null, "reduce_percent": null, "add_usdt": null}}
{"event": "market_data_fetched", "symbol": "SOMIUSDT", "duration_ms": 2976, "keys": ["funding_rate", "klines_15m", "klines_1h", "klines_1m", "oi_hist", "orderbook", "premium_index", "symbol"]}
{"event": "analysis_generated", "symbol": "SOMIUSDT", "duration_ms": 5, "score": 40, "direction_score": -1.5, "current_price": 0.2325}
{"event": "monitor_context", "symbol": "SOMIUSDT", "direction": "SHORT", "entry_price": 0.2429, "current_price": 0.2325, "qty": "62", "baseline_qty": "123", "core_qty": "61.5", "scalp_qty": "61.5", "profit_locked": true, "need_partial_tp": false}
{"event": "open_orders_fetched", "symbol": "SOMIUSDT", "count": 2}
{"event": "llm_monitor_raw", "symbol": "SOMIUSDT", "raw": {"action": "HOLD", "reasoning": "The current position meets all strategy guidelines: Stop Loss is active and set above break-even (0.2424 vs entry 0.2429), Final Take Profit is set at 0.22, and Profit Locked is true (preventing SL loosening). Market conditions haven't invalidated the trade (Trend Score 40 still qualifies, signals remain bearish), and no Smart Suggestions require action. Size is already below Baseline Size (61.5 vs 123), but since Profit Locked is true and no urgent signals exist, adding isn't mandatory.", "new_stop_loss": null, "new_take_profit": null, "partial_tp_price": null, "partial_tp_percent": null, "reduce_percent": null, "add_usdt": null}}
{"event": "market_data_fetched", "symbol": "SOMIUSDT", "duration_ms": 2756, "keys": ["funding_rate", "klines_15m", "klines_1h", "klines_1m", "oi_hist", "orderbook", "premium_index", "symbol"]}
{"event": "analysis_generated", "symbol": "SOMIUSDT", "duration_ms": 3, "score": 45, "direction_score": -1.5, "current_price": 0.2323}
{"event": "monitor_context", "symbol": "SOMIUSDT", "direction": "SHORT", "entry_price": 0.2429, "current_price": 0.2323, "qty": "62", "baseline_qty": "123", "core_qty": "61.5", "scalp_qty": "61.5", "profit_locked": true, "need_partial_tp": false}
{"event": "open_orders_fetched", "symbol": "SOMIUSDT", "count": 2}
{"event": "llm_monitor_raw", "symbol": "SOMIUSDT", "raw": {"action": "HOLD", "reasoning": "The current position is profitable with Profit Locked set to true, and all required orders (Stop Loss and Final Take Profit) are active. The Stop Loss is appropriately set above the entry price to ensure break-even (+fees). The market analysis does not indicate any invalidation of the trade setup, and the trend score remains below the threshold that would suggest closing the position. There is no need for a Partial Take Profit as 'Need' is False. The strategy guidelines recommend maintaining the current orders unless there is a significant change in market conditions or a need to lock in profits, neither of which is currently present.", "new_stop_loss": null, "new_take_profit": null, "partial_tp_price": null, "partial_tp_percent": null, "reduce_percent": null, "add_usdt": null}}
{"event": "market_data_fetched", "symbol": "SOMIUSDT", "duration_ms": 3010, "keys": ["funding_rate", "klines_15m", "klines_1h", "klines_1m", "oi_hist", "orderbook", "premium_index", "symbol"]}
{"event": "analysis_generated", "symbol": "SOMIUSDT", "duration_ms": 2, "score": 40, "direction_score": -1.5, "current_price": 0.2318}
{"event": "monitor_context", "symbol": "SOMIUSDT", "direction": "SHORT", "entry_price": 0.2429, "current_price": 0.2318, "qty": "62", "baseline_qty": "123", "core_qty": "61.5", "scalp_qty": "61.5", "profit_locked": true, "need_partial_tp": false}
{"event": "open_orders_fetched", "symbol": "SOMIUSDT", "count": 2}
{"event": "llm_monitor_raw", "symbol": "SOMIUSDT", "raw": {"action": "HOLD", "reasoning": "Current position meets all strategy guidelines: Stop Loss is active and set above break-even (0.2424 vs. entry 0.2429), Final Take Profit is set at 0.22, and Profit Locked is true (preventing SL loosening). Market conditions remain favorable (1H均线空头排列, negative funding, volatility合格) with no structural invalidation. No partial TP is needed as 'Need: False'. Size is below Baseline (61.5 < 123), but adding is optional and not required by current signals.", "new_stop_loss": null, "new_take_profit": null, "partial_tp_price": null, "partial_tp_percent": null, "reduce_percent": null, "add_usdt": null}}
{"event": "market_data_fetched", "symbol": "SOMIUSDT", "duration_ms": 3470, "keys": ["funding_rate", "klines_15m", "klines_1h", "klines_1m", "oi_hist", "orderbook", "premium_index", "symbol"]}
{"event": "analysis_generated", "symbol": "SOMIUSDT", "duration_ms": 4, "score": 40, "direction_score": -1.5, "current_price": 0.2326}
{"event": "monitor_context", "symbol": "SOMIUSDT", "direction": "SHORT", "entry_price": 0.2429, "current_price": 0.2326, "qty": "62", "baseline_qty": "123", "core_qty": "61.5", "scalp_qty": "61.5", "profit_locked": true, "need_partial_tp": false}
{"event": "open_orders_fetched", "symbol": "SOMIUSDT", "count": 2}
{"event": "llm_monitor_raw", "symbol": "SOMIUSDT", "raw": {"action": "HOLD", "reasoning": "The current position meets all strategy guidelines: Stop Loss is active and set above break-even (Profit Locked is true), Final Take Profit is set, and no Partial Take Profit is needed (Need: False). Market analysis shows bearish signals (1H均线空头排列, negative funding rate, good liquidity), and the trend score (40) still supports holding. No structural invalidation or immediate profit-locking suggestion exists. Stability rules prevent unnecessary order adjustments.", "new_stop_loss": null, "new_take_profit": null, "partial_tp_price": null, "partial_tp_percent": null, "reduce_percent": null, "add_usdt": null}}
{"event": "market_data_fetched", "symbol": "SOMIUSDT", "duration_ms": 3290, "keys": ["funding_rate", "klines_15m", "klines_1h", "klines_1m", "oi_hist", "orderbook", "premium_index", "symbol"]}
{"event": "analysis_generated", "symbol": "SOMIUSDT", "duration_ms": 4, "score": 45, "direction_score": -1.5, "current_price": 0.2321}
{"event": "monitor_context", "symbol": "SOMIUSDT", "direction": "SHORT", "entry_price": 0.2429, "current_price": 0.2321, "qty": "62", "baseline_qty": "123", "core_qty": "61.5", "scalp_qty": "61.5", "profit_locked": true, "need_partial_tp": false}
{"event": "open_orders_fetched", "symbol": "SOMIUSDT", "count": 2}
{"event": "llm_monitor_raw", "symbol": "SOMIUSDT", "raw": {"action": "HOLD", "reasoning": "The current position meets all strategy guidelines: Stop Loss is active and set above break-even (0.2424 vs. entry 0.2429), Final Take Profit is set at 0.22, and Profit Locked is true preventing SL loosening. Market conditions remain favorable (1H均线空头排列, negative funding, good liquidity) with no structural invalidation. No adjustments are needed as per stability rules.", "new_stop_loss": null, "new_take_profit": null, "partial_tp_price": null, "partial_tp_percent": null, "reduce_percent": null, "add_usdt": null}}
{"event": "market_data_fetched", "symbol": "SOMIUSDT", "duration_ms": 3276, "keys": ["funding_rate", "klines_15m", "klines_1h", "klines_1m", "oi_hist", "orderbook", "premium_index", "symbol"]}
{"event": "analysis_generated", "symbol": "SOMIUSDT", "duration_ms": 3, "score": 40, "direction_score": -1.5, "current_price": 0.2312}
{"event": "monitor_context", "symbol": "SOMIUSDT", "direction": "SHORT", "entry_price": 0.2429, "current_price": 0.2312, "qty": "62", "baseline_qty": "123", "core_qty": "61.5", "scalp_qty": "61.5", "profit_locked": true, "need_partial_tp": false}
{"event": "open_orders_fetched", "symbol": "SOMIUSDT", "count": 2}
{"event": "llm_monitor_raw", "symbol": "SOMIUSDT", "raw": {"action": "HOLD", "reasoning": "The current position meets all strategy guidelines: Stop Loss is active and set above break-even (0.2424 vs entry 0.2429), Final Take Profit is set at 0.22, and Profit Locked is true preventing SL loosening. Market analysis shows continued bearish signals (1H均线空头排列, negative funding) without invalidation. No Smart Suggestions recommend action, and stability rules prohibit unnecessary adjustments.", "new_stop_loss": null, "new_take_profit": null, "partial_tp_price": null, "partial_tp_percent": null, "reduce_percent": null, "add_usdt": null}}
{"event": "market_data_fetched", "symbol": "SOMIUSDT", "duration_ms": 2756, "keys": ["funding_rate", "klines_15m", "klines_1h", "klines_1m", "oi_hist", "orderbook", "premium_index", "symbol"]}
{"event": "analysis_generated", "symbol": "SOMIUSDT", "duration_ms": 3, "score": 45, "direction_score": -1.5, "current_price": 0.2315}
{"event": "monitor_context", "symbol": "SOMIUSDT", "direction": "SHORT", "entry_price": 0.2429, "current_price": 0.2315, "qty": "62", "baseline_qty": "123", "core_qty": "61.5", "scalp_qty": "61.5", "profit_locked": true, "need_partial_tp": false}
{"event": "open_orders_fetched", "symbol": "SOMIUSDT", "count": 2}
{"event": "llm_monitor_raw", "symbol": "SOMIUSDT", "raw": {"action": "HOLD", "reasoning": "The current position meets all strategy guidelines: Stop Loss is active and set above break-even (0.2424 vs. entry 0.2429), Final Take Profit is set at 0.22, and Profit Locked is true preventing SL loosening. Market conditions (Trend Score 45, bearish signals) still support the short, and no structural invalidation exists. No adjustments are needed as orders are properly configured and market fluctuations are minor.", "new_stop_loss": null, "new_take_profit": null, "partial_tp_price": null, "partial_tp_percent": null, "reduce_percent": null, "add_usdt": null}}
{"event": "market_data_fetched", "symbol": "SOMIUSDT", "duration_ms": 3265, "keys": ["funding_rate", "klines_15m", "klines_1h", "klines_1m", "oi_hist", "orderbook", "premium_index", "symbol"]}
{"event": "analysis_generated", "symbol": "SOMIUSDT", "duration_ms": 3, "score": 45, "direction_score": -0.5, "current_price": 0.2301}
{"event": "monitor_context", "symbol": "SOMIUSDT", "direction": "SHORT", "entry_price": 0.2429, "current_price": 0.2301, "qty": "62", "baseline_qty": "123", "core_qty": "61.5", "scalp_qty": "61.5", "profit_locked": true, "need_partial_tp": false}
{"event": "open_orders_fetched", "symbol": "SOMIUSDT", "count": 2}
{"event": "llm_monitor_raw", "symbol": "SOMIUSDT", "raw": {"action": "HOLD", "reasoning": "The current position is profitable (5.23% unrealized PnL) and Profit Locked is true, so the stop loss at 0.2424 (break-even + fees) should not be loosened. The market analysis shows mixed signals (trend score 45, bearish MA alignment, but volume spike upwards), but no clear invalidation. The strategy requires maintaining existing SL/TP orders unless market structure invalidates the trade. Since the Partial Take Profit is not needed (Need: False) and no immediate adjustments are required per guidelines, holding is optimal.", "new_stop_loss": null, "new_take_profit": null, "partial_tp_price": null, "partial_tp_percent": null, "reduce_percent": null, "add_usdt": null}}
{"event": "market_data_fetched", "symbol": "SOMIUSDT", "duration_ms": 2746, "keys": ["funding_rate", "klines_15m", "klines_1h", "klines_1m", "oi_hist", "orderbook", "premium_index", "symbol"]}
{"event": "analysis_generated", "symbol": "SOMIUSDT", "duration_ms": 3, "score": 30, "direction_score": -1.5, "current_price": 0.2315}
{"event": "monitor_context", "symbol": "SOMIUSDT", "direction": "SHORT", "entry_price": 0.2429, "current_price": 0.2315, "qty": "62", "baseline_qty": "123", "core_qty": "61.5", "scalp_qty": "61.5", "profit_locked": true, "need_partial_tp": false}
{"event": "open_orders_fetched", "symbol": "SOMIUSDT", "count": 2}
{"event": "llm_monitor_raw", "symbol": "SOMIUSDT", "raw": {"action": "HOLD", "reasoning": "The current position meets all strategy guidelines: Stop Loss is active and set above break-even (0.2424 vs. entry 0.2429), Final Take Profit is set at 0.22, and Profit Locked is true preventing SL loosening. Market conditions (Trend Score 30, bearish signals) still support the short, and no structural invalidation exists. No adjustments are needed as the system suggests 'None' action.", "new_stop_loss": null, "new_take_profit": null, "partial_tp_price": null, "partial_tp_percent": null, "reduce_percent": null, "add_usdt": null}}
{"event": "market_data_fetched", "symbol": "SOMIUSDT", "duration_ms": 2753, "keys": ["funding_rate", "klines_15m", "klines_1h", "klines_1m", "oi_hist", "orderbook", "premium_index", "symbol"]}
{"event": "analysis_generated", "symbol": "SOMIUSDT", "duration_ms": 3, "score": 30, "direction_score": -1.5, "current_price": 0.2323}
{"event": "monitor_context", "symbol": "SOMIUSDT", "direction": "SHORT", "entry_price": 0.2429, "current_price": 0.2323, "qty": "62", "baseline_qty": "123", "core_qty": "61.5", "scalp_qty": "61.5", "profit_locked": true, "need_partial_tp": false}
{"event": "open_orders_fetched", "symbol": "SOMIUSDT", "count": 2}
{"event": "llm_monitor_raw", "symbol": "SOMIUSDT", "raw": {"action": "HOLD", "reasoning": "The current position is profitable with a locked profit, and the stop loss is active at a break-even level (0.2424, slightly above entry price 0.2429 to cover fees). The market analysis shows a bearish trend (1H均线空头排列) with acceptable volatility and negative funding rate, supporting the short. No immediate adjustments are needed as the trade aligns with the strategy: stop loss protects capital, final take profit (0.22) is set, and no partial take profit is required (Need: False). Stability guidelines are met—no structural invalidation or excessive risk exists.", "new_stop_loss": null, "new_take_profit": null, "partial_tp_price": null, "partial_tp_percent": null, "reduce_percent": null, "add_usdt": null}}
{"event": "market_data_fetched", "symbol": "SOMIUSDT", "duration_ms": 2991, "keys": ["funding_rate", "klines_15m", "klines_1h", "klines_1m", "oi_hist", "orderbook", "premium_index", "symbol"]}
{"event": "analysis_generated", "symbol": "SOMIUSDT", "duration_ms": 4, "score": 60, "direction_score": -0.5, "current_price": 0.2319}
{"event": "monitor_context", "symbol": "SOMIUSDT", "direction": "SHORT", "entry_price": 0.2429, "current_price": 0.2319, "qty": "62", "baseline_qty": "123", "core_qty": "61.5", "scalp_qty": "61.5", "profit_locked": true, "need_partial_tp": false}
{"event": "open_orders_fetched", "symbol": "SOMIUSDT", "count": 2}
{"event": "llm_monitor_raw", "symbol": "SOMIUSDT", "raw": {"action": "HOLD", "reasoning": "The current position meets all strategy guidelines: Stop Loss is active at break-even (+fees), Final Take Profit is set, and Profit Locked is true (preventing SL loosening). Market analysis shows the trend remains favorable (Trend Score: 60, bearish signals), and no structural invalidation is present. Since the scalp size has already been partially taken (Profit Locked: True) and current size (62.0) is below Baseline Size (123), adding is permissible but not mandatory. No immediate adjustment is needed as conditions are stable.", "new_stop_loss": null, "new_take_profit": null, "partial_tp_price": null, "partial_tp_percent": null, "reduce_percent": null, "add_usdt": null}}
{"event": "market_data_fetched", "symbol": "SOMIUSDT", "duration_ms": 3465, "keys": ["funding_rate", "klines_15m", "klines_1h", "klines_1m", "oi_hist", "orderbook", "premium_index", "symbol"]}
{"event": "analysis_generated", "symbol": "SOMIUSDT", "duration_ms": 4, "score": 40, "direction_score": -1.5, "current_price": 0.2311}
{"event": "monitor_context", "symbol": "SOMIUSDT", "direction": "SHORT", "entry_price": 0.2429, "current_price": 0.2311, "qty": "62", "baseline_qty": "123", "core_qty": "61.5", "scalp_qty": "61.5", "profit_locked": true, "need_partial_tp": false}
{"event": "open_orders_fetched", "symbol": "SOMIUSDT", "count": 2}
{"event": "llm_monitor_raw", "symbol": "SOMIUSDT", "raw": {"action": "HOLD", "reasoning": "The current position is profitable with a locked profit, and all necessary orders (Stop Loss and Final Take Profit) are active. The market analysis does not indicate a need to adjust orders or close the position. The strategy guidelines suggest holding as the trend score is still acceptable (40), and there are no invalidating market structure changes. Profit Lock is true, so the stop loss should not be loosened, and it is already set at a break-even level (+fees). No partial take profit is needed as 'Need: False' is indicated.", "new_stop_loss": null, "new_take_profit": null, "partial_tp_price": null, "partial_tp_percent": null, "reduce_percent": null, "add_usdt": null}}
{"event": "market_data_fetched", "symbol": "SOMIUSDT", "duration_ms": 3129, "keys": ["funding_rate", "klines_15m", "klines_1h", "klines_1m", "oi_hist", "orderbook", "premium_index", "symbol"]}
{"event": "analysis_generated", "symbol": "SOMIUSDT", "duration_ms": 4, "score": 60, "direction_score": -0.5, "current_price": 0.231}
{"event": "monitor_context", "symbol": "SOMIUSDT", "direction": "SHORT", "entry_price": 0.2429, "current_price": 0.231, "qty": "62", "baseline_qty": "123", "core_qty": "61.5", "scalp_qty": "61.5", "profit_locked": true, "need_partial_tp": false}
{"event": "open_orders_fetched", "symbol": "SOMIUSDT", "count": 2}
{"event": "llm_monitor_raw", "symbol": "SOMIUSDT", "raw": {"action": "HOLD", "reasoning": "The current position meets all strategy guidelines: Stop Loss is active and set above break-even (0.2424 vs. entry 0.2429), Final Take Profit is set at 0.22, and Profit Locked is true (preventing SL loosening). Market analysis shows the trend remains favorable (Trend Score 60, 1H均线空头排列) with no invalidation signals. No Partial Take Profit is needed (Need: False), and the size is already below Baseline Size (61.5 vs. 123), so adding is optional but not required. Stability rules advise against unnecessary order changes.", "new_stop_loss": null, "new_take_profit": null, "partial_tp_price": null, "partial_tp_percent": null, "reduce_percent": null, "add_usdt": null}}
{"event": "market_data_fetched", "symbol": "SOMIUSDT", "duration_ms": 3215, "keys": ["funding_rate", "klines_15m", "klines_1h", "klines_1m", "oi_hist", "orderbook", "premium_index", "symbol"]}
{"event": "analysis_generated", "symbol": "SOMIUSDT", "duration_ms": 4, "score": 40, "direction_score": -1.5, "current_price": 0.2316}
{"event": "monitor_context", "symbol": "SOMIUSDT", "direction": "SHORT", "entry_price": 0.2429, "current_price": 0.2316, "qty": "62", "baseline_qty": "123", "core_qty": "61.5", "scalp_qty": "61.5", "profit_locked": true, "need_partial_tp": false}
{"event": "open_orders_fetched", "symbol": "SOMIUSDT", "count": 2}
{"event": "llm_monitor_raw", "symbol": "SOMIUSDT", "raw": {"action": "HOLD", "reasoning": "Current position aligns with strategy guidelines: Stop Loss is active and set above break-even (0.2424 vs. entry 0.2429), Final Take Profit is set at 0.22, and Profit Locked is true preventing SL loosening. Market conditions (trend score 40, bearish signals) still support the short. No immediate adjustment needed per stability rules.", "new_stop_loss": null, "new_take_profit": null, "partial_tp_price": null, "partial_tp_percent": null, "reduce_percent": null, "add_usdt": null}}
{"event": "market_data_fetched", "symbol": "SOMIUSDT", "duration_ms": 4652, "keys": ["funding_rate", "klines_15m", "klines_1h", "klines_1m", "oi_hist", "orderbook", "premium_index", "symbol"]}
{"event": "analysis_generated", "symbol": "SOMIUSDT", "duration_ms": 4, "score": 45, "direction_score": -1.5, "current_price": 0.2316}
{"event": "monitor_context", "symbol": "SOMIUSDT", "direction": "SHORT", "entry_price": 0.2429, "current_price": 0.2316, "qty": "62", "baseline_qty": "123", "core_qty": "61.5", "scalp_qty": "61.5", "profit_locked": true, "need_partial_tp": false}
{"event": "open_orders_fetched", "symbol": "SOMIUSDT", "count": 2}
{"event": "llm_monitor_raw", "symbol": "SOMIUSDT", "raw": {"action": "HOLD", "reasoning": "The current position meets all strategy guidelines: Stop Loss is active and set above break-even (0.2424 vs. entry 0.2429), Final Take Profit is set at 0.22, and Profit Locked is true (preventing SL loosening). Market conditions remain favorable (1H均线空头排列, negative funding, good liquidity) with no structural invalidation. No adjustments are needed as the trade is progressing as planned.", "new_stop_loss": null, "new_take_profit": null, "partial_tp_price": null, "partial_tp_percent": null, "reduce_percent": null, "add_usdt": null}}
{"event": "market_data_fetched", "symbol": "SOMIUSDT", "duration_ms": 3255, "keys": ["funding_rate", "klines_15m", "klines_1h", "klines_1m", "oi_hist", "orderbook", "premium_index", "symbol"]}
{"event": "analysis_generated", "symbol": "SOMIUSDT", "duration_ms": 3, "score": 45, "direction_score": -1.5, "current_price": 0.2312}
{"event": "monitor_context", "symbol": "SOMIUSDT", "direction": "SHORT", "entry_price": 0.2429, "current_price": 0.2312, "qty": "62", "baseline_qty": "123", "core_qty": "61.5", "scalp_qty": "61.5", "profit_locked": true, "need_partial_tp": false}
{"event": "open_orders_fetched", "symbol": "SOMIUSDT", "count": 2}
{"event": "llm_monitor_raw", "symbol": "SOMIUSDT", "raw": {"action": "HOLD", "reasoning": "The current position meets all strategy guidelines: Stop Loss is active at 0.2424 (above break-even), Final Take Profit is set at 0.22, and Profit Locked is true (preventing SL loosening). No Partial Take Profit is needed as 'Need: False'. Market conditions (Trend Score 45, bearish signals) still support the short, and no structural invalidation or urgent profit-locking is suggested. Size is below Baseline (61.5 < 123), but adding is optional and not required.", "new_stop_loss": null, "new_take_profit": null, "partial_tp_price": null, "partial_tp_percent": null, "reduce_percent": null, "add_usdt": null}}
{"event": "market_data_fetched", "symbol": "SOMIUSDT", "duration_ms": 3200, "keys": ["funding_rate", "klines_15m", "klines_1h", "klines_1m", "oi_hist", "orderbook", "premium_index", "symbol"]}
{"event": "analysis_generated", "symbol": "SOMIUSDT", "duration_ms": 4, "score": 30, "direction_score": -1.5, "current_price": 0.2322}
{"event": "monitor_context", "symbol": "SOMIUSDT", "direction": "SHORT", "entry_price": 0.2429, "current_price": 0.2322, "qty": "62", "baseline_qty": "123", "core_qty": "61.5", "scalp_qty": "61.5", "profit_locked": true, "need_partial_tp": false}
{"event": "open_orders_fetched", "symbol": "SOMIUSDT", "count": 2}
{"event": "llm_monitor_raw", "symbol": "SOMIUSDT", "raw": {"action": "HOLD", "reasoning": "The current position is profitable with a locked profit, and all necessary orders (Stop Loss and Final Take Profit) are active. The market analysis does not indicate a need to adjust orders or close the position. The trend score is below the entry threshold but not invalidating. The strategy guidelines recommend holding when profit is locked and no structural invalidation occurs.", "new_stop_loss": null, "new_take_profit": null, "partial_tp_price": null, "partial_tp_percent": null, "reduce_percent": null, "add_usdt": null}}
{"event": "market_data_fetched", "symbol": "SOMIUSDT", "duration_ms": 3022, "keys": ["funding_rate", "klines_15m", "klines_1h", "klines_1m", "oi_hist", "orderbook", "premium_index", "symbol"]}
{"event": "analysis_generated", "symbol": "SOMIUSDT", "duration_ms": 4, "score": 45, "direction_score": -1.5, "current_price": 0.2313}
{"event": "monitor_context", "symbol": "SOMIUSDT", "direction": "SHORT", "entry_price": 0.2429, "current_price": 0.2313, "qty": "62", "baseline_qty": "123", "core_qty": "61.5", "scalp_qty": "61.5", "profit_locked": true, "need_partial_tp": false}
{"event": "open_orders_fetched", "symbol": "SOMIUSDT", "count": 2}
{"event": "llm_monitor_raw", "symbol": "SOMIUSDT", "raw": {"action": "HOLD", "reasoning": "The current position meets all strategy guidelines: Stop Loss is active and set above break-even (0.2424 vs. entry 0.2429), Final Take Profit is set at 0.22, and Profit Locked is true preventing SL loosening. Market analysis shows no invalidation signals (Trend Score 45 still neutral/bearish, ATR/rate/liquidity support holding). No Partial TP is needed (scalp size already reduced). No adjustment is required unless market structure changes.", "new_stop_loss": null, "new_take_profit": null, "partial_tp_price": null, "partial_tp_percent": null, "reduce_percent": null, "add_usdt": null}}
{"event": "market_data_fetched", "symbol": "SOMIUSDT", "duration_ms": 3246, "keys": ["funding_rate", "klines_15m", "klines_1h", "klines_1m", "oi_hist", "orderbook", "premium_index", "symbol"]}
{"event": "analysis_generated", "symbol": "SOMIUSDT", "duration_ms": 4, "score": 45, "direction_score": -1.5, "current_price": 0.2311}
{"event": "monitor_context", "symbol": "SOMIUSDT", "direction": "SHORT", "entry_price": 0.2429, "current_price": 0.2311, "qty": "62", "baseline_qty": "123", "core_qty": "61.5", "scalp_qty": "61.5", "profit_locked": true, "need_partial_tp": false}
{"event": "open_orders_fetched", "symbol": "SOMIUSDT", "count": 2}
{"event": "llm_monitor_raw", "symbol": "SOMIUSDT", "raw": {"action": "HOLD", "reasoning": "The current position meets all strategy guidelines: Stop Loss is active and set above break-even (0.2424 vs. entry 0.2429), Final Take Profit is set at 0.22, and Profit Locked is true preventing SL loosening. Market conditions remain favorable (1H bearish MA alignment, negative funding, volatility qualified) with no structural invalidation. No adjustments are needed as per stability rules.", "new_stop_loss": null, "new_take_profit": null, "partial_tp_price": null, "partial_tp_percent": null, "reduce_percent": null, "add_usdt": null}}
{"event": "market_data_fetched", "symbol": "SOMIUSDT", "duration_ms": 3514, "keys": ["funding_rate", "klines_15m", "klines_1h", "klines_1m", "oi_hist", "orderbook", "premium_index", "symbol"]}
{"event": "analysis_generated", "symbol": "SOMIUSDT", "duration_ms": 4, "score": 55, "direction_score": -1.0, "current_price": 0.2349}
{"event": "monitor_context", "symbol": "SOMIUSDT", "direction": "SHORT", "entry_price": 0.2429, "current_price": 0.2349, "qty": "62", "baseline_qty": "123", "core_qty": "61.5", "scalp_qty": "61.5", "profit_locked": true, "need_partial_tp": false}
{"event": "open_orders_fetched", "symbol": "SOMIUSDT", "count": 2}
{"event": "llm_monitor_raw", "symbol": "SOMIUSDT", "raw": {"action": "HOLD", "reasoning": "The current position meets all strategy guidelines: Stop Loss is active and set above break-even (0.2424 vs. entry 0.2429), Final Take Profit is set, and Profit Locked is true preventing SL loosening. Market signals (55 Trend Score, bearish MA alignment, negative funding) still support the short, and no structural invalidation exists. No adjustments are needed as volatility (ATR 4.86%) and liquidity conditions remain favorable.", "new_stop_loss": null, "new_take_profit": null, "partial_tp_price": null, "partial_tp_percent": null, "reduce_percent": null, "add_usdt": null}}
{"event": "market_data_fetched", "symbol": "SOMIUSDT", "duration_ms": 2749, "keys": ["funding_rate", "klines_15m", "klines_1h", "klines_1m", "oi_hist", "orderbook", "premium_index", "symbol"]}
{"event": "analysis_generated", "symbol": "SOMIUSDT", "duration_ms": 4, "score": 75, "direction_score": -2.0, "current_price": 0.237}
{"event": "monitor_context", "symbol": "SOMIUSDT", "direction": "SHORT", "entry_price": 0.2429, "current_price": 0.237, "qty": "62", "baseline_qty": "123", "core_qty": "61.5", "scalp_qty": "61.5", "profit_locked": true, "need_partial_tp": false}
{"event": "open_orders_fetched", "symbol": "SOMIUSDT", "count": 2}
{"event": "llm_monitor_raw", "symbol": "SOMIUSDT", "raw": {"action": "HOLD", "reasoning": "The current position meets all strategy guidelines: Stop Loss is active and set above break-even (0.2424 vs entry 0.2429), Final Take Profit is set at 0.22, and Profit Locked is true preventing SL loosening. Market analysis shows continued bearish signals (1H均线空头排列, 卖盘压制) with no structural invalidation. No adjustments are needed as orders are properly placed and market conditions support holding.", "new_stop_loss": null, "new_take_profit": null, "partial_tp_price": null, "partial_tp_percent": null, "reduce_percent": null, "add_usdt": null}}
{"event": "market_data_fetched", "symbol": "SOMIUSDT", "duration_ms": 3243, "keys": ["funding_rate", "klines_15m", "klines_1h", "klines_1m", "oi_hist", "orderbook", "premium_index", "symbol"]}
{"event": "analysis_generated", "symbol": "SOMIUSDT", "duration_ms": 3, "score": 90, "direction_score": -4.0, "current_price": 0.2349}
{"event": "monitor_context", "symbol": "SOMIUSDT", "direction": "SHORT", "entry_price": 0.2429, "current_price": 0.2349, "qty": "62", "baseline_qty": "123", "core_qty": "61.5", "scalp_qty": "61.5", "profit_locked": true, "need_partial_tp": false}
{"event": "open_orders_fetched", "symbol": "SOMIUSDT", "count": 2}
{"event": "llm_monitor_raw", "symbol": "SOMIUSDT", "raw": {"action": "HOLD", "reasoning": "The current position meets all strategy guidelines: Stop Loss is active at break-even (+fees), Final Take Profit is set, and Profit Locked is true preventing any loosening of SL. Market analysis confirms strong bearish signals (Trend Score 90, ATR 4.94%, volume spike 4.2x, negative funding rate, and sell-side imbalance -17%). No adjustments are needed as the trade remains valid per stability rules.", "new_stop_loss": null, "new_take_profit": null, "partial_tp_price": null, "partial_tp_percent": null, "reduce_percent": null, "add_usdt": null}}
{"event": "market_data_fetched", "symbol": "SOMIUSDT", "duration_ms": 3019, "keys": ["funding_rate", "klines_15m", "klines_1h", "klines_1m", "oi_hist", "orderbook", "premium_index", "symbol"]}
{"event": "analysis_generated", "symbol": "SOMIUSDT", "duration_ms": 5, "score": 40, "direction_score": -2.0, "current_price": 0.2343}
{"event": "monitor_context", "symbol": "SOMIUSDT", "direction": "SHORT", "entry_price": 0.2429, "current_price": 0.2343, "qty": "62", "baseline_qty": "123", "core_qty": "61.5", "scalp_qty": "61.5", "profit_locked": true, "need_partial_tp": false}
{"event": "open_orders_fetched", "symbol": "SOMIUSDT", "count": 2}
{"event": "llm_monitor_raw", "symbol": "SOMIUSDT", "raw": {"action": "HOLD", "reasoning": "The current position meets all strategy guidelines: Stop Loss is active and set above break-even (0.2424 vs. entry 0.2429), Final Take Profit is set at 0.22, and Profit Locked is true preventing SL loosening. Market conditions (Trend Score 40, bearish signals) still support the short, and no structural invalidation exists. No adjustments are needed as orders are properly configured and market fluctuations are minor.", "new_stop_loss": null, "new_take_profit": null, "partial_tp_price": null, "partial_tp_percent": null, "reduce_percent": null, "add_usdt": null}}
{"event": "market_data_fetched", "symbol": "SOMIUSDT", "duration_ms": 3017, "keys": ["funding_rate", "klines_15m", "klines_1h", "klines_1m", "oi_hist", "orderbook", "premium_index", "symbol"]}
{"event": "analysis_generated", "symbol": "SOMIUSDT", "duration_ms": 3, "score": 55, "direction_score": -1.0, "current_price": 0.2379}
{"event": "monitor_context", "symbol": "SOMIUSDT", "direction": "SHORT", "entry_price": 0.2429, "current_price": 0.2379, "qty": "62", "baseline_qty": "123", "core_qty": "61.5", "scalp_qty": "61.5", "profit_locked": true, "need_partial_tp": false}
{"event": "open_orders_fetched", "symbol": "SOMIUSDT", "count": 2}
{"event": "llm_monitor_raw", "symbol": "SOMIUSDT", "raw": {"action": "HOLD", "reasoning": "The current position meets all strategy guidelines: Stop Loss is active and set above break-even (0.2424 vs. entry 0.2429), Final Take Profit is set at 0.22, and Profit Locked is true. Market analysis shows mixed signals (55 Trend Score, bearish MA but volume spike) but no structural invalidation. No adjustments are needed as per Stability rules.", "new_stop_loss": null, "new_take_profit": null, "partial_tp_price": null, "partial_tp_percent": null, "reduce_percent": null, "add_usdt": null}}
{"event": "market_data_fetched", "symbol": "SOMIUSDT", "duration_ms": 3515, "keys": ["funding_rate", "klines_15m", "klines_1h", "klines_1m", "oi_hist", "orderbook", "premium_index", "symbol"]}
{"event": "analysis_generated", "symbol": "SOMIUSDT", "duration_ms": 2, "score": 35, "direction_score": -2.0, "current_price": 0.2364}
{"event": "monitor_context", "symbol": "SOMIUSDT", "direction": "SHORT", "entry_price": 0.2429, "current_price": 0.2364, "qty": "62", "baseline_qty": "123", "core_qty": "61.5", "scalp_qty": "61.5", "profit_locked": true, "need_partial_tp": false}
{"event": "open_orders_fetched", "symbol": "SOMIUSDT", "count": 2}
{"event": "market_data_fetched", "symbol": "SOMIUSDT", "duration_ms": 2940, "keys": ["funding_rate", "klines_15m", "klines_1h", "klines_1m", "oi_hist", "orderbook", "premium_index", "symbol"]}
{"event": "analysis_generated", "symbol": "SOMIUSDT", "duration_ms": 3, "score": 55, "direction_score": -2.0, "current_price": 0.2371}
{"event": "monitor_context", "symbol": "SOMIUSDT", "direction": "SHORT", "entry_price": 0.2429, "current_price": 0.2371, "qty": "62", "baseline_qty": "123", "core_qty": "61.5", "scalp_qty": "61.5", "profit_locked": true, "need_partial_tp": false}
{"event": "open_orders_fetched", "symbol": "SOMIUSDT", "count": 2}
{"event": "llm_monitor_raw", "symbol": "SOMIUSDT", "raw": {"action": "HOLD", "reasoning": "The current position is profitable with Profit Locked set to true, and all necessary orders (Stop Loss and Final Take Profit) are active. The market analysis does not indicate any immediate need to adjust orders or close the position. The trend score remains above the threshold (>40), and the signals support maintaining the short position. Since Profit Locked is true and the current size is below the Baseline Size, adding to the position is an option, but there is no strong signal or suggestion to do so at this time. Therefore, the best action is to HOLD.", "new_stop_loss": null, "new_take_profit": null, "partial_tp_price": null, "partial_tp_percent": null, "reduce_percent": null, "add_usdt": null}}
{"event": "market_data_fetched", "symbol": "SOMIUSDT", "duration_ms": 3021, "keys": ["funding_rate", "klines_15m", "klines_1h", "klines_1m", "oi_hist", "orderbook", "premium_index", "symbol"]}
{"event": "analysis_generated", "symbol": "SOMIUSDT", "duration_ms": 4, "score": 40, "direction_score": -2.0, "current_price": 0.2374}
{"event": "monitor_context", "symbol": "SOMIUSDT", "direction": "SHORT", "entry_price": 0.2429, "current_price": 0.2374, "qty": "62", "baseline_qty": "123", "core_qty": "61.5", "scalp_qty": "61.5", "profit_locked": true, "need_partial_tp": false}
{"event": "open_orders_fetched", "symbol": "SOMIUSDT", "count": 2}
{"event": "llm_monitor_raw", "symbol": "SOMIUSDT", "raw": {"action": "HOLD", "reasoning": "Current position aligns with strategy guidelines: Stop Loss is active and set above break-even (0.2424 vs. entry 0.2429), Final Take Profit is set at 0.22, and Profit Locked is true preventing SL loosening. Market signals (1H均线空头排列, negative funding, volatility) still support the short. No structural invalidation or immediate profit-locking need detected. Size is below Baseline (61.5 < 123), but adding isn't mandatory without stronger signals.", "new_stop_loss": null, "new_take_profit": null, "partial_tp_price": null, "partial_tp_percent": null, "reduce_percent": null, "add_usdt": null}}
{"event": "market_data_fetched", "symbol": "SOMIUSDT", "duration_ms": 2995, "keys": ["funding_rate", "klines_15m", "klines_1h", "klines_1m", "oi_hist", "orderbook", "premium_index", "symbol"]}
{"event": "analysis_generated", "symbol": "SOMIUSDT", "duration_ms": 4, "score": 70, "direction_score": -3.0, "current_price": 0.2377}
{"event": "monitor_context", "symbol": "SOMIUSDT", "direction": "SHORT", "entry_price": 0.2429, "current_price": 0.2377, "qty": "62", "baseline_qty": "123", "core_qty": "61.5", "scalp_qty": "61.5", "profit_locked": true, "need_partial_tp": false}
{"event": "open_orders_fetched", "symbol": "SOMIUSDT", "count": 2}
{"event": "llm_monitor_raw", "symbol": "SOMIUSDT", "raw": {"action": "HOLD", "reasoning": "The current position meets all strategy guidelines: Stop Loss is active and set above break-even (0.2424 vs. entry 0.2429), Final Take Profit is set at 0.22, and Profit Locked is true preventing SL loosening. Market conditions remain favorable (Trend Score 70, bearish signals), and no structural invalidation exists. No adjustments are needed as the position is already partially reduced (Core Size 61.5 vs. Baseline 123) and no immediate scaling opportunity is indicated.", "new_stop_loss": null, "new_take_profit": null, "partial_tp_price": null, "partial_tp_percent": null, "reduce_percent": null, "add_usdt": null}}
{"event": "market_data_fetched", "symbol": "SOMIUSDT", "duration_ms": 3279, "keys": ["funding_rate", "klines_15m", "klines_1h", "klines_1m", "oi_hist", "orderbook", "premium_index", "symbol"]}
{"event": "analysis_generated", "symbol": "SOMIUSDT", "duration_ms": 4, "score": 55, "direction_score": -1.0, "current_price": 0.2383}
{"event": "monitor_context", "symbol": "SOMIUSDT", "direction": "SHORT", "entry_price": 0.2429, "current_price": 0.2383, "qty": "62", "baseline_qty": "123", "core_qty": "61.5", "scalp_qty": "61.5", "profit_locked": true, "need_partial_tp": false}
{"event": "open_orders_fetched", "symbol": "SOMIUSDT", "count": 2}
{"event": "llm_monitor_raw", "symbol": "SOMIUSDT", "raw": {"action": "HOLD", "reasoning": "The current position meets all strategy guidelines: Stop Loss is active and set above break-even (0.2424 vs. entry 0.2429), Final Take Profit is set at 0.22, and Profit Locked is true preventing SL loosening. Market analysis shows no invalidation signals (trend score 55 > 40, bearish alignment, negative funding). No partial TP is needed (scalp size already reduced). No adjustment is required for minor fluctuations.", "new_stop_loss": null, "new_take_profit": null, "partial_tp_price": null, "partial_tp_percent": null, "reduce_percent": null, "add_usdt": null}}
{"event": "market_data_fetched", "symbol": "SOMIUSDT", "duration_ms": 3289, "keys": ["funding_rate", "klines_15m", "klines_1h", "klines_1m", "oi_hist", "orderbook", "premium_index", "symbol"]}
{"event": "analysis_generated", "symbol": "SOMIUSDT", "duration_ms": 4, "score": 90, "direction_score": -4.0, "current_price": 0.2375}
{"event": "monitor_context", "symbol": "SOMIUSDT", "direction": "SHORT", "entry_price": 0.2429, "current_price": 0.2375, "qty": "62", "baseline_qty": "123", "core_qty": "61.5", "scalp_qty": "61.5", "profit_locked": true, "need_partial_tp": false}
{"event": "open_orders_fetched", "symbol": "SOMIUSDT", "count": 2}
{"event": "llm_monitor_raw", "symbol": "SOMIUSDT", "raw": {"action": "HOLD", "reasoning": "The current position meets all strategy guidelines: Stop Loss is active and set above break-even (0.2424 vs. entry 0.2429), Final Take Profit is set at 0.22, and Profit Locked is true preventing SL loosening. Market conditions remain favorable (strong bearish signals, high Trend Score) with no structural invalidation. No adjustments are needed as per stability rules.", "new_stop_loss": null, "new_take_profit": null, "partial_tp_price": null, "partial_tp_percent": null, "reduce_percent": null, "add_usdt": null}}
{"event": "market_data_fetched", "symbol": "SOMIUSDT", "duration_ms": 4384, "keys": ["funding_rate", "klines_15m", "klines_1h", "klines_1m", "oi_hist", "orderbook", "premium_index", "symbol"]}
{"event": "analysis_generated", "symbol": "SOMIUSDT", "duration_ms": 3, "score": 90, "direction_score": -4.0, "current_price": 0.2362}
{"event": "monitor_context", "symbol": "SOMIUSDT", "direction": "SHORT", "entry_price": 0.2429, "current_price": 0.2362, "qty": "62", "baseline_qty": "123", "core_qty": "61.5", "scalp_qty": "61.5", "profit_locked": true, "need_partial_tp": false}
{"event": "open_orders_fetched", "symbol": "SOMIUSDT", "count": 2}
{"event": "llm_monitor_raw", "symbol": "SOMIUSDT", "raw": {"action": "HOLD", "reasoning": "The current position is profitable with Profit Locked set to true, and all necessary orders (Stop Loss and Final Take Profit) are active. The market analysis supports continuation of the downtrend with strong signals (1H均线空头排列, 放量下跌, etc.). There is no need to adjust orders as per the Stability guideline since there are no major market structure invalidations or profit-locking suggestions. The scalp size has already been partially taken profit, and no further action is required unless conditions change.", "new_stop_loss": null, "new_take_profit": null, "partial_tp_price": null, "partial_tp_percent": null, "reduce_percent": null, "add_usdt": null}}
{"event": "market_data_fetched", "symbol": "SOMIUSDT", "duration_ms": 3806, "keys": ["funding_rate", "klines_15m", "klines_1h", "klines_1m", "oi_hist", "orderbook", "premium_index", "symbol"]}
{"event": "analysis_generated", "symbol": "SOMIUSDT", "duration_ms": 4, "score": 50, "direction_score": -2.0, "current_price": 0.235}
{"event": "monitor_context", "symbol": "SOMIUSDT", "direction": "SHORT", "entry_price": 0.2429, "current_price": 0.235, "qty": "62", "baseline_qty": "123", "core_qty": "61.5", "scalp_qty": "61.5", "profit_locked": true, "need_partial_tp": false}
{"event": "open_orders_fetched", "symbol": "SOMIUSDT", "count": 2}
{"event": "llm_monitor_raw", "symbol": "SOMIUSDT", "raw": {"action": "HOLD", "reasoning": "The current position meets all strategy guidelines: Stop Loss is active and set above break-even (0.2424 vs. entry 0.2429), Final Take Profit is set at 0.22, and Profit Locked is true (preventing SL loosening). Market conditions remain valid (1H均线空头排列, negative funding, good liquidity), and no structural invalidation exists. No partial TP is needed as 'Need: False', and size is already below Baseline Size (61.5 vs. 123). Stability rules prohibit unnecessary adjustments.", "new_stop_loss": null, "new_take_profit": null, "partial_tp_price": null, "partial_tp_percent": null, "reduce_percent": null, "add_usdt": null}}
{"event": "market_data_fetched", "symbol": "SOMIUSDT", "duration_ms": 3621, "keys": ["funding_rate", "klines_15m", "klines_1h", "klines_1m", "oi_hist", "orderbook", "premium_index", "symbol"]}
{"event": "analysis_generated", "symbol": "SOMIUSDT", "duration_ms": 1, "score": 55, "direction_score": -1.0, "current_price": 0.2346}
{"event": "monitor_context", "symbol": "SOMIUSDT", "direction": "SHORT", "entry_price": 0.2429, "current_price": 0.2346, "qty": "62", "baseline_qty": "123", "core_qty": "61.5", "scalp_qty": "61.5", "profit_locked": true, "need_partial_tp": false}
{"event": "open_orders_fetched", "symbol": "SOMIUSDT", "count": 2}
{"event": "llm_monitor_raw", "symbol": "SOMIUSDT", "raw": {"action": "HOLD", "reasoning": "The current position meets all strategy guidelines: Stop Loss is active at 0.2424 (above break-even), Final Take Profit is set at 0.22, and Profit Locked is true (preventing SL loosening). Market conditions show mixed signals (55 Trend Score, bearish MA but volume spike), but no structural invalidation. No Partial TP is needed (Need: False), and size is already below Baseline Size after prior scaling. Stability rules prohibit unnecessary adjustments.", "new_stop_loss": null, "new_take_profit": null, "partial_tp_price": null, "partial_tp_percent": null, "reduce_percent": null, "add_usdt": null}}
{"event": "market_data_fetched", "symbol": "SOMIUSDT", "duration_ms": 3002, "keys": ["funding_rate", "klines_15m", "klines_1h", "klines_1m", "oi_hist", "orderbook", "premium_index", "symbol"]}
{"event": "analysis_generated", "symbol": "SOMIUSDT", "duration_ms": 1, "score": 60, "direction_score": -2.5, "current_price": 0.2337}
{"event": "monitor_context", "symbol": "SOMIUSDT", "direction": "SHORT", "entry_price": 0.2429, "current_price": 0.2337, "qty": "62", "baseline_qty": "123", "core_qty": "61.5", "scalp_qty": "61.5", "profit_locked": true, "need_partial_tp": false}
{"event": "open_orders_fetched", "symbol": "SOMIUSDT", "count": 2}
{"event": "llm_monitor_raw", "symbol": "SOMIUSDT", "raw": {"action": "HOLD", "reasoning": "The current position meets all strategy guidelines: Stop Loss is active and set above break-even (0.2424 vs. entry 0.2429), Final Take Profit is set at 0.22, and Profit Locked is true (preventing SL loosening). Market conditions remain favorable (Trend Score 60, bearish signals), and no structural invalidation exists. Since Smart Suggestions recommend no action and size is already below Baseline Size (61.5 vs. 123), no adjustments are needed.", "new_stop_loss": null, "new_take_profit": null, "partial_tp_price": null, "partial_tp_percent": null, "reduce_percent": null, "add_usdt": null}}
{"event": "market_data_fetched", "symbol": "SOMIUSDT", "duration_ms": 3729, "keys": ["funding_rate", "klines_15m", "klines_1h", "klines_1m", "oi_hist", "orderbook", "premium_index", "symbol"]}
{"event": "analysis_generated", "symbol": "SOMIUSDT", "duration_ms": 4, "score": 30, "direction_score": -1.5, "current_price": 0.2335}
{"event": "monitor_context", "symbol": "SOMIUSDT", "direction": "SHORT", "entry_price": 0.2429, "current_price": 0.2335, "qty": "62", "baseline_qty": "123", "core_qty": "61.5", "scalp_qty": "61.5", "profit_locked": true, "need_partial_tp": false}
{"event": "open_orders_fetched", "symbol": "SOMIUSDT", "count": 2}
{"event": "llm_monitor_raw", "symbol": "SOMIUSDT", "raw": {"action": "HOLD", "reasoning": "The current position meets all strategy guidelines: Stop Loss is active and set above break-even (0.2424 vs. entry 0.2429), Final Take Profit is set at 0.22, and Profit Locked is true (preventing SL loosening). Market analysis shows bearish signals (1H MA alignment, negative funding) with no structural invalidation. No partial TP is needed (Profit Locked=True, scalp size already reduced). Stability rules prohibit unnecessary adjustments.", "new_stop_loss": null, "new_take_profit": null, "partial_tp_price": null, "partial_tp_percent": null, "reduce_percent": null, "add_usdt": null}}
{"event": "market_data_fetched", "symbol": "SOMIUSDT", "duration_ms": 4174, "keys": ["funding_rate", "klines_15m", "klines_1h", "klines_1m", "oi_hist", "orderbook", "premium_index", "symbol"]}
{"event": "analysis_generated", "symbol": "SOMIUSDT", "duration_ms": 3, "score": 40, "direction_score": -1.5, "current_price": 0.2334}
{"event": "monitor_context", "symbol": "SOMIUSDT", "direction": "SHORT", "entry_price": 0.2429, "current_price": 0.2334, "qty": "62", "baseline_qty": "123", "core_qty": "61.5", "scalp_qty": "61.5", "profit_locked": true, "need_partial_tp": false}
{"event": "open_orders_fetched", "symbol": "SOMIUSDT", "count": 2}
{"event": "llm_monitor_raw", "symbol": "SOMIUSDT", "raw": {"action": "HOLD", "reasoning": "The current position is profitable with a locked profit, and the stop loss is active at a break-even level (0.2424, slightly above entry price + fees). The market analysis shows a neutral trend score (40) with bearish signals (1H均线空头排列, negative funding rate, and good liquidity), but no structural invalidation. The strategy requires maintaining existing orders unless profit locking is compromised or market conditions change significantly. No immediate adjustment is needed as the trade aligns with the initial plan (Final TP at 0.22) and stability guidelines.", "new_stop_loss": null, "new_take_profit": null, "partial_tp_price": null, "partial_tp_percent": null, "reduce_percent": null, "add_usdt": null}}
{"event": "market_data_fetched", "symbol": "SOMIUSDT", "duration_ms": 2755, "keys": ["funding_rate", "klines_15m", "klines_1h", "klines_1m", "oi_hist", "orderbook", "premium_index", "symbol"]}
{"event": "analysis_generated", "symbol": "SOMIUSDT", "duration_ms": 4, "score": 50, "direction_score": -0.5, "current_price": 0.2329}
{"event": "monitor_context", "symbol": "SOMIUSDT", "direction": "SHORT", "entry_price": 0.2429, "current_price": 0.2329, "qty": "62", "baseline_qty": "123", "core_qty": "61.5", "scalp_qty": "61.5", "profit_locked": true, "need_partial_tp": false}
{"event": "open_orders_fetched", "symbol": "SOMIUSDT", "count": 2}
{"event": "llm_monitor_raw", "symbol": "SOMIUSDT", "raw": {"action": "HOLD", "reasoning": "The current position meets all strategy guidelines: Stop Loss is active and set above break-even (0.2424 vs. entry 0.2429), Final Take Profit is set at 0.22, and Profit Locked is true (preventing SL loosening). Market conditions remain valid (Trend Score 50, bearish signals), and no structural invalidation exists. No partial TP is needed (scalp size already reduced). Adding is optional but not required given the strong downside progress (current price 0.2329) and existing profit cushion.", "new_stop_loss": null, "new_take_profit": null, "partial_tp_price": null, "partial_tp_percent": null, "reduce_percent": null, "add_usdt": null}}
{"event": "market_data_fetched", "symbol": "SOMIUSDT", "duration_ms": 3492, "keys": ["funding_rate", "klines_15m", "klines_1h", "klines_1m", "oi_hist", "orderbook", "premium_index", "symbol"]}
{"event": "analysis_generated", "symbol": "SOMIUSDT", "duration_ms": 4, "score": 65, "direction_score": 0.5, "current_price": 0.2321}
{"event": "monitor_context", "symbol": "SOMIUSDT", "direction": "SHORT", "entry_price": 0.2429, "current_price": 0.2321, "qty": "62", "baseline_qty": "123", "core_qty": "61.5", "scalp_qty": "61.5", "profit_locked": true, "need_partial_tp": false}
{"event": "open_orders_fetched", "symbol": "SOMIUSDT", "count": 2}
{"event": "llm_monitor_raw", "symbol": "SOMIUSDT", "raw": {"action": "HOLD", "reasoning": "The current position meets all strategy guidelines: Stop Loss is active at break-even (+fees), Final Take Profit is set, and Profit Locked is true (preventing SL loosening). Market signals show bearish alignment (1H均线空头排列) and negative funding, but strong buy-side imbalance (+19%) suggests caution. No structural invalidation or immediate risk is present. Scalping conditions are not triggered (size already reduced below Baseline Size). Stability rules prohibit unnecessary order changes.", "new_stop_loss": null, "new_take_profit": null, "partial_tp_price": null, "partial_tp_percent": null, "reduce_percent": null, "add_usdt": null}}
{"event": "market_data_fetched", "symbol": "SOMIUSDT", "duration_ms": 3231, "keys": ["funding_rate", "klines_15m", "klines_1h", "klines_1m", "oi_hist", "orderbook", "premium_index", "symbol"]}
{"event": "analysis_generated", "symbol": "SOMIUSDT", "duration_ms": 4, "score": 75, "direction_score": -1.0, "current_price": 0.2339}
{"event": "monitor_context", "symbol": "SOMIUSDT", "direction": "SHORT", "entry_price": 0.2429, "current_price": 0.2339, "qty": "62", "baseline_qty": "123", "core_qty": "61.5", "scalp_qty": "61.5", "profit_locked": true, "need_partial_tp": false}
{"event": "open_orders_fetched", "symbol": "SOMIUSDT", "count": 2}
{"event": "llm_monitor_raw", "symbol": "SOMIUSDT", "raw": {"action": "HOLD", "reasoning": "The current position meets all strategy guidelines: Stop Loss is active and set above break-even (0.2424 vs. entry 0.2429), Final Take Profit is set at 0.22, and Profit Locked is true preventing SL loosening. Market analysis shows the trend remains favorable (Trend Score 75, bearish signals), and no structural invalidation exists. No adjustments are needed as the position is already partially reduced (Core Size 61.5 vs. Baseline 123) and no scalp addition is required without explicit signals.", "new_stop_loss": null, "new_take_profit": null, "partial_tp_price": null, "partial_tp_percent": null, "reduce_percent": null, "add_usdt": null}}
{"event": "market_data_fetched", "symbol": "SOMIUSDT", "duration_ms": 4380, "keys": ["funding_rate", "klines_15m", "klines_1h", "klines_1m", "oi_hist", "orderbook", "premium_index", "symbol"]}
{"event": "analysis_generated", "symbol": "SOMIUSDT", "duration_ms": 4, "score": 75, "direction_score": -2.0, "current_price": 0.2362}
{"event": "monitor_context", "symbol": "SOMIUSDT", "direction": "SHORT", "entry_price": 0.2429, "current_price": 0.2362, "qty": "62", "baseline_qty": "123", "core_qty": "61.5", "scalp_qty": "61.5", "profit_locked": true, "need_partial_tp": false}
{"event": "open_orders_fetched", "symbol": "SOMIUSDT", "count": 2}
{"event": "llm_monitor_raw", "symbol": "SOMIUSDT", "raw": {"action": "HOLD", "reasoning": "The current position meets all strategy guidelines: Stop Loss is active and set above break-even (0.2424 vs entry 0.2429), Final Take Profit is set at 0.22, and Profit Locked is true (preventing SL loosening). Market analysis shows bearish signals (1H均线空头排列, 卖盘压制) despite recent volume spike, and trend score remains favorable (75 > 40). No structural invalidation or immediate risk is detected. Since size is already reduced below Baseline Size (61.5 vs 123) and Profit Locked is true, adding is optional but not mandated. No adjustments are needed for minor fluctuations.", "new_stop_loss": null, "new_take_profit": null, "partial_tp_price": null, "partial_tp_percent": null, "reduce_percent": null, "add_usdt": null}}
{"event": "market_data_fetched", "symbol": "SOMIUSDT", "duration_ms": 3267, "keys": ["funding_rate", "klines_15m", "klines_1h", "klines_1m", "oi_hist", "orderbook", "premium_index", "symbol"]}
{"event": "analysis_generated", "symbol": "SOMIUSDT", "duration_ms": 3, "score": 55, "direction_score": -2.0, "current_price": 0.2363}
{"event": "monitor_context", "symbol": "SOMIUSDT", "direction": "SHORT", "entry_price": 0.2429, "current_price": 0.2363, "qty": "62", "baseline_qty": "123", "core_qty": "61.5", "scalp_qty": "61.5", "profit_locked": true, "need_partial_tp": false}
{"event": "open_orders_fetched", "symbol": "SOMIUSDT", "count": 2}
{"event": "market_data_fetched", "symbol": "SOMIUSDT", "duration_ms": 3327, "keys": ["funding_rate", "klines_15m", "klines_1h", "klines_1m", "oi_hist", "orderbook", "premium_index", "symbol"]}
{"event": "analysis_generated", "symbol": "SOMIUSDT", "duration_ms": 4, "score": 75, "direction_score": -1.0, "current_price": 0.2371}
{"event": "monitor_context", "symbol": "SOMIUSDT", "direction": "SHORT", "entry_price": 0.2429, "current_price": 0.2371, "qty": "62", "baseline_qty": "123", "core_qty": "61.5", "scalp_qty": "61.5", "profit_locked": true, "need_partial_tp": false}
{"event": "open_orders_fetched", "symbol": "SOMIUSDT", "count": 2}
{"event": "market_data_fetched", "symbol": "SOMIUSDT", "duration_ms": 4152, "keys": ["funding_rate", "klines_15m", "klines_1h", "klines_1m", "oi_hist", "orderbook", "premium_index", "symbol"]}
{"event": "analysis_generated", "symbol": "SOMIUSDT", "duration_ms": 4, "score": 70, "direction_score": -3.0, "current_price": 0.2341}
{"event": "monitor_context", "symbol": "SOMIUSDT", "direction": "SHORT", "entry_price": 0.2429, "current_price": 0.2341, "qty": "62", "baseline_qty": "123", "core_qty": "61.5", "scalp_qty": "61.5", "profit_locked": true, "need_partial_tp": false}
{"event": "open_orders_fetched", "symbol": "SOMIUSDT", "count": 2}
{"event": "llm_monitor_raw", "symbol": "SOMIUSDT", "raw": {"action": "HOLD", "reasoning": "The current position is profitable with a 3.63% unrealized PnL, and profit is already locked. The Stop Loss is active at 0.2424 (just above break-even, ensuring no loss if triggered), and the Final Take Profit is set at 0.22. The market analysis supports the short position with a strong trend score (70), bearish signals (1H均线空头排列, 放量下跌), and negative funding rate. No adjustments are needed as the trade aligns with the strategy, and no market structure invalidation is observed. The 'Profit Locked' status prevents loosening the Stop Loss, and no partial take profit is required (Need: False).", "new_stop_loss": null, "new_take_profit": null, "partial_tp_price": null, "partial_tp_percent": null, "reduce_percent": null, "add_usdt": null}}
{"event": "market_data_fetched", "symbol": "SOMIUSDT", "duration_ms": 3494, "keys": ["funding_rate", "klines_15m", "klines_1h", "klines_1m", "oi_hist", "orderbook", "premium_index", "symbol"]}
{"event": "analysis_generated", "symbol": "SOMIUSDT", "duration_ms": 5, "score": 40, "direction_score": -2.0, "current_price": 0.2332}
{"event": "monitor_context", "symbol": "SOMIUSDT", "direction": "SHORT", "entry_price": 0.2429, "current_price": 0.2332, "qty": "62", "baseline_qty": "123", "core_qty": "61.5", "scalp_qty": "61.5", "profit_locked": true, "need_partial_tp": false}
{"event": "open_orders_fetched", "symbol": "SOMIUSDT", "count": 2}
{"event": "llm_monitor_raw", "symbol": "SOMIUSDT", "raw": {"action": "HOLD", "reasoning": "Current position is profitable with a locked profit, and all necessary orders (Stop Loss and Final Take Profit) are active. The market analysis does not indicate a need to adjust orders or close the position. The trend score is neutral (40), and the signals support maintaining the current strategy. Since Profit Locked is true and the current size is below the Baseline Size, adding to the position is an option, but the Smart Suggestions do not recommend any action at this time. Therefore, the best course of action is to hold the position and monitor the market for any significant changes.", "new_stop_loss": null, "new_take_profit": null, "partial_tp_price": null, "partial_tp_percent": null, "reduce_percent": null, "add_usdt": null}}
{"event": "market_data_fetched", "symbol": "SOMIUSDT", "duration_ms": 3051, "keys": ["funding_rate", "klines_15m", "klines_1h", "klines_1m", "oi_hist", "orderbook", "premium_index", "symbol"]}
{"event": "analysis_generated", "symbol": "SOMIUSDT", "duration_ms": 4, "score": 40, "direction_score": -2.0, "current_price": 0.2328}
{"event": "monitor_context", "symbol": "SOMIUSDT", "direction": "SHORT", "entry_price": 0.2429, "current_price": 0.2328, "qty": "62", "baseline_qty": "123", "core_qty": "61.5", "scalp_qty": "61.5", "profit_locked": true, "need_partial_tp": false}
{"event": "open_orders_fetched", "symbol": "SOMIUSDT", "count": 2}
{"event": "llm_monitor_raw", "symbol": "SOMIUSDT", "raw": {"action": "HOLD", "reasoning": "The current position is profitable with a locked profit, and the stop loss is active at a break-even level (0.2424, slightly above entry price 0.2429 accounting for fees). The market analysis shows a neutral trend score (40) with bearish signals (1H均线空头排列, negative funding rate, etc.), but no structural invalidation. The strategy rules prohibit loosening the stop loss when profit is locked, and no adjustments are needed for minor fluctuations. The partial take profit is not required (Need: False), and the final take profit at 0.22 remains valid. No immediate action is warranted.", "new_stop_loss": null, "new_take_profit": null, "partial_tp_price": null, "partial_tp_percent": null, "reduce_percent": null, "add_usdt": null}}
{"event": "market_data_fetched", "symbol": "SOMIUSDT", "duration_ms": 4245, "keys": ["funding_rate", "klines_15m", "klines_1h", "klines_1m", "oi_hist", "orderbook", "premium_index", "symbol"]}
{"event": "analysis_generated", "symbol": "SOMIUSDT", "duration_ms": 2, "score": 55, "direction_score": -2.0, "current_price": 0.2342}
{"event": "monitor_context", "symbol": "SOMIUSDT", "direction": "SHORT", "entry_price": 0.2429, "current_price": 0.2342, "qty": "62", "baseline_qty": "123", "core_qty": "61.5", "scalp_qty": "61.5", "profit_locked": true, "need_partial_tp": false}
{"event": "open_orders_fetched", "symbol": "SOMIUSDT", "count": 2}
{"event": "llm_monitor_raw", "symbol": "SOMIUSDT", "raw": {"action": "HOLD", "reasoning": "The current position meets all strategy guidelines: Stop Loss is active and set above break-even (0.2424 vs. entry 0.2429), Final Take Profit is set at 0.22, and Profit Locked is true (preventing SL loosening). Market conditions remain favorable (1H均线空头排列, negative funding, good liquidity) with no structural invalidation. No adjustments are needed as the trade is progressing within expected parameters.", "new_stop_loss": null, "new_take_profit": null, "partial_tp_price": null, "partial_tp_percent": null, "reduce_percent": null, "add_usdt": null}}
{"event": "market_data_fetched", "symbol": "SOMIUSDT", "duration_ms": 3246, "keys": ["funding_rate", "klines_15m", "klines_1h", "klines_1m", "oi_hist", "orderbook", "premium_index", "symbol"]}
{"event": "analysis_generated", "symbol": "SOMIUSDT", "duration_ms": 4, "score": 70, "direction_score": -3.0, "current_price": 0.236}
{"event": "monitor_context", "symbol": "SOMIUSDT", "direction": "SHORT", "entry_price": 0.2429, "current_price": 0.236, "qty": "62", "baseline_qty": "123", "core_qty": "61.5", "scalp_qty": "61.5", "profit_locked": true, "need_partial_tp": false}
{"event": "open_orders_fetched", "symbol": "SOMIUSDT", "count": 2}
{"event": "llm_monitor_raw", "symbol": "SOMIUSDT", "raw": {"action": "HOLD", "reasoning": "The current position meets all strategy guidelines: Stop Loss is active and set above break-even (0.2424 vs. entry 0.2429), Final Take Profit is set at 0.22, and Profit Locked is true (preventing SL loosening). Market analysis confirms bearish signals (1H MA bearish, high volatility, volume spike, negative funding), and the Smart Suggestions recommend no action. No adjustments are needed unless market structure invalidates the trade.", "new_stop_loss": null, "new_take_profit": null, "partial_tp_price": null, "partial_tp_percent": null, "reduce_percent": null, "add_usdt": null}}
{"event": "market_data_fetched", "symbol": "SOMIUSDT", "duration_ms": 3282, "keys": ["funding_rate", "klines_15m", "klines_1h", "klines_1m", "oi_hist", "orderbook", "premium_index", "symbol"]}
{"event": "analysis_generated", "symbol": "SOMIUSDT", "duration_ms": 4, "score": 55, "direction_score": -1.0, "current_price": 0.2354}
{"event": "monitor_context", "symbol": "SOMIUSDT", "direction": "SHORT", "entry_price": 0.2429, "current_price": 0.2354, "qty": "62", "baseline_qty": "123", "core_qty": "61.5", "scalp_qty": "61.5", "profit_locked": true, "need_partial_tp": false}
{"event": "open_orders_fetched", "symbol": "SOMIUSDT", "count": 2}
{"event": "llm_monitor_raw", "symbol": "SOMIUSDT", "raw": {"action": "HOLD", "reasoning": "The current position meets all strategy guidelines: Stop Loss is active and set above break-even (0.2424 vs. entry 0.2429), Final Take Profit is set at 0.22, and Profit Locked is true (preventing SL loosening). Market conditions remain favorable (1H均线空头排列, negative funding, strong liquidity) with no structural invalidation. No Partial TP is needed (Need: False), and size adjustments are unnecessary as current size (62) is near Core Size (61.5) and below Baseline (123). Stability rules prohibit unnecessary order changes.", "new_stop_loss": null, "new_take_profit": null, "partial_tp_price": null, "partial_tp_percent": null, "reduce_percent": null, "add_usdt": null}}
{"event": "market_data_fetched", "symbol": "SOMIUSDT", "duration_ms": 3195, "keys": ["funding_rate", "klines_15m", "klines_1h", "klines_1m", "oi_hist", "orderbook", "premium_index", "symbol"]}
{"event": "analysis_generated", "symbol": "SOMIUSDT", "duration_ms": 1, "score": 50, "direction_score": -2.0, "current_price": 0.2345}
{"event": "monitor_context", "symbol": "SOMIUSDT", "direction": "SHORT", "entry_price": 0.2429, "current_price": 0.2345, "qty": "62", "baseline_qty": "123", "core_qty": "61.5", "scalp_qty": "61.5", "profit_locked": true, "need_partial_tp": false}
{"event": "open_orders_fetched", "symbol": "SOMIUSDT", "count": 2}
{"event": "llm_monitor_raw", "symbol": "SOMIUSDT", "raw": {"action": "HOLD", "reasoning": "The current position meets all strategy guidelines: Stop Loss is active and set above break-even (0.2424 vs. entry 0.2429), Final Take Profit is set at 0.22, and Profit Locked is true (preventing SL loosening). Market analysis shows neutral trend score (50) with bearish signals (1H MA排列, negative funding), but no structural invalidation. No Smart Suggestions or urgent adjustments are needed. Size is already below Baseline Size (61.5 vs. 123), but adding is optional and not required here.", "new_stop_loss": null, "new_take_profit": null, "partial_tp_price": null, "partial_tp_percent": null, "reduce_percent": null, "add_usdt": null}}
{"event": "market_data_fetched", "symbol": "SOMIUSDT", "duration_ms": 3467, "keys": ["funding_rate", "klines_15m", "klines_1h", "klines_1m", "oi_hist", "orderbook", "premium_index", "symbol"]}
{"event": "analysis_generated", "symbol": "SOMIUSDT", "duration_ms": 3, "score": 35, "direction_score": -2.0, "current_price": 0.2348}
{"event": "monitor_context", "symbol": "SOMIUSDT", "direction": "SHORT", "entry_price": 0.2429, "current_price": 0.2348, "qty": "62", "baseline_qty": "123", "core_qty": "61.5", "scalp_qty": "61.5", "profit_locked": true, "need_partial_tp": false}
{"event": "open_orders_fetched", "symbol": "SOMIUSDT", "count": 2}
{"event": "llm_monitor_raw", "symbol": "SOMIUSDT", "raw": {"action": "HOLD", "reasoning": "The current position is profitable with a locked profit, and all necessary orders (Stop Loss and Final Take Profit) are active. The market analysis does not indicate a need to adjust orders or close the position. The trend score, while below the initial entry threshold, does not invalidate the trade. The strategy guidelines recommend holding the position unless there is a significant change in market structure or a need to lock in profits, neither of which is currently present.", "new_stop_loss": null, "new_take_profit": null, "partial_tp_price": null, "partial_tp_percent": null, "reduce_percent": null, "add_usdt": null}}
{"event": "market_data_fetched", "symbol": "SOMIUSDT", "duration_ms": 3245, "keys": ["funding_rate", "klines_15m", "klines_1h", "klines_1m", "oi_hist", "orderbook", "premium_index", "symbol"]}
{"event": "analysis_generated", "symbol": "SOMIUSDT", "duration_ms": 3, "score": 55, "direction_score": -2.0, "current_price": 0.2372}
{"event": "monitor_context", "symbol": "SOMIUSDT", "direction": "SHORT", "entry_price": 0.2429, "current_price": 0.2372, "qty": "62", "baseline_qty": "123", "core_qty": "61.5", "scalp_qty": "61.5", "profit_locked": true, "need_partial_tp": false}
{"event": "open_orders_fetched", "symbol": "SOMIUSDT", "count": 2}
{"event": "llm_monitor_raw", "symbol": "SOMIUSDT", "raw": {"action": "HOLD", "reasoning": "The current position is profitable with Profit Locked set to true, and all necessary orders (Stop Loss and Final Take Profit) are active. The Stop Loss is appropriately set above the break-even point considering fees. The market analysis does not indicate any invalidation of the trade setup, and the trend score remains favorable for maintaining the short position. There is no need for partial take profit as 'Need' is False. Following the strategy guidelines, no adjustments are required unless market conditions change significantly.", "new_stop_loss": null, "new_take_profit": null, "partial_tp_price": null, "partial_tp_percent": null, "reduce_percent": null, "add_usdt": null}}
{"event": "market_data_fetched", "symbol": "SOMIUSDT", "duration_ms": 3454, "keys": ["funding_rate", "klines_15m", "klines_1h", "klines_1m", "oi_hist", "orderbook", "premium_index", "symbol"]}
{"event": "analysis_generated", "symbol": "SOMIUSDT", "duration_ms": 4, "score": 55, "direction_score": -1.0, "current_price": 0.2388}
{"event": "monitor_context", "symbol": "SOMIUSDT", "direction": "SHORT", "entry_price": 0.2429, "current_price": 0.2388, "qty": "62", "baseline_qty": "123", "core_qty": "61.5", "scalp_qty": "61.5", "profit_locked": true, "need_partial_tp": false}
{"event": "open_orders_fetched", "symbol": "SOMIUSDT", "count": 2}
{"event": "llm_monitor_raw", "symbol": "SOMIUSDT", "raw": {"action": "HOLD", "reasoning": "The current position meets all strategy guidelines: Stop Loss is active and set above break-even (0.2424 vs. entry 0.2429), Final Take Profit is set at 0.22, and Profit Locked is true (preventing SL loosening). Market conditions show mixed signals (55 Trend Score, bearish MA but volume spike) but no structural invalidation. No partial TP is needed as 'Need: False'. Stability rules prohibit unnecessary adjustments.", "new_stop_loss": null, "new_take_profit": null, "partial_tp_price": null, "partial_tp_percent": null, "reduce_percent": null, "add_usdt": null}}
{"event": "market_data_fetched", "symbol": "SOMIUSDT", "duration_ms": 3509, "keys": ["funding_rate", "klines_15m", "klines_1h", "klines_1m", "oi_hist", "orderbook", "premium_index", "symbol"]}
{"event": "analysis_generated", "symbol": "SOMIUSDT", "duration_ms": 4, "score": 35, "direction_score": -2.0, "current_price": 0.2397}
{"event": "monitor_context", "symbol": "SOMIUSDT", "direction": "SHORT", "entry_price": 0.2429, "current_price": 0.2397, "qty": "62", "baseline_qty": "123", "core_qty": "61.5", "scalp_qty": "61.5", "profit_locked": true, "need_partial_tp": false}
{"event": "open_orders_fetched", "symbol": "SOMIUSDT", "count": 2}
{"event": "llm_monitor_raw", "symbol": "SOMIUSDT", "raw": {"action": "HOLD", "reasoning": "The current position meets all strategy guidelines: Stop Loss is active and set above break-even (0.2424 vs entry 0.2429), Final Take Profit is set at 0.22, and Profit Locked is true preventing SL loosening. Market analysis shows bearish signals (1H均线空头排列, negative funding) but no structural invalidation. No immediate adjustment is needed per stability rules.", "new_stop_loss": null, "new_take_profit": null, "partial_tp_price": null, "partial_tp_percent": null, "reduce_percent": null, "add_usdt": null}}
{"event": "market_data_fetched", "symbol": "SOMIUSDT", "duration_ms": 3966, "keys": ["funding_rate", "klines_15m", "klines_1h", "klines_1m", "oi_hist", "orderbook", "premium_index", "symbol"]}
{"event": "analysis_generated", "symbol": "SOMIUSDT", "duration_ms": 4, "score": 55, "direction_score": -2.0, "current_price": 0.2378}
{"event": "monitor_context", "symbol": "SOMIUSDT", "direction": "SHORT", "entry_price": 0.2429, "current_price": 0.2378, "qty": "62", "baseline_qty": "123", "core_qty": "61.5", "scalp_qty": "61.5", "profit_locked": true, "need_partial_tp": false}
{"event": "open_orders_fetched", "symbol": "SOMIUSDT", "count": 2}
{"event": "llm_monitor_raw", "symbol": "SOMIUSDT", "raw": {"action": "HOLD", "reasoning": "The current position is profitable with a locked profit, and all necessary orders (Stop Loss and Final Take Profit) are active. The market analysis does not indicate a need to adjust orders or close the position. The trend score is still favorable (55), and the signals support maintaining the short position. Since Profit Locked is true and the current size is below the Baseline Size, adding to the position is an option, but the Smart Suggestions do not recommend any action at this time. Therefore, the best course of action is to HOLD and monitor the market for any changes that might require adjustment.", "new_stop_loss": null, "new_take_profit": null, "partial_tp_price": null, "partial_tp_percent": null, "reduce_percent": null, "add_usdt": null}}
{"event": "market_data_fetched", "symbol": "SOMIUSDT", "duration_ms": 3738, "keys": ["funding_rate", "klines_15m", "klines_1h", "klines_1m", "oi_hist", "orderbook", "premium_index", "symbol"]}
{"event": "analysis_generated", "symbol": "SOMIUSDT", "duration_ms": 2, "score": 55, "direction_score": -1.0, "current_price": 0.2369}
{"event": "monitor_context", "symbol": "SOMIUSDT", "direction": "SHORT", "entry_price": 0.2429, "current_price": 0.2369, "qty": "62", "baseline_qty": "123", "core_qty": "61.5", "scalp_qty": "61.5", "profit_locked": true, "need_partial_tp": false}
{"event": "open_orders_fetched", "symbol": "SOMIUSDT", "count": 2}
{"event": "llm_monitor_raw", "symbol": "SOMIUSDT", "raw": {"action": "HOLD", "reasoning": "The current position meets all strategy guidelines: Stop Loss is active and set above break-even (0.2424 vs. entry 0.2429), Final Take Profit is set at 0.22, and Profit Locked is true (preventing SL loosening). Market analysis shows no invalidation signals (Trend Score 55 remains favorable, bearish alignment on 1H MA), and no Smart Suggestions trigger action. Stability rules prohibit unnecessary order adjustments as price fluctuations are minor and trade thesis remains intact.", "new_stop_loss": null, "new_take_profit": null, "partial_tp_price": null, "partial_tp_percent": null, "reduce_percent": null, "add_usdt": null}}
{"event": "market_data_fetched", "symbol": "SOMIUSDT", "duration_ms": 2750, "keys": ["funding_rate", "klines_15m", "klines_1h", "klines_1m", "oi_hist", "orderbook", "premium_index", "symbol"]}
{"event": "analysis_generated", "symbol": "SOMIUSDT", "duration_ms": 4, "score": 35, "direction_score": -2.0, "current_price": 0.2369}
{"event": "monitor_context", "symbol": "SOMIUSDT", "direction": "SHORT", "entry_price": 0.2429, "current_price": 0.2369, "qty": "62", "baseline_qty": "123", "core_qty": "61.5", "scalp_qty": "61.5", "profit_locked": true, "need_partial_tp": false}
{"event": "open_orders_fetched", "symbol": "SOMIUSDT", "count": 2}
{"event": "llm_monitor_raw", "symbol": "SOMIUSDT", "raw": {"action": "HOLD", "reasoning": "The current position is profitable with Profit Locked set to true, and the Stop Loss is appropriately placed above the entry price to ensure break-even (+fees). The market analysis shows favorable conditions for maintaining the short position (1H均线空头排列, negative funding rate, good liquidity), and there's no immediate need to adjust orders based on the stability guidelines. The Smart Suggestions also recommend no action. Therefore, holding the position with existing orders is the optimal strategy.", "new_stop_loss": null, "new_take_profit": null, "partial_tp_price": null, "partial_tp_percent": null, "reduce_percent": null, "add_usdt": null}}
{"event": "market_data_fetched", "symbol": "SOMIUSDT", "duration_ms": 4793, "keys": ["funding_rate", "klines_15m", "klines_1h", "klines_1m", "oi_hist", "orderbook", "premium_index", "symbol"]}
{"event": "analysis_generated", "symbol": "SOMIUSDT", "duration_ms": 4, "score": 75, "direction_score": -2.0, "current_price": 0.2405}
{"event": "monitor_context", "symbol": "SOMIUSDT", "direction": "SHORT", "entry_price": 0.2429, "current_price": 0.2405, "qty": "62", "baseline_qty": "123", "core_qty": "61.5", "scalp_qty": "61.5", "profit_locked": true, "need_partial_tp": false}
{"event": "open_orders_fetched", "symbol": "SOMIUSDT", "count": 2}
{"event": "llm_monitor_raw", "symbol": "SOMIUSDT", "raw": {"action": "HOLD", "reasoning": "The current position meets all strategy guidelines: Stop Loss is active and set above break-even (0.2424 vs entry 0.2429), Final Take Profit is set at 0.22, and Profit Locked is true preventing SL loosening. Market signals (bearish MA alignment, negative funding, sell-side imbalance) still support the short. No structural invalidation or immediate risk is present. Partial TP is not needed (Need: False), and size is already below Baseline Size after prior reduction.", "new_stop_loss": null, "new_take_profit": null, "partial_tp_price": null, "partial_tp_percent": null, "reduce_percent": null, "add_usdt": null}}
{"event": "market_data_fetched", "symbol": "SOMIUSDT", "duration_ms": 3388, "keys": ["funding_rate", "klines_15m", "klines_1h", "klines_1m", "oi_hist", "orderbook", "premium_index", "symbol"]}
{"event": "analysis_generated", "symbol": "SOMIUSDT", "duration_ms": 4, "score": 35, "direction_score": -2.0, "current_price": 0.2379}
{"event": "monitor_context", "symbol": "SOMIUSDT", "direction": "SHORT", "entry_price": 0.2429, "current_price": 0.2379, "qty": "62", "baseline_qty": "123", "core_qty": "61.5", "scalp_qty": "61.5", "profit_locked": true, "need_partial_tp": false}
{"event": "open_orders_fetched", "symbol": "SOMIUSDT", "count": 2}
{"event": "llm_monitor_raw", "symbol": "SOMIUSDT", "raw": {"action": "HOLD", "reasoning": "The current position is profitable with Profit Locked set to true, and the Stop Loss is appropriately placed above the entry price to ensure break-even (+fees). The market analysis shows bearish signals (1H均线空头排列, negative funding rate, good liquidity), supporting the continuation of the short position. No adjustments are needed as the trade aligns with the strategy guidelines and there are no invalidating market conditions.", "new_stop_loss": null, "new_take_profit": null, "partial_tp_price": null, "partial_tp_percent": null, "reduce_percent": null, "add_usdt": null}}
{"event": "market_data_fetched", "symbol": "SOMIUSDT", "duration_ms": 2789, "keys": ["funding_rate", "klines_15m", "klines_1h", "klines_1m", "oi_hist", "orderbook", "premium_index", "symbol"]}
{"event": "analysis_generated", "symbol": "SOMIUSDT", "duration_ms": 4, "score": 70, "direction_score": -1.0, "current_price": 0.2371}
{"event": "monitor_context", "symbol": "SOMIUSDT", "direction": "SHORT", "entry_price": 0.2429, "current_price": 0.2371, "qty": "62", "baseline_qty": "123", "core_qty": "61.5", "scalp_qty": "61.5", "profit_locked": true, "need_partial_tp": false}
{"event": "open_orders_fetched", "symbol": "SOMIUSDT", "count": 2}
{"event": "llm_monitor_raw", "symbol": "SOMIUSDT", "raw": {"action": "HOLD", "reasoning": "The current position meets all strategy guidelines: Stop Loss is active (0.2424, above break-even), Final Take Profit is set (0.22), and Profit Locked is true (preventing SL loosening). Market conditions remain favorable (Trend Score 70, bearish signals), and no structural invalidation is present. Since Smart Suggestions recommend 'None' and size is already below Baseline Size (61.5 vs. 123), no adjustments are needed.", "new_stop_loss": null, "new_take_profit": null, "partial_tp_price": null, "partial_tp_percent": null, "reduce_percent": null, "add_usdt": null}}
{"event": "market_data_fetched", "symbol": "SOMIUSDT", "duration_ms": 3203, "keys": ["funding_rate", "klines_15m", "klines_1h", "klines_1m", "oi_hist", "orderbook", "premium_index", "symbol"]}
{"event": "analysis_generated", "symbol": "SOMIUSDT", "duration_ms": 3, "score": 35, "direction_score": -2.0, "current_price": 0.2372}
{"event": "monitor_context", "symbol": "SOMIUSDT", "direction": "SHORT", "entry_price": 0.2429, "current_price": 0.2372, "qty": "62", "baseline_qty": "123", "core_qty": "61.5", "scalp_qty": "61.5", "profit_locked": true, "need_partial_tp": false}
{"event": "open_orders_fetched", "symbol": "SOMIUSDT", "count": 2}
{"event": "llm_monitor_raw", "symbol": "SOMIUSDT", "raw": {"action": "HOLD", "reasoning": "The current position is profitable with Profit Locked set to true, and the Stop Loss is active at a break-even level (0.2424, slightly above entry price including fees). The market analysis shows bearish signals (1H均线空头排列, negative funding rate, volatility合格), supporting the continuation of the short. No immediate adjustment is needed as per the Stability guideline (no major invalidation or profit-lock requirement). The Partial Take Profit is not required (Need: False), and the Final Take Profit is already set at 0.22. Adding to the position is unnecessary since Profit Locked is true and current size (62) is already close to Baseline Size (123) after partial TP.", "new_stop_loss": null, "new_take_profit": null, "partial_tp_price": null, "partial_tp_percent": null, "reduce_percent": null, "add_usdt": null}}
{"event": "market_data_fetched", "symbol": "SOMIUSDT", "duration_ms": 4303, "keys": ["funding_rate", "klines_15m", "klines_1h", "klines_1m", "oi_hist", "orderbook", "premium_index", "symbol"]}
{"event": "analysis_generated", "symbol": "SOMIUSDT", "duration_ms": 4, "score": 50, "direction_score": -2.0, "current_price": 0.2356}
{"event": "monitor_context", "symbol": "SOMIUSDT", "direction": "SHORT", "entry_price": 0.2429, "current_price": 0.2356, "qty": "62", "baseline_qty": "123", "core_qty": "61.5", "scalp_qty": "61.5", "profit_locked": true, "need_partial_tp": false}
{"event": "open_orders_fetched", "symbol": "SOMIUSDT", "count": 2}
{"event": "llm_monitor_raw", "symbol": "SOMIUSDT", "raw": {"action": "HOLD", "reasoning": "The current position meets all strategy guidelines: Stop Loss is active and set at break-even (+fees), Final Take Profit is set, and Profit Locked is true. The market analysis does not indicate any invalidation of the trade setup, and there are no smart suggestions prompting an adjustment. The position size is already below the Baseline Size after partial TP, but since Profit Locked is true, adding is optional and not necessary unless there's a clear opportunity. Therefore, maintaining the current orders is the most prudent action.", "new_stop_loss": null, "new_take_profit": null, "partial_tp_price": null, "partial_tp_percent": null, "reduce_percent": null, "add_usdt": null}}
{"event": "market_data_fetched", "symbol": "SOMIUSDT", "duration_ms": 3232, "keys": ["funding_rate", "klines_15m", "klines_1h", "klines_1m", "oi_hist", "orderbook", "premium_index", "symbol"]}
{"event": "analysis_generated", "symbol": "SOMIUSDT", "duration_ms": 3, "score": 55, "direction_score": -2.0, "current_price": 0.2359}
{"event": "monitor_context", "symbol": "SOMIUSDT", "direction": "SHORT", "entry_price": 0.2429, "current_price": 0.2359, "qty": "62", "baseline_qty": "123", "core_qty": "61.5", "scalp_qty": "61.5", "profit_locked": true, "need_partial_tp": false}
{"event": "open_orders_fetched", "symbol": "SOMIUSDT", "count": 2}
{"event": "llm_monitor_raw", "symbol": "SOMIUSDT", "raw": {"action": "HOLD", "reasoning": "The current position meets all strategy guidelines: Stop Loss is active and set above break-even (0.2424 vs. entry 0.2429), Final Take Profit is set at 0.22, and Profit Locked is true (preventing SL loosening). Market conditions remain favorable (1H均线空头排列, negative funding, good liquidity) with no structural invalidation. No adjustments are needed as the trade is progressing within expected parameters.", "new_stop_loss": null, "new_take_profit": null, "partial_tp_price": null, "partial_tp_percent": null, "reduce_percent": null, "add_usdt": null}}
{"event": "market_data_fetched", "symbol": "SOMIUSDT", "duration_ms": 3513, "keys": ["funding_rate", "klines_15m", "klines_1h", "klines_1m", "oi_hist", "orderbook", "premium_index", "symbol"]}
{"event": "analysis_generated", "symbol": "SOMIUSDT", "duration_ms": 4, "score": 40, "direction_score": -2.0, "current_price": 0.2343}
{"event": "monitor_context", "symbol": "SOMIUSDT", "direction": "SHORT", "entry_price": 0.2429, "current_price": 0.2343, "qty": "62", "baseline_qty": "123", "core_qty": "61.5", "scalp_qty": "61.5", "profit_locked": true, "need_partial_tp": false}
{"event": "open_orders_fetched", "symbol": "SOMIUSDT", "count": 2}
{"event": "llm_monitor_raw", "symbol": "SOMIUSDT", "raw": {"action": "HOLD", "reasoning": "The current position meets all strategy guidelines: Stop Loss is active at 0.2424 (above break-even), Final Take Profit is set at 0.22, and Profit Locked is true (preventing SL loosening). Market conditions remain favorable (1H均线空头排列, negative funding, volatility合格) with no structural invalidation. No partial TP is needed as 'Need: False', and size is already below Baseline Size (61.5 vs 123). No adjustments are required per stability rules.", "new_stop_loss": null, "new_take_profit": null, "partial_tp_price": null, "partial_tp_percent": null, "reduce_percent": null, "add_usdt": null}}
{"event": "market_data_fetched", "symbol": "SOMIUSDT", "duration_ms": 3062, "keys": ["funding_rate", "klines_15m", "klines_1h", "klines_1m", "oi_hist", "orderbook", "premium_index", "symbol"]}
{"event": "analysis_generated", "symbol": "SOMIUSDT", "duration_ms": 3, "score": 25, "direction_score": -2.0, "current_price": 0.2341}
{"event": "monitor_context", "symbol": "SOMIUSDT", "direction": "SHORT", "entry_price": 0.2429, "current_price": 0.2341, "qty": "62", "baseline_qty": "123", "core_qty": "61.5", "scalp_qty": "61.5", "profit_locked": true, "need_partial_tp": false}
{"event": "open_orders_fetched", "symbol": "SOMIUSDT", "count": 2}
{"event": "market_data_fetched", "symbol": "SOMIUSDT", "duration_ms": 2757, "keys": ["funding_rate", "klines_15m", "klines_1h", "klines_1m", "oi_hist", "orderbook", "premium_index", "symbol"]}
{"event": "analysis_generated", "symbol": "SOMIUSDT", "duration_ms": 9, "score": 75, "direction_score": -1.0, "current_price": 0.2337}
{"event": "monitor_context", "symbol": "SOMIUSDT", "direction": "SHORT", "entry_price": 0.2429, "current_price": 0.2337, "qty": "62", "baseline_qty": "123", "core_qty": "61.5", "scalp_qty": "61.5", "profit_locked": true, "need_partial_tp": false}
{"event": "open_orders_fetched", "symbol": "SOMIUSDT", "count": 2}
{"event": "llm_monitor_raw", "symbol": "SOMIUSDT", "raw": {"action": "HOLD", "reasoning": "The current position is profitable with a locked profit, and all necessary orders (Stop Loss and Final Take Profit) are active. The market analysis supports the continuation of the downtrend, and there is no immediate need to adjust orders or close the position. The strategy guidelines recommend holding when profit is locked and all risk management orders are in place.", "new_stop_loss": null, "new_take_profit": null, "partial_tp_price": null, "partial_tp_percent": null, "reduce_percent": null, "add_usdt": null}}
{"event": "market_data_fetched", "symbol": "SOMIUSDT", "duration_ms": 2767, "keys": ["funding_rate", "klines_15m", "klines_1h", "klines_1m", "oi_hist", "orderbook", "premium_index", "symbol"]}
{"event": "analysis_generated", "symbol": "SOMIUSDT", "duration_ms": 4, "score": 35, "direction_score": -2.0, "current_price": 0.234}
{"event": "monitor_context", "symbol": "SOMIUSDT", "direction": "SHORT", "entry_price": 0.2429, "current_price": 0.234, "qty": "62", "baseline_qty": "123", "core_qty": "61.5", "scalp_qty": "61.5", "profit_locked": true, "need_partial_tp": false}
{"event": "open_orders_fetched", "symbol": "SOMIUSDT", "count": 2}
{"event": "llm_monitor_raw", "symbol": "SOMIUSDT", "raw": {"action": "HOLD", "reasoning": "Current position meets all strategy guidelines: Stop Loss is active and set above break-even (0.2424 vs. entry 0.2429), Final Take Profit is set at 0.22, and Profit Locked is true (preventing SL loosening). Market conditions show bearish signals (1H均线空头排列, negative funding) but no structural invalidation. No Smart Suggestions or urgent adjustments needed. Stability rules apply - no minor order changes required.", "new_stop_loss": null, "new_take_profit": null, "partial_tp_price": null, "partial_tp_percent": null, "reduce_percent": null, "add_usdt": null}}
{"event": "market_data_fetched", "symbol": "SOMIUSDT", "duration_ms": 3521, "keys": ["funding_rate", "klines_15m", "klines_1h", "klines_1m", "oi_hist", "orderbook", "premium_index", "symbol"]}
{"event": "analysis_generated", "symbol": "SOMIUSDT", "duration_ms": 3, "score": 55, "direction_score": -2.0, "current_price": 0.2349}
{"event": "monitor_context", "symbol": "SOMIUSDT", "direction": "SHORT", "entry_price": 0.2429, "current_price": 0.2349, "qty": "62", "baseline_qty": "123", "core_qty": "61.5", "scalp_qty": "61.5", "profit_locked": true, "need_partial_tp": false}
{"event": "open_orders_fetched", "symbol": "SOMIUSDT", "count": 2}
{"event": "llm_monitor_raw", "symbol": "SOMIUSDT", "raw": {"action": "HOLD", "reasoning": "The current position meets all strategy guidelines: Stop Loss is active and set above break-even (0.2424 vs. entry 0.2429), Final Take Profit is set at 0.22, and Profit Locked is true (preventing SL loosening). Market conditions remain favorable (1H均线空头排列, negative funding, volatility合格) with no structural invalidation. No adjustments are needed as the trade is progressing within expected parameters.", "new_stop_loss": null, "new_take_profit": null, "partial_tp_price": null, "partial_tp_percent": null, "reduce_percent": null, "add_usdt": null}}
{"event": "market_data_fetched", "symbol": "SOMIUSDT", "duration_ms": 3539, "keys": ["funding_rate", "klines_15m", "klines_1h", "klines_1m", "oi_hist", "orderbook", "premium_index", "symbol"]}
{"event": "analysis_generated", "symbol": "SOMIUSDT", "duration_ms": 5, "score": 55, "direction_score": -2.0, "current_price": 0.2339}
{"event": "monitor_context", "symbol": "SOMIUSDT", "direction": "SHORT", "entry_price": 0.2429, "current_price": 0.2339, "qty": "62", "baseline_qty": "123", "core_qty": "61.5", "scalp_qty": "61.5", "profit_locked": true, "need_partial_tp": false}
{"event": "open_orders_fetched", "symbol": "SOMIUSDT", "count": 2}
{"event": "llm_monitor_raw", "symbol": "SOMIUSDT", "raw": {"action": "HOLD", "reasoning": "The current position meets all strategy guidelines: Stop Loss is active and set above break-even (0.2424 vs entry 0.2429), Final Take Profit is set at 0.22, and Profit Locked is true preventing SL loosening. Market conditions remain favorable (55 Trend Score, negative funding, good liquidity) with no structural invalidation. No partial TP is needed as 'Need: False', and size is already below Baseline Size (61.5 vs 123). No adjustments are required for minor fluctuations.", "new_stop_loss": null, "new_take_profit": null, "partial_tp_price": null, "partial_tp_percent": null, "reduce_percent": null, "add_usdt": null}}
{"event": "market_data_fetched", "symbol": "SOMIUSDT", "duration_ms": 2762, "keys": ["funding_rate", "klines_15m", "klines_1h", "klines_1m", "oi_hist", "orderbook", "premium_index", "symbol"]}
{"event": "analysis_generated", "symbol": "SOMIUSDT", "duration_ms": 4, "score": 70, "direction_score": -3.0, "current_price": 0.2338}
{"event": "monitor_context", "symbol": "SOMIUSDT", "direction": "SHORT", "entry_price": 0.2429, "current_price": 0.2338, "qty": "62", "baseline_qty": "123", "core_qty": "61.5", "scalp_qty": "61.5", "profit_locked": true, "need_partial_tp": false}
{"event": "open_orders_fetched", "symbol": "SOMIUSDT", "count": 2}
{"event": "llm_monitor_raw", "symbol": "SOMIUSDT", "raw": {"action": "HOLD", "reasoning": "The current position meets all strategy guidelines: Stop Loss is active and set above break-even (0.2424 vs. entry 0.2429), Final Take Profit is set at 0.22, and Profit Locked is true preventing SL loosening. Market conditions remain favorable (Trend Score 70, bearish signals), and no structural invalidation exists. No adjustments are needed as the position is already partially reduced (Core Size 61.5 vs. Baseline 123) and no Smart Suggestions recommend action.", "new_stop_loss": null, "new_take_profit": null, "partial_tp_price": null, "partial_tp_percent": null, "reduce_percent": null, "add_usdt": null}}
{"event": "market_data_fetched", "symbol": "SOMIUSDT", "duration_ms": 3289, "keys": ["funding_rate", "klines_15m", "klines_1h", "klines_1m", "oi_hist", "orderbook", "premium_index", "symbol"]}
{"event": "analysis_generated", "symbol": "SOMIUSDT", "duration_ms": 4, "score": 55, "direction_score": -2.0, "current_price": 0.235}
{"event": "monitor_context", "symbol": "SOMIUSDT", "direction": "SHORT", "entry_price": 0.2429, "current_price": 0.235, "qty": "62", "baseline_qty": "123", "core_qty": "61.5", "scalp_qty": "61.5", "profit_locked": true, "need_partial_tp": false}
{"event": "open_orders_fetched", "symbol": "SOMIUSDT", "count": 2}
{"event": "llm_monitor_raw", "symbol": "SOMIUSDT", "raw": {"action": "HOLD", "reasoning": "The current position meets all strategy guidelines: Stop Loss is active and set above break-even (0.2424 vs. entry 0.2429), Final Take Profit is set at 0.22, and Profit Locked is true (preventing SL loosening). Market analysis shows the trend score (55) still supports the short, and no structural invalidation signals are present. No adjustments are needed for minor fluctuations.", "new_stop_loss": null, "new_take_profit": null, "partial_tp_price": null, "partial_tp_percent": null, "reduce_percent": null, "add_usdt": null}}
{"event": "market_data_fetched", "symbol": "SOMIUSDT", "duration_ms": 3779, "keys": ["funding_rate", "klines_15m", "klines_1h", "klines_1m", "oi_hist", "orderbook", "premium_index", "symbol"]}
{"event": "analysis_generated", "symbol": "SOMIUSDT", "duration_ms": 3, "score": 50, "direction_score": -2.0, "current_price": 0.2352}
{"event": "monitor_context", "symbol": "SOMIUSDT", "direction": "SHORT", "entry_price": 0.2429, "current_price": 0.2352, "qty": "62", "baseline_qty": "123", "core_qty": "61.5", "scalp_qty": "61.5", "profit_locked": true, "need_partial_tp": false}
{"event": "open_orders_fetched", "symbol": "SOMIUSDT", "count": 2}
{"event": "llm_monitor_raw", "symbol": "SOMIUSDT", "raw": {"action": "HOLD", "reasoning": "The current position meets all strategy guidelines: Stop Loss is active and set above break-even (0.2424 vs. entry 0.2429), Final Take Profit is set at 0.22, and Profit Locked is true preventing SL loosening. Market conditions remain favorable (1H均线空头排列, negative funding, good liquidity) with no structural invalidation. No immediate adjustment is needed as the trade aligns with the initial plan and Smart Suggestions recommend no action.", "new_stop_loss": null, "new_take_profit": null, "partial_tp_price": null, "partial_tp_percent": null, "reduce_percent": null, "add_usdt": null}}
{"event": "market_data_fetched", "symbol": "SOMIUSDT", "duration_ms": 3233, "keys": ["funding_rate", "klines_15m", "klines_1h", "klines_1m", "oi_hist", "orderbook", "premium_index", "symbol"]}
{"event": "analysis_generated", "symbol": "SOMIUSDT", "duration_ms": 4, "score": 50, "direction_score": -2.0, "current_price": 0.234}
{"event": "monitor_context", "symbol": "SOMIUSDT", "direction": "SHORT", "entry_price": 0.2429, "current_price": 0.234, "qty": "62", "baseline_qty": "123", "core_qty": "61.5", "scalp_qty": "61.5", "profit_locked": true, "need_partial_tp": false}
{"event": "open_orders_fetched", "symbol": "SOMIUSDT", "count": 2}
{"event": "llm_monitor_raw", "symbol": "SOMIUSDT", "raw": {"action": "HOLD", "reasoning": "The current position meets all strategy guidelines: Stop Loss is active and set above break-even (0.2424 vs. entry 0.2429), Final Take Profit is set at 0.22, and Profit Locked is true preventing SL loosening. Market analysis shows neutral trend score (50) but maintains bearish signals (1H MA排列, negative funding). No Smart Suggestions or structural invalidation warrant order changes. Stability rules prohibit unnecessary adjustments.", "new_stop_loss": null, "new_take_profit": null, "partial_tp_price": null, "partial_tp_percent": null, "reduce_percent": null, "add_usdt": null}}
{"event": "market_data_fetched", "symbol": "SOMIUSDT", "duration_ms": 2776, "keys": ["funding_rate", "klines_15m", "klines_1h", "klines_1m", "oi_hist", "orderbook", "premium_index", "symbol"]}
{"event": "analysis_generated", "symbol": "SOMIUSDT", "duration_ms": 4, "score": 50, "direction_score": -2.0, "current_price": 0.2335}
{"event": "monitor_context", "symbol": "SOMIUSDT", "direction": "SHORT", "entry_price": 0.2429, "current_price": 0.2335, "qty": "62", "baseline_qty": "123", "core_qty": "61.5", "scalp_qty": "61.5", "profit_locked": true, "need_partial_tp": false}
{"event": "open_orders_fetched", "symbol": "SOMIUSDT", "count": 2}
{"event": "llm_monitor_raw", "symbol": "SOMIUSDT", "raw": {"action": "HOLD", "reasoning": "The current position meets all strategy guidelines: Stop Loss is active and set above break-even (0.2424 vs. entry 0.2429), Final Take Profit is set at 0.22, and Profit Locked is true (preventing SL loosening). Market conditions remain favorable (1H均线空头排列, negative funding, good liquidity) with no structural invalidation. No partial TP is needed as 'Need: False', and the position size is already below Baseline Size after partial TP. No adjustments are required under current stability rules.", "new_stop_loss": null, "new_take_profit": null, "partial_tp_price": null, "partial_tp_percent": null, "reduce_percent": null, "add_usdt": null}}
{"event": "market_data_fetched", "symbol": "SOMIUSDT", "duration_ms": 2756, "keys": ["funding_rate", "klines_15m", "klines_1h", "klines_1m", "oi_hist", "orderbook", "premium_index", "symbol"]}
{"event": "analysis_generated", "symbol": "SOMIUSDT", "duration_ms": 3, "score": 50, "direction_score": -2.0, "current_price": 0.2336}
{"event": "monitor_context", "symbol": "SOMIUSDT", "direction": "SHORT", "entry_price": 0.2429, "current_price": 0.2336, "qty": "62", "baseline_qty": "123", "core_qty": "61.5", "scalp_qty": "61.5", "profit_locked": true, "need_partial_tp": false}
{"event": "open_orders_fetched", "symbol": "SOMIUSDT", "count": 2}
{"event": "llm_monitor_raw", "symbol": "SOMIUSDT", "raw": {"action": "HOLD", "reasoning": "The current position meets all strategy guidelines: Stop Loss is active and set above break-even (0.2424 vs. entry 0.2429), Final Take Profit is set at 0.22, and Profit Locked is true (preventing SL loosening). Market conditions remain favorable (1H均线空头排列, negative funding, good liquidity) with no structural invalidation. No adjustments are needed as the trade is progressing within expected parameters.", "new_stop_loss": null, "new_take_profit": null, "partial_tp_price": null, "partial_tp_percent": null, "reduce_percent": null, "add_usdt": null}}
{"event": "market_data_fetched", "symbol": "SOMIUSDT", "duration_ms": 4418, "keys": ["funding_rate", "klines_15m", "klines_1h", "klines_1m", "oi_hist", "orderbook", "premium_index", "symbol"]}
{"event": "analysis_generated", "symbol": "SOMIUSDT", "duration_ms": 3, "score": 55, "direction_score": -2.0, "current_price": 0.2331}
{"event": "monitor_context", "symbol": "SOMIUSDT", "direction": "SHORT", "entry_price": 0.2429, "current_price": 0.2331, "qty": "62", "baseline_qty": "123", "core_qty": "61.5", "scalp_qty": "61.5", "profit_locked": true, "need_partial_tp": false}
{"event": "open_orders_fetched", "symbol": "SOMIUSDT", "count": 2}
{"event": "llm_monitor_raw", "symbol": "SOMIUSDT", "raw": {"action": "HOLD", "reasoning": "The current position is profitable with a locked profit, and the stop loss is appropriately set at 0.2424 (just above the entry price of 0.2429 to ensure break-even after fees). The market analysis shows a neutral to slightly bearish trend (Trend Score: 55) with supporting signals like negative funding rate and good liquidity. There is no need to adjust orders as the market structure has not invalidated the trade, and the stop loss is not missing or too risky. The strategy guidelines recommend holding the position with the existing stop loss and final take profit orders in place.", "new_stop_loss": null, "new_take_profit": null, "partial_tp_price": null, "partial_tp_percent": null, "reduce_percent": null, "add_usdt": null}}
{"event": "market_data_fetched", "symbol": "SOMIUSDT", "duration_ms": 2761, "keys": ["funding_rate", "klines_15m", "klines_1h", "klines_1m", "oi_hist", "orderbook", "premium_index", "symbol"]}
{"event": "analysis_generated", "symbol": "SOMIUSDT", "duration_ms": 4, "score": 35, "direction_score": -2.0, "current_price": 0.2347}
{"event": "monitor_context", "symbol": "SOMIUSDT", "direction": "SHORT", "entry_price": 0.2429, "current_price": 0.2347, "qty": "62", "baseline_qty": "123", "core_qty": "61.5", "scalp_qty": "61.5", "profit_locked": true, "need_partial_tp": false}
{"event": "open_orders_fetched", "symbol": "SOMIUSDT", "count": 2}
{"event": "llm_monitor_raw", "symbol": "SOMIUSDT", "raw": {"action": "HOLD", "reasoning": "The current position meets all strategy guidelines: Stop Loss is active at 0.2424 (above break-even), Final Take Profit is set at 0.22, and Profit Locked is true (preventing SL loosening). Market conditions (bearish 1H MA, negative funding, volatility) still support the short, and no structural invalidation is present. No adjustments are needed as orders are correctly placed and stability rules prohibit unnecessary changes.", "new_stop_loss": null, "new_take_profit": null, "partial_tp_price": null, "partial_tp_percent": null, "reduce_percent": null, "add_usdt": null}}
{"event": "market_data_fetched", "symbol": "SOMIUSDT", "duration_ms": 2765, "keys": ["funding_rate", "klines_15m", "klines_1h", "klines_1m", "oi_hist", "orderbook", "premium_index", "symbol"]}
{"event": "analysis_generated", "symbol": "SOMIUSDT", "duration_ms": 4, "score": 35, "direction_score": -2.0, "current_price": 0.2359}
{"event": "monitor_context", "symbol": "SOMIUSDT", "direction": "SHORT", "entry_price": 0.2429, "current_price": 0.2359, "qty": "62", "baseline_qty": "123", "core_qty": "61.5", "scalp_qty": "61.5", "profit_locked": true, "need_partial_tp": false}
{"event": "open_orders_fetched", "symbol": "SOMIUSDT", "count": 2}
{"event": "llm_monitor_raw", "symbol": "SOMIUSDT", "raw": {"action": "HOLD", "reasoning": "The current position meets all strategy guidelines: Stop Loss is active and set above break-even (0.2424 vs. entry 0.2429), Final Take Profit is set at 0.22, and Profit Locked is true preventing SL loosening. Market analysis shows bearish signals (1H均线空头排列, negative funding) but no structural invalidation. No adjustments are needed as the trade remains valid and orders are properly configured.", "new_stop_loss": null, "new_take_profit": null, "partial_tp_price": null, "partial_tp_percent": null, "reduce_percent": null, "add_usdt": null}}
{"event": "market_data_fetched", "symbol": "SOMIUSDT", "duration_ms": 3521, "keys": ["funding_rate", "klines_15m", "klines_1h", "klines_1m", "oi_hist", "orderbook", "premium_index", "symbol"]}
{"event": "analysis_generated", "symbol": "SOMIUSDT", "duration_ms": 2, "score": 35, "direction_score": -2.0, "current_price": 0.2355}
{"event": "monitor_context", "symbol": "SOMIUSDT", "direction": "SHORT", "entry_price": 0.2429, "current_price": 0.2355, "qty": "62", "baseline_qty": "123", "core_qty": "61.5", "scalp_qty": "61.5", "profit_locked": true, "need_partial_tp": false}
{"event": "open_orders_fetched", "symbol": "SOMIUSDT", "count": 2}
{"event": "llm_monitor_raw", "symbol": "SOMIUSDT", "raw": {"action": "HOLD", "reasoning": "The current position meets all strategy guidelines: Stop Loss is active and set above break-even (0.2424 vs. entry 0.2429), Final Take Profit is set at 0.22, and Profit Locked is true preventing SL loosening. Market analysis shows continued bearish signals (1H均线空头排列, negative funding) without invalidation. No immediate adjustment is needed per stability rules.", "new_stop_loss": null, "new_take_profit": null, "partial_tp_price": null, "partial_tp_percent": null, "reduce_percent": null, "add_usdt": null}}
{"event": "market_data_fetched", "symbol": "SOMIUSDT", "duration_ms": 3015, "keys": ["funding_rate", "klines_15m", "klines_1h", "klines_1m", "oi_hist", "orderbook", "premium_index", "symbol"]}
{"event": "analysis_generated", "symbol": "SOMIUSDT", "duration_ms": 3, "score": 45, "direction_score": -2.0, "current_price": 0.2357}
{"event": "monitor_context", "symbol": "SOMIUSDT", "direction": "SHORT", "entry_price": 0.2429, "current_price": 0.2357, "qty": "62", "baseline_qty": "123", "core_qty": "61.5", "scalp_qty": "61.5", "profit_locked": true, "need_partial_tp": false}
{"event": "open_orders_fetched", "symbol": "SOMIUSDT", "count": 2}
{"event": "llm_monitor_raw", "symbol": "SOMIUSDT", "raw": {"action": "HOLD", "reasoning": "The current position meets all strategy guidelines: Stop Loss is active and set above break-even (0.2424 vs. entry 0.2429), Final Take Profit is set at 0.22, and Profit Locked is true which prevents loosening SL. Market analysis shows neutral trend score (45) with bearish signals (1H均线空头排列, negative funding), but no structural invalidation. No Smart Suggestions indicate immediate action is needed. Stability rules prohibit order changes for minor fluctuations.", "new_stop_loss": null, "new_take_profit": null, "partial_tp_price": null, "partial_tp_percent": null, "reduce_percent": null, "add_usdt": null}}
{"event": "market_data_fetched", "symbol": "SOMIUSDT", "duration_ms": 3979, "keys": ["funding_rate", "klines_15m", "klines_1h", "klines_1m", "oi_hist", "orderbook", "premium_index", "symbol"]}
{"event": "analysis_generated", "symbol": "SOMIUSDT", "duration_ms": 4, "score": 45, "direction_score": -2.0, "current_price": 0.2367}
{"event": "monitor_context", "symbol": "SOMIUSDT", "direction": "SHORT", "entry_price": 0.2429, "current_price": 0.2367, "qty": "62", "baseline_qty": "123", "core_qty": "61.5", "scalp_qty": "61.5", "profit_locked": true, "need_partial_tp": false}
{"event": "open_orders_fetched", "symbol": "SOMIUSDT", "count": 2}
{"event": "llm_monitor_raw", "symbol": "SOMIUSDT", "raw": {"action": "HOLD", "reasoning": "The current position is profitable with a locked profit, and the stop loss is appropriately set above the entry price to ensure break-even after fees. The market analysis does not indicate a need to adjust orders, as the trend score is still below 50 and the signals remain favorable for the short position. The strategy guidelines recommend holding the position unless there is a significant change in market structure or a need to lock in profits, neither of which is currently present.", "new_stop_loss": null, "new_take_profit": null, "partial_tp_price": null, "partial_tp_percent": null, "reduce_percent": null, "add_usdt": null}}
{"event": "market_data_fetched", "symbol": "SOMIUSDT", "duration_ms": 2997, "keys": ["funding_rate", "klines_15m", "klines_1h", "klines_1m", "oi_hist", "orderbook", "premium_index", "symbol"]}
{"event": "analysis_generated", "symbol": "SOMIUSDT", "duration_ms": 4, "score": 40, "direction_score": -2.0, "current_price": 0.237}
{"event": "monitor_context", "symbol": "SOMIUSDT", "direction": "SHORT", "entry_price": 0.2429, "current_price": 0.237, "qty": "62", "baseline_qty": "123", "core_qty": "61.5", "scalp_qty": "61.5", "profit_locked": true, "need_partial_tp": false}
{"event": "open_orders_fetched", "symbol": "SOMIUSDT", "count": 2}
{"event": "llm_monitor_raw", "symbol": "SOMIUSDT", "raw": {"action": "HOLD", "reasoning": "The current position meets all strategy guidelines: a full Stop Loss is active at 0.2424 (above break-even to protect profits), a Final Take Profit is set at 0.22, and no Partial Take Profit is needed (as 'Need: False'). Profit Lock is enabled, so the Stop Loss cannot be loosened. Market conditions (Trend Score 40, bearish signals, negative funding) still support the short, and no structural invalidation is present. No adjustments are required unless market conditions change.", "new_stop_loss": null, "new_take_profit": null, "partial_tp_price": null, "partial_tp_percent": null, "reduce_percent": null, "add_usdt": null}}
{"event": "market_data_fetched", "symbol": "SOMIUSDT", "duration_ms": 3043, "keys": ["funding_rate", "klines_15m", "klines_1h", "klines_1m", "oi_hist", "orderbook", "premium_index", "symbol"]}
{"event": "analysis_generated", "symbol": "SOMIUSDT", "duration_ms": 3, "score": 40, "direction_score": -2.0, "current_price": 0.2378}
{"event": "monitor_context", "symbol": "SOMIUSDT", "direction": "SHORT", "entry_price": 0.2429, "current_price": 0.2378, "qty": "62", "baseline_qty": "123", "core_qty": "61.5", "scalp_qty": "61.5", "profit_locked": true, "need_partial_tp": false}
{"event": "open_orders_fetched", "symbol": "SOMIUSDT", "count": 2}
{"event": "llm_monitor_raw", "symbol": "SOMIUSDT", "raw": {"action": "HOLD", "reasoning": "The current position is profitable with Profit Locked set to true, and the Stop Loss is appropriately placed above the entry price to ensure break-even (+fees). The market analysis shows favorable conditions for maintaining the short position (1H均线空头排列, negative funding rate, good liquidity). No adjustments are needed as the trade aligns with the strategy and stability guidelines.", "new_stop_loss": null, "new_take_profit": null, "partial_tp_price": null, "partial_tp_percent": null, "reduce_percent": null, "add_usdt": null}}
{"event": "market_data_fetched", "symbol": "SOMIUSDT", "duration_ms": 2800, "keys": ["funding_rate", "klines_15m", "klines_1h", "klines_1m", "oi_hist", "orderbook", "premium_index", "symbol"]}
{"event": "analysis_generated", "symbol": "SOMIUSDT", "duration_ms": 2, "score": 50, "direction_score": -2.0, "current_price": 0.2384}
{"event": "monitor_context", "symbol": "SOMIUSDT", "direction": "SHORT", "entry_price": 0.2429, "current_price": 0.2384, "qty": "62", "baseline_qty": "123", "core_qty": "61.5", "scalp_qty": "61.5", "profit_locked": true, "need_partial_tp": false}
{"event": "open_orders_fetched", "symbol": "SOMIUSDT", "count": 2}
{"event": "market_data_fetched", "symbol": "SOMIUSDT", "duration_ms": 4238, "keys": ["funding_rate", "klines_15m", "klines_1h", "klines_1m", "oi_hist", "orderbook", "premium_index", "symbol"]}
{"event": "analysis_generated", "symbol": "SOMIUSDT", "duration_ms": 4, "score": 55, "direction_score": -2.0, "current_price": 0.2373}
{"event": "monitor_context", "symbol": "SOMIUSDT", "direction": "SHORT", "entry_price": 0.2429, "current_price": 0.2373, "qty": "62", "baseline_qty": "123", "core_qty": "61.5", "scalp_qty": "61.5", "profit_locked": true, "need_partial_tp": false}
{"event": "open_orders_fetched", "symbol": "SOMIUSDT", "count": 2}
{"event": "llm_monitor_raw", "symbol": "SOMIUSDT", "raw": {"action": "HOLD", "reasoning": "The current position is profitable with Profit Locked set to true, and all necessary orders (Stop Loss and Final Take Profit) are active. The Stop Loss is appropriately set above break-even (+fees) as required. The market analysis does not indicate any invalidation of the trade setup, and the trend score remains favorable (>40). There is no need for a Partial Take Profit as 'Need' is False. The position size is already below the Baseline Size, but since Profit Locked is true and the strategy allows adding only if current size < Baseline Size, we could consider adding. However, the Smart Suggestions do not recommend any action, and the current setup aligns with the strategy guidelines. Therefore, holding the position with existing orders is the optimal decision.", "new_stop_loss": null, "new_take_profit": null, "partial_tp_price": null, "partial_tp_percent": null, "reduce_percent": null, "add_usdt": null}}
{"event": "market_data_fetched", "symbol": "SOMIUSDT", "duration_ms": 4212, "keys": ["funding_rate", "klines_15m", "klines_1h", "klines_1m", "oi_hist", "orderbook", "premium_index", "symbol"]}
{"event": "analysis_generated", "symbol": "SOMIUSDT", "duration_ms": 2, "score": 40, "direction_score": -2.0, "current_price": 0.2383}
{"event": "monitor_context", "symbol": "SOMIUSDT", "direction": "SHORT", "entry_price": 0.2429, "current_price": 0.2383, "qty": "62", "baseline_qty": "123", "core_qty": "61.5", "scalp_qty": "61.5", "profit_locked": true, "need_partial_tp": false}
{"event": "open_orders_fetched", "symbol": "SOMIUSDT", "count": 2}
{"event": "llm_monitor_raw", "symbol": "SOMIUSDT", "raw": {"action": "HOLD", "reasoning": "The current position is profitable with Profit Locked set to true, and all necessary orders (Stop Loss and Final Take Profit) are active. The market analysis does not indicate any immediate need to adjust orders or close the position. The trend score is neutral (40), and the signals support maintaining the short position. Since Profit Locked is true and the current size is below the Baseline Size, adding to the position is an option, but there is no strong signal suggesting immediate action is needed. Therefore, holding the current position and orders is the most prudent decision.", "new_stop_loss": null, "new_take_profit": null, "partial_tp_price": null, "partial_tp_percent": null, "reduce_percent": null, "add_usdt": null}}
{"event": "market_data_fetched", "symbol": "SOMIUSDT", "duration_ms": 3244, "keys": ["funding_rate", "klines_15m", "klines_1h", "klines_1m", "oi_hist", "orderbook", "premium_index", "symbol"]}
{"event": "analysis_generated", "symbol": "SOMIUSDT", "duration_ms": 3, "score": 45, "direction_score": -2.0, "current_price": 0.2376}
{"event": "monitor_context", "symbol": "SOMIUSDT", "direction": "SHORT", "entry_price": 0.2429, "current_price": 0.2376, "qty": "62", "baseline_qty": "123", "core_qty": "61.5", "scalp_qty": "61.5", "profit_locked": true, "need_partial_tp": false}
{"event": "open_orders_fetched", "symbol": "SOMIUSDT", "count": 2}
{"event": "llm_monitor_raw", "symbol": "SOMIUSDT", "raw": {"action": "HOLD", "reasoning": "The current position is profitable with Profit Locked set to true, and all necessary orders (Stop Loss and Final Take Profit) are active. The Stop Loss is appropriately set above break-even (+fees) as required. The market analysis does not indicate any invalidation of the trade setup, and the trend score remains below the threshold that would suggest closing the position. There is no need for a Partial Take Profit as 'Need' is False. The strategy guidelines recommend maintaining the current orders without adjustments unless specific conditions are met, which are not currently present.", "new_stop_loss": null, "new_take_profit": null, "partial_tp_price": null, "partial_tp_percent": null, "reduce_percent": null, "add_usdt": null}}
{"event": "market_data_fetched", "symbol": "SOMIUSDT", "duration_ms": 2744, "keys": ["funding_rate", "klines_15m", "klines_1h", "klines_1m", "oi_hist", "orderbook", "premium_index", "symbol"]}
{"event": "analysis_generated", "symbol": "SOMIUSDT", "duration_ms": 1, "score": 25, "direction_score": -2.0, "current_price": 0.2374}
{"event": "monitor_context", "symbol": "SOMIUSDT", "direction": "SHORT", "entry_price": 0.2429, "current_price": 0.2374, "qty": "62", "baseline_qty": "123", "core_qty": "61.5", "scalp_qty": "61.5", "profit_locked": true, "need_partial_tp": false}
{"event": "open_orders_fetched", "symbol": "SOMIUSDT", "count": 2}
{"event": "llm_monitor_raw", "symbol": "SOMIUSDT", "raw": {"action": "HOLD", "reasoning": "Current position aligns with strategy guidelines: Stop Loss is active and set above break-even (0.2424 vs. entry 0.2429), Final Take Profit is set at 0.22, and Profit Locked is true preventing SL loosening. Market conditions (bearish MA alignment, negative funding, volatility) still support the short. No structural invalidation or immediate profit-locking need detected. Scalping addition isn't required as current size (62) is near Core Size (61.5) and below Baseline (123), but volatility doesn't justify aggressive adding.", "new_stop_loss": null, "new_take_profit": null, "partial_tp_price": null, "partial_tp_percent": null, "reduce_percent": null, "add_usdt": null}}
{"event": "market_data_fetched", "symbol": "SOMIUSDT", "duration_ms": 3275, "keys": ["funding_rate", "klines_15m", "klines_1h", "klines_1m", "oi_hist", "orderbook", "premium_index", "symbol"]}
{"event": "analysis_generated", "symbol": "SOMIUSDT", "duration_ms": 4, "score": 40, "direction_score": -2.0, "current_price": 0.2373}
{"event": "monitor_context", "symbol": "SOMIUSDT", "direction": "SHORT", "entry_price": 0.2429, "current_price": 0.2373, "qty": "62", "baseline_qty": "123", "core_qty": "61.5", "scalp_qty": "61.5", "profit_locked": true, "need_partial_tp": false}
{"event": "open_orders_fetched", "symbol": "SOMIUSDT", "count": 2}
{"event": "llm_monitor_raw", "symbol": "SOMIUSDT", "raw": {"action": "HOLD", "reasoning": "The current position is profitable with Profit Locked set to true, and all necessary orders (Stop Loss and Final Take Profit) are active. The market analysis does not indicate any invalidation of the trade setup, and the Smart Suggestions recommend no action. The strategy guidelines are being followed, and there is no need to adjust orders for minor price fluctuations.", "new_stop_loss": null, "new_take_profit": null, "partial_tp_price": null, "partial_tp_percent": null, "reduce_percent": null, "add_usdt": null}}
{"event": "market_data_fetched", "symbol": "SOMIUSDT", "duration_ms": 2792, "keys": ["funding_rate", "klines_15m", "klines_1h", "klines_1m", "oi_hist", "orderbook", "premium_index", "symbol"]}
{"event": "analysis_generated", "symbol": "SOMIUSDT", "duration_ms": 2, "score": 40, "direction_score": -2.0, "current_price": 0.2373}
{"event": "monitor_context", "symbol": "SOMIUSDT", "direction": "SHORT", "entry_price": 0.2429, "current_price": 0.2373, "qty": "62", "baseline_qty": "123", "core_qty": "61.5", "scalp_qty": "61.5", "profit_locked": true, "need_partial_tp": false}
{"event": "open_orders_fetched", "symbol": "SOMIUSDT", "count": 2}
{"event": "llm_monitor_raw", "symbol": "SOMIUSDT", "raw": {"action": "HOLD", "reasoning": "The current position is profitable with Profit Locked set to true, and the Stop Loss is active at a break-even level (0.2424, slightly above entry price including fees). The Final Take Profit is also set appropriately at 0.22. The market analysis shows no invalidation signals (trend score remains at 40, consistent with the entry condition), and volatility/funding rates support holding. No Partial Take Profit is needed as 'Need: False'. Stability guidelines suggest no changes are required unless market structure invalidates the trade or orders are missing/risky, which is not the case here.", "new_stop_loss": null, "new_take_profit": null, "partial_tp_price": null, "partial_tp_percent": null, "reduce_percent": null, "add_usdt": null}}
{"event": "market_data_fetched", "symbol": "SOMIUSDT", "duration_ms": 3258, "keys": ["funding_rate", "klines_15m", "klines_1h", "klines_1m", "oi_hist", "orderbook", "premium_index", "symbol"]}
{"event": "analysis_generated", "symbol": "SOMIUSDT", "duration_ms": 3, "score": 70, "direction_score": -3.0, "current_price": 0.2362}
{"event": "monitor_context", "symbol": "SOMIUSDT", "direction": "SHORT", "entry_price": 0.2429, "current_price": 0.2362, "qty": "62", "baseline_qty": "123", "core_qty": "61.5", "scalp_qty": "61.5", "profit_locked": true, "need_partial_tp": false}
{"event": "open_orders_fetched", "symbol": "SOMIUSDT", "count": 2}
{"event": "llm_monitor_raw", "symbol": "SOMIUSDT", "raw": {"action": "HOLD", "reasoning": "The current position is profitable with Profit Locked set to true, and all required orders (Stop Loss and Final Take Profit) are active. The Stop Loss is appropriately set above the entry price to ensure break-even (+fees) as per Profit Lock guidelines. The market analysis supports continuation of the downtrend with strong signals (1H均线空头排列, 放量下跌, negative funding rate). No adjustments are needed unless market conditions change significantly.", "new_stop_loss": null, "new_take_profit": null, "partial_tp_price": null, "partial_tp_percent": null, "reduce_percent": null, "add_usdt": null}}
{"event": "market_data_fetched", "symbol": "SOMIUSDT", "duration_ms": 5744, "keys": ["funding_rate", "klines_15m", "klines_1h", "klines_1m", "oi_hist", "orderbook", "premium_index", "symbol"]}
{"event": "analysis_generated", "symbol": "SOMIUSDT", "duration_ms": 3, "score": 55, "direction_score": -2.0, "current_price": 0.2359}
{"event": "monitor_context", "symbol": "SOMIUSDT", "direction": "SHORT", "entry_price": 0.2429, "current_price": 0.2359, "qty": "62", "baseline_qty": "123", "core_qty": "61.5", "scalp_qty": "61.5", "profit_locked": true, "need_partial_tp": false}
{"event": "open_orders_fetched", "symbol": "SOMIUSDT", "count": 2}
{"event": "llm_monitor_raw", "symbol": "SOMIUSDT", "raw": {"action": "HOLD", "reasoning": "The current position meets all strategy guidelines: Stop Loss is active and set above break-even (0.2424 vs. entry 0.2429), Final Take Profit is set at 0.22, and Profit Locked is true (preventing SL loosening). Market analysis shows no invalidation signals (trend score 55 > 40, bearish alignment, negative funding). No Smart Suggestions require action, and stability rules discourage unnecessary adjustments.", "new_stop_loss": null, "new_take_profit": null, "partial_tp_price": null, "partial_tp_percent": null, "reduce_percent": null, "add_usdt": null}}
{"event": "market_data_fetched", "symbol": "SOMIUSDT", "duration_ms": 3476, "keys": ["funding_rate", "klines_15m", "klines_1h", "klines_1m", "oi_hist", "orderbook", "premium_index", "symbol"]}
{"event": "analysis_generated", "symbol": "SOMIUSDT", "duration_ms": 4, "score": 40, "direction_score": -2.0, "current_price": 0.2368}
{"event": "monitor_context", "symbol": "SOMIUSDT", "direction": "SHORT", "entry_price": 0.2429, "current_price": 0.2368, "qty": "62", "baseline_qty": "123", "core_qty": "61.5", "scalp_qty": "61.5", "profit_locked": true, "need_partial_tp": false}
{"event": "open_orders_fetched", "symbol": "SOMIUSDT", "count": 2}
{"event": "llm_monitor_raw", "symbol": "SOMIUSDT", "raw": {"action": "HOLD", "reasoning": "Current position meets all strategy guidelines: Stop Loss is active and set above break-even (0.2424 vs. entry 0.2429), Final Take Profit is set at 0.22, and Profit Locked is true (preventing SL loosening). Market conditions (trend score 40, bearish signals) still support the short, and no structural invalidation exists. No partial TP is needed (scalp size already reduced). Stability rules prevent unnecessary adjustments.", "new_stop_loss": null, "new_take_profit": null, "partial_tp_price": null, "partial_tp_percent": null, "reduce_percent": null, "add_usdt": null}}
{"event": "market_data_fetched", "symbol": "SOMIUSDT", "duration_ms": 2756, "keys": ["funding_rate", "klines_15m", "klines_1h", "klines_1m", "oi_hist", "orderbook", "premium_index", "symbol"]}
{"event": "analysis_generated", "symbol": "SOMIUSDT", "duration_ms": 5, "score": 50, "direction_score": -2.0, "current_price": 0.2363}
{"event": "monitor_context", "symbol": "SOMIUSDT", "direction": "SHORT", "entry_price": 0.2429, "current_price": 0.2363, "qty": "62", "baseline_qty": "123", "core_qty": "61.5", "scalp_qty": "61.5", "profit_locked": true, "need_partial_tp": false}
{"event": "open_orders_fetched", "symbol": "SOMIUSDT", "count": 2}
{"event": "llm_monitor_raw", "symbol": "SOMIUSDT", "raw": {"action": "HOLD", "reasoning": "The current position is profitable with Profit Locked set to true, and all required orders (Stop Loss and Final Take Profit) are active and appropriately set. The market analysis does not indicate any invalidation of the trade setup, and the trend score remains neutral (50). Since the Profit Locked is true, we should not loosen the stop loss, and there is no need to adjust orders for minor price fluctuations. The scalp size has already been partially taken profit, and no further actions are suggested by the Smart Suggestions.", "new_stop_loss": null, "new_take_profit": null, "partial_tp_price": null, "partial_tp_percent": null, "reduce_percent": null, "add_usdt": null}}
{"event": "market_data_fetched", "symbol": "SOMIUSDT", "duration_ms": 2984, "keys": ["funding_rate", "klines_15m", "klines_1h", "klines_1m", "oi_hist", "orderbook", "premium_index", "symbol"]}
{"event": "analysis_generated", "symbol": "SOMIUSDT", "duration_ms": 3, "score": 50, "direction_score": -2.0, "current_price": 0.2363}
{"event": "monitor_context", "symbol": "SOMIUSDT", "direction": "SHORT", "entry_price": 0.2429, "current_price": 0.2363, "qty": "62", "baseline_qty": "123", "core_qty": "61.5", "scalp_qty": "61.5", "profit_locked": true, "need_partial_tp": false}
{"event": "open_orders_fetched", "symbol": "SOMIUSDT", "count": 2}
{"event": "llm_monitor_raw", "symbol": "SOMIUSDT", "raw": {"action": "HOLD", "reasoning": "The current position is profitable with a locked profit, and all necessary orders (Stop Loss and Final Take Profit) are active. The market analysis does not indicate a need to adjust orders or close the position. The trend score is neutral (50), and the signals support maintaining the position. Since Profit Locked is true, we should not loosen the stop loss, and there is no need to add to the position as the current size is already below the Baseline Size but no immediate opportunity is suggested. The strategy guidelines recommend holding unless specific conditions for adjustment or closing are met, which are not currently present.", "new_stop_loss": null, "new_take_profit": null, "partial_tp_price": null, "partial_tp_percent": null, "reduce_percent": null, "add_usdt": null}}
{"event": "market_data_fetched", "symbol": "SOMIUSDT", "duration_ms": 2987, "keys": ["funding_rate", "klines_15m", "klines_1h", "klines_1m", "oi_hist", "orderbook", "premium_index", "symbol"]}
{"event": "analysis_generated", "symbol": "SOMIUSDT", "duration_ms": 3, "score": 40, "direction_score": -2.0, "current_price": 0.238}
{"event": "monitor_context", "symbol": "SOMIUSDT", "direction": "SHORT", "entry_price": 0.2429, "current_price": 0.238, "qty": "62", "baseline_qty": "123", "core_qty": "61.5", "scalp_qty": "61.5", "profit_locked": true, "need_partial_tp": false}
{"event": "open_orders_fetched", "symbol": "SOMIUSDT", "count": 2}
{"event": "llm_monitor_raw", "symbol": "SOMIUSDT", "raw": {"action": "HOLD", "reasoning": "The current position meets all strategy guidelines: a full Stop Loss is active at 0.2424 (above break-even), a Final Take Profit is set at 0.22, and Profit Locked is true, preventing any loosening of the Stop Loss. The market analysis shows a neutral trend score (40) with bearish signals (1H均线空头排列, negative funding, etc.), but no structural invalidation or immediate need to adjust orders. The scalp size has already been partially taken (Profit Locked=True), and no further Partial TP is needed (Need=False). No conditions for adding, reducing, or closing are triggered.", "new_stop_loss": null, "new_take_profit": null, "partial_tp_price": null, "partial_tp_percent": null, "reduce_percent": null, "add_usdt": null}}
{"event": "market_data_fetched", "symbol": "SOMIUSDT", "duration_ms": 3298, "keys": ["funding_rate", "klines_15m", "klines_1h", "klines_1m", "oi_hist", "orderbook", "premium_index", "symbol"]}
{"event": "analysis_generated", "symbol": "SOMIUSDT", "duration_ms": 1, "score": 40, "direction_score": -2.0, "current_price": 0.2373}
{"event": "monitor_context", "symbol": "SOMIUSDT", "direction": "SHORT", "entry_price": 0.2429, "current_price": 0.2373, "qty": "62", "baseline_qty": "123", "core_qty": "61.5", "scalp_qty": "61.5", "profit_locked": true, "need_partial_tp": false}
{"event": "open_orders_fetched", "symbol": "SOMIUSDT", "count": 2}
{"event": "llm_monitor_raw", "symbol": "SOMIUSDT", "raw": {"action": "HOLD", "reasoning": "The current position is profitable with Profit Locked set to true, and all necessary orders (Stop Loss and Final Take Profit) are active. The market analysis does not indicate a need to adjust orders or close the position. The trend score is neutral (40), and the signals support maintaining the short position. Since the Profit Locked is true, we should not loosen the stop loss, and there is no need to add to the position as the current size is already below the Baseline Size but adding is optional and not required here. The strategy guidelines suggest holding unless there is a significant change in market conditions or orders need adjustment, which is not the case currently.", "new_stop_loss": null, "new_take_profit": null, "partial_tp_price": null, "partial_tp_percent": null, "reduce_percent": null, "add_usdt": null}}
{"event": "market_data_fetched", "symbol": "SOMIUSDT", "duration_ms": 3049, "keys": ["funding_rate", "klines_15m", "klines_1h", "klines_1m", "oi_hist", "orderbook", "premium_index", "symbol"]}
{"event": "analysis_generated", "symbol": "SOMIUSDT", "duration_ms": 3, "score": 55, "direction_score": -1.0, "current_price": 0.2363}
{"event": "monitor_context", "symbol": "SOMIUSDT", "direction": "SHORT", "entry_price": 0.2429, "current_price": 0.2363, "qty": "62", "baseline_qty": "123", "core_qty": "61.5", "scalp_qty": "61.5", "profit_locked": true, "need_partial_tp": false}
{"event": "open_orders_fetched", "symbol": "SOMIUSDT", "count": 2}
{"event": "llm_monitor_raw", "symbol": "SOMIUSDT", "raw": {"action": "HOLD", "reasoning": "The current position meets all strategy guidelines: Stop Loss is active and set above break-even (0.2424 vs. entry 0.2429), Final Take Profit is set at 0.22, and Profit Locked is true (preventing SL loosening). Market analysis shows no invalidation signals (Trend Score 55 remains favorable), and no Smart Suggestions recommend action. Partial Take Profit is not needed (Need: False). Stability rules prohibit unnecessary adjustments.", "new_stop_loss": null, "new_take_profit": null, "partial_tp_price": null, "partial_tp_percent": null, "reduce_percent": null, "add_usdt": null}}
{"event": "market_data_fetched", "symbol": "SOMIUSDT", "duration_ms": 3584, "keys": ["funding_rate", "klines_15m", "klines_1h", "klines_1m", "oi_hist", "orderbook", "premium_index", "symbol"]}
{"event": "analysis_generated", "symbol": "SOMIUSDT", "duration_ms": 3, "score": 70, "direction_score": -3.0, "current_price": 0.2369}
{"event": "monitor_context", "symbol": "SOMIUSDT", "direction": "SHORT", "entry_price": 0.2429, "current_price": 0.2369, "qty": "62", "baseline_qty": "123", "core_qty": "61.5", "scalp_qty": "61.5", "profit_locked": true, "need_partial_tp": false}
{"event": "open_orders_fetched", "symbol": "SOMIUSDT", "count": 2}
{"event": "llm_monitor_raw", "symbol": "SOMIUSDT", "raw": {"action": "HOLD", "reasoning": "The current position meets all strategy guidelines: Stop Loss is active (0.2424, above break-even), Final Take Profit is set (0.22), and Profit Locked is true (preventing SL loosening). Market conditions remain favorable (Trend Score 70, bearish signals), and no structural invalidation exists. No adjustments are needed as the position is already partially reduced (Core Size 61.5 vs. Baseline 123) and no Partial TP is required (Need: False). Stability rules prohibit unnecessary order changes.", "new_stop_loss": null, "new_take_profit": null, "partial_tp_price": null, "partial_tp_percent": null, "reduce_percent": null, "add_usdt": null}}
{"event": "market_data_fetched", "symbol": "SOMIUSDT", "duration_ms": 3524, "keys": ["funding_rate", "klines_15m", "klines_1h", "klines_1m", "oi_hist", "orderbook", "premium_index", "symbol"]}
{"event": "analysis_generated", "symbol": "SOMIUSDT", "duration_ms": 3, "score": 80, "direction_score": -2.0, "current_price": 0.236}
{"event": "monitor_context", "symbol": "SOMIUSDT", "direction": "SHORT", "entry_price": 0.2429, "current_price": 0.236, "qty": "62", "baseline_qty": "123", "core_qty": "61.5", "scalp_qty": "61.5", "profit_locked": true, "need_partial_tp": false}
{"event": "open_orders_fetched", "symbol": "SOMIUSDT", "count": 2}
{"event": "llm_monitor_raw", "symbol": "SOMIUSDT", "raw": {"action": "HOLD", "reasoning": "The current position meets all strategy guidelines: Stop Loss is active and set above break-even (0.2424 vs. entry 0.2429), Final Take Profit is set at 0.22, and Profit Locked is true preventing SL loosening. Market conditions remain favorable (Trend Score 80, bearish signals), and no structural invalidation exists. No adjustments are needed as the trade is stable and aligned with risk management rules.", "new_stop_loss": null, "new_take_profit": null, "partial_tp_price": null, "partial_tp_percent": null, "reduce_percent": null, "add_usdt": null}}
{"event": "market_data_fetched", "symbol": "SOMIUSDT", "duration_ms": 2993, "keys": ["funding_rate", "klines_15m", "klines_1h", "klines_1m", "oi_hist", "orderbook", "premium_index", "symbol"]}
{"event": "analysis_generated", "symbol": "SOMIUSDT", "duration_ms": 4, "score": 45, "direction_score": -2.0, "current_price": 0.2344}
{"event": "monitor_context", "symbol": "SOMIUSDT", "direction": "SHORT", "entry_price": 0.2429, "current_price": 0.2344, "qty": "62", "baseline_qty": "123", "core_qty": "61.5", "scalp_qty": "61.5", "profit_locked": true, "need_partial_tp": false}
{"event": "open_orders_fetched", "symbol": "SOMIUSDT", "count": 2}
{"event": "llm_monitor_raw", "symbol": "SOMIUSDT", "raw": {"action": "HOLD", "reasoning": "The current position is profitable (3.50% unrealized PnL) and Profit Locked is true, so the stop loss should not be loosened. The existing stop loss at 0.2424 is above break-even (+fees), adhering to the profit lock rule. The market analysis shows a neutral trend score (45) with bearish signals (1H均线空头排列, negative funding rate, etc.), but no strong invalidation or immediate action is suggested. The strategy guidelines recommend holding unless there's a structural invalidation or missing risk management, neither of which applies here. Partial Take Profit is not needed (Need: False), and no adjustments are required for minor fluctuations.", "new_stop_loss": null, "new_take_profit": null, "partial_tp_price": null, "partial_tp_percent": null, "reduce_percent": null, "add_usdt": null}}
{"event": "market_data_fetched", "symbol": "SOMIUSDT", "duration_ms": 2748, "keys": ["funding_rate", "klines_15m", "klines_1h", "klines_1m", "oi_hist", "orderbook", "premium_index", "symbol"]}
{"event": "analysis_generated", "symbol": "SOMIUSDT", "duration_ms": 4, "score": 40, "direction_score": -2.0, "current_price": 0.2335}
{"event": "monitor_context", "symbol": "SOMIUSDT", "direction": "SHORT", "entry_price": 0.2429, "current_price": 0.2335, "qty": "62", "baseline_qty": "123", "core_qty": "61.5", "scalp_qty": "61.5", "profit_locked": true, "need_partial_tp": false}
{"event": "open_orders_fetched", "symbol": "SOMIUSDT", "count": 2}
{"event": "llm_monitor_raw", "symbol": "SOMIUSDT", "raw": {"action": "HOLD", "reasoning": "The current position meets all strategy guidelines: Stop Loss is active and set above break-even (0.2424 vs. entry 0.2429), Final Take Profit is set at 0.22, and Profit Locked is true (preventing SL loosening). Market conditions remain favorable (1H均线空头排列, negative funding, good liquidity) with no structural invalidation. No adjustments are needed as the trade is progressing as planned.", "new_stop_loss": null, "new_take_profit": null, "partial_tp_price": null, "partial_tp_percent": null, "reduce_percent": null, "add_usdt": null}}
{"event": "market_data_fetched", "symbol": "SOMIUSDT", "duration_ms": 5045, "keys": ["funding_rate", "klines_15m", "klines_1h", "klines_1m", "oi_hist", "orderbook", "premium_index", "symbol"]}
{"event": "analysis_generated", "symbol": "SOMIUSDT", "duration_ms": 3, "score": 40, "direction_score": -2.0, "current_price": 0.2332}
{"event": "monitor_context", "symbol": "SOMIUSDT", "direction": "SHORT", "entry_price": 0.2429, "current_price": 0.2332, "qty": "62", "baseline_qty": "123", "core_qty": "61.5", "scalp_qty": "61.5", "profit_locked": true, "need_partial_tp": false}
{"event": "open_orders_fetched", "symbol": "SOMIUSDT", "count": 2}
{"event": "llm_monitor_raw", "symbol": "SOMIUSDT", "raw": {"action": "HOLD", "reasoning": "The current position meets all strategy guidelines: Stop Loss is active and set above break-even (0.2424 vs. entry 0.2429), Final Take Profit is set at 0.22, and Profit Locked is true preventing SL loosening. Market conditions (Trend Score 40, bearish signals) still support the short. No structural invalidation or immediate profit-locking needs are detected. Scalping additions are optional but not required.", "new_stop_loss": null, "new_take_profit": null, "partial_tp_price": null, "partial_tp_percent": null, "reduce_percent": null, "add_usdt": null}}
{"event": "market_data_fetched", "symbol": "SOMIUSDT", "duration_ms": 2845, "keys": ["funding_rate", "klines_15m", "klines_1h", "klines_1m", "oi_hist", "orderbook", "premium_index", "symbol"]}
{"event": "analysis_generated", "symbol": "SOMIUSDT", "duration_ms": 4, "score": 30, "direction_score": -2.0, "current_price": 0.2337}
{"event": "monitor_context", "symbol": "SOMIUSDT", "direction": "SHORT", "entry_price": 0.2429, "current_price": 0.2337, "qty": "62", "baseline_qty": "123", "core_qty": "61.5", "scalp_qty": "61.5", "profit_locked": true, "need_partial_tp": false}
{"event": "open_orders_fetched", "symbol": "SOMIUSDT", "count": 2}
{"event": "llm_monitor_raw", "symbol": "SOMIUSDT", "raw": {"action": "HOLD", "reasoning": "The current position is profitable with a locked profit, and all necessary orders (Stop Loss and Final Take Profit) are active. The market analysis does not indicate a need to adjust orders or close the position. The trend score is below the entry threshold but not invalidating. The strategy guidelines recommend holding unless specific conditions are met, which are not currently present.", "new_stop_loss": null, "new_take_profit": null, "partial_tp_price": null, "partial_tp_percent": null, "reduce_percent": null, "add_usdt": null}}
{"event": "market_data_fetched", "symbol": "SOMIUSDT", "duration_ms": 3017, "keys": ["funding_rate", "klines_15m", "klines_1h", "klines_1m", "oi_hist", "orderbook", "premium_index", "symbol"]}
{"event": "analysis_generated", "symbol": "SOMIUSDT", "duration_ms": 3, "score": 30, "direction_score": -2.0, "current_price": 0.2344}
{"event": "monitor_context", "symbol": "SOMIUSDT", "direction": "SHORT", "entry_price": 0.2429, "current_price": 0.2344, "qty": "62", "baseline_qty": "123", "core_qty": "61.5", "scalp_qty": "61.5", "profit_locked": true, "need_partial_tp": false}
{"event": "open_orders_fetched", "symbol": "SOMIUSDT", "count": 2}
{"event": "llm_monitor_raw", "symbol": "SOMIUSDT", "raw": {"action": "HOLD", "reasoning": "The current position is profitable (3.50% unrealized PnL) and Profit Locked is true, so the stop loss at 0.2424 (just above break-even) is appropriate. The Final Take Profit at 0.22 is active, and no Partial Take Profit is needed as per the strategy. Market signals still support the short position (1H均线空头排列, negative funding rate, good liquidity), and the trend score, while lower than entry, hasn't invalidated the trade. No adjustments are required unless market structure changes.", "new_stop_loss": null, "new_take_profit": null, "partial_tp_price": null, "partial_tp_percent": null, "reduce_percent": null, "add_usdt": null}}
{"event": "market_data_fetched", "symbol": "SOMIUSDT", "duration_ms": 3036, "keys": ["funding_rate", "klines_15m", "klines_1h", "klines_1m", "oi_hist", "orderbook", "premium_index", "symbol"]}
{"event": "analysis_generated", "symbol": "SOMIUSDT", "duration_ms": 4, "score": 40, "direction_score": -2.0, "current_price": 0.2338}
{"event": "monitor_context", "symbol": "SOMIUSDT", "direction": "SHORT", "entry_price": 0.2429, "current_price": 0.2338, "qty": "62", "baseline_qty": "123", "core_qty": "61.5", "scalp_qty": "61.5", "profit_locked": true, "need_partial_tp": false}
{"event": "open_orders_fetched", "symbol": "SOMIUSDT", "count": 2}
{"event": "llm_monitor_raw", "symbol": "SOMIUSDT", "raw": {"action": "HOLD", "reasoning": "The current position meets all strategy guidelines: Stop Loss is active and set above break-even (0.2424 vs. entry 0.2429), Final Take Profit is set at 0.22, and Profit Locked is true (preventing SL loosening). Market conditions remain favorable (1H均线空头排列, negative funding, good liquidity) with no structural invalidation. No partial TP is needed (scalp size already reduced), and no urgent adjustments are required per stability rules.", "new_stop_loss": null, "new_take_profit": null, "partial_tp_price": null, "partial_tp_percent": null, "reduce_percent": null, "add_usdt": null}}
{"event": "market_data_fetched", "symbol": "SOMIUSDT", "duration_ms": 3252, "keys": ["funding_rate", "klines_15m", "klines_1h", "klines_1m", "oi_hist", "orderbook", "premium_index", "symbol"]}
{"event": "analysis_generated", "symbol": "SOMIUSDT", "duration_ms": 4, "score": 25, "direction_score": -2.0, "current_price": 0.2336}
{"event": "monitor_context", "symbol": "SOMIUSDT", "direction": "SHORT", "entry_price": 0.2429, "current_price": 0.2336, "qty": "62", "baseline_qty": "123", "core_qty": "61.5", "scalp_qty": "61.5", "profit_locked": true, "need_partial_tp": false}
{"event": "open_orders_fetched", "symbol": "SOMIUSDT", "count": 2}
{"event": "llm_monitor_raw", "symbol": "SOMIUSDT", "raw": {"action": "HOLD", "reasoning": "The current position meets all strategy guidelines: Stop Loss is active and set above break-even (0.2424 vs. entry 0.2429), Final Take Profit is set at 0.22, and Profit Locked is true (preventing SL loosening). Market conditions (Trend Score 25, bearish signals) still support the short, and no structural invalidation is detected. No adjustments are needed as the trade is stable and aligned with risk management rules.", "new_stop_loss": null, "new_take_profit": null, "partial_tp_price": null, "partial_tp_percent": null, "reduce_percent": null, "add_usdt": null}}
{"event": "market_data_fetched", "symbol": "SOMIUSDT", "duration_ms": 3202, "keys": ["funding_rate", "klines_15m", "klines_1h", "klines_1m", "oi_hist", "orderbook", "premium_index", "symbol"]}
{"event": "analysis_generated", "symbol": "SOMIUSDT", "duration_ms": 3, "score": 40, "direction_score": -2.0, "current_price": 0.2331}
{"event": "monitor_context", "symbol": "SOMIUSDT", "direction": "SHORT", "entry_price": 0.2429, "current_price": 0.2331, "qty": "62", "baseline_qty": "123", "core_qty": "61.5", "scalp_qty": "61.5", "profit_locked": true, "need_partial_tp": false}
{"event": "open_orders_fetched", "symbol": "SOMIUSDT", "count": 2}
{"event": "llm_monitor_raw", "symbol": "SOMIUSDT", "raw": {"action": "HOLD", "reasoning": "The current position meets all strategy guidelines: Stop Loss is active and set above break-even (0.2424 vs. entry 0.2429), Final Take Profit is set at 0.22, and Profit Locked is true (preventing SL loosening). Market conditions remain favorable (1H均线空头排列, negative funding, good liquidity) with no structural invalidation. No partial TP is needed as 'Need: False'. Stability rules prohibit unnecessary adjustments.", "new_stop_loss": null, "new_take_profit": null, "partial_tp_price": null, "partial_tp_percent": null, "reduce_percent": null, "add_usdt": null}}
{"event": "market_data_fetched", "symbol": "SOMIUSDT", "duration_ms": 2781, "keys": ["funding_rate", "klines_15m", "klines_1h", "klines_1m", "oi_hist", "orderbook", "premium_index", "symbol"]}
{"event": "analysis_generated", "symbol": "SOMIUSDT", "duration_ms": 4, "score": 25, "direction_score": -2.0, "current_price": 0.2338}
{"event": "monitor_context", "symbol": "SOMIUSDT", "direction": "SHORT", "entry_price": 0.2429, "current_price": 0.2338, "qty": "62", "baseline_qty": "123", "core_qty": "61.5", "scalp_qty": "61.5", "profit_locked": true, "need_partial_tp": false}
{"event": "open_orders_fetched", "symbol": "SOMIUSDT", "count": 2}
{"event": "llm_monitor_raw", "symbol": "SOMIUSDT", "raw": {"action": "HOLD", "reasoning": "The current position meets all strategy guidelines: Stop Loss is active and set above break-even (0.2424 vs. entry 0.2429), Final Take Profit is set at 0.22, and Profit Locked is true (preventing SL loosening). Market conditions remain favorable (bearish MA alignment, negative funding, volatility/liquidity OK), and no structural invalidation exists. No adjustments are needed as per stability rules.", "new_stop_loss": null, "new_take_profit": null, "partial_tp_price": null, "partial_tp_percent": null, "reduce_percent": null, "add_usdt": null}}
{"event": "market_data_fetched", "symbol": "SOMIUSDT", "duration_ms": 3275, "keys": ["funding_rate", "klines_15m", "klines_1h", "klines_1m", "oi_hist", "orderbook", "premium_index", "symbol"]}
{"event": "analysis_generated", "symbol": "SOMIUSDT", "duration_ms": 1, "score": 45, "direction_score": -1.0, "current_price": 0.2334}
{"event": "monitor_context", "symbol": "SOMIUSDT", "direction": "SHORT", "entry_price": 0.2429, "current_price": 0.2334, "qty": "62", "baseline_qty": "123", "core_qty": "61.5", "scalp_qty": "61.5", "profit_locked": true, "need_partial_tp": false}
{"event": "open_orders_fetched", "symbol": "SOMIUSDT", "count": 2}
{"event": "llm_monitor_raw", "symbol": "SOMIUSDT", "raw": {"action": "HOLD", "reasoning": "The current position is profitable with a locked profit, and all necessary orders (Stop Loss and Final Take Profit) are active. The market analysis does not indicate a need to adjust orders or close the position. The trend score is still below 50, and the signals support maintaining the short position. Since the Profit Locked is true, we should not loosen the stop loss, and there is no need to add to the position as the current size is already below the Baseline Size but adding is optional and not required. The strategy guidelines suggest holding unless there is a significant change in market structure or a need to lock in profits, neither of which is currently present.", "new_stop_loss": null, "new_take_profit": null, "partial_tp_price": null, "partial_tp_percent": null, "reduce_percent": null, "add_usdt": null}}
{"event": "market_data_fetched", "symbol": "SOMIUSDT", "duration_ms": 2743, "keys": ["funding_rate", "klines_15m", "klines_1h", "klines_1m", "oi_hist", "orderbook", "premium_index", "symbol"]}
{"event": "analysis_generated", "symbol": "SOMIUSDT", "duration_ms": 4, "score": 75, "direction_score": 0.0, "current_price": 0.2311}
{"event": "monitor_context", "symbol": "SOMIUSDT", "direction": "SHORT", "entry_price": 0.2429, "current_price": 0.2311, "qty": "62", "baseline_qty": "123", "core_qty": "61.5", "scalp_qty": "61.5", "profit_locked": true, "need_partial_tp": false}
{"event": "open_orders_fetched", "symbol": "SOMIUSDT", "count": 2}
{"event": "llm_monitor_raw", "symbol": "SOMIUSDT", "raw": {"action": "HOLD", "reasoning": "The current position is profitable with a locked profit, and all necessary orders (Stop Loss and Final Take Profit) are active. The market analysis shows a strong bearish trend with no immediate invalidation signals. The strategy guidelines recommend holding the position as the profit is locked, and there is no need to adjust orders for minor fluctuations. The scalp size has already been partially taken profit, and no further action is required unless the market structure changes.", "new_stop_loss": null, "new_take_profit": null, "partial_tp_price": null, "partial_tp_percent": null, "reduce_percent": null, "add_usdt": null}}
{"event": "market_data_fetched", "symbol": "SOMIUSDT", "duration_ms": 2997, "keys": ["funding_rate", "klines_15m", "klines_1h", "klines_1m", "oi_hist", "orderbook", "premium_index", "symbol"]}
{"event": "analysis_generated", "symbol": "SOMIUSDT", "duration_ms": 4, "score": 70, "direction_score": -1.0, "current_price": 0.2309}
{"event": "monitor_context", "symbol": "SOMIUSDT", "direction": "SHORT", "entry_price": 0.2429, "current_price": 0.2309, "qty": "62", "baseline_qty": "123", "core_qty": "61.5", "scalp_qty": "61.5", "profit_locked": true, "need_partial_tp": false}
{"event": "open_orders_fetched", "symbol": "SOMIUSDT", "count": 2}
{"event": "llm_monitor_raw", "symbol": "SOMIUSDT", "raw": {"action": "HOLD", "reasoning": "The current position meets all strategy guidelines: Stop Loss is active and set above break-even (0.2424 vs. entry 0.2429), Final Take Profit is set at 0.22, and Profit Locked is true (preventing SL loosening). Market conditions remain favorable (Trend Score 70, bearish signals), and no structural invalidation exists. No partial TP is needed as scalp size was already reduced (61.5 vs. baseline 123). Adding is unnecessary since current size (-62) is near core size (-61.5).", "new_stop_loss": null, "new_take_profit": null, "partial_tp_price": null, "partial_tp_percent": null, "reduce_percent": null, "add_usdt": null}}
{"event": "market_data_fetched", "symbol": "SOMIUSDT", "duration_ms": 2736, "keys": ["funding_rate", "klines_15m", "klines_1h", "klines_1m", "oi_hist", "orderbook", "premium_index", "symbol"]}
{"event": "analysis_generated", "symbol": "SOMIUSDT", "duration_ms": 4, "score": 60, "direction_score": -1.0, "current_price": 0.2317}
{"event": "monitor_context", "symbol": "SOMIUSDT", "direction": "SHORT", "entry_price": 0.2429, "current_price": 0.2317, "qty": "62", "baseline_qty": "123", "core_qty": "61.5", "scalp_qty": "61.5", "profit_locked": true, "need_partial_tp": false}
{"event": "open_orders_fetched", "symbol": "SOMIUSDT", "count": 2}
{"event": "llm_monitor_raw", "symbol": "SOMIUSDT", "raw": {"action": "HOLD", "reasoning": "The current position is profitable with Profit Locked set to true, and all required orders (Stop Loss and Final Take Profit) are active and appropriately placed. The Stop Loss is at break-even (+fees), adhering to the Profit Lock rule. The market analysis shows favorable conditions for maintaining the short position, with no significant changes invalidating the trade. No adjustments are needed unless market conditions change.", "new_stop_loss": null, "new_take_profit": null, "partial_tp_price": null, "partial_tp_percent": null, "reduce_percent": null, "add_usdt": null}}
{"event": "market_data_fetched", "symbol": "SOMIUSDT", "duration_ms": 3049, "keys": ["funding_rate", "klines_15m", "klines_1h", "klines_1m", "oi_hist", "orderbook", "premium_index", "symbol"]}
{"event": "analysis_generated", "symbol": "SOMIUSDT", "duration_ms": 5, "score": 40, "direction_score": -2.0, "current_price": 0.2332}
{"event": "monitor_context", "symbol": "SOMIUSDT", "direction": "SHORT", "entry_price": 0.2429, "current_price": 0.2332, "qty": "62", "baseline_qty": "123", "core_qty": "61.5", "scalp_qty": "61.5", "profit_locked": true, "need_partial_tp": false}
{"event": "open_orders_fetched", "symbol": "SOMIUSDT", "count": 2}
{"event": "llm_monitor_raw", "symbol": "SOMIUSDT", "raw": {"action": "HOLD", "reasoning": "The current position is profitable with a locked profit, and all necessary orders (Stop Loss and Final Take Profit) are active. The market analysis does not indicate a need to adjust orders or close the position. The trend score is neutral (40), and the signals support maintaining the short position. Since Profit Locked is true, we should not loosen the stop loss, and there is no need to add to the position as the current size is already below the Baseline Size but no immediate opportunity is suggested. The strategy guidelines recommend holding unless there is a significant change in market structure or a need to lock in profits, neither of which is currently present.", "new_stop_loss": null, "new_take_profit": null, "partial_tp_price": null, "partial_tp_percent": null, "reduce_percent": null, "add_usdt": null}}
{"event": "market_data_fetched", "symbol": "SOMIUSDT", "duration_ms": 3007, "keys": ["funding_rate", "klines_15m", "klines_1h", "klines_1m", "oi_hist", "orderbook", "premium_index", "symbol"]}
{"event": "analysis_generated", "symbol": "SOMIUSDT", "duration_ms": 3, "score": 35, "direction_score": -2.0, "current_price": 0.2335}
{"event": "monitor_context", "symbol": "SOMIUSDT", "direction": "SHORT", "entry_price": 0.2429, "current_price": 0.2335, "qty": "62", "baseline_qty": "123", "core_qty": "61.5", "scalp_qty": "61.5", "profit_locked": true, "need_partial_tp": false}
{"event": "open_orders_fetched", "symbol": "SOMIUSDT", "count": 2}
{"event": "llm_monitor_raw", "symbol": "SOMIUSDT", "raw": {"action": "HOLD", "reasoning": "The current position is profitable with Profit Locked set to true, and all necessary orders (Stop Loss and Final Take Profit) are active. The market analysis does not indicate a need to adjust orders or close the position. The trend score, while below the initial entry threshold, does not invalidate the trade. The strategy guidelines recommend holding unless there is a significant change in market structure or a need to lock in profits, neither of which is currently present.", "new_stop_loss": null, "new_take_profit": null, "partial_tp_price": null, "partial_tp_percent": null, "reduce_percent": null, "add_usdt": null}}
{"event": "market_data_fetched", "symbol": "SOMIUSDT", "duration_ms": 3625, "keys": ["funding_rate", "klines_15m", "klines_1h", "klines_1m", "oi_hist", "orderbook", "premium_index", "symbol"]}
{"event": "analysis_generated", "symbol": "SOMIUSDT", "duration_ms": 5, "score": 35, "direction_score": -2.0, "current_price": 0.234}
{"event": "monitor_context", "symbol": "SOMIUSDT", "direction": "SHORT", "entry_price": 0.2429, "current_price": 0.234, "qty": "62", "baseline_qty": "123", "core_qty": "61.5", "scalp_qty": "61.5", "profit_locked": true, "need_partial_tp": false}
{"event": "open_orders_fetched", "symbol": "SOMIUSDT", "count": 2}
{"event": "llm_monitor_raw", "symbol": "SOMIUSDT", "raw": {"action": "HOLD", "reasoning": "The current position meets all strategy guidelines: Stop Loss is active and set above break-even (0.2424 vs. entry 0.2429), Final Take Profit is set at 0.22, and Profit Locked is true (preventing SL loosening). Market analysis shows bearish signals (1H MA alignment, negative funding) but no structural invalidation. No Smart Suggestions or urgent adjustments are needed. Size is already below Baseline Size (61.5 vs. 123), but since Profit Locked is true and no immediate opportunity is flagged, adding is optional and not required.", "new_stop_loss": null, "new_take_profit": null, "partial_tp_price": null, "partial_tp_percent": null, "reduce_percent": null, "add_usdt": null}}
{"event": "market_data_fetched", "symbol": "SOMIUSDT", "duration_ms": 2771, "keys": ["funding_rate", "klines_15m", "klines_1h", "klines_1m", "oi_hist", "orderbook", "premium_index", "symbol"]}
{"event": "analysis_generated", "symbol": "SOMIUSDT", "duration_ms": 4, "score": 50, "direction_score": -2.0, "current_price": 0.2328}
{"event": "monitor_context", "symbol": "SOMIUSDT", "direction": "SHORT", "entry_price": 0.2429, "current_price": 0.2328, "qty": "62", "baseline_qty": "123", "core_qty": "61.5", "scalp_qty": "61.5", "profit_locked": true, "need_partial_tp": false}
{"event": "open_orders_fetched", "symbol": "SOMIUSDT", "count": 2}
{"event": "llm_monitor_raw", "symbol": "SOMIUSDT", "raw": {"action": "HOLD", "reasoning": "The current position meets all strategy guidelines: Stop Loss is active and set above break-even (0.2424 vs entry 0.2429), Final Take Profit is set at 0.22, and Profit Locked is true preventing SL loosening. Market analysis shows neutral trend (score 50) but maintains bearish signals (1H MA bearish, negative funding). No structural invalidation or immediate risk is detected. Since Smart Suggestions recommend 'None' and stability rules prohibit unnecessary adjustments, holding is optimal.", "new_stop_loss": null, "new_take_profit": null, "partial_tp_price": null, "partial_tp_percent": null, "reduce_percent": null, "add_usdt": null}}
{"event": "market_data_fetched", "symbol": "SOMIUSDT", "duration_ms": 2731, "keys": ["funding_rate", "klines_15m", "klines_1h", "klines_1m", "oi_hist", "orderbook", "premium_index", "symbol"]}
{"event": "analysis_generated", "symbol": "SOMIUSDT", "duration_ms": 4, "score": 50, "direction_score": -2.0, "current_price": 0.2319}
{"event": "monitor_context", "symbol": "SOMIUSDT", "direction": "SHORT", "entry_price": 0.2429, "current_price": 0.2319, "qty": "62", "baseline_qty": "123", "core_qty": "61.5", "scalp_qty": "61.5", "profit_locked": true, "need_partial_tp": false}
{"event": "open_orders_fetched", "symbol": "SOMIUSDT", "count": 2}
{"event": "llm_monitor_raw", "symbol": "SOMIUSDT", "raw": {"action": "HOLD", "reasoning": "The current position meets all strategy guidelines: Stop Loss is active and set above break-even (0.2424 vs. entry 0.2429), Final Take Profit is set at 0.22, and Profit Locked is true preventing SL loosening. Market conditions remain favorable (1H均线空头排列, negative funding, good liquidity) with no structural invalidation. No adjustments are needed as the trade is progressing within expected parameters.", "new_stop_loss": null, "new_take_profit": null, "partial_tp_price": null, "partial_tp_percent": null, "reduce_percent": null, "add_usdt": null}}
{"event": "market_data_fetched", "symbol": "SOMIUSDT", "duration_ms": 2742, "keys": ["funding_rate", "klines_15m", "klines_1h", "klines_1m", "oi_hist", "orderbook", "premium_index", "symbol"]}
{"event": "analysis_generated", "symbol": "SOMIUSDT", "duration_ms": 4, "score": 60, "direction_score": -1.0, "current_price": 0.2317}
{"event": "monitor_context", "symbol": "SOMIUSDT", "direction": "SHORT", "entry_price": 0.2429, "current_price": 0.2317, "qty": "62", "baseline_qty": "123", "core_qty": "61.5", "scalp_qty": "61.5", "profit_locked": true, "need_partial_tp": false}
{"event": "open_orders_fetched", "symbol": "SOMIUSDT", "count": 2}
{"event": "llm_monitor_raw", "symbol": "SOMIUSDT", "raw": {"action": "HOLD", "reasoning": "The current position meets all strategy guidelines: Stop Loss is active and set above break-even (0.2424 vs. entry 0.2429), Final Take Profit is set at 0.22, and Profit Locked is true preventing SL loosening. Market analysis shows continued bearish signals (1H均线空头排列, negative funding) with no structural invalidation. No partial TP is needed as scalp size was already reduced. Stability rules prohibit unnecessary adjustments.", "new_stop_loss": null, "new_take_profit": null, "partial_tp_price": null, "partial_tp_percent": null, "reduce_percent": null, "add_usdt": null}}
{"event": "market_data_fetched", "symbol": "SOMIUSDT", "duration_ms": 2799, "keys": ["funding_rate", "klines_15m", "klines_1h", "klines_1m", "oi_hist", "orderbook", "premium_index", "symbol"]}
{"event": "analysis_generated", "symbol": "SOMIUSDT", "duration_ms": 5, "score": 50, "direction_score": -2.0, "current_price": 0.2313}
{"event": "monitor_context", "symbol": "SOMIUSDT", "direction": "SHORT", "entry_price": 0.2429, "current_price": 0.2313, "qty": "62", "baseline_qty": "123", "core_qty": "61.5", "scalp_qty": "61.5", "profit_locked": true, "need_partial_tp": false}
{"event": "open_orders_fetched", "symbol": "SOMIUSDT", "count": 2}
{"event": "llm_monitor_raw", "symbol": "SOMIUSDT", "raw": {"action": "HOLD", "reasoning": "The current position meets all strategy guidelines: Stop Loss is active and set above break-even (0.2424 vs. entry 0.2429), Final Take Profit is set at 0.22, and Profit Locked is true preventing SL loosening. Market analysis shows neutral trend (Score 50) but no invalidation signals (1H bearish MA, negative funding, good liquidity). No Smart Suggestions or structural changes warrant adjustment. Size is already below Baseline (61.5 vs. 123), but adding isn't necessary without stronger downside signals.", "new_stop_loss": null, "new_take_profit": null, "partial_tp_price": null, "partial_tp_percent": null, "reduce_percent": null, "add_usdt": null}}
{"event": "market_data_fetched", "symbol": "SOMIUSDT", "duration_ms": 3713, "keys": ["funding_rate", "klines_15m", "klines_1h", "klines_1m", "oi_hist", "orderbook", "premium_index", "symbol"]}
{"event": "analysis_generated", "symbol": "SOMIUSDT", "duration_ms": 4, "score": 50, "direction_score": -2.0, "current_price": 0.2315}
{"event": "monitor_context", "symbol": "SOMIUSDT", "direction": "SHORT", "entry_price": 0.2429, "current_price": 0.2315, "qty": "62", "baseline_qty": "123", "core_qty": "61.5", "scalp_qty": "61.5", "profit_locked": true, "need_partial_tp": false}
{"event": "open_orders_fetched", "symbol": "SOMIUSDT", "count": 2}
{"event": "llm_monitor_raw", "symbol": "SOMIUSDT", "raw": {"action": "HOLD", "reasoning": "The current position meets all strategy guidelines: Stop Loss is active and set above break-even (0.2424 vs. entry 0.2429), Final Take Profit is set at 0.22, and Profit Locked is true (preventing SL loosening). Market conditions remain favorable (1H均线空头排列, negative funding, good liquidity) with no structural invalidation. No partial TP is needed (scalp size already reduced), and no urgent adjustments are required per stability rules.", "new_stop_loss": null, "new_take_profit": null, "partial_tp_price": null, "partial_tp_percent": null, "reduce_percent": null, "add_usdt": null}}
{"event": "market_data_fetched", "symbol": "SOMIUSDT", "duration_ms": 3441, "keys": ["funding_rate", "klines_15m", "klines_1h", "klines_1m", "oi_hist", "orderbook", "premium_index", "symbol"]}
{"event": "analysis_generated", "symbol": "SOMIUSDT", "duration_ms": 3, "score": 35, "direction_score": -2.0, "current_price": 0.2323}
{"event": "monitor_context", "symbol": "SOMIUSDT", "direction": "SHORT", "entry_price": 0.2429, "current_price": 0.2323, "qty": "62", "baseline_qty": "123", "core_qty": "61.5", "scalp_qty": "61.5", "profit_locked": true, "need_partial_tp": false}
{"event": "open_orders_fetched", "symbol": "SOMIUSDT", "count": 2}
{"event": "llm_monitor_raw", "symbol": "SOMIUSDT", "raw": {"action": "HOLD", "reasoning": "The current position is profitable with Profit Locked set to true, and all necessary orders (Stop Loss and Final Take Profit) are active. The market analysis does not indicate a need to adjust orders or close the position. The trend score, while below the initial entry threshold, does not invalidate the trade. The strategy guidelines recommend maintaining current orders unless specific conditions are met, which are not currently present.", "new_stop_loss": null, "new_take_profit": null, "partial_tp_price": null, "partial_tp_percent": null, "reduce_percent": null, "add_usdt": null}}
{"event": "market_data_fetched", "symbol": "SOMIUSDT", "duration_ms": 2763, "keys": ["funding_rate", "klines_15m", "klines_1h", "klines_1m", "oi_hist", "orderbook", "premium_index", "symbol"]}
{"event": "analysis_generated", "symbol": "SOMIUSDT", "duration_ms": 3, "score": 65, "direction_score": -3.0, "current_price": 0.2338}
{"event": "monitor_context", "symbol": "SOMIUSDT", "direction": "SHORT", "entry_price": 0.2429, "current_price": 0.2338, "qty": "62", "baseline_qty": "123", "core_qty": "61.5", "scalp_qty": "61.5", "profit_locked": true, "need_partial_tp": false}
{"event": "open_orders_fetched", "symbol": "SOMIUSDT", "count": 2}
{"event": "llm_monitor_raw", "symbol": "SOMIUSDT", "raw": {"action": "HOLD", "reasoning": "The current position meets all strategy guidelines: Stop Loss is active at 0.2424 (above break-even), Final Take Profit is set at 0.22, and no Partial Take Profit is needed as 'Need: False'. Profit Lock is true, so we should not loosen the Stop Loss. Market analysis shows the trend is still favorable (Trend Score: 65, bearish signals present), and there's no structural invalidation. No adjustments are required unless market conditions change significantly.", "new_stop_loss": null, "new_take_profit": null, "partial_tp_price": null, "partial_tp_percent": null, "reduce_percent": null, "add_usdt": null}}
{"event": "market_data_fetched", "symbol": "SOMIUSDT", "duration_ms": 3055, "keys": ["funding_rate", "klines_15m", "klines_1h", "klines_1m", "oi_hist", "orderbook", "premium_index", "symbol"]}
{"event": "analysis_generated", "symbol": "SOMIUSDT", "duration_ms": 2, "score": 30, "direction_score": -2.0, "current_price": 0.2344}
{"event": "monitor_context", "symbol": "SOMIUSDT", "direction": "SHORT", "entry_price": 0.2429, "current_price": 0.2344, "qty": "62", "baseline_qty": "123", "core_qty": "61.5", "scalp_qty": "61.5", "profit_locked": true, "need_partial_tp": false}
{"event": "open_orders_fetched", "symbol": "SOMIUSDT", "count": 2}
{"event": "llm_monitor_raw", "symbol": "SOMIUSDT", "raw": {"action": "HOLD", "reasoning": "The current position meets all strategy guidelines: Stop Loss is active and set above break-even (0.2424 vs. entry 0.2429), Final Take Profit is set at 0.22, and Profit Locked is true preventing SL loosening. Market conditions (Trend Score 30, bearish signals) still support the short, and no structural invalidation is present. No adjustments are needed as price fluctuations are minor and orders are properly configured.", "new_stop_loss": null, "new_take_profit": null, "partial_tp_price": null, "partial_tp_percent": null, "reduce_percent": null, "add_usdt": null}}
{"event": "market_data_fetched", "symbol": "SOMIUSDT", "duration_ms": 3275, "keys": ["funding_rate", "klines_15m", "klines_1h", "klines_1m", "oi_hist", "orderbook", "premium_index", "symbol"]}
{"event": "analysis_generated", "symbol": "SOMIUSDT", "duration_ms": 4, "score": 45, "direction_score": -2.0, "current_price": 0.2357}
{"event": "monitor_context", "symbol": "SOMIUSDT", "direction": "SHORT", "entry_price": 0.2429, "current_price": 0.2357, "qty": "62", "baseline_qty": "123", "core_qty": "61.5", "scalp_qty": "61.5", "profit_locked": true, "need_partial_tp": false}
{"event": "open_orders_fetched", "symbol": "SOMIUSDT", "count": 2}
{"event": "llm_monitor_raw", "symbol": "SOMIUSDT", "raw": {"action": "HOLD", "reasoning": "The current position is profitable with a locked profit, and the stop loss is appropriately set at a break-even level (0.2424, slightly above entry price 0.2429 to cover fees). The market analysis shows a neutral trend score (45) with bearish signals (1H均线空头排列, negative funding rate, etc.), but no structural invalidation. The strategy rules do not require adjustments as profit is locked, size is below baseline, and no immediate scalping opportunity is suggested. All necessary orders (SL, final TP) are active, and no partial TP is needed (Need: False). Stability guidelines advise against unnecessary order changes.", "new_stop_loss": null, "new_take_profit": null, "partial_tp_price": null, "partial_tp_percent": null, "reduce_percent": null, "add_usdt": null}}
{"event": "market_data_fetched", "symbol": "SOMIUSDT", "duration_ms": 2773, "keys": ["funding_rate", "klines_15m", "klines_1h", "klines_1m", "oi_hist", "orderbook", "premium_index", "symbol"]}
{"event": "analysis_generated", "symbol": "SOMIUSDT", "duration_ms": 3, "score": 60, "direction_score": -3.0, "current_price": 0.2352}
{"event": "monitor_context", "symbol": "SOMIUSDT", "direction": "SHORT", "entry_price": 0.2429, "current_price": 0.2352, "qty": "62", "baseline_qty": "123", "core_qty": "61.5", "scalp_qty": "61.5", "profit_locked": true, "need_partial_tp": false}
{"event": "open_orders_fetched", "symbol": "SOMIUSDT", "count": 2}
{"event": "llm_monitor_raw", "symbol": "SOMIUSDT", "raw": {"action": "HOLD", "reasoning": "The current position meets all strategy guidelines: Stop Loss is active at 0.2424 (above break-even), Final Take Profit is set at 0.22, and Profit Locked is true (preventing SL loosening). Market conditions remain favorable (Trend Score 60, bearish signals), and no structural invalidation exists. No adjustments are needed as the position is already partially reduced (Core Size = 61.5 vs Baseline 123) and no Smart Suggestions recommend action.", "new_stop_loss": null, "new_take_profit": null, "partial_tp_price": null, "partial_tp_percent": null, "reduce_percent": null, "add_usdt": null}}
{"event": "market_data_fetched", "symbol": "SOMIUSDT", "duration_ms": 2761, "keys": ["funding_rate", "klines_15m", "klines_1h", "klines_1m", "oi_hist", "orderbook", "premium_index", "symbol"]}
{"event": "analysis_generated", "symbol": "SOMIUSDT", "duration_ms": 3, "score": 55, "direction_score": -1.0, "current_price": 0.2348}
{"event": "monitor_context", "symbol": "SOMIUSDT", "direction": "SHORT", "entry_price": 0.2429, "current_price": 0.2348, "qty": "62", "baseline_qty": "123", "core_qty": "61.5", "scalp_qty": "61.5", "profit_locked": true, "need_partial_tp": false}
{"event": "open_orders_fetched", "symbol": "SOMIUSDT", "count": 2}
{"event": "llm_monitor_raw", "symbol": "SOMIUSDT", "raw": {"action": "HOLD", "reasoning": "The current position meets all strategy guidelines: Stop Loss is active and set above break-even (0.2424 vs. entry 0.2429), Final Take Profit is set at 0.22, and Profit Locked is true (preventing SL loosening). Market analysis shows no invalidation signals (Trend Score 55 > 40, bearish alignment), and no Smart Suggestions indicate action is needed. Stability rules prohibit order changes for minor fluctuations.", "new_stop_loss": null, "new_take_profit": null, "partial_tp_price": null, "partial_tp_percent": null, "reduce_percent": null, "add_usdt": null}}
{"event": "market_data_fetched", "symbol": "SOMIUSDT", "duration_ms": 2764, "keys": ["funding_rate", "klines_15m", "klines_1h", "klines_1m", "oi_hist", "orderbook", "premium_index", "symbol"]}
{"event": "analysis_generated", "symbol": "SOMIUSDT", "duration_ms": 4, "score": 35, "direction_score": -2.0, "current_price": 0.2352}
{"event": "monitor_context", "symbol": "SOMIUSDT", "direction": "SHORT", "entry_price": 0.2429, "current_price": 0.2352, "qty": "62", "baseline_qty": "123", "core_qty": "61.5", "scalp_qty": "61.5", "profit_locked": true, "need_partial_tp": false}
{"event": "open_orders_fetched", "symbol": "SOMIUSDT", "count": 2}
{"event": "llm_monitor_raw", "symbol": "SOMIUSDT", "raw": {"action": "HOLD", "reasoning": "The current position meets all strategy guidelines: Stop Loss is active and set above break-even (0.2424 vs. entry 0.2429), Final Take Profit is set at 0.22, and Profit Locked is true preventing SL loosening. Market analysis shows bearish signals (1H均线空头排列, negative funding) but no structural invalidation. No Smart Suggestions trigger action. Size is below Baseline (61.5 vs. 123), but adding is optional and not mandated.", "new_stop_loss": null, "new_take_profit": null, "partial_tp_price": null, "partial_tp_percent": null, "reduce_percent": null, "add_usdt": null}}
{"event": "market_data_fetched", "symbol": "SOMIUSDT", "duration_ms": 3321, "keys": ["funding_rate", "klines_15m", "klines_1h", "klines_1m", "oi_hist", "orderbook", "premium_index", "symbol"]}
{"event": "analysis_generated", "symbol": "SOMIUSDT", "duration_ms": 2, "score": 35, "direction_score": -2.0, "current_price": 0.2355}
{"event": "monitor_context", "symbol": "SOMIUSDT", "direction": "SHORT", "entry_price": 0.2429, "current_price": 0.2355, "qty": "62", "baseline_qty": "123", "core_qty": "61.5", "scalp_qty": "61.5", "profit_locked": true, "need_partial_tp": false}
{"event": "open_orders_fetched", "symbol": "SOMIUSDT", "count": 2}
{"event": "llm_monitor_raw", "symbol": "SOMIUSDT", "raw": {"action": "HOLD", "reasoning": "The current position meets all strategy guidelines: Stop Loss is active and set above break-even (0.2424 vs entry 0.2429), Final Take Profit is set at 0.22, and Profit Locked is true (preventing SL loosening). Market conditions haven't invalidated the trade (1H均线空头排列, negative funding, good liquidity), and no Smart Suggestions require action. Size is already below Baseline Size (61.5 vs 123), but since Profit Locked is true, adding is optional and not mandatory.", "new_stop_loss": null, "new_take_profit": null, "partial_tp_price": null, "partial_tp_percent": null, "reduce_percent": null, "add_usdt": null}}
{"event": "market_data_fetched", "symbol": "SOMIUSDT", "duration_ms": 3001, "keys": ["funding_rate", "klines_15m", "klines_1h", "klines_1m", "oi_hist", "orderbook", "premium_index", "symbol"]}
{"event": "analysis_generated", "symbol": "SOMIUSDT", "duration_ms": 5, "score": 50, "direction_score": -2.0, "current_price": 0.234}
{"event": "monitor_context", "symbol": "SOMIUSDT", "direction": "SHORT", "entry_price": 0.2429, "current_price": 0.234, "qty": "62", "baseline_qty": "123", "core_qty": "61.5", "scalp_qty": "61.5", "profit_locked": true, "need_partial_tp": false}
{"event": "open_orders_fetched", "symbol": "SOMIUSDT", "count": 2}
{"event": "llm_monitor_raw", "symbol": "SOMIUSDT", "raw": {"action": "HOLD", "reasoning": "The current position meets all strategy guidelines: Stop Loss is active and set above break-even (0.2424 vs. entry 0.2429), Final Take Profit is set at 0.22, and Profit Locked is true (preventing SL loosening). Market conditions remain favorable (1H均线空头排列, negative funding, good liquidity) with no structural invalidation. No partial TP is needed as 'Need: False', and size is already below Baseline Size (61.5 vs. 123). No adjustments are required for minor fluctuations.", "new_stop_loss": null, "new_take_profit": null, "partial_tp_price": null, "partial_tp_percent": null, "reduce_percent": null, "add_usdt": null}}
{"event": "market_data_fetched", "symbol": "SOMIUSDT", "duration_ms": 3473, "keys": ["funding_rate", "klines_15m", "klines_1h", "klines_1m", "oi_hist", "orderbook", "premium_index", "symbol"]}
{"event": "analysis_generated", "symbol": "SOMIUSDT", "duration_ms": 4, "score": 40, "direction_score": -2.0, "current_price": 0.2343}
{"event": "monitor_context", "symbol": "SOMIUSDT", "direction": "SHORT", "entry_price": 0.2429, "current_price": 0.2343, "qty": "62", "baseline_qty": "123", "core_qty": "61.5", "scalp_qty": "61.5", "profit_locked": true, "need_partial_tp": false}
{"event": "open_orders_fetched", "symbol": "SOMIUSDT", "count": 2}
{"event": "llm_monitor_raw", "symbol": "SOMIUSDT", "raw": {"action": "HOLD", "reasoning": "Current position meets all strategy guidelines: Stop Loss is active and set above break-even (0.2424 vs. entry 0.2429), Final Take Profit is set at 0.22, and Profit Locked is true (preventing SL loosening). Market analysis shows bearish signals (1H MA排列, negative funding) but no structural invalidation. No Smart Suggestions trigger action. Size is below Baseline (61.5 < 123), but adding is optional and not mandated by current conditions.", "new_stop_loss": null, "new_take_profit": null, "partial_tp_price": null, "partial_tp_percent": null, "reduce_percent": null, "add_usdt": null}}
{"event": "market_data_fetched", "symbol": "SOMIUSDT", "duration_ms": 3832, "keys": ["funding_rate", "klines_15m", "klines_1h", "klines_1m", "oi_hist", "orderbook", "premium_index", "symbol"]}
{"event": "analysis_generated", "symbol": "SOMIUSDT", "duration_ms": 3, "score": 35, "direction_score": -2.0, "current_price": 0.2339}
{"event": "monitor_context", "symbol": "SOMIUSDT", "direction": "SHORT", "entry_price": 0.2429, "current_price": 0.2339, "qty": "62", "baseline_qty": "123", "core_qty": "61.5", "scalp_qty": "61.5", "profit_locked": true, "need_partial_tp": false}
{"event": "open_orders_fetched", "symbol": "SOMIUSDT", "count": 2}
{"event": "llm_monitor_raw", "symbol": "SOMIUSDT", "raw": {"action": "HOLD", "reasoning": "The current position meets all strategy guidelines: Stop Loss is active and set above break-even (0.2424 vs. entry 0.2429), Final Take Profit is set at 0.22, and Profit Locked is true (preventing SL loosening). Market conditions haven't invalidated the trade (Trend Score 35 is neutral, signals still support bearish bias), and no Smart Suggestions require action. Size is already below Baseline after partial TP, but adding isn't necessary as the position is stable.", "new_stop_loss": null, "new_take_profit": null, "partial_tp_price": null, "partial_tp_percent": null, "reduce_percent": null, "add_usdt": null}}
{"event": "market_data_fetched", "symbol": "SOMIUSDT", "duration_ms": 3229, "keys": ["funding_rate", "klines_15m", "klines_1h", "klines_1m", "oi_hist", "orderbook", "premium_index", "symbol"]}
{"event": "analysis_generated", "symbol": "SOMIUSDT", "duration_ms": 3, "score": 50, "direction_score": -2.0, "current_price": 0.2335}
{"event": "monitor_context", "symbol": "SOMIUSDT", "direction": "SHORT", "entry_price": 0.2429, "current_price": 0.2335, "qty": "62", "baseline_qty": "123", "core_qty": "61.5", "scalp_qty": "61.5", "profit_locked": true, "need_partial_tp": false}
{"event": "open_orders_fetched", "symbol": "SOMIUSDT", "count": 2}
{"event": "llm_monitor_raw", "symbol": "SOMIUSDT", "raw": {"action": "HOLD", "reasoning": "The current position is profitable with a locked profit, and the stop loss is appropriately set at 0.2424 (just above break-even). The market analysis shows a neutral trend score (50) with bearish signals (1H均线空头排列, negative funding rate, good liquidity), but no strong invalidation or immediate opportunity to adjust. The strategy rules prohibit loosening the stop loss when profit is locked, and no partial take profit is needed (Need: False). No market structure invalidation or significant change in conditions warrants an adjustment. Stability guidelines suggest holding unless specific triggers occur (none present here).", "new_stop_loss": null, "new_take_profit": null, "partial_tp_price": null, "partial_tp_percent": null, "reduce_percent": null, "add_usdt": null}}
{"event": "market_data_fetched", "symbol": "SOMIUSDT", "duration_ms": 3117, "keys": ["funding_rate", "klines_15m", "klines_1h", "klines_1m", "oi_hist", "orderbook", "premium_index", "symbol"]}
{"event": "analysis_generated", "symbol": "SOMIUSDT", "duration_ms": 4, "score": 50, "direction_score": -2.0, "current_price": 0.2335}
{"event": "monitor_context", "symbol": "SOMIUSDT", "direction": "SHORT", "entry_price": 0.2429, "current_price": 0.2335, "qty": "62", "baseline_qty": "123", "core_qty": "61.5", "scalp_qty": "61.5", "profit_locked": true, "need_partial_tp": false}
{"event": "open_orders_fetched", "symbol": "SOMIUSDT", "count": 2}
{"event": "llm_monitor_raw", "symbol": "SOMIUSDT", "raw": {"action": "HOLD", "reasoning": "The current position meets all strategy guidelines: Stop Loss is active and set above break-even (0.2424 vs. entry 0.2429), Final Take Profit is set at 0.22, and Profit Locked is true preventing SL loosening. Market conditions remain favorable (1H均线空头排列, negative funding, good liquidity) with no structural invalidation. No adjustments are needed as the trade is progressing within expected parameters.", "new_stop_loss": null, "new_take_profit": null, "partial_tp_price": null, "partial_tp_percent": null, "reduce_percent": null, "add_usdt": null}}
{"event": "market_data_fetched", "symbol": "SOMIUSDT", "duration_ms": 2787, "keys": ["funding_rate", "klines_15m", "klines_1h", "klines_1m", "oi_hist", "orderbook", "premium_index", "symbol"]}
{"event": "analysis_generated", "symbol": "SOMIUSDT", "duration_ms": 4, "score": 40, "direction_score": -2.0, "current_price": 0.2348}
{"event": "monitor_context", "symbol": "SOMIUSDT", "direction": "SHORT", "entry_price": 0.2429, "current_price": 0.2348, "qty": "62", "baseline_qty": "123", "core_qty": "61.5", "scalp_qty": "61.5", "profit_locked": true, "need_partial_tp": false}
{"event": "open_orders_fetched", "symbol": "SOMIUSDT", "count": 2}
{"event": "llm_monitor_raw", "symbol": "SOMIUSDT", "raw": {"action": "HOLD", "reasoning": "The current position is profitable (3.21% unrealized PnL) and Profit Locked is true, so the stop loss should not be loosened. The existing stop loss at 0.2424 (just above break-even) and final take profit at 0.22 are correctly placed according to the strategy. No partial take profit is needed as 'Need: False'. Market analysis shows bearish signals (1H均线空头排列, negative funding rate, good liquidity), supporting the continuation of the short position. No adjustments are required unless market structure invalidates the trade or stop loss is missing/risky.", "new_stop_loss": null, "new_take_profit": null, "partial_tp_price": null, "partial_tp_percent": null, "reduce_percent": null, "add_usdt": null}}
{"event": "market_data_fetched", "symbol": "SOMIUSDT", "duration_ms": 3003, "keys": ["funding_rate", "klines_15m", "klines_1h", "klines_1m", "oi_hist", "orderbook", "premium_index", "symbol"]}
{"event": "analysis_generated", "symbol": "SOMIUSDT", "duration_ms": 2, "score": 25, "direction_score": -2.0, "current_price": 0.235}
{"event": "monitor_context", "symbol": "SOMIUSDT", "direction": "SHORT", "entry_price": 0.2429, "current_price": 0.235, "qty": "62", "baseline_qty": "123", "core_qty": "61.5", "scalp_qty": "61.5", "profit_locked": true, "need_partial_tp": false}
{"event": "open_orders_fetched", "symbol": "SOMIUSDT", "count": 2}
{"event": "llm_monitor_raw", "symbol": "SOMIUSDT", "raw": {"action": "HOLD", "reasoning": "The current position meets all strategy guidelines: Stop Loss is active and set above break-even (0.2424 vs. entry 0.2429), Final Take Profit is set at 0.22, and Profit Locked is true (preventing SL loosening). Market analysis shows bearish signals (1H均线空头排列, negative funding, volatility合格), and the Smart Suggestions recommend no action. No structural invalidation or immediate risk is present.", "new_stop_loss": null, "new_take_profit": null, "partial_tp_price": null, "partial_tp_percent": null, "reduce_percent": null, "add_usdt": null}}
{"event": "market_data_fetched", "symbol": "SOMIUSDT", "duration_ms": 3235, "keys": ["funding_rate", "klines_15m", "klines_1h", "klines_1m", "oi_hist", "orderbook", "premium_index", "symbol"]}
{"event": "analysis_generated", "symbol": "SOMIUSDT", "duration_ms": 4, "score": 55, "direction_score": -1.0, "current_price": 0.2354}
{"event": "monitor_context", "symbol": "SOMIUSDT", "direction": "SHORT", "entry_price": 0.2429, "current_price": 0.2354, "qty": "62", "baseline_qty": "123", "core_qty": "61.5", "scalp_qty": "61.5", "profit_locked": true, "need_partial_tp": false}
{"event": "open_orders_fetched", "symbol": "SOMIUSDT", "count": 2}
{"event": "llm_monitor_raw", "symbol": "SOMIUSDT", "raw": {"action": "HOLD", "reasoning": "The current position meets all strategy guidelines: Stop Loss is active and set above break-even (0.2424 vs. entry 0.2429), Final Take Profit is set at 0.22, and Profit Locked is true (preventing SL loosening). Market conditions show mixed signals (55 Trend Score, bearish MA alignment, but volume spike upward), but no structural invalidation exists. No adjustments are needed as the trade is stable and no Smart Suggestions are triggered.", "new_stop_loss": null, "new_take_profit": null, "partial_tp_price": null, "partial_tp_percent": null, "reduce_percent": null, "add_usdt": null}}
{"event": "market_data_fetched", "symbol": "SOMIUSDT", "duration_ms": 2764, "keys": ["funding_rate", "klines_15m", "klines_1h", "klines_1m", "oi_hist", "orderbook", "premium_index", "symbol"]}
{"event": "analysis_generated", "symbol": "SOMIUSDT", "duration_ms": 3, "score": 50, "direction_score": -3.0, "current_price": 0.2341}
{"event": "monitor_context", "symbol": "SOMIUSDT", "direction": "SHORT", "entry_price": 0.2429, "current_price": 0.2341, "qty": "62", "baseline_qty": "123", "core_qty": "61.5", "scalp_qty": "61.5", "profit_locked": true, "need_partial_tp": false}
{"event": "open_orders_fetched", "symbol": "SOMIUSDT", "count": 2}
{"event": "llm_monitor_raw", "symbol": "SOMIUSDT", "raw": {"action": "HOLD", "reasoning": "The current position is profitable with a locked profit, and all necessary orders (Stop Loss and Final Take Profit) are active. The market analysis does not indicate a need to adjust orders or close the position. The trend score is neutral (50), and the signals support maintaining the short position. Since the Profit Locked is true, we should not loosen the stop loss, and there is no need to add to the position as the current size is already below the Baseline Size. The strategy guidelines suggest holding unless there is a significant change in market structure or a need to lock in profits, neither of which is currently present.", "new_stop_loss": null, "new_take_profit": null, "partial_tp_price": null, "partial_tp_percent": null, "reduce_percent": null, "add_usdt": null}}
{"event": "market_data_fetched", "symbol": "SOMIUSDT", "duration_ms": 3024, "keys": ["funding_rate", "klines_15m", "klines_1h", "klines_1m", "oi_hist", "orderbook", "premium_index", "symbol"]}
{"event": "analysis_generated", "symbol": "SOMIUSDT", "duration_ms": 3, "score": 45, "direction_score": -2.0, "current_price": 0.2344}
{"event": "monitor_context", "symbol": "SOMIUSDT", "direction": "SHORT", "entry_price": 0.2429, "current_price": 0.2344, "qty": "62", "baseline_qty": "123", "core_qty": "61.5", "scalp_qty": "61.5", "profit_locked": true, "need_partial_tp": false}
{"event": "open_orders_fetched", "symbol": "SOMIUSDT", "count": 2}
{"event": "llm_monitor_raw", "symbol": "SOMIUSDT", "raw": {"action": "HOLD", "reasoning": "The current position meets all strategy guidelines: Stop Loss is active and set above break-even (0.2424 vs entry 0.2429), Final Take Profit is set at 0.22, and Profit Locked is true preventing SL loosening. Market analysis shows no invalidation signals (Trend Score 45 still neutral/bearish, ATR/rate/liquidity support holding). No Smart Suggestions trigger action. Size is already below Baseline (62 vs 123) but adding isn't necessary without clear edge.", "new_stop_loss": null, "new_take_profit": null, "partial_tp_price": null, "partial_tp_percent": null, "reduce_percent": null, "add_usdt": null}}
{"event": "market_data_fetched", "symbol": "SOMIUSDT", "duration_ms": 2750, "keys": ["funding_rate", "klines_15m", "klines_1h", "klines_1m", "oi_hist", "orderbook", "premium_index", "symbol"]}
{"event": "analysis_generated", "symbol": "SOMIUSDT", "duration_ms": 3, "score": 35, "direction_score": -2.0, "current_price": 0.235}
{"event": "monitor_context", "symbol": "SOMIUSDT", "direction": "SHORT", "entry_price": 0.2429, "current_price": 0.235, "qty": "62", "baseline_qty": "123", "core_qty": "61.5", "scalp_qty": "61.5", "profit_locked": true, "need_partial_tp": false}
{"event": "open_orders_fetched", "symbol": "SOMIUSDT", "count": 2}
{"event": "llm_monitor_raw", "symbol": "SOMIUSDT", "raw": {"action": "HOLD", "reasoning": "The current position meets all strategy guidelines: Stop Loss is active and set above break-even (0.2424 vs. entry 0.2429), Final Take Profit is set at 0.22, and Profit Locked is true preventing SL loosening. Market conditions (35 Trend Score, negative funding, bearish MA alignment) still support the short despite weaker momentum. No structural invalidation or immediate profit-locking need exists. Scalping additions are optional but not required as size (62) is already near Core Size (61.5).", "new_stop_loss": null, "new_take_profit": null, "partial_tp_price": null, "partial_tp_percent": null, "reduce_percent": null, "add_usdt": null}}
{"event": "market_data_fetched", "symbol": "SOMIUSDT", "duration_ms": 3386, "keys": ["funding_rate", "klines_15m", "klines_1h", "klines_1m", "oi_hist", "orderbook", "premium_index", "symbol"]}
{"event": "analysis_generated", "symbol": "SOMIUSDT", "duration_ms": 3, "score": 35, "direction_score": -2.0, "current_price": 0.2356}
{"event": "monitor_context", "symbol": "SOMIUSDT", "direction": "SHORT", "entry_price": 0.2429, "current_price": 0.2356, "qty": "62", "baseline_qty": "123", "core_qty": "61.5", "scalp_qty": "61.5", "profit_locked": true, "need_partial_tp": false}
{"event": "open_orders_fetched", "symbol": "SOMIUSDT", "count": 2}
{"event": "llm_monitor_raw", "symbol": "SOMIUSDT", "raw": {"action": "HOLD", "reasoning": "The current position meets all strategy guidelines: Stop Loss is active and set above break-even (0.2424 vs. entry 0.2429), Final Take Profit is set at 0.22, and Profit Locked is true preventing SL loosening. Market conditions (trend score 35, bearish signals) still support the short, and no structural invalidation exists. No partial TP is needed (scalp size already reduced). Stability rules discourage unnecessary adjustments.", "new_stop_loss": null, "new_take_profit": null, "partial_tp_price": null, "partial_tp_percent": null, "reduce_percent": null, "add_usdt": null}}
{"event": "market_data_fetched", "symbol": "SOMIUSDT", "duration_ms": 2774, "keys": ["funding_rate", "klines_15m", "klines_1h", "klines_1m", "oi_hist", "orderbook", "premium_index", "symbol"]}
{"event": "analysis_generated", "symbol": "SOMIUSDT", "duration_ms": 3, "score": 70, "direction_score": -3.0, "current_price": 0.2366}
{"event": "monitor_context", "symbol": "SOMIUSDT", "direction": "SHORT", "entry_price": 0.2429, "current_price": 0.2366, "qty": "62", "baseline_qty": "123", "core_qty": "61.5", "scalp_qty": "61.5", "profit_locked": true, "need_partial_tp": false}
{"event": "open_orders_fetched", "symbol": "SOMIUSDT", "count": 2}
{"event": "llm_monitor_raw", "symbol": "SOMIUSDT", "raw": {"action": "HOLD", "reasoning": "The current position is profitable with Profit Locked set to true, and all required orders (Stop Loss and Final Take Profit) are active and appropriately placed. The Stop Loss is at break-even (+fees), adhering to the profit lock rule. The market analysis supports continuation of the downtrend with strong signals (1H均线空头排列, 放量下跌, etc.), and no structural invalidation is present. No adjustments are needed unless market conditions change significantly.", "new_stop_loss": null, "new_take_profit": null, "partial_tp_price": null, "partial_tp_percent": null, "reduce_percent": null, "add_usdt": null}}
{"event": "market_data_fetched", "symbol": "SOMIUSDT", "duration_ms": 3037, "keys": ["funding_rate", "klines_15m", "klines_1h", "klines_1m", "oi_hist", "orderbook", "premium_index", "symbol"]}
{"event": "analysis_generated", "symbol": "SOMIUSDT", "duration_ms": 4, "score": 55, "direction_score": -2.0, "current_price": 0.2325}
{"event": "monitor_context", "symbol": "SOMIUSDT", "direction": "SHORT", "entry_price": 0.2429, "current_price": 0.2325, "qty": "62", "baseline_qty": "123", "core_qty": "61.5", "scalp_qty": "61.5", "profit_locked": true, "need_partial_tp": false}
{"event": "open_orders_fetched", "symbol": "SOMIUSDT", "count": 2}
{"event": "llm_monitor_raw", "symbol": "SOMIUSDT", "raw": {"action": "HOLD", "reasoning": "The current position meets all strategy guidelines: Stop Loss is active and set at break-even (+fees), Final Take Profit is set, and Profit Locked is true preventing any loosening of SL. Market analysis shows no invalidation signals (trend score 55 > 40, bearish alignment, negative funding). No Smart Suggestions recommend action, and stability rules prohibit unnecessary order changes.", "new_stop_loss": null, "new_take_profit": null, "partial_tp_price": null, "partial_tp_percent": null, "reduce_percent": null, "add_usdt": null}}
{"event": "market_data_fetched", "symbol": "SOMIUSDT", "duration_ms": 2986, "keys": ["funding_rate", "klines_15m", "klines_1h", "klines_1m", "oi_hist", "orderbook", "premium_index", "symbol"]}
{"event": "analysis_generated", "symbol": "SOMIUSDT", "duration_ms": 5, "score": 40, "direction_score": -2.0, "current_price": 0.2326}
{"event": "monitor_context", "symbol": "SOMIUSDT", "direction": "SHORT", "entry_price": 0.2429, "current_price": 0.2326, "qty": "62", "baseline_qty": "123", "core_qty": "61.5", "scalp_qty": "61.5", "profit_locked": true, "need_partial_tp": false}
{"event": "open_orders_fetched", "symbol": "SOMIUSDT", "count": 2}
{"event": "llm_monitor_raw", "symbol": "SOMIUSDT", "raw": {"action": "HOLD", "reasoning": "The current position meets all strategy guidelines: Stop Loss is active and set above break-even (0.2424 vs. entry 0.2429), Final Take Profit is set at 0.22, and Profit Locked is true (preventing SL loosening). Market conditions remain favorable (1H bearish MA alignment, negative funding, volatility qualified) with no structural invalidation. No adjustments are needed as the trade is progressing within expected parameters.", "new_stop_loss": null, "new_take_profit": null, "partial_tp_price": null, "partial_tp_percent": null, "reduce_percent": null, "add_usdt": null}}
{"event": "market_data_fetched", "symbol": "SOMIUSDT", "duration_ms": 3023, "keys": ["funding_rate", "klines_15m", "klines_1h", "klines_1m", "oi_hist", "orderbook", "premium_index", "symbol"]}
{"event": "analysis_generated", "symbol": "SOMIUSDT", "duration_ms": 1, "score": 35, "direction_score": -2.0, "current_price": 0.2333}
{"event": "monitor_context", "symbol": "SOMIUSDT", "direction": "SHORT", "entry_price": 0.2429, "current_price": 0.2333, "qty": "62", "baseline_qty": "123", "core_qty": "61.5", "scalp_qty": "61.5", "profit_locked": true, "need_partial_tp": false}
{"event": "open_orders_fetched", "symbol": "SOMIUSDT", "count": 2}
{"event": "llm_monitor_raw", "symbol": "SOMIUSDT", "raw": {"action": "HOLD", "reasoning": "The current position meets all strategy guidelines: Stop Loss is active and set above break-even (0.2424 vs. entry 0.2429), Final Take Profit is set at 0.22, and Profit Locked is true (preventing SL loosening). Market analysis shows bearish signals (1H MA排列, negative funding) without invalidation, and Smart Suggestions recommend no action. Size is already below Baseline Size (61.5 vs. 123), but no immediate need to 'ADD' exists as volatility and trend score don’t strongly support scaling in. Stability rules prohibit unnecessary order adjustments.", "new_stop_loss": null, "new_take_profit": null, "partial_tp_price": null, "partial_tp_percent": null, "reduce_percent": null, "add_usdt": null}}
{"event": "market_data_fetched", "symbol": "SOMIUSDT", "duration_ms": 3506, "keys": ["funding_rate", "klines_15m", "klines_1h", "klines_1m", "oi_hist", "orderbook", "premium_index", "symbol"]}
{"event": "analysis_generated", "symbol": "SOMIUSDT", "duration_ms": 2, "score": 55, "direction_score": -2.0, "current_price": 0.2325}
{"event": "monitor_context", "symbol": "SOMIUSDT", "direction": "SHORT", "entry_price": 0.2429, "current_price": 0.2325, "qty": "62", "baseline_qty": "123", "core_qty": "61.5", "scalp_qty": "61.5", "profit_locked": true, "need_partial_tp": false}
{"event": "open_orders_fetched", "symbol": "SOMIUSDT", "count": 2}
{"event": "llm_monitor_raw", "symbol": "SOMIUSDT", "raw": {"action": "HOLD", "reasoning": "The current position is profitable (4.18% unrealized PnL) and Profit Locked is true, so the stop loss at 0.2424 (break-even + fees) should not be loosened. The market analysis shows a neutral trend score (55) with bearish signals (1H均线空头排列, negative funding rate, good liquidity), but no strong invalidation or immediate action is suggested. The existing stop loss and final take profit orders are correctly placed according to the strategy. Since there's no need for a partial take profit (Need: False) and no market structure invalidation, holding the position is the optimal action.", "new_stop_loss": null, "new_take_profit": null, "partial_tp_price": null, "partial_tp_percent": null, "reduce_percent": null, "add_usdt": null}}
{"event": "market_data_fetched", "symbol": "SOMIUSDT", "duration_ms": 3521, "keys": ["funding_rate", "klines_15m", "klines_1h", "klines_1m", "oi_hist", "orderbook", "premium_index", "symbol"]}
{"event": "analysis_generated", "symbol": "SOMIUSDT", "duration_ms": 3, "score": 50, "direction_score": -2.0, "current_price": 0.233}
{"event": "monitor_context", "symbol": "SOMIUSDT", "direction": "SHORT", "entry_price": 0.2429, "current_price": 0.233, "qty": "62", "baseline_qty": "123", "core_qty": "61.5", "scalp_qty": "61.5", "profit_locked": true, "need_partial_tp": false}
{"event": "open_orders_fetched", "symbol": "SOMIUSDT", "count": 2}
{"event": "llm_monitor_raw", "symbol": "SOMIUSDT", "raw": {"action": "HOLD", "reasoning": "The current position meets all strategy guidelines: Stop Loss is active and set above break-even (0.2424 vs. entry 0.2429), Final Take Profit is set at 0.22, and Profit Locked is true preventing SL loosening. Market conditions remain favorable (1H均线空头排列, negative funding, good liquidity) with no structural invalidation. No adjustments are needed as the trade is stable and no Smart Suggestions trigger action.", "new_stop_loss": null, "new_take_profit": null, "partial_tp_price": null, "partial_tp_percent": null, "reduce_percent": null, "add_usdt": null}}
{"event": "market_data_fetched", "symbol": "SOMIUSDT", "duration_ms": 3019, "keys": ["funding_rate", "klines_15m", "klines_1h", "klines_1m", "oi_hist", "orderbook", "premium_index", "symbol"]}
{"event": "analysis_generated", "symbol": "SOMIUSDT", "duration_ms": 2, "score": 40, "direction_score": -2.0, "current_price": 0.233}
{"event": "monitor_context", "symbol": "SOMIUSDT", "direction": "SHORT", "entry_price": 0.2429, "current_price": 0.233, "qty": "62", "baseline_qty": "123", "core_qty": "61.5", "scalp_qty": "61.5", "profit_locked": true, "need_partial_tp": false}
{"event": "open_orders_fetched", "symbol": "SOMIUSDT", "count": 2}
{"event": "llm_monitor_raw", "symbol": "SOMIUSDT", "raw": {"action": "HOLD", "reasoning": "The current position meets all strategy guidelines: Stop Loss is active at 0.2424 (above break-even), Final Take Profit is set at 0.22, and no Partial Take Profit is needed (Profit Locked is true). Market conditions (Trend Score 40, bearish signals, negative funding) still support the short. No adjustments are required unless market structure invalidates the trade or Smart Suggestions recommend action.", "new_stop_loss": null, "new_take_profit": null, "partial_tp_price": null, "partial_tp_percent": null, "reduce_percent": null, "add_usdt": null}}
{"event": "market_data_fetched", "symbol": "SOMIUSDT", "duration_ms": 2766, "keys": ["funding_rate", "klines_15m", "klines_1h", "klines_1m", "oi_hist", "orderbook", "premium_index", "symbol"]}
{"event": "analysis_generated", "symbol": "SOMIUSDT", "duration_ms": 5, "score": 60, "direction_score": -3.0, "current_price": 0.2351}
{"event": "monitor_context", "symbol": "SOMIUSDT", "direction": "SHORT", "entry_price": 0.2429, "current_price": 0.2351, "qty": "62", "baseline_qty": "123", "core_qty": "61.5", "scalp_qty": "61.5", "profit_locked": true, "need_partial_tp": false}
{"event": "open_orders_fetched", "symbol": "SOMIUSDT", "count": 2}
{"event": "llm_monitor_raw", "symbol": "SOMIUSDT", "raw": {"action": "HOLD", "reasoning": "The current position meets all strategy guidelines: Stop Loss is active and set above break-even (0.2424 vs. entry 0.2429), Final Take Profit is set at 0.22, and Profit Locked is true (preventing SL loosening). Market conditions still support the short (1H均线空头排列, 放量下跌, negative funding). No structural invalidation or immediate risk is present. Since size is already below Baseline Size (61.5 vs. 123) and Profit Locked is true, adding is optional but not required. No Partial TP is needed as 'Need: False'.", "new_stop_loss": null, "new_take_profit": null, "partial_tp_price": null, "partial_tp_percent": null, "reduce_percent": null, "add_usdt": null}}
{"event": "market_data_fetched", "symbol": "SOMIUSDT", "duration_ms": 3294, "keys": ["funding_rate", "klines_15m", "klines_1h", "klines_1m", "oi_hist", "orderbook", "premium_index", "symbol"]}
{"event": "analysis_generated", "symbol": "SOMIUSDT", "duration_ms": 2, "score": 70, "direction_score": -3.0, "current_price": 0.2349}
{"event": "monitor_context", "symbol": "SOMIUSDT", "direction": "SHORT", "entry_price": 0.2429, "current_price": 0.2349, "qty": "62", "baseline_qty": "123", "core_qty": "61.5", "scalp_qty": "61.5", "profit_locked": true, "need_partial_tp": false}
{"event": "open_orders_fetched", "symbol": "SOMIUSDT", "count": 2}
{"event": "llm_monitor_raw", "symbol": "SOMIUSDT", "raw": {"action": "HOLD", "reasoning": "The position is currently profitable with a locked profit, and all necessary orders (Stop Loss and Final Take Profit) are active. The market analysis supports the current trend with a strong Trend Score of 70 and bearish signals. Since the Profit Locked is true, we should not loosen the stop loss, and there is no need to adjust orders for minor price fluctuations. The strategy does not require any immediate action as the conditions for holding are met.", "new_stop_loss": null, "new_take_profit": null, "partial_tp_price": null, "partial_tp_percent": null, "reduce_percent": null, "add_usdt": null}}
{"event": "market_data_fetched", "symbol": "SOMIUSDT", "duration_ms": 2772, "keys": ["funding_rate", "klines_15m", "klines_1h", "klines_1m", "oi_hist", "orderbook", "premium_index", "symbol"]}
{"event": "analysis_generated", "symbol": "SOMIUSDT", "duration_ms": 3, "score": 60, "direction_score": -1.0, "current_price": 0.2352}
{"event": "monitor_context", "symbol": "SOMIUSDT", "direction": "SHORT", "entry_price": 0.2429, "current_price": 0.2352, "qty": "62", "baseline_qty": "123", "core_qty": "61.5", "scalp_qty": "61.5", "profit_locked": true, "need_partial_tp": false}
{"event": "open_orders_fetched", "symbol": "SOMIUSDT", "count": 2}
{"event": "llm_monitor_raw", "symbol": "SOMIUSDT", "raw": {"action": "HOLD", "reasoning": "The current position meets all strategy guidelines: Stop Loss is active at break-even (0.2424, tighter than entry + fees), Final Take Profit is set at 0.22, and Profit Locked is true (preventing SL loosening). No Partial Take Profit is needed (Need: False). Market conditions remain favorable (Trend Score 60, bearish signals), and no structural invalidation exists. Adding is optional but not required since current size (62) is already near Core Size (61.5). Stability rules advise against unnecessary adjustments.", "new_stop_loss": null, "new_take_profit": null, "partial_tp_price": null, "partial_tp_percent": null, "reduce_percent": null, "add_usdt": null}}
{"event": "market_data_fetched", "symbol": "SOMIUSDT", "duration_ms": 2755, "keys": ["funding_rate", "klines_15m", "klines_1h", "klines_1m", "oi_hist", "orderbook", "premium_index", "symbol"]}
{"event": "analysis_generated", "symbol": "SOMIUSDT", "duration_ms": 4, "score": 65, "direction_score": -1.0, "current_price": 0.2345}
{"event": "monitor_context", "symbol": "SOMIUSDT", "direction": "SHORT", "entry_price": 0.2429, "current_price": 0.2345, "qty": "62", "baseline_qty": "123", "core_qty": "61.5", "scalp_qty": "61.5", "profit_locked": true, "need_partial_tp": false}
{"event": "open_orders_fetched", "symbol": "SOMIUSDT", "count": 2}
{"event": "llm_monitor_raw", "symbol": "SOMIUSDT", "raw": {"action": "HOLD", "reasoning": "The current position meets all strategy guidelines: Stop Loss is active at break-even (+fees), Final Take Profit is set, and Profit Locked is true (preventing SL loosening). Market analysis shows the trend remains favorable (Trend Score: 65, 1H均线空头排列), and no structural invalidation signals are present. Partial Take Profit is not needed (Need: False), and the position size is already below Baseline Size after prior scaling. No adjustments are required unless market conditions change.", "new_stop_loss": null, "new_take_profit": null, "partial_tp_price": null, "partial_tp_percent": null, "reduce_percent": null, "add_usdt": null}}
{"event": "market_data_fetched", "symbol": "SOMIUSDT", "duration_ms": 3006, "keys": ["funding_rate", "klines_15m", "klines_1h", "klines_1m", "oi_hist", "orderbook", "premium_index", "symbol"]}
{"event": "analysis_generated", "symbol": "SOMIUSDT", "duration_ms": 2, "score": 45, "direction_score": -1.0, "current_price": 0.2351}
{"event": "monitor_context", "symbol": "SOMIUSDT", "direction": "SHORT", "entry_price": 0.2429, "current_price": 0.2351, "qty": "62", "baseline_qty": "123", "core_qty": "61.5", "scalp_qty": "61.5", "profit_locked": true, "need_partial_tp": false}
{"event": "open_orders_fetched", "symbol": "SOMIUSDT", "count": 2}
{"event": "llm_monitor_raw", "symbol": "SOMIUSDT", "raw": {"action": "HOLD", "reasoning": "The current position meets all strategy guidelines: Stop Loss is active at break-even (+fees), Final Take Profit is set, and Profit Locked is true (preventing SL loosening). Market conditions haven't invalidated the trade (Trend Score 45 still neutral/bearish), and no structural changes require adjustment. Since 'Need: False' for Partial Take Profit and scalp size is already reduced, no additional actions are needed.", "new_stop_loss": null, "new_take_profit": null, "partial_tp_price": null, "partial_tp_percent": null, "reduce_percent": null, "add_usdt": null}}
{"event": "market_data_fetched", "symbol": "SOMIUSDT", "duration_ms": 2763, "keys": ["funding_rate", "klines_15m", "klines_1h", "klines_1m", "oi_hist", "orderbook", "premium_index", "symbol"]}
{"event": "analysis_generated", "symbol": "SOMIUSDT", "duration_ms": 3, "score": 25, "direction_score": -2.0, "current_price": 0.2352}
{"event": "monitor_context", "symbol": "SOMIUSDT", "direction": "SHORT", "entry_price": 0.2429, "current_price": 0.2352, "qty": "62", "baseline_qty": "123", "core_qty": "61.5", "scalp_qty": "61.5", "profit_locked": true, "need_partial_tp": false}
{"event": "open_orders_fetched", "symbol": "SOMIUSDT", "count": 2}
{"event": "llm_monitor_raw", "symbol": "SOMIUSDT", "raw": {"action": "HOLD", "reasoning": "The current position is profitable with a locked profit, and the stop loss is appropriately set at a break-even level (0.2424, slightly above entry price 0.2429 to account for fees). The market analysis shows a bearish trend (1H均线空头排列) with negative funding rates and good liquidity, supporting the short position. No immediate adjustment is needed as the trade conditions remain valid, and the existing orders (SL at 0.2424, final TP at 0.22) align with the strategy. The 'Profit Locked' status prohibits loosening the SL, and no partial TP is required (Need: False). Stability guidelines suggest holding unless market structure invalidates the trade.", "new_stop_loss": null, "new_take_profit": null, "partial_tp_price": null, "partial_tp_percent": null, "reduce_percent": null, "add_usdt": null}}
{"event": "market_data_fetched", "symbol": "SOMIUSDT", "duration_ms": 3275, "keys": ["funding_rate", "klines_15m", "klines_1h", "klines_1m", "oi_hist", "orderbook", "premium_index", "symbol"]}
{"event": "analysis_generated", "symbol": "SOMIUSDT", "duration_ms": 4, "score": 25, "direction_score": -2.0, "current_price": 0.2348}
{"event": "monitor_context", "symbol": "SOMIUSDT", "direction": "SHORT", "entry_price": 0.2429, "current_price": 0.2348, "qty": "62", "baseline_qty": "123", "core_qty": "61.5", "scalp_qty": "61.5", "profit_locked": true, "need_partial_tp": false}
{"event": "open_orders_fetched", "symbol": "SOMIUSDT", "count": 2}
{"event": "llm_monitor_raw", "symbol": "SOMIUSDT", "raw": {"action": "HOLD", "reasoning": "The current position is profitable with a locked profit, and the stop loss is active at a break-even level (0.2424, slightly above entry price + fees). The market analysis shows a bearish trend (1H均线空头排列) with acceptable volatility and negative funding rate, supporting the short position. No immediate adjustment is needed as the trade setup remains valid, and the profit lock prevents loosening the stop loss. The strategy rules do not currently require adding to the position or adjusting orders.", "new_stop_loss": null, "new_take_profit": null, "partial_tp_price": null, "partial_tp_percent": null, "reduce_percent": null, "add_usdt": null}}
{"event": "market_data_fetched", "symbol": "SOMIUSDT", "duration_ms": 2751, "keys": ["funding_rate", "klines_15m", "klines_1h", "klines_1m", "oi_hist", "orderbook", "premium_index", "symbol"]}
{"event": "analysis_generated", "symbol": "SOMIUSDT", "duration_ms": 3, "score": 55, "direction_score": -2.0, "current_price": 0.2344}
{"event": "monitor_context", "symbol": "SOMIUSDT", "direction": "SHORT", "entry_price": 0.2429, "current_price": 0.2344, "qty": "62", "baseline_qty": "123", "core_qty": "61.5", "scalp_qty": "61.5", "profit_locked": true, "need_partial_tp": false}
{"event": "open_orders_fetched", "symbol": "SOMIUSDT", "count": 2}
{"event": "llm_monitor_raw", "symbol": "SOMIUSDT", "raw": {"action": "HOLD", "reasoning": "The current position is profitable with a locked profit, and the stop loss is active at a break-even level (0.2424, slightly above entry price 0.2429 to account for fees). The market analysis shows a neutral-to-bearish trend (Trend Score: 55, 1H均线空头排列) with no structural invalidation. No adjustments are needed as the strategy rules are satisfied: full stop loss and final take profit are in place, and no partial take profit is required (Need: False). Stability guidelines suggest holding unless a clear invalidation or profit-locking opportunity arises.", "new_stop_loss": null, "new_take_profit": null, "partial_tp_price": null, "partial_tp_percent": null, "reduce_percent": null, "add_usdt": null}}
{"event": "market_data_fetched", "symbol": "SOMIUSDT", "duration_ms": 3383, "keys": ["funding_rate", "klines_15m", "klines_1h", "klines_1m", "oi_hist", "orderbook", "premium_index", "symbol"]}
{"event": "analysis_generated", "symbol": "SOMIUSDT", "duration_ms": 4, "score": 50, "direction_score": -2.0, "current_price": 0.2355}
{"event": "monitor_context", "symbol": "SOMIUSDT", "direction": "SHORT", "entry_price": 0.2429, "current_price": 0.2355, "qty": "62", "baseline_qty": "123", "core_qty": "61.5", "scalp_qty": "61.5", "profit_locked": true, "need_partial_tp": false}
{"event": "open_orders_fetched", "symbol": "SOMIUSDT", "count": 2}
{"event": "llm_monitor_raw", "symbol": "SOMIUSDT", "raw": {"action": "HOLD", "reasoning": "The current position is profitable with a locked profit, and the stop loss is appropriately set at break-even (+fees). The market analysis shows a neutral trend score (50) with bearish signals (1H均线空头排列, negative funding rate, good liquidity), but no structural invalidation. The strategy does not require a partial take profit (Need: False), and the existing orders (SL at 0.2424, final TP at 0.22) comply with all guidelines. No adjustment is needed unless market conditions change significantly.", "new_stop_loss": null, "new_take_profit": null, "partial_tp_price": null, "partial_tp_percent": null, "reduce_percent": null, "add_usdt": null}}
{"event": "market_data_fetched", "symbol": "SOMIUSDT", "duration_ms": 2971, "keys": ["funding_rate", "klines_15m", "klines_1h", "klines_1m", "oi_hist", "orderbook", "premium_index", "symbol"]}
{"event": "analysis_generated", "symbol": "SOMIUSDT", "duration_ms": 4, "score": 55, "direction_score": -2.0, "current_price": 0.2349}
{"event": "monitor_context", "symbol": "SOMIUSDT", "direction": "SHORT", "entry_price": 0.2429, "current_price": 0.2349, "qty": "62", "baseline_qty": "123", "core_qty": "61.5", "scalp_qty": "61.5", "profit_locked": true, "need_partial_tp": false}
{"event": "open_orders_fetched", "symbol": "SOMIUSDT", "count": 2}
{"event": "llm_monitor_raw", "symbol": "SOMIUSDT", "raw": {"action": "HOLD", "reasoning": "The current position is profitable with a locked profit, and all necessary orders (Stop Loss and Final Take Profit) are active. The market analysis does not indicate a need to adjust orders or close the position. The trend score is still favorable (55), and the signals support maintaining the short position. Since the Profit Locked is true and the current size is below the Baseline Size, adding to the position is an option, but the Smart Suggestions do not recommend any action at this time. Therefore, the best course of action is to hold the position and monitor for any changes in market conditions.", "new_stop_loss": null, "new_take_profit": null, "partial_tp_price": null, "partial_tp_percent": null, "reduce_percent": null, "add_usdt": null}}
{"event": "market_data_fetched", "symbol": "SOMIUSDT", "duration_ms": 3752, "keys": ["funding_rate", "klines_15m", "klines_1h", "klines_1m", "oi_hist", "orderbook", "premium_index", "symbol"]}
{"event": "analysis_generated", "symbol": "SOMIUSDT", "duration_ms": 4, "score": 55, "direction_score": -2.0, "current_price": 0.235}
{"event": "monitor_context", "symbol": "SOMIUSDT", "direction": "SHORT", "entry_price": 0.2429, "current_price": 0.235, "qty": "62", "baseline_qty": "123", "core_qty": "61.5", "scalp_qty": "61.5", "profit_locked": true, "need_partial_tp": false}
{"event": "open_orders_fetched", "symbol": "SOMIUSDT", "count": 2}
{"event": "llm_monitor_raw", "symbol": "SOMIUSDT", "raw": {"action": "HOLD", "reasoning": "The current position meets all strategy guidelines: Stop Loss is active and set at a break-even level (0.2424, slightly above entry price + fees), Final Take Profit is set at 0.22, and Profit Locked is true, preventing any loosening of the Stop Loss. The market analysis shows a neutral-to-bearish trend (Trend Score: 55) with supporting signals (1H均线空头排列, negative funding rate, good liquidity), and no structural invalidation. Since the Smart Suggestions recommend no action and the position is already partially profit-locked (Scalp Size taken), there is no need to adjust orders or add to the position. Stability guidelines also discourage unnecessary adjustments for minor fluctuations.", "new_stop_loss": null, "new_take_profit": null, "partial_tp_price": null, "partial_tp_percent": null, "reduce_percent": null, "add_usdt": null}}
{"event": "market_data_fetched", "symbol": "SOMIUSDT", "duration_ms": 4319, "keys": ["funding_rate", "klines_15m", "klines_1h", "klines_1m", "oi_hist", "orderbook", "premium_index", "symbol"]}
{"event": "analysis_generated", "symbol": "SOMIUSDT", "duration_ms": 3, "score": 35, "direction_score": -2.0, "current_price": 0.2342}
{"event": "monitor_context", "symbol": "SOMIUSDT", "direction": "SHORT", "entry_price": 0.2429, "current_price": 0.2342, "qty": "62", "baseline_qty": "123", "core_qty": "61.5", "scalp_qty": "61.5", "profit_locked": true, "need_partial_tp": false}
{"event": "open_orders_fetched", "symbol": "SOMIUSDT", "count": 2}
{"event": "llm_monitor_raw", "symbol": "SOMIUSDT", "raw": {"action": "HOLD", "reasoning": "The current position meets all strategy guidelines: Stop Loss is active and set above break-even (0.2424 vs. entry 0.2429), Final Take Profit is set at 0.22, and Profit Locked is true preventing SL loosening. Market conditions (Trend Score 35, bearish signals) still support the short, and no structural invalidation exists. No adjustments are needed as orders are properly configured and market fluctuations are minor.", "new_stop_loss": null, "new_take_profit": null, "partial_tp_price": null, "partial_tp_percent": null, "reduce_percent": null, "add_usdt": null}}
{"event": "market_data_fetched", "symbol": "SOMIUSDT", "duration_ms": 3990, "keys": ["funding_rate", "klines_15m", "klines_1h", "klines_1m", "oi_hist", "orderbook", "premium_index", "symbol"]}
{"event": "analysis_generated", "symbol": "SOMIUSDT", "duration_ms": 3, "score": 35, "direction_score": -2.0, "current_price": 0.2346}
{"event": "monitor_context", "symbol": "SOMIUSDT", "direction": "SHORT", "entry_price": 0.2429, "current_price": 0.2346, "qty": "62", "baseline_qty": "123", "core_qty": "61.5", "scalp_qty": "61.5", "profit_locked": true, "need_partial_tp": false}
{"event": "open_orders_fetched", "symbol": "SOMIUSDT", "count": 2}
{"event": "llm_monitor_raw", "symbol": "SOMIUSDT", "raw": {"action": "HOLD", "reasoning": "The current position meets all strategy guidelines: Stop Loss is active and set at break-even (+fees), Final Take Profit is set, and Profit Locked is true (preventing SL loosening). Market analysis shows no invalidation signals (trend score remains bearish-aligned, negative funding, acceptable volatility). No Smart Suggestions recommend adjustments. Size is already below Baseline Size (61.5 vs 123), but since Profit Locked is true and no immediate opportunity is flagged, adding is optional and not required. Stability rules discourage unnecessary order changes.", "new_stop_loss": null, "new_take_profit": null, "partial_tp_price": null, "partial_tp_percent": null, "reduce_percent": null, "add_usdt": null}}
{"event": "market_data_fetched", "symbol": "SOMIUSDT", "duration_ms": 3117, "keys": ["funding_rate", "klines_15m", "klines_1h", "klines_1m", "oi_hist", "orderbook", "premium_index", "symbol"]}
{"event": "analysis_generated", "symbol": "SOMIUSDT", "duration_ms": 4, "score": 35, "direction_score": -2.0, "current_price": 0.235}
{"event": "monitor_context", "symbol": "SOMIUSDT", "direction": "SHORT", "entry_price": 0.2429, "current_price": 0.235, "qty": "62", "baseline_qty": "123", "core_qty": "61.5", "scalp_qty": "61.5", "profit_locked": true, "need_partial_tp": false}
{"event": "open_orders_fetched", "symbol": "SOMIUSDT", "count": 2}
{"event": "llm_monitor_raw", "symbol": "SOMIUSDT", "raw": {"action": "HOLD", "reasoning": "The current position meets all strategy guidelines: Stop Loss is active at break-even (+fees), Final Take Profit is set, and Profit Locked is true (preventing SL loosening). Market conditions haven't invalidated the trade (Trend Score 35 is neutral, signals still support downside). No adjustments are needed as per Stability rules.", "new_stop_loss": null, "new_take_profit": null, "partial_tp_price": null, "partial_tp_percent": null, "reduce_percent": null, "add_usdt": null}}
{"event": "market_data_fetched", "symbol": "SOMIUSDT", "duration_ms": 3018, "keys": ["funding_rate", "klines_15m", "klines_1h", "klines_1m", "oi_hist", "orderbook", "premium_index", "symbol"]}
{"event": "analysis_generated", "symbol": "SOMIUSDT", "duration_ms": 3, "score": 50, "direction_score": -2.0, "current_price": 0.2352}
{"event": "monitor_context", "symbol": "SOMIUSDT", "direction": "SHORT", "entry_price": 0.2429, "current_price": 0.2352, "qty": "62", "baseline_qty": "123", "core_qty": "61.5", "scalp_qty": "61.5", "profit_locked": true, "need_partial_tp": false}
{"event": "open_orders_fetched", "symbol": "SOMIUSDT", "count": 2}
{"event": "llm_monitor_raw", "symbol": "SOMIUSDT", "raw": {"action": "HOLD", "reasoning": "The current position is profitable with a locked profit, and the stop loss is active at a break-even level (0.2424, slightly above entry price 0.2429 accounting for fees). The market analysis shows a neutral trend score (50) but confirms the original short thesis (1H均线空头排列, negative funding, good liquidity). No structural invalidation or immediate risk is detected. The strategy rules prohibit loosening SL (Profit Locked=true) and discourage order changes for minor fluctuations. No partial TP is needed (Need=False), and the final TP (0.22) remains valid. Adding is optional but not required as the current size (62) is near the core size (61.5).", "new_stop_loss": null, "new_take_profit": null, "partial_tp_price": null, "partial_tp_percent": null, "reduce_percent": null, "add_usdt": null}}
{"event": "market_data_fetched", "symbol": "SOMIUSDT", "duration_ms": 3318, "keys": ["funding_rate", "klines_15m", "klines_1h", "klines_1m", "oi_hist", "orderbook", "premium_index", "symbol"]}
{"event": "analysis_generated", "symbol": "SOMIUSDT", "duration_ms": 2, "score": 40, "direction_score": -2.0, "current_price": 0.2343}
{"event": "monitor_context", "symbol": "SOMIUSDT", "direction": "SHORT", "entry_price": 0.2429, "current_price": 0.2343, "qty": "62", "baseline_qty": "123", "core_qty": "61.5", "scalp_qty": "61.5", "profit_locked": true, "need_partial_tp": false}
{"event": "open_orders_fetched", "symbol": "SOMIUSDT", "count": 2}
{"event": "market_data_fetched", "symbol": "SOMIUSDT", "duration_ms": 3285, "keys": ["funding_rate", "klines_15m", "klines_1h", "klines_1m", "oi_hist", "orderbook", "premium_index", "symbol"]}
{"event": "analysis_generated", "symbol": "SOMIUSDT", "duration_ms": 5, "score": 35, "direction_score": -2.0, "current_price": 0.2339}
{"event": "monitor_context", "symbol": "SOMIUSDT", "direction": "SHORT", "entry_price": 0.2429, "current_price": 0.2339, "qty": "62", "baseline_qty": "123", "core_qty": "61.5", "scalp_qty": "61.5", "profit_locked": true, "need_partial_tp": false}
{"event": "open_orders_fetched", "symbol": "SOMIUSDT", "count": 2}
{"event": "llm_monitor_raw", "symbol": "SOMIUSDT", "raw": {"action": "HOLD", "reasoning": "The current position meets all strategy guidelines: Stop Loss is active and set above break-even (0.2424 vs. entry 0.2429), Final Take Profit is set at 0.22, and Profit Locked is true preventing SL loosening. Market conditions (Trend Score 35, bearish signals) still support the short, and no structural invalidation is present. No adjustments are needed as orders are correctly placed and stability rules forbid unnecessary changes.", "new_stop_loss": null, "new_take_profit": null, "partial_tp_price": null, "partial_tp_percent": null, "reduce_percent": null, "add_usdt": null}}
{"event": "market_data_fetched", "symbol": "SOMIUSDT", "duration_ms": 4260, "keys": ["funding_rate", "klines_15m", "klines_1h", "klines_1m", "oi_hist", "orderbook", "premium_index", "symbol"]}
{"event": "analysis_generated", "symbol": "SOMIUSDT", "duration_ms": 2, "score": 55, "direction_score": -1.0, "current_price": 0.2349}
{"event": "monitor_context", "symbol": "SOMIUSDT", "direction": "SHORT", "entry_price": 0.2429, "current_price": 0.2349, "qty": "62", "baseline_qty": "123", "core_qty": "61.5", "scalp_qty": "61.5", "profit_locked": true, "need_partial_tp": false}
{"event": "open_orders_fetched", "symbol": "SOMIUSDT", "count": 2}
{"event": "llm_monitor_raw", "symbol": "SOMIUSDT", "raw": {"action": "HOLD", "reasoning": "The current position meets all strategy guidelines: Stop Loss is active and set above break-even (0.2424 vs. entry 0.2429), Final Take Profit is set at 0.22, and Profit Locked is true (preventing SL loosening). Market conditions remain valid (Trend Score 55 > 40, bearish signals persist), and no structural invalidation exists. No Partial TP is needed as 'Need: False'. Adding is optional but not required given current risk-reward balance.", "new_stop_loss": null, "new_take_profit": null, "partial_tp_price": null, "partial_tp_percent": null, "reduce_percent": null, "add_usdt": null}}
{"event": "market_data_fetched", "symbol": "SOMIUSDT", "duration_ms": 3238, "keys": ["funding_rate", "klines_15m", "klines_1h", "klines_1m", "oi_hist", "orderbook", "premium_index", "symbol"]}
{"event": "analysis_generated", "symbol": "SOMIUSDT", "duration_ms": 4, "score": 55, "direction_score": -2.0, "current_price": 0.2339}
{"event": "monitor_context", "symbol": "SOMIUSDT", "direction": "SHORT", "entry_price": 0.2429, "current_price": 0.2339, "qty": "62", "baseline_qty": "123", "core_qty": "61.5", "scalp_qty": "61.5", "profit_locked": true, "need_partial_tp": false}
{"event": "open_orders_fetched", "symbol": "SOMIUSDT", "count": 2}
{"event": "llm_monitor_raw", "symbol": "SOMIUSDT", "raw": {"action": "HOLD", "reasoning": "The current position meets all strategy guidelines: Stop Loss is active and set above break-even (0.2424 vs. entry 0.2429), Final Take Profit is set at 0.22, and Profit Locked is true (preventing SL loosening). Market conditions remain favorable (1H均线空头排列, negative funding, good liquidity) with no structural invalidation. No adjustments are needed as the trade is progressing as planned.", "new_stop_loss": null, "new_take_profit": null, "partial_tp_price": null, "partial_tp_percent": null, "reduce_percent": null, "add_usdt": null}}
{"event": "market_data_fetched", "symbol": "SOMIUSDT", "duration_ms": 3641, "keys": ["funding_rate", "klines_15m", "klines_1h", "klines_1m", "oi_hist", "orderbook", "premium_index", "symbol"]}
{"event": "analysis_generated", "symbol": "SOMIUSDT", "duration_ms": 4, "score": 55, "direction_score": -2.0, "current_price": 0.2337}
{"event": "monitor_context", "symbol": "SOMIUSDT", "direction": "SHORT", "entry_price": 0.2429, "current_price": 0.2337, "qty": "62", "baseline_qty": "123", "core_qty": "61.5", "scalp_qty": "61.5", "profit_locked": true, "need_partial_tp": false}
{"event": "open_orders_fetched", "symbol": "SOMIUSDT", "count": 2}
{"event": "llm_monitor_raw", "symbol": "SOMIUSDT", "raw": {"action": "HOLD", "reasoning": "The current position is profitable with Profit Locked set to true, and all necessary orders (Stop Loss and Final Take Profit) are active. The market analysis does not indicate any immediate need to adjust orders or close the position. The trend score remains above the threshold (>40), and the signals support maintaining the short position. Since there are no Smart Suggestions prompting action and the market structure has not invalidated the trade, holding the position with existing orders is the optimal strategy.", "new_stop_loss": null, "new_take_profit": null, "partial_tp_price": null, "partial_tp_percent": null, "reduce_percent": null, "add_usdt": null}}
{"event": "market_data_fetched", "symbol": "SOMIUSDT", "duration_ms": 3042, "keys": ["funding_rate", "klines_15m", "klines_1h", "klines_1m", "oi_hist", "orderbook", "premium_index", "symbol"]}
{"event": "analysis_generated", "symbol": "SOMIUSDT", "duration_ms": 2, "score": 35, "direction_score": -2.0, "current_price": 0.2332}
{"event": "monitor_context", "symbol": "SOMIUSDT", "direction": "SHORT", "entry_price": 0.2429, "current_price": 0.2332, "qty": "62", "baseline_qty": "123", "core_qty": "61.5", "scalp_qty": "61.5", "profit_locked": true, "need_partial_tp": false}
{"event": "open_orders_fetched", "symbol": "SOMIUSDT", "count": 2}
{"event": "llm_monitor_raw", "symbol": "SOMIUSDT", "raw": {"action": "HOLD", "reasoning": "The current position meets all strategy guidelines: Stop Loss is active and set above break-even (0.2424 vs. entry 0.2429), Final Take Profit is set at 0.22, and Profit Locked is true preventing SL loosening. Market conditions (trend score 35, bearish signals) still support the short, and no structural invalidation is present. No immediate adjustment is needed as per stability rules.", "new_stop_loss": null, "new_take_profit": null, "partial_tp_price": null, "partial_tp_percent": null, "reduce_percent": null, "add_usdt": null}}
{"event": "market_data_fetched", "symbol": "SOMIUSDT", "duration_ms": 3001, "keys": ["funding_rate", "klines_15m", "klines_1h", "klines_1m", "oi_hist", "orderbook", "premium_index", "symbol"]}
{"event": "analysis_generated", "symbol": "SOMIUSDT", "duration_ms": 5, "score": 50, "direction_score": -2.0, "current_price": 0.2337}
{"event": "monitor_context", "symbol": "SOMIUSDT", "direction": "SHORT", "entry_price": 0.2429, "current_price": 0.2337, "qty": "62", "baseline_qty": "123", "core_qty": "61.5", "scalp_qty": "61.5", "profit_locked": true, "need_partial_tp": false}
{"event": "open_orders_fetched", "symbol": "SOMIUSDT", "count": 2}
{"event": "llm_monitor_raw", "symbol": "SOMIUSDT", "raw": {"action": "HOLD", "reasoning": "The current position meets all strategy guidelines: Stop Loss is active and set above break-even (0.2424 vs. entry 0.2429), Final Take Profit is set at 0.22, and Profit Locked is true (preventing SL loosening). Market conditions remain favorable (1H均线空头排列, negative funding, good liquidity) with no structural invalidation. No partial TP is needed as 'Need: False'. Size is already below Baseline Size (61.5 vs. 123), but adding is optional and not required by current signals.", "new_stop_loss": null, "new_take_profit": null, "partial_tp_price": null, "partial_tp_percent": null, "reduce_percent": null, "add_usdt": null}}
{"event": "market_data_fetched", "symbol": "SOMIUSDT", "duration_ms": 3579, "keys": ["funding_rate", "klines_15m", "klines_1h", "klines_1m", "oi_hist", "orderbook", "premium_index", "symbol"]}
{"event": "analysis_generated", "symbol": "SOMIUSDT", "duration_ms": 3, "score": 35, "direction_score": -2.0, "current_price": 0.2336}
{"event": "monitor_context", "symbol": "SOMIUSDT", "direction": "SHORT", "entry_price": 0.2429, "current_price": 0.2336, "qty": "62", "baseline_qty": "123", "core_qty": "61.5", "scalp_qty": "61.5", "profit_locked": true, "need_partial_tp": false}
{"event": "open_orders_fetched", "symbol": "SOMIUSDT", "count": 2}
{"event": "llm_monitor_raw", "symbol": "SOMIUSDT", "raw": {"action": "HOLD", "reasoning": "The current position meets all strategy guidelines: Stop Loss is active and set at break-even (+fees), Final Take Profit is set, and Profit Locked is true preventing any loosening of Stop Loss. Market analysis shows the trend is still favorable (1H均线空头排列, negative funding rate, good liquidity) despite the Trend Score being slightly below the entry threshold. No adjustments are needed unless market structure invalidates the trade or Smart Suggestions recommend action.", "new_stop_loss": null, "new_take_profit": null, "partial_tp_price": null, "partial_tp_percent": null, "reduce_percent": null, "add_usdt": null}}
{"event": "market_data_fetched", "symbol": "SOMIUSDT", "duration_ms": 3692, "keys": ["funding_rate", "klines_15m", "klines_1h", "klines_1m", "oi_hist", "orderbook", "premium_index", "symbol"]}
{"event": "analysis_generated", "symbol": "SOMIUSDT", "duration_ms": 1, "score": 55, "direction_score": -2.0, "current_price": 0.2333}
{"event": "monitor_context", "symbol": "SOMIUSDT", "direction": "SHORT", "entry_price": 0.2429, "current_price": 0.2333, "qty": "62", "baseline_qty": "123", "core_qty": "61.5", "scalp_qty": "61.5", "profit_locked": true, "need_partial_tp": false}
{"event": "open_orders_fetched", "symbol": "SOMIUSDT", "count": 2}
{"event": "llm_monitor_raw", "symbol": "SOMIUSDT", "raw": {"action": "HOLD", "reasoning": "Current position meets all strategy guidelines: Stop Loss is active and set above break-even (0.2424 vs entry 0.2429), Final Take Profit is set at 0.22, and Profit Locked is true preventing SL loosening. Market conditions remain favorable (1H均线空头排列, negative funding, good liquidity) with no structural invalidation. No need for adjustments as price fluctuations are minor and Smart Suggestions recommend no action.", "new_stop_loss": null, "new_take_profit": null, "partial_tp_price": null, "partial_tp_percent": null, "reduce_percent": null, "add_usdt": null}}
{"event": "market_data_fetched", "symbol": "SOMIUSDT", "duration_ms": 3042, "keys": ["funding_rate", "klines_15m", "klines_1h", "klines_1m", "oi_hist", "orderbook", "premium_index", "symbol"]}
{"event": "analysis_generated", "symbol": "SOMIUSDT", "duration_ms": 4, "score": 50, "direction_score": -2.0, "current_price": 0.2339}
{"event": "monitor_context", "symbol": "SOMIUSDT", "direction": "SHORT", "entry_price": 0.2429, "current_price": 0.2339, "qty": "62", "baseline_qty": "123", "core_qty": "61.5", "scalp_qty": "61.5", "profit_locked": true, "need_partial_tp": false}
{"event": "open_orders_fetched", "symbol": "SOMIUSDT", "count": 2}
{"event": "llm_monitor_raw", "symbol": "SOMIUSDT", "raw": {"action": "HOLD", "reasoning": "The current position meets all strategy guidelines: Stop Loss is active and set at break-even (+fees), Final Take Profit is set, and Profit Locked is true preventing any loosening of SL. Market analysis shows no invalidation signals (trend score 50 remains neutral, bearish signals intact). No Smart Suggestions recommend action. Stability rules prevent unnecessary adjustments.", "new_stop_loss": null, "new_take_profit": null, "partial_tp_price": null, "partial_tp_percent": null, "reduce_percent": null, "add_usdt": null}}
{"event": "market_data_fetched", "symbol": "SOMIUSDT", "duration_ms": 3259, "keys": ["funding_rate", "klines_15m", "klines_1h", "klines_1m", "oi_hist", "orderbook", "premium_index", "symbol"]}
{"event": "analysis_generated", "symbol": "SOMIUSDT", "duration_ms": 3, "score": 50, "direction_score": -2.0, "current_price": 0.2334}
{"event": "monitor_context", "symbol": "SOMIUSDT", "direction": "SHORT", "entry_price": 0.2429, "current_price": 0.2334, "qty": "62", "baseline_qty": "123", "core_qty": "61.5", "scalp_qty": "61.5", "profit_locked": true, "need_partial_tp": false}
{"event": "open_orders_fetched", "symbol": "SOMIUSDT", "count": 2}
{"event": "llm_monitor_raw", "symbol": "SOMIUSDT", "raw": {"action": "HOLD", "reasoning": "Current position meets all strategy guidelines: Stop Loss is active and set above break-even (0.2424 vs. entry 0.2429), Final Take Profit is set at 0.22, and Profit Locked is true (preventing SL loosening). Market conditions remain favorable (1H均线空头排列, negative funding, good liquidity) with no structural invalidation. No partial TP is needed (Need: False), and size is below Baseline Size but adding is optional (not required). Stability rules suggest no changes for minor fluctuations.", "new_stop_loss": null, "new_take_profit": null, "partial_tp_price": null, "partial_tp_percent": null, "reduce_percent": null, "add_usdt": null}}
{"event": "market_data_fetched", "symbol": "SOMIUSDT", "duration_ms": 2990, "keys": ["funding_rate", "klines_15m", "klines_1h", "klines_1m", "oi_hist", "orderbook", "premium_index", "symbol"]}
{"event": "analysis_generated", "symbol": "SOMIUSDT", "duration_ms": 4, "score": 45, "direction_score": -0.5, "current_price": 0.233}
{"event": "monitor_context", "symbol": "SOMIUSDT", "direction": "SHORT", "entry_price": 0.2429, "current_price": 0.233, "qty": "62", "baseline_qty": "123", "core_qty": "61.5", "scalp_qty": "61.5", "profit_locked": true, "need_partial_tp": false}
{"event": "open_orders_fetched", "symbol": "SOMIUSDT", "count": 2}
{"event": "llm_monitor_raw", "symbol": "SOMIUSDT", "raw": {"action": "HOLD", "reasoning": "The current position meets all strategy guidelines: Stop Loss is active at 0.2424 (above break-even), Final Take Profit is set at 0.22, and Profit Locked is true (preventing SL loosening). Market conditions (Trend Score 45, bearish signals) still support the short, and no structural invalidation is detected. No partial TP is needed as scalp size was already reduced. Stability rules prohibit unnecessary order adjustments.", "new_stop_loss": null, "new_take_profit": null, "partial_tp_price": null, "partial_tp_percent": null, "reduce_percent": null, "add_usdt": null}}
{"event": "market_data_fetched", "symbol": "SOMIUSDT", "duration_ms": 2765, "keys": ["funding_rate", "klines_15m", "klines_1h", "klines_1m", "oi_hist", "orderbook", "premium_index", "symbol"]}
{"event": "analysis_generated", "symbol": "SOMIUSDT", "duration_ms": 4, "score": 45, "direction_score": -1.5, "current_price": 0.2326}
{"event": "monitor_context", "symbol": "SOMIUSDT", "direction": "SHORT", "entry_price": 0.2429, "current_price": 0.2326, "qty": "62", "baseline_qty": "123", "core_qty": "61.5", "scalp_qty": "61.5", "profit_locked": true, "need_partial_tp": false}
{"event": "open_orders_fetched", "symbol": "SOMIUSDT", "count": 2}
{"event": "llm_monitor_raw", "symbol": "SOMIUSDT", "raw": {"action": "HOLD", "reasoning": "Current position meets all strategy guidelines: Stop Loss is active and set above break-even (0.2424 vs. entry 0.2429), Final Take Profit is set at 0.22, and Profit Locked is true preventing SL loosening. Market conditions remain favorable (1H均线空头排列, negative funding, good liquidity) with no structural invalidation. No need for adjustments as price fluctuations are minor and Smart Suggestions recommend no action.", "new_stop_loss": null, "new_take_profit": null, "partial_tp_price": null, "partial_tp_percent": null, "reduce_percent": null, "add_usdt": null}}
{"event": "market_data_fetched", "symbol": "SOMIUSDT", "duration_ms": 2989, "keys": ["funding_rate", "klines_15m", "klines_1h", "klines_1m", "oi_hist", "orderbook", "premium_index", "symbol"]}
{"event": "analysis_generated", "symbol": "SOMIUSDT", "duration_ms": 4, "score": 30, "direction_score": -1.5, "current_price": 0.2329}
{"event": "monitor_context", "symbol": "SOMIUSDT", "direction": "SHORT", "entry_price": 0.2429, "current_price": 0.2329, "qty": "62", "baseline_qty": "123", "core_qty": "61.5", "scalp_qty": "61.5", "profit_locked": true, "need_partial_tp": false}
{"event": "open_orders_fetched", "symbol": "SOMIUSDT", "count": 2}
{"event": "llm_monitor_raw", "symbol": "SOMIUSDT", "raw": {"action": "HOLD", "reasoning": "The current position is profitable with Profit Locked set to true, and all necessary orders (Stop Loss and Final Take Profit) are active. The Stop Loss is appropriately set above break-even (+fees) as required. The market analysis does not indicate a need to invalidate the trade or adjust orders. The scalp size has already been partially taken profit, and no further partial take profit is needed. The trend score, while lower than the entry threshold, does not invalidate the current position. Therefore, holding the position with existing orders is the optimal action.", "new_stop_loss": null, "new_take_profit": null, "partial_tp_price": null, "partial_tp_percent": null, "reduce_percent": null, "add_usdt": null}}
{"event": "market_data_fetched", "symbol": "SOMIUSDT", "duration_ms": 4245, "keys": ["funding_rate", "klines_15m", "klines_1h", "klines_1m", "oi_hist", "orderbook", "premium_index", "symbol"]}
{"event": "analysis_generated", "symbol": "SOMIUSDT", "duration_ms": 3, "score": 45, "direction_score": -1.5, "current_price": 0.2318}
{"event": "monitor_context", "symbol": "SOMIUSDT", "direction": "SHORT", "entry_price": 0.2429, "current_price": 0.2318, "qty": "62", "baseline_qty": "123", "core_qty": "61.5", "scalp_qty": "61.5", "profit_locked": true, "need_partial_tp": false}
{"event": "open_orders_fetched", "symbol": "SOMIUSDT", "count": 2}
{"event": "llm_monitor_raw", "symbol": "SOMIUSDT", "raw": {"action": "HOLD", "reasoning": "The current position is profitable with a locked profit, and all necessary orders (Stop Loss and Final Take Profit) are active. The market analysis does not indicate a need to adjust orders or close the position. The trend score is still below 50, and the signals support maintaining the short position. Since Profit Locked is true and the current size is below the Baseline Size, adding to the position is an option, but the Smart Suggestions do not recommend any action at this time. Therefore, the best course of action is to hold the position and monitor the market for any changes that might require adjustment.", "new_stop_loss": null, "new_take_profit": null, "partial_tp_price": null, "partial_tp_percent": null, "reduce_percent": null, "add_usdt": null}}
{"event": "market_data_fetched", "symbol": "SOMIUSDT", "duration_ms": 4019, "keys": ["funding_rate", "klines_15m", "klines_1h", "klines_1m", "oi_hist", "orderbook", "premium_index", "symbol"]}
{"event": "analysis_generated", "symbol": "SOMIUSDT", "duration_ms": 3, "score": 40, "direction_score": -1.5, "current_price": 0.2318}
{"event": "monitor_context", "symbol": "SOMIUSDT", "direction": "SHORT", "entry_price": 0.2429, "current_price": 0.2318, "qty": "62", "baseline_qty": "123", "core_qty": "61.5", "scalp_qty": "61.5", "profit_locked": true, "need_partial_tp": false}
{"event": "open_orders_fetched", "symbol": "SOMIUSDT", "count": 2}
{"event": "llm_monitor_raw", "symbol": "SOMIUSDT", "raw": {"action": "HOLD", "reasoning": "The current position meets all strategy guidelines: Stop Loss is active and set above break-even (0.2424 vs. entry 0.2429), Final Take Profit is set at 0.22, and Profit Locked is true preventing SL loosening. Market conditions (Trend Score 40, bearish signals) still support the short, and no structural invalidation is present. No adjustments are needed as orders are properly configured and market fluctuations are minor.", "new_stop_loss": null, "new_take_profit": null, "partial_tp_price": null, "partial_tp_percent": null, "reduce_percent": null, "add_usdt": null}}
{"event": "market_data_fetched", "symbol": "SOMIUSDT", "duration_ms": 3796, "keys": ["funding_rate", "klines_15m", "klines_1h", "klines_1m", "oi_hist", "orderbook", "premium_index", "symbol"]}
{"event": "analysis_generated", "symbol": "SOMIUSDT", "duration_ms": 3, "score": 25, "direction_score": -1.5, "current_price": 0.2326}
{"event": "monitor_context", "symbol": "SOMIUSDT", "direction": "SHORT", "entry_price": 0.2429, "current_price": 0.2326, "qty": "62", "baseline_qty": "123", "core_qty": "61.5", "scalp_qty": "61.5", "profit_locked": true, "need_partial_tp": false}
{"event": "open_orders_fetched", "symbol": "SOMIUSDT", "count": 2}
{"event": "llm_monitor_raw", "symbol": "SOMIUSDT", "raw": {"action": "HOLD", "reasoning": "The current position meets all strategy guidelines: Stop Loss is active and set above break-even (0.2424 vs. entry 0.2429), Final Take Profit is set at 0.22, and Profit Locked is true preventing SL loosening. Market conditions (bearish 1H MA, negative funding, volatility) still support the short. No structural invalidation or immediate profit-locking need exists. Size is already below Baseline after partial TP, and no aggressive scaling is warranted with Trend Score at 25 (<40 threshold).", "new_stop_loss": null, "new_take_profit": null, "partial_tp_price": null, "partial_tp_percent": null, "reduce_percent": null, "add_usdt": null}}
{"event": "market_data_fetched", "symbol": "SOMIUSDT", "duration_ms": 3270, "keys": ["funding_rate", "klines_15m", "klines_1h", "klines_1m", "oi_hist", "orderbook", "premium_index", "symbol"]}
{"event": "analysis_generated", "symbol": "SOMIUSDT", "duration_ms": 4, "score": 30, "direction_score": -1.5, "current_price": 0.2322}
{"event": "monitor_context", "symbol": "SOMIUSDT", "direction": "SHORT", "entry_price": 0.2429, "current_price": 0.2322, "qty": "62", "baseline_qty": "123", "core_qty": "61.5", "scalp_qty": "61.5", "profit_locked": true, "need_partial_tp": false}
{"event": "open_orders_fetched", "symbol": "SOMIUSDT", "count": 2}
{"event": "llm_monitor_raw", "symbol": "SOMIUSDT", "raw": {"action": "HOLD", "reasoning": "The current position is profitable with a locked profit, and the stop loss is active at a break-even level (0.2424, slightly above entry price 0.2429 to cover fees). The market analysis shows a bearish trend (1H均线空头排列) with negative funding rates and good liquidity, supporting the short. No immediate adjustments are needed as the trade aligns with the strategy: stop loss and final take profit are in place, and no partial take profit is required (Need: False). Stability guidelines suggest holding unless market structure invalidates the trade or stop loss is missing/risky, neither of which applies here.", "new_stop_loss": null, "new_take_profit": null, "partial_tp_price": null, "partial_tp_percent": null, "reduce_percent": null, "add_usdt": null}}
{"event": "market_data_fetched", "symbol": "SOMIUSDT", "duration_ms": 3004, "keys": ["funding_rate", "klines_15m", "klines_1h", "klines_1m", "oi_hist", "orderbook", "premium_index", "symbol"]}
{"event": "analysis_generated", "symbol": "SOMIUSDT", "duration_ms": 3, "score": 45, "direction_score": -1.5, "current_price": 0.2315}
{"event": "monitor_context", "symbol": "SOMIUSDT", "direction": "SHORT", "entry_price": 0.2429, "current_price": 0.2315, "qty": "62", "baseline_qty": "123", "core_qty": "61.5", "scalp_qty": "61.5", "profit_locked": true, "need_partial_tp": false}
{"event": "open_orders_fetched", "symbol": "SOMIUSDT", "count": 2}
{"event": "llm_monitor_raw", "symbol": "SOMIUSDT", "raw": {"action": "HOLD", "reasoning": "The current position meets all strategy guidelines: Stop Loss is active and set above break-even (0.2424 vs. entry 0.2429), Final Take Profit is set at 0.22, and Profit Locked is true preventing SL loosening. Market conditions remain favorable (1H均线空头排列, negative funding, good liquidity) with no structural invalidation. No partial TP is needed as 'Need: False'. Stability rules prohibit unnecessary adjustments.", "new_stop_loss": null, "new_take_profit": null, "partial_tp_price": null, "partial_tp_percent": null, "reduce_percent": null, "add_usdt": null}}
{"event": "market_data_fetched", "symbol": "SOMIUSDT", "duration_ms": 3818, "keys": ["funding_rate", "klines_15m", "klines_1h", "klines_1m", "oi_hist", "orderbook", "premium_index", "symbol"]}
{"event": "analysis_generated", "symbol": "SOMIUSDT", "duration_ms": 3, "score": 45, "direction_score": -1.5, "current_price": 0.231}
{"event": "monitor_context", "symbol": "SOMIUSDT", "direction": "SHORT", "entry_price": 0.2429, "current_price": 0.231, "qty": "62", "baseline_qty": "123", "core_qty": "61.5", "scalp_qty": "61.5", "profit_locked": true, "need_partial_tp": false}
{"event": "open_orders_fetched", "symbol": "SOMIUSDT", "count": 2}
{"event": "llm_monitor_raw", "symbol": "SOMIUSDT", "raw": {"action": "HOLD", "reasoning": "The current position meets all strategy guidelines: Stop Loss is active and set above break-even (0.2424 vs. entry 0.2429), Final Take Profit is set at 0.22, and Profit Locked is true (preventing SL loosening). Market conditions remain favorable (1H均线空头排列, negative funding, good liquidity) with no structural invalidation. No adjustments are needed as the trade is progressing within expected parameters.", "new_stop_loss": null, "new_take_profit": null, "partial_tp_price": null, "partial_tp_percent": null, "reduce_percent": null, "add_usdt": null}}
{"event": "market_data_fetched", "symbol": "SOMIUSDT", "duration_ms": 4232, "keys": ["funding_rate", "klines_15m", "klines_1h", "klines_1m", "oi_hist", "orderbook", "premium_index", "symbol"]}
{"event": "analysis_generated", "symbol": "SOMIUSDT", "duration_ms": 3, "score": 45, "direction_score": -1.5, "current_price": 0.2299}
{"event": "monitor_context", "symbol": "SOMIUSDT", "direction": "SHORT", "entry_price": 0.2429, "current_price": 0.2299, "qty": "62", "baseline_qty": "123", "core_qty": "61.5", "scalp_qty": "61.5", "profit_locked": true, "need_partial_tp": false}
{"event": "open_orders_fetched", "symbol": "SOMIUSDT", "count": 2}
{"event": "llm_monitor_raw", "symbol": "SOMIUSDT", "raw": {"action": "HOLD", "reasoning": "The current position meets all strategy guidelines: Stop Loss is active and set above break-even (0.2424 vs. entry 0.2429), Final Take Profit is set at 0.22, and Profit Locked is true (preventing SL loosening). Market conditions remain favorable (1H均线空头排列, negative funding, volatility合格) with no structural invalidation. No adjustments are needed as per Stability rules.", "new_stop_loss": null, "new_take_profit": null, "partial_tp_price": null, "partial_tp_percent": null, "reduce_percent": null, "add_usdt": null}}
{"event": "market_data_fetched", "symbol": "SOMIUSDT", "duration_ms": 2935, "keys": ["funding_rate", "klines_15m", "klines_1h", "klines_1m", "oi_hist", "orderbook", "premium_index", "symbol"]}
{"event": "analysis_generated", "symbol": "SOMIUSDT", "duration_ms": 4, "score": 45, "direction_score": -1.5, "current_price": 0.2296}
{"event": "monitor_context", "symbol": "SOMIUSDT", "direction": "SHORT", "entry_price": 0.2429, "current_price": 0.2296, "qty": "62", "baseline_qty": "123", "core_qty": "61.5", "scalp_qty": "61.5", "profit_locked": true, "need_partial_tp": false}
{"event": "open_orders_fetched", "symbol": "SOMIUSDT", "count": 2}
{"event": "llm_monitor_raw", "symbol": "SOMIUSDT", "raw": {"action": "HOLD", "reasoning": "The current position meets all strategy guidelines: Stop Loss is active and set above break-even (0.2424 vs. entry 0.2429), Final Take Profit is set at 0.22, and Profit Locked is true (preventing SL loosening). Market conditions remain favorable (1H均线空头排列, negative funding, good liquidity) with no structural invalidation. No adjustments are needed as the trade is progressing as planned.", "new_stop_loss": null, "new_take_profit": null, "partial_tp_price": null, "partial_tp_percent": null, "reduce_percent": null, "add_usdt": null}}
{"event": "market_data_fetched", "symbol": "SOMIUSDT", "duration_ms": 2938, "keys": ["funding_rate", "klines_15m", "klines_1h", "klines_1m", "oi_hist", "orderbook", "premium_index", "symbol"]}
{"event": "analysis_generated", "symbol": "SOMIUSDT", "duration_ms": 4, "score": 60, "direction_score": -2.5, "current_price": 0.2303}
{"event": "monitor_context", "symbol": "SOMIUSDT", "direction": "SHORT", "entry_price": 0.2429, "current_price": 0.2303, "qty": "62", "baseline_qty": "123", "core_qty": "61.5", "scalp_qty": "61.5", "profit_locked": true, "need_partial_tp": false}
{"event": "open_orders_fetched", "symbol": "SOMIUSDT", "count": 2}
{"event": "llm_monitor_raw", "symbol": "SOMIUSDT", "raw": {"action": "HOLD", "reasoning": "The current position meets all strategy guidelines: Stop Loss is active at break-even (+fees), Final Take Profit is set, and Profit Locked is true (preventing SL loosening). Market analysis supports continuation of the downtrend (1H均线空头排列, 放量下跌), and no structural invalidation is present. No adjustment is needed as orders are properly configured and market conditions remain favorable.", "new_stop_loss": null, "new_take_profit": null, "partial_tp_price": null, "partial_tp_percent": null, "reduce_percent": null, "add_usdt": null}}
{"event": "market_data_fetched", "symbol": "SOMIUSDT", "duration_ms": 2705, "keys": ["funding_rate", "klines_15m", "klines_1h", "klines_1m", "oi_hist", "orderbook", "premium_index", "symbol"]}
{"event": "analysis_generated", "symbol": "SOMIUSDT", "duration_ms": 2, "score": 25, "direction_score": -1.5, "current_price": 0.2312}
{"event": "monitor_context", "symbol": "SOMIUSDT", "direction": "SHORT", "entry_price": 0.2429, "current_price": 0.2312, "qty": "62", "baseline_qty": "123", "core_qty": "61.5", "scalp_qty": "61.5", "profit_locked": true, "need_partial_tp": false}
{"event": "open_orders_fetched", "symbol": "SOMIUSDT", "count": 2}
{"event": "llm_monitor_raw", "symbol": "SOMIUSDT", "raw": {"action": "HOLD", "reasoning": "The current position is profitable with Profit Locked set to true, and the Stop Loss is appropriately placed above the entry price to ensure break-even (+fees). The Final Take Profit is active, and there is no need for a Partial Take Profit as indicated by 'Need: False'. The market analysis shows a bearish trend with acceptable volatility and negative funding rate, supporting the continuation of the short position. No adjustments are necessary unless market conditions change significantly.", "new_stop_loss": null, "new_take_profit": null, "partial_tp_price": null, "partial_tp_percent": null, "reduce_percent": null, "add_usdt": null}}
{"event": "market_data_fetched", "symbol": "SOMIUSDT", "duration_ms": 3516, "keys": ["funding_rate", "klines_15m", "klines_1h", "klines_1m", "oi_hist", "orderbook", "premium_index", "symbol"]}
{"event": "analysis_generated", "symbol": "SOMIUSDT", "duration_ms": 3, "score": 40, "direction_score": -1.5, "current_price": 0.2313}
{"event": "monitor_context", "symbol": "SOMIUSDT", "direction": "SHORT", "entry_price": 0.2429, "current_price": 0.2313, "qty": "62", "baseline_qty": "123", "core_qty": "61.5", "scalp_qty": "61.5", "profit_locked": true, "need_partial_tp": false}
{"event": "open_orders_fetched", "symbol": "SOMIUSDT", "count": 2}
{"event": "llm_monitor_raw", "symbol": "SOMIUSDT", "raw": {"action": "HOLD", "reasoning": "The current position is profitable with a locked profit, and all necessary orders (Stop Loss and Final Take Profit) are active. The market analysis does not indicate a need to adjust orders or close the position. The strategy guidelines suggest holding as there are no invalidating market conditions or significant changes in the trend score. The Profit Lock is true, so the Stop Loss remains at break-even, and no loosening is allowed. No partial take profit is needed as 'Need: False' is indicated.", "new_stop_loss": null, "new_take_profit": null, "partial_tp_price": null, "partial_tp_percent": null, "reduce_percent": null, "add_usdt": null}}
{"event": "market_data_fetched", "symbol": "SOMIUSDT", "duration_ms": 3362, "keys": ["funding_rate", "klines_15m", "klines_1h", "klines_1m", "oi_hist", "orderbook", "premium_index", "symbol"]}
{"event": "analysis_generated", "symbol": "SOMIUSDT", "duration_ms": 4, "score": 45, "direction_score": -1.5, "current_price": 0.2312}
{"event": "monitor_context", "symbol": "SOMIUSDT", "direction": "SHORT", "entry_price": 0.2429, "current_price": 0.2312, "qty": "62", "baseline_qty": "123", "core_qty": "61.5", "scalp_qty": "61.5", "profit_locked": true, "need_partial_tp": false}
{"event": "open_orders_fetched", "symbol": "SOMIUSDT", "count": 2}
{"event": "llm_monitor_raw", "symbol": "SOMIUSDT", "raw": {"action": "HOLD", "reasoning": "The current position meets all strategy guidelines: Stop Loss is active and set above break-even (0.2424 vs. entry 0.2429), Final Take Profit is set at 0.22, and Profit Locked is true (preventing SL loosening). Market conditions remain favorable (1H均线空头排列, negative funding, good liquidity) with no structural invalidation. No partial TP is needed as scalp size was already reduced (Profit Locked=True). Stability rules prohibit unnecessary order adjustments.", "new_stop_loss": null, "new_take_profit": null, "partial_tp_price": null, "partial_tp_percent": null, "reduce_percent": null, "add_usdt": null}}
{"event": "market_data_fetched", "symbol": "SOMIUSDT", "duration_ms": 2708, "keys": ["funding_rate", "klines_15m", "klines_1h", "klines_1m", "oi_hist", "orderbook", "premium_index", "symbol"]}
{"event": "analysis_generated", "symbol": "SOMIUSDT", "duration_ms": 5, "score": 40, "direction_score": -1.5, "current_price": 0.2314}
{"event": "monitor_context", "symbol": "SOMIUSDT", "direction": "SHORT", "entry_price": 0.2429, "current_price": 0.2314, "qty": "62", "baseline_qty": "123", "core_qty": "61.5", "scalp_qty": "61.5", "profit_locked": true, "need_partial_tp": false}
{"event": "open_orders_fetched", "symbol": "SOMIUSDT", "count": 2}
{"event": "llm_monitor_raw", "symbol": "SOMIUSDT", "raw": {"action": "HOLD", "reasoning": "The current position meets all strategy guidelines: Stop Loss is active and set above break-even (0.2424 vs. entry 0.2429), Final Take Profit is set at 0.22, and Profit Locked is true preventing SL loosening. Market conditions (trend score 40, bearish signals) still support the short, and no structural invalidation exists. No partial TP is needed as scalp size was already reduced (61.5/123). No adjustment is required for minor fluctuations.", "new_stop_loss": null, "new_take_profit": null, "partial_tp_price": null, "partial_tp_percent": null, "reduce_percent": null, "add_usdt": null}}
{"event": "market_data_fetched", "symbol": "SOMIUSDT", "duration_ms": 3172, "keys": ["funding_rate", "klines_15m", "klines_1h", "klines_1m", "oi_hist", "orderbook", "premium_index", "symbol"]}
{"event": "analysis_generated", "symbol": "SOMIUSDT", "duration_ms": 3, "score": 30, "direction_score": -1.5, "current_price": 0.2315}
{"event": "monitor_context", "symbol": "SOMIUSDT", "direction": "SHORT", "entry_price": 0.2429, "current_price": 0.2315, "qty": "62", "baseline_qty": "123", "core_qty": "61.5", "scalp_qty": "61.5", "profit_locked": true, "need_partial_tp": false}
{"event": "open_orders_fetched", "symbol": "SOMIUSDT", "count": 2}
{"event": "llm_monitor_raw", "symbol": "SOMIUSDT", "raw": {"action": "HOLD", "reasoning": "The current position meets all strategy guidelines: Stop Loss is active and set above break-even (0.2424 vs. entry 0.2429), Final Take Profit is set at 0.22, and Profit Locked is true (preventing SL loosening). Market conditions (Trend Score 30, bearish signals) still support the short, and no structural invalidation is present. No adjustment is needed as the trade is progressing favorably toward TP.", "new_stop_loss": null, "new_take_profit": null, "partial_tp_price": null, "partial_tp_percent": null, "reduce_percent": null, "add_usdt": null}}
{"event": "market_data_fetched", "symbol": "SOMIUSDT", "duration_ms": 5261, "keys": ["funding_rate", "klines_15m", "klines_1h", "klines_1m", "oi_hist", "orderbook", "premium_index", "symbol"]}
{"event": "analysis_generated", "symbol": "SOMIUSDT", "duration_ms": 4, "score": 45, "direction_score": -1.5, "current_price": 0.2314}
{"event": "monitor_context", "symbol": "SOMIUSDT", "direction": "SHORT", "entry_price": 0.2429, "current_price": 0.2314, "qty": "62", "baseline_qty": "123", "core_qty": "61.5", "scalp_qty": "61.5", "profit_locked": true, "need_partial_tp": false}
{"event": "open_orders_fetched", "symbol": "SOMIUSDT", "count": 2}
{"event": "llm_monitor_raw", "symbol": "SOMIUSDT", "raw": {"action": "HOLD", "reasoning": "The current position is profitable with Profit Locked set to true, and all necessary orders (Stop Loss and Final Take Profit) are active and appropriately set. The market analysis does not indicate any immediate need to adjust orders or close the position. The trend score is still below 50, and the signals support maintaining the short position. Since the Profit Locked is true, we should not loosen the stop loss, and there is no need to add to the position as the current size is already below the Baseline Size but adding is optional and not required at this moment.", "new_stop_loss": null, "new_take_profit": null, "partial_tp_price": null, "partial_tp_percent": null, "reduce_percent": null, "add_usdt": null}}
{"event": "market_data_fetched", "symbol": "SOMIUSDT", "duration_ms": 3496, "keys": ["funding_rate", "klines_15m", "klines_1h", "klines_1m", "oi_hist", "orderbook", "premium_index", "symbol"]}
{"event": "analysis_generated", "symbol": "SOMIUSDT", "duration_ms": 3, "score": 25, "direction_score": -1.5, "current_price": 0.2308}
{"event": "monitor_context", "symbol": "SOMIUSDT", "direction": "SHORT", "entry_price": 0.2429, "current_price": 0.2308, "qty": "62", "baseline_qty": "123", "core_qty": "61.5", "scalp_qty": "61.5", "profit_locked": true, "need_partial_tp": false}
{"event": "open_orders_fetched", "symbol": "SOMIUSDT", "count": 2}
{"event": "llm_monitor_raw", "symbol": "SOMIUSDT", "raw": {"action": "HOLD", "reasoning": "The current position meets all strategy guidelines: Stop Loss is active and set above break-even (0.2424 vs. entry 0.2429), Final Take Profit is set at 0.22, and Profit Locked is true preventing SL loosening. Market conditions (bearish signals, negative funding, volatility) still support the short. No structural invalidation or immediate profit-locking needs are detected. Size is below Baseline (61.5 vs. 123), but adding isn't required as the trend score is weak (25).", "new_stop_loss": null, "new_take_profit": null, "partial_tp_price": null, "partial_tp_percent": null, "reduce_percent": null, "add_usdt": null}}
{"event": "market_data_fetched", "symbol": "SOMIUSDT", "duration_ms": 3613, "keys": ["funding_rate", "klines_15m", "klines_1h", "klines_1m", "oi_hist", "orderbook", "premium_index", "symbol"]}
{"event": "analysis_generated", "symbol": "SOMIUSDT", "duration_ms": 4, "score": 25, "direction_score": -1.5, "current_price": 0.2311}
{"event": "monitor_context", "symbol": "SOMIUSDT", "direction": "SHORT", "entry_price": 0.2429, "current_price": 0.2311, "qty": "62", "baseline_qty": "123", "core_qty": "61.5", "scalp_qty": "61.5", "profit_locked": true, "need_partial_tp": false}
{"event": "open_orders_fetched", "symbol": "SOMIUSDT", "count": 2}
{"event": "llm_monitor_raw", "symbol": "SOMIUSDT", "raw": {"action": "HOLD", "reasoning": "The current position is profitable with a locked profit, and the stop loss is appropriately set above the entry price to ensure break-even after fees. The market analysis shows a bearish trend with negative funding rates and good liquidity, supporting the continuation of the short position. There is no need to adjust orders as the market structure has not invalidated the trade, and the current setup aligns with the strategy guidelines. The absence of a partial take profit is acceptable as 'Need' is False, and the final take profit is already set to close the position at 0.22.", "new_stop_loss": null, "new_take_profit": null, "partial_tp_price": null, "partial_tp_percent": null, "reduce_percent": null, "add_usdt": null}}
{"event": "market_data_fetched", "symbol": "SOMIUSDT", "duration_ms": 2917, "keys": ["funding_rate", "klines_15m", "klines_1h", "klines_1m", "oi_hist", "orderbook", "premium_index", "symbol"]}
{"event": "analysis_generated", "symbol": "SOMIUSDT", "duration_ms": 4, "score": 40, "direction_score": -1.5, "current_price": 0.2305}
{"event": "monitor_context", "symbol": "SOMIUSDT", "direction": "SHORT", "entry_price": 0.2429, "current_price": 0.2305, "qty": "62", "baseline_qty": "123", "core_qty": "61.5", "scalp_qty": "61.5", "profit_locked": true, "need_partial_tp": false}
{"event": "open_orders_fetched", "symbol": "SOMIUSDT", "count": 2}
{"event": "llm_monitor_raw", "symbol": "SOMIUSDT", "raw": {"action": "HOLD", "reasoning": "The current position meets all strategy guidelines: Stop Loss is active and set above break-even (0.2424 vs entry 0.2429), Final Take Profit is set at 0.22, and Profit Locked is true preventing SL loosening. Market signals (1H均线空头排列, negative funding, volatility) still support the short. No structural invalidation or immediate profit-locking needs are detected. Size is already below Baseline Size (61.5 vs 123), but adding isn't mandatory.", "new_stop_loss": null, "new_take_profit": null, "partial_tp_price": null, "partial_tp_percent": null, "reduce_percent": null, "add_usdt": null}}
{"event": "market_data_fetched", "symbol": "SOMIUSDT", "duration_ms": 3239, "keys": ["funding_rate", "klines_15m", "klines_1h", "klines_1m", "oi_hist", "orderbook", "premium_index", "symbol"]}
{"event": "analysis_generated", "symbol": "SOMIUSDT", "duration_ms": 1, "score": 45, "direction_score": -0.5, "current_price": 0.23}
{"event": "monitor_context", "symbol": "SOMIUSDT", "direction": "SHORT", "entry_price": 0.2429, "current_price": 0.23, "qty": "62", "baseline_qty": "123", "core_qty": "61.5", "scalp_qty": "61.5", "profit_locked": true, "need_partial_tp": false}
{"event": "open_orders_fetched", "symbol": "SOMIUSDT", "count": 2}
{"event": "llm_monitor_raw", "symbol": "SOMIUSDT", "raw": {"action": "HOLD", "reasoning": "The current position is profitable with a locked profit, and all necessary orders (Stop Loss and Final Take Profit) are active. The market analysis does not indicate a need to adjust orders or close the position. The trend score is still below 50, and the signals support maintaining the short position. The Profit Locked status is true, so the stop loss should not be loosened. There is no need for a Partial Take Profit as indicated by 'Need: False'. The position size is already below the Baseline Size, but since the Profit Locked is true and the market conditions do not strongly suggest adding to the position, it is prudent to hold.", "new_stop_loss": null, "new_take_profit": null, "partial_tp_price": null, "partial_tp_percent": null, "reduce_percent": null, "add_usdt": null}}
{"event": "market_data_fetched", "symbol": "SOMIUSDT", "duration_ms": 3551, "keys": ["funding_rate", "klines_15m", "klines_1h", "klines_1m", "oi_hist", "orderbook", "premium_index", "symbol"]}
{"event": "analysis_generated", "symbol": "SOMIUSDT", "duration_ms": 4, "score": 60, "direction_score": -0.5, "current_price": 0.2304}
{"event": "monitor_context", "symbol": "SOMIUSDT", "direction": "SHORT", "entry_price": 0.2429, "current_price": 0.2304, "qty": "62", "baseline_qty": "123", "core_qty": "61.5", "scalp_qty": "61.5", "profit_locked": true, "need_partial_tp": false}
{"event": "open_orders_fetched", "symbol": "SOMIUSDT", "count": 2}
{"event": "llm_monitor_raw", "symbol": "SOMIUSDT", "raw": {"action": "HOLD", "reasoning": "The current position is profitable with a locked profit, and all necessary orders (Stop Loss and Final Take Profit) are active. The market analysis does not indicate any invalidation of the trade setup, and the trend score remains favorable for the short position. The Profit Locked status is true, so the stop loss should not be loosened. There is no need for a Partial Take Profit as per the current setup. The strategy guidelines suggest maintaining the current orders without adjustments unless there is a significant change in market structure or risk parameters.", "new_stop_loss": null, "new_take_profit": null, "partial_tp_price": null, "partial_tp_percent": null, "reduce_percent": null, "add_usdt": null}}
{"event": "market_data_fetched", "symbol": "SOMIUSDT", "duration_ms": 3130, "keys": ["funding_rate", "klines_15m", "klines_1h", "klines_1m", "oi_hist", "orderbook", "premium_index", "symbol"]}
{"event": "analysis_generated", "symbol": "SOMIUSDT", "duration_ms": 3, "score": 30, "direction_score": -1.5, "current_price": 0.2304}
{"event": "monitor_context", "symbol": "SOMIUSDT", "direction": "SHORT", "entry_price": 0.2429, "current_price": 0.2304, "qty": "62", "baseline_qty": "123", "core_qty": "61.5", "scalp_qty": "61.5", "profit_locked": true, "need_partial_tp": false}
{"event": "open_orders_fetched", "symbol": "SOMIUSDT", "count": 2}
{"event": "llm_monitor_raw", "symbol": "SOMIUSDT", "raw": {"action": "HOLD", "reasoning": "The current position meets all strategy guidelines: Stop Loss is active and set at break-even (+fees), Final Take Profit is set, and Profit Locked is true preventing any loosening of SL. Market analysis shows the trend remains favorable (1H均线空头排列, negative funding, good liquidity) despite the Trend Score dropping slightly. No structural invalidation or immediate risk is detected. Partial TP is not needed (Need: False), and size is already below Baseline Size (61.5 vs 123). Stability rules advise against unnecessary adjustments.", "new_stop_loss": null, "new_take_profit": null, "partial_tp_price": null, "partial_tp_percent": null, "reduce_percent": null, "add_usdt": null}}
{"event": "market_data_fetched", "symbol": "SOMIUSDT", "duration_ms": 4069, "keys": ["funding_rate", "klines_15m", "klines_1h", "klines_1m", "oi_hist", "orderbook", "premium_index", "symbol"]}
{"event": "analysis_generated", "symbol": "SOMIUSDT", "duration_ms": 1, "score": 25, "direction_score": -1.5, "current_price": 0.2306}
{"event": "monitor_context", "symbol": "SOMIUSDT", "direction": "SHORT", "entry_price": 0.2429, "current_price": 0.2306, "qty": "62", "baseline_qty": "123", "core_qty": "61.5", "scalp_qty": "61.5", "profit_locked": true, "need_partial_tp": false}
{"event": "open_orders_fetched", "symbol": "SOMIUSDT", "count": 2}
{"event": "llm_monitor_raw", "symbol": "SOMIUSDT", "raw": {"action": "HOLD", "reasoning": "The current position meets all strategy guidelines: Stop Loss is active at break-even (0.2424, slightly better than entry price + fees), Final Take Profit is set at 0.22, and Profit Locked is true (preventing SL loosening). Market conditions still support the short (1H均线空头排列, negative funding, volatility合格). No structural invalidation exists (Trend Score 25 is neutral but not bullish). Since Smart Suggestions recommend 'None' and all orders are properly placed, no adjustment is needed.", "new_stop_loss": null, "new_take_profit": null, "partial_tp_price": null, "partial_tp_percent": null, "reduce_percent": null, "add_usdt": null}}
{"event": "market_data_fetched", "symbol": "SOMIUSDT", "duration_ms": 2922, "keys": ["funding_rate", "klines_15m", "klines_1h", "klines_1m", "oi_hist", "orderbook", "premium_index", "symbol"]}
{"event": "analysis_generated", "symbol": "SOMIUSDT", "duration_ms": 1, "score": 45, "direction_score": -1.5, "current_price": 0.2313}
{"event": "monitor_context", "symbol": "SOMIUSDT", "direction": "SHORT", "entry_price": 0.2429, "current_price": 0.2313, "qty": "62", "baseline_qty": "123", "core_qty": "61.5", "scalp_qty": "61.5", "profit_locked": true, "need_partial_tp": false}
{"event": "open_orders_fetched", "symbol": "SOMIUSDT", "count": 2}
{"event": "market_data_fetched", "symbol": "SOMIUSDT", "duration_ms": 3198, "keys": ["funding_rate", "klines_15m", "klines_1h", "klines_1m", "oi_hist", "orderbook", "premium_index", "symbol"]}
{"event": "analysis_generated", "symbol": "SOMIUSDT", "duration_ms": 4, "score": 80, "direction_score": -1.5, "current_price": 0.2314}
{"event": "monitor_context", "symbol": "SOMIUSDT", "direction": "SHORT", "entry_price": 0.2429, "current_price": 0.2314, "qty": "62", "baseline_qty": "123", "core_qty": "61.5", "scalp_qty": "61.5", "profit_locked": true, "need_partial_tp": false}
{"event": "open_orders_fetched", "symbol": "SOMIUSDT", "count": 2}
{"event": "llm_monitor_raw", "symbol": "SOMIUSDT", "raw": {"action": "HOLD", "reasoning": "The current position meets all strategy guidelines: Stop Loss is active at breakeven (+fees) as Profit Locked is true, Final Take Profit is set, and no Partial Take Profit is needed. Market analysis supports continuation of the downtrend (Trend Score: 80, bearish signals). No adjustments are required unless market structure invalidates the trade or SL/TP needs updating.", "new_stop_loss": null, "new_take_profit": null, "partial_tp_price": null, "partial_tp_percent": null, "reduce_percent": null, "add_usdt": null}}
{"event": "market_data_fetched", "symbol": "SOMIUSDT", "duration_ms": 3208, "keys": ["funding_rate", "klines_15m", "klines_1h", "klines_1m", "oi_hist", "orderbook", "premium_index", "symbol"]}
{"event": "analysis_generated", "symbol": "SOMIUSDT", "duration_ms": 3, "score": 45, "direction_score": -0.5, "current_price": 0.2317}
{"event": "monitor_context", "symbol": "SOMIUSDT", "direction": "SHORT", "entry_price": 0.2429, "current_price": 0.2317, "qty": "62", "baseline_qty": "123", "core_qty": "61.5", "scalp_qty": "61.5", "profit_locked": true, "need_partial_tp": false}
{"event": "open_orders_fetched", "symbol": "SOMIUSDT", "count": 2}
{"event": "llm_monitor_raw", "symbol": "SOMIUSDT", "raw": {"action": "HOLD", "reasoning": "The current position is profitable with a locked profit, and the stop loss is active at a break-even level (0.2424, slightly above entry price 0.2429 to cover fees). The market analysis shows mixed signals (trend score 45, bearish MA alignment, but with increased volume and negative funding rate). No structural invalidation or immediate risk is detected. The strategy mandates holding when profit is locked and no adjustments are needed for minor fluctuations. The existing stop loss and final take profit (0.22) comply with the guidelines.", "new_stop_loss": null, "new_take_profit": null, "partial_tp_price": null, "partial_tp_percent": null, "reduce_percent": null, "add_usdt": null}}
