2026-01-25 12:46:15 [INFO] === 量化自动交易系统启动 ===
2026-01-25 12:46:15 [INFO] >>> 正在加载模块...
2026-01-25 12:46:17 [INFO] === 开始新一轮扫描 ===
2026-01-25 12:46:17 [INFO] === 开始持仓巡检 ===
2026-01-25 12:46:18 [INFO] >>> 当前持有 1 个仓位:
2026-01-25 12:46:18 [INFO]    ACUUSDT (多): 数量 403.0, 浮盈亏 -0.48217741 美元, 本地止损: 未设置
2026-01-25 12:46:28 [INFO]    >>> [AI 动态调整] SET_SL: 当前止损价设置合理，已基于价格波动和1H级别趋势考虑了保护性止损
2026-01-25 12:46:31 [INFO] >>> [策略限制] 持仓中，暂停开新仓
2026-01-25 12:47:31 [INFO] === 开始新一轮扫描 ===
2026-01-25 12:47:31 [INFO] === 开始持仓巡检 ===
2026-01-25 12:47:33 [INFO] >>> 当前持有 1 个仓位:
2026-01-25 12:47:33 [INFO]    ACUUSDT (多): 数量 403.0, 浮盈亏 -0.51584 美元, 本地止损: 未设置
2026-01-25 12:48:06 [INFO]    >>> [AI 动态调整] SET_SL: 基于当前1H布林下轨0.176和MA20的中值设置的宽幅止损
2026-01-25 12:48:08 [INFO] >>>【移动止损】ACUUSDT 初始止损采用 AI 建议值: 0.19686
2026-01-25 12:48:09 [INFO] >>> [策略限制] 持仓中，暂停开新仓
2026-01-25 12:49:09 [INFO] === 开始新一轮扫描 ===
2026-01-25 12:49:09 [INFO] === 开始持仓巡检 ===
2026-01-25 12:49:11 [INFO] >>> 当前持有 1 个仓位:
2026-01-25 12:49:11 [INFO]    ACUUSDT (多): 数量 403.0, 浮盈亏 -0.75361 美元, 本地止损: 未设置
2026-01-25 12:49:27 [INFO]    >>> [AI 动态调整] SET_SL: 设置在1H级别布林下轨(0.176815)上方作为止损位
2026-01-25 12:49:29 [INFO] >>> [策略限制] 持仓中，暂停开新仓
2026-01-25 12:50:16 [INFO] 
>>> 用户手动停止
2026-01-25 12:54:37 [INFO] === 量化自动交易系统启动 ===
2026-01-25 12:54:37 [INFO] >>> 正在加载模块...
2026-01-25 12:54:39 [INFO] === 开始新一轮扫描 ===
2026-01-25 12:54:39 [INFO] === 开始持仓巡检 ===
2026-01-25 12:54:41 [INFO] >>> 当前持有 1 个仓位:
2026-01-25 12:54:41 [INFO]    ACUUSDT (多): 数量 403.0, 浮盈亏 -1.27466885 美元, 本地止损: 未设置
2026-01-25 12:54:53 [INFO]    >>> [AI 动态调整] SET_SL: 1H布林下轨提供强力支撑
2026-01-25 12:54:55 [WARNING]    [警告] 交易所止损设置失败 (尝试了所有方案)
2026-01-25 12:54:55 [INFO] >>>【智能建议】对 ACUUSDT 执行平仓操作，理由: 资金净流出且CMF<0,同时价格跌破MA20关键支撑（模型极度确信）
2026-01-25 12:54:55 [INFO] >>>【交易执行】正在平掉 ACUUSDT 所有仓位...
2026-01-25 12:54:56 [INFO]    ACUUSDT 平仓成功
2026-01-25 12:54:56 [INFO]    ACUUSDT 已平仓
2026-01-25 12:54:56 [INFO] >>> [策略限制] 持仓中，暂停开新仓
2026-01-25 12:56:55 [INFO] === 量化自动交易系统启动 ===
2026-01-25 12:56:55 [INFO] >>> 正在加载模块...
2026-01-25 12:56:57 [INFO] === 开始新一轮扫描 ===
2026-01-25 12:56:57 [INFO] === 开始持仓巡检 ===
2026-01-25 12:57:02 [INFO]    【扫描结果】当前关注列表: ['ENSOUSDT', 'NOMUSDT', 'SOMIUSDT', 'DUSKUSDT', 'ACUUSDT']
2026-01-25 12:57:02 [INFO]    正在分析趋势与资金流...
2026-01-25 12:57:04 [INFO]    => 锁定目标: DUSKUSDT (SELL_ONLY, CMF:-0.07, FlowMA:-877907.40)
2026-01-25 12:57:04 [INFO]    正在深入分析 DUSKUSDT ...
2026-01-25 12:57:15 [INFO] !!! 趋势信号触发: 做空 !!!
2026-01-25 12:57:15 [INFO]    【风控】建议杠杆: 10x
2026-01-25 12:57:15 [INFO]    【风控计算】风险额: 1.56, 建议仓位: 29.92
2026-01-25 12:57:15 [INFO] >>>【交易执行】准备对 DUSKUSDT 执行 做空 操作，金额: 29.924193793447028，杠杆: 10倍
2026-01-25 12:57:17 [INFO]    计算下单数量: 160.0
2026-01-25 12:57:17 [INFO] >>>【交易执行】交易成功! 订单号: 5049549175
2026-01-25 12:57:19 [INFO] >>>【交易执行】设置止盈止损...
2026-01-25 12:57:20 [INFO]    [成功] 交易所止损单已设置 (STOP_MARKET, 触发价: 0.19732)
2026-01-25 12:57:20 [INFO]    已挂分批止盈单: 价 0.17636，量 48.0
2026-01-25 12:57:21 [INFO]    已挂分批止盈单: 价 0.17318，量 48.0
2026-01-25 12:57:21 [INFO]    已挂分批止盈单: 价 0.17，量 64.0
2026-01-25 12:57:21 [INFO] >>> 开仓成功，等待 15秒 同步...
2026-01-25 12:57:36 [INFO] >>> 本轮结束，立即开始下一轮...
2026-01-25 12:57:41 [INFO] === 开始新一轮扫描 ===
2026-01-25 12:57:41 [INFO] === 开始持仓巡检 ===
2026-01-25 12:57:42 [INFO] >>> 当前持有 1 个仓位:
2026-01-25 12:57:42 [INFO]    DUSKUSDT (空): 数量 -160.0, 浮盈亏 -0.176 美元, 本地止损: 未设置
2026-01-25 12:57:44 [INFO] >>> [策略限制] 持仓中，暂停开新仓
2026-01-25 12:58:44 [INFO] === 开始新一轮扫描 ===
2026-01-25 12:58:44 [INFO] === 开始持仓巡检 ===
2026-01-25 12:58:46 [INFO] >>> 当前持有 1 个仓位:
2026-01-25 12:58:46 [INFO]    DUSKUSDT (空): 数量 -160.0, 浮盈亏 0.1541168 美元, 本地止损: 未设置
2026-01-25 12:58:55 [INFO]    >>> [AI 动态调整] SET_SL: 止损位上提至当前布林上轨上方0.1837 + 2*ATR(0.0032*2)的安全边界，避免短期波动触发止损
2026-01-25 12:58:57 [WARNING]    [警告] 交易所止损设置失败 (尝试了所有方案)
2026-01-25 12:58:58 [INFO] >>>【移动止损】DUSKUSDT 初始止损采用 AI 建议值: 0.19112
2026-01-25 12:58:58 [INFO]    [成功] 交易所止损单已设置 (STOP_MARKET, 触发价: 0.19112)
2026-01-25 12:58:58 [INFO] >>> [策略限制] 持仓中，暂停开新仓
2026-01-25 12:59:58 [INFO] === 开始新一轮扫描 ===
2026-01-25 12:59:58 [INFO] === 开始持仓巡检 ===
2026-01-25 13:00:01 [INFO] >>> 当前持有 1 个仓位:
2026-01-25 13:00:01 [INFO]    DUSKUSDT (空): 数量 -160.0, 浮盈亏 0.7010176 美元, 本地止损: 未设置
2026-01-25 13:00:11 [INFO]    >>> [AI 动态调整] MOVE_SL: 当前止损价设置合理，位于1H布林上轨0.18306上方，可以有效过滤短期波动
2026-01-25 13:00:13 [INFO]    [成功] 交易所止损单已设置 (STOP Limit, 触发价: 0.19112)
2026-01-25 13:00:13 [INFO] >>> [策略限制] 持仓中，暂停开新仓
2026-01-25 13:00:33 [INFO] 
>>> 用户手动停止
2026-01-25 13:00:43 [INFO] === 量化自动交易系统启动 ===
2026-01-25 13:00:43 [INFO] >>> 正在加载模块...
2026-01-25 13:00:46 [INFO] === 开始新一轮扫描 ===
2026-01-25 13:00:46 [INFO] === 开始持仓巡检 ===
2026-01-25 13:00:48 [INFO] >>> 当前持有 1 个仓位:
2026-01-25 13:00:48 [INFO]    DUSKUSDT (空): 数量 -160.0, 浮盈亏 0.3872 美元, 本地止损: 未设置
2026-01-25 13:01:00 [INFO]    >>> [AI 动态调整] MOVE_SL: 将止损移动到1H布林上轨下方，既保护利润又避免短线波动干扰
2026-01-25 13:01:03 [WARNING]    [警告] 交易所止损设置失败 (尝试了所有方案)
2026-01-25 13:01:03 [INFO] >>>【移动止损】DUSKUSDT 初始止损采用 AI 建议值: 0.19112
2026-01-25 13:01:04 [INFO]    [成功] 交易所止损单已设置 (STOP Limit, 触发价: 0.19112)
2026-01-25 13:01:04 [INFO] >>> [策略限制] 持仓中，暂停开新仓
2026-01-25 13:01:57 [INFO] 
>>> 用户手动停止
2026-01-25 13:02:03 [INFO] === 量化自动交易系统启动 ===
2026-01-25 13:02:03 [INFO] >>> 正在加载模块...
2026-01-25 13:02:07 [INFO] === 开始新一轮扫描 ===
2026-01-25 13:02:07 [INFO] === 开始持仓巡检 ===
2026-01-25 13:02:09 [INFO] >>> 当前持有 1 个仓位:
2026-01-25 13:02:09 [INFO]    DUSKUSDT (空): 数量 -160.0, 浮盈亏 0.6672 美元, 本地止损: 未设置
2026-01-25 13:02:18 [INFO]    >>> [AI 动态调整] SET_SL: 基于当前1H布林上轨(0.1884)设置的动态止损，留有适当缓冲空间
2026-01-25 13:02:21 [INFO]    [成功] 交易所止损单已设置 (STOP_MARKET, 触发价: 0.19112)
2026-01-25 13:02:21 [INFO] >>> [策略限制] 持仓中，暂停开新仓
2026-01-25 13:03:21 [INFO] === 开始新一轮扫描 ===
2026-01-25 13:03:21 [INFO] === 开始持仓巡检 ===
2026-01-25 13:03:23 [INFO] >>> 当前持有 1 个仓位:
2026-01-25 13:03:23 [INFO]    DUSKUSDT (空): 数量 -160.0, 浮盈亏 0.296 美元, 本地止损: 未设置
2026-01-25 13:03:35 [INFO]    >>> [AI 动态调整] MOVE_SL: 将止损上移至1H级别的布林上轨位置，当前止损0.19112过宽不利于风控
2026-01-25 13:03:38 [INFO]    [成功] 交易所止损单已设置 (STOP_MARKET, 触发价: 0.18893)
2026-01-25 13:03:38 [INFO] >>> [策略限制] 持仓中，暂停开新仓
2026-01-25 13:04:38 [INFO] === 开始新一轮扫描 ===
2026-01-25 13:04:38 [INFO] === 开始持仓巡检 ===
2026-01-25 13:04:40 [INFO] >>>【系统】检测到 DUSKUSDT 仓位已平（可能触发止盈止损），清除本地状态
2026-01-25 13:04:42 [INFO]    【扫描结果】当前关注列表: ['ENSOUSDT', 'NOMUSDT', 'SOMIUSDT', 'DUSKUSDT', 'ACUUSDT']
2026-01-25 13:04:42 [INFO]    正在分析趋势与资金流...
2026-01-25 13:04:43 [INFO]    没有发现合适的趋势币种，休息 30秒...
2026-01-25 13:05:13 [INFO] >>> 本轮结束，立即开始下一轮...
2026-01-25 13:05:18 [INFO] === 开始新一轮扫描 ===
2026-01-25 13:05:18 [INFO] === 开始持仓巡检 ===
2026-01-25 13:05:20 [INFO]    【扫描结果】当前关注列表: ['ACUUSDT', 'ENSOUSDT', 'NOMUSDT', 'SOMIUSDT', 'DUSKUSDT', 'FIGHTUSDT']
2026-01-25 13:05:20 [INFO]    正在分析趋势与资金流...
2026-01-25 13:05:22 [INFO]    => 锁定目标: NOMUSDT (SELL_ONLY, CMF:-0.10, FlowMA:-239715.00)
2026-01-25 13:05:22 [INFO]    正在深入分析 NOMUSDT ...
2026-01-25 13:05:29 [INFO]    【策略】暂不推荐交易 NOMUSDT，进入冷却
2026-01-25 13:05:29 [INFO] >>> 本轮结束，立即开始下一轮...
2026-01-25 13:05:34 [INFO] === 开始新一轮扫描 ===
2026-01-25 13:05:34 [INFO] === 开始持仓巡检 ===
2026-01-25 13:05:37 [INFO]    【扫描结果】当前关注列表: ['ACUUSDT', 'ENSOUSDT', 'NOMUSDT', 'SOMIUSDT', 'DUSKUSDT', 'FIGHTUSDT']
2026-01-25 13:05:37 [INFO]    正在分析趋势与资金流...
2026-01-25 13:05:37 [INFO]    => 锁定目标: ACUUSDT (SELL_ONLY, CMF:-0.07, FlowMA:-14252.40)
2026-01-25 13:05:37 [INFO]    正在深入分析 ACUUSDT ...
2026-01-25 13:05:44 [INFO]    【策略】暂不推荐交易 ACUUSDT，进入冷却
2026-01-25 13:05:44 [INFO] >>> 本轮结束，立即开始下一轮...
2026-01-25 13:05:49 [INFO] === 开始新一轮扫描 ===
2026-01-25 13:05:49 [INFO] === 开始持仓巡检 ===
2026-01-25 13:05:51 [INFO]    【扫描结果】当前关注列表: ['ACUUSDT', 'ENSOUSDT', 'NOMUSDT', 'SOMIUSDT', 'DUSKUSDT', 'FIGHTUSDT']
2026-01-25 13:05:51 [INFO]    正在分析趋势与资金流...
2026-01-25 13:05:52 [INFO]    => 锁定目标: ENSOUSDT (BUY_ONLY, CMF:0.07, FlowMA:4064.86)
2026-01-25 13:05:52 [INFO]    正在深入分析 ENSOUSDT ...
2026-01-25 13:05:53 [INFO] !!! 趋势信号触发: 做多 !!!
2026-01-25 13:05:53 [INFO]    【风控】建议杠杆: 10x
2026-01-25 13:05:54 [INFO]    【风控计算】风险额: 1.54, 建议仓位: 70.02
2026-01-25 13:05:54 [INFO] >>>【交易执行】准备对 ENSOUSDT 执行 做多 操作，金额: 70.02178273536941，杠杆: 10倍
2026-01-25 13:05:55 [INFO]    计算下单数量: 33.1
2026-01-25 13:05:55 [INFO] >>>【交易执行】交易成功! 订单号: 541530475
2026-01-25 13:05:57 [INFO] >>>【交易执行】设置止盈止损...
2026-01-25 13:05:58 [INFO]    [成功] 交易所止损单已设置 (STOP_MARKET, 触发价: 2.0491)
2026-01-25 13:05:59 [INFO]    已挂分批止盈单: 价 2.1527，量 9.9
2026-01-25 13:06:00 [INFO]    已挂分批止盈单: 价 2.1655，量 9.9
2026-01-25 13:06:00 [INFO]    已挂分批止盈单: 价 2.1784，量 13.3
2026-01-25 13:06:00 [INFO] >>> 开仓成功，等待 15秒 同步...
2026-01-25 13:06:05 [INFO] 
>>> 用户手动停止
2026-01-25 13:06:14 [INFO] === 量化自动交易系统启动 ===
2026-01-25 13:06:14 [INFO] >>> 正在加载模块...
2026-01-25 13:06:16 [INFO] === 开始新一轮扫描 ===
2026-01-25 13:06:16 [INFO] === 开始持仓巡检 ===
2026-01-25 13:06:19 [INFO] >>> 当前持有 1 个仓位:
2026-01-25 13:06:19 [INFO]    ENSOUSDT (多): 数量 33.1, 浮盈亏 0.94997 美元, 本地止损: 2.016
2026-01-25 13:06:22 [INFO] >>>【移动止损】ENSOUSDT 触发快速保本止损 (>1.5%)
2026-01-25 13:06:22 [INFO]    原止损: 2.0491 -> 新止损: 2.0974
2026-01-25 13:06:40 [WARNING]    [警告] 交易所止损设置失败 (尝试了所有方案)
2026-01-25 13:06:40 [INFO] >>> [策略限制] 持仓中，暂停开新仓
2026-01-25 13:07:40 [INFO] === 开始新一轮扫描 ===
2026-01-25 13:07:40 [INFO] === 开始持仓巡检 ===
2026-01-25 13:07:41 [INFO] >>> 当前持有 1 个仓位:
2026-01-25 13:07:41 [INFO]    ENSOUSDT (多): 数量 33.1, 浮盈亏 1.57952968 美元, 本地止损: 2.016
2026-01-25 13:07:50 [INFO]    >>> [AI 动态调整] SET_SL: 基于1H级别MA20支撑位(1.5860)和ATR(0.02035)设置的动态止损，提供合理保护空间
2026-01-25 13:07:51 [INFO]    [成功] 交易所止损单已设置 (STOP_MARKET, 触发价: 2.0189)
2026-01-25 13:07:52 [INFO] >>>【移动止损】ENSOUSDT 触发快速保本止损 (>1.5%)
2026-01-25 13:07:52 [INFO]    原止损: 2.0189 -> 新止损: 2.0974
2026-01-25 13:07:54 [INFO]    [成功] 交易所止损单已设置 (STOP Limit, 触发价: 2.0974)
2026-01-25 13:07:54 [INFO] >>> [策略限制] 持仓中，暂停开新仓
2026-01-25 13:08:54 [INFO] === 开始新一轮扫描 ===
2026-01-25 13:08:54 [INFO] === 开始持仓巡检 ===
2026-01-25 13:08:57 [INFO] >>> 当前持有 1 个仓位:
2026-01-25 13:08:57 [INFO]    ENSOUSDT (多): 数量 33.1, 浮盈亏 1.32603134 美元, 本地止损: 2.016
2026-01-25 13:09:08 [INFO]    >>> [AI 动态调整] MOVE_SL: 将止损上移至1H级别MA20附近的支撑位2.05（原止损2.0974过于接近现价），保护38美元的已实现盈利
2026-01-25 13:09:11 [WARNING]    [警告] 交易所止损设置失败 (尝试了所有方案)
2026-01-25 13:09:11 [INFO] >>>【移动止损】ENSOUSDT 初始止损采用 AI 建议值: 2.05
2026-01-25 13:09:13 [INFO]    [成功] 交易所止损单已设置 (STOP Limit, 触发价: 2.05)
2026-01-25 13:09:13 [INFO] >>> [策略限制] 持仓中，暂停开新仓
2026-01-25 13:09:43 [INFO] 
>>> 用户手动停止
2026-01-25 13:11:36 [INFO] === 量化自动交易系统启动 ===
2026-01-25 13:11:36 [INFO] >>> 正在加载模块...
2026-01-25 13:11:38 [INFO] === 开始新一轮扫描 ===
2026-01-25 13:11:38 [INFO] === 开始持仓巡检 ===
2026-01-25 13:11:40 [INFO] >>>【系统】检测到 ENSOUSDT 仓位已平（可能触发止盈止损），清除本地状态
2026-01-25 13:11:42 [INFO]    【扫描结果】当前关注列表: ['ACUUSDT', 'ENSOUSDT', 'NOMUSDT', 'SOMIUSDT', 'DUSKUSDT', 'FIGHTUSDT']
2026-01-25 13:11:42 [INFO]    正在分析趋势与资金流...
2026-01-25 13:11:43 [INFO]    没有发现合适的趋势币种，休息 30秒...
2026-01-25 13:12:13 [INFO] >>> 本轮结束，立即开始下一轮...
2026-01-25 13:12:18 [INFO] === 开始新一轮扫描 ===
2026-01-25 13:12:18 [INFO] === 开始持仓巡检 ===
2026-01-25 13:12:20 [INFO]    【扫描结果】当前关注列表: ['ACUUSDT', 'ENSOUSDT', 'NOMUSDT', 'SOMIUSDT', 'DUSKUSDT', 'FIGHTUSDT']
2026-01-25 13:12:20 [INFO]    正在分析趋势与资金流...
2026-01-25 13:12:21 [INFO]    => 锁定目标: DUSKUSDT (SELL_ONLY, CMF:-0.14, FlowMA:-105206.00)
2026-01-25 13:12:21 [INFO]    正在深入分析 DUSKUSDT ...
2026-01-25 13:12:28 [INFO] !!! 趋势信号触发: 做空 !!!
2026-01-25 13:12:28 [INFO]    【风控】建议杠杆: 10x
2026-01-25 13:12:28 [INFO]    【风控计算】风险额: 1.60, 建议仓位: 30.67
2026-01-25 13:12:28 [INFO] >>>【交易执行】准备对 DUSKUSDT 执行 做空 操作，金额: 30.67445043907906，杠杆: 10倍
2026-01-25 13:12:30 [INFO]    计算下单数量: 166.0
2026-01-25 13:12:31 [INFO] >>>【交易执行】交易成功! 订单号: 5050708182
2026-01-25 13:12:33 [INFO] >>>【交易执行】设置止盈止损...
2026-01-25 13:12:33 [WARNING]    [警告] 交易所止损设置失败 (尝试 1/5)，等待 2秒后重试...
2026-01-25 13:12:36 [WARNING]    [警告] 交易所止损设置失败 (尝试 2/5)，等待 2秒后重试...
2026-01-25 13:12:39 [WARNING]    [警告] 交易所止损设置失败 (尝试 3/5)，等待 2秒后重试...
2026-01-25 13:12:41 [WARNING]    [警告] 交易所止损设置失败 (尝试 4/5)，等待 2秒后重试...
2026-01-25 13:12:43 [INFO]    [成功] 交易所止损单已设置 (STOP_MARKET, 触发价: 0.19528)
2026-01-25 13:12:44 [INFO]    已挂分批止盈单: 价 0.17462，量 49.0
2026-01-25 13:12:44 [INFO]    已挂分批止盈单: 价 0.17141，量 49.0
2026-01-25 13:12:44 [INFO]    已挂分批止盈单: 价 0.1682，量 68.0
2026-01-25 13:12:44 [INFO] >>> 开仓成功，等待 15秒 同步...
2026-01-25 13:12:59 [INFO] >>> 本轮结束，立即开始下一轮...
2026-01-25 13:13:04 [INFO] === 开始新一轮扫描 ===
2026-01-25 13:13:04 [INFO] === 开始持仓巡检 ===
2026-01-25 13:13:05 [INFO] >>> 当前持有 1 个仓位:
2026-01-25 13:13:05 [INFO]    DUSKUSDT (空): 数量 -166.0, 浮盈亏 -0.86008916 美元, 本地止损: 未设置
2026-01-25 13:13:07 [ERROR] 【异常】发生错误: name 'df_analyzed' is not defined
2026-01-25 13:13:07 [ERROR] Traceback (most recent call last):
  File "E:\量化\bxm40\manager\bot_manager.py", line 60, in run
    is_holding = self.position_manager.sync_and_audit_positions()
  File "E:\量化\bxm40\strategy\position_manager.py", line 53, in sync_and_audit_positions
    self._audit_single_position(p)
    ~~~~~~~~~~~~~~~~~~~~~~~~~~~^^^
  File "E:\量化\bxm40\strategy\position_manager.py", line 132, in _audit_single_position
    self.check_trailing_stop(p, current_price, current_atr, ai_sl)
    ~~~~~~~~~~~~~~~~~~~~~~~~^^^^^^^^^^^^^^^^^^^^^^^^^^^^^^^^^^^^^^
  File "E:\量化\bxm40\strategy\position_manager.py", line 353, in check_trailing_stop
    trend_1m = self.analyzer.get_trend_bias(df_analyzed)
                                            ^^^^^^^^^^^
NameError: name 'df_analyzed' is not defined

2026-01-25 13:13:07 [INFO] >>> 系统将自动重试...
2026-01-25 13:13:12 [INFO] === 开始新一轮扫描 ===
2026-01-25 13:13:12 [INFO] === 开始持仓巡检 ===
2026-01-25 13:13:13 [INFO] >>> 当前持有 1 个仓位:
2026-01-25 13:13:13 [INFO]    DUSKUSDT (空): 数量 -166.0, 浮盈亏 -0.7797435 美元, 本地止损: 未设置
2026-01-25 13:13:14 [ERROR] 【异常】发生错误: name 'df_analyzed' is not defined
2026-01-25 13:13:14 [ERROR] Traceback (most recent call last):
  File "E:\量化\bxm40\manager\bot_manager.py", line 60, in run
    is_holding = self.position_manager.sync_and_audit_positions()
  File "E:\量化\bxm40\strategy\position_manager.py", line 53, in sync_and_audit_positions
    self._audit_single_position(p)
    ~~~~~~~~~~~~~~~~~~~~~~~~~~~^^^
  File "E:\量化\bxm40\strategy\position_manager.py", line 132, in _audit_single_position
    self.check_trailing_stop(p, current_price, current_atr, ai_sl)
    ~~~~~~~~~~~~~~~~~~~~~~~~^^^^^^^^^^^^^^^^^^^^^^^^^^^^^^^^^^^^^^
  File "E:\量化\bxm40\strategy\position_manager.py", line 353, in check_trailing_stop
    trend_1m = self.analyzer.get_trend_bias(df_analyzed)
                                            ^^^^^^^^^^^
NameError: name 'df_analyzed' is not defined

2026-01-25 13:13:14 [INFO] >>> 系统将自动重试...
2026-01-25 13:13:19 [INFO] === 开始新一轮扫描 ===
2026-01-25 13:13:19 [INFO] === 开始持仓巡检 ===
2026-01-25 13:13:20 [INFO] >>> 当前持有 1 个仓位:
2026-01-25 13:13:20 [INFO]    DUSKUSDT (空): 数量 -166.0, 浮盈亏 -0.80178 美元, 本地止损: 未设置
2026-01-25 13:13:22 [ERROR] 【异常】发生错误: name 'df_analyzed' is not defined
2026-01-25 13:13:22 [ERROR] Traceback (most recent call last):
  File "E:\量化\bxm40\manager\bot_manager.py", line 60, in run
    is_holding = self.position_manager.sync_and_audit_positions()
  File "E:\量化\bxm40\strategy\position_manager.py", line 53, in sync_and_audit_positions
    self._audit_single_position(p)
    ~~~~~~~~~~~~~~~~~~~~~~~~~~~^^^
  File "E:\量化\bxm40\strategy\position_manager.py", line 132, in _audit_single_position
    self.check_trailing_stop(p, current_price, current_atr, ai_sl)
    ~~~~~~~~~~~~~~~~~~~~~~~~^^^^^^^^^^^^^^^^^^^^^^^^^^^^^^^^^^^^^^
  File "E:\量化\bxm40\strategy\position_manager.py", line 353, in check_trailing_stop
    trend_1m = self.analyzer.get_trend_bias(df_analyzed)
                                            ^^^^^^^^^^^
NameError: name 'df_analyzed' is not defined

2026-01-25 13:13:22 [INFO] >>> 系统将自动重试...
2026-01-25 13:13:27 [INFO] === 开始新一轮扫描 ===
2026-01-25 13:13:27 [INFO] === 开始持仓巡检 ===
2026-01-25 13:13:28 [INFO] >>> 当前持有 1 个仓位:
2026-01-25 13:13:28 [INFO]    DUSKUSDT (空): 数量 -166.0, 浮盈亏 -0.79182 美元, 本地止损: 未设置
2026-01-25 13:13:30 [ERROR] 【异常】发生错误: name 'df_analyzed' is not defined
2026-01-25 13:13:30 [ERROR] Traceback (most recent call last):
  File "E:\量化\bxm40\manager\bot_manager.py", line 60, in run
    is_holding = self.position_manager.sync_and_audit_positions()
  File "E:\量化\bxm40\strategy\position_manager.py", line 53, in sync_and_audit_positions
    self._audit_single_position(p)
    ~~~~~~~~~~~~~~~~~~~~~~~~~~~^^^
  File "E:\量化\bxm40\strategy\position_manager.py", line 132, in _audit_single_position
    self.check_trailing_stop(p, current_price, current_atr, ai_sl)
    ~~~~~~~~~~~~~~~~~~~~~~~~^^^^^^^^^^^^^^^^^^^^^^^^^^^^^^^^^^^^^^
  File "E:\量化\bxm40\strategy\position_manager.py", line 353, in check_trailing_stop
    trend_1m = self.analyzer.get_trend_bias(df_analyzed)
                                            ^^^^^^^^^^^
NameError: name 'df_analyzed' is not defined

2026-01-25 13:13:30 [INFO] >>> 系统将自动重试...
2026-01-25 13:13:35 [INFO] === 开始新一轮扫描 ===
2026-01-25 13:13:35 [INFO] === 开始持仓巡检 ===
2026-01-25 13:13:36 [INFO] >>> 当前持有 1 个仓位:
2026-01-25 13:13:36 [INFO]    DUSKUSDT (空): 数量 -166.0, 浮盈亏 -0.78127402 美元, 本地止损: 未设置
2026-01-25 13:13:45 [INFO]    >>> [AI 动态调整] NONE: 当前STOP_MARKET止损价0.19528设置合理，略高于1H布林上轨(0.19009)形成缓冲空间，符合技术面止损原则。
2026-01-25 13:13:45 [ERROR] 【异常】发生错误: name 'df_analyzed' is not defined
2026-01-25 13:13:45 [ERROR] Traceback (most recent call last):
  File "E:\量化\bxm40\manager\bot_manager.py", line 60, in run
    is_holding = self.position_manager.sync_and_audit_positions()
  File "E:\量化\bxm40\strategy\position_manager.py", line 53, in sync_and_audit_positions
    self._audit_single_position(p)
    ~~~~~~~~~~~~~~~~~~~~~~~~~~~^^^
  File "E:\量化\bxm40\strategy\position_manager.py", line 132, in _audit_single_position
    self.check_trailing_stop(p, current_price, current_atr, ai_sl)
    ~~~~~~~~~~~~~~~~~~~~~~~~^^^^^^^^^^^^^^^^^^^^^^^^^^^^^^^^^^^^^^
  File "E:\量化\bxm40\strategy\position_manager.py", line 353, in check_trailing_stop
    trend_1m = self.analyzer.get_trend_bias(df_analyzed)
                                            ^^^^^^^^^^^
NameError: name 'df_analyzed' is not defined

2026-01-25 13:13:45 [INFO] >>> 系统将自动重试...
2026-01-25 13:13:50 [INFO] === 开始新一轮扫描 ===
2026-01-25 13:13:50 [INFO] === 开始持仓巡检 ===
2026-01-25 13:13:51 [INFO] >>> 当前持有 1 个仓位:
2026-01-25 13:13:51 [INFO]    DUSKUSDT (空): 数量 -166.0, 浮盈亏 -0.66747272 美元, 本地止损: 未设置
2026-01-25 13:13:57 [INFO]    >>> [AI 动态调整] NONE: 当前止损位已合理设置
2026-01-25 13:13:58 [ERROR] 【异常】发生错误: name 'df_analyzed' is not defined
2026-01-25 13:13:58 [ERROR] Traceback (most recent call last):
  File "E:\量化\bxm40\manager\bot_manager.py", line 60, in run
    is_holding = self.position_manager.sync_and_audit_positions()
  File "E:\量化\bxm40\strategy\position_manager.py", line 53, in sync_and_audit_positions
    self._audit_single_position(p)
    ~~~~~~~~~~~~~~~~~~~~~~~~~~~^^^
  File "E:\量化\bxm40\strategy\position_manager.py", line 132, in _audit_single_position
    self.check_trailing_stop(p, current_price, current_atr, ai_sl)
    ~~~~~~~~~~~~~~~~~~~~~~~~^^^^^^^^^^^^^^^^^^^^^^^^^^^^^^^^^^^^^^
  File "E:\量化\bxm40\strategy\position_manager.py", line 353, in check_trailing_stop
    trend_1m = self.analyzer.get_trend_bias(df_analyzed)
                                            ^^^^^^^^^^^
NameError: name 'df_analyzed' is not defined

2026-01-25 13:13:58 [INFO] >>> 系统将自动重试...
2026-01-25 13:14:03 [INFO] === 开始新一轮扫描 ===
2026-01-25 13:14:03 [INFO] === 开始持仓巡检 ===
2026-01-25 13:14:04 [INFO] >>> 当前持有 1 个仓位:
2026-01-25 13:14:04 [INFO]    DUSKUSDT (空): 数量 -166.0, 浮盈亏 -0.60620378 美元, 本地止损: 未设置
2026-01-25 13:14:13 [INFO]    >>> [AI 动态调整] NONE: 现有止损单(STOP_MARKET@0.19528)已基于当前价格设置合理，无需调整
2026-01-25 13:14:13 [ERROR] 【异常】发生错误: name 'df_analyzed' is not defined
2026-01-25 13:14:13 [ERROR] Traceback (most recent call last):
  File "E:\量化\bxm40\manager\bot_manager.py", line 60, in run
    is_holding = self.position_manager.sync_and_audit_positions()
  File "E:\量化\bxm40\strategy\position_manager.py", line 53, in sync_and_audit_positions
    self._audit_single_position(p)
    ~~~~~~~~~~~~~~~~~~~~~~~~~~~^^^
  File "E:\量化\bxm40\strategy\position_manager.py", line 132, in _audit_single_position
    self.check_trailing_stop(p, current_price, current_atr, ai_sl)
    ~~~~~~~~~~~~~~~~~~~~~~~~^^^^^^^^^^^^^^^^^^^^^^^^^^^^^^^^^^^^^^
  File "E:\量化\bxm40\strategy\position_manager.py", line 353, in check_trailing_stop
    trend_1m = self.analyzer.get_trend_bias(df_analyzed)
                                            ^^^^^^^^^^^
NameError: name 'df_analyzed' is not defined

2026-01-25 13:14:13 [INFO] >>> 系统将自动重试...
2026-01-25 13:14:18 [INFO] === 开始新一轮扫描 ===
2026-01-25 13:14:18 [INFO] === 开始持仓巡检 ===
2026-01-25 13:14:19 [INFO] >>> 当前持有 1 个仓位:
2026-01-25 13:14:19 [INFO]    DUSKUSDT (空): 数量 -166.0, 浮盈亏 -0.42233056 美元, 本地止损: 未设置
2026-01-25 13:14:30 [INFO]    >>> [AI 动态调整] SET_SL: 基于1H级别的布林上轨压力位设置止损
2026-01-25 13:14:32 [WARNING]    [警告] 交易所止损设置失败 (尝试 1/5)，等待 2秒后重试...
2026-01-25 13:14:35 [WARNING]    [警告] 交易所止损设置失败 (尝试 2/5)，等待 2秒后重试...
2026-01-25 13:14:37 [WARNING]    [警告] 交易所止损设置失败 (尝试 3/5)，等待 2秒后重试...
2026-01-25 13:14:40 [WARNING]    [警告] 交易所止损设置失败 (尝试 4/5)，等待 2秒后重试...
2026-01-25 13:14:42 [WARNING]    [警告] 交易所止损设置失败 (尝试 5/5)，等待 2秒后重试...
2026-01-25 13:14:44 [ERROR]    [严重错误] 交易所止损设置最终失败 (已重试5次)！请手动检查！
2026-01-25 13:14:45 [INFO] >>>【移动止损】DUSKUSDT 初始止损采用 AI 建议值: 0.19528
2026-01-25 13:14:46 [WARNING]    [警告] 交易所止损设置失败 (尝试 1/5)，等待 2秒后重试...
2026-01-25 13:14:49 [WARNING]    [警告] 交易所止损设置失败 (尝试 2/5)，等待 2秒后重试...
2026-01-25 13:14:51 [WARNING]    [警告] 交易所止损设置失败 (尝试 3/5)，等待 2秒后重试...
2026-01-25 13:14:54 [WARNING]    [警告] 交易所止损设置失败 (尝试 4/5)，等待 2秒后重试...
2026-01-25 13:14:56 [INFO]    [成功] 交易所止损单已设置 (STOP_MARKET, 触发价: 0.19528)
2026-01-25 13:14:56 [INFO] >>> [策略限制] 持仓中，暂停开新仓
2026-01-25 13:15:56 [INFO] === 开始新一轮扫描 ===
2026-01-25 13:15:56 [INFO] === 开始持仓巡检 ===
2026-01-25 13:15:58 [INFO] >>> 当前持有 1 个仓位:
2026-01-25 13:15:58 [INFO]    DUSKUSDT (空): 数量 -166.0, 浮盈亏 -0.2720325 美元, 本地止损: 未设置
2026-01-25 13:16:08 [INFO]    >>> [AI 动态调整] SET_SL: 基于当前1H布林上轨(0.189286)和开仓价上方1%缓冲位设置保护性止损
2026-01-25 13:16:11 [WARNING]    [警告] 交易所止损设置失败 (尝试 1/5)，等待 2秒后重试...
2026-01-25 13:16:14 [WARNING]    [警告] 交易所止损设置失败 (尝试 2/5)，等待 2秒后重试...
2026-01-25 13:16:17 [WARNING]    [警告] 交易所止损设置失败 (尝试 3/5)，等待 2秒后重试...
2026-01-25 13:16:19 [WARNING]    [警告] 交易所止损设置失败 (尝试 4/5)，等待 2秒后重试...
2026-01-25 13:16:22 [WARNING]    [警告] 交易所止损设置失败 (尝试 5/5)，等待 2秒后重试...
2026-01-25 13:16:24 [ERROR]    [严重错误] 交易所止损设置最终失败 (已重试5次)！请手动检查！
2026-01-25 13:16:24 [INFO] >>>【移动止损】DUSKUSDT 初始止损采用 AI 建议值: 0.19528
2026-01-25 13:16:25 [INFO]    [成功] 交易所止损单已设置 (STOP_MARKET, 触发价: 0.19528)
2026-01-25 13:16:25 [INFO] >>> [策略限制] 持仓中，暂停开新仓
2026-01-25 13:17:25 [INFO] === 开始新一轮扫描 ===
2026-01-25 13:17:25 [INFO] === 开始持仓巡检 ===
2026-01-25 13:17:28 [INFO] >>> 当前持有 1 个仓位:
2026-01-25 13:17:28 [INFO]    DUSKUSDT (空): 数量 -166.0, 浮盈亏 -0.64215108 美元, 本地止损: 未设置
2026-01-25 13:17:43 [INFO]    >>> [AI 动态调整] MOVE_SL: 当前止损价0.19528过高（超过布林上轨0.18980）。建议将止损下移至1H布林上轨附近，有效控制风险同时避免过早被扫止损。
2026-01-25 13:17:45 [INFO]    [成功] 交易所止损单已设置 (STOP_MARKET, 触发价: 0.1898)
2026-01-25 13:17:46 [ERROR] 【异常】发生错误: name 'df_analyzed' is not defined
2026-01-25 13:17:46 [ERROR] Traceback (most recent call last):
  File "E:\量化\bxm40\manager\bot_manager.py", line 60, in run
    is_holding = self.position_manager.sync_and_audit_positions()
  File "E:\量化\bxm40\strategy\position_manager.py", line 53, in sync_and_audit_positions
    self._audit_single_position(p)
    ~~~~~~~~~~~~~~~~~~~~~~~~~~~^^^
  File "E:\量化\bxm40\strategy\position_manager.py", line 132, in _audit_single_position
    self.check_trailing_stop(p, current_price, current_atr, ai_sl)
    ~~~~~~~~~~~~~~~~~~~~~~~~^^^^^^^^^^^^^^^^^^^^^^^^^^^^^^^^^^^^^^
  File "E:\量化\bxm40\strategy\position_manager.py", line 353, in check_trailing_stop
    trend_1m = self.analyzer.get_trend_bias(df_analyzed)
                                            ^^^^^^^^^^^
NameError: name 'df_analyzed' is not defined

2026-01-25 13:17:46 [INFO] >>> 系统将自动重试...
2026-01-25 13:17:51 [INFO] === 开始新一轮扫描 ===
2026-01-25 13:17:51 [INFO] === 开始持仓巡检 ===
2026-01-25 13:17:52 [INFO] >>> 当前持有 1 个仓位:
2026-01-25 13:17:52 [INFO]    DUSKUSDT (空): 数量 -166.0, 浮盈亏 -0.52954 美元, 本地止损: 未设置
2026-01-25 13:18:08 [INFO]    >>> [AI 动态调整] MOVE_SL: 将止损价微调至略微高于1H布林上轨0.18963，为价格留出测试布林带上轨的空间(建议差价约0.0002)。该位置也是止损挂单0.18980附近，可合并为统一防守位。
2026-01-25 13:18:10 [INFO]    [成功] 交易所止损单已设置 (STOP Limit, 触发价: 0.18983)
2026-01-25 13:18:10 [ERROR] 【异常】发生错误: name 'df_analyzed' is not defined
2026-01-25 13:18:10 [ERROR] Traceback (most recent call last):
  File "E:\量化\bxm40\manager\bot_manager.py", line 60, in run
    is_holding = self.position_manager.sync_and_audit_positions()
  File "E:\量化\bxm40\strategy\position_manager.py", line 53, in sync_and_audit_positions
    self._audit_single_position(p)
    ~~~~~~~~~~~~~~~~~~~~~~~~~~~^^^
  File "E:\量化\bxm40\strategy\position_manager.py", line 132, in _audit_single_position
    self.check_trailing_stop(p, current_price, current_atr, ai_sl)
    ~~~~~~~~~~~~~~~~~~~~~~~~^^^^^^^^^^^^^^^^^^^^^^^^^^^^^^^^^^^^^^
  File "E:\量化\bxm40\strategy\position_manager.py", line 353, in check_trailing_stop
    trend_1m = self.analyzer.get_trend_bias(df_analyzed)
                                            ^^^^^^^^^^^
NameError: name 'df_analyzed' is not defined

2026-01-25 13:18:10 [INFO] >>> 系统将自动重试...
2026-01-25 13:18:15 [INFO] === 开始新一轮扫描 ===
2026-01-25 13:18:15 [INFO] === 开始持仓巡检 ===
2026-01-25 13:18:16 [INFO] >>> 当前持有 1 个仓位:
2026-01-25 13:18:16 [INFO]    DUSKUSDT (空): 数量 -166.0, 浮盈亏 -0.52788 美元, 本地止损: 未设置
2026-01-25 13:18:30 [INFO]    >>> [AI 动态调整] SET_SL: 当前没有有效止损单，根据1小时布林上轨(0.18967)和整数心理关口设置止损位
2026-01-25 13:18:31 [ERROR]    [严重错误] 交易所止损设置最终失败 (已重试5次)！请手动检查！
2026-01-25 13:18:32 [INFO] >>>【移动止损】DUSKUSDT 初始止损采用 AI 建议值: 0.192
2026-01-25 13:18:33 [ERROR]    [严重错误] 交易所止损设置最终失败 (已重试5次)！请手动检查！
2026-01-25 13:18:33 [INFO] >>> [策略限制] 持仓中，暂停开新仓
2026-01-25 13:19:33 [INFO] === 开始新一轮扫描 ===
2026-01-25 13:19:33 [INFO] === 开始持仓巡检 ===
2026-01-25 13:19:34 [INFO] >>>【系统】检测到 DUSKUSDT 仓位已平（可能触发止盈止损），清除本地状态
2026-01-25 13:19:36 [INFO]    【扫描结果】当前关注列表: ['ACUUSDT', 'ENSOUSDT', 'NOMUSDT', 'SOMIUSDT', 'DUSKUSDT', 'FIGHTUSDT']
2026-01-25 13:19:36 [INFO]    正在分析趋势与资金流...
2026-01-25 13:19:37 [INFO]    => 锁定目标: ACUUSDT (SELL_ONLY, CMF:-0.15, FlowMA:-164171.80)
2026-01-25 13:19:37 [INFO]    正在深入分析 ACUUSDT ...
2026-01-25 13:19:47 [INFO] !!! 趋势信号触发: 做空 !!!
2026-01-25 13:19:47 [INFO]    【风控】建议杠杆: 10x
2026-01-25 13:19:47 [INFO]    【风控计算】风险额: 1.56, 建议仓位: 72.62
2026-01-25 13:19:47 [INFO] >>>【交易执行】准备对 ACUUSDT 执行 做空 操作，金额: 72.61921569682903，杠杆: 10倍
2026-01-25 13:19:49 [INFO]    计算下单数量: 393.0
2026-01-25 13:19:49 [INFO] >>>【交易执行】交易成功! 订单号: 125701099
2026-01-25 13:19:51 [INFO] >>>【交易执行】设置止盈止损...
2026-01-25 13:19:52 [WARNING]    [警告] 交易所止损设置失败 (尝试 1/5)，等待 2秒后重试...
2026-01-25 13:19:55 [WARNING]    [警告] 交易所止损设置失败 (尝试 2/5)，等待 2秒后重试...
2026-01-25 13:19:58 [WARNING]    [警告] 交易所止损设置失败 (尝试 3/5)，等待 2秒后重试...
2026-01-25 13:20:00 [WARNING]    [警告] 交易所止损设置失败 (尝试 4/5)，等待 2秒后重试...
2026-01-25 13:20:03 [WARNING]    [警告] 交易所止损设置失败 (尝试 5/5)，等待 2秒后重试...
2026-01-25 13:20:05 [ERROR]    [严重错误] 交易所止损设置最终失败 (已重试5次)！请手动检查！
2026-01-25 13:20:05 [WARNING]    [警告] 止损设置失败，正在重试 (1/3)...
2026-01-25 13:20:07 [INFO]    [成功] 交易所止损单已设置 (STOP Limit, 触发价: 0.19084)
2026-01-25 13:20:08 [INFO]    已挂分批止盈单: 价 0.18164，量 117.0
2026-01-25 13:20:08 [INFO]    已挂分批止盈单: 价 0.18063，量 117.0
2026-01-25 13:20:08 [INFO]    已挂分批止盈单: 价 0.17961，量 159.0
2026-01-25 13:20:08 [INFO] >>> 开仓成功，等待 15秒 同步...
2026-01-25 13:20:23 [INFO] >>> 本轮结束，立即开始下一轮...
2026-01-25 13:20:28 [INFO] === 开始新一轮扫描 ===
2026-01-25 13:20:28 [INFO] === 开始持仓巡检 ===
2026-01-25 13:20:29 [INFO] >>> 当前持有 1 个仓位:
2026-01-25 13:20:29 [INFO]    ACUUSDT (空): 数量 -393.0, 浮盈亏 -0.47899626 美元, 本地止损: 未设置
2026-01-25 13:20:32 [ERROR] 【异常】发生错误: name 'df_analyzed' is not defined
2026-01-25 13:20:32 [ERROR] Traceback (most recent call last):
  File "E:\量化\bxm40\manager\bot_manager.py", line 60, in run
    is_holding = self.position_manager.sync_and_audit_positions()
  File "E:\量化\bxm40\strategy\position_manager.py", line 53, in sync_and_audit_positions
    self._audit_single_position(p)
    ~~~~~~~~~~~~~~~~~~~~~~~~~~~^^^
  File "E:\量化\bxm40\strategy\position_manager.py", line 132, in _audit_single_position
    self.check_trailing_stop(p, current_price, current_atr, ai_sl)
    ~~~~~~~~~~~~~~~~~~~~~~~~^^^^^^^^^^^^^^^^^^^^^^^^^^^^^^^^^^^^^^
  File "E:\量化\bxm40\strategy\position_manager.py", line 353, in check_trailing_stop
    trend_1m = self.analyzer.get_trend_bias(df_analyzed)
                                            ^^^^^^^^^^^
NameError: name 'df_analyzed' is not defined

2026-01-25 13:20:32 [INFO] >>> 系统将自动重试...
2026-01-25 13:20:37 [INFO] === 开始新一轮扫描 ===
2026-01-25 13:20:37 [INFO] === 开始持仓巡检 ===
2026-01-25 13:20:38 [INFO] >>> 当前持有 1 个仓位:
2026-01-25 13:20:38 [INFO]    ACUUSDT (空): 数量 -393.0, 浮盈亏 -0.59124099 美元, 本地止损: 未设置
2026-01-25 13:20:41 [ERROR] 【异常】发生错误: name 'df_analyzed' is not defined
2026-01-25 13:20:41 [ERROR] Traceback (most recent call last):
  File "E:\量化\bxm40\manager\bot_manager.py", line 60, in run
    is_holding = self.position_manager.sync_and_audit_positions()
  File "E:\量化\bxm40\strategy\position_manager.py", line 53, in sync_and_audit_positions
    self._audit_single_position(p)
    ~~~~~~~~~~~~~~~~~~~~~~~~~~~^^^
  File "E:\量化\bxm40\strategy\position_manager.py", line 132, in _audit_single_position
    self.check_trailing_stop(p, current_price, current_atr, ai_sl)
    ~~~~~~~~~~~~~~~~~~~~~~~~^^^^^^^^^^^^^^^^^^^^^^^^^^^^^^^^^^^^^^
  File "E:\量化\bxm40\strategy\position_manager.py", line 353, in check_trailing_stop
    trend_1m = self.analyzer.get_trend_bias(df_analyzed)
                                            ^^^^^^^^^^^
NameError: name 'df_analyzed' is not defined

2026-01-25 13:20:41 [INFO] >>> 系统将自动重试...
2026-01-25 13:20:46 [INFO] === 开始新一轮扫描 ===
2026-01-25 13:20:46 [INFO] === 开始持仓巡检 ===
2026-01-25 13:20:47 [INFO] >>> 当前持有 1 个仓位:
2026-01-25 13:20:47 [INFO]    ACUUSDT (空): 数量 -393.0, 浮盈亏 -0.53841 美元, 本地止损: 未设置
2026-01-25 13:20:50 [ERROR] 【异常】发生错误: name 'df_analyzed' is not defined
2026-01-25 13:20:50 [ERROR] Traceback (most recent call last):
  File "E:\量化\bxm40\manager\bot_manager.py", line 60, in run
    is_holding = self.position_manager.sync_and_audit_positions()
  File "E:\量化\bxm40\strategy\position_manager.py", line 53, in sync_and_audit_positions
    self._audit_single_position(p)
    ~~~~~~~~~~~~~~~~~~~~~~~~~~~^^^
  File "E:\量化\bxm40\strategy\position_manager.py", line 132, in _audit_single_position
    self.check_trailing_stop(p, current_price, current_atr, ai_sl)
    ~~~~~~~~~~~~~~~~~~~~~~~~^^^^^^^^^^^^^^^^^^^^^^^^^^^^^^^^^^^^^^
  File "E:\量化\bxm40\strategy\position_manager.py", line 353, in check_trailing_stop
    trend_1m = self.analyzer.get_trend_bias(df_analyzed)
                                            ^^^^^^^^^^^
NameError: name 'df_analyzed' is not defined

2026-01-25 13:20:50 [INFO] >>> 系统将自动重试...
2026-01-25 13:20:55 [INFO] === 开始新一轮扫描 ===
2026-01-25 13:20:55 [INFO] === 开始持仓巡检 ===
2026-01-25 13:20:56 [INFO] >>> 当前持有 1 个仓位:
2026-01-25 13:20:56 [INFO]    ACUUSDT (空): 数量 -393.0, 浮盈亏 -0.81557718 美元, 本地止损: 未设置
2026-01-25 13:21:07 [INFO]    >>> [AI 动态调整] MOVE_SL: Existing STOP loss price remains appropriate based on no significant pullback signals
2026-01-25 13:21:09 [WARNING]    [警告] 交易所止损设置失败 (尝试 1/5)，等待 2秒后重试...
2026-01-25 13:21:12 [WARNING]    [警告] 交易所止损设置失败 (尝试 2/5)，等待 2秒后重试...
2026-01-25 13:21:15 [INFO]    [成功] 交易所止损单已设置 (STOP_MARKET, 触发价: 0.19084)
2026-01-25 13:21:15 [ERROR] 【异常】发生错误: name 'df_analyzed' is not defined
2026-01-25 13:21:15 [ERROR] Traceback (most recent call last):
  File "E:\量化\bxm40\manager\bot_manager.py", line 60, in run
    is_holding = self.position_manager.sync_and_audit_positions()
  File "E:\量化\bxm40\strategy\position_manager.py", line 53, in sync_and_audit_positions
    self._audit_single_position(p)
    ~~~~~~~~~~~~~~~~~~~~~~~~~~~^^^
  File "E:\量化\bxm40\strategy\position_manager.py", line 132, in _audit_single_position
    self.check_trailing_stop(p, current_price, current_atr, ai_sl)
    ~~~~~~~~~~~~~~~~~~~~~~~~^^^^^^^^^^^^^^^^^^^^^^^^^^^^^^^^^^^^^^
  File "E:\量化\bxm40\strategy\position_manager.py", line 353, in check_trailing_stop
    trend_1m = self.analyzer.get_trend_bias(df_analyzed)
                                            ^^^^^^^^^^^
NameError: name 'df_analyzed' is not defined

2026-01-25 13:21:15 [INFO] >>> 系统将自动重试...
2026-01-25 13:21:20 [INFO] === 开始新一轮扫描 ===
2026-01-25 13:21:20 [INFO] === 开始持仓巡检 ===
2026-01-25 13:21:21 [INFO] >>> 当前持有 1 个仓位:
2026-01-25 13:21:21 [INFO]    ACUUSDT (空): 数量 -393.0, 浮盈亏 -0.58164 美元, 本地止损: 未设置
2026-01-25 13:21:32 [INFO]    >>> [AI 动态调整] MOVE_SL: 当前止损价与1H级别MA20（0.200971）距离过大，调整为更接近当前价的合理止损位（布林上轨0.222724明显过远，选择保留10倍杠杆下的风险空间）
2026-01-25 13:21:35 [INFO]    [成功] 交易所止损单已设置 (STOP_MARKET, 触发价: 0.19084)
2026-01-25 13:21:35 [ERROR] 【异常】发生错误: name 'df_analyzed' is not defined
2026-01-25 13:21:35 [ERROR] Traceback (most recent call last):
  File "E:\量化\bxm40\manager\bot_manager.py", line 60, in run
    is_holding = self.position_manager.sync_and_audit_positions()
  File "E:\量化\bxm40\strategy\position_manager.py", line 53, in sync_and_audit_positions
    self._audit_single_position(p)
    ~~~~~~~~~~~~~~~~~~~~~~~~~~~^^^
  File "E:\量化\bxm40\strategy\position_manager.py", line 132, in _audit_single_position
    self.check_trailing_stop(p, current_price, current_atr, ai_sl)
    ~~~~~~~~~~~~~~~~~~~~~~~~^^^^^^^^^^^^^^^^^^^^^^^^^^^^^^^^^^^^^^
  File "E:\量化\bxm40\strategy\position_manager.py", line 353, in check_trailing_stop
    trend_1m = self.analyzer.get_trend_bias(df_analyzed)
                                            ^^^^^^^^^^^
NameError: name 'df_analyzed' is not defined

2026-01-25 13:21:35 [INFO] >>> 系统将自动重试...
2026-01-25 13:21:40 [INFO] === 开始新一轮扫描 ===
2026-01-25 13:21:40 [INFO] === 开始持仓巡检 ===
2026-01-25 13:21:41 [INFO] >>> 当前持有 1 个仓位:
2026-01-25 13:21:41 [INFO]    ACUUSDT (空): 数量 -393.0, 浮盈亏 -0.39932337 美元, 本地止损: 未设置
2026-01-25 13:21:55 [INFO]    >>> [AI 动态调整] NONE: 当前止损位已设置在合理位置（1H级别关键阻力位），无需调整
2026-01-25 13:21:56 [ERROR] 【异常】发生错误: name 'df_analyzed' is not defined
2026-01-25 13:21:56 [ERROR] Traceback (most recent call last):
  File "E:\量化\bxm40\manager\bot_manager.py", line 60, in run
    is_holding = self.position_manager.sync_and_audit_positions()
  File "E:\量化\bxm40\strategy\position_manager.py", line 53, in sync_and_audit_positions
    self._audit_single_position(p)
    ~~~~~~~~~~~~~~~~~~~~~~~~~~~^^^
  File "E:\量化\bxm40\strategy\position_manager.py", line 132, in _audit_single_position
    self.check_trailing_stop(p, current_price, current_atr, ai_sl)
    ~~~~~~~~~~~~~~~~~~~~~~~~^^^^^^^^^^^^^^^^^^^^^^^^^^^^^^^^^^^^^^
  File "E:\量化\bxm40\strategy\position_manager.py", line 353, in check_trailing_stop
    trend_1m = self.analyzer.get_trend_bias(df_analyzed)
                                            ^^^^^^^^^^^
NameError: name 'df_analyzed' is not defined

2026-01-25 13:21:56 [INFO] >>> 系统将自动重试...
2026-01-25 13:22:01 [INFO] === 开始新一轮扫描 ===
2026-01-25 13:22:01 [INFO] === 开始持仓巡检 ===
2026-01-25 13:22:02 [INFO] >>> 当前持有 1 个仓位:
2026-01-25 13:22:02 [INFO]    ACUUSDT (空): 数量 -393.0, 浮盈亏 0.10895532 美元, 本地止损: 未设置
2026-01-25 13:22:11 [INFO]    >>> [AI 动态调整] MOVE_SL: 基于当前1H级别布林上轨(0.222862)和MA20(0.200880)分析，建议将止损位上移至接近MA20的价格，当前止损价0.1908400足够覆盖波动空间
2026-01-25 13:22:13 [INFO]    [成功] 交易所止损单已设置 (STOP_MARKET, 触发价: 0.19084)
2026-01-25 13:22:14 [ERROR] 【异常】发生错误: name 'df_analyzed' is not defined
2026-01-25 13:22:14 [ERROR] Traceback (most recent call last):
  File "E:\量化\bxm40\manager\bot_manager.py", line 60, in run
    is_holding = self.position_manager.sync_and_audit_positions()
  File "E:\量化\bxm40\strategy\position_manager.py", line 53, in sync_and_audit_positions
    self._audit_single_position(p)
    ~~~~~~~~~~~~~~~~~~~~~~~~~~~^^^
  File "E:\量化\bxm40\strategy\position_manager.py", line 132, in _audit_single_position
    self.check_trailing_stop(p, current_price, current_atr, ai_sl)
    ~~~~~~~~~~~~~~~~~~~~~~~~^^^^^^^^^^^^^^^^^^^^^^^^^^^^^^^^^^^^^^
  File "E:\量化\bxm40\strategy\position_manager.py", line 353, in check_trailing_stop
    trend_1m = self.analyzer.get_trend_bias(df_analyzed)
                                            ^^^^^^^^^^^
NameError: name 'df_analyzed' is not defined

2026-01-25 13:22:14 [INFO] >>> 系统将自动重试...
2026-01-25 13:22:19 [INFO] === 开始新一轮扫描 ===
2026-01-25 13:22:19 [INFO] === 开始持仓巡检 ===
2026-01-25 13:22:20 [INFO] >>> 当前持有 1 个仓位:
2026-01-25 13:22:20 [INFO]    ACUUSDT (空): 数量 -393.0, 浮盈亏 0.25545 美元, 本地止损: 未设置
2026-01-25 13:22:28 [INFO]    >>> [AI 动态调整] MOVE_SL: 将止损调整至现价上方1H级别MA20(0.2008)与当前挂单价(0.19084)之间的风险可控位置
2026-01-25 13:22:31 [INFO]    [成功] 交易所止损单已设置 (STOP Limit, 触发价: 0.19084)
2026-01-25 13:22:32 [ERROR] 【异常】发生错误: name 'df_analyzed' is not defined
2026-01-25 13:22:32 [ERROR] Traceback (most recent call last):
  File "E:\量化\bxm40\manager\bot_manager.py", line 60, in run
    is_holding = self.position_manager.sync_and_audit_positions()
  File "E:\量化\bxm40\strategy\position_manager.py", line 53, in sync_and_audit_positions
    self._audit_single_position(p)
    ~~~~~~~~~~~~~~~~~~~~~~~~~~~^^^
  File "E:\量化\bxm40\strategy\position_manager.py", line 132, in _audit_single_position
    self.check_trailing_stop(p, current_price, current_atr, ai_sl)
    ~~~~~~~~~~~~~~~~~~~~~~~~^^^^^^^^^^^^^^^^^^^^^^^^^^^^^^^^^^^^^^
  File "E:\量化\bxm40\strategy\position_manager.py", line 353, in check_trailing_stop
    trend_1m = self.analyzer.get_trend_bias(df_analyzed)
                                            ^^^^^^^^^^^
NameError: name 'df_analyzed' is not defined

2026-01-25 13:22:32 [INFO] >>> 系统将自动重试...
2026-01-25 13:22:37 [INFO] === 开始新一轮扫描 ===
2026-01-25 13:22:37 [INFO] === 开始持仓巡检 ===
2026-01-25 13:22:37 [INFO] >>> 当前持有 1 个仓位:
2026-01-25 13:22:37 [INFO]    ACUUSDT (空): 数量 -393.0, 浮盈亏 0.29868 美元, 本地止损: 未设置
2026-01-25 13:22:46 [INFO]    >>> [AI 动态调整] NONE: 现有止损位1H级别MA20下方(0.19084)设置合理，无需调整
2026-01-25 13:22:46 [ERROR] 【异常】发生错误: name 'df_analyzed' is not defined
2026-01-25 13:22:46 [ERROR] Traceback (most recent call last):
  File "E:\量化\bxm40\manager\bot_manager.py", line 60, in run
    is_holding = self.position_manager.sync_and_audit_positions()
  File "E:\量化\bxm40\strategy\position_manager.py", line 53, in sync_and_audit_positions
    self._audit_single_position(p)
    ~~~~~~~~~~~~~~~~~~~~~~~~~~~^^^
  File "E:\量化\bxm40\strategy\position_manager.py", line 132, in _audit_single_position
    self.check_trailing_stop(p, current_price, current_atr, ai_sl)
    ~~~~~~~~~~~~~~~~~~~~~~~~^^^^^^^^^^^^^^^^^^^^^^^^^^^^^^^^^^^^^^
  File "E:\量化\bxm40\strategy\position_manager.py", line 353, in check_trailing_stop
    trend_1m = self.analyzer.get_trend_bias(df_analyzed)
                                            ^^^^^^^^^^^
NameError: name 'df_analyzed' is not defined

2026-01-25 13:22:46 [INFO] >>> 系统将自动重试...
2026-01-25 13:22:51 [INFO] === 开始新一轮扫描 ===
2026-01-25 13:22:51 [INFO] === 开始持仓巡检 ===
2026-01-25 13:22:52 [INFO] >>> 当前持有 1 个仓位:
2026-01-25 13:22:52 [INFO]    ACUUSDT (空): 数量 -393.0, 浮盈亏 0.56473707 美元, 本地止损: 未设置
2026-01-25 13:23:05 [INFO]    >>> [AI 动态调整] NONE: 当前止损价（0.19084）已合理设置在1小时级别MA20（0.2008095）下方，无需调整
2026-01-25 13:23:05 [ERROR] 【异常】发生错误: name 'df_analyzed' is not defined
2026-01-25 13:23:05 [ERROR] Traceback (most recent call last):
  File "E:\量化\bxm40\manager\bot_manager.py", line 60, in run
    is_holding = self.position_manager.sync_and_audit_positions()
  File "E:\量化\bxm40\strategy\position_manager.py", line 53, in sync_and_audit_positions
    self._audit_single_position(p)
    ~~~~~~~~~~~~~~~~~~~~~~~~~~~^^^
  File "E:\量化\bxm40\strategy\position_manager.py", line 132, in _audit_single_position
    self.check_trailing_stop(p, current_price, current_atr, ai_sl)
    ~~~~~~~~~~~~~~~~~~~~~~~~^^^^^^^^^^^^^^^^^^^^^^^^^^^^^^^^^^^^^^
  File "E:\量化\bxm40\strategy\position_manager.py", line 353, in check_trailing_stop
    trend_1m = self.analyzer.get_trend_bias(df_analyzed)
                                            ^^^^^^^^^^^
NameError: name 'df_analyzed' is not defined

2026-01-25 13:23:05 [INFO] >>> 系统将自动重试...
2026-01-25 13:23:10 [INFO] === 开始新一轮扫描 ===
2026-01-25 13:23:10 [INFO] === 开始持仓巡检 ===
2026-01-25 13:23:12 [INFO] >>> 当前持有 1 个仓位:
2026-01-25 13:23:12 [INFO]    ACUUSDT (空): 数量 -393.0, 浮盈亏 0.52662 美元, 本地止损: 未设置
2026-01-25 13:23:22 [INFO]    >>> [AI 动态调整] SET_SL: 当前止损价0.1908400合理（略高于1H MA20 0.2008），但需确认是否为手动设置。若无止损则强制设置在此价位
2026-01-25 13:23:25 [INFO]    [成功] 交易所止损单已设置 (STOP Limit, 触发价: 0.19084)
2026-01-25 13:23:25 [ERROR] 【异常】发生错误: name 'df_analyzed' is not defined
2026-01-25 13:23:25 [ERROR] Traceback (most recent call last):
  File "E:\量化\bxm40\manager\bot_manager.py", line 60, in run
    is_holding = self.position_manager.sync_and_audit_positions()
  File "E:\量化\bxm40\strategy\position_manager.py", line 53, in sync_and_audit_positions
    self._audit_single_position(p)
    ~~~~~~~~~~~~~~~~~~~~~~~~~~~^^^
  File "E:\量化\bxm40\strategy\position_manager.py", line 132, in _audit_single_position
    self.check_trailing_stop(p, current_price, current_atr, ai_sl)
    ~~~~~~~~~~~~~~~~~~~~~~~~^^^^^^^^^^^^^^^^^^^^^^^^^^^^^^^^^^^^^^
  File "E:\量化\bxm40\strategy\position_manager.py", line 353, in check_trailing_stop
    trend_1m = self.analyzer.get_trend_bias(df_analyzed)
                                            ^^^^^^^^^^^
NameError: name 'df_analyzed' is not defined

2026-01-25 13:23:25 [INFO] >>> 系统将自动重试...
2026-01-25 13:23:30 [INFO] === 开始新一轮扫描 ===
2026-01-25 13:23:30 [INFO] === 开始持仓巡检 ===
2026-01-25 13:23:32 [INFO] >>> 当前持有 1 个仓位:
2026-01-25 13:23:32 [INFO]    ACUUSDT (空): 数量 -393.0, 浮盈亏 0.52269 美元, 本地止损: 未设置
2026-01-25 13:23:45 [INFO]    >>> [AI 动态调整] MOVE_SL: 采用当前存在的止损单价格(0.1908400)，该价位接近布林上轨(0.19084>0.19084)，符合技术止损原则
2026-01-25 13:23:49 [WARNING]    [警告] 交易所止损设置失败 (尝试 1/5)，等待 2秒后重试...
2026-01-25 13:23:51 [WARNING]    [警告] 交易所止损设置失败 (尝试 2/5)，等待 2秒后重试...
2026-01-25 13:23:54 [INFO]    [成功] 交易所止损单已设置 (STOP_MARKET, 触发价: 0.19084)
2026-01-25 13:23:54 [ERROR] 【异常】发生错误: name 'df_analyzed' is not defined
2026-01-25 13:23:54 [ERROR] Traceback (most recent call last):
  File "E:\量化\bxm40\manager\bot_manager.py", line 60, in run
    is_holding = self.position_manager.sync_and_audit_positions()
  File "E:\量化\bxm40\strategy\position_manager.py", line 53, in sync_and_audit_positions
    self._audit_single_position(p)
    ~~~~~~~~~~~~~~~~~~~~~~~~~~~^^^
  File "E:\量化\bxm40\strategy\position_manager.py", line 132, in _audit_single_position
    self.check_trailing_stop(p, current_price, current_atr, ai_sl)
    ~~~~~~~~~~~~~~~~~~~~~~~~^^^^^^^^^^^^^^^^^^^^^^^^^^^^^^^^^^^^^^
  File "E:\量化\bxm40\strategy\position_manager.py", line 353, in check_trailing_stop
    trend_1m = self.analyzer.get_trend_bias(df_analyzed)
                                            ^^^^^^^^^^^
NameError: name 'df_analyzed' is not defined

2026-01-25 13:23:54 [INFO] >>> 系统将自动重试...
2026-01-25 13:23:59 [INFO] === 开始新一轮扫描 ===
2026-01-25 13:23:59 [INFO] === 开始持仓巡检 ===
2026-01-25 13:24:01 [INFO] >>> 当前持有 1 个仓位:
2026-01-25 13:24:01 [INFO]    ACUUSDT (空): 数量 -393.0, 浮盈亏 0.4339113 美元, 本地止损: 未设置
2026-01-25 13:24:19 [INFO]    >>> [AI 动态调整] MOVE_SL: 根据1H大周期趋势，当前止损价（0.1908400）合理地位于布林中轨（0.20083）下方，建议保持该止损位置以防范趋势反转风险
2026-01-25 13:24:21 [INFO]    [成功] 交易所止损单已设置 (STOP_MARKET, 触发价: 0.19084)
2026-01-25 13:24:22 [ERROR] 【异常】发生错误: name 'df_analyzed' is not defined
2026-01-25 13:24:22 [ERROR] Traceback (most recent call last):
  File "E:\量化\bxm40\manager\bot_manager.py", line 60, in run
    is_holding = self.position_manager.sync_and_audit_positions()
  File "E:\量化\bxm40\strategy\position_manager.py", line 53, in sync_and_audit_positions
    self._audit_single_position(p)
    ~~~~~~~~~~~~~~~~~~~~~~~~~~~^^^
  File "E:\量化\bxm40\strategy\position_manager.py", line 132, in _audit_single_position
    self.check_trailing_stop(p, current_price, current_atr, ai_sl)
    ~~~~~~~~~~~~~~~~~~~~~~~~^^^^^^^^^^^^^^^^^^^^^^^^^^^^^^^^^^^^^^
  File "E:\量化\bxm40\strategy\position_manager.py", line 353, in check_trailing_stop
    trend_1m = self.analyzer.get_trend_bias(df_analyzed)
                                            ^^^^^^^^^^^
NameError: name 'df_analyzed' is not defined

2026-01-25 13:24:22 [INFO] >>> 系统将自动重试...
2026-01-25 13:24:27 [INFO] === 开始新一轮扫描 ===
2026-01-25 13:24:27 [INFO] === 开始持仓巡检 ===
2026-01-25 13:24:28 [INFO] >>> 当前持有 1 个仓位:
2026-01-25 13:24:28 [INFO]    ACUUSDT (空): 数量 -393.0, 浮盈亏 0.36942 美元, 本地止损: 未设置
2026-01-25 13:24:39 [INFO]    >>> [AI 动态调整] SET_SL: 基于当前设置的止损价已经合理（接近1H级别MA20价格0.2008和布林上轨0.2229），无需调整
2026-01-25 13:24:42 [INFO]    [成功] 交易所止损单已设置 (STOP Limit, 触发价: 0.19084)
2026-01-25 13:24:43 [ERROR] 【异常】发生错误: name 'df_analyzed' is not defined
2026-01-25 13:24:43 [ERROR] Traceback (most recent call last):
  File "E:\量化\bxm40\manager\bot_manager.py", line 60, in run
    is_holding = self.position_manager.sync_and_audit_positions()
  File "E:\量化\bxm40\strategy\position_manager.py", line 53, in sync_and_audit_positions
    self._audit_single_position(p)
    ~~~~~~~~~~~~~~~~~~~~~~~~~~~^^^
  File "E:\量化\bxm40\strategy\position_manager.py", line 132, in _audit_single_position
    self.check_trailing_stop(p, current_price, current_atr, ai_sl)
    ~~~~~~~~~~~~~~~~~~~~~~~~^^^^^^^^^^^^^^^^^^^^^^^^^^^^^^^^^^^^^^
  File "E:\量化\bxm40\strategy\position_manager.py", line 353, in check_trailing_stop
    trend_1m = self.analyzer.get_trend_bias(df_analyzed)
                                            ^^^^^^^^^^^
NameError: name 'df_analyzed' is not defined

2026-01-25 13:24:43 [INFO] >>> 系统将自动重试...
2026-01-25 13:24:48 [INFO] === 开始新一轮扫描 ===
2026-01-25 13:24:48 [INFO] === 开始持仓巡检 ===
2026-01-25 13:24:50 [INFO] >>> 当前持有 1 个仓位:
2026-01-25 13:24:50 [INFO]    ACUUSDT (空): 数量 -393.0, 浮盈亏 0.45588 美元, 本地止损: 未设置
2026-01-25 13:25:06 [INFO]    >>> [AI 动态调整] SET_SL: 当前止损单设置在合理位置（接近1H级别的MA20和布林中轨压力位），无需调整。但由于缺失关键支撑压力数据，采用当前挂单的STOP BUY价作为技术止损点。
2026-01-25 13:25:09 [INFO]    [成功] 交易所止损单已设置 (STOP Limit, 触发价: 0.19084)
2026-01-25 13:25:09 [ERROR] 【异常】发生错误: name 'df_analyzed' is not defined
2026-01-25 13:25:09 [ERROR] Traceback (most recent call last):
  File "E:\量化\bxm40\manager\bot_manager.py", line 60, in run
    is_holding = self.position_manager.sync_and_audit_positions()
  File "E:\量化\bxm40\strategy\position_manager.py", line 53, in sync_and_audit_positions
    self._audit_single_position(p)
    ~~~~~~~~~~~~~~~~~~~~~~~~~~~^^^
  File "E:\量化\bxm40\strategy\position_manager.py", line 132, in _audit_single_position
    self.check_trailing_stop(p, current_price, current_atr, ai_sl)
    ~~~~~~~~~~~~~~~~~~~~~~~~^^^^^^^^^^^^^^^^^^^^^^^^^^^^^^^^^^^^^^
  File "E:\量化\bxm40\strategy\position_manager.py", line 353, in check_trailing_stop
    trend_1m = self.analyzer.get_trend_bias(df_analyzed)
                                            ^^^^^^^^^^^
NameError: name 'df_analyzed' is not defined

2026-01-25 13:25:09 [INFO] >>> 系统将自动重试...
2026-01-25 13:25:14 [INFO] === 开始新一轮扫描 ===
2026-01-25 13:25:14 [INFO] === 开始持仓巡检 ===
2026-01-25 13:25:16 [INFO] >>> 当前持有 1 个仓位:
2026-01-25 13:25:16 [INFO]    ACUUSDT (空): 数量 -393.0, 浮盈亏 1.05434826 美元, 本地止损: 未设置
2026-01-25 13:25:26 [INFO]    >>> [AI 动态调整] MOVE_SL: Current STOP order aligns with 1H Bollinger upper band resistance (0.19084 is slightly below MA20@0.2007)
2026-01-25 13:25:29 [WARNING]    [警告] 交易所止损设置失败 (尝试 1/5)，等待 2秒后重试...
2026-01-25 13:25:32 [INFO]    [成功] 交易所止损单已设置 (STOP_MARKET, 触发价: 0.19084)
2026-01-25 13:25:32 [ERROR] 【异常】发生错误: name 'df_analyzed' is not defined
2026-01-25 13:25:32 [ERROR] Traceback (most recent call last):
  File "E:\量化\bxm40\manager\bot_manager.py", line 60, in run
    is_holding = self.position_manager.sync_and_audit_positions()
  File "E:\量化\bxm40\strategy\position_manager.py", line 53, in sync_and_audit_positions
    self._audit_single_position(p)
    ~~~~~~~~~~~~~~~~~~~~~~~~~~~^^^
  File "E:\量化\bxm40\strategy\position_manager.py", line 132, in _audit_single_position
    self.check_trailing_stop(p, current_price, current_atr, ai_sl)
    ~~~~~~~~~~~~~~~~~~~~~~~~^^^^^^^^^^^^^^^^^^^^^^^^^^^^^^^^^^^^^^
  File "E:\量化\bxm40\strategy\position_manager.py", line 353, in check_trailing_stop
    trend_1m = self.analyzer.get_trend_bias(df_analyzed)
                                            ^^^^^^^^^^^
NameError: name 'df_analyzed' is not defined

2026-01-25 13:25:32 [INFO] >>> 系统将自动重试...
2026-01-25 13:25:37 [INFO] === 开始新一轮扫描 ===
2026-01-25 13:25:37 [INFO] === 开始持仓巡检 ===
2026-01-25 13:25:38 [INFO] >>> 当前持有 1 个仓位:
2026-01-25 13:25:38 [INFO]    ACUUSDT (空): 数量 -393.0, 浮盈亏 0.90164418 美元, 本地止损: 未设置
2026-01-25 13:25:56 [INFO]    >>> [AI 动态调整] MOVE_SL: 当前止损价(0.19084)符合1H级别MA20(0.2008)前高压力位，建议保持但需监控资金流向反转
2026-01-25 13:25:58 [INFO]    [成功] 交易所止损单已设置 (STOP_MARKET, 触发价: 0.19084)
2026-01-25 13:25:59 [ERROR] 【异常】发生错误: name 'df_analyzed' is not defined
2026-01-25 13:25:59 [ERROR] Traceback (most recent call last):
  File "E:\量化\bxm40\manager\bot_manager.py", line 60, in run
    is_holding = self.position_manager.sync_and_audit_positions()
  File "E:\量化\bxm40\strategy\position_manager.py", line 53, in sync_and_audit_positions
    self._audit_single_position(p)
    ~~~~~~~~~~~~~~~~~~~~~~~~~~~^^^
  File "E:\量化\bxm40\strategy\position_manager.py", line 132, in _audit_single_position
    self.check_trailing_stop(p, current_price, current_atr, ai_sl)
    ~~~~~~~~~~~~~~~~~~~~~~~~^^^^^^^^^^^^^^^^^^^^^^^^^^^^^^^^^^^^^^
  File "E:\量化\bxm40\strategy\position_manager.py", line 353, in check_trailing_stop
    trend_1m = self.analyzer.get_trend_bias(df_analyzed)
                                            ^^^^^^^^^^^
NameError: name 'df_analyzed' is not defined

2026-01-25 13:25:59 [INFO] >>> 系统将自动重试...
2026-01-25 13:26:04 [INFO] === 开始新一轮扫描 ===
2026-01-25 13:26:04 [INFO] === 开始持仓巡检 ===
2026-01-25 13:26:06 [INFO] >>> 当前持有 1 个仓位:
2026-01-25 13:26:06 [INFO]    ACUUSDT (空): 数量 -393.0, 浮盈亏 0.7467 美元, 本地止损: 未设置
2026-01-25 13:26:21 [INFO]    >>> [AI 动态调整] MOVE_SL: 1H大周期布林上轨(0.2230)距离较远，MA20(0.2008)为重要阻力位，止损设在当前挂单STOP_MARKET价位下方50个点
2026-01-25 13:26:24 [WARNING]    [警告] 交易所止损设置失败 (尝试 1/5)，等待 2秒后重试...
2026-01-25 13:26:27 [WARNING]    [警告] 交易所止损设置失败 (尝试 2/5)，等待 2秒后重试...
2026-01-25 13:26:29 [WARNING]    [警告] 交易所止损设置失败 (尝试 3/5)，等待 2秒后重试...
2026-01-25 13:26:32 [WARNING]    [警告] 交易所止损设置失败 (尝试 4/5)，等待 2秒后重试...
2026-01-25 13:26:35 [WARNING]    [警告] 交易所止损设置失败 (尝试 5/5)，等待 2秒后重试...
2026-01-25 13:26:37 [ERROR]    [严重错误] 交易所止损设置最终失败 (已重试5次)！请手动检查！
2026-01-25 13:26:37 [INFO] >>>【移动止损】ACUUSDT 初始止损采用 AI 建议值: 0.19084
2026-01-25 13:26:39 [INFO]    [成功] 交易所止损单已设置 (STOP_MARKET, 触发价: 0.19084)
2026-01-25 13:26:39 [INFO] >>> [策略限制] 持仓中，暂停开新仓
2026-01-25 13:27:39 [INFO] === 开始新一轮扫描 ===
2026-01-25 13:27:39 [INFO] === 开始持仓巡检 ===
2026-01-25 13:27:40 [INFO] >>> 当前持有 1 个仓位:
2026-01-25 13:27:40 [INFO]    ACUUSDT (空): 数量 -393.0, 浮盈亏 0.45981 美元, 本地止损: 未设置
2026-01-25 13:27:48 [INFO]    >>> [AI 动态调整] SET_SL: 参考1H级别MA20作为关键压力位设置止损
2026-01-25 13:27:51 [INFO]    [成功] 交易所止损单已设置 (STOP Limit, 触发价: 0.19084)
2026-01-25 13:27:51 [ERROR] 【异常】发生错误: name 'df_analyzed' is not defined
2026-01-25 13:27:51 [ERROR] Traceback (most recent call last):
  File "E:\量化\bxm40\manager\bot_manager.py", line 60, in run
    is_holding = self.position_manager.sync_and_audit_positions()
  File "E:\量化\bxm40\strategy\position_manager.py", line 53, in sync_and_audit_positions
    self._audit_single_position(p)
    ~~~~~~~~~~~~~~~~~~~~~~~~~~~^^^
  File "E:\量化\bxm40\strategy\position_manager.py", line 132, in _audit_single_position
    self.check_trailing_stop(p, current_price, current_atr, ai_sl)
    ~~~~~~~~~~~~~~~~~~~~~~~~^^^^^^^^^^^^^^^^^^^^^^^^^^^^^^^^^^^^^^
  File "E:\量化\bxm40\strategy\position_manager.py", line 353, in check_trailing_stop
    trend_1m = self.analyzer.get_trend_bias(df_analyzed)
                                            ^^^^^^^^^^^
NameError: name 'df_analyzed' is not defined

2026-01-25 13:27:51 [INFO] >>> 系统将自动重试...
2026-01-25 13:27:56 [INFO] === 开始新一轮扫描 ===
2026-01-25 13:27:56 [INFO] === 开始持仓巡检 ===
2026-01-25 13:27:57 [INFO] >>> 当前持有 1 个仓位:
2026-01-25 13:27:57 [INFO]    ACUUSDT (空): 数量 -393.0, 浮盈亏 0.08253 美元, 本地止损: 未设置
2026-01-25 13:28:10 [INFO]    >>> [AI 动态调整] MOVE_SL: Adjusting stop loss to current resistance level based on 1H Bollinger upper band (0.19084 aligns with this technical resistance)
2026-01-25 13:28:13 [WARNING]    [警告] 交易所止损设置失败 (尝试 1/5)，等待 2秒后重试...
2026-01-25 13:28:16 [INFO]    [成功] 交易所止损单已设置 (STOP_MARKET, 触发价: 0.19084)
2026-01-25 13:28:16 [ERROR] 【异常】发生错误: name 'df_analyzed' is not defined
2026-01-25 13:28:16 [ERROR] Traceback (most recent call last):
  File "E:\量化\bxm40\manager\bot_manager.py", line 60, in run
    is_holding = self.position_manager.sync_and_audit_positions()
  File "E:\量化\bxm40\strategy\position_manager.py", line 53, in sync_and_audit_positions
    self._audit_single_position(p)
    ~~~~~~~~~~~~~~~~~~~~~~~~~~~^^^
  File "E:\量化\bxm40\strategy\position_manager.py", line 132, in _audit_single_position
    self.check_trailing_stop(p, current_price, current_atr, ai_sl)
    ~~~~~~~~~~~~~~~~~~~~~~~~^^^^^^^^^^^^^^^^^^^^^^^^^^^^^^^^^^^^^^
  File "E:\量化\bxm40\strategy\position_manager.py", line 353, in check_trailing_stop
    trend_1m = self.analyzer.get_trend_bias(df_analyzed)
                                            ^^^^^^^^^^^
NameError: name 'df_analyzed' is not defined

2026-01-25 13:28:16 [INFO] >>> 系统将自动重试...
2026-01-25 13:28:21 [INFO] === 开始新一轮扫描 ===
2026-01-25 13:28:21 [INFO] === 开始持仓巡检 ===
2026-01-25 13:28:22 [INFO] >>> 当前持有 1 个仓位:
2026-01-25 13:28:22 [INFO]    ACUUSDT (空): 数量 -393.0, 浮盈亏 0.06703401 美元, 本地止损: 未设置
2026-01-25 13:28:34 [INFO]    >>> [AI 动态调整] MOVE_SL: 当前止损设置在0.19084距离现价过远(约2.5%)，建议下移至1H级别MA20(0.20087)与当前价格中间值附近保护利润
2026-01-25 13:28:37 [WARNING]    [警告] 交易所止损设置失败 (尝试 1/5)，等待 2秒后重试...
2026-01-25 13:28:39 [WARNING]    [警告] 交易所止损设置失败 (尝试 2/5)，等待 2秒后重试...
2026-01-25 13:28:42 [WARNING]    [警告] 交易所止损设置失败 (尝试 3/5)，等待 2秒后重试...
2026-01-25 13:28:45 [WARNING]    [警告] 交易所止损设置失败 (尝试 4/5)，等待 2秒后重试...
2026-01-25 13:28:48 [WARNING]    [警告] 交易所止损设置失败 (尝试 5/5)，等待 2秒后重试...
2026-01-25 13:28:50 [ERROR]    [严重错误] 交易所止损设置最终失败 (已重试5次)！请手动检查！
2026-01-25 13:28:50 [INFO] >>>【移动止损】ACUUSDT 初始止损采用 AI 建议值: 0.19084
2026-01-25 13:28:51 [WARNING]    [警告] 交易所止损设置失败 (尝试 1/5)，等待 2秒后重试...
2026-01-25 13:28:54 [INFO]    [成功] 交易所止损单已设置 (STOP Limit, 触发价: 0.19084)
2026-01-25 13:28:54 [INFO] >>> [策略限制] 持仓中，暂停开新仓
2026-01-25 13:29:54 [INFO] === 开始新一轮扫描 ===
2026-01-25 13:29:54 [INFO] === 开始持仓巡检 ===
2026-01-25 13:29:56 [INFO] >>> 当前持有 1 个仓位:
2026-01-25 13:29:56 [INFO]    ACUUSDT (空): 数量 -393.0, 浮盈亏 0.42489588 美元, 本地止损: 未设置
2026-01-25 13:30:13 [INFO]    >>> [AI 动态调整] SET_SL: 1H布林上轨0.2229距离较远，以MA20(0.200834)为参考设置保守止损。当前止损0.19084太接近现价，建议上移至0.1910以过滤短期反弹（比MA20低约5%）
2026-01-25 13:30:15 [INFO]    [成功] 交易所止损单已设置 (STOP Limit, 触发价: 0.191)
2026-01-25 13:30:16 [ERROR] 【异常】发生错误: name 'df_analyzed' is not defined
2026-01-25 13:30:16 [ERROR] Traceback (most recent call last):
  File "E:\量化\bxm40\manager\bot_manager.py", line 60, in run
    is_holding = self.position_manager.sync_and_audit_positions()
  File "E:\量化\bxm40\strategy\position_manager.py", line 53, in sync_and_audit_positions
    self._audit_single_position(p)
    ~~~~~~~~~~~~~~~~~~~~~~~~~~~^^^
  File "E:\量化\bxm40\strategy\position_manager.py", line 132, in _audit_single_position
    self.check_trailing_stop(p, current_price, current_atr, ai_sl)
    ~~~~~~~~~~~~~~~~~~~~~~~~^^^^^^^^^^^^^^^^^^^^^^^^^^^^^^^^^^^^^^
  File "E:\量化\bxm40\strategy\position_manager.py", line 353, in check_trailing_stop
    trend_1m = self.analyzer.get_trend_bias(df_analyzed)
                                            ^^^^^^^^^^^
NameError: name 'df_analyzed' is not defined

2026-01-25 13:30:16 [INFO] >>> 系统将自动重试...
2026-01-25 13:30:21 [INFO] === 开始新一轮扫描 ===
2026-01-25 13:30:21 [INFO] === 开始持仓巡检 ===
2026-01-25 13:30:21 [INFO] >>> 当前持有 1 个仓位:
2026-01-25 13:30:21 [INFO]    ACUUSDT (空): 数量 -393.0, 浮盈亏 0.52662 美元, 本地止损: 未设置
2026-01-25 13:30:32 [INFO]    >>> [AI 动态调整] NONE: 已设置合理止损单（0.1910），符合1H级别的关键技术位
2026-01-25 13:30:33 [ERROR] 【异常】发生错误: name 'df_analyzed' is not defined
2026-01-25 13:30:33 [ERROR] Traceback (most recent call last):
  File "E:\量化\bxm40\manager\bot_manager.py", line 60, in run
    is_holding = self.position_manager.sync_and_audit_positions()
  File "E:\量化\bxm40\strategy\position_manager.py", line 53, in sync_and_audit_positions
    self._audit_single_position(p)
    ~~~~~~~~~~~~~~~~~~~~~~~~~~~^^^
  File "E:\量化\bxm40\strategy\position_manager.py", line 132, in _audit_single_position
    self.check_trailing_stop(p, current_price, current_atr, ai_sl)
    ~~~~~~~~~~~~~~~~~~~~~~~~^^^^^^^^^^^^^^^^^^^^^^^^^^^^^^^^^^^^^^
  File "E:\量化\bxm40\strategy\position_manager.py", line 353, in check_trailing_stop
    trend_1m = self.analyzer.get_trend_bias(df_analyzed)
                                            ^^^^^^^^^^^
NameError: name 'df_analyzed' is not defined

2026-01-25 13:30:33 [INFO] >>> 系统将自动重试...
2026-01-25 13:30:38 [INFO] === 开始新一轮扫描 ===
2026-01-25 13:30:38 [INFO] === 开始持仓巡检 ===
2026-01-25 13:30:38 [INFO] >>> 当前持有 1 个仓位:
2026-01-25 13:30:38 [INFO]    ACUUSDT (空): 数量 -393.0, 浮盈亏 0.6463671 美元, 本地止损: 未设置
2026-01-25 13:30:44 [INFO]    >>> [AI 动态调整] SET_SL: 设置止损于1H级别的关键压力位上方
2026-01-25 13:30:47 [WARNING]    [警告] 交易所止损设置失败 (尝试 1/5)，等待 2秒后重试...
2026-01-25 13:30:49 [INFO]    [成功] 交易所止损单已设置 (STOP Limit, 触发价: 0.1915)
2026-01-25 13:30:50 [ERROR] 【异常】发生错误: name 'df_analyzed' is not defined
2026-01-25 13:30:50 [ERROR] Traceback (most recent call last):
  File "E:\量化\bxm40\manager\bot_manager.py", line 60, in run
    is_holding = self.position_manager.sync_and_audit_positions()
  File "E:\量化\bxm40\strategy\position_manager.py", line 53, in sync_and_audit_positions
    self._audit_single_position(p)
    ~~~~~~~~~~~~~~~~~~~~~~~~~~~^^^
  File "E:\量化\bxm40\strategy\position_manager.py", line 132, in _audit_single_position
    self.check_trailing_stop(p, current_price, current_atr, ai_sl)
    ~~~~~~~~~~~~~~~~~~~~~~~~^^^^^^^^^^^^^^^^^^^^^^^^^^^^^^^^^^^^^^
  File "E:\量化\bxm40\strategy\position_manager.py", line 353, in check_trailing_stop
    trend_1m = self.analyzer.get_trend_bias(df_analyzed)
                                            ^^^^^^^^^^^
NameError: name 'df_analyzed' is not defined

2026-01-25 13:30:50 [INFO] >>> 系统将自动重试...
2026-01-25 13:30:55 [INFO] === 开始新一轮扫描 ===
2026-01-25 13:30:55 [INFO] === 开始持仓巡检 ===
2026-01-25 13:30:56 [INFO] >>> 当前持有 1 个仓位:
2026-01-25 13:30:56 [INFO]    ACUUSDT (空): 数量 -393.0, 浮盈亏 0.64452 美元, 本地止损: 未设置
2026-01-25 13:31:02 [INFO]    >>> [AI 动态调整] SET_SL: 1H级别MA20趋势空头确认，建议在关键压力位设置止损
2026-01-25 13:31:05 [WARNING]    [警告] 交易所止损设置失败 (尝试 1/5)，等待 2秒后重试...
2026-01-25 13:31:07 [WARNING]    [警告] 交易所止损设置失败 (尝试 2/5)，等待 2秒后重试...
2026-01-25 13:31:09 [INFO]    [成功] 交易所止损单已设置 (STOP_MARKET, 触发价: 0.1915)
2026-01-25 13:31:10 [ERROR] 【异常】发生错误: name 'df_analyzed' is not defined
2026-01-25 13:31:10 [ERROR] Traceback (most recent call last):
  File "E:\量化\bxm40\manager\bot_manager.py", line 60, in run
    is_holding = self.position_manager.sync_and_audit_positions()
  File "E:\量化\bxm40\strategy\position_manager.py", line 53, in sync_and_audit_positions
    self._audit_single_position(p)
    ~~~~~~~~~~~~~~~~~~~~~~~~~~~^^^
  File "E:\量化\bxm40\strategy\position_manager.py", line 132, in _audit_single_position
    self.check_trailing_stop(p, current_price, current_atr, ai_sl)
    ~~~~~~~~~~~~~~~~~~~~~~~~^^^^^^^^^^^^^^^^^^^^^^^^^^^^^^^^^^^^^^
  File "E:\量化\bxm40\strategy\position_manager.py", line 353, in check_trailing_stop
    trend_1m = self.analyzer.get_trend_bias(df_analyzed)
                                            ^^^^^^^^^^^
NameError: name 'df_analyzed' is not defined

2026-01-25 13:31:10 [INFO] >>> 系统将自动重试...
2026-01-25 13:31:15 [INFO] === 开始新一轮扫描 ===
2026-01-25 13:31:15 [INFO] === 开始持仓巡检 ===
2026-01-25 13:31:16 [INFO] >>> 当前持有 1 个仓位:
2026-01-25 13:31:16 [INFO]    ACUUSDT (空): 数量 -393.0, 浮盈亏 0.81075507 美元, 本地止损: 未设置
2026-01-25 13:31:29 [INFO]    >>> [AI 动态调整] NONE: 当前STOP_MARKET止损0.1915设置合理，贴近1H布林上轨0.2230与MA20的0.2008构成的压力带下限
2026-01-25 13:31:29 [ERROR] 【异常】发生错误: name 'df_analyzed' is not defined
2026-01-25 13:31:29 [ERROR] Traceback (most recent call last):
  File "E:\量化\bxm40\manager\bot_manager.py", line 60, in run
    is_holding = self.position_manager.sync_and_audit_positions()
  File "E:\量化\bxm40\strategy\position_manager.py", line 53, in sync_and_audit_positions
    self._audit_single_position(p)
    ~~~~~~~~~~~~~~~~~~~~~~~~~~~^^^
  File "E:\量化\bxm40\strategy\position_manager.py", line 132, in _audit_single_position
    self.check_trailing_stop(p, current_price, current_atr, ai_sl)
    ~~~~~~~~~~~~~~~~~~~~~~~~^^^^^^^^^^^^^^^^^^^^^^^^^^^^^^^^^^^^^^
  File "E:\量化\bxm40\strategy\position_manager.py", line 353, in check_trailing_stop
    trend_1m = self.analyzer.get_trend_bias(df_analyzed)
                                            ^^^^^^^^^^^
NameError: name 'df_analyzed' is not defined

2026-01-25 13:31:29 [INFO] >>> 系统将自动重试...
2026-01-25 13:31:34 [INFO] === 开始新一轮扫描 ===
2026-01-25 13:31:34 [INFO] === 开始持仓巡检 ===
2026-01-25 13:31:35 [INFO] >>> 当前持有 1 个仓位:
2026-01-25 13:31:35 [INFO]    ACUUSDT (空): 数量 -393.0, 浮盈亏 0.88974807 美元, 本地止损: 未设置
2026-01-25 13:31:43 [INFO]    >>> [AI 动态调整] SET_SL: 基于1H级别的MA20(0.2007775)下方设置保守止损位
2026-01-25 13:31:46 [WARNING]    [警告] 交易所止损设置失败 (尝试 1/5)，等待 2秒后重试...
2026-01-25 13:31:48 [WARNING]    [警告] 交易所止损设置失败 (尝试 2/5)，等待 2秒后重试...
2026-01-25 13:31:51 [WARNING]    [警告] 交易所止损设置失败 (尝试 3/5)，等待 2秒后重试...
2026-01-25 13:31:54 [WARNING]    [警告] 交易所止损设置失败 (尝试 4/5)，等待 2秒后重试...
2026-01-25 13:31:56 [INFO]    [成功] 交易所止损单已设置 (STOP_MARKET, 触发价: 0.1915)
2026-01-25 13:31:56 [ERROR] 【异常】发生错误: name 'df_analyzed' is not defined
2026-01-25 13:31:56 [ERROR] Traceback (most recent call last):
  File "E:\量化\bxm40\manager\bot_manager.py", line 60, in run
    is_holding = self.position_manager.sync_and_audit_positions()
  File "E:\量化\bxm40\strategy\position_manager.py", line 53, in sync_and_audit_positions
    self._audit_single_position(p)
    ~~~~~~~~~~~~~~~~~~~~~~~~~~~^^^
  File "E:\量化\bxm40\strategy\position_manager.py", line 132, in _audit_single_position
    self.check_trailing_stop(p, current_price, current_atr, ai_sl)
    ~~~~~~~~~~~~~~~~~~~~~~~~^^^^^^^^^^^^^^^^^^^^^^^^^^^^^^^^^^^^^^
  File "E:\量化\bxm40\strategy\position_manager.py", line 353, in check_trailing_stop
    trend_1m = self.analyzer.get_trend_bias(df_analyzed)
                                            ^^^^^^^^^^^
NameError: name 'df_analyzed' is not defined

2026-01-25 13:31:56 [INFO] >>> 系统将自动重试...
2026-01-25 13:32:01 [INFO] === 开始新一轮扫描 ===
2026-01-25 13:32:01 [INFO] === 开始持仓巡检 ===
2026-01-25 13:32:02 [INFO] >>> 当前持有 1 个仓位:
2026-01-25 13:32:02 [INFO]    ACUUSDT (空): 数量 -393.0, 浮盈亏 0.56199 美元, 本地止损: 未设置
2026-01-25 13:32:12 [INFO]    >>> [AI 动态调整] MOVE_SL: 将止损从0.1915下移至0.1900（MA20下方3%位置），在保持趋势性保护的同时减少滑点风险
2026-01-25 13:32:14 [INFO]    [成功] 交易所止损单已设置 (STOP_MARKET, 触发价: 0.19)
2026-01-25 13:32:15 [ERROR] 【异常】发生错误: name 'df_analyzed' is not defined
2026-01-25 13:32:15 [ERROR] Traceback (most recent call last):
  File "E:\量化\bxm40\manager\bot_manager.py", line 60, in run
    is_holding = self.position_manager.sync_and_audit_positions()
  File "E:\量化\bxm40\strategy\position_manager.py", line 53, in sync_and_audit_positions
    self._audit_single_position(p)
    ~~~~~~~~~~~~~~~~~~~~~~~~~~~^^^
  File "E:\量化\bxm40\strategy\position_manager.py", line 132, in _audit_single_position
    self.check_trailing_stop(p, current_price, current_atr, ai_sl)
    ~~~~~~~~~~~~~~~~~~~~~~~~^^^^^^^^^^^^^^^^^^^^^^^^^^^^^^^^^^^^^^
  File "E:\量化\bxm40\strategy\position_manager.py", line 353, in check_trailing_stop
    trend_1m = self.analyzer.get_trend_bias(df_analyzed)
                                            ^^^^^^^^^^^
NameError: name 'df_analyzed' is not defined

2026-01-25 13:32:15 [INFO] >>> 系统将自动重试...
2026-01-25 13:32:20 [INFO] === 开始新一轮扫描 ===
2026-01-25 13:32:20 [INFO] === 开始持仓巡检 ===
2026-01-25 13:32:20 [INFO] >>> 当前持有 1 个仓位:
2026-01-25 13:32:20 [INFO]    ACUUSDT (空): 数量 -159.0, 浮盈亏 0.76797 美元, 本地止损: 未设置
2026-01-25 13:32:22 [ERROR] 【异常】发生错误: name 'df_analyzed' is not defined
2026-01-25 13:32:22 [ERROR] Traceback (most recent call last):
  File "E:\量化\bxm40\manager\bot_manager.py", line 60, in run
    is_holding = self.position_manager.sync_and_audit_positions()
  File "E:\量化\bxm40\strategy\position_manager.py", line 53, in sync_and_audit_positions
    self._audit_single_position(p)
    ~~~~~~~~~~~~~~~~~~~~~~~~~~~^^^
  File "E:\量化\bxm40\strategy\position_manager.py", line 132, in _audit_single_position
    self.check_trailing_stop(p, current_price, current_atr, ai_sl)
    ~~~~~~~~~~~~~~~~~~~~~~~~^^^^^^^^^^^^^^^^^^^^^^^^^^^^^^^^^^^^^^
  File "E:\量化\bxm40\strategy\position_manager.py", line 353, in check_trailing_stop
    trend_1m = self.analyzer.get_trend_bias(df_analyzed)
                                            ^^^^^^^^^^^
NameError: name 'df_analyzed' is not defined

2026-01-25 13:32:22 [INFO] >>> 系统将自动重试...
2026-01-25 13:32:27 [INFO] === 开始新一轮扫描 ===
2026-01-25 13:32:27 [INFO] === 开始持仓巡检 ===
2026-01-25 13:32:28 [INFO] >>> 当前持有 1 个仓位:
2026-01-25 13:32:28 [INFO]    ACUUSDT (空): 数量 -159.0, 浮盈亏 0.71232 美元, 本地止损: 未设置
2026-01-25 13:32:29 [ERROR] 【异常】发生错误: name 'df_analyzed' is not defined
2026-01-25 13:32:29 [ERROR] Traceback (most recent call last):
  File "E:\量化\bxm40\manager\bot_manager.py", line 60, in run
    is_holding = self.position_manager.sync_and_audit_positions()
  File "E:\量化\bxm40\strategy\position_manager.py", line 53, in sync_and_audit_positions
    self._audit_single_position(p)
    ~~~~~~~~~~~~~~~~~~~~~~~~~~~^^^
  File "E:\量化\bxm40\strategy\position_manager.py", line 132, in _audit_single_position
    self.check_trailing_stop(p, current_price, current_atr, ai_sl)
    ~~~~~~~~~~~~~~~~~~~~~~~~^^^^^^^^^^^^^^^^^^^^^^^^^^^^^^^^^^^^^^
  File "E:\量化\bxm40\strategy\position_manager.py", line 353, in check_trailing_stop
    trend_1m = self.analyzer.get_trend_bias(df_analyzed)
                                            ^^^^^^^^^^^
NameError: name 'df_analyzed' is not defined

2026-01-25 13:32:29 [INFO] >>> 系统将自动重试...
2026-01-25 13:32:34 [INFO] === 开始新一轮扫描 ===
2026-01-25 13:32:34 [INFO] === 开始持仓巡检 ===
2026-01-25 13:32:35 [INFO] >>> 当前持有 1 个仓位:
2026-01-25 13:32:35 [INFO]    ACUUSDT (空): 数量 -159.0, 浮盈亏 0.74253 美元, 本地止损: 未设置
2026-01-25 13:32:37 [ERROR] 【异常】发生错误: name 'df_analyzed' is not defined
2026-01-25 13:32:37 [ERROR] Traceback (most recent call last):
  File "E:\量化\bxm40\manager\bot_manager.py", line 60, in run
    is_holding = self.position_manager.sync_and_audit_positions()
  File "E:\量化\bxm40\strategy\position_manager.py", line 53, in sync_and_audit_positions
    self._audit_single_position(p)
    ~~~~~~~~~~~~~~~~~~~~~~~~~~~^^^
  File "E:\量化\bxm40\strategy\position_manager.py", line 132, in _audit_single_position
    self.check_trailing_stop(p, current_price, current_atr, ai_sl)
    ~~~~~~~~~~~~~~~~~~~~~~~~^^^^^^^^^^^^^^^^^^^^^^^^^^^^^^^^^^^^^^
  File "E:\量化\bxm40\strategy\position_manager.py", line 353, in check_trailing_stop
    trend_1m = self.analyzer.get_trend_bias(df_analyzed)
                                            ^^^^^^^^^^^
NameError: name 'df_analyzed' is not defined

2026-01-25 13:32:37 [INFO] >>> 系统将自动重试...
2026-01-25 13:32:42 [INFO] === 开始新一轮扫描 ===
2026-01-25 13:32:42 [INFO] === 开始持仓巡检 ===
2026-01-25 13:32:42 [INFO] >>> 当前持有 1 个仓位:
2026-01-25 13:32:42 [INFO]    ACUUSDT (空): 数量 -159.0, 浮盈亏 0.68052 美元, 本地止损: 未设置
2026-01-25 13:32:45 [ERROR] 【异常】发生错误: name 'df_analyzed' is not defined
2026-01-25 13:32:45 [ERROR] Traceback (most recent call last):
  File "E:\量化\bxm40\manager\bot_manager.py", line 60, in run
    is_holding = self.position_manager.sync_and_audit_positions()
  File "E:\量化\bxm40\strategy\position_manager.py", line 53, in sync_and_audit_positions
    self._audit_single_position(p)
    ~~~~~~~~~~~~~~~~~~~~~~~~~~~^^^
  File "E:\量化\bxm40\strategy\position_manager.py", line 132, in _audit_single_position
    self.check_trailing_stop(p, current_price, current_atr, ai_sl)
    ~~~~~~~~~~~~~~~~~~~~~~~~^^^^^^^^^^^^^^^^^^^^^^^^^^^^^^^^^^^^^^
  File "E:\量化\bxm40\strategy\position_manager.py", line 353, in check_trailing_stop
    trend_1m = self.analyzer.get_trend_bias(df_analyzed)
                                            ^^^^^^^^^^^
NameError: name 'df_analyzed' is not defined

2026-01-25 13:32:45 [INFO] >>> 系统将自动重试...
2026-01-25 13:32:50 [INFO] === 开始新一轮扫描 ===
2026-01-25 13:32:50 [INFO] === 开始持仓巡检 ===
2026-01-25 13:32:50 [INFO] >>> 当前持有 1 个仓位:
2026-01-25 13:32:50 [INFO]    ACUUSDT (空): 数量 -159.0, 浮盈亏 0.6569403 美元, 本地止损: 未设置
2026-01-25 13:32:52 [ERROR] 【异常】发生错误: name 'df_analyzed' is not defined
2026-01-25 13:32:52 [ERROR] Traceback (most recent call last):
  File "E:\量化\bxm40\manager\bot_manager.py", line 60, in run
    is_holding = self.position_manager.sync_and_audit_positions()
  File "E:\量化\bxm40\strategy\position_manager.py", line 53, in sync_and_audit_positions
    self._audit_single_position(p)
    ~~~~~~~~~~~~~~~~~~~~~~~~~~~^^^
  File "E:\量化\bxm40\strategy\position_manager.py", line 132, in _audit_single_position
    self.check_trailing_stop(p, current_price, current_atr, ai_sl)
    ~~~~~~~~~~~~~~~~~~~~~~~~^^^^^^^^^^^^^^^^^^^^^^^^^^^^^^^^^^^^^^
  File "E:\量化\bxm40\strategy\position_manager.py", line 353, in check_trailing_stop
    trend_1m = self.analyzer.get_trend_bias(df_analyzed)
                                            ^^^^^^^^^^^
NameError: name 'df_analyzed' is not defined

2026-01-25 13:32:52 [INFO] >>> 系统将自动重试...
2026-01-25 13:32:57 [INFO] === 开始新一轮扫描 ===
2026-01-25 13:32:57 [INFO] === 开始持仓巡检 ===
2026-01-25 13:32:58 [INFO] >>> 当前持有 1 个仓位:
2026-01-25 13:32:58 [INFO]    ACUUSDT (空): 数量 -159.0, 浮盈亏 0.60579 美元, 本地止损: 未设置
2026-01-25 13:33:00 [ERROR] 【异常】发生错误: name 'df_analyzed' is not defined
2026-01-25 13:33:00 [ERROR] Traceback (most recent call last):
  File "E:\量化\bxm40\manager\bot_manager.py", line 60, in run
    is_holding = self.position_manager.sync_and_audit_positions()
  File "E:\量化\bxm40\strategy\position_manager.py", line 53, in sync_and_audit_positions
    self._audit_single_position(p)
    ~~~~~~~~~~~~~~~~~~~~~~~~~~~^^^
  File "E:\量化\bxm40\strategy\position_manager.py", line 132, in _audit_single_position
    self.check_trailing_stop(p, current_price, current_atr, ai_sl)
    ~~~~~~~~~~~~~~~~~~~~~~~~^^^^^^^^^^^^^^^^^^^^^^^^^^^^^^^^^^^^^^
  File "E:\量化\bxm40\strategy\position_manager.py", line 353, in check_trailing_stop
    trend_1m = self.analyzer.get_trend_bias(df_analyzed)
                                            ^^^^^^^^^^^
NameError: name 'df_analyzed' is not defined

2026-01-25 13:33:00 [INFO] >>> 系统将自动重试...
2026-01-25 13:33:05 [INFO] === 开始新一轮扫描 ===
2026-01-25 13:33:05 [INFO] === 开始持仓巡检 ===
2026-01-25 13:33:05 [INFO] >>> 当前持有 1 个仓位:
2026-01-25 13:33:05 [INFO]    ACUUSDT (空): 数量 -159.0, 浮盈亏 0.65667795 美元, 本地止损: 未设置
2026-01-25 13:33:09 [ERROR] 【异常】发生错误: name 'df_analyzed' is not defined
2026-01-25 13:33:09 [ERROR] Traceback (most recent call last):
  File "E:\量化\bxm40\manager\bot_manager.py", line 60, in run
    is_holding = self.position_manager.sync_and_audit_positions()
  File "E:\量化\bxm40\strategy\position_manager.py", line 53, in sync_and_audit_positions
    self._audit_single_position(p)
    ~~~~~~~~~~~~~~~~~~~~~~~~~~~^^^
  File "E:\量化\bxm40\strategy\position_manager.py", line 132, in _audit_single_position
    self.check_trailing_stop(p, current_price, current_atr, ai_sl)
    ~~~~~~~~~~~~~~~~~~~~~~~~^^^^^^^^^^^^^^^^^^^^^^^^^^^^^^^^^^^^^^
  File "E:\量化\bxm40\strategy\position_manager.py", line 353, in check_trailing_stop
    trend_1m = self.analyzer.get_trend_bias(df_analyzed)
                                            ^^^^^^^^^^^
NameError: name 'df_analyzed' is not defined

2026-01-25 13:33:09 [INFO] >>> 系统将自动重试...
2026-01-25 13:33:14 [INFO] === 开始新一轮扫描 ===
2026-01-25 13:33:14 [INFO] === 开始持仓巡检 ===
2026-01-25 13:33:15 [INFO] >>> 当前持有 1 个仓位:
2026-01-25 13:33:15 [INFO]    ACUUSDT (空): 数量 -159.0, 浮盈亏 0.80497089 美元, 本地止损: 未设置
2026-01-25 13:33:37 [INFO]    >>> [AI 动态调整] SET_SL: Place stop loss slightly above current resistance level (0.18644 open price) considering ATR
2026-01-25 13:33:41 [INFO]    [成功] 交易所止损单已设置 (STOP Limit, 触发价: 0.1885)
2026-01-25 13:33:41 [ERROR] 【异常】发生错误: name 'df_analyzed' is not defined
2026-01-25 13:33:41 [ERROR] Traceback (most recent call last):
  File "E:\量化\bxm40\manager\bot_manager.py", line 60, in run
    is_holding = self.position_manager.sync_and_audit_positions()
  File "E:\量化\bxm40\strategy\position_manager.py", line 53, in sync_and_audit_positions
    self._audit_single_position(p)
    ~~~~~~~~~~~~~~~~~~~~~~~~~~~^^^
  File "E:\量化\bxm40\strategy\position_manager.py", line 132, in _audit_single_position
    self.check_trailing_stop(p, current_price, current_atr, ai_sl)
    ~~~~~~~~~~~~~~~~~~~~~~~~^^^^^^^^^^^^^^^^^^^^^^^^^^^^^^^^^^^^^^
  File "E:\量化\bxm40\strategy\position_manager.py", line 353, in check_trailing_stop
    trend_1m = self.analyzer.get_trend_bias(df_analyzed)
                                            ^^^^^^^^^^^
NameError: name 'df_analyzed' is not defined

2026-01-25 13:33:41 [INFO] >>> 系统将自动重试...
2026-01-25 13:33:46 [INFO] === 开始新一轮扫描 ===
2026-01-25 13:33:46 [INFO] === 开始持仓巡检 ===
2026-01-25 13:33:47 [INFO] >>> 当前持有 1 个仓位:
2026-01-25 13:33:47 [INFO]    ACUUSDT (空): 数量 -159.0, 浮盈亏 0.83329038 美元, 本地止损: 未设置
2026-01-25 13:33:55 [INFO]    >>> [AI 动态调整] SET_SL: Set stop loss above recent swing high (1H Bollinger upper band 0.18850 → add buffer)
2026-01-25 13:33:57 [ERROR]    [严重错误] 交易所止损设置最终失败 (已重试5次)！请手动检查！
2026-01-25 13:33:58 [INFO] >>>【移动止损】ACUUSDT 初始止损采用 AI 建议值: 0.1904
2026-01-25 13:33:59 [ERROR]    [严重错误] 交易所止损设置最终失败 (已重试5次)！请手动检查！
2026-01-25 13:33:59 [INFO] >>> [策略限制] 持仓中，暂停开新仓
2026-01-25 13:34:59 [INFO] === 开始新一轮扫描 ===
2026-01-25 13:34:59 [INFO] === 开始持仓巡检 ===
2026-01-25 13:35:01 [INFO] >>>【系统】检测到 ACUUSDT 仓位已平（可能触发止盈止损），清除本地状态
2026-01-25 13:35:03 [INFO]    【扫描结果】当前关注列表: ['ENSOUSDT', 'NOMUSDT', 'SOMIUSDT', 'DUSKUSDT', 'ACUUSDT']
2026-01-25 13:35:03 [INFO]    正在分析趋势与资金流...
2026-01-25 13:35:03 [INFO]    => 锁定目标: ENSOUSDT (SELL_ONLY, CMF:-0.21, FlowMA:-23760.34)
2026-01-25 13:35:03 [INFO]    正在深入分析 ENSOUSDT ...
2026-01-25 13:35:11 [INFO]    【策略】暂不推荐交易 ENSOUSDT，进入冷却
2026-01-25 13:35:11 [INFO] >>> 本轮结束，立即开始下一轮...
2026-01-25 13:35:16 [INFO] === 开始新一轮扫描 ===
2026-01-25 13:35:16 [INFO] === 开始持仓巡检 ===
2026-01-25 13:35:19 [INFO]    【扫描结果】当前关注列表: ['ENSOUSDT', 'NOMUSDT', 'SOMIUSDT', 'DUSKUSDT', 'ACUUSDT']
2026-01-25 13:35:19 [INFO]    正在分析趋势与资金流...
2026-01-25 13:35:20 [INFO]    => 锁定目标: SOMIUSDT (SELL_ONLY, CMF:-0.09, FlowMA:-16101.20)
2026-01-25 13:35:20 [INFO]    正在深入分析 SOMIUSDT ...
2026-01-25 13:35:22 [INFO] !!! 趋势信号触发: 做空 !!!
2026-01-25 13:35:22 [INFO]    【风控】建议杠杆: 10x
2026-01-25 13:35:22 [INFO]    【风控计算】风险额: 1.70, 建议仓位: 89.18
2026-01-25 13:35:22 [INFO] >>>【交易执行】准备对 SOMIUSDT 执行 做空 操作，金额: 89.17575398477156，杠杆: 10倍
2026-01-25 13:35:23 [INFO]    计算下单数量: 261.0
2026-01-25 13:35:23 [INFO] >>>【交易执行】交易成功! 订单号: 1495053189
2026-01-25 13:35:25 [INFO] >>>【交易执行】设置止盈止损...
2026-01-25 13:35:26 [WARNING]    [警告] 交易所止损设置失败 (尝试 1/5)，等待 2秒后重试...
2026-01-25 13:35:28 [INFO]    [成功] 交易所止损单已设置 (STOP_MARKET, 触发价: 0.3514)
2026-01-25 13:35:29 [INFO]    已挂分批止盈单: 价 0.3364，量 78.0
2026-01-25 13:35:29 [INFO]    已挂分批止盈单: 价 0.3347，量 78.0
2026-01-25 13:35:30 [INFO]    已挂分批止盈单: 价 0.333，量 105.0
2026-01-25 13:35:30 [INFO] >>> 开仓成功，等待 15秒 同步...
2026-01-25 13:35:45 [INFO] >>> 本轮结束，立即开始下一轮...
2026-01-25 13:35:50 [INFO] === 开始新一轮扫描 ===
2026-01-25 13:35:50 [INFO] === 开始持仓巡检 ===
2026-01-25 13:35:52 [INFO] >>> 当前持有 1 个仓位:
2026-01-25 13:35:52 [INFO]    SOMIUSDT (空): 数量 -261.0, 浮盈亏 -0.2349 美元, 本地止损: 0.3514
2026-01-25 13:35:54 [ERROR] 【异常】发生错误: name 'df_analyzed' is not defined
2026-01-25 13:35:54 [ERROR] Traceback (most recent call last):
  File "E:\量化\bxm40\manager\bot_manager.py", line 60, in run
    is_holding = self.position_manager.sync_and_audit_positions()
  File "E:\量化\bxm40\strategy\position_manager.py", line 53, in sync_and_audit_positions
    self._audit_single_position(p)
    ~~~~~~~~~~~~~~~~~~~~~~~~~~~^^^
  File "E:\量化\bxm40\strategy\position_manager.py", line 132, in _audit_single_position
    self.check_trailing_stop(p, current_price, current_atr, ai_sl)
    ~~~~~~~~~~~~~~~~~~~~~~~~^^^^^^^^^^^^^^^^^^^^^^^^^^^^^^^^^^^^^^
  File "E:\量化\bxm40\strategy\position_manager.py", line 353, in check_trailing_stop
    trend_1m = self.analyzer.get_trend_bias(df_analyzed)
                                            ^^^^^^^^^^^
NameError: name 'df_analyzed' is not defined

2026-01-25 13:35:54 [INFO] >>> 系统将自动重试...
2026-01-25 13:35:59 [INFO] === 开始新一轮扫描 ===
2026-01-25 13:35:59 [INFO] === 开始持仓巡检 ===
2026-01-25 13:36:00 [INFO] >>> 当前持有 1 个仓位:
2026-01-25 13:36:00 [INFO]    SOMIUSDT (空): 数量 -261.0, 浮盈亏 -0.0966483 美元, 本地止损: 0.3514
2026-01-25 13:36:04 [ERROR] 【异常】发生错误: name 'df_analyzed' is not defined
2026-01-25 13:36:04 [ERROR] Traceback (most recent call last):
  File "E:\量化\bxm40\manager\bot_manager.py", line 60, in run
    is_holding = self.position_manager.sync_and_audit_positions()
  File "E:\量化\bxm40\strategy\position_manager.py", line 53, in sync_and_audit_positions
    self._audit_single_position(p)
    ~~~~~~~~~~~~~~~~~~~~~~~~~~~^^^
  File "E:\量化\bxm40\strategy\position_manager.py", line 132, in _audit_single_position
    self.check_trailing_stop(p, current_price, current_atr, ai_sl)
    ~~~~~~~~~~~~~~~~~~~~~~~~^^^^^^^^^^^^^^^^^^^^^^^^^^^^^^^^^^^^^^
  File "E:\量化\bxm40\strategy\position_manager.py", line 353, in check_trailing_stop
    trend_1m = self.analyzer.get_trend_bias(df_analyzed)
                                            ^^^^^^^^^^^
NameError: name 'df_analyzed' is not defined

2026-01-25 13:36:04 [INFO] >>> 系统将自动重试...
2026-01-25 13:36:09 [INFO] === 开始新一轮扫描 ===
2026-01-25 13:36:09 [INFO] === 开始持仓巡检 ===
2026-01-25 13:36:09 [INFO] >>> 当前持有 1 个仓位:
2026-01-25 13:36:09 [INFO]    SOMIUSDT (空): 数量 -261.0, 浮盈亏 -0.12510252 美元, 本地止损: 0.3514
2026-01-25 13:36:12 [ERROR] 【异常】发生错误: name 'df_analyzed' is not defined
2026-01-25 13:36:12 [ERROR] Traceback (most recent call last):
  File "E:\量化\bxm40\manager\bot_manager.py", line 60, in run
    is_holding = self.position_manager.sync_and_audit_positions()
  File "E:\量化\bxm40\strategy\position_manager.py", line 53, in sync_and_audit_positions
    self._audit_single_position(p)
    ~~~~~~~~~~~~~~~~~~~~~~~~~~~^^^
  File "E:\量化\bxm40\strategy\position_manager.py", line 132, in _audit_single_position
    self.check_trailing_stop(p, current_price, current_atr, ai_sl)
    ~~~~~~~~~~~~~~~~~~~~~~~~^^^^^^^^^^^^^^^^^^^^^^^^^^^^^^^^^^^^^^
  File "E:\量化\bxm40\strategy\position_manager.py", line 353, in check_trailing_stop
    trend_1m = self.analyzer.get_trend_bias(df_analyzed)
                                            ^^^^^^^^^^^
NameError: name 'df_analyzed' is not defined

2026-01-25 13:36:12 [INFO] >>> 系统将自动重试...
2026-01-25 13:36:17 [INFO] === 开始新一轮扫描 ===
2026-01-25 13:36:17 [INFO] === 开始持仓巡检 ===
2026-01-25 13:36:18 [INFO] >>> 当前持有 1 个仓位:
2026-01-25 13:36:18 [INFO]    SOMIUSDT (空): 数量 -261.0, 浮盈亏 -0.13150224 美元, 本地止损: 0.3514
2026-01-25 13:36:20 [ERROR] 【异常】发生错误: name 'df_analyzed' is not defined
2026-01-25 13:36:20 [ERROR] Traceback (most recent call last):
  File "E:\量化\bxm40\manager\bot_manager.py", line 60, in run
    is_holding = self.position_manager.sync_and_audit_positions()
  File "E:\量化\bxm40\strategy\position_manager.py", line 53, in sync_and_audit_positions
    self._audit_single_position(p)
    ~~~~~~~~~~~~~~~~~~~~~~~~~~~^^^
  File "E:\量化\bxm40\strategy\position_manager.py", line 132, in _audit_single_position
    self.check_trailing_stop(p, current_price, current_atr, ai_sl)
    ~~~~~~~~~~~~~~~~~~~~~~~~^^^^^^^^^^^^^^^^^^^^^^^^^^^^^^^^^^^^^^
  File "E:\量化\bxm40\strategy\position_manager.py", line 353, in check_trailing_stop
    trend_1m = self.analyzer.get_trend_bias(df_analyzed)
                                            ^^^^^^^^^^^
NameError: name 'df_analyzed' is not defined

2026-01-25 13:36:20 [INFO] >>> 系统将自动重试...
2026-01-25 13:36:25 [INFO] === 开始新一轮扫描 ===
2026-01-25 13:36:25 [INFO] === 开始持仓巡检 ===
2026-01-25 13:36:25 [INFO] >>> 当前持有 1 个仓位:
2026-01-25 13:36:25 [INFO]    SOMIUSDT (空): 数量 -261.0, 浮盈亏 -0.09766881 美元, 本地止损: 0.3514
2026-01-25 13:36:36 [INFO]    >>> [AI 动态调整] MOVE_SL: 根据1H布林上轨调整止损位
2026-01-25 13:36:38 [INFO]    [成功] 交易所止损单已设置 (STOP Limit, 触发价: 0.3517)
2026-01-25 13:36:39 [INFO] >>> [策略限制] 持仓中，暂停开新仓
2026-01-25 13:37:39 [INFO] === 开始新一轮扫描 ===
2026-01-25 13:37:39 [INFO] === 开始持仓巡检 ===
2026-01-25 13:37:42 [INFO] >>> 当前持有 1 个仓位:
2026-01-25 13:37:42 [INFO]    SOMIUSDT (空): 数量 -261.0, 浮盈亏 0.60829965 美元, 本地止损: 0.3514
2026-01-25 13:37:53 [INFO]    >>> [AI 动态调整] SET_SL: 1H布林上轨0.3653可作为关键压力位，止损设置在当前卖单墙上方0.3517(已有预设值)较为合理
2026-01-25 13:37:57 [WARNING]    [警告] 交易所止损设置失败 (尝试 1/5)，等待 2秒后重试...
2026-01-25 13:37:59 [WARNING]    [警告] 交易所止损设置失败 (尝试 2/5)，等待 2秒后重试...
2026-01-25 13:38:02 [INFO]    [成功] 交易所止损单已设置 (STOP Limit, 触发价: 0.3517)
2026-01-25 13:38:02 [ERROR] 【异常】发生错误: name 'df_analyzed' is not defined
2026-01-25 13:38:02 [ERROR] Traceback (most recent call last):
  File "E:\量化\bxm40\manager\bot_manager.py", line 60, in run
    is_holding = self.position_manager.sync_and_audit_positions()
  File "E:\量化\bxm40\strategy\position_manager.py", line 53, in sync_and_audit_positions
    self._audit_single_position(p)
    ~~~~~~~~~~~~~~~~~~~~~~~~~~~^^^
  File "E:\量化\bxm40\strategy\position_manager.py", line 132, in _audit_single_position
    self.check_trailing_stop(p, current_price, current_atr, ai_sl)
    ~~~~~~~~~~~~~~~~~~~~~~~~^^^^^^^^^^^^^^^^^^^^^^^^^^^^^^^^^^^^^^
  File "E:\量化\bxm40\strategy\position_manager.py", line 353, in check_trailing_stop
    trend_1m = self.analyzer.get_trend_bias(df_analyzed)
                                            ^^^^^^^^^^^
NameError: name 'df_analyzed' is not defined

2026-01-25 13:38:02 [INFO] >>> 系统将自动重试...
2026-01-25 13:38:07 [INFO] === 开始新一轮扫描 ===
2026-01-25 13:38:07 [INFO] === 开始持仓巡检 ===
2026-01-25 13:38:08 [INFO] >>> 当前持有 1 个仓位:
2026-01-25 13:38:08 [INFO]    SOMIUSDT (空): 数量 -261.0, 浮盈亏 0.3915 美元, 本地止损: 0.3514
2026-01-25 13:38:15 [INFO]    >>> [AI 动态调整] SET_SL: 基于当前高位压力设定止损，保护持仓
2026-01-25 13:38:18 [WARNING]    [警告] 交易所止损设置失败 (尝试 1/5)，等待 2秒后重试...
2026-01-25 13:38:21 [WARNING]    [警告] 交易所止损设置失败 (尝试 2/5)，等待 2秒后重试...
2026-01-25 13:38:23 [WARNING]    [警告] 交易所止损设置失败 (尝试 3/5)，等待 2秒后重试...
2026-01-25 13:38:26 [WARNING]    [警告] 交易所止损设置失败 (尝试 4/5)，等待 2秒后重试...
2026-01-25 13:38:28 [INFO]    [成功] 交易所止损单已设置 (STOP_MARKET, 触发价: 0.3517)
2026-01-25 13:38:28 [ERROR] 【异常】发生错误: name 'df_analyzed' is not defined
2026-01-25 13:38:28 [ERROR] Traceback (most recent call last):
  File "E:\量化\bxm40\manager\bot_manager.py", line 60, in run
    is_holding = self.position_manager.sync_and_audit_positions()
  File "E:\量化\bxm40\strategy\position_manager.py", line 53, in sync_and_audit_positions
    self._audit_single_position(p)
    ~~~~~~~~~~~~~~~~~~~~~~~~~~~^^^
  File "E:\量化\bxm40\strategy\position_manager.py", line 132, in _audit_single_position
    self.check_trailing_stop(p, current_price, current_atr, ai_sl)
    ~~~~~~~~~~~~~~~~~~~~~~~~^^^^^^^^^^^^^^^^^^^^^^^^^^^^^^^^^^^^^^
  File "E:\量化\bxm40\strategy\position_manager.py", line 353, in check_trailing_stop
    trend_1m = self.analyzer.get_trend_bias(df_analyzed)
                                            ^^^^^^^^^^^
NameError: name 'df_analyzed' is not defined

2026-01-25 13:38:28 [INFO] >>> 系统将自动重试...
2026-01-25 13:38:33 [INFO] === 开始新一轮扫描 ===
2026-01-25 13:38:33 [INFO] === 开始持仓巡检 ===
2026-01-25 13:38:34 [INFO] >>> 当前持有 1 个仓位:
2026-01-25 13:38:34 [INFO]    SOMIUSDT (空): 数量 -261.0, 浮盈亏 0.42581628 美元, 本地止损: 0.3514
2026-01-25 13:38:43 [INFO]    >>> [AI 动态调整] MOVE_SL: 将止损从当前0.3517下移至1H布林中轨0.3482附近，锁住部分利润同时保留足够波动空间
2026-01-25 13:38:45 [WARNING]    [警告] 交易所止损设置失败 (尝试 1/5)，等待 2秒后重试...
2026-01-25 13:38:48 [WARNING]    [警告] 交易所止损设置失败 (尝试 2/5)，等待 2秒后重试...
2026-01-25 13:38:50 [INFO]    [成功] 交易所止损单已设置 (STOP Limit, 触发价: 0.3482)
2026-01-25 13:38:51 [ERROR] 【异常】发生错误: name 'df_analyzed' is not defined
2026-01-25 13:38:51 [ERROR] Traceback (most recent call last):
  File "E:\量化\bxm40\manager\bot_manager.py", line 60, in run
    is_holding = self.position_manager.sync_and_audit_positions()
  File "E:\量化\bxm40\strategy\position_manager.py", line 53, in sync_and_audit_positions
    self._audit_single_position(p)
    ~~~~~~~~~~~~~~~~~~~~~~~~~~~^^^
  File "E:\量化\bxm40\strategy\position_manager.py", line 132, in _audit_single_position
    self.check_trailing_stop(p, current_price, current_atr, ai_sl)
    ~~~~~~~~~~~~~~~~~~~~~~~~^^^^^^^^^^^^^^^^^^^^^^^^^^^^^^^^^^^^^^
  File "E:\量化\bxm40\strategy\position_manager.py", line 353, in check_trailing_stop
    trend_1m = self.analyzer.get_trend_bias(df_analyzed)
                                            ^^^^^^^^^^^
NameError: name 'df_analyzed' is not defined

2026-01-25 13:38:51 [INFO] >>> 系统将自动重试...
2026-01-25 13:38:56 [INFO] === 开始新一轮扫描 ===
2026-01-25 13:38:56 [INFO] === 开始持仓巡检 ===
2026-01-25 13:38:57 [INFO] >>> 当前持有 1 个仓位:
2026-01-25 13:38:57 [INFO]    SOMIUSDT (空): 数量 -261.0, 浮盈亏 0.1305 美元, 本地止损: 0.3514
2026-01-25 13:39:12 [INFO]    >>> [AI 动态调整] MOVE_SL: 当前止损价正好位于1H布林上轨(0.3656)与当前价的中轴位置，建议维持现有止损价不作调整
2026-01-25 13:39:15 [INFO]    [成功] 交易所止损单已设置 (STOP_MARKET, 触发价: 0.3482)
2026-01-25 13:39:15 [ERROR] 【异常】发生错误: name 'df_analyzed' is not defined
2026-01-25 13:39:15 [ERROR] Traceback (most recent call last):
  File "E:\量化\bxm40\manager\bot_manager.py", line 60, in run
    is_holding = self.position_manager.sync_and_audit_positions()
  File "E:\量化\bxm40\strategy\position_manager.py", line 53, in sync_and_audit_positions
    self._audit_single_position(p)
    ~~~~~~~~~~~~~~~~~~~~~~~~~~~^^^
  File "E:\量化\bxm40\strategy\position_manager.py", line 132, in _audit_single_position
    self.check_trailing_stop(p, current_price, current_atr, ai_sl)
    ~~~~~~~~~~~~~~~~~~~~~~~~^^^^^^^^^^^^^^^^^^^^^^^^^^^^^^^^^^^^^^
  File "E:\量化\bxm40\strategy\position_manager.py", line 353, in check_trailing_stop
    trend_1m = self.analyzer.get_trend_bias(df_analyzed)
                                            ^^^^^^^^^^^
NameError: name 'df_analyzed' is not defined

2026-01-25 13:39:15 [INFO] >>> 系统将自动重试...
2026-01-25 13:39:20 [INFO] === 开始新一轮扫描 ===
2026-01-25 13:39:20 [INFO] === 开始持仓巡检 ===
2026-01-25 13:39:21 [INFO] >>> 当前持有 1 个仓位:
2026-01-25 13:39:21 [INFO]    SOMIUSDT (空): 数量 -261.0, 浮盈亏 0.1305 美元, 本地止损: 0.3514
2026-01-25 13:39:33 [INFO]    >>> [AI 动态调整] NONE: 已有STOP_MARKET止损单设置合理，接近1H级别布林上轨(0.3656)与当前价格区间
2026-01-25 13:39:34 [ERROR] 【异常】发生错误: name 'df_analyzed' is not defined
2026-01-25 13:39:34 [ERROR] Traceback (most recent call last):
  File "E:\量化\bxm40\manager\bot_manager.py", line 60, in run
    is_holding = self.position_manager.sync_and_audit_positions()
  File "E:\量化\bxm40\strategy\position_manager.py", line 53, in sync_and_audit_positions
    self._audit_single_position(p)
    ~~~~~~~~~~~~~~~~~~~~~~~~~~~^^^
  File "E:\量化\bxm40\strategy\position_manager.py", line 132, in _audit_single_position
    self.check_trailing_stop(p, current_price, current_atr, ai_sl)
    ~~~~~~~~~~~~~~~~~~~~~~~~^^^^^^^^^^^^^^^^^^^^^^^^^^^^^^^^^^^^^^
  File "E:\量化\bxm40\strategy\position_manager.py", line 353, in check_trailing_stop
    trend_1m = self.analyzer.get_trend_bias(df_analyzed)
                                            ^^^^^^^^^^^
NameError: name 'df_analyzed' is not defined

2026-01-25 13:39:34 [INFO] >>> 系统将自动重试...
2026-01-25 13:39:39 [INFO] === 开始新一轮扫描 ===
2026-01-25 13:39:39 [INFO] === 开始持仓巡检 ===
2026-01-25 13:39:40 [INFO] >>> 当前持有 1 个仓位:
2026-01-25 13:39:40 [INFO]    SOMIUSDT (空): 数量 -261.0, 浮盈亏 0.03765186 美元, 本地止损: 0.3514
2026-01-25 13:39:49 [INFO]    >>> [AI 动态调整] SET_SL: 沿用现有止损价作为1H级别压力参考
2026-01-25 13:39:51 [WARNING]    [警告] 交易所止损设置失败 (尝试 1/5)，等待 2秒后重试...
2026-01-25 13:39:54 [WARNING]    [警告] 交易所止损设置失败 (尝试 2/5)，等待 2秒后重试...
2026-01-25 13:39:57 [WARNING]    [警告] 交易所止损设置失败 (尝试 3/5)，等待 2秒后重试...
2026-01-25 13:39:59 [INFO]    [成功] 交易所止损单已设置 (STOP_MARKET, 触发价: 0.3482)
2026-01-25 13:40:00 [ERROR] 【异常】发生错误: name 'df_analyzed' is not defined
2026-01-25 13:40:00 [ERROR] Traceback (most recent call last):
  File "E:\量化\bxm40\manager\bot_manager.py", line 60, in run
    is_holding = self.position_manager.sync_and_audit_positions()
  File "E:\量化\bxm40\strategy\position_manager.py", line 53, in sync_and_audit_positions
    self._audit_single_position(p)
    ~~~~~~~~~~~~~~~~~~~~~~~~~~~^^^
  File "E:\量化\bxm40\strategy\position_manager.py", line 132, in _audit_single_position
    self.check_trailing_stop(p, current_price, current_atr, ai_sl)
    ~~~~~~~~~~~~~~~~~~~~~~~~^^^^^^^^^^^^^^^^^^^^^^^^^^^^^^^^^^^^^^
  File "E:\量化\bxm40\strategy\position_manager.py", line 353, in check_trailing_stop
    trend_1m = self.analyzer.get_trend_bias(df_analyzed)
                                            ^^^^^^^^^^^
NameError: name 'df_analyzed' is not defined

2026-01-25 13:40:00 [INFO] >>> 系统将自动重试...
2026-01-25 13:40:05 [INFO] === 开始新一轮扫描 ===
2026-01-25 13:40:05 [INFO] === 开始持仓巡检 ===
2026-01-25 13:40:07 [INFO] >>> 当前持有 1 个仓位:
2026-01-25 13:40:07 [INFO]    SOMIUSDT (空): 数量 -261.0, 浮盈亏 0.1044 美元, 本地止损: 0.3514
2026-01-25 13:40:21 [INFO]    >>> [AI 动态调整] MOVE_SL: 基于挂单止损价及当前市场状况，小幅宽松止损以防范价格波动
2026-01-25 13:40:24 [INFO]    [成功] 交易所止损单已设置 (STOP Limit, 触发价: 0.3482)
2026-01-25 13:40:24 [ERROR] 【异常】发生错误: name 'df_analyzed' is not defined
2026-01-25 13:40:24 [ERROR] Traceback (most recent call last):
  File "E:\量化\bxm40\manager\bot_manager.py", line 60, in run
    is_holding = self.position_manager.sync_and_audit_positions()
  File "E:\量化\bxm40\strategy\position_manager.py", line 53, in sync_and_audit_positions
    self._audit_single_position(p)
    ~~~~~~~~~~~~~~~~~~~~~~~~~~~^^^
  File "E:\量化\bxm40\strategy\position_manager.py", line 132, in _audit_single_position
    self.check_trailing_stop(p, current_price, current_atr, ai_sl)
    ~~~~~~~~~~~~~~~~~~~~~~~~^^^^^^^^^^^^^^^^^^^^^^^^^^^^^^^^^^^^^^
  File "E:\量化\bxm40\strategy\position_manager.py", line 353, in check_trailing_stop
    trend_1m = self.analyzer.get_trend_bias(df_analyzed)
                                            ^^^^^^^^^^^
NameError: name 'df_analyzed' is not defined

2026-01-25 13:40:24 [INFO] >>> 系统将自动重试...
2026-01-25 13:40:29 [INFO] === 开始新一轮扫描 ===
2026-01-25 13:40:29 [INFO] === 开始持仓巡检 ===
2026-01-25 13:40:30 [INFO] >>> 当前持有 1 个仓位:
2026-01-25 13:40:30 [INFO]    SOMIUSDT (空): 数量 -261.0, 浮盈亏 0.3132 美元, 本地止损: 0.3514
2026-01-25 13:40:42 [INFO]    >>> [AI 动态调整] SET_SL: 当前BUY_STOP挂在0.3482已有覆盖，但需要确认该价位依据1H级别阻力（近布林中轨0.3655与MA20存在较大空间，建议保持当前SL）
2026-01-25 13:40:45 [INFO]    [成功] 交易所止损单已设置 (STOP_MARKET, 触发价: 0.3482)
2026-01-25 13:40:47 [ERROR] 【异常】发生错误: name 'df_analyzed' is not defined
2026-01-25 13:40:47 [ERROR] Traceback (most recent call last):
  File "E:\量化\bxm40\manager\bot_manager.py", line 60, in run
    is_holding = self.position_manager.sync_and_audit_positions()
  File "E:\量化\bxm40\strategy\position_manager.py", line 53, in sync_and_audit_positions
    self._audit_single_position(p)
    ~~~~~~~~~~~~~~~~~~~~~~~~~~~^^^
  File "E:\量化\bxm40\strategy\position_manager.py", line 132, in _audit_single_position
    self.check_trailing_stop(p, current_price, current_atr, ai_sl)
    ~~~~~~~~~~~~~~~~~~~~~~~~^^^^^^^^^^^^^^^^^^^^^^^^^^^^^^^^^^^^^^
  File "E:\量化\bxm40\strategy\position_manager.py", line 353, in check_trailing_stop
    trend_1m = self.analyzer.get_trend_bias(df_analyzed)
                                            ^^^^^^^^^^^
NameError: name 'df_analyzed' is not defined

2026-01-25 13:40:47 [INFO] >>> 系统将自动重试...
2026-01-25 13:40:52 [INFO] === 开始新一轮扫描 ===
2026-01-25 13:40:52 [INFO] === 开始持仓巡检 ===
2026-01-25 13:40:53 [INFO] >>> 当前持有 1 个仓位:
2026-01-25 13:40:53 [INFO]    SOMIUSDT (空): 数量 -261.0, 浮盈亏 0.15192288 美元, 本地止损: 0.3514
2026-01-25 13:41:03 [INFO]    >>> [AI 动态调整] MOVE_SL: 当前止损价0.3482接近但未触及1H布林上轨0.3656，技术面该位置具有一定压力有效性
2026-01-25 13:41:07 [WARNING]    [警告] 交易所止损设置失败 (尝试 1/5)，等待 2秒后重试...
2026-01-25 13:41:08 [INFO] 
>>> 用户手动停止
2026-01-25 13:41:17 [INFO] === 量化自动交易系统启动 ===
2026-01-25 13:41:17 [INFO] >>> 正在加载模块...
2026-01-25 13:41:20 [INFO] === 开始新一轮扫描 ===
2026-01-25 13:41:20 [INFO] === 开始持仓巡检 ===
2026-01-25 13:41:21 [INFO] >>> 当前持有 1 个仓位:
2026-01-25 13:41:21 [INFO]    SOMIUSDT (空): 数量 -261.0, 浮盈亏 0.3393 美元, 本地止损: 0.3514
2026-01-25 13:41:32 [INFO]    >>> [AI 动态调整] SET_SL: 基于1H布林上轨设置止损，保护已有盈利
2026-01-25 13:41:34 [WARNING]    [警告] 交易所止损设置失败 (尝试 1/5)，等待 2秒后重试...
2026-01-25 13:41:37 [WARNING]    [警告] 交易所止损设置失败 (尝试 2/5)，等待 2秒后重试...
2026-01-25 13:41:39 [WARNING]    [警告] 交易所止损设置失败 (尝试 3/5)，等待 2秒后重试...
2026-01-25 13:41:42 [INFO]    [成功] 交易所止损单已设置 (STOP Limit, 触发价: 0.3655)
2026-01-25 13:41:42 [INFO] >>> [策略限制] 持仓中，暂停开新仓
2026-01-25 13:42:42 [INFO] === 开始新一轮扫描 ===
2026-01-25 13:42:42 [INFO] === 开始持仓巡检 ===
2026-01-25 13:42:44 [INFO] >>> 当前持有 1 个仓位:
2026-01-25 13:42:44 [INFO]    SOMIUSDT (空): 数量 -261.0, 浮盈亏 0.19501137 美元, 本地止损: 0.3514
2026-01-25 13:42:53 [INFO]    >>> [AI 动态调整] SET_SL: Current stop loss aligns well with Bollinger upper band resistance (0.365506) from 1H timeframe
2026-01-25 13:42:56 [INFO]    [成功] 交易所止损单已设置 (STOP_MARKET, 触发价: 0.3655)
2026-01-25 13:42:56 [INFO] >>> [策略限制] 持仓中，暂停开新仓
2026-01-25 13:43:56 [INFO] === 开始新一轮扫描 ===
2026-01-25 13:43:56 [INFO] === 开始持仓巡检 ===
2026-01-25 13:43:58 [INFO] >>> 当前持有 1 个仓位:
2026-01-25 13:43:58 [INFO]    SOMIUSDT (空): 数量 -261.0, 浮盈亏 0.3132 美元, 本地止损: 0.3514
2026-01-25 13:44:09 [INFO]    >>> [AI 动态调整] SET_SL: 当前开仓价为0.3451，1H级别的布林上轨为0.3655，设置止损在布林上轨附近以避免趋势逆转后的较大亏损。
2026-01-25 13:44:12 [INFO]    [成功] 交易所止损单已设置 (STOP_MARKET, 触发价: 0.3655)
2026-01-25 13:44:12 [INFO] >>> [策略限制] 持仓中，暂停开新仓
2026-01-25 13:45:12 [INFO] === 开始新一轮扫描 ===
2026-01-25 13:45:12 [INFO] === 开始持仓巡检 ===
2026-01-25 13:45:15 [INFO] >>> 当前持有 1 个仓位:
2026-01-25 13:45:15 [INFO]    SOMIUSDT (空): 数量 -261.0, 浮盈亏 0.5742 美元, 本地止损: 0.3514
2026-01-25 13:45:23 [INFO] >>> [策略限制] 持仓中，暂停开新仓
2026-01-25 13:46:23 [INFO] === 开始新一轮扫描 ===
2026-01-25 13:46:23 [INFO] === 开始持仓巡检 ===
2026-01-25 13:46:25 [INFO] >>> 当前持有 1 个仓位:
2026-01-25 13:46:25 [INFO]    SOMIUSDT (空): 数量 -261.0, 浮盈亏 -0.0261 美元, 本地止损: 0.3514
2026-01-25 13:46:40 [INFO]    >>> [AI 动态调整] SET_SL: 基于当前布林上轨(0.3657)设置的动态止损，略低于此压力位可避免滑点
2026-01-25 13:46:42 [WARNING]    [警告] 交易所止损设置失败 (尝试 1/5)，等待 2秒后重试...
2026-01-25 13:46:45 [WARNING]    [警告] 交易所止损设置失败 (尝试 2/5)，等待 2秒后重试...
2026-01-25 13:46:48 [WARNING]    [警告] 交易所止损设置失败 (尝试 3/5)，等待 2秒后重试...
2026-01-25 13:46:50 [INFO]    [成功] 交易所止损单已设置 (STOP_MARKET, 触发价: 0.3655)
2026-01-25 13:46:50 [INFO] >>> [策略限制] 持仓中，暂停开新仓
2026-01-25 13:47:50 [INFO] === 开始新一轮扫描 ===
2026-01-25 13:47:50 [INFO] === 开始持仓巡检 ===
2026-01-25 13:47:52 [INFO] >>> 当前持有 1 个仓位:
2026-01-25 13:47:52 [INFO]    SOMIUSDT (空): 数量 -261.0, 浮盈亏 0.0783 美元, 本地止损: 0.3514
2026-01-25 13:48:05 [INFO]    >>> [AI 动态调整] SET_SL: 基于1H级别的布林上轨(0.3656859542494084)，建议设置止损在此关键阻力位上方
2026-01-25 13:48:07 [WARNING]    [警告] 交易所止损设置失败 (尝试 1/5)，等待 2秒后重试...
2026-01-25 13:48:10 [INFO]    [成功] 交易所止损单已设置 (STOP Limit, 触发价: 0.3657)
2026-01-25 13:48:11 [INFO] >>> [策略限制] 持仓中，暂停开新仓
2026-01-25 13:49:11 [INFO] === 开始新一轮扫描 ===
2026-01-25 13:49:11 [INFO] === 开始持仓巡检 ===
2026-01-25 13:49:13 [INFO] >>> 当前持有 1 个仓位:
2026-01-25 13:49:13 [INFO]    SOMIUSDT (空): 数量 -261.0, 浮盈亏 -0.1305 美元, 本地止损: 0.3514
2026-01-25 13:49:23 [INFO]    >>> [AI 动态调整] SET_SL: 当前空单未设置止损，建议以1H布林上轨作为止损位
2026-01-25 13:49:25 [INFO]    [成功] 交易所止损单已设置 (STOP_MARKET, 触发价: 0.3658)
2026-01-25 13:49:26 [INFO] >>> [策略限制] 持仓中，暂停开新仓
2026-01-25 13:50:26 [INFO] === 开始新一轮扫描 ===
2026-01-25 13:50:26 [INFO] === 开始持仓巡检 ===
2026-01-25 13:50:28 [INFO] >>> 当前持有 1 个仓位:
2026-01-25 13:50:28 [INFO]    SOMIUSDT (空): 数量 -261.0, 浮盈亏 -0.4959 美元, 本地止损: 0.3514
2026-01-25 13:50:39 [INFO]    >>> [AI 动态调整] MOVE_SL: 1H级别布林上轨构成关键压力位，可作为止损参考
2026-01-25 13:50:41 [WARNING]    [警告] 交易所止损设置失败 (尝试 1/5)，等待 2秒后重试...
2026-01-25 13:50:44 [INFO]    [成功] 交易所止损单已设置 (STOP Limit, 触发价: 0.366)
2026-01-25 13:50:44 [INFO] >>> [策略限制] 持仓中，暂停开新仓
2026-01-25 13:51:44 [INFO] === 开始新一轮扫描 ===
2026-01-25 13:51:44 [INFO] === 开始持仓巡检 ===
2026-01-25 13:51:46 [INFO] >>> 当前持有 1 个仓位:
2026-01-25 13:51:46 [INFO]    SOMIUSDT (空): 数量 -261.0, 浮盈亏 -1.02519495 美元, 本地止损: 0.3514
2026-01-25 13:51:57 [INFO]    >>> [AI 动态调整] SET_SL: 当前止损价较远，建议收紧止损至当前挂单止损价
2026-01-25 13:51:59 [INFO]    [成功] 交易所止损单已设置 (STOP Limit, 触发价: 0.366)
2026-01-25 13:51:59 [INFO] >>>【智能建议】对 SOMIUSDT 执行平仓操作，理由: 资金净流入且CMF为正，与大周期趋势一致，1H级别已呈现看多趋势（且资金流入验证 CMF:0.16）
2026-01-25 13:51:59 [INFO] >>>【交易执行】正在平掉 SOMIUSDT 所有仓位...
2026-01-25 13:52:00 [INFO]    SOMIUSDT 平仓成功
2026-01-25 13:52:00 [INFO]    SOMIUSDT 已平仓
2026-01-25 13:52:00 [INFO] >>> [策略限制] 持仓中，暂停开新仓
2026-01-25 13:53:00 [INFO] === 开始新一轮扫描 ===
2026-01-25 13:53:00 [INFO] === 开始持仓巡检 ===
2026-01-25 13:53:05 [INFO]    【扫描结果】当前关注列表: ['ENSOUSDT', 'NOMUSDT', 'SOMIUSDT', 'DUSKUSDT', 'ACUUSDT']
2026-01-25 13:53:05 [INFO]    正在分析趋势与资金流...
2026-01-25 13:53:06 [INFO]    => 锁定目标: NOMUSDT (BUY_ONLY, CMF:0.18, FlowMA:7039751.60)
2026-01-25 13:53:06 [INFO]    正在深入分析 NOMUSDT ...
2026-01-25 13:53:18 [INFO] !!! 趋势信号触发: 做多 !!!
2026-01-25 13:53:18 [INFO]    【风控】建议杠杆: 10x
2026-01-25 13:53:18 [INFO]    【风控计算】风险额: 1.64, 建议仓位: 100.76
2026-01-25 13:53:18 [INFO] >>>【交易执行】准备对 NOMUSDT 执行 做多 操作，金额: 100.75802290768893，杠杆: 10倍
2026-01-25 13:53:20 [INFO]    计算下单数量: 7125.0
2026-01-25 13:53:20 [INFO] >>>【交易执行】交易成功! 订单号: 195988310
2026-01-25 13:53:22 [INFO] >>>【交易执行】设置止盈止损...
2026-01-25 13:53:23 [WARNING]    [警告] 交易所止损设置失败 (尝试 1/5)，等待 2秒后重试...
2026-01-25 13:53:26 [WARNING]    [警告] 交易所止损设置失败 (尝试 2/5)，等待 2秒后重试...
2026-01-25 13:53:28 [WARNING]    [警告] 交易所止损设置失败 (尝试 3/5)，等待 2秒后重试...
2026-01-25 13:53:31 [WARNING]    [警告] 交易所止损设置失败 (尝试 4/5)，等待 2秒后重试...
2026-01-25 13:53:34 [WARNING]    [警告] 交易所止损设置失败 (尝试 5/5)，等待 2秒后重试...
2026-01-25 13:53:36 [ERROR]    [严重错误] 交易所止损设置最终失败 (已重试5次)！请手动检查！
2026-01-25 13:53:36 [WARNING]    [警告] 止损设置失败，正在重试 (1/3)...
2026-01-25 13:53:38 [WARNING]    [警告] 交易所止损设置失败 (尝试 1/5)，等待 2秒后重试...
2026-01-25 13:53:41 [WARNING]    [警告] 交易所止损设置失败 (尝试 2/5)，等待 2秒后重试...
2026-01-25 13:53:43 [WARNING]    [警告] 交易所止损设置失败 (尝试 3/5)，等待 2秒后重试...
2026-01-25 13:53:46 [INFO]    [成功] 交易所止损单已设置 (STOP_MARKET, 触发价: 0.013924)
2026-01-25 13:53:47 [INFO]    已挂分批止盈单: 价 0.014409，量 2137.0
2026-01-25 13:53:47 [INFO]    已挂分批止盈单: 价 0.014498，量 2137.0
2026-01-25 13:53:48 [INFO]    已挂分批止盈单: 价 0.014588，量 2851.0
2026-01-25 13:53:48 [INFO] >>> 开仓成功，等待 15秒 同步...
2026-01-25 13:54:03 [INFO] >>> 本轮结束，立即开始下一轮...
2026-01-25 13:54:08 [INFO] === 开始新一轮扫描 ===
2026-01-25 13:54:08 [INFO] === 开始持仓巡检 ===
2026-01-25 13:54:09 [INFO] >>> 当前持有 1 个仓位:
2026-01-25 13:54:09 [INFO]    NOMUSDT (多): 数量 7125.0, 浮盈亏 -0.20691 美元, 本地止损: 未设置
2026-01-25 13:54:11 [INFO] >>>【移动止损】NOMUSDT 计算初始止损 (3.0 ATR)...
2026-01-25 13:54:12 [ERROR]    [严重错误] 交易所止损设置最终失败 (已重试5次)！请手动检查！
2026-01-25 13:54:12 [INFO] >>> [策略限制] 持仓中，暂停开新仓
2026-01-25 13:55:12 [INFO] === 开始新一轮扫描 ===
2026-01-25 13:55:12 [INFO] === 开始持仓巡检 ===
2026-01-25 13:55:14 [INFO] >>>【系统】检测到 NOMUSDT 仓位已平（可能触发止盈止损），清除本地状态
2026-01-25 13:55:16 [INFO]    【扫描结果】当前关注列表: ['ENSOUSDT', 'NOMUSDT', 'SOMIUSDT', 'DUSKUSDT', 'ACUUSDT']
2026-01-25 13:55:16 [INFO]    正在分析趋势与资金流...
2026-01-25 13:55:17 [INFO]    没有发现合适的趋势币种，休息 30秒...
2026-01-25 13:55:47 [INFO] >>> 本轮结束，立即开始下一轮...
2026-01-25 13:55:52 [INFO] === 开始新一轮扫描 ===
2026-01-25 13:55:52 [INFO] === 开始持仓巡检 ===
2026-01-25 13:55:54 [INFO]    【扫描结果】当前关注列表: ['ENSOUSDT', 'NOMUSDT', 'SOMIUSDT', 'DUSKUSDT', 'ACUUSDT']
2026-01-25 13:55:54 [INFO]    正在分析趋势与资金流...
2026-01-25 13:55:57 [INFO]    没有发现合适的趋势币种，休息 30秒...
2026-01-25 13:56:27 [INFO] >>> 本轮结束，立即开始下一轮...
2026-01-25 13:56:32 [INFO] === 开始新一轮扫描 ===
2026-01-25 13:56:32 [INFO] === 开始持仓巡检 ===
2026-01-25 13:56:35 [INFO]    【扫描结果】当前关注列表: ['ENSOUSDT', 'NOMUSDT', 'SOMIUSDT', 'DUSKUSDT', 'ACUUSDT']
2026-01-25 13:56:35 [INFO]    正在分析趋势与资金流...
2026-01-25 13:56:37 [INFO]    没有发现合适的趋势币种，休息 30秒...
2026-01-25 13:57:07 [INFO] >>> 本轮结束，立即开始下一轮...
2026-01-25 13:57:12 [INFO] === 开始新一轮扫描 ===
2026-01-25 13:57:12 [INFO] === 开始持仓巡检 ===
2026-01-25 13:57:15 [INFO]    【扫描结果】当前关注列表: ['ENSOUSDT', 'NOMUSDT', 'SOMIUSDT', 'DUSKUSDT', 'ACUUSDT']
2026-01-25 13:57:15 [INFO]    正在分析趋势与资金流...
2026-01-25 13:57:16 [INFO]    没有发现合适的趋势币种，休息 30秒...
2026-01-25 13:57:46 [INFO] >>> 本轮结束，立即开始下一轮...
2026-01-25 13:57:51 [INFO] === 开始新一轮扫描 ===
2026-01-25 13:57:51 [INFO] === 开始持仓巡检 ===
2026-01-25 13:57:54 [INFO]    【扫描结果】当前关注列表: ['ENSOUSDT', 'NOMUSDT', 'SOMIUSDT', 'DUSKUSDT', 'ACUUSDT']
2026-01-25 13:57:54 [INFO]    正在分析趋势与资金流...
2026-01-25 13:57:55 [INFO]    没有发现合适的趋势币种，休息 30秒...
2026-01-25 13:58:25 [INFO] >>> 本轮结束，立即开始下一轮...
2026-01-25 13:58:30 [INFO] === 开始新一轮扫描 ===
2026-01-25 13:58:30 [INFO] === 开始持仓巡检 ===
2026-01-25 13:58:33 [INFO]    【扫描结果】当前关注列表: ['ENSOUSDT', 'NOMUSDT', 'SOMIUSDT', 'DUSKUSDT', 'ACUUSDT']
2026-01-25 13:58:33 [INFO]    正在分析趋势与资金流...
2026-01-25 13:58:34 [INFO]    => 锁定目标: NOMUSDT (BUY_ONLY, CMF:0.07, FlowMA:566675.80)
2026-01-25 13:58:34 [INFO]    正在深入分析 NOMUSDT ...
2026-01-25 13:58:43 [INFO] !!! 趋势信号触发: 做多 !!!
2026-01-25 13:58:43 [INFO]    【风控】建议杠杆: 10x
2026-01-25 13:58:43 [INFO]    【风控计算】风险额: 1.60, 建议仓位: 65.21
2026-01-25 13:58:43 [INFO] >>>【交易执行】准备对 NOMUSDT 执行 做多 操作，金额: 65.21340594344036，杠杆: 10倍
2026-01-25 13:58:45 [INFO]    计算下单数量: 4553.0
2026-01-25 13:58:45 [INFO] >>>【交易执行】交易成功! 订单号: 196232855
2026-01-25 13:58:47 [INFO] >>>【交易执行】设置止盈止损...
2026-01-25 13:58:48 [INFO]    [成功] 交易所止损单已设置 (STOP Limit, 触发价: 0.013732)
2026-01-25 13:58:49 [INFO]    已挂分批止盈单: 价 0.014548，量 1365.0
2026-01-25 13:58:49 [INFO]    已挂分批止盈单: 价 0.014623，量 1365.0
2026-01-25 13:58:49 [INFO]    已挂分批止盈单: 价 0.014698，量 1823.0
2026-01-25 13:58:49 [INFO] >>> 开仓成功，等待 15秒 同步...
2026-01-25 13:59:04 [INFO] >>> 本轮结束，立即开始下一轮...
2026-01-25 13:59:09 [INFO] === 开始新一轮扫描 ===
2026-01-25 13:59:09 [INFO] === 开始持仓巡检 ===
2026-01-25 13:59:10 [INFO] >>> 当前持有 1 个仓位:
2026-01-25 13:59:10 [INFO]    NOMUSDT (多): 数量 4553.0, 浮盈亏 0.195779 美元, 本地止损: 未设置
2026-01-25 13:59:14 [INFO] >>> [策略限制] 持仓中，暂停开新仓
2026-01-25 14:00:14 [INFO] === 开始新一轮扫描 ===
2026-01-25 14:00:14 [INFO] === 开始持仓巡检 ===
2026-01-25 14:00:16 [INFO] >>> 当前持有 1 个仓位:
2026-01-25 14:00:16 [INFO]    NOMUSDT (多): 数量 4553.0, 浮盈亏 0.036424 美元, 本地止损: 未设置
2026-01-25 14:00:30 [INFO]    >>> [AI 动态调整] MOVE_SL: 当前止损设置合理，基于1H级别的关键支撑位。但需要确保止损能有效保护本金，同时避免过早被震荡打掉
2026-01-25 14:00:32 [WARNING]    [警告] 交易所止损设置失败 (尝试 1/5)，等待 2秒后重试...
2026-01-25 14:00:35 [INFO]    [成功] 交易所止损单已设置 (STOP Limit, 触发价: 0.013732)
2026-01-25 14:00:35 [INFO] >>> [策略限制] 持仓中，暂停开新仓
2026-01-25 14:01:35 [INFO] === 开始新一轮扫描 ===
2026-01-25 14:01:35 [INFO] === 开始持仓巡检 ===
2026-01-25 14:01:39 [INFO] >>> 当前持有 1 个仓位:
2026-01-25 14:01:39 [INFO]    NOMUSDT (多): 数量 4553.0, 浮盈亏 -0.14200807 美元, 本地止损: 未设置
2026-01-25 14:01:48 [INFO]    >>> [AI 动态调整] MOVE_SL: 基于1H级别布林下轨(0.0048)与当前价差过大，建议调整至近期低点支撑位上方
2026-01-25 14:01:51 [WARNING]    [警告] 交易所止损设置失败 (尝试 1/5)，等待 2秒后重试...
2026-01-25 14:01:53 [INFO]    [成功] 交易所止损单已设置 (STOP Limit, 触发价: 0.01365)
2026-01-25 14:01:54 [INFO] >>>【移动止损】NOMUSDT 触发 AI 动态止损 (支撑位)
2026-01-25 14:01:54 [INFO]    原止损: 0.01365 -> 新止损: 0.0137
2026-01-25 14:01:57 [WARNING]    [警告] 交易所止损设置失败 (尝试 1/5)，等待 2秒后重试...
2026-01-25 14:02:00 [WARNING]    [警告] 交易所止损设置失败 (尝试 2/5)，等待 2秒后重试...
2026-01-25 14:02:02 [INFO]    [成功] 交易所止损单已设置 (STOP_MARKET, 触发价: 0.013732)
2026-01-25 14:02:02 [INFO] >>> [策略限制] 持仓中，暂停开新仓
2026-01-25 14:03:02 [INFO] === 开始新一轮扫描 ===
2026-01-25 14:03:02 [INFO] === 开始持仓巡检 ===
2026-01-25 14:03:05 [INFO] >>> 当前持有 1 个仓位:
2026-01-25 14:03:05 [INFO]    NOMUSDT (多): 数量 4553.0, 浮盈亏 -0.632867 美元, 本地止损: 未设置
2026-01-25 14:03:14 [INFO]    >>> [AI 动态调整] SET_SL: 基于现有止损单价格为0.0137320进行确认设置
2026-01-25 14:03:18 [INFO]    [成功] 交易所止损单已设置 (STOP Limit, 触发价: 0.013732)
2026-01-25 14:03:18 [INFO] >>> [策略限制] 持仓中，暂停开新仓
2026-01-25 14:04:18 [INFO] === 开始新一轮扫描 ===
2026-01-25 14:04:18 [INFO] === 开始持仓巡检 ===
2026-01-25 14:04:21 [INFO] >>> 当前持有 1 个仓位:
2026-01-25 14:04:21 [INFO]    NOMUSDT (多): 数量 4553.0, 浮盈亏 0.49349967 美元, 本地止损: 未设置
2026-01-25 14:04:30 [INFO]    >>> [AI 动态调整] MOVE_SL: 提高止损保护利润，基于1H级别MA20支撑位
2026-01-25 14:04:33 [WARNING]    [警告] 交易所止损设置失败 (尝试 1/5)，等待 2秒后重试...
2026-01-25 14:04:35 [INFO]    [成功] 交易所止损单已设置 (STOP Limit, 触发价: 0.014)
2026-01-25 14:04:36 [INFO] >>> [策略限制] 持仓中，暂停开新仓
2026-01-25 14:05:36 [INFO] === 开始新一轮扫描 ===
2026-01-25 14:05:36 [INFO] === 开始持仓巡检 ===
2026-01-25 14:05:38 [INFO] >>> 当前持有 1 个仓位:
2026-01-25 14:05:38 [INFO]    NOMUSDT (多): 数量 4553.0, 浮盈亏 1.41434392 美元, 本地止损: 未设置
2026-01-25 14:05:48 [INFO]    >>> [AI 动态调整] MOVE_SL: 建议将止损上移至1H MA20均线支撑位上方(0.01001865)的安全距离，同时高于当前设置的止损价0.014000
2026-01-25 14:05:51 [INFO]    [成功] 交易所止损单已设置 (STOP Limit, 触发价: 0.014)
2026-01-25 14:05:51 [INFO] >>>【移动止损】NOMUSDT 触发快速保本止损 (>1.5%)
2026-01-25 14:05:51 [INFO]    原止损: 0.014 -> 新止损: 0.0142
2026-01-25 14:05:55 [INFO]    [成功] 交易所止损单已设置 (STOP Limit, 触发价: 0.014195)
2026-01-25 14:05:55 [INFO] >>> [策略限制] 持仓中，暂停开新仓
2026-01-25 14:06:55 [INFO] === 开始新一轮扫描 ===
2026-01-25 14:06:55 [INFO] === 开始持仓巡检 ===
2026-01-25 14:06:57 [INFO] >>> 当前持有 1 个仓位:
2026-01-25 14:06:57 [INFO]    NOMUSDT (多): 数量 1823.0, 浮盈亏 0.91343238 美元, 本地止损: 未设置
2026-01-25 14:07:00 [INFO] >>> [策略限制] 持仓中，暂停开新仓
2026-01-25 14:08:00 [INFO] === 开始新一轮扫描 ===
2026-01-25 14:08:00 [INFO] === 开始持仓巡检 ===
2026-01-25 14:08:02 [INFO] >>>【系统】检测到 NOMUSDT 仓位已平（可能触发止盈止损），清除本地状态
2026-01-25 14:08:03 [INFO] >>>【系统】发现 NOMUSDT 无持仓但有 1 个挂单，正在清理无关委托...
2026-01-25 14:08:03 [INFO]    已撤销 NOMUSDT 所有挂单
2026-01-25 14:08:06 [INFO]    【扫描结果】当前关注列表: ['ENSOUSDT', 'NOMUSDT', 'SOMIUSDT', 'DUSKUSDT', 'ACUUSDT']
2026-01-25 14:08:06 [INFO]    正在分析趋势与资金流...
2026-01-25 14:08:07 [INFO]    => 锁定目标: NOMUSDT (BUY_ONLY, CMF:0.25, FlowMA:17303133.60)
2026-01-25 14:08:07 [INFO]    正在深入分析 NOMUSDT ...
2026-01-25 14:08:21 [INFO] !!! 趋势信号触发: 做多 !!!
2026-01-25 14:08:21 [INFO]    【风控】建议杠杆: 10x
2026-01-25 14:08:22 [INFO]    【风控计算】风险额: 1.72, 建议仓位: 56.93
2026-01-25 14:08:22 [INFO] >>>【交易执行】准备对 NOMUSDT 执行 做多 操作，金额: 56.930157938404385，杠杆: 10倍
2026-01-25 14:08:23 [INFO]    计算下单数量: 3784.0
2026-01-25 14:08:23 [INFO] >>>【交易执行】交易成功! 订单号: 196882147
2026-01-25 14:08:25 [INFO] >>>【交易执行】设置止盈止损...
2026-01-25 14:08:26 [WARNING]    [警告] 交易所止损设置失败 (尝试 1/5)，等待 2秒后重试...
2026-01-25 14:08:28 [WARNING]    [警告] 交易所止损设置失败 (尝试 2/5)，等待 2秒后重试...
2026-01-25 14:08:31 [INFO]    [成功] 交易所止损单已设置 (STOP_MARKET, 触发价: 0.014406)
2026-01-25 14:08:32 [INFO]    已挂分批止盈单: 价 0.015415，量 1135.0
2026-01-25 14:08:32 [INFO]    已挂分批止盈单: 价 0.015539，量 1135.0
2026-01-25 14:08:33 [INFO]    已挂分批止盈单: 价 0.015663，量 1514.0
2026-01-25 14:08:33 [INFO] >>> 开仓成功，等待 15秒 同步...
2026-01-25 14:08:48 [INFO] >>> 本轮结束，立即开始下一轮...
2026-01-25 14:08:53 [INFO] === 开始新一轮扫描 ===
2026-01-25 14:08:53 [INFO] === 开始持仓巡检 ===
2026-01-25 14:08:54 [INFO] >>> 当前持有 1 个仓位:
2026-01-25 14:08:54 [INFO]    NOMUSDT (多): 数量 3784.0, 浮盈亏 -0.12290432 美元, 本地止损: 未设置
2026-01-25 14:08:56 [INFO] >>> [策略限制] 持仓中，暂停开新仓
2026-01-25 14:09:56 [INFO] === 开始新一轮扫描 ===
2026-01-25 14:09:56 [INFO] === 开始持仓巡检 ===
2026-01-25 14:09:58 [INFO] >>> 当前持有 1 个仓位:
2026-01-25 14:09:58 [INFO]    NOMUSDT (多): 数量 3784.0, 浮盈亏 -0.011352 美元, 本地止损: 未设置
2026-01-25 14:10:14 [INFO]    >>> [AI 动态调整] MOVE_SL: 根据1H级别MA20(0.0100397)与布林下轨(0.004728)重新计算，当前止损位0.014406过于激进，应上移至开仓价0.014907与1H布林中轨间的斐波那契50%回撤位
2026-01-25 14:10:17 [WARNING]    [警告] 交易所止损设置失败 (尝试 1/5)，等待 2秒后重试...
2026-01-25 14:10:19 [WARNING]    [警告] 交易所止损设置失败 (尝试 2/5)，等待 2秒后重试...
2026-01-25 14:10:22 [WARNING]    [警告] 交易所止损设置失败 (尝试 3/5)，等待 2秒后重试...
2026-01-25 14:10:25 [WARNING]    [警告] 交易所止损设置失败 (尝试 4/5)，等待 2秒后重试...
2026-01-25 14:10:28 [WARNING]    [警告] 交易所止损设置失败 (尝试 5/5)，等待 2秒后重试...
2026-01-25 14:10:30 [ERROR]    [严重错误] 交易所止损设置最终失败 (已重试5次)！请手动检查！
2026-01-25 14:10:31 [INFO] >>>【移动止损】NOMUSDT 初始止损采用 AI 建议值: 0.014406
2026-01-25 14:10:32 [WARNING]    [警告] 交易所止损设置失败 (尝试 1/5)，等待 2秒后重试...
2026-01-25 14:10:35 [WARNING]    [警告] 交易所止损设置失败 (尝试 2/5)，等待 2秒后重试...
2026-01-25 14:10:37 [INFO]    [成功] 交易所止损单已设置 (STOP_MARKET, 触发价: 0.014406)
2026-01-25 14:10:37 [INFO] >>> [策略限制] 持仓中，暂停开新仓
2026-01-25 14:11:37 [INFO] === 开始新一轮扫描 ===
2026-01-25 14:11:37 [INFO] === 开始持仓巡检 ===
2026-01-25 14:11:39 [INFO] >>> 当前持有 1 个仓位:
2026-01-25 14:11:39 [INFO]    NOMUSDT (多): 数量 3784.0, 浮盈亏 -0.715176 美元, 本地止损: 未设置
2026-01-25 14:11:52 [INFO]    >>> [AI 动态调整] SET_SL: 基于当前1H MA20(0.01003505)和布林下轨(0.0047404821621118256)等技术指标，0.0144060是合理的止损位
2026-01-25 14:11:54 [INFO]    [成功] 交易所止损单已设置 (STOP_MARKET, 触发价: 0.014406)
2026-01-25 14:11:55 [INFO] >>> [策略限制] 持仓中，暂停开新仓
2026-01-25 14:12:55 [INFO] === 开始新一轮扫描 ===
2026-01-25 14:12:55 [INFO] === 开始持仓巡检 ===
2026-01-25 14:12:57 [INFO] >>> 当前持有 1 个仓位:
2026-01-25 14:12:57 [INFO]    NOMUSDT (多): 数量 3784.0, 浮盈亏 -0.790856 美元, 本地止损: 未设置
2026-01-25 14:13:08 [INFO]    >>> [AI 动态调整] SET_SL: 基于当前挂单价调整止损至0.014406，略低于1H级别MA20(0.0100312)与开仓均价之间
2026-01-25 14:13:10 [INFO]    [成功] 交易所止损单已设置 (STOP_MARKET, 触发价: 0.014406)
2026-01-25 14:13:11 [INFO] >>> [策略限制] 持仓中，暂停开新仓
2026-01-25 14:14:11 [INFO] === 开始新一轮扫描 ===
2026-01-25 14:14:11 [INFO] === 开始持仓巡检 ===
2026-01-25 14:14:12 [INFO] >>> 当前持有 1 个仓位:
2026-01-25 14:14:12 [INFO]    NOMUSDT (多): 数量 3784.0, 浮盈亏 -1.11260952 美元, 本地止损: 未设置
2026-01-25 14:14:25 [INFO]    >>> [AI 动态调整] MOVE_SL: 根据1H MA20(0.01002515)和当前价格波动范围，提高止损至0.0143以保护本金
2026-01-25 14:14:27 [INFO]    [成功] 交易所止损单已设置 (STOP_MARKET, 触发价: 0.0143)
2026-01-25 14:14:27 [INFO] >>> [策略限制] 持仓中，暂停开新仓
2026-01-25 14:15:27 [INFO] === 开始新一轮扫描 ===
2026-01-25 14:15:27 [INFO] === 开始持仓巡检 ===
2026-01-25 14:15:29 [INFO] >>> 当前持有 1 个仓位:
2026-01-25 14:15:29 [INFO]    NOMUSDT (多): 数量 3784.0, 浮盈亏 -0.96484432 美元, 本地止损: 未设置
2026-01-25 14:15:42 [INFO]    >>> [AI 动态调整] MOVE_SL: 将止损价调整至1小时级别布林下轨与整数的双支撑位（0.0140）
2026-01-25 14:15:45 [WARNING]    [警告] 交易所止损设置失败 (尝试 1/5)，等待 2秒后重试...
2026-01-25 14:15:48 [INFO]    [成功] 交易所止损单已设置 (STOP_MARKET, 触发价: 0.014)
2026-01-25 14:15:48 [INFO] >>> [策略限制] 持仓中，暂停开新仓
2026-01-25 14:16:48 [INFO] === 开始新一轮扫描 ===
2026-01-25 14:16:48 [INFO] === 开始持仓巡检 ===
2026-01-25 14:16:50 [INFO] >>> 当前持有 1 个仓位:
2026-01-25 14:16:50 [INFO]    NOMUSDT (多): 数量 3784.0, 浮盈亏 -0.9083492 美元, 本地止损: 未设置
2026-01-25 14:17:15 [INFO]    >>> [AI 动态调整] MOVE_SL: 根据最近的1H级别K线形成的支撑位调整止损位置，为持仓提供更好的保护同时保留足够的波动空间。当前的止损位0.0140000过于远离现价(约4.5%风险敞口)，应调整至更接近的价格0.0145000(约1%风险敞口)。
2026-01-25 14:17:17 [INFO]    [成功] 交易所止损单已设置 (STOP_MARKET, 触发价: 0.0145)
2026-01-25 14:17:19 [INFO] >>> [策略限制] 持仓中，暂停开新仓
2026-01-25 14:18:19 [INFO] === 开始新一轮扫描 ===
2026-01-25 14:18:19 [INFO] === 开始持仓巡检 ===
2026-01-25 14:18:21 [INFO] >>>【系统】检测到 NOMUSDT 仓位已平（可能触发止盈止损），清除本地状态
2026-01-25 14:18:24 [INFO]    【扫描结果】当前关注列表: ['ENSOUSDT', 'NOMUSDT', 'SOMIUSDT', 'ACUUSDT', 'DUSKUSDT']
2026-01-25 14:18:24 [INFO]    正在分析趋势与资金流...
2026-01-25 14:18:25 [INFO]    => 锁定目标: NOMUSDT (BUY_ONLY, CMF:0.12, FlowMA:3475712.80)
2026-01-25 14:18:25 [INFO]    正在深入分析 NOMUSDT ...
2026-01-25 14:18:36 [INFO] !!! 趋势信号触发: 做多 !!!
2026-01-25 14:18:36 [INFO]    【风控】建议杠杆: 10x
2026-01-25 14:18:36 [INFO]    【风控计算】风险额: 1.62, 建议仓位: 35.62
2026-01-25 14:18:36 [INFO] >>>【交易执行】准备对 NOMUSDT 执行 做多 操作，金额: 35.62405458172372，杠杆: 10倍
2026-01-25 14:18:37 [INFO]    计算下单数量: 2338.0
2026-01-25 14:18:38 [INFO] >>>【交易执行】交易成功! 订单号: 197650626
2026-01-25 14:18:40 [INFO] >>>【交易执行】设置止盈止损...
2026-01-25 14:18:41 [WARNING]    [警告] 交易所止损设置失败 (尝试 1/5)，等待 2秒后重试...
2026-01-25 14:18:45 [WARNING]    [警告] 交易所止损设置失败 (尝试 2/5)，等待 2秒后重试...
2026-01-25 14:18:47 [INFO]    [成功] 交易所止损单已设置 (STOP_MARKET, 触发价: 0.014351)
2026-01-25 14:18:48 [INFO]    已挂分批止盈单: 价 0.015852，量 701.0
2026-01-25 14:18:48 [INFO]    已挂分批止盈单: 价 0.016059，量 701.0
2026-01-25 14:18:48 [INFO]    已挂分批止盈单: 价 0.016266，量 936.0
2026-01-25 14:18:48 [INFO] >>> 开仓成功，等待 15秒 同步...
2026-01-25 14:19:03 [INFO] >>> 本轮结束，立即开始下一轮...
2026-01-25 14:19:08 [INFO] === 开始新一轮扫描 ===
2026-01-25 14:19:08 [INFO] === 开始持仓巡检 ===
2026-01-25 14:19:09 [INFO] >>> 当前持有 1 个仓位:
2026-01-25 14:19:09 [INFO]    NOMUSDT (多): 数量 2338.0, 浮盈亏 -0.156646 美元, 本地止损: 未设置
2026-01-25 14:19:12 [INFO] >>> [策略限制] 持仓中，暂停开新仓
2026-01-25 14:20:12 [INFO] === 开始新一轮扫描 ===
2026-01-25 14:20:12 [INFO] === 开始持仓巡检 ===
2026-01-25 14:20:14 [INFO] >>> 当前持有 1 个仓位:
2026-01-25 14:20:14 [INFO]    NOMUSDT (多): 数量 2338.0, 浮盈亏 0.21935116 美元, 本地止损: 未设置
2026-01-25 14:20:22 [INFO]    >>> [AI 动态调整] MOVE_SL: 上移止损至1H布林下轨(0.00468378)+开仓均价(0.015165)*0.9
2026-01-25 14:20:25 [WARNING]    [警告] 交易所止损设置失败 (尝试 1/5)，等待 2秒后重试...
2026-01-25 14:20:28 [INFO]    [成功] 交易所止损单已设置 (STOP_MARKET, 触发价: 0.014684)
2026-01-25 14:20:28 [INFO] >>> [策略限制] 持仓中，暂停开新仓
2026-01-25 14:21:28 [INFO] === 开始新一轮扫描 ===
2026-01-25 14:21:28 [INFO] === 开始持仓巡检 ===
2026-01-25 14:21:31 [INFO] >>> 当前持有 1 个仓位:
2026-01-25 14:21:31 [INFO]    NOMUSDT (多): 数量 2338.0, 浮盈亏 -0.004676 美元, 本地止损: 未设置
2026-01-25 14:21:44 [INFO]    >>> [AI 动态调整] MOVE_SL: 当前止损价0.0146840过于激进，考虑到当前支撑位和CMF指标强势表现，适当上移止损保护利润
2026-01-25 14:21:47 [WARNING]    [警告] 交易所止损设置失败 (尝试 1/5)，等待 2秒后重试...
2026-01-25 14:21:49 [WARNING]    [警告] 交易所止损设置失败 (尝试 2/5)，等待 2秒后重试...
2026-01-25 14:21:52 [WARNING]    [警告] 交易所止损设置失败 (尝试 3/5)，等待 2秒后重试...
2026-01-25 14:21:54 [WARNING]    [警告] 交易所止损设置失败 (尝试 4/5)，等待 2秒后重试...
2026-01-25 14:21:57 [WARNING]    [警告] 交易所止损设置失败 (尝试 5/5)，等待 2秒后重试...
2026-01-25 14:21:59 [ERROR]    [严重错误] 交易所止损设置最终失败 (已重试5次)！请手动检查！
2026-01-25 14:21:59 [INFO] >>>【移动止损】NOMUSDT 初始止损采用 AI 建议值: 0.0151
2026-01-25 14:22:01 [WARNING]    [警告] 交易所止损设置失败 (尝试 1/5)，等待 2秒后重试...
2026-01-25 14:22:03 [WARNING]    [警告] 交易所止损设置失败 (尝试 2/5)，等待 2秒后重试...
2026-01-25 14:22:06 [INFO]    [成功] 交易所止损单已设置 (STOP_MARKET, 触发价: 0.0151)
2026-01-25 14:22:06 [INFO] >>> [策略限制] 持仓中，暂停开新仓
2026-01-25 14:23:06 [INFO] === 开始新一轮扫描 ===
2026-01-25 14:23:06 [INFO] === 开始持仓巡检 ===
2026-01-25 14:23:08 [INFO] >>> 当前持有 1 个仓位:
2026-01-25 14:23:08 [INFO]    NOMUSDT (多): 数量 2338.0, 浮盈亏 0.10888066 美元, 本地止损: 未设置
2026-01-25 14:23:18 [INFO]    >>> [AI 动态调整] SET_SL: Setting stop-loss slightly below current price to protect against sudden reversal
2026-01-25 14:23:20 [WARNING]    [警告] 交易所止损设置失败 (尝试 1/5)，等待 2秒后重试...
2026-01-25 14:23:22 [WARNING]    [警告] 交易所止损设置失败 (尝试 2/5)，等待 2秒后重试...
2026-01-25 14:23:25 [WARNING]    [警告] 交易所止损设置失败 (尝试 3/5)，等待 2秒后重试...
2026-01-25 14:23:27 [WARNING]    [警告] 交易所止损设置失败 (尝试 4/5)，等待 2秒后重试...
2026-01-25 14:23:30 [WARNING]    [警告] 交易所止损设置失败 (尝试 5/5)，等待 2秒后重试...
2026-01-25 14:23:32 [ERROR]    [严重错误] 交易所止损设置最终失败 (已重试5次)！请手动检查！
2026-01-25 14:23:32 [INFO] >>>【移动止损】NOMUSDT 初始止损采用 AI 建议值: 0.0151
2026-01-25 14:23:33 [WARNING]    [警告] 交易所止损设置失败 (尝试 1/5)，等待 2秒后重试...
2026-01-25 14:23:36 [WARNING]    [警告] 交易所止损设置失败 (尝试 2/5)，等待 2秒后重试...
2026-01-25 14:23:38 [WARNING]    [警告] 交易所止损设置失败 (尝试 3/5)，等待 2秒后重试...
2026-01-25 14:23:41 [WARNING]    [警告] 交易所止损设置失败 (尝试 4/5)，等待 2秒后重试...
2026-01-25 14:23:44 [WARNING]    [警告] 交易所止损设置失败 (尝试 5/5)，等待 2秒后重试...
2026-01-25 14:23:46 [ERROR]    [严重错误] 交易所止损设置最终失败 (已重试5次)！请手动检查！
2026-01-25 14:23:46 [INFO] >>> [策略限制] 持仓中，暂停开新仓
2026-01-25 14:24:46 [INFO] === 开始新一轮扫描 ===
2026-01-25 14:24:46 [INFO] === 开始持仓巡检 ===
2026-01-25 14:24:48 [INFO] >>> 当前持有 1 个仓位:
2026-01-25 14:24:48 [INFO]    NOMUSDT (多): 数量 2338.0, 浮盈亏 -0.41389614 美元, 本地止损: 未设置
2026-01-25 14:24:59 [INFO]    >>> [AI 动态调整] SET_SL: 基于1H级别MA20(0.0100454)与当前价差设置动态止损，保护本金
2026-01-25 14:25:00 [INFO]    [成功] 交易所止损单已设置 (STOP_MARKET, 触发价: 0.0145)
2026-01-25 14:25:00 [INFO] >>> [策略限制] 持仓中，暂停开新仓
2026-01-25 14:25:29 [INFO] 
>>> 用户手动停止
