timestamp,longAccount,shortAccount,longShortRatio
2026-05-06 11:20:00+00:00,0.3428,0.6572,0.5216
2026-05-06 11:25:00+00:00,0.343,0.657,0.5221
2026-05-06 11:30:00+00:00,0.3418,0.6582,0.5193
2026-05-06 11:35:00+00:00,0.3407,0.6593,0.5168
2026-05-06 11:40:00+00:00,0.3413,0.6587,0.5181
2026-05-06 11:45:00+00:00,0.3389,0.6611,0.5126
2026-05-06 11:50:00+00:00,0.3386,0.6614,0.5119
2026-05-06 11:55:00+00:00,0.3379,0.6621,0.5103
2026-05-06 12:00:00+00:00,0.3375,0.6625,0.5094
2026-05-06 12:05:00+00:00,0.3359,0.6641,0.5058
2026-05-06 12:10:00+00:00,0.3352,0.6648,0.5042
2026-05-06 12:15:00+00:00,0.3345,0.6655,0.5026
2026-05-06 12:20:00+00:00,0.3346,0.6654,0.5029
2026-05-06 12:25:00+00:00,0.3353,0.6647,0.5044
2026-05-06 12:30:00+00:00,0.3354,0.6646,0.5047
2026-05-06 12:35:00+00:00,0.3354,0.6646,0.5047
2026-05-06 12:40:00+00:00,0.3355,0.6645,0.5049
2026-05-06 12:45:00+00:00,0.3347,0.6653,0.5031
2026-05-06 12:50:00+00:00,0.3349,0.6651,0.5035
2026-05-06 12:55:00+00:00,0.3355,0.6645,0.5049
2026-05-06 13:00:00+00:00,0.3356,0.6644,0.5051
2026-05-06 13:05:00+00:00,0.3349,0.6651,0.5035
2026-05-06 13:10:00+00:00,0.3338,0.6662,0.5011
2026-05-06 13:15:00+00:00,0.3348,0.6652,0.5033
2026-05-06 13:20:00+00:00,0.3353,0.6647,0.5044
2026-05-06 13:25:00+00:00,0.3358,0.6642,0.5056
2026-05-06 13:30:00+00:00,0.3359,0.6641,0.5058
2026-05-06 13:35:00+00:00,0.3375,0.6625,0.5094
2026-05-06 13:40:00+00:00,0.338,0.662,0.5106
2026-05-06 13:45:00+00:00,0.3385,0.6615,0.5117
2026-05-06 13:50:00+00:00,0.3401,0.6599,0.5154
2026-05-06 13:55:00+00:00,0.3416,0.6584,0.5188
2026-05-06 14:00:00+00:00,0.3434,0.6566,0.523
2026-05-06 14:05:00+00:00,0.3422,0.6578,0.5202
2026-05-06 14:10:00+00:00,0.3448,0.6552,0.5263
2026-05-06 14:15:00+00:00,0.3482,0.6518,0.5342
2026-05-06 14:20:00+00:00,0.3507,0.6493,0.5401
2026-05-06 14:25:00+00:00,0.353,0.647,0.5456
2026-05-06 14:30:00+00:00,0.3548,0.6452,0.5499
2026-05-06 14:35:00+00:00,0.3561,0.6439,0.553
2026-05-06 14:40:00+00:00,0.357,0.643,0.5552
2026-05-06 14:45:00+00:00,0.3579,0.6421,0.5574
2026-05-06 14:50:00+00:00,0.3584,0.6416,0.5586
2026-05-06 14:55:00+00:00,0.358,0.642,0.5576
2026-05-06 15:00:00+00:00,0.3571,0.6429,0.5555
2026-05-06 15:05:00+00:00,0.3593,0.6407,0.5608
2026-05-06 15:10:00+00:00,0.3596,0.6404,0.5615
2026-05-06 15:15:00+00:00,0.3581,0.6419,0.5579
2026-05-06 15:20:00+00:00,0.3597,0.6403,0.5618
2026-05-06 15:25:00+00:00,0.3603,0.6397,0.5632
2026-05-06 15:30:00+00:00,0.36,0.64,0.5625
2026-05-06 15:35:00+00:00,0.3602,0.6398,0.563
2026-05-06 15:40:00+00:00,0.36,0.64,0.5625
2026-05-06 15:45:00+00:00,0.3601,0.6399,0.5627
2026-05-06 15:50:00+00:00,0.3609,0.6391,0.5647
2026-05-06 15:55:00+00:00,0.3614,0.6386,0.5659
2026-05-06 16:00:00+00:00,0.3617,0.6383,0.5667
2026-05-06 16:05:00+00:00,0.3617,0.6383,0.5667
2026-05-06 16:10:00+00:00,0.3622,0.6378,0.5679
2026-05-06 16:15:00+00:00,0.3633,0.6367,0.5706
2026-05-06 16:20:00+00:00,0.3633,0.6367,0.5706
2026-05-06 16:25:00+00:00,0.3634,0.6366,0.5708
2026-05-06 16:30:00+00:00,0.3633,0.6367,0.5706
2026-05-06 16:35:00+00:00,0.363,0.637,0.5699
2026-05-06 16:40:00+00:00,0.3635,0.6365,0.5711
2026-05-06 16:45:00+00:00,0.3635,0.6365,0.5711
2026-05-06 16:50:00+00:00,0.3636,0.6364,0.5713
2026-05-06 16:55:00+00:00,0.3634,0.6366,0.5708
2026-05-06 17:00:00+00:00,0.3634,0.6366,0.5708
2026-05-06 17:05:00+00:00,0.3637,0.6363,0.5716
2026-05-06 17:10:00+00:00,0.3639,0.6361,0.5721
2026-05-06 17:15:00+00:00,0.364,0.636,0.5723
2026-05-06 17:20:00+00:00,0.3643,0.6357,0.5731
2026-05-06 17:25:00+00:00,0.3645,0.6355,0.5736
2026-05-06 17:30:00+00:00,0.3643,0.6357,0.5731
2026-05-06 17:35:00+00:00,0.3644,0.6356,0.5733
2026-05-06 17:40:00+00:00,0.3642,0.6358,0.5728
2026-05-06 17:45:00+00:00,0.3641,0.6359,0.5726
2026-05-06 17:50:00+00:00,0.3642,0.6358,0.5728
2026-05-06 17:55:00+00:00,0.3643,0.6357,0.5731
2026-05-06 18:00:00+00:00,0.3644,0.6356,0.5733
2026-05-06 18:05:00+00:00,0.3646,0.6354,0.5738
2026-05-06 18:10:00+00:00,0.3644,0.6356,0.5733
2026-05-06 18:15:00+00:00,0.3635,0.6365,0.5711
2026-05-06 18:20:00+00:00,0.3639,0.6361,0.5721
2026-05-06 18:25:00+00:00,0.364,0.636,0.5723
2026-05-06 18:30:00+00:00,0.3641,0.6359,0.5726
2026-05-06 18:35:00+00:00,0.3643,0.6357,0.5731
2026-05-06 18:40:00+00:00,0.3643,0.6357,0.5731
2026-05-06 18:45:00+00:00,0.3644,0.6356,0.5733
2026-05-06 18:50:00+00:00,0.3646,0.6354,0.5738
2026-05-06 18:55:00+00:00,0.3645,0.6355,0.5736
2026-05-06 19:00:00+00:00,0.3646,0.6354,0.5738
2026-05-06 19:05:00+00:00,0.3649,0.6351,0.5746
2026-05-06 19:10:00+00:00,0.3649,0.6351,0.5746
2026-05-06 19:15:00+00:00,0.3643,0.6357,0.5731
2026-05-06 19:20:00+00:00,0.3646,0.6354,0.5738
2026-05-06 19:25:00+00:00,0.365,0.635,0.5748
2026-05-06 19:30:00+00:00,0.365,0.635,0.5748
2026-05-06 19:35:00+00:00,0.3652,0.6348,0.5753
2026-05-06 19:40:00+00:00,0.3654,0.6346,0.5758
2026-05-06 19:45:00+00:00,0.3657,0.6343,0.5765
2026-05-06 19:50:00+00:00,0.3659,0.6341,0.577
2026-05-06 19:55:00+00:00,0.3665,0.6335,0.5785
2026-05-06 20:00:00+00:00,0.3669,0.6331,0.5795
2026-05-06 20:05:00+00:00,0.3675,0.6325,0.581
2026-05-06 20:10:00+00:00,0.3672,0.6328,0.5803
2026-05-06 20:15:00+00:00,0.3673,0.6327,0.5805
2026-05-06 20:20:00+00:00,0.3676,0.6324,0.5813
2026-05-06 20:25:00+00:00,0.3678,0.6322,0.5818
2026-05-06 20:30:00+00:00,0.3678,0.6322,0.5818
2026-05-06 20:35:00+00:00,0.3674,0.6326,0.5808
2026-05-06 20:40:00+00:00,0.3678,0.6322,0.5818
2026-05-06 20:45:00+00:00,0.3679,0.6321,0.582
2026-05-06 20:50:00+00:00,0.368,0.632,0.5823
2026-05-06 20:55:00+00:00,0.368,0.632,0.5823
2026-05-06 21:00:00+00:00,0.3682,0.6318,0.5828
2026-05-06 21:05:00+00:00,0.3684,0.6316,0.5833
2026-05-06 21:10:00+00:00,0.3684,0.6316,0.5833
2026-05-06 21:15:00+00:00,0.3682,0.6318,0.5828
2026-05-06 21:20:00+00:00,0.3684,0.6316,0.5833
2026-05-06 21:25:00+00:00,0.3685,0.6315,0.5835
2026-05-06 21:30:00+00:00,0.3687,0.6313,0.584
2026-05-06 21:35:00+00:00,0.3688,0.6312,0.5843
2026-05-06 21:40:00+00:00,0.3691,0.6309,0.585
2026-05-06 21:45:00+00:00,0.3692,0.6308,0.5853
2026-05-06 21:50:00+00:00,0.3691,0.6309,0.585
2026-05-06 21:55:00+00:00,0.3692,0.6308,0.5853
2026-05-06 22:00:00+00:00,0.3693,0.6307,0.5855
2026-05-06 22:05:00+00:00,0.3694,0.6306,0.5858
2026-05-06 22:10:00+00:00,0.3693,0.6307,0.5855
2026-05-06 22:15:00+00:00,0.3693,0.6307,0.5855
2026-05-06 22:20:00+00:00,0.3693,0.6307,0.5855
2026-05-06 22:25:00+00:00,0.3695,0.6305,0.586
2026-05-06 22:30:00+00:00,0.3694,0.6306,0.5858
2026-05-06 22:35:00+00:00,0.3697,0.6303,0.5865
2026-05-06 22:40:00+00:00,0.3698,0.6302,0.5868
2026-05-06 22:45:00+00:00,0.3701,0.6299,0.5876
2026-05-06 22:50:00+00:00,0.3701,0.6299,0.5876
2026-05-06 22:55:00+00:00,0.3704,0.6296,0.5883
2026-05-06 23:00:00+00:00,0.3705,0.6295,0.5886
2026-05-06 23:05:00+00:00,0.3661,0.6339,0.5775
2026-05-06 23:10:00+00:00,0.3667,0.6333,0.579
2026-05-06 23:15:00+00:00,0.3667,0.6333,0.579
2026-05-06 23:20:00+00:00,0.3669,0.6331,0.5795
2026-05-06 23:25:00+00:00,0.3675,0.6325,0.581
2026-05-06 23:30:00+00:00,0.3679,0.6321,0.582
2026-05-06 23:35:00+00:00,0.3682,0.6318,0.5828
2026-05-06 23:40:00+00:00,0.3682,0.6318,0.5828
2026-05-06 23:45:00+00:00,0.3683,0.6317,0.583
2026-05-06 23:50:00+00:00,0.3686,0.6314,0.5838
2026-05-06 23:55:00+00:00,0.3689,0.6311,0.5845
2026-05-07 00:00:00+00:00,0.3695,0.6305,0.586
2026-05-07 00:05:00+00:00,0.3708,0.6292,0.5893
2026-05-07 00:10:00+00:00,0.3708,0.6292,0.5893
2026-05-07 00:15:00+00:00,0.3709,0.6291,0.5896
2026-05-07 00:20:00+00:00,0.3705,0.6295,0.5886
2026-05-07 00:25:00+00:00,0.3699,0.6301,0.587
2026-05-07 00:30:00+00:00,0.3698,0.6302,0.5868
2026-05-07 00:35:00+00:00,0.3696,0.6304,0.5863
2026-05-07 00:40:00+00:00,0.3695,0.6305,0.586
2026-05-07 00:45:00+00:00,0.3689,0.6311,0.5845
2026-05-07 00:50:00+00:00,0.3696,0.6304,0.5863
2026-05-07 00:55:00+00:00,0.3703,0.6297,0.5881
2026-05-07 01:00:00+00:00,0.3704,0.6296,0.5883
2026-05-07 01:05:00+00:00,0.3697,0.6303,0.5865
2026-05-07 01:10:00+00:00,0.3688,0.6312,0.5843
2026-05-07 01:15:00+00:00,0.37,0.63,0.5873
2026-05-07 01:20:00+00:00,0.3707,0.6293,0.5891
2026-05-07 01:25:00+00:00,0.3709,0.6291,0.5896
2026-05-07 01:30:00+00:00,0.3716,0.6284,0.5913
2026-05-07 01:35:00+00:00,0.3725,0.6275,0.5936
2026-05-07 01:40:00+00:00,0.3728,0.6272,0.5944
2026-05-07 01:45:00+00:00,0.3729,0.6271,0.5946
2026-05-07 01:50:00+00:00,0.3729,0.6271,0.5946
2026-05-07 01:55:00+00:00,0.3729,0.6271,0.5946
2026-05-07 02:00:00+00:00,0.3727,0.6273,0.5941
2026-05-07 02:05:00+00:00,0.3724,0.6276,0.5934
2026-05-07 02:10:00+00:00,0.3721,0.6279,0.5926
2026-05-07 02:15:00+00:00,0.3718,0.6282,0.5918
2026-05-07 02:20:00+00:00,0.3727,0.6273,0.5941
2026-05-07 02:25:00+00:00,0.373,0.627,0.5949
2026-05-07 02:30:00+00:00,0.373,0.627,0.5949
2026-05-07 02:35:00+00:00,0.3728,0.6272,0.5944
2026-05-07 02:40:00+00:00,0.3732,0.6268,0.5954
2026-05-07 02:45:00+00:00,0.3732,0.6268,0.5954
2026-05-07 02:50:00+00:00,0.3736,0.6264,0.5964
2026-05-07 02:55:00+00:00,0.3738,0.6262,0.5969
2026-05-07 03:00:00+00:00,0.3739,0.6261,0.5972
2026-05-07 03:05:00+00:00,0.3738,0.6262,0.5969
2026-05-07 03:10:00+00:00,0.3737,0.6263,0.5967
2026-05-07 03:15:00+00:00,0.3737,0.6263,0.5967
2026-05-07 03:20:00+00:00,0.3738,0.6262,0.5969
2026-05-07 03:25:00+00:00,0.3739,0.6261,0.5972
2026-05-07 03:30:00+00:00,0.3741,0.6259,0.5977
2026-05-07 03:35:00+00:00,0.3744,0.6256,0.5985
2026-05-07 03:40:00+00:00,0.3746,0.6254,0.599
2026-05-07 03:45:00+00:00,0.3751,0.6249,0.6003
2026-05-07 03:50:00+00:00,0.3751,0.6249,0.6003
2026-05-07 03:55:00+00:00,0.3753,0.6247,0.6008
2026-05-07 04:00:00+00:00,0.3755,0.6245,0.6013
2026-05-07 04:05:00+00:00,0.3758,0.6242,0.6021
2026-05-07 04:10:00+00:00,0.3742,0.6258,0.598
2026-05-07 04:15:00+00:00,0.3748,0.6252,0.5995
2026-05-07 04:20:00+00:00,0.3756,0.6244,0.6015
2026-05-07 04:25:00+00:00,0.3757,0.6243,0.6018
2026-05-07 04:30:00+00:00,0.3753,0.6247,0.6008
2026-05-07 04:35:00+00:00,0.3759,0.6241,0.6023
2026-05-07 04:40:00+00:00,0.376,0.624,0.6026
2026-05-07 04:45:00+00:00,0.376,0.624,0.6026
2026-05-07 04:50:00+00:00,0.3761,0.6239,0.6028
2026-05-07 04:55:00+00:00,0.3764,0.6236,0.6036
2026-05-07 05:00:00+00:00,0.3769,0.6231,0.6049
2026-05-07 05:05:00+00:00,0.3779,0.6221,0.6075
2026-05-07 05:10:00+00:00,0.3785,0.6215,0.609
2026-05-07 05:15:00+00:00,0.3791,0.6209,0.6106
2026-05-07 05:20:00+00:00,0.38,0.62,0.6129
2026-05-07 05:25:00+00:00,0.38,0.62,0.6129
2026-05-07 05:30:00+00:00,0.3801,0.6199,0.6132
2026-05-07 05:35:00+00:00,0.3806,0.6194,0.6145
2026-05-07 05:40:00+00:00,0.3806,0.6194,0.6145
2026-05-07 05:45:00+00:00,0.3808,0.6192,0.615
2026-05-07 05:50:00+00:00,0.3808,0.6192,0.615
2026-05-07 05:55:00+00:00,0.3809,0.6191,0.6152
2026-05-07 06:00:00+00:00,0.3812,0.6188,0.616
2026-05-07 06:05:00+00:00,0.3814,0.6186,0.6166
2026-05-07 06:10:00+00:00,0.3811,0.6189,0.6158
2026-05-07 06:15:00+00:00,0.381,0.619,0.6155
2026-05-07 06:20:00+00:00,0.381,0.619,0.6155
2026-05-07 06:25:00+00:00,0.3811,0.6189,0.6158
2026-05-07 06:30:00+00:00,0.3814,0.6186,0.6166
2026-05-07 06:35:00+00:00,0.3826,0.6174,0.6197
2026-05-07 06:40:00+00:00,0.3839,0.6161,0.6231
2026-05-07 06:45:00+00:00,0.3848,0.6152,0.6255
2026-05-07 06:50:00+00:00,0.385,0.615,0.626
2026-05-07 06:55:00+00:00,0.3854,0.6146,0.6271
2026-05-07 07:00:00+00:00,0.3862,0.6138,0.6292
2026-05-07 07:05:00+00:00,0.386,0.614,0.6287
2026-05-07 07:10:00+00:00,0.3861,0.6139,0.6289
2026-05-07 07:15:00+00:00,0.3868,0.6132,0.6308
2026-05-07 07:20:00+00:00,0.3866,0.6134,0.6303
2026-05-07 07:25:00+00:00,0.3856,0.6144,0.6276
2026-05-07 07:30:00+00:00,0.3851,0.6149,0.6263
2026-05-07 07:35:00+00:00,0.3851,0.6149,0.6263
2026-05-07 07:40:00+00:00,0.3853,0.6147,0.6268
2026-05-07 07:45:00+00:00,0.3844,0.6156,0.6244
2026-05-07 07:50:00+00:00,0.3839,0.6161,0.6231
2026-05-07 07:55:00+00:00,0.3817,0.6183,0.6173
2026-05-07 08:00:00+00:00,0.3813,0.6187,0.6163
2026-05-07 08:05:00+00:00,0.3818,0.6182,0.6176
2026-05-07 08:10:00+00:00,0.3822,0.6178,0.6186
2026-05-07 08:15:00+00:00,0.3821,0.6179,0.6184
2026-05-07 08:20:00+00:00,0.3811,0.6189,0.6158
2026-05-07 08:25:00+00:00,0.3804,0.6196,0.6139
2026-05-07 08:30:00+00:00,0.3805,0.6195,0.6142
2026-05-07 08:35:00+00:00,0.3809,0.6191,0.6152
2026-05-07 08:40:00+00:00,0.3803,0.6197,0.6137
2026-05-07 08:45:00+00:00,0.38,0.62,0.6129
2026-05-07 08:50:00+00:00,0.38,0.62,0.6129
2026-05-07 08:55:00+00:00,0.3808,0.6192,0.615
2026-05-07 09:00:00+00:00,0.3803,0.6197,0.6137
2026-05-07 09:05:00+00:00,0.3807,0.6193,0.6147
2026-05-07 09:10:00+00:00,0.381,0.619,0.6155
2026-05-07 09:15:00+00:00,0.3813,0.6187,0.6163
2026-05-07 09:20:00+00:00,0.3816,0.6184,0.6171
2026-05-07 09:25:00+00:00,0.3819,0.6181,0.6179
2026-05-07 09:30:00+00:00,0.3813,0.6187,0.6163
2026-05-07 09:35:00+00:00,0.3832,0.6168,0.6213
2026-05-07 09:40:00+00:00,0.3833,0.6167,0.6215
2026-05-07 09:45:00+00:00,0.3837,0.6163,0.6226
2026-05-07 09:50:00+00:00,0.3847,0.6153,0.6252
2026-05-07 09:55:00+00:00,0.3858,0.6142,0.6281
2026-05-07 10:00:00+00:00,0.3865,0.6135,0.63
2026-05-07 10:05:00+00:00,0.3874,0.6126,0.6324
2026-05-07 10:10:00+00:00,0.3884,0.6116,0.6351
2026-05-07 10:15:00+00:00,0.3901,0.6099,0.6396
2026-05-07 10:20:00+00:00,0.3905,0.6095,0.6407
2026-05-07 10:25:00+00:00,0.3903,0.6097,0.6402
2026-05-07 10:30:00+00:00,0.3862,0.6138,0.6292
2026-05-07 10:35:00+00:00,0.3881,0.6119,0.6343
2026-05-07 10:40:00+00:00,0.3899,0.6101,0.6391
2026-05-07 10:45:00+00:00,0.391,0.609,0.642
2026-05-07 10:50:00+00:00,0.3921,0.6079,0.645
2026-05-07 10:55:00+00:00,0.3923,0.6077,0.6455
2026-05-07 11:00:00+00:00,0.3925,0.6075,0.6461
2026-05-07 11:05:00+00:00,0.3932,0.6068,0.648
2026-05-07 11:10:00+00:00,0.394,0.606,0.6502
2026-05-07 11:15:00+00:00,0.3945,0.6055,0.6515
2026-05-07 11:20:00+00:00,0.3947,0.6053,0.6521
2026-05-07 11:25:00+00:00,0.395,0.605,0.6529
2026-05-07 11:30:00+00:00,0.3954,0.6046,0.654
2026-05-07 11:35:00+00:00,0.3955,0.6045,0.6543
2026-05-07 11:40:00+00:00,0.3957,0.6043,0.6548
2026-05-07 11:45:00+00:00,0.396,0.604,0.6556
2026-05-07 11:50:00+00:00,0.3961,0.6039,0.6559
2026-05-07 11:55:00+00:00,0.3954,0.6046,0.654
2026-05-07 12:00:00+00:00,0.3956,0.6044,0.6545
2026-05-07 12:05:00+00:00,0.3958,0.6042,0.6551
2026-05-07 12:10:00+00:00,0.3958,0.6042,0.6551
2026-05-07 12:15:00+00:00,0.3968,0.6032,0.6578
2026-05-07 12:20:00+00:00,0.397,0.603,0.6584
2026-05-07 12:25:00+00:00,0.397,0.603,0.6584
2026-05-07 12:30:00+00:00,0.3971,0.6029,0.6586
2026-05-07 12:35:00+00:00,0.3973,0.6027,0.6592
2026-05-07 12:40:00+00:00,0.3971,0.6029,0.6586
2026-05-07 12:45:00+00:00,0.3971,0.6029,0.6586
2026-05-07 12:50:00+00:00,0.3971,0.6029,0.6586
2026-05-07 12:55:00+00:00,0.3974,0.6026,0.6595
2026-05-07 13:00:00+00:00,0.3977,0.6023,0.6603
2026-05-07 13:05:00+00:00,0.3977,0.6023,0.6603
2026-05-07 13:10:00+00:00,0.3971,0.6029,0.6586
2026-05-07 13:15:00+00:00,0.3963,0.6037,0.6565
2026-05-07 13:20:00+00:00,0.3966,0.6034,0.6573
2026-05-07 13:25:00+00:00,0.3968,0.6032,0.6578
2026-05-07 13:30:00+00:00,0.3965,0.6035,0.657
2026-05-07 13:35:00+00:00,0.3955,0.6045,0.6543
2026-05-07 13:40:00+00:00,0.3951,0.6049,0.6532
2026-05-07 13:45:00+00:00,0.3967,0.6033,0.6576
2026-05-07 13:50:00+00:00,0.3934,0.6066,0.6485
2026-05-07 13:55:00+00:00,0.3985,0.6015,0.6625
2026-05-07 14:00:00+00:00,0.4003,0.5997,0.6675
2026-05-07 14:05:00+00:00,0.4007,0.5993,0.6686
2026-05-07 14:10:00+00:00,0.4007,0.5993,0.6686
2026-05-07 14:15:00+00:00,0.4022,0.5978,0.6728
2026-05-07 14:20:00+00:00,0.4014,0.5986,0.6706
2026-05-07 14:25:00+00:00,0.4013,0.5987,0.6703
2026-05-07 14:30:00+00:00,0.4028,0.5972,0.6745
2026-05-07 14:35:00+00:00,0.4006,0.5994,0.6683
2026-05-07 14:40:00+00:00,0.3992,0.6008,0.6644
2026-05-07 14:45:00+00:00,0.4024,0.5976,0.6734
2026-05-07 14:50:00+00:00,0.4042,0.5958,0.6784
2026-05-07 14:55:00+00:00,0.406,0.594,0.6835
2026-05-07 15:00:00+00:00,0.4059,0.5941,0.6832
2026-05-07 15:05:00+00:00,0.4067,0.5933,0.6855
2026-05-07 15:10:00+00:00,0.408,0.592,0.6892
2026-05-07 15:15:00+00:00,0.4085,0.5915,0.6906
2026-05-07 15:20:00+00:00,0.4075,0.5925,0.6878
2026-05-07 15:25:00+00:00,0.4065,0.5935,0.6849
2026-05-07 15:30:00+00:00,0.409,0.591,0.692
2026-05-07 15:35:00+00:00,0.4121,0.5879,0.701
2026-05-07 15:40:00+00:00,0.4129,0.5871,0.7033
2026-05-07 15:45:00+00:00,0.4134,0.5866,0.7047
2026-05-07 15:50:00+00:00,0.4141,0.5859,0.7068
2026-05-07 15:55:00+00:00,0.4147,0.5853,0.7085
2026-05-07 16:00:00+00:00,0.4144,0.5856,0.7077
2026-05-07 16:05:00+00:00,0.4151,0.5849,0.7097
2026-05-07 16:10:00+00:00,0.4147,0.5853,0.7085
2026-05-07 16:15:00+00:00,0.4151,0.5849,0.7097
2026-05-07 16:20:00+00:00,0.4149,0.5851,0.7091
2026-05-07 16:25:00+00:00,0.4159,0.5841,0.712
2026-05-07 16:30:00+00:00,0.4175,0.5825,0.7167
2026-05-07 16:35:00+00:00,0.4186,0.5814,0.72
2026-05-07 16:40:00+00:00,0.4186,0.5814,0.72
2026-05-07 16:45:00+00:00,0.4192,0.5808,0.7218
2026-05-07 16:50:00+00:00,0.4198,0.5802,0.7235
2026-05-07 16:55:00+00:00,0.4199,0.5801,0.7238
2026-05-07 17:00:00+00:00,0.4202,0.5798,0.7247
2026-05-07 17:05:00+00:00,0.4206,0.5794,0.7259
2026-05-07 17:10:00+00:00,0.4212,0.5788,0.7277
2026-05-07 17:15:00+00:00,0.4216,0.5784,0.7289
2026-05-07 17:20:00+00:00,0.4223,0.5777,0.731
2026-05-07 17:25:00+00:00,0.4224,0.5776,0.7313
2026-05-07 17:30:00+00:00,0.4209,0.5791,0.7268
2026-05-07 17:35:00+00:00,0.4214,0.5786,0.7283
2026-05-07 17:40:00+00:00,0.422,0.578,0.7301
2026-05-07 17:45:00+00:00,0.4224,0.5776,0.7313
2026-05-07 17:50:00+00:00,0.423,0.577,0.7331
2026-05-07 17:55:00+00:00,0.4238,0.5762,0.7355
2026-05-07 18:00:00+00:00,0.4256,0.5744,0.7409
2026-05-07 18:05:00+00:00,0.4268,0.5732,0.7446
2026-05-07 18:10:00+00:00,0.4277,0.5723,0.7473
2026-05-07 18:15:00+00:00,0.4271,0.5729,0.7455
2026-05-07 18:20:00+00:00,0.4276,0.5724,0.747
2026-05-07 18:25:00+00:00,0.4276,0.5724,0.747
2026-05-07 18:30:00+00:00,0.4276,0.5724,0.747
2026-05-07 18:35:00+00:00,0.4281,0.5719,0.7486
2026-05-07 18:40:00+00:00,0.4283,0.5717,0.7492
2026-05-07 18:45:00+00:00,0.4284,0.5716,0.7495
2026-05-07 18:50:00+00:00,0.4277,0.5723,0.7473
2026-05-07 18:55:00+00:00,0.4268,0.5732,0.7446
2026-05-07 19:00:00+00:00,0.427,0.573,0.7452
2026-05-07 19:05:00+00:00,0.4273,0.5727,0.7461
2026-05-07 19:10:00+00:00,0.4272,0.5728,0.7458
2026-05-07 19:15:00+00:00,0.4271,0.5729,0.7455
2026-05-07 19:20:00+00:00,0.4267,0.5733,0.7443
2026-05-07 19:25:00+00:00,0.4267,0.5733,0.7443
2026-05-07 19:30:00+00:00,0.4265,0.5735,0.7437
2026-05-07 19:35:00+00:00,0.4267,0.5733,0.7443
2026-05-07 19:40:00+00:00,0.4267,0.5733,0.7443
2026-05-07 19:45:00+00:00,0.4266,0.5734,0.744
2026-05-07 19:50:00+00:00,0.4264,0.5736,0.7434
2026-05-07 19:55:00+00:00,0.4269,0.5731,0.7449
2026-05-07 20:00:00+00:00,0.4269,0.5731,0.7449
2026-05-07 20:05:00+00:00,0.4274,0.5726,0.7464
2026-05-07 20:10:00+00:00,0.4274,0.5726,0.7464
2026-05-07 20:15:00+00:00,0.4273,0.5727,0.7461
2026-05-07 20:20:00+00:00,0.427,0.573,0.7452
2026-05-07 20:25:00+00:00,0.427,0.573,0.7452
2026-05-07 20:30:00+00:00,0.4269,0.5731,0.7449
2026-05-07 20:35:00+00:00,0.4271,0.5729,0.7455
2026-05-07 20:40:00+00:00,0.4264,0.5736,0.7434
2026-05-07 20:45:00+00:00,0.4258,0.5742,0.7416
2026-05-07 20:50:00+00:00,0.4259,0.5741,0.7419
2026-05-07 20:55:00+00:00,0.4259,0.5741,0.7419
2026-05-07 21:00:00+00:00,0.4253,0.5747,0.74
2026-05-07 21:05:00+00:00,0.4251,0.5749,0.7394
2026-05-07 21:10:00+00:00,0.4248,0.5752,0.7385
2026-05-07 21:15:00+00:00,0.4256,0.5744,0.7409
2026-05-07 21:20:00+00:00,0.4257,0.5743,0.7413
2026-05-07 21:25:00+00:00,0.4261,0.5739,0.7425
2026-05-07 21:30:00+00:00,0.4264,0.5736,0.7434
2026-05-07 21:35:00+00:00,0.4266,0.5734,0.744
2026-05-07 21:40:00+00:00,0.4266,0.5734,0.744
2026-05-07 21:45:00+00:00,0.4263,0.5737,0.7431
2026-05-07 21:50:00+00:00,0.4262,0.5738,0.7428
2026-05-07 21:55:00+00:00,0.4264,0.5736,0.7434
2026-05-07 22:00:00+00:00,0.4265,0.5735,0.7437
2026-05-07 22:05:00+00:00,0.4265,0.5735,0.7437
2026-05-07 22:10:00+00:00,0.4256,0.5744,0.7409
2026-05-07 22:15:00+00:00,0.4262,0.5738,0.7428
2026-05-07 22:20:00+00:00,0.4264,0.5736,0.7434
2026-05-07 22:25:00+00:00,0.4266,0.5734,0.744
2026-05-07 22:30:00+00:00,0.4267,0.5733,0.7443
2026-05-07 22:35:00+00:00,0.4274,0.5726,0.7464
2026-05-07 22:40:00+00:00,0.4275,0.5725,0.7467
2026-05-07 22:45:00+00:00,0.4277,0.5723,0.7473
2026-05-07 22:50:00+00:00,0.4279,0.5721,0.7479
2026-05-07 22:55:00+00:00,0.4281,0.5719,0.7486
2026-05-07 23:00:00+00:00,0.4281,0.5719,0.7486
2026-05-07 23:05:00+00:00,0.4286,0.5714,0.7501
2026-05-07 23:10:00+00:00,0.429,0.571,0.7513
2026-05-07 23:15:00+00:00,0.4293,0.5707,0.7522
2026-05-07 23:20:00+00:00,0.4294,0.5706,0.7525
2026-05-07 23:25:00+00:00,0.4293,0.5707,0.7522
2026-05-07 23:30:00+00:00,0.4296,0.5704,0.7532
2026-05-07 23:35:00+00:00,0.4298,0.5702,0.7538
2026-05-07 23:40:00+00:00,0.43,0.57,0.7544
2026-05-07 23:45:00+00:00,0.4299,0.5701,0.7541
2026-05-07 23:50:00+00:00,0.4303,0.5697,0.7553
2026-05-07 23:55:00+00:00,0.4307,0.5693,0.7565
2026-05-08 00:00:00+00:00,0.4307,0.5693,0.7565
2026-05-08 00:05:00+00:00,0.4307,0.5693,0.7565
2026-05-08 00:10:00+00:00,0.4312,0.5688,0.7581
2026-05-08 00:15:00+00:00,0.4315,0.5685,0.759
2026-05-08 00:20:00+00:00,0.4312,0.5688,0.7581
2026-05-08 00:25:00+00:00,0.4319,0.5681,0.7603
2026-05-08 00:30:00+00:00,0.4327,0.5673,0.7627
2026-05-08 00:35:00+00:00,0.4326,0.5674,0.7624
2026-05-08 00:40:00+00:00,0.4317,0.5683,0.7596
2026-05-08 00:45:00+00:00,0.4313,0.5687,0.7584
2026-05-08 00:50:00+00:00,0.4307,0.5693,0.7565
2026-05-08 00:55:00+00:00,0.43,0.57,0.7544
2026-05-08 01:00:00+00:00,0.4303,0.5697,0.7553
2026-05-08 01:05:00+00:00,0.4303,0.5697,0.7553
2026-05-08 01:10:00+00:00,0.4303,0.5697,0.7553
2026-05-08 01:15:00+00:00,0.43,0.57,0.7544
2026-05-08 01:20:00+00:00,0.4301,0.5699,0.7547
2026-05-08 01:25:00+00:00,0.4306,0.5694,0.7562
2026-05-08 01:30:00+00:00,0.431,0.569,0.7575
2026-05-08 01:35:00+00:00,0.4314,0.5686,0.7587
2026-05-08 01:40:00+00:00,0.4316,0.5684,0.7593
2026-05-08 01:45:00+00:00,0.4321,0.5679,0.7609
2026-05-08 01:50:00+00:00,0.4322,0.5678,0.7612
2026-05-08 01:55:00+00:00,0.432,0.568,0.7606
2026-05-08 02:00:00+00:00,0.4321,0.5679,0.7609
2026-05-08 02:05:00+00:00,0.432,0.568,0.7606
2026-05-08 02:10:00+00:00,0.4305,0.5695,0.7559
2026-05-08 02:15:00+00:00,0.4307,0.5693,0.7565
2026-05-08 02:20:00+00:00,0.4276,0.5724,0.747
2026-05-08 02:25:00+00:00,0.4278,0.5722,0.7476
2026-05-08 02:30:00+00:00,0.428,0.572,0.7483
2026-05-08 02:35:00+00:00,0.4282,0.5718,0.7489
2026-05-08 02:40:00+00:00,0.4283,0.5717,0.7492
2026-05-08 02:45:00+00:00,0.4288,0.5712,0.7507
2026-05-08 02:50:00+00:00,0.4291,0.5709,0.7516
2026-05-08 02:55:00+00:00,0.4294,0.5706,0.7525
2026-05-08 03:00:00+00:00,0.4291,0.5709,0.7516
2026-05-08 03:05:00+00:00,0.4282,0.5718,0.7489
2026-05-08 03:10:00+00:00,0.428,0.572,0.7483
2026-05-08 03:15:00+00:00,0.4283,0.5717,0.7492
2026-05-08 03:20:00+00:00,0.4295,0.5705,0.7528
2026-05-08 03:25:00+00:00,0.4299,0.5701,0.7541
2026-05-08 03:30:00+00:00,0.4302,0.5698,0.755
2026-05-08 03:35:00+00:00,0.4309,0.5691,0.7572
2026-05-08 03:40:00+00:00,0.4311,0.5689,0.7578
2026-05-08 03:45:00+00:00,0.4317,0.5683,0.7596
2026-05-08 03:50:00+00:00,0.4318,0.5682,0.7599
2026-05-08 03:55:00+00:00,0.4316,0.5684,0.7593
2026-05-08 04:00:00+00:00,0.4315,0.5685,0.759
2026-05-08 04:05:00+00:00,0.4319,0.5681,0.7603
2026-05-08 04:10:00+00:00,0.4324,0.5676,0.7618
2026-05-08 04:15:00+00:00,0.4331,0.5669,0.764
2026-05-08 04:20:00+00:00,0.4336,0.5664,0.7655
2026-05-08 04:25:00+00:00,0.4341,0.5659,0.7671
2026-05-08 04:30:00+00:00,0.4338,0.5662,0.7662
2026-05-08 04:35:00+00:00,0.4337,0.5663,0.7658
2026-05-08 04:40:00+00:00,0.4331,0.5669,0.764
2026-05-08 04:45:00+00:00,0.4316,0.5684,0.7593
2026-05-08 04:50:00+00:00,0.4314,0.5686,0.7587
2026-05-08 04:55:00+00:00,0.4314,0.5686,0.7587
2026-05-08 05:00:00+00:00,0.4315,0.5685,0.759
2026-05-08 05:05:00+00:00,0.4312,0.5688,0.7581
2026-05-08 05:10:00+00:00,0.4315,0.5685,0.759
2026-05-08 05:15:00+00:00,0.4314,0.5686,0.7587
2026-05-08 05:20:00+00:00,0.4318,0.5682,0.7599
2026-05-08 05:25:00+00:00,0.4316,0.5684,0.7593
2026-05-08 05:30:00+00:00,0.4316,0.5684,0.7593
2026-05-08 05:35:00+00:00,0.432,0.568,0.7606
2026-05-08 05:40:00+00:00,0.4323,0.5677,0.7615
2026-05-08 05:45:00+00:00,0.4328,0.5672,0.763
2026-05-08 05:50:00+00:00,0.4337,0.5663,0.7658
2026-05-08 05:55:00+00:00,0.4337,0.5663,0.7658
2026-05-08 06:00:00+00:00,0.4331,0.5669,0.764
2026-05-08 06:05:00+00:00,0.4326,0.5674,0.7624
2026-05-08 06:10:00+00:00,0.4326,0.5674,0.7624
2026-05-08 06:15:00+00:00,0.4329,0.5671,0.7634
2026-05-08 06:20:00+00:00,0.4345,0.5655,0.7683
2026-05-08 06:25:00+00:00,0.4345,0.5655,0.7683
2026-05-08 06:30:00+00:00,0.4345,0.5655,0.7683
2026-05-08 06:35:00+00:00,0.4339,0.5661,0.7665
2026-05-08 06:40:00+00:00,0.4335,0.5665,0.7652
2026-05-08 06:45:00+00:00,0.434,0.566,0.7668
2026-05-08 06:50:00+00:00,0.4339,0.5661,0.7665
2026-05-08 06:55:00+00:00,0.4339,0.5661,0.7665
2026-05-08 07:00:00+00:00,0.4337,0.5663,0.7658
2026-05-08 07:05:00+00:00,0.4335,0.5665,0.7652
2026-05-08 07:10:00+00:00,0.4336,0.5664,0.7655
2026-05-08 07:15:00+00:00,0.4337,0.5663,0.7658
2026-05-08 07:20:00+00:00,0.4338,0.5662,0.7662
2026-05-08 07:25:00+00:00,0.4339,0.5661,0.7665
2026-05-08 07:30:00+00:00,0.4336,0.5664,0.7655
2026-05-08 07:35:00+00:00,0.4342,0.5658,0.7674
2026-05-08 07:40:00+00:00,0.4349,0.5651,0.7696
2026-05-08 07:45:00+00:00,0.4352,0.5648,0.7705
2026-05-08 07:50:00+00:00,0.4356,0.5644,0.7718
2026-05-08 07:55:00+00:00,0.4361,0.5639,0.7734
2026-05-08 08:00:00+00:00,0.4363,0.5637,0.774
2026-05-08 08:05:00+00:00,0.4364,0.5636,0.7743
2026-05-08 08:10:00+00:00,0.437,0.563,0.7762
2026-05-08 08:15:00+00:00,0.4372,0.5628,0.7768
2026-05-08 08:20:00+00:00,0.4376,0.5624,0.7781
2026-05-08 08:25:00+00:00,0.438,0.562,0.7794
2026-05-08 08:30:00+00:00,0.4384,0.5616,0.7806
2026-05-08 08:35:00+00:00,0.4386,0.5614,0.7813
2026-05-08 08:40:00+00:00,0.4382,0.5618,0.78
2026-05-08 08:45:00+00:00,0.4388,0.5612,0.7819
2026-05-08 08:50:00+00:00,0.4396,0.5604,0.7844
2026-05-08 08:55:00+00:00,0.4389,0.5611,0.7822
2026-05-08 09:00:00+00:00,0.4382,0.5618,0.78
2026-05-08 09:05:00+00:00,0.4372,0.5628,0.7768
2026-05-08 09:10:00+00:00,0.4373,0.5627,0.7771
2026-05-08 09:15:00+00:00,0.4384,0.5616,0.7806
2026-05-08 09:20:00+00:00,0.438,0.562,0.7794
2026-05-08 09:25:00+00:00,0.4385,0.5615,0.7809
2026-05-08 09:30:00+00:00,0.4387,0.5613,0.7816
2026-05-08 09:35:00+00:00,0.4378,0.5622,0.7787
2026-05-08 09:40:00+00:00,0.4372,0.5628,0.7768
2026-05-08 09:45:00+00:00,0.4364,0.5636,0.7743
2026-05-08 09:50:00+00:00,0.4358,0.5642,0.7724
2026-05-08 09:55:00+00:00,0.4355,0.5645,0.7715
2026-05-08 10:00:00+00:00,0.4357,0.5643,0.7721
2026-05-08 10:05:00+00:00,0.436,0.564,0.773
2026-05-08 10:10:00+00:00,0.4352,0.5648,0.7705
2026-05-08 10:15:00+00:00,0.4352,0.5648,0.7705
2026-05-08 10:20:00+00:00,0.4351,0.5649,0.7702
2026-05-08 10:25:00+00:00,0.4348,0.5652,0.7693
2026-05-08 10:30:00+00:00,0.435,0.565,0.7699
2026-05-08 10:35:00+00:00,0.4365,0.5635,0.7746
2026-05-08 10:40:00+00:00,0.4375,0.5625,0.7778
2026-05-08 10:45:00+00:00,0.439,0.561,0.7825
2026-05-08 10:50:00+00:00,0.4385,0.5615,0.7809
2026-05-08 10:55:00+00:00,0.4401,0.5599,0.786
2026-05-08 11:00:00+00:00,0.4395,0.5605,0.7841
2026-05-08 11:05:00+00:00,0.4395,0.5605,0.7841
2026-05-08 11:10:00+00:00,0.4392,0.5608,0.7832
2026-05-08 11:15:00+00:00,0.4386,0.5614,0.7813
2026-05-08 11:20:00+00:00,0.4383,0.5617,0.7803
2026-05-08 11:25:00+00:00,0.4381,0.5619,0.7797
2026-05-08 11:30:00+00:00,0.4384,0.5616,0.7806
2026-05-08 11:35:00+00:00,0.4382,0.5618,0.78
2026-05-08 11:40:00+00:00,0.4376,0.5624,0.7781
2026-05-08 11:45:00+00:00,0.4364,0.5636,0.7743
2026-05-08 11:50:00+00:00,0.4365,0.5635,0.7746
2026-05-08 11:55:00+00:00,0.4367,0.5633,0.7753
2026-05-08 12:00:00+00:00,0.4367,0.5633,0.7753
2026-05-08 12:05:00+00:00,0.4367,0.5633,0.7753
2026-05-08 12:10:00+00:00,0.4363,0.5637,0.774
2026-05-08 12:15:00+00:00,0.4357,0.5643,0.7721
2026-05-08 12:20:00+00:00,0.436,0.564,0.773
2026-05-08 12:25:00+00:00,0.4359,0.5641,0.7727
2026-05-08 12:30:00+00:00,0.4362,0.5638,0.7737
2026-05-08 12:35:00+00:00,0.4361,0.5639,0.7734
2026-05-08 12:40:00+00:00,0.4352,0.5648,0.7705
2026-05-08 12:45:00+00:00,0.4348,0.5652,0.7693
2026-05-08 12:50:00+00:00,0.4329,0.5671,0.7634
2026-05-08 12:55:00+00:00,0.4314,0.5686,0.7587
2026-05-08 13:00:00+00:00,0.431,0.569,0.7575
2026-05-08 13:05:00+00:00,0.4306,0.5694,0.7562
2026-05-08 13:10:00+00:00,0.4287,0.5713,0.7504
2026-05-08 13:15:00+00:00,0.4266,0.5734,0.744
2026-05-08 13:20:00+00:00,0.4279,0.5721,0.7479
2026-05-08 13:25:00+00:00,0.429,0.571,0.7513
2026-05-08 13:30:00+00:00,0.4279,0.5721,0.7479
2026-05-08 13:35:00+00:00,0.4302,0.5698,0.755
2026-05-08 13:40:00+00:00,0.4304,0.5696,0.7556
2026-05-08 13:45:00+00:00,0.4298,0.5702,0.7538
2026-05-08 13:50:00+00:00,0.4304,0.5696,0.7556
2026-05-08 13:55:00+00:00,0.4314,0.5686,0.7587
2026-05-08 14:00:00+00:00,0.4316,0.5684,0.7593
2026-05-08 14:05:00+00:00,0.4337,0.5663,0.7658
2026-05-08 14:10:00+00:00,0.4347,0.5653,0.769
2026-05-08 14:15:00+00:00,0.4347,0.5653,0.769
2026-05-08 14:20:00+00:00,0.4361,0.5639,0.7734
2026-05-08 14:25:00+00:00,0.4349,0.5651,0.7696
2026-05-08 14:30:00+00:00,0.4343,0.5657,0.7677
2026-05-08 14:35:00+00:00,0.4343,0.5657,0.7677
2026-05-08 14:40:00+00:00,0.4353,0.5647,0.7709
2026-05-08 14:45:00+00:00,0.4352,0.5648,0.7705
2026-05-08 14:50:00+00:00,0.4349,0.5651,0.7696
2026-05-08 14:55:00+00:00,0.4345,0.5655,0.7683
2026-05-08 15:00:00+00:00,0.4343,0.5657,0.7677
2026-05-08 15:05:00+00:00,0.434,0.566,0.7668
2026-05-08 15:10:00+00:00,0.4339,0.5661,0.7665
2026-05-08 15:15:00+00:00,0.4339,0.5661,0.7665
2026-05-08 15:20:00+00:00,0.4341,0.5659,0.7671
2026-05-08 15:25:00+00:00,0.4346,0.5654,0.7687
2026-05-08 15:30:00+00:00,0.4364,0.5636,0.7743
2026-05-08 15:35:00+00:00,0.438,0.562,0.7794
2026-05-08 15:40:00+00:00,0.4383,0.5617,0.7803
2026-05-08 15:45:00+00:00,0.4382,0.5618,0.78
2026-05-08 15:50:00+00:00,0.4382,0.5618,0.78
2026-05-08 15:55:00+00:00,0.4378,0.5622,0.7787
2026-05-08 16:00:00+00:00,0.4374,0.5626,0.7775
2026-05-08 16:05:00+00:00,0.4361,0.5639,0.7734
2026-05-08 16:10:00+00:00,0.4361,0.5639,0.7734
2026-05-08 16:15:00+00:00,0.436,0.564,0.773
2026-05-08 16:20:00+00:00,0.4354,0.5646,0.7712
2026-05-08 16:25:00+00:00,0.4352,0.5648,0.7705
2026-05-08 16:30:00+00:00,0.4354,0.5646,0.7712
2026-05-08 16:35:00+00:00,0.4353,0.5647,0.7709
2026-05-08 16:40:00+00:00,0.4357,0.5643,0.7721
2026-05-08 16:45:00+00:00,0.4367,0.5633,0.7753
2026-05-08 16:50:00+00:00,0.4371,0.5629,0.7765
2026-05-08 16:55:00+00:00,0.4375,0.5625,0.7778
2026-05-08 17:00:00+00:00,0.4379,0.5621,0.779
2026-05-08 17:05:00+00:00,0.4386,0.5614,0.7813
2026-05-08 17:10:00+00:00,0.4389,0.5611,0.7822
2026-05-08 17:15:00+00:00,0.4387,0.5613,0.7816
2026-05-08 17:20:00+00:00,0.4391,0.5609,0.7828
2026-05-08 17:25:00+00:00,0.4391,0.5609,0.7828
2026-05-08 17:30:00+00:00,0.4396,0.5604,0.7844
2026-05-08 17:35:00+00:00,0.4389,0.5611,0.7822
2026-05-08 17:40:00+00:00,0.4388,0.5612,0.7819
2026-05-08 17:45:00+00:00,0.4387,0.5613,0.7816
2026-05-08 17:50:00+00:00,0.4387,0.5613,0.7816
2026-05-08 17:55:00+00:00,0.4386,0.5614,0.7813
2026-05-08 18:00:00+00:00,0.438,0.562,0.7794
2026-05-08 18:05:00+00:00,0.4375,0.5625,0.7778
2026-05-08 18:10:00+00:00,0.4377,0.5623,0.7784
2026-05-08 18:15:00+00:00,0.4377,0.5623,0.7784
2026-05-08 18:20:00+00:00,0.4377,0.5623,0.7784
2026-05-08 18:25:00+00:00,0.4379,0.5621,0.779
2026-05-08 18:30:00+00:00,0.4383,0.5617,0.7803
2026-05-08 18:35:00+00:00,0.4382,0.5618,0.78
2026-05-08 18:40:00+00:00,0.4379,0.5621,0.779
2026-05-08 18:45:00+00:00,0.4377,0.5623,0.7784
2026-05-08 18:50:00+00:00,0.4376,0.5624,0.7781
2026-05-08 18:55:00+00:00,0.4378,0.5622,0.7787
2026-05-08 19:00:00+00:00,0.4381,0.5619,0.7797
2026-05-08 19:05:00+00:00,0.4381,0.5619,0.7797
2026-05-08 19:10:00+00:00,0.4382,0.5618,0.78
2026-05-08 19:15:00+00:00,0.4382,0.5618,0.78
2026-05-08 19:20:00+00:00,0.4388,0.5612,0.7819
2026-05-08 19:25:00+00:00,0.4387,0.5613,0.7816
2026-05-08 19:30:00+00:00,0.4387,0.5613,0.7816
2026-05-08 19:35:00+00:00,0.4389,0.5611,0.7822
2026-05-08 19:40:00+00:00,0.4391,0.5609,0.7828
2026-05-08 19:45:00+00:00,0.4392,0.5608,0.7832
2026-05-08 19:50:00+00:00,0.4392,0.5608,0.7832
2026-05-08 19:55:00+00:00,0.4393,0.5607,0.7835
2026-05-08 20:00:00+00:00,0.4392,0.5608,0.7832
2026-05-08 20:05:00+00:00,0.4393,0.5607,0.7835
2026-05-08 20:10:00+00:00,0.4393,0.5607,0.7835
2026-05-08 20:15:00+00:00,0.4395,0.5605,0.7841
2026-05-08 20:20:00+00:00,0.4394,0.5606,0.7838
2026-05-08 20:25:00+00:00,0.4392,0.5608,0.7832
2026-05-08 20:30:00+00:00,0.439,0.561,0.7825
2026-05-08 20:35:00+00:00,0.4389,0.5611,0.7822
2026-05-08 20:40:00+00:00,0.4387,0.5613,0.7816
2026-05-08 20:45:00+00:00,0.4385,0.5615,0.7809
2026-05-08 20:50:00+00:00,0.4385,0.5615,0.7809
2026-05-08 20:55:00+00:00,0.4382,0.5618,0.78
2026-05-08 21:00:00+00:00,0.4382,0.5618,0.78
2026-05-08 21:05:00+00:00,0.4383,0.5617,0.7803
2026-05-08 21:10:00+00:00,0.4384,0.5616,0.7806
2026-05-08 21:15:00+00:00,0.4382,0.5618,0.78
2026-05-08 21:20:00+00:00,0.4383,0.5617,0.7803
2026-05-08 21:25:00+00:00,0.4384,0.5616,0.7806
2026-05-08 21:30:00+00:00,0.4383,0.5617,0.7803
2026-05-08 21:35:00+00:00,0.4387,0.5613,0.7816
2026-05-08 21:40:00+00:00,0.4387,0.5613,0.7816
2026-05-08 21:45:00+00:00,0.4386,0.5614,0.7813
2026-05-08 21:50:00+00:00,0.4387,0.5613,0.7816
2026-05-08 21:55:00+00:00,0.4387,0.5613,0.7816
2026-05-08 22:00:00+00:00,0.4388,0.5612,0.7819
2026-05-08 22:05:00+00:00,0.4385,0.5615,0.7809
2026-05-08 22:10:00+00:00,0.4386,0.5614,0.7813
2026-05-08 22:15:00+00:00,0.4388,0.5612,0.7819
2026-05-08 22:20:00+00:00,0.4389,0.5611,0.7822
2026-05-08 22:25:00+00:00,0.4388,0.5612,0.7819
2026-05-08 22:30:00+00:00,0.4388,0.5612,0.7819
2026-05-08 22:35:00+00:00,0.4389,0.5611,0.7822
2026-05-08 22:40:00+00:00,0.4389,0.5611,0.7822
2026-05-08 22:45:00+00:00,0.4387,0.5613,0.7816
2026-05-08 22:50:00+00:00,0.4388,0.5612,0.7819
2026-05-08 22:55:00+00:00,0.4388,0.5612,0.7819
2026-05-08 23:00:00+00:00,0.4388,0.5612,0.7819
2026-05-08 23:05:00+00:00,0.4386,0.5614,0.7813
2026-05-08 23:10:00+00:00,0.4383,0.5617,0.7803
2026-05-08 23:15:00+00:00,0.4383,0.5617,0.7803
2026-05-08 23:20:00+00:00,0.4385,0.5615,0.7809
2026-05-08 23:25:00+00:00,0.4386,0.5614,0.7813
2026-05-08 23:30:00+00:00,0.4386,0.5614,0.7813
2026-05-08 23:35:00+00:00,0.4383,0.5617,0.7803
2026-05-08 23:40:00+00:00,0.4382,0.5618,0.78
2026-05-08 23:45:00+00:00,0.4382,0.5618,0.78
2026-05-08 23:50:00+00:00,0.4382,0.5618,0.78
2026-05-08 23:55:00+00:00,0.4384,0.5616,0.7806
2026-05-09 00:00:00+00:00,0.4386,0.5614,0.7813
2026-05-09 00:05:00+00:00,0.4385,0.5615,0.7809
2026-05-09 00:10:00+00:00,0.4384,0.5616,0.7806
2026-05-09 00:15:00+00:00,0.4386,0.5614,0.7813
2026-05-09 00:20:00+00:00,0.4386,0.5614,0.7813
2026-05-09 00:25:00+00:00,0.4389,0.5611,0.7822
2026-05-09 00:30:00+00:00,0.4391,0.5609,0.7828
2026-05-09 00:35:00+00:00,0.4392,0.5608,0.7832
2026-05-09 00:40:00+00:00,0.4396,0.5604,0.7844
2026-05-09 00:45:00+00:00,0.4397,0.5603,0.7848
2026-05-09 00:50:00+00:00,0.44,0.56,0.7857
2026-05-09 00:55:00+00:00,0.4401,0.5599,0.786
2026-05-09 01:00:00+00:00,0.4404,0.5596,0.787
2026-05-09 01:05:00+00:00,0.4405,0.5595,0.7873
2026-05-09 01:10:00+00:00,0.4408,0.5592,0.7883
2026-05-09 01:15:00+00:00,0.441,0.559,0.7889
2026-05-09 01:20:00+00:00,0.4411,0.5589,0.7892
2026-05-09 01:25:00+00:00,0.441,0.559,0.7889
2026-05-09 01:30:00+00:00,0.441,0.559,0.7889
2026-05-09 01:35:00+00:00,0.441,0.559,0.7889
2026-05-09 01:40:00+00:00,0.4418,0.5582,0.7915
2026-05-09 01:45:00+00:00,0.442,0.558,0.7921
2026-05-09 01:50:00+00:00,0.4413,0.5587,0.7899
2026-05-09 01:55:00+00:00,0.4416,0.5584,0.7908
2026-05-09 02:00:00+00:00,0.4415,0.5585,0.7905
2026-05-09 02:05:00+00:00,0.4413,0.5587,0.7899
2026-05-09 02:10:00+00:00,0.4413,0.5587,0.7899
2026-05-09 02:15:00+00:00,0.4416,0.5584,0.7908
2026-05-09 02:20:00+00:00,0.4418,0.5582,0.7915
2026-05-09 02:25:00+00:00,0.4419,0.5581,0.7918
2026-05-09 02:30:00+00:00,0.442,0.558,0.7921
2026-05-09 02:35:00+00:00,0.4421,0.5579,0.7924
2026-05-09 02:40:00+00:00,0.442,0.558,0.7921
2026-05-09 02:45:00+00:00,0.4417,0.5583,0.7912
2026-05-09 02:50:00+00:00,0.441,0.559,0.7889
2026-05-09 02:55:00+00:00,0.4411,0.5589,0.7892
2026-05-09 03:00:00+00:00,0.4411,0.5589,0.7892
2026-05-09 03:05:00+00:00,0.4409,0.5591,0.7886
2026-05-09 03:10:00+00:00,0.4409,0.5591,0.7886
2026-05-09 03:15:00+00:00,0.4409,0.5591,0.7886
2026-05-09 03:20:00+00:00,0.4412,0.5588,0.7895
2026-05-09 03:25:00+00:00,0.4427,0.5573,0.7944
2026-05-09 03:30:00+00:00,0.4426,0.5574,0.794
2026-05-09 03:35:00+00:00,0.4422,0.5578,0.7928
2026-05-09 03:40:00+00:00,0.4416,0.5584,0.7908
2026-05-09 03:45:00+00:00,0.441,0.559,0.7889
2026-05-09 03:50:00+00:00,0.4409,0.5591,0.7886
2026-05-09 03:55:00+00:00,0.4409,0.5591,0.7886
2026-05-09 04:00:00+00:00,0.441,0.559,0.7889
2026-05-09 04:05:00+00:00,0.4411,0.5589,0.7892
2026-05-09 04:10:00+00:00,0.4417,0.5583,0.7912
2026-05-09 04:15:00+00:00,0.4412,0.5588,0.7895
2026-05-09 04:20:00+00:00,0.4411,0.5589,0.7892
2026-05-09 04:25:00+00:00,0.4413,0.5587,0.7899
2026-05-09 04:30:00+00:00,0.4411,0.5589,0.7892
2026-05-09 04:35:00+00:00,0.4408,0.5592,0.7883
2026-05-09 04:40:00+00:00,0.4409,0.5591,0.7886
2026-05-09 04:45:00+00:00,0.4406,0.5594,0.7876
2026-05-09 04:50:00+00:00,0.4408,0.5592,0.7883
2026-05-09 04:55:00+00:00,0.4409,0.5591,0.7886
2026-05-09 05:00:00+00:00,0.4407,0.5593,0.7879
2026-05-09 05:05:00+00:00,0.44,0.56,0.7857
2026-05-09 05:10:00+00:00,0.4399,0.5601,0.7854
2026-05-09 05:15:00+00:00,0.4401,0.5599,0.786
2026-05-09 05:20:00+00:00,0.44,0.56,0.7857
2026-05-09 05:25:00+00:00,0.4403,0.5597,0.7867
2026-05-09 05:30:00+00:00,0.4397,0.5603,0.7848
2026-05-09 05:35:00+00:00,0.4397,0.5603,0.7848
2026-05-09 05:40:00+00:00,0.44,0.56,0.7857
2026-05-09 05:45:00+00:00,0.4403,0.5597,0.7867
2026-05-09 05:50:00+00:00,0.4402,0.5598,0.7864
2026-05-09 05:55:00+00:00,0.4399,0.5601,0.7854
2026-05-09 06:00:00+00:00,0.4399,0.5601,0.7854
2026-05-09 06:05:00+00:00,0.4397,0.5603,0.7848
2026-05-09 06:10:00+00:00,0.4398,0.5602,0.7851
2026-05-09 06:15:00+00:00,0.44,0.56,0.7857
2026-05-09 06:20:00+00:00,0.4392,0.5608,0.7832
2026-05-09 06:25:00+00:00,0.4387,0.5613,0.7816
2026-05-09 06:30:00+00:00,0.4382,0.5618,0.78
2026-05-09 06:35:00+00:00,0.439,0.561,0.7825
2026-05-09 06:40:00+00:00,0.4395,0.5605,0.7841
2026-05-09 06:45:00+00:00,0.4393,0.5607,0.7835
2026-05-09 06:50:00+00:00,0.4388,0.5612,0.7819
2026-05-09 06:55:00+00:00,0.4382,0.5618,0.78
2026-05-09 07:00:00+00:00,0.438,0.562,0.7794
2026-05-09 07:05:00+00:00,0.4381,0.5619,0.7797
2026-05-09 07:10:00+00:00,0.4376,0.5624,0.7781
2026-05-09 07:15:00+00:00,0.4374,0.5626,0.7775
2026-05-09 07:20:00+00:00,0.4377,0.5623,0.7784
2026-05-09 07:25:00+00:00,0.438,0.562,0.7794
2026-05-09 07:30:00+00:00,0.4382,0.5618,0.78
2026-05-09 07:35:00+00:00,0.4384,0.5616,0.7806
2026-05-09 07:40:00+00:00,0.4385,0.5615,0.7809
2026-05-09 07:45:00+00:00,0.4387,0.5613,0.7816
2026-05-09 07:50:00+00:00,0.4383,0.5617,0.7803
2026-05-09 07:55:00+00:00,0.4385,0.5615,0.7809
2026-05-09 08:00:00+00:00,0.4384,0.5616,0.7806
2026-05-09 08:05:00+00:00,0.4384,0.5616,0.7806
2026-05-09 08:10:00+00:00,0.4383,0.5617,0.7803
2026-05-09 08:15:00+00:00,0.4386,0.5614,0.7813
2026-05-09 08:20:00+00:00,0.4388,0.5612,0.7819
2026-05-09 08:25:00+00:00,0.4386,0.5614,0.7813
2026-05-09 08:30:00+00:00,0.4387,0.5613,0.7816
2026-05-09 08:35:00+00:00,0.4389,0.5611,0.7822
2026-05-09 08:40:00+00:00,0.4389,0.5611,0.7822
2026-05-09 08:45:00+00:00,0.4388,0.5612,0.7819
2026-05-09 08:50:00+00:00,0.4374,0.5626,0.7775
2026-05-09 08:55:00+00:00,0.4374,0.5626,0.7775
2026-05-09 09:00:00+00:00,0.4375,0.5625,0.7778
2026-05-09 09:05:00+00:00,0.4374,0.5626,0.7775
2026-05-09 09:10:00+00:00,0.4373,0.5627,0.7771
2026-05-09 09:15:00+00:00,0.4369,0.5631,0.7759
2026-05-09 09:20:00+00:00,0.4364,0.5636,0.7743
2026-05-09 09:25:00+00:00,0.4365,0.5635,0.7746
2026-05-09 09:30:00+00:00,0.4363,0.5637,0.774
2026-05-09 09:35:00+00:00,0.4365,0.5635,0.7746
2026-05-09 09:40:00+00:00,0.4368,0.5632,0.7756
2026-05-09 09:45:00+00:00,0.4367,0.5633,0.7753
2026-05-09 09:50:00+00:00,0.4367,0.5633,0.7753
2026-05-09 09:55:00+00:00,0.4366,0.5634,0.7749
2026-05-09 10:00:00+00:00,0.4369,0.5631,0.7759
2026-05-09 10:05:00+00:00,0.4365,0.5635,0.7746
2026-05-09 10:10:00+00:00,0.4343,0.5657,0.7677
2026-05-09 10:15:00+00:00,0.4338,0.5662,0.7662
2026-05-09 10:20:00+00:00,0.4342,0.5658,0.7674
2026-05-09 10:25:00+00:00,0.434,0.566,0.7668
2026-05-09 10:30:00+00:00,0.4345,0.5655,0.7683
2026-05-09 10:35:00+00:00,0.4346,0.5654,0.7687
2026-05-09 10:40:00+00:00,0.4344,0.5656,0.768
2026-05-09 10:45:00+00:00,0.4344,0.5656,0.768
2026-05-09 10:50:00+00:00,0.4344,0.5656,0.768
2026-05-09 10:55:00+00:00,0.4342,0.5658,0.7674
2026-05-09 11:00:00+00:00,0.4342,0.5658,0.7674
2026-05-09 11:05:00+00:00,0.4359,0.5641,0.7727
2026-05-09 11:10:00+00:00,0.4362,0.5638,0.7737
2026-05-09 11:15:00+00:00,0.4363,0.5637,0.774
2026-05-09 11:20:00+00:00,0.4362,0.5638,0.7737
2026-05-09 11:25:00+00:00,0.4364,0.5636,0.7743
2026-05-09 11:30:00+00:00,0.4364,0.5636,0.7743
2026-05-09 11:35:00+00:00,0.4364,0.5636,0.7743
2026-05-09 11:40:00+00:00,0.4362,0.5638,0.7737
2026-05-09 11:45:00+00:00,0.4361,0.5639,0.7734
2026-05-09 11:50:00+00:00,0.4364,0.5636,0.7743
2026-05-09 11:55:00+00:00,0.4362,0.5638,0.7737
2026-05-09 12:00:00+00:00,0.4366,0.5634,0.7749
2026-05-09 12:05:00+00:00,0.4367,0.5633,0.7753
2026-05-09 12:10:00+00:00,0.4365,0.5635,0.7746
2026-05-09 12:15:00+00:00,0.4363,0.5637,0.774
2026-05-09 12:20:00+00:00,0.4356,0.5644,0.7718
2026-05-09 12:25:00+00:00,0.4359,0.5641,0.7727
2026-05-09 12:30:00+00:00,0.436,0.564,0.773
2026-05-09 12:35:00+00:00,0.436,0.564,0.773
2026-05-09 12:40:00+00:00,0.436,0.564,0.773
2026-05-09 12:45:00+00:00,0.436,0.564,0.773
2026-05-09 12:50:00+00:00,0.436,0.564,0.773
2026-05-09 12:55:00+00:00,0.4358,0.5642,0.7724
2026-05-09 13:00:00+00:00,0.4358,0.5642,0.7724
2026-05-09 13:05:00+00:00,0.4359,0.5641,0.7727
2026-05-09 13:10:00+00:00,0.436,0.564,0.773
2026-05-09 13:15:00+00:00,0.436,0.564,0.773
2026-05-09 13:20:00+00:00,0.436,0.564,0.773
2026-05-09 13:25:00+00:00,0.4358,0.5642,0.7724
2026-05-09 13:30:00+00:00,0.4359,0.5641,0.7727
2026-05-09 13:35:00+00:00,0.4359,0.5641,0.7727
2026-05-09 13:40:00+00:00,0.4358,0.5642,0.7724
2026-05-09 13:45:00+00:00,0.4356,0.5644,0.7718
2026-05-09 13:50:00+00:00,0.4355,0.5645,0.7715
2026-05-09 13:55:00+00:00,0.4353,0.5647,0.7709
2026-05-09 14:00:00+00:00,0.4355,0.5645,0.7715
2026-05-09 14:05:00+00:00,0.4356,0.5644,0.7718
2026-05-09 14:10:00+00:00,0.4354,0.5646,0.7712
2026-05-09 14:15:00+00:00,0.4351,0.5649,0.7702
2026-05-09 14:20:00+00:00,0.4351,0.5649,0.7702
2026-05-09 14:25:00+00:00,0.435,0.565,0.7699
2026-05-09 14:30:00+00:00,0.4337,0.5663,0.7658
2026-05-09 14:35:00+00:00,0.4336,0.5664,0.7655
2026-05-09 14:40:00+00:00,0.4332,0.5668,0.7643
2026-05-09 14:45:00+00:00,0.4331,0.5669,0.764
2026-05-09 14:50:00+00:00,0.4332,0.5668,0.7643
2026-05-09 14:55:00+00:00,0.4337,0.5663,0.7658
2026-05-09 15:00:00+00:00,0.4335,0.5665,0.7652
2026-05-09 15:05:00+00:00,0.4336,0.5664,0.7655
2026-05-09 15:10:00+00:00,0.4333,0.5667,0.7646
2026-05-09 15:15:00+00:00,0.4327,0.5673,0.7627
2026-05-09 15:20:00+00:00,0.4326,0.5674,0.7624
2026-05-09 15:25:00+00:00,0.4324,0.5676,0.7618
2026-05-09 15:30:00+00:00,0.4325,0.5675,0.7621
2026-05-09 15:35:00+00:00,0.4325,0.5675,0.7621
2026-05-09 15:40:00+00:00,0.4326,0.5674,0.7624
2026-05-09 15:45:00+00:00,0.4326,0.5674,0.7624
2026-05-09 15:50:00+00:00,0.4325,0.5675,0.7621
2026-05-09 15:55:00+00:00,0.4314,0.5686,0.7587
2026-05-09 16:00:00+00:00,0.4309,0.5691,0.7572
2026-05-09 16:05:00+00:00,0.4308,0.5692,0.7569
2026-05-09 16:10:00+00:00,0.4309,0.5691,0.7572
2026-05-09 16:15:00+00:00,0.4309,0.5691,0.7572
2026-05-09 16:20:00+00:00,0.4314,0.5686,0.7587
2026-05-09 16:25:00+00:00,0.4326,0.5674,0.7624
2026-05-09 16:30:00+00:00,0.4323,0.5677,0.7615
2026-05-09 16:35:00+00:00,0.4319,0.5681,0.7603
2026-05-09 16:40:00+00:00,0.432,0.568,0.7606
2026-05-09 16:45:00+00:00,0.4317,0.5683,0.7596
2026-05-09 16:50:00+00:00,0.4316,0.5684,0.7593
2026-05-09 16:55:00+00:00,0.4311,0.5689,0.7578
2026-05-09 17:00:00+00:00,0.4312,0.5688,0.7581
2026-05-09 17:05:00+00:00,0.4315,0.5685,0.759
2026-05-09 17:10:00+00:00,0.4318,0.5682,0.7599
2026-05-09 17:15:00+00:00,0.4318,0.5682,0.7599
2026-05-09 17:20:00+00:00,0.4318,0.5682,0.7599
2026-05-09 17:25:00+00:00,0.4315,0.5685,0.759
2026-05-09 17:30:00+00:00,0.4319,0.5681,0.7603
2026-05-09 17:35:00+00:00,0.4322,0.5678,0.7612
2026-05-09 17:40:00+00:00,0.4314,0.5686,0.7587
2026-05-09 17:45:00+00:00,0.431,0.569,0.7575
2026-05-09 17:50:00+00:00,0.4302,0.5698,0.755
2026-05-09 17:55:00+00:00,0.4299,0.5701,0.7541
2026-05-09 18:00:00+00:00,0.4294,0.5706,0.7525
2026-05-09 18:05:00+00:00,0.4297,0.5703,0.7535
2026-05-09 18:10:00+00:00,0.4277,0.5723,0.7473
2026-05-09 18:15:00+00:00,0.4271,0.5729,0.7455
2026-05-09 18:20:00+00:00,0.4272,0.5728,0.7458
2026-05-09 18:25:00+00:00,0.4272,0.5728,0.7458
2026-05-09 18:30:00+00:00,0.4264,0.5736,0.7434
2026-05-09 18:35:00+00:00,0.4258,0.5742,0.7416
2026-05-09 18:40:00+00:00,0.4253,0.5747,0.74
2026-05-09 18:45:00+00:00,0.4252,0.5748,0.7397
2026-05-09 18:50:00+00:00,0.425,0.575,0.7391
2026-05-09 18:55:00+00:00,0.4252,0.5748,0.7397
2026-05-09 19:00:00+00:00,0.4251,0.5749,0.7394
2026-05-09 19:05:00+00:00,0.425,0.575,0.7391
2026-05-09 19:10:00+00:00,0.4247,0.5753,0.7382
2026-05-09 19:15:00+00:00,0.4246,0.5754,0.7379
2026-05-09 19:20:00+00:00,0.4243,0.5757,0.737
2026-05-09 19:25:00+00:00,0.4243,0.5757,0.737
2026-05-09 19:30:00+00:00,0.424,0.576,0.7361
2026-05-09 19:35:00+00:00,0.4235,0.5765,0.7346
2026-05-09 19:40:00+00:00,0.4233,0.5767,0.734
2026-05-09 19:45:00+00:00,0.4234,0.5766,0.7343
2026-05-09 19:50:00+00:00,0.4234,0.5766,0.7343
2026-05-09 19:55:00+00:00,0.4236,0.5764,0.7349
2026-05-09 20:00:00+00:00,0.4234,0.5766,0.7343
2026-05-09 20:05:00+00:00,0.4236,0.5764,0.7349
2026-05-09 20:10:00+00:00,0.4245,0.5755,0.7376
2026-05-09 20:15:00+00:00,0.4245,0.5755,0.7376
2026-05-09 20:20:00+00:00,0.4244,0.5756,0.7373
2026-05-09 20:25:00+00:00,0.4242,0.5758,0.7367
2026-05-09 20:30:00+00:00,0.424,0.576,0.7361
2026-05-09 20:35:00+00:00,0.4241,0.5759,0.7364
2026-05-09 20:40:00+00:00,0.424,0.576,0.7361
2026-05-09 20:45:00+00:00,0.424,0.576,0.7361
2026-05-09 20:50:00+00:00,0.4239,0.5761,0.7358
2026-05-09 20:55:00+00:00,0.4239,0.5761,0.7358
2026-05-09 21:00:00+00:00,0.4239,0.5761,0.7358
2026-05-09 21:05:00+00:00,0.4239,0.5761,0.7358
2026-05-09 21:10:00+00:00,0.4239,0.5761,0.7358
2026-05-09 21:15:00+00:00,0.4239,0.5761,0.7358
2026-05-09 21:20:00+00:00,0.424,0.576,0.7361
2026-05-09 21:25:00+00:00,0.4237,0.5763,0.7352
2026-05-09 21:30:00+00:00,0.4235,0.5765,0.7346
2026-05-09 21:35:00+00:00,0.4235,0.5765,0.7346
2026-05-09 21:40:00+00:00,0.4234,0.5766,0.7343
2026-05-09 21:45:00+00:00,0.4233,0.5767,0.734
2026-05-09 21:50:00+00:00,0.4231,0.5769,0.7334
2026-05-09 21:55:00+00:00,0.4231,0.5769,0.7334
2026-05-09 22:00:00+00:00,0.4232,0.5768,0.7337
2026-05-09 22:05:00+00:00,0.4231,0.5769,0.7334
2026-05-09 22:10:00+00:00,0.4229,0.5771,0.7328
2026-05-09 22:15:00+00:00,0.4227,0.5773,0.7322
2026-05-09 22:20:00+00:00,0.4227,0.5773,0.7322
2026-05-09 22:25:00+00:00,0.422,0.578,0.7301
2026-05-09 22:30:00+00:00,0.4221,0.5779,0.7304
2026-05-09 22:35:00+00:00,0.4218,0.5782,0.7295
2026-05-09 22:40:00+00:00,0.4217,0.5783,0.7292
2026-05-09 22:45:00+00:00,0.4217,0.5783,0.7292
2026-05-09 22:50:00+00:00,0.4219,0.5781,0.7298
2026-05-09 22:55:00+00:00,0.4219,0.5781,0.7298
2026-05-09 23:00:00+00:00,0.4217,0.5783,0.7292
2026-05-09 23:05:00+00:00,0.4224,0.5776,0.7313
2026-05-09 23:10:00+00:00,0.4223,0.5777,0.731
2026-05-09 23:15:00+00:00,0.4221,0.5779,0.7304
2026-05-09 23:20:00+00:00,0.4219,0.5781,0.7298
2026-05-09 23:25:00+00:00,0.4217,0.5783,0.7292
2026-05-09 23:30:00+00:00,0.4215,0.5785,0.7286
2026-05-09 23:35:00+00:00,0.421,0.579,0.7271
2026-05-09 23:40:00+00:00,0.421,0.579,0.7271
2026-05-09 23:45:00+00:00,0.4209,0.5791,0.7268
2026-05-09 23:50:00+00:00,0.4212,0.5788,0.7277
2026-05-09 23:55:00+00:00,0.4212,0.5788,0.7277
2026-05-10 00:00:00+00:00,0.4206,0.5794,0.7259
2026-05-10 00:05:00+00:00,0.4208,0.5792,0.7265
2026-05-10 00:10:00+00:00,0.4203,0.5797,0.725
2026-05-10 00:15:00+00:00,0.4205,0.5795,0.7256
2026-05-10 00:20:00+00:00,0.4206,0.5794,0.7259
2026-05-10 00:25:00+00:00,0.421,0.579,0.7271
2026-05-10 00:30:00+00:00,0.4209,0.5791,0.7268
2026-05-10 00:35:00+00:00,0.4208,0.5792,0.7265
2026-05-10 00:40:00+00:00,0.4208,0.5792,0.7265
2026-05-10 00:45:00+00:00,0.4213,0.5787,0.728
2026-05-10 00:50:00+00:00,0.4215,0.5785,0.7286
2026-05-10 00:55:00+00:00,0.4213,0.5787,0.728
2026-05-10 01:00:00+00:00,0.4212,0.5788,0.7277
2026-05-10 01:05:00+00:00,0.4211,0.5789,0.7274
2026-05-10 01:10:00+00:00,0.4209,0.5791,0.7268
2026-05-10 01:15:00+00:00,0.4209,0.5791,0.7268
2026-05-10 01:20:00+00:00,0.4211,0.5789,0.7274
2026-05-10 01:25:00+00:00,0.4208,0.5792,0.7265
2026-05-10 01:30:00+00:00,0.4205,0.5795,0.7256
2026-05-10 01:35:00+00:00,0.4205,0.5795,0.7256
2026-05-10 01:40:00+00:00,0.4202,0.5798,0.7247
2026-05-10 01:45:00+00:00,0.4202,0.5798,0.7247
2026-05-10 01:50:00+00:00,0.4202,0.5798,0.7247
2026-05-10 01:55:00+00:00,0.4204,0.5796,0.7253
2026-05-10 02:00:00+00:00,0.4205,0.5795,0.7256
2026-05-10 02:05:00+00:00,0.4207,0.5793,0.7262
2026-05-10 02:10:00+00:00,0.4207,0.5793,0.7262
2026-05-10 02:15:00+00:00,0.4207,0.5793,0.7262
2026-05-10 02:20:00+00:00,0.4206,0.5794,0.7259
2026-05-10 02:25:00+00:00,0.4205,0.5795,0.7256
2026-05-10 02:30:00+00:00,0.4212,0.5788,0.7277
2026-05-10 02:35:00+00:00,0.4214,0.5786,0.7283
2026-05-10 02:40:00+00:00,0.422,0.578,0.7301
2026-05-10 02:45:00+00:00,0.4222,0.5778,0.7307
2026-05-10 02:50:00+00:00,0.4226,0.5774,0.7319
2026-05-10 02:55:00+00:00,0.4229,0.5771,0.7328
2026-05-10 03:00:00+00:00,0.423,0.577,0.7331
2026-05-10 03:05:00+00:00,0.4235,0.5765,0.7346
2026-05-10 03:10:00+00:00,0.4237,0.5763,0.7352
2026-05-10 03:15:00+00:00,0.4237,0.5763,0.7352
2026-05-10 03:20:00+00:00,0.4237,0.5763,0.7352
2026-05-10 03:25:00+00:00,0.4237,0.5763,0.7352
2026-05-10 03:30:00+00:00,0.4236,0.5764,0.7349
2026-05-10 03:35:00+00:00,0.4236,0.5764,0.7349
2026-05-10 03:40:00+00:00,0.4238,0.5762,0.7355
2026-05-10 03:45:00+00:00,0.4239,0.5761,0.7358
2026-05-10 03:50:00+00:00,0.424,0.576,0.7361
2026-05-10 03:55:00+00:00,0.4241,0.5759,0.7364
2026-05-10 04:00:00+00:00,0.4243,0.5757,0.737
2026-05-10 04:05:00+00:00,0.4246,0.5754,0.7379
2026-05-10 04:10:00+00:00,0.4246,0.5754,0.7379
2026-05-10 04:15:00+00:00,0.4243,0.5757,0.737
2026-05-10 04:20:00+00:00,0.4245,0.5755,0.7376
2026-05-10 04:25:00+00:00,0.4244,0.5756,0.7373
2026-05-10 04:30:00+00:00,0.4244,0.5756,0.7373
2026-05-10 04:35:00+00:00,0.4246,0.5754,0.7379
2026-05-10 04:40:00+00:00,0.4246,0.5754,0.7379
2026-05-10 04:45:00+00:00,0.4248,0.5752,0.7385
2026-05-10 04:50:00+00:00,0.4246,0.5754,0.7379
2026-05-10 04:55:00+00:00,0.4246,0.5754,0.7379
2026-05-10 05:00:00+00:00,0.4246,0.5754,0.7379
2026-05-10 05:05:00+00:00,0.4245,0.5755,0.7376
2026-05-10 05:10:00+00:00,0.4244,0.5756,0.7373
2026-05-10 05:15:00+00:00,0.4245,0.5755,0.7376
2026-05-10 05:20:00+00:00,0.4246,0.5754,0.7379
2026-05-10 05:25:00+00:00,0.4248,0.5752,0.7385
2026-05-10 05:30:00+00:00,0.4252,0.5748,0.7397
2026-05-10 05:35:00+00:00,0.425,0.575,0.7391
2026-05-10 05:40:00+00:00,0.425,0.575,0.7391
2026-05-10 05:45:00+00:00,0.4249,0.5751,0.7388
2026-05-10 05:50:00+00:00,0.4246,0.5754,0.7379
2026-05-10 05:55:00+00:00,0.4245,0.5755,0.7376
2026-05-10 06:00:00+00:00,0.4242,0.5758,0.7367
2026-05-10 06:05:00+00:00,0.4241,0.5759,0.7364
2026-05-10 06:10:00+00:00,0.4243,0.5757,0.737
2026-05-10 06:15:00+00:00,0.4242,0.5758,0.7367
2026-05-10 06:20:00+00:00,0.4243,0.5757,0.737
2026-05-10 06:25:00+00:00,0.4243,0.5757,0.737
2026-05-10 06:30:00+00:00,0.4241,0.5759,0.7364
2026-05-10 06:35:00+00:00,0.4239,0.5761,0.7358
2026-05-10 06:40:00+00:00,0.4238,0.5762,0.7355
2026-05-10 06:45:00+00:00,0.4237,0.5763,0.7352
2026-05-10 06:50:00+00:00,0.4239,0.5761,0.7358
2026-05-10 06:55:00+00:00,0.4241,0.5759,0.7364
2026-05-10 07:00:00+00:00,0.4242,0.5758,0.7367
2026-05-10 07:05:00+00:00,0.4245,0.5755,0.7376
2026-05-10 07:10:00+00:00,0.4245,0.5755,0.7376
2026-05-10 07:15:00+00:00,0.4246,0.5754,0.7379
2026-05-10 07:20:00+00:00,0.4246,0.5754,0.7379
2026-05-10 07:25:00+00:00,0.4248,0.5752,0.7385
2026-05-10 07:30:00+00:00,0.4248,0.5752,0.7385
2026-05-10 07:35:00+00:00,0.425,0.575,0.7391
2026-05-10 07:40:00+00:00,0.425,0.575,0.7391
2026-05-10 07:45:00+00:00,0.425,0.575,0.7391
2026-05-10 07:50:00+00:00,0.4252,0.5748,0.7397
2026-05-10 07:55:00+00:00,0.4254,0.5746,0.7403
2026-05-10 08:00:00+00:00,0.4254,0.5746,0.7403
2026-05-10 08:05:00+00:00,0.4252,0.5748,0.7397
2026-05-10 08:10:00+00:00,0.4251,0.5749,0.7394
2026-05-10 08:15:00+00:00,0.4254,0.5746,0.7403
2026-05-10 08:20:00+00:00,0.4252,0.5748,0.7397
2026-05-10 08:25:00+00:00,0.4248,0.5752,0.7385
2026-05-10 08:30:00+00:00,0.4251,0.5749,0.7394
2026-05-10 08:35:00+00:00,0.4252,0.5748,0.7397
2026-05-10 08:40:00+00:00,0.4253,0.5747,0.74
2026-05-10 08:45:00+00:00,0.4253,0.5747,0.74
2026-05-10 08:50:00+00:00,0.4254,0.5746,0.7403
2026-05-10 08:55:00+00:00,0.4255,0.5745,0.7406
2026-05-10 09:00:00+00:00,0.4255,0.5745,0.7406
2026-05-10 09:05:00+00:00,0.4257,0.5743,0.7413
2026-05-10 09:10:00+00:00,0.4258,0.5742,0.7416
2026-05-10 09:15:00+00:00,0.4259,0.5741,0.7419
2026-05-10 09:20:00+00:00,0.4259,0.5741,0.7419
2026-05-10 09:25:00+00:00,0.4258,0.5742,0.7416
2026-05-10 09:30:00+00:00,0.4258,0.5742,0.7416
2026-05-10 09:35:00+00:00,0.4258,0.5742,0.7416
2026-05-10 09:40:00+00:00,0.4257,0.5743,0.7413
2026-05-10 09:45:00+00:00,0.4256,0.5744,0.7409
2026-05-10 09:50:00+00:00,0.4257,0.5743,0.7413
2026-05-10 09:55:00+00:00,0.4257,0.5743,0.7413
2026-05-10 10:00:00+00:00,0.4257,0.5743,0.7413
2026-05-10 10:05:00+00:00,0.4258,0.5742,0.7416
2026-05-10 10:10:00+00:00,0.4244,0.5756,0.7373
2026-05-10 10:15:00+00:00,0.425,0.575,0.7391
2026-05-10 10:20:00+00:00,0.4246,0.5754,0.7379
2026-05-10 10:25:00+00:00,0.4243,0.5757,0.737
2026-05-10 10:30:00+00:00,0.4244,0.5756,0.7373
2026-05-10 10:35:00+00:00,0.4245,0.5755,0.7376
2026-05-10 10:40:00+00:00,0.4245,0.5755,0.7376
2026-05-10 10:45:00+00:00,0.4243,0.5757,0.737
2026-05-10 10:50:00+00:00,0.4243,0.5757,0.737
2026-05-10 10:55:00+00:00,0.4243,0.5757,0.737
2026-05-10 11:00:00+00:00,0.4246,0.5754,0.7379
2026-05-10 11:05:00+00:00,0.425,0.575,0.7391
2026-05-10 11:10:00+00:00,0.4249,0.5751,0.7388
2026-05-10 11:15:00+00:00,0.4249,0.5751,0.7388
2026-05-10 11:20:00+00:00,0.4249,0.5751,0.7388
2026-05-10 11:25:00+00:00,0.4249,0.5751,0.7388
2026-05-10 11:30:00+00:00,0.425,0.575,0.7391
2026-05-10 11:35:00+00:00,0.4249,0.5751,0.7388
2026-05-10 11:40:00+00:00,0.4249,0.5751,0.7388
2026-05-10 11:45:00+00:00,0.4248,0.5752,0.7385
2026-05-10 11:50:00+00:00,0.425,0.575,0.7391
2026-05-10 11:55:00+00:00,0.425,0.575,0.7391
2026-05-10 12:00:00+00:00,0.4249,0.5751,0.7388
2026-05-10 12:05:00+00:00,0.4247,0.5753,0.7382
2026-05-10 12:10:00+00:00,0.4247,0.5753,0.7382
2026-05-10 12:15:00+00:00,0.4247,0.5753,0.7382
2026-05-10 12:20:00+00:00,0.4248,0.5752,0.7385
2026-05-10 12:25:00+00:00,0.4247,0.5753,0.7382
2026-05-10 12:30:00+00:00,0.4247,0.5753,0.7382
2026-05-10 12:35:00+00:00,0.4249,0.5751,0.7388
2026-05-10 12:40:00+00:00,0.4249,0.5751,0.7388
2026-05-10 12:45:00+00:00,0.425,0.575,0.7391
2026-05-10 12:50:00+00:00,0.4251,0.5749,0.7394
2026-05-10 12:55:00+00:00,0.425,0.575,0.7391
2026-05-10 13:00:00+00:00,0.4248,0.5752,0.7385
2026-05-10 13:05:00+00:00,0.4249,0.5751,0.7388
2026-05-10 13:10:00+00:00,0.4247,0.5753,0.7382
2026-05-10 13:15:00+00:00,0.4248,0.5752,0.7385
2026-05-10 13:20:00+00:00,0.4248,0.5752,0.7385
2026-05-10 13:25:00+00:00,0.4253,0.5747,0.74
2026-05-10 13:30:00+00:00,0.4252,0.5748,0.7397
2026-05-10 13:35:00+00:00,0.4255,0.5745,0.7406
2026-05-10 13:40:00+00:00,0.4258,0.5742,0.7416
2026-05-10 13:45:00+00:00,0.4256,0.5744,0.7409
2026-05-10 13:50:00+00:00,0.4257,0.5743,0.7413
2026-05-10 13:55:00+00:00,0.4256,0.5744,0.7409
2026-05-10 14:00:00+00:00,0.4255,0.5745,0.7406
2026-05-10 14:05:00+00:00,0.4253,0.5747,0.74
2026-05-10 14:10:00+00:00,0.425,0.575,0.7391
2026-05-10 14:15:00+00:00,0.4252,0.5748,0.7397
2026-05-10 14:20:00+00:00,0.4249,0.5751,0.7388
2026-05-10 14:25:00+00:00,0.4246,0.5754,0.7379
2026-05-10 14:30:00+00:00,0.4245,0.5755,0.7376
2026-05-10 14:35:00+00:00,0.4246,0.5754,0.7379
2026-05-10 14:40:00+00:00,0.4247,0.5753,0.7382
2026-05-10 14:45:00+00:00,0.4248,0.5752,0.7385
2026-05-10 14:50:00+00:00,0.4245,0.5755,0.7376
2026-05-10 14:55:00+00:00,0.4238,0.5762,0.7355
2026-05-10 15:00:00+00:00,0.4239,0.5761,0.7358
2026-05-10 15:05:00+00:00,0.4222,0.5778,0.7307
2026-05-10 15:10:00+00:00,0.4219,0.5781,0.7298
2026-05-10 15:15:00+00:00,0.4218,0.5782,0.7295
2026-05-10 15:20:00+00:00,0.4219,0.5781,0.7298
2026-05-10 15:25:00+00:00,0.4216,0.5784,0.7289
2026-05-10 15:30:00+00:00,0.4215,0.5785,0.7286
2026-05-10 15:35:00+00:00,0.4213,0.5787,0.728
2026-05-10 15:40:00+00:00,0.4213,0.5787,0.728
2026-05-10 15:45:00+00:00,0.4223,0.5777,0.731
2026-05-10 15:50:00+00:00,0.421,0.579,0.7271
2026-05-10 15:55:00+00:00,0.4186,0.5814,0.72
2026-05-10 16:00:00+00:00,0.4175,0.5825,0.7167
2026-05-10 16:05:00+00:00,0.4163,0.5837,0.7132
2026-05-10 16:10:00+00:00,0.4146,0.5854,0.7082
2026-05-10 16:15:00+00:00,0.4144,0.5856,0.7077
2026-05-10 16:20:00+00:00,0.4123,0.5877,0.7015
2026-05-10 16:25:00+00:00,0.4111,0.5889,0.6981
2026-05-10 16:30:00+00:00,0.411,0.589,0.6978
2026-05-10 16:35:00+00:00,0.4108,0.5892,0.6972
2026-05-10 16:40:00+00:00,0.4114,0.5886,0.6989
2026-05-10 16:45:00+00:00,0.4117,0.5883,0.6998
2026-05-10 16:50:00+00:00,0.4117,0.5883,0.6998
2026-05-10 16:55:00+00:00,0.4115,0.5885,0.6992
2026-05-10 17:00:00+00:00,0.4115,0.5885,0.6992
2026-05-10 17:05:00+00:00,0.4114,0.5886,0.6989
2026-05-10 17:10:00+00:00,0.4111,0.5889,0.6981
2026-05-10 17:15:00+00:00,0.4109,0.5891,0.6975
2026-05-10 17:20:00+00:00,0.4108,0.5892,0.6972
2026-05-10 17:25:00+00:00,0.4112,0.5888,0.6984
2026-05-10 17:30:00+00:00,0.4111,0.5889,0.6981
2026-05-10 17:35:00+00:00,0.4111,0.5889,0.6981
2026-05-10 17:40:00+00:00,0.411,0.589,0.6978
2026-05-10 17:45:00+00:00,0.4109,0.5891,0.6975
2026-05-10 17:50:00+00:00,0.4107,0.5893,0.6969
2026-05-10 17:55:00+00:00,0.4103,0.5897,0.6958
2026-05-10 18:00:00+00:00,0.4101,0.5899,0.6952
2026-05-10 18:05:00+00:00,0.4099,0.5901,0.6946
2026-05-10 18:10:00+00:00,0.4097,0.5903,0.6941
2026-05-10 18:15:00+00:00,0.4096,0.5904,0.6938
2026-05-10 18:20:00+00:00,0.4091,0.5909,0.6923
2026-05-10 18:25:00+00:00,0.4091,0.5909,0.6923
2026-05-10 18:30:00+00:00,0.4091,0.5909,0.6923
2026-05-10 18:35:00+00:00,0.4088,0.5912,0.6915
2026-05-10 18:40:00+00:00,0.4085,0.5915,0.6906
2026-05-10 18:45:00+00:00,0.4083,0.5917,0.69
2026-05-10 18:50:00+00:00,0.4082,0.5918,0.6898
2026-05-10 18:55:00+00:00,0.4088,0.5912,0.6915
2026-05-10 19:00:00+00:00,0.4089,0.5911,0.6918
2026-05-10 19:05:00+00:00,0.4079,0.5921,0.6889
2026-05-10 19:10:00+00:00,0.4081,0.5919,0.6895
2026-05-10 19:15:00+00:00,0.408,0.592,0.6892
2026-05-10 19:20:00+00:00,0.4078,0.5922,0.6886
2026-05-10 19:25:00+00:00,0.4078,0.5922,0.6886
2026-05-10 19:30:00+00:00,0.4077,0.5923,0.6883
2026-05-10 19:35:00+00:00,0.4075,0.5925,0.6878
2026-05-10 19:40:00+00:00,0.4074,0.5926,0.6875
2026-05-10 19:45:00+00:00,0.4075,0.5925,0.6878
2026-05-10 19:50:00+00:00,0.4073,0.5927,0.6872
2026-05-10 19:55:00+00:00,0.407,0.593,0.6863
2026-05-10 20:00:00+00:00,0.4069,0.5931,0.6861
2026-05-10 20:05:00+00:00,0.4069,0.5931,0.6861
2026-05-10 20:10:00+00:00,0.4069,0.5931,0.6861
2026-05-10 20:15:00+00:00,0.4078,0.5922,0.6886
2026-05-10 20:20:00+00:00,0.4071,0.5929,0.6866
2026-05-10 20:25:00+00:00,0.4069,0.5931,0.6861
2026-05-10 20:30:00+00:00,0.4068,0.5932,0.6858
2026-05-10 20:35:00+00:00,0.4052,0.5948,0.6812
2026-05-10 20:40:00+00:00,0.4062,0.5938,0.6841
2026-05-10 20:45:00+00:00,0.4053,0.5947,0.6815
2026-05-10 20:50:00+00:00,0.4016,0.5984,0.6711
2026-05-10 20:55:00+00:00,0.4026,0.5974,0.6739
2026-05-10 21:00:00+00:00,0.4024,0.5976,0.6734
2026-05-10 21:05:00+00:00,0.4016,0.5984,0.6711
2026-05-10 21:10:00+00:00,0.4016,0.5984,0.6711
2026-05-10 21:15:00+00:00,0.4012,0.5988,0.67
2026-05-10 21:20:00+00:00,0.4009,0.5991,0.6692
2026-05-10 21:25:00+00:00,0.4017,0.5983,0.6714
2026-05-10 21:30:00+00:00,0.4024,0.5976,0.6734
2026-05-10 21:35:00+00:00,0.4028,0.5972,0.6745
2026-05-10 21:40:00+00:00,0.4027,0.5973,0.6742
2026-05-10 21:45:00+00:00,0.4026,0.5974,0.6739
2026-05-10 21:50:00+00:00,0.4028,0.5972,0.6745
2026-05-10 21:55:00+00:00,0.4032,0.5968,0.6756
2026-05-10 22:00:00+00:00,0.4027,0.5973,0.6742
2026-05-10 22:05:00+00:00,0.4025,0.5975,0.6736
2026-05-10 22:10:00+00:00,0.4008,0.5992,0.6689
2026-05-10 22:15:00+00:00,0.4002,0.5998,0.6672
2026-05-10 22:20:00+00:00,0.4,0.6,0.6667
2026-05-10 22:25:00+00:00,0.3995,0.6005,0.6653
2026-05-10 22:30:00+00:00,0.3991,0.6009,0.6642
2026-05-10 22:35:00+00:00,0.3976,0.6024,0.66
2026-05-10 22:40:00+00:00,0.3962,0.6038,0.6562
2026-05-10 22:45:00+00:00,0.395,0.605,0.6529
2026-05-10 22:50:00+00:00,0.3945,0.6055,0.6515
2026-05-10 22:55:00+00:00,0.3936,0.6064,0.6491
2026-05-10 23:00:00+00:00,0.3934,0.6066,0.6485
2026-05-10 23:05:00+00:00,0.3926,0.6074,0.6464
2026-05-10 23:10:00+00:00,0.3919,0.6081,0.6445
2026-05-10 23:15:00+00:00,0.3907,0.6093,0.6412
2026-05-10 23:20:00+00:00,0.3892,0.6108,0.6372
2026-05-10 23:25:00+00:00,0.3873,0.6127,0.6321
2026-05-10 23:30:00+00:00,0.3866,0.6134,0.6303
2026-05-10 23:35:00+00:00,0.3858,0.6142,0.6281
2026-05-10 23:40:00+00:00,0.3852,0.6148,0.6265
2026-05-10 23:45:00+00:00,0.3848,0.6152,0.6255
2026-05-10 23:50:00+00:00,0.3845,0.6155,0.6247
2026-05-10 23:55:00+00:00,0.3835,0.6165,0.6221
2026-05-11 00:00:00+00:00,0.3819,0.6181,0.6179
2026-05-11 00:05:00+00:00,0.3812,0.6188,0.616
2026-05-11 00:10:00+00:00,0.3792,0.6208,0.6108
2026-05-11 00:15:00+00:00,0.378,0.622,0.6077
2026-05-11 00:20:00+00:00,0.3804,0.6196,0.6139
2026-05-11 00:25:00+00:00,0.3836,0.6164,0.6223
2026-05-11 00:30:00+00:00,0.3847,0.6153,0.6252
2026-05-11 00:35:00+00:00,0.3853,0.6147,0.6268
2026-05-11 00:40:00+00:00,0.3855,0.6145,0.6273
2026-05-11 00:45:00+00:00,0.3864,0.6136,0.6297
2026-05-11 00:50:00+00:00,0.3878,0.6122,0.6335
2026-05-11 00:55:00+00:00,0.3881,0.6119,0.6343
2026-05-11 01:00:00+00:00,0.3894,0.6106,0.6377
2026-05-11 01:05:00+00:00,0.3895,0.6105,0.638
2026-05-11 01:10:00+00:00,0.3901,0.6099,0.6396
2026-05-11 01:15:00+00:00,0.3912,0.6088,0.6426
2026-05-11 01:20:00+00:00,0.3928,0.6072,0.6469
2026-05-11 01:25:00+00:00,0.3935,0.6065,0.6488
2026-05-11 01:30:00+00:00,0.3937,0.6063,0.6493
2026-05-11 01:35:00+00:00,0.394,0.606,0.6502
2026-05-11 01:40:00+00:00,0.394,0.606,0.6502
2026-05-11 01:45:00+00:00,0.394,0.606,0.6502
2026-05-11 01:50:00+00:00,0.3937,0.6063,0.6493
2026-05-11 01:55:00+00:00,0.3941,0.6059,0.6504
2026-05-11 02:00:00+00:00,0.3941,0.6059,0.6504
2026-05-11 02:05:00+00:00,0.3946,0.6054,0.6518
2026-05-11 02:10:00+00:00,0.3948,0.6052,0.6523
2026-05-11 02:15:00+00:00,0.3949,0.6051,0.6526
2026-05-11 02:20:00+00:00,0.3954,0.6046,0.654
2026-05-11 02:25:00+00:00,0.3956,0.6044,0.6545
2026-05-11 02:30:00+00:00,0.3959,0.6041,0.6554
2026-05-11 02:35:00+00:00,0.3954,0.6046,0.654
2026-05-11 02:40:00+00:00,0.3956,0.6044,0.6545
2026-05-11 02:45:00+00:00,0.3959,0.6041,0.6554
2026-05-11 02:50:00+00:00,0.3967,0.6033,0.6576
2026-05-11 02:55:00+00:00,0.3973,0.6027,0.6592
2026-05-11 03:00:00+00:00,0.3974,0.6026,0.6595
2026-05-11 03:05:00+00:00,0.3974,0.6026,0.6595
2026-05-11 03:10:00+00:00,0.3978,0.6022,0.6606
2026-05-11 03:15:00+00:00,0.4007,0.5993,0.6686
2026-05-11 03:20:00+00:00,0.4045,0.5955,0.6793
2026-05-11 03:25:00+00:00,0.406,0.594,0.6835
2026-05-11 03:30:00+00:00,0.4078,0.5922,0.6886
2026-05-11 03:35:00+00:00,0.4094,0.5906,0.6932
2026-05-11 03:40:00+00:00,0.4101,0.5899,0.6952
2026-05-11 03:45:00+00:00,0.4123,0.5877,0.7015
2026-05-11 03:50:00+00:00,0.4139,0.5861,0.7062
2026-05-11 03:55:00+00:00,0.4148,0.5852,0.7088
2026-05-11 04:00:00+00:00,0.4154,0.5846,0.7106
2026-05-11 04:05:00+00:00,0.4156,0.5844,0.7112
2026-05-11 04:10:00+00:00,0.4164,0.5836,0.7135
2026-05-11 04:15:00+00:00,0.4166,0.5834,0.7141
2026-05-11 04:20:00+00:00,0.4169,0.5831,0.715
2026-05-11 04:25:00+00:00,0.4175,0.5825,0.7167
2026-05-11 04:30:00+00:00,0.4184,0.5816,0.7194
2026-05-11 04:35:00+00:00,0.4193,0.5807,0.7221
2026-05-11 04:40:00+00:00,0.4203,0.5797,0.725
2026-05-11 04:45:00+00:00,0.421,0.579,0.7271
2026-05-11 04:50:00+00:00,0.4217,0.5783,0.7292
2026-05-11 04:55:00+00:00,0.4231,0.5769,0.7334
2026-05-11 05:00:00+00:00,0.4238,0.5762,0.7355
2026-05-11 05:05:00+00:00,0.4243,0.5757,0.737
2026-05-11 05:10:00+00:00,0.4248,0.5752,0.7385
2026-05-11 05:15:00+00:00,0.425,0.575,0.7391
2026-05-11 05:20:00+00:00,0.4254,0.5746,0.7403
2026-05-11 05:25:00+00:00,0.4259,0.5741,0.7419
2026-05-11 05:30:00+00:00,0.4261,0.5739,0.7425
2026-05-11 05:35:00+00:00,0.4267,0.5733,0.7443
2026-05-11 05:40:00+00:00,0.4265,0.5735,0.7437
2026-05-11 05:45:00+00:00,0.4262,0.5738,0.7428
2026-05-11 05:50:00+00:00,0.4262,0.5738,0.7428
2026-05-11 05:55:00+00:00,0.4261,0.5739,0.7425
2026-05-11 06:00:00+00:00,0.4263,0.5737,0.7431
2026-05-11 06:05:00+00:00,0.4263,0.5737,0.7431
2026-05-11 06:10:00+00:00,0.4265,0.5735,0.7437
2026-05-11 06:15:00+00:00,0.4266,0.5734,0.744
2026-05-11 06:20:00+00:00,0.4268,0.5732,0.7446
2026-05-11 06:25:00+00:00,0.427,0.573,0.7452
2026-05-11 06:30:00+00:00,0.4271,0.5729,0.7455
2026-05-11 06:35:00+00:00,0.427,0.573,0.7452
2026-05-11 06:40:00+00:00,0.4268,0.5732,0.7446
2026-05-11 06:45:00+00:00,0.4267,0.5733,0.7443
2026-05-11 06:50:00+00:00,0.426,0.574,0.7422
2026-05-11 06:55:00+00:00,0.4261,0.5739,0.7425
2026-05-11 07:00:00+00:00,0.4264,0.5736,0.7434
2026-05-11 07:05:00+00:00,0.4258,0.5742,0.7416
2026-05-11 07:10:00+00:00,0.4244,0.5756,0.7373
2026-05-11 07:15:00+00:00,0.4244,0.5756,0.7373
2026-05-11 07:20:00+00:00,0.4243,0.5757,0.737
2026-05-11 07:25:00+00:00,0.4245,0.5755,0.7376
2026-05-11 07:30:00+00:00,0.4245,0.5755,0.7376
2026-05-11 07:35:00+00:00,0.4247,0.5753,0.7382
2026-05-11 07:40:00+00:00,0.4248,0.5752,0.7385
2026-05-11 07:45:00+00:00,0.4248,0.5752,0.7385
2026-05-11 07:50:00+00:00,0.4249,0.5751,0.7388
2026-05-11 07:55:00+00:00,0.4251,0.5749,0.7394
2026-05-11 08:00:00+00:00,0.4251,0.5749,0.7394
2026-05-11 08:05:00+00:00,0.4254,0.5746,0.7403
2026-05-11 08:10:00+00:00,0.4253,0.5747,0.74
2026-05-11 08:15:00+00:00,0.4252,0.5748,0.7397
2026-05-11 08:20:00+00:00,0.4256,0.5744,0.7409
2026-05-11 08:25:00+00:00,0.4261,0.5739,0.7425
2026-05-11 08:30:00+00:00,0.4263,0.5737,0.7431
2026-05-11 08:35:00+00:00,0.4261,0.5739,0.7425
2026-05-11 08:40:00+00:00,0.4263,0.5737,0.7431
2026-05-11 08:45:00+00:00,0.4268,0.5732,0.7446
2026-05-11 08:50:00+00:00,0.4277,0.5723,0.7473
2026-05-11 08:55:00+00:00,0.428,0.572,0.7483
2026-05-11 09:00:00+00:00,0.4283,0.5717,0.7492
2026-05-11 09:05:00+00:00,0.4284,0.5716,0.7495
2026-05-11 09:10:00+00:00,0.429,0.571,0.7513
2026-05-11 09:15:00+00:00,0.4295,0.5705,0.7528
2026-05-11 09:20:00+00:00,0.4299,0.5701,0.7541
2026-05-11 09:25:00+00:00,0.4299,0.5701,0.7541
2026-05-11 09:30:00+00:00,0.43,0.57,0.7544
2026-05-11 09:35:00+00:00,0.43,0.57,0.7544
2026-05-11 09:40:00+00:00,0.4298,0.5702,0.7538
2026-05-11 09:45:00+00:00,0.4296,0.5704,0.7532
2026-05-11 09:50:00+00:00,0.4296,0.5704,0.7532
2026-05-11 09:55:00+00:00,0.4298,0.5702,0.7538
2026-05-11 10:00:00+00:00,0.43,0.57,0.7544
2026-05-11 10:05:00+00:00,0.4298,0.5702,0.7538
2026-05-11 10:10:00+00:00,0.4287,0.5713,0.7504
2026-05-11 10:15:00+00:00,0.4294,0.5706,0.7525
2026-05-11 10:20:00+00:00,0.4306,0.5694,0.7562
2026-05-11 10:25:00+00:00,0.4307,0.5693,0.7565
2026-05-11 10:30:00+00:00,0.4311,0.5689,0.7578
2026-05-11 10:35:00+00:00,0.4311,0.5689,0.7578
2026-05-11 10:40:00+00:00,0.4305,0.5695,0.7559
2026-05-11 10:45:00+00:00,0.4303,0.5697,0.7553
2026-05-11 10:50:00+00:00,0.4301,0.5699,0.7547
2026-05-11 10:55:00+00:00,0.4301,0.5699,0.7547
2026-05-11 11:00:00+00:00,0.429,0.571,0.7513
2026-05-11 11:05:00+00:00,0.4287,0.5713,0.7504
2026-05-11 11:10:00+00:00,0.4286,0.5714,0.7501
2026-05-11 11:15:00+00:00,0.4281,0.5719,0.7486
2026-05-11 11:20:00+00:00,0.4281,0.5719,0.7486
2026-05-11 11:25:00+00:00,0.4281,0.5719,0.7486
2026-05-11 11:30:00+00:00,0.4282,0.5718,0.7489
2026-05-11 11:35:00+00:00,0.4286,0.5714,0.7501
2026-05-11 11:40:00+00:00,0.4287,0.5713,0.7504
2026-05-11 11:45:00+00:00,0.4288,0.5712,0.7507
2026-05-11 11:50:00+00:00,0.4286,0.5714,0.7501
2026-05-11 11:55:00+00:00,0.4282,0.5718,0.7489
2026-05-11 12:00:00+00:00,0.4289,0.5711,0.751
2026-05-11 12:05:00+00:00,0.4292,0.5708,0.7519
2026-05-11 12:10:00+00:00,0.4286,0.5714,0.7501
2026-05-11 12:15:00+00:00,0.4279,0.5721,0.7479
2026-05-11 12:20:00+00:00,0.4281,0.5719,0.7486
2026-05-11 12:25:00+00:00,0.4285,0.5715,0.7498
2026-05-11 12:30:00+00:00,0.4284,0.5716,0.7495
2026-05-11 12:35:00+00:00,0.4295,0.5705,0.7528
2026-05-11 12:40:00+00:00,0.4297,0.5703,0.7535
2026-05-11 12:45:00+00:00,0.4296,0.5704,0.7532
2026-05-11 12:50:00+00:00,0.4296,0.5704,0.7532
2026-05-11 12:55:00+00:00,0.429,0.571,0.7513
2026-05-11 13:00:00+00:00,0.4288,0.5712,0.7507
2026-05-11 13:05:00+00:00,0.4285,0.5715,0.7498
2026-05-11 13:10:00+00:00,0.4284,0.5716,0.7495
2026-05-11 13:15:00+00:00,0.4282,0.5718,0.7489
2026-05-11 13:20:00+00:00,0.4277,0.5723,0.7473
2026-05-11 13:25:00+00:00,0.427,0.573,0.7452
2026-05-11 13:30:00+00:00,0.4269,0.5731,0.7449
2026-05-11 13:35:00+00:00,0.4254,0.5746,0.7403
2026-05-11 13:40:00+00:00,0.4232,0.5768,0.7337
2026-05-11 13:45:00+00:00,0.4238,0.5762,0.7355
2026-05-11 13:50:00+00:00,0.4229,0.5771,0.7328
2026-05-11 13:55:00+00:00,0.423,0.577,0.7331
2026-05-11 14:00:00+00:00,0.4223,0.5777,0.731
2026-05-11 14:05:00+00:00,0.4234,0.5766,0.7343
2026-05-11 14:10:00+00:00,0.4231,0.5769,0.7334
2026-05-11 14:15:00+00:00,0.4229,0.5771,0.7328
2026-05-11 14:20:00+00:00,0.4228,0.5772,0.7325
2026-05-11 14:25:00+00:00,0.4222,0.5778,0.7307
2026-05-11 14:30:00+00:00,0.4223,0.5777,0.731
2026-05-11 14:35:00+00:00,0.4228,0.5772,0.7325
2026-05-11 14:40:00+00:00,0.4243,0.5757,0.737
2026-05-11 14:45:00+00:00,0.4239,0.5761,0.7358
2026-05-11 14:50:00+00:00,0.4235,0.5765,0.7346
2026-05-11 14:55:00+00:00,0.424,0.576,0.7361
2026-05-11 15:00:00+00:00,0.4243,0.5757,0.737
2026-05-11 15:05:00+00:00,0.4237,0.5763,0.7352
2026-05-11 15:10:00+00:00,0.4237,0.5763,0.7352
2026-05-11 15:15:00+00:00,0.4242,0.5758,0.7367
2026-05-11 15:20:00+00:00,0.4239,0.5761,0.7358
2026-05-11 15:25:00+00:00,0.4237,0.5763,0.7352
2026-05-11 15:30:00+00:00,0.4222,0.5778,0.7307
2026-05-11 15:35:00+00:00,0.4217,0.5783,0.7292
2026-05-11 15:40:00+00:00,0.4211,0.5789,0.7274
2026-05-11 15:45:00+00:00,0.42,0.58,0.7241
2026-05-11 15:50:00+00:00,0.4199,0.5801,0.7238
2026-05-11 15:55:00+00:00,0.4197,0.5803,0.7232
2026-05-11 16:00:00+00:00,0.4197,0.5803,0.7232
2026-05-11 16:05:00+00:00,0.4186,0.5814,0.72
2026-05-11 16:10:00+00:00,0.4176,0.5824,0.717
2026-05-11 16:15:00+00:00,0.4149,0.5851,0.7091
2026-05-11 16:20:00+00:00,0.413,0.587,0.7036
2026-05-11 16:25:00+00:00,0.4112,0.5888,0.6984
2026-05-11 16:30:00+00:00,0.409,0.591,0.692
2026-05-11 16:35:00+00:00,0.4081,0.5919,0.6895
2026-05-11 16:40:00+00:00,0.4064,0.5936,0.6846
2026-05-11 16:45:00+00:00,0.4033,0.5967,0.6759
2026-05-11 16:50:00+00:00,0.4031,0.5969,0.6753
2026-05-11 16:55:00+00:00,0.4025,0.5975,0.6736
2026-05-11 17:00:00+00:00,0.4019,0.5981,0.672
2026-05-11 17:05:00+00:00,0.401,0.599,0.6694
2026-05-11 17:10:00+00:00,0.4005,0.5995,0.6681
2026-05-11 17:15:00+00:00,0.4006,0.5994,0.6683
2026-05-11 17:20:00+00:00,0.4013,0.5987,0.6703
2026-05-11 17:25:00+00:00,0.4014,0.5986,0.6706
2026-05-11 17:30:00+00:00,0.4013,0.5987,0.6703
2026-05-11 17:35:00+00:00,0.4,0.6,0.6667
2026-05-11 17:40:00+00:00,0.3995,0.6005,0.6653
2026-05-11 17:45:00+00:00,0.3987,0.6013,0.6631
2026-05-11 17:50:00+00:00,0.3953,0.6047,0.6537
2026-05-11 17:55:00+00:00,0.3946,0.6054,0.6518
2026-05-11 18:00:00+00:00,0.3938,0.6062,0.6496
2026-05-11 18:05:00+00:00,0.3937,0.6063,0.6493
2026-05-11 18:10:00+00:00,0.3933,0.6067,0.6483
2026-05-11 18:15:00+00:00,0.3923,0.6077,0.6455
2026-05-11 18:20:00+00:00,0.3911,0.6089,0.6423
2026-05-11 18:25:00+00:00,0.3907,0.6093,0.6412
2026-05-11 18:30:00+00:00,0.3902,0.6098,0.6399
2026-05-11 18:35:00+00:00,0.3901,0.6099,0.6396
2026-05-11 18:40:00+00:00,0.3896,0.6104,0.6383
2026-05-11 18:45:00+00:00,0.3892,0.6108,0.6372
2026-05-11 18:50:00+00:00,0.389,0.611,0.6367
2026-05-11 18:55:00+00:00,0.3885,0.6115,0.6353
2026-05-11 19:00:00+00:00,0.3881,0.6119,0.6343
2026-05-11 19:05:00+00:00,0.3874,0.6126,0.6324
2026-05-11 19:10:00+00:00,0.3873,0.6127,0.6321
2026-05-11 19:15:00+00:00,0.3874,0.6126,0.6324
2026-05-11 19:20:00+00:00,0.387,0.613,0.6313
2026-05-11 19:25:00+00:00,0.3855,0.6145,0.6273
2026-05-11 19:30:00+00:00,0.3857,0.6143,0.6279
2026-05-11 19:35:00+00:00,0.3855,0.6145,0.6273
2026-05-11 19:40:00+00:00,0.3854,0.6146,0.6271
2026-05-11 19:45:00+00:00,0.3845,0.6155,0.6247
2026-05-11 19:50:00+00:00,0.3842,0.6158,0.6239
2026-05-11 19:55:00+00:00,0.3841,0.6159,0.6236
2026-05-11 20:00:00+00:00,0.3841,0.6159,0.6236
2026-05-11 20:05:00+00:00,0.3837,0.6163,0.6226
2026-05-11 20:10:00+00:00,0.3835,0.6165,0.6221
2026-05-11 20:15:00+00:00,0.3835,0.6165,0.6221
2026-05-11 20:20:00+00:00,0.3832,0.6168,0.6213
2026-05-11 20:25:00+00:00,0.3829,0.6171,0.6205
2026-05-11 20:30:00+00:00,0.3826,0.6174,0.6197
2026-05-11 20:35:00+00:00,0.3822,0.6178,0.6186
2026-05-11 20:40:00+00:00,0.382,0.618,0.6181
2026-05-11 20:45:00+00:00,0.3816,0.6184,0.6171
2026-05-11 20:50:00+00:00,0.3814,0.6186,0.6166
2026-05-11 20:55:00+00:00,0.3815,0.6185,0.6168
2026-05-11 21:00:00+00:00,0.3813,0.6187,0.6163
2026-05-11 21:05:00+00:00,0.3813,0.6187,0.6163
2026-05-11 21:10:00+00:00,0.3809,0.6191,0.6152
2026-05-11 21:15:00+00:00,0.3805,0.6195,0.6142
2026-05-11 21:20:00+00:00,0.3803,0.6197,0.6137
2026-05-11 21:25:00+00:00,0.3802,0.6198,0.6134
2026-05-11 21:30:00+00:00,0.3799,0.6201,0.6126
2026-05-11 21:35:00+00:00,0.3806,0.6194,0.6145
2026-05-11 21:40:00+00:00,0.3805,0.6195,0.6142
2026-05-11 21:45:00+00:00,0.3809,0.6191,0.6152
2026-05-11 21:50:00+00:00,0.3809,0.6191,0.6152
2026-05-11 21:55:00+00:00,0.381,0.619,0.6155
2026-05-11 22:00:00+00:00,0.3811,0.6189,0.6158
2026-05-11 22:05:00+00:00,0.3818,0.6182,0.6176
2026-05-11 22:10:00+00:00,0.3817,0.6183,0.6173
2026-05-11 22:15:00+00:00,0.3816,0.6184,0.6171
2026-05-11 22:20:00+00:00,0.3814,0.6186,0.6166
2026-05-11 22:25:00+00:00,0.3813,0.6187,0.6163
2026-05-11 22:30:00+00:00,0.3811,0.6189,0.6158
2026-05-11 22:35:00+00:00,0.3809,0.6191,0.6152
2026-05-11 22:40:00+00:00,0.3805,0.6195,0.6142
2026-05-11 22:45:00+00:00,0.3805,0.6195,0.6142
2026-05-11 22:50:00+00:00,0.3805,0.6195,0.6142
2026-05-11 22:55:00+00:00,0.3805,0.6195,0.6142
2026-05-11 23:00:00+00:00,0.3804,0.6196,0.6139
2026-05-11 23:05:00+00:00,0.3801,0.6199,0.6132
2026-05-11 23:10:00+00:00,0.3798,0.6202,0.6124
2026-05-11 23:15:00+00:00,0.3793,0.6207,0.6111
2026-05-11 23:20:00+00:00,0.3792,0.6208,0.6108
2026-05-11 23:25:00+00:00,0.3788,0.6212,0.6098
2026-05-11 23:30:00+00:00,0.3786,0.6214,0.6093
2026-05-11 23:35:00+00:00,0.3786,0.6214,0.6093
2026-05-11 23:40:00+00:00,0.3787,0.6213,0.6095
2026-05-11 23:45:00+00:00,0.3785,0.6215,0.609
2026-05-11 23:50:00+00:00,0.3785,0.6215,0.609
2026-05-11 23:55:00+00:00,0.3783,0.6217,0.6085
2026-05-12 00:00:00+00:00,0.3782,0.6218,0.6082
2026-05-12 00:05:00+00:00,0.3783,0.6217,0.6085
2026-05-12 00:10:00+00:00,0.3779,0.6221,0.6075
2026-05-12 00:15:00+00:00,0.3778,0.6222,0.6072
2026-05-12 00:20:00+00:00,0.378,0.622,0.6077
2026-05-12 00:25:00+00:00,0.3772,0.6228,0.6057
2026-05-12 00:30:00+00:00,0.3769,0.6231,0.6049
2026-05-12 00:35:00+00:00,0.3769,0.6231,0.6049
2026-05-12 00:40:00+00:00,0.3766,0.6234,0.6041
2026-05-12 00:45:00+00:00,0.3762,0.6238,0.6031
2026-05-12 00:50:00+00:00,0.3761,0.6239,0.6028
2026-05-12 00:55:00+00:00,0.3764,0.6236,0.6036
2026-05-12 01:00:00+00:00,0.3764,0.6236,0.6036
2026-05-12 01:05:00+00:00,0.3766,0.6234,0.6041
2026-05-12 01:10:00+00:00,0.3765,0.6235,0.6038
2026-05-12 01:15:00+00:00,0.3762,0.6238,0.6031
2026-05-12 01:20:00+00:00,0.3762,0.6238,0.6031
2026-05-12 01:25:00+00:00,0.3763,0.6237,0.6033
2026-05-12 01:30:00+00:00,0.3769,0.6231,0.6049
2026-05-12 01:35:00+00:00,0.3774,0.6226,0.6062
2026-05-12 01:40:00+00:00,0.381,0.619,0.6155
2026-05-12 01:45:00+00:00,0.3854,0.6146,0.6271
2026-05-12 01:50:00+00:00,0.3862,0.6138,0.6292
2026-05-12 01:55:00+00:00,0.3862,0.6138,0.6292
2026-05-12 02:00:00+00:00,0.3861,0.6139,0.6289
2026-05-12 02:05:00+00:00,0.3867,0.6133,0.6305
2026-05-12 02:10:00+00:00,0.3874,0.6126,0.6324
2026-05-12 02:15:00+00:00,0.3878,0.6122,0.6335
2026-05-12 02:20:00+00:00,0.3877,0.6123,0.6332
2026-05-12 02:25:00+00:00,0.3878,0.6122,0.6335
2026-05-12 02:30:00+00:00,0.3882,0.6118,0.6345
2026-05-12 02:35:00+00:00,0.3883,0.6117,0.6348
2026-05-12 02:40:00+00:00,0.3885,0.6115,0.6353
2026-05-12 02:45:00+00:00,0.3886,0.6114,0.6356
2026-05-12 02:50:00+00:00,0.3888,0.6112,0.6361
2026-05-12 02:55:00+00:00,0.3891,0.6109,0.6369
2026-05-12 03:00:00+00:00,0.3895,0.6105,0.638
2026-05-12 03:05:00+00:00,0.3901,0.6099,0.6396
2026-05-12 03:10:00+00:00,0.3901,0.6099,0.6396
2026-05-12 03:15:00+00:00,0.3902,0.6098,0.6399
2026-05-12 03:20:00+00:00,0.3902,0.6098,0.6399
2026-05-12 03:25:00+00:00,0.3901,0.6099,0.6396
2026-05-12 03:30:00+00:00,0.39,0.61,0.6393
2026-05-12 03:35:00+00:00,0.3901,0.6099,0.6396
2026-05-12 03:40:00+00:00,0.3902,0.6098,0.6399
2026-05-12 03:45:00+00:00,0.3905,0.6095,0.6407
2026-05-12 03:50:00+00:00,0.3903,0.6097,0.6402
2026-05-12 03:55:00+00:00,0.3902,0.6098,0.6399
2026-05-12 04:00:00+00:00,0.3902,0.6098,0.6399
2026-05-12 04:05:00+00:00,0.3906,0.6094,0.641
2026-05-12 04:10:00+00:00,0.3908,0.6092,0.6415
2026-05-12 04:15:00+00:00,0.3906,0.6094,0.641
2026-05-12 04:20:00+00:00,0.391,0.609,0.642
2026-05-12 04:25:00+00:00,0.3917,0.6083,0.6439
2026-05-12 04:30:00+00:00,0.3924,0.6076,0.6458
2026-05-12 04:35:00+00:00,0.3927,0.6073,0.6466
2026-05-12 04:40:00+00:00,0.3932,0.6068,0.648
2026-05-12 04:45:00+00:00,0.3935,0.6065,0.6488
2026-05-12 04:50:00+00:00,0.3939,0.6061,0.6499
2026-05-12 04:55:00+00:00,0.394,0.606,0.6502
2026-05-12 05:00:00+00:00,0.3938,0.6062,0.6496
2026-05-12 05:05:00+00:00,0.3942,0.6058,0.6507
2026-05-12 05:10:00+00:00,0.3944,0.6056,0.6513
2026-05-12 05:15:00+00:00,0.394,0.606,0.6502
2026-05-12 05:20:00+00:00,0.3946,0.6054,0.6518
2026-05-12 05:25:00+00:00,0.3948,0.6052,0.6523
2026-05-12 05:30:00+00:00,0.3947,0.6053,0.6521
2026-05-12 05:35:00+00:00,0.3954,0.6046,0.654
2026-05-12 05:40:00+00:00,0.3954,0.6046,0.654
2026-05-12 05:45:00+00:00,0.3955,0.6045,0.6543
2026-05-12 05:50:00+00:00,0.3943,0.6057,0.651
2026-05-12 05:55:00+00:00,0.3942,0.6058,0.6507
2026-05-12 06:00:00+00:00,0.3945,0.6055,0.6515
2026-05-12 06:05:00+00:00,0.3944,0.6056,0.6513
2026-05-12 06:10:00+00:00,0.3945,0.6055,0.6515
2026-05-12 06:15:00+00:00,0.3948,0.6052,0.6523
2026-05-12 06:20:00+00:00,0.395,0.605,0.6529
2026-05-12 06:25:00+00:00,0.3955,0.6045,0.6543
2026-05-12 06:30:00+00:00,0.3956,0.6044,0.6545
2026-05-12 06:35:00+00:00,0.3951,0.6049,0.6532
2026-05-12 06:40:00+00:00,0.3951,0.6049,0.6532
2026-05-12 06:45:00+00:00,0.395,0.605,0.6529
2026-05-12 06:50:00+00:00,0.3952,0.6048,0.6534
2026-05-12 06:55:00+00:00,0.3958,0.6042,0.6551
2026-05-12 07:00:00+00:00,0.3958,0.6042,0.6551
2026-05-12 07:05:00+00:00,0.3948,0.6052,0.6523
2026-05-12 07:10:00+00:00,0.3952,0.6048,0.6534
2026-05-12 07:15:00+00:00,0.3964,0.6036,0.6567
2026-05-12 07:20:00+00:00,0.3971,0.6029,0.6586
2026-05-12 07:25:00+00:00,0.3979,0.6021,0.6609
2026-05-12 07:30:00+00:00,0.3982,0.6018,0.6617
2026-05-12 07:35:00+00:00,0.3988,0.6012,0.6633
2026-05-12 07:40:00+00:00,0.3988,0.6012,0.6633
2026-05-12 07:45:00+00:00,0.3988,0.6012,0.6633
2026-05-12 07:50:00+00:00,0.399,0.601,0.6639
2026-05-12 07:55:00+00:00,0.3997,0.6003,0.6658
2026-05-12 08:00:00+00:00,0.3999,0.6001,0.6664
2026-05-12 08:05:00+00:00,0.4005,0.5995,0.6681
2026-05-12 08:10:00+00:00,0.4009,0.5991,0.6692
2026-05-12 08:15:00+00:00,0.4011,0.5989,0.6697
2026-05-12 08:20:00+00:00,0.402,0.598,0.6722
2026-05-12 08:25:00+00:00,0.4032,0.5968,0.6756
2026-05-12 08:30:00+00:00,0.4035,0.5965,0.6764
2026-05-12 08:35:00+00:00,0.404,0.596,0.6779
2026-05-12 08:40:00+00:00,0.4047,0.5953,0.6798
2026-05-12 08:45:00+00:00,0.4053,0.5947,0.6815
2026-05-12 08:50:00+00:00,0.4056,0.5944,0.6824
2026-05-12 08:55:00+00:00,0.4059,0.5941,0.6832
2026-05-12 09:00:00+00:00,0.4062,0.5938,0.6841
2026-05-12 09:05:00+00:00,0.4061,0.5939,0.6838
2026-05-12 09:10:00+00:00,0.406,0.594,0.6835
2026-05-12 09:15:00+00:00,0.4062,0.5938,0.6841
2026-05-12 09:20:00+00:00,0.4062,0.5938,0.6841
2026-05-12 09:25:00+00:00,0.4075,0.5925,0.6878
2026-05-12 09:30:00+00:00,0.4074,0.5926,0.6875
2026-05-12 09:35:00+00:00,0.4081,0.5919,0.6895
2026-05-12 09:40:00+00:00,0.4087,0.5913,0.6912
2026-05-12 09:45:00+00:00,0.4096,0.5904,0.6938
2026-05-12 09:50:00+00:00,0.4101,0.5899,0.6952
2026-05-12 09:55:00+00:00,0.4102,0.5898,0.6955
2026-05-12 10:00:00+00:00,0.4104,0.5896,0.6961
2026-05-12 10:05:00+00:00,0.4108,0.5892,0.6972
2026-05-12 10:10:00+00:00,0.4112,0.5888,0.6984
2026-05-12 10:15:00+00:00,0.4119,0.5881,0.7004
2026-05-12 10:20:00+00:00,0.4121,0.5879,0.701
2026-05-12 10:25:00+00:00,0.4125,0.5875,0.7021
2026-05-12 10:30:00+00:00,0.4122,0.5878,0.7013
2026-05-12 10:35:00+00:00,0.4115,0.5885,0.6992
2026-05-12 10:40:00+00:00,0.4121,0.5879,0.701
2026-05-12 10:45:00+00:00,0.4122,0.5878,0.7013
2026-05-12 10:50:00+00:00,0.4125,0.5875,0.7021
2026-05-12 10:55:00+00:00,0.4129,0.5871,0.7033
2026-05-12 11:00:00+00:00,0.4132,0.5868,0.7042
2026-05-12 11:05:00+00:00,0.4133,0.5867,0.7044
2026-05-12 11:10:00+00:00,0.4154,0.5846,0.7106
2026-05-12 11:15:00+00:00,0.4159,0.5841,0.712
2026-05-12 11:20:00+00:00,0.4157,0.5843,0.7114
2026-05-12 11:25:00+00:00,0.4164,0.5836,0.7135
2026-05-12 11:30:00+00:00,0.4175,0.5825,0.7167
2026-05-12 11:35:00+00:00,0.4179,0.5821,0.7179
2026-05-12 11:40:00+00:00,0.4186,0.5814,0.72
2026-05-12 11:45:00+00:00,0.4197,0.5803,0.7232
2026-05-12 11:50:00+00:00,0.4207,0.5793,0.7262
2026-05-12 11:55:00+00:00,0.4214,0.5786,0.7283
2026-05-12 12:00:00+00:00,0.4219,0.5781,0.7298
2026-05-12 12:05:00+00:00,0.4222,0.5778,0.7307
2026-05-12 12:10:00+00:00,0.4223,0.5777,0.731
2026-05-12 12:15:00+00:00,0.4233,0.5767,0.734
2026-05-12 12:20:00+00:00,0.4239,0.5761,0.7358
2026-05-12 12:25:00+00:00,0.4241,0.5759,0.7364
2026-05-12 12:30:00+00:00,0.4241,0.5759,0.7364
2026-05-12 12:35:00+00:00,0.4235,0.5765,0.7346
2026-05-12 12:40:00+00:00,0.424,0.576,0.7361
2026-05-12 12:45:00+00:00,0.4239,0.5761,0.7358
2026-05-12 12:50:00+00:00,0.4244,0.5756,0.7373
2026-05-12 12:55:00+00:00,0.4246,0.5754,0.7379
2026-05-12 13:00:00+00:00,0.4247,0.5753,0.7382
2026-05-12 13:05:00+00:00,0.4251,0.5749,0.7394
2026-05-12 13:10:00+00:00,0.4252,0.5748,0.7397
2026-05-12 13:15:00+00:00,0.4249,0.5751,0.7388
2026-05-12 13:20:00+00:00,0.4239,0.5761,0.7358
2026-05-12 13:25:00+00:00,0.4242,0.5758,0.7367
2026-05-12 13:30:00+00:00,0.4241,0.5759,0.7364
2026-05-12 13:35:00+00:00,0.4243,0.5757,0.737
2026-05-12 13:40:00+00:00,0.4244,0.5756,0.7373
2026-05-12 13:45:00+00:00,0.4253,0.5747,0.74
2026-05-12 13:50:00+00:00,0.4256,0.5744,0.7409
2026-05-12 13:55:00+00:00,0.4258,0.5742,0.7416
2026-05-12 14:00:00+00:00,0.4234,0.5766,0.7343
2026-05-12 14:05:00+00:00,0.4253,0.5747,0.74
2026-05-12 14:10:00+00:00,0.426,0.574,0.7422
2026-05-12 14:15:00+00:00,0.4261,0.5739,0.7425
2026-05-12 14:20:00+00:00,0.4259,0.5741,0.7419
2026-05-12 14:25:00+00:00,0.426,0.574,0.7422
2026-05-12 14:30:00+00:00,0.4258,0.5742,0.7416
2026-05-12 14:35:00+00:00,0.4254,0.5746,0.7403
2026-05-12 14:40:00+00:00,0.4256,0.5744,0.7409
2026-05-12 14:45:00+00:00,0.4252,0.5748,0.7397
2026-05-12 14:50:00+00:00,0.4248,0.5752,0.7385
2026-05-12 14:55:00+00:00,0.426,0.574,0.7422
2026-05-12 15:00:00+00:00,0.4263,0.5737,0.7431
2026-05-12 15:05:00+00:00,0.4277,0.5723,0.7473
2026-05-12 15:10:00+00:00,0.4284,0.5716,0.7495
2026-05-12 15:15:00+00:00,0.4284,0.5716,0.7495
2026-05-12 15:20:00+00:00,0.4281,0.5719,0.7486
2026-05-12 15:25:00+00:00,0.4265,0.5735,0.7437
2026-05-12 15:30:00+00:00,0.4261,0.5739,0.7425
2026-05-12 15:35:00+00:00,0.4273,0.5727,0.7461
2026-05-12 15:40:00+00:00,0.4272,0.5728,0.7458
2026-05-12 15:45:00+00:00,0.4272,0.5728,0.7458
2026-05-12 15:50:00+00:00,0.4275,0.5725,0.7467
2026-05-12 15:55:00+00:00,0.4279,0.5721,0.7479
2026-05-12 16:00:00+00:00,0.4282,0.5718,0.7489
2026-05-12 16:05:00+00:00,0.4293,0.5707,0.7522
2026-05-12 16:10:00+00:00,0.4296,0.5704,0.7532
2026-05-12 16:15:00+00:00,0.43,0.57,0.7544
2026-05-12 16:20:00+00:00,0.4307,0.5693,0.7565
2026-05-12 16:25:00+00:00,0.4311,0.5689,0.7578
2026-05-12 16:30:00+00:00,0.4313,0.5687,0.7584
2026-05-12 16:35:00+00:00,0.4316,0.5684,0.7593
2026-05-12 16:40:00+00:00,0.432,0.568,0.7606
2026-05-12 16:45:00+00:00,0.432,0.568,0.7606
2026-05-12 16:50:00+00:00,0.4294,0.5706,0.7525
2026-05-12 16:55:00+00:00,0.4305,0.5695,0.7559
2026-05-12 17:00:00+00:00,0.4317,0.5683,0.7596
2026-05-12 17:05:00+00:00,0.4323,0.5677,0.7615
2026-05-12 17:10:00+00:00,0.4328,0.5672,0.763
2026-05-12 17:15:00+00:00,0.4333,0.5667,0.7646
2026-05-12 17:20:00+00:00,0.4328,0.5672,0.763
2026-05-12 17:25:00+00:00,0.4322,0.5678,0.7612
2026-05-12 17:30:00+00:00,0.4323,0.5677,0.7615
2026-05-12 17:35:00+00:00,0.4325,0.5675,0.7621
2026-05-12 17:40:00+00:00,0.4326,0.5674,0.7624
2026-05-12 17:45:00+00:00,0.4324,0.5676,0.7618
2026-05-12 17:50:00+00:00,0.4325,0.5675,0.7621
2026-05-12 17:55:00+00:00,0.4325,0.5675,0.7621
2026-05-12 18:00:00+00:00,0.4324,0.5676,0.7618
2026-05-12 18:05:00+00:00,0.4322,0.5678,0.7612
2026-05-12 18:10:00+00:00,0.4321,0.5679,0.7609
2026-05-12 18:15:00+00:00,0.4322,0.5678,0.7612
2026-05-12 18:20:00+00:00,0.4322,0.5678,0.7612
2026-05-12 18:25:00+00:00,0.4324,0.5676,0.7618
2026-05-12 18:30:00+00:00,0.4324,0.5676,0.7618
2026-05-12 18:35:00+00:00,0.4321,0.5679,0.7609
2026-05-12 18:40:00+00:00,0.4327,0.5673,0.7627
2026-05-12 18:45:00+00:00,0.4321,0.5679,0.7609
2026-05-12 18:50:00+00:00,0.4319,0.5681,0.7603
2026-05-12 18:55:00+00:00,0.4322,0.5678,0.7612
2026-05-12 19:00:00+00:00,0.4322,0.5678,0.7612
2026-05-12 19:05:00+00:00,0.432,0.568,0.7606
2026-05-12 19:10:00+00:00,0.4321,0.5679,0.7609
2026-05-12 19:15:00+00:00,0.4321,0.5679,0.7609
2026-05-12 19:20:00+00:00,0.432,0.568,0.7606
2026-05-12 19:25:00+00:00,0.4313,0.5687,0.7584
2026-05-12 19:30:00+00:00,0.4311,0.5689,0.7578
2026-05-12 19:35:00+00:00,0.4309,0.5691,0.7572
2026-05-12 19:40:00+00:00,0.4308,0.5692,0.7569
2026-05-12 19:45:00+00:00,0.4309,0.5691,0.7572
2026-05-12 19:50:00+00:00,0.4309,0.5691,0.7572
2026-05-12 19:55:00+00:00,0.4311,0.5689,0.7578
2026-05-12 20:00:00+00:00,0.4311,0.5689,0.7578
2026-05-12 20:05:00+00:00,0.4311,0.5689,0.7578
2026-05-12 20:10:00+00:00,0.4312,0.5688,0.7581
2026-05-12 20:15:00+00:00,0.4308,0.5692,0.7569
2026-05-12 20:20:00+00:00,0.4306,0.5694,0.7562
2026-05-12 20:25:00+00:00,0.4305,0.5695,0.7559
2026-05-12 20:30:00+00:00,0.4304,0.5696,0.7556
2026-05-12 20:35:00+00:00,0.4301,0.5699,0.7547
2026-05-12 20:40:00+00:00,0.4295,0.5705,0.7528
2026-05-12 20:45:00+00:00,0.4292,0.5708,0.7519
2026-05-12 20:50:00+00:00,0.4291,0.5709,0.7516
2026-05-12 20:55:00+00:00,0.4288,0.5712,0.7507
2026-05-12 21:00:00+00:00,0.4288,0.5712,0.7507
2026-05-12 21:05:00+00:00,0.4289,0.5711,0.751
2026-05-12 21:10:00+00:00,0.4289,0.5711,0.751
2026-05-12 21:15:00+00:00,0.4288,0.5712,0.7507
2026-05-12 21:20:00+00:00,0.4286,0.5714,0.7501
2026-05-12 21:25:00+00:00,0.4285,0.5715,0.7498
2026-05-12 21:30:00+00:00,0.4284,0.5716,0.7495
2026-05-12 21:35:00+00:00,0.4279,0.5721,0.7479
2026-05-12 21:40:00+00:00,0.4279,0.5721,0.7479
2026-05-12 21:45:00+00:00,0.4279,0.5721,0.7479
2026-05-12 21:50:00+00:00,0.428,0.572,0.7483
2026-05-12 21:55:00+00:00,0.4288,0.5712,0.7507
2026-05-12 22:00:00+00:00,0.4289,0.5711,0.751
2026-05-12 22:05:00+00:00,0.4296,0.5704,0.7532
2026-05-12 22:10:00+00:00,0.4299,0.5701,0.7541
2026-05-12 22:15:00+00:00,0.43,0.57,0.7544
2026-05-12 22:20:00+00:00,0.4302,0.5698,0.755
2026-05-12 22:25:00+00:00,0.4303,0.5697,0.7553
2026-05-12 22:30:00+00:00,0.4304,0.5696,0.7556
2026-05-12 22:35:00+00:00,0.4305,0.5695,0.7559
2026-05-12 22:40:00+00:00,0.4304,0.5696,0.7556
2026-05-12 22:45:00+00:00,0.4304,0.5696,0.7556
2026-05-12 22:50:00+00:00,0.4303,0.5697,0.7553
2026-05-12 22:55:00+00:00,0.4304,0.5696,0.7556
2026-05-12 23:00:00+00:00,0.4305,0.5695,0.7559
2026-05-12 23:05:00+00:00,0.4302,0.5698,0.755
2026-05-12 23:10:00+00:00,0.4302,0.5698,0.755
2026-05-12 23:15:00+00:00,0.4301,0.5699,0.7547
2026-05-12 23:20:00+00:00,0.4299,0.5701,0.7541
2026-05-12 23:25:00+00:00,0.4297,0.5703,0.7535
2026-05-12 23:30:00+00:00,0.4299,0.5701,0.7541
2026-05-12 23:35:00+00:00,0.4298,0.5702,0.7538
2026-05-12 23:40:00+00:00,0.4291,0.5709,0.7516
2026-05-12 23:45:00+00:00,0.4287,0.5713,0.7504
2026-05-12 23:50:00+00:00,0.428,0.572,0.7483
2026-05-12 23:55:00+00:00,0.4279,0.5721,0.7479
2026-05-13 00:00:00+00:00,0.4278,0.5722,0.7476
2026-05-13 00:05:00+00:00,0.4273,0.5727,0.7461
2026-05-13 00:10:00+00:00,0.4274,0.5726,0.7464
2026-05-13 00:15:00+00:00,0.4274,0.5726,0.7464
2026-05-13 00:20:00+00:00,0.4276,0.5724,0.747
2026-05-13 00:25:00+00:00,0.4279,0.5721,0.7479
2026-05-13 00:30:00+00:00,0.428,0.572,0.7483
2026-05-13 00:35:00+00:00,0.4283,0.5717,0.7492
2026-05-13 00:40:00+00:00,0.4286,0.5714,0.7501
2026-05-13 00:45:00+00:00,0.429,0.571,0.7513
2026-05-13 00:50:00+00:00,0.4292,0.5708,0.7519
2026-05-13 00:55:00+00:00,0.4292,0.5708,0.7519
2026-05-13 01:00:00+00:00,0.4291,0.5709,0.7516
2026-05-13 01:05:00+00:00,0.4295,0.5705,0.7528
2026-05-13 01:10:00+00:00,0.4295,0.5705,0.7528
2026-05-13 01:15:00+00:00,0.4295,0.5705,0.7528
2026-05-13 01:20:00+00:00,0.4297,0.5703,0.7535
2026-05-13 01:25:00+00:00,0.428,0.572,0.7483
2026-05-13 01:30:00+00:00,0.4288,0.5712,0.7507
2026-05-13 01:35:00+00:00,0.4291,0.5709,0.7516
2026-05-13 01:40:00+00:00,0.4286,0.5714,0.7501
2026-05-13 01:45:00+00:00,0.4284,0.5716,0.7495
2026-05-13 01:50:00+00:00,0.4273,0.5727,0.7461
2026-05-13 01:55:00+00:00,0.4268,0.5732,0.7446
2026-05-13 02:00:00+00:00,0.4259,0.5741,0.7419
2026-05-13 02:05:00+00:00,0.4252,0.5748,0.7397
2026-05-13 02:10:00+00:00,0.4253,0.5747,0.74
2026-05-13 02:15:00+00:00,0.425,0.575,0.7391
2026-05-13 02:20:00+00:00,0.4249,0.5751,0.7388
2026-05-13 02:25:00+00:00,0.4245,0.5755,0.7376
2026-05-13 02:30:00+00:00,0.4245,0.5755,0.7376
2026-05-13 02:35:00+00:00,0.4242,0.5758,0.7367
2026-05-13 02:40:00+00:00,0.4243,0.5757,0.737
2026-05-13 02:45:00+00:00,0.4239,0.5761,0.7358
2026-05-13 02:50:00+00:00,0.4236,0.5764,0.7349
2026-05-13 02:55:00+00:00,0.4234,0.5766,0.7343
2026-05-13 03:00:00+00:00,0.423,0.577,0.7331
2026-05-13 03:05:00+00:00,0.4231,0.5769,0.7334
2026-05-13 03:10:00+00:00,0.423,0.577,0.7331
2026-05-13 03:15:00+00:00,0.423,0.577,0.7331
2026-05-13 03:20:00+00:00,0.423,0.577,0.7331
2026-05-13 03:25:00+00:00,0.4227,0.5773,0.7322
2026-05-13 03:30:00+00:00,0.4227,0.5773,0.7322
2026-05-13 03:35:00+00:00,0.4231,0.5769,0.7334
2026-05-13 03:40:00+00:00,0.4232,0.5768,0.7337
2026-05-13 03:45:00+00:00,0.4231,0.5769,0.7334
2026-05-13 03:50:00+00:00,0.4224,0.5776,0.7313
2026-05-13 03:55:00+00:00,0.4219,0.5781,0.7298
2026-05-13 04:00:00+00:00,0.4217,0.5783,0.7292
2026-05-13 04:05:00+00:00,0.4216,0.5784,0.7289
2026-05-13 04:10:00+00:00,0.4206,0.5794,0.7259
2026-05-13 04:15:00+00:00,0.4201,0.5799,0.7244
2026-05-13 04:20:00+00:00,0.42,0.58,0.7241
2026-05-13 04:25:00+00:00,0.4198,0.5802,0.7235
2026-05-13 04:30:00+00:00,0.4197,0.5803,0.7232
2026-05-13 04:35:00+00:00,0.4202,0.5798,0.7247
2026-05-13 04:40:00+00:00,0.4199,0.5801,0.7238
2026-05-13 04:45:00+00:00,0.4197,0.5803,0.7232
2026-05-13 04:50:00+00:00,0.4193,0.5807,0.7221
2026-05-13 04:55:00+00:00,0.4193,0.5807,0.7221
2026-05-13 05:00:00+00:00,0.4191,0.5809,0.7215
2026-05-13 05:05:00+00:00,0.4188,0.5812,0.7206
2026-05-13 05:10:00+00:00,0.4184,0.5816,0.7194
2026-05-13 05:15:00+00:00,0.4181,0.5819,0.7185
2026-05-13 05:20:00+00:00,0.4173,0.5827,0.7161
2026-05-13 05:25:00+00:00,0.4168,0.5832,0.7147
2026-05-13 05:30:00+00:00,0.4163,0.5837,0.7132
2026-05-13 05:35:00+00:00,0.4154,0.5846,0.7106
2026-05-13 05:40:00+00:00,0.4146,0.5854,0.7082
2026-05-13 05:45:00+00:00,0.4139,0.5861,0.7062
2026-05-13 05:50:00+00:00,0.4144,0.5856,0.7077
2026-05-13 05:55:00+00:00,0.4145,0.5855,0.7079
2026-05-13 06:00:00+00:00,0.4142,0.5858,0.7071
2026-05-13 06:05:00+00:00,0.414,0.586,0.7065
2026-05-13 06:10:00+00:00,0.4144,0.5856,0.7077
2026-05-13 06:15:00+00:00,0.4148,0.5852,0.7088
2026-05-13 06:20:00+00:00,0.4152,0.5848,0.71
2026-05-13 06:25:00+00:00,0.4153,0.5847,0.7103
2026-05-13 06:30:00+00:00,0.4148,0.5852,0.7088
2026-05-13 06:35:00+00:00,0.4148,0.5852,0.7088
2026-05-13 06:40:00+00:00,0.4147,0.5853,0.7085
2026-05-13 06:45:00+00:00,0.4146,0.5854,0.7082
2026-05-13 06:50:00+00:00,0.4145,0.5855,0.7079
2026-05-13 06:55:00+00:00,0.414,0.586,0.7065
2026-05-13 07:00:00+00:00,0.4137,0.5863,0.7056
2026-05-13 07:05:00+00:00,0.4136,0.5864,0.7053
2026-05-13 07:10:00+00:00,0.4148,0.5852,0.7088
2026-05-13 07:15:00+00:00,0.4148,0.5852,0.7088
2026-05-13 07:20:00+00:00,0.4148,0.5852,0.7088
2026-05-13 07:25:00+00:00,0.4141,0.5859,0.7068
2026-05-13 07:30:00+00:00,0.4141,0.5859,0.7068
2026-05-13 07:35:00+00:00,0.414,0.586,0.7065
2026-05-13 07:40:00+00:00,0.4147,0.5853,0.7085
2026-05-13 07:45:00+00:00,0.4148,0.5852,0.7088
2026-05-13 07:50:00+00:00,0.4149,0.5851,0.7091
2026-05-13 07:55:00+00:00,0.4151,0.5849,0.7097
2026-05-13 08:00:00+00:00,0.4153,0.5847,0.7103
2026-05-13 08:05:00+00:00,0.416,0.584,0.7123
2026-05-13 08:10:00+00:00,0.4161,0.5839,0.7126
2026-05-13 08:15:00+00:00,0.4161,0.5839,0.7126
2026-05-13 08:20:00+00:00,0.4164,0.5836,0.7135
2026-05-13 08:25:00+00:00,0.4167,0.5833,0.7144
2026-05-13 08:30:00+00:00,0.4172,0.5828,0.7159
2026-05-13 08:35:00+00:00,0.4166,0.5834,0.7141
2026-05-13 08:40:00+00:00,0.4167,0.5833,0.7144
2026-05-13 08:45:00+00:00,0.417,0.583,0.7153
2026-05-13 08:50:00+00:00,0.4172,0.5828,0.7159
2026-05-13 08:55:00+00:00,0.4163,0.5837,0.7132
2026-05-13 09:00:00+00:00,0.4165,0.5835,0.7138
2026-05-13 09:05:00+00:00,0.4164,0.5836,0.7135
2026-05-13 09:10:00+00:00,0.4164,0.5836,0.7135
2026-05-13 09:15:00+00:00,0.4161,0.5839,0.7126
2026-05-13 09:20:00+00:00,0.4157,0.5843,0.7114
2026-05-13 09:25:00+00:00,0.4147,0.5853,0.7085
2026-05-13 09:30:00+00:00,0.4146,0.5854,0.7082
2026-05-13 09:35:00+00:00,0.4148,0.5852,0.7088
2026-05-13 09:40:00+00:00,0.4149,0.5851,0.7091
2026-05-13 09:45:00+00:00,0.4148,0.5852,0.7088
2026-05-13 09:50:00+00:00,0.4149,0.5851,0.7091
2026-05-13 09:55:00+00:00,0.4147,0.5853,0.7085
2026-05-13 10:00:00+00:00,0.4146,0.5854,0.7082
2026-05-13 10:05:00+00:00,0.4145,0.5855,0.7079
2026-05-13 10:10:00+00:00,0.4142,0.5858,0.7071
2026-05-13 10:15:00+00:00,0.4136,0.5864,0.7053
2026-05-13 10:20:00+00:00,0.4136,0.5864,0.7053
2026-05-13 10:25:00+00:00,0.4137,0.5863,0.7056
2026-05-13 10:30:00+00:00,0.4132,0.5868,0.7042
2026-05-13 10:35:00+00:00,0.4128,0.5872,0.703
2026-05-13 10:40:00+00:00,0.4127,0.5873,0.7027
2026-05-13 10:45:00+00:00,0.4123,0.5877,0.7015
2026-05-13 10:50:00+00:00,0.4143,0.5857,0.7074
2026-05-13 10:55:00+00:00,0.4143,0.5857,0.7074
2026-05-13 11:00:00+00:00,0.4145,0.5855,0.7079
2026-05-13 11:05:00+00:00,0.4152,0.5848,0.71
2026-05-13 11:10:00+00:00,0.4148,0.5852,0.7088
2026-05-13 11:15:00+00:00,0.4159,0.5841,0.712
2026-05-13 11:20:00+00:00,0.4191,0.5809,0.7215
2026-05-13 11:25:00+00:00,0.4206,0.5794,0.7259
2026-05-13 11:30:00+00:00,0.4215,0.5785,0.7286
2026-05-13 11:35:00+00:00,0.4226,0.5774,0.7319
2026-05-13 11:40:00+00:00,0.4233,0.5767,0.734
2026-05-13 11:45:00+00:00,0.424,0.576,0.7361
2026-05-13 11:50:00+00:00,0.4245,0.5755,0.7376
2026-05-13 11:55:00+00:00,0.4262,0.5738,0.7428
2026-05-13 12:00:00+00:00,0.4262,0.5738,0.7428
2026-05-13 12:05:00+00:00,0.4273,0.5727,0.7461
2026-05-13 12:10:00+00:00,0.428,0.572,0.7483
2026-05-13 12:15:00+00:00,0.4281,0.5719,0.7486
2026-05-13 12:20:00+00:00,0.4292,0.5708,0.7519
2026-05-13 12:25:00+00:00,0.428,0.572,0.7483
2026-05-13 12:30:00+00:00,0.4286,0.5714,0.7501
2026-05-13 12:35:00+00:00,0.4295,0.5705,0.7528
2026-05-13 12:40:00+00:00,0.4349,0.5651,0.7696
2026-05-13 12:45:00+00:00,0.4378,0.5622,0.7787
2026-05-13 12:50:00+00:00,0.4396,0.5604,0.7844
2026-05-13 12:55:00+00:00,0.4402,0.5598,0.7864
2026-05-13 13:00:00+00:00,0.4408,0.5592,0.7883
2026-05-13 13:05:00+00:00,0.4425,0.5575,0.7937
2026-05-13 13:10:00+00:00,0.4438,0.5562,0.7979
2026-05-13 13:15:00+00:00,0.4446,0.5554,0.8005
2026-05-13 13:20:00+00:00,0.445,0.555,0.8018
2026-05-13 13:25:00+00:00,0.4448,0.5552,0.8012
2026-05-13 13:30:00+00:00,0.4442,0.5558,0.7992
2026-05-13 13:35:00+00:00,0.4441,0.5559,0.7989
2026-05-13 13:40:00+00:00,0.4441,0.5559,0.7989
2026-05-13 13:45:00+00:00,0.4446,0.5554,0.8005
2026-05-13 13:50:00+00:00,0.4474,0.5526,0.8096
2026-05-13 13:55:00+00:00,0.4505,0.5495,0.8198
2026-05-13 14:00:00+00:00,0.4529,0.5471,0.8278
2026-05-13 14:05:00+00:00,0.4568,0.5432,0.8409
2026-05-13 14:10:00+00:00,0.4602,0.5398,0.8525
2026-05-13 14:15:00+00:00,0.4625,0.5375,0.8605
2026-05-13 14:20:00+00:00,0.4646,0.5354,0.8678
2026-05-13 14:25:00+00:00,0.4664,0.5336,0.8741
2026-05-13 14:30:00+00:00,0.4687,0.5313,0.8822
2026-05-13 14:35:00+00:00,0.4688,0.5312,0.8825
2026-05-13 14:40:00+00:00,0.4691,0.5309,0.8836
2026-05-13 14:45:00+00:00,0.4693,0.5307,0.8843
2026-05-13 14:50:00+00:00,0.4692,0.5308,0.8839
2026-05-13 14:55:00+00:00,0.4704,0.5296,0.8882
2026-05-13 15:00:00+00:00,0.4709,0.5291,0.89
2026-05-13 15:05:00+00:00,0.4726,0.5274,0.8961
2026-05-13 15:10:00+00:00,0.4726,0.5274,0.8961
2026-05-13 15:15:00+00:00,0.4723,0.5277,0.895
2026-05-13 15:20:00+00:00,0.4725,0.5275,0.8957
2026-05-13 15:25:00+00:00,0.4745,0.5255,0.9029
2026-05-13 15:30:00+00:00,0.4755,0.5245,0.9066
2026-05-13 15:35:00+00:00,0.4777,0.5223,0.9146
2026-05-13 15:40:00+00:00,0.4799,0.5201,0.9227
2026-05-13 15:45:00+00:00,0.4816,0.5184,0.929
2026-05-13 15:50:00+00:00,0.4815,0.5185,0.9286
2026-05-13 15:55:00+00:00,0.4811,0.5189,0.9272
2026-05-13 16:00:00+00:00,0.4807,0.5193,0.9257
2026-05-13 16:05:00+00:00,0.4852,0.5148,0.9425
2026-05-13 16:10:00+00:00,0.4847,0.5153,0.9406
2026-05-13 16:15:00+00:00,0.487,0.513,0.9493
2026-05-13 16:20:00+00:00,0.4903,0.5097,0.9619
2026-05-13 16:25:00+00:00,0.4941,0.5059,0.9767
2026-05-13 16:30:00+00:00,0.4967,0.5033,0.9869
2026-05-13 16:35:00+00:00,0.5,0.5,1.0
2026-05-13 16:40:00+00:00,0.5011,0.4989,1.0044
2026-05-13 16:45:00+00:00,0.5023,0.4977,1.0092
2026-05-13 16:50:00+00:00,0.5023,0.4977,1.0092
2026-05-13 16:55:00+00:00,0.502,0.498,1.008
2026-05-13 17:00:00+00:00,0.5017,0.4983,1.0068
2026-05-13 17:05:00+00:00,0.5025,0.4975,1.0101
2026-05-13 17:10:00+00:00,0.5032,0.4968,1.0129
2026-05-13 17:15:00+00:00,0.5037,0.4963,1.0149
2026-05-13 17:20:00+00:00,0.5053,0.4947,1.0214
2026-05-13 17:25:00+00:00,0.5064,0.4936,1.0259
2026-05-13 17:30:00+00:00,0.507,0.493,1.0284
2026-05-13 17:35:00+00:00,0.5072,0.4928,1.0292
2026-05-13 17:40:00+00:00,0.5077,0.4923,1.0313
2026-05-13 17:45:00+00:00,0.5081,0.4919,1.0329
2026-05-13 17:50:00+00:00,0.5079,0.4921,1.0321
2026-05-13 17:55:00+00:00,0.5079,0.4921,1.0321
2026-05-13 18:00:00+00:00,0.5066,0.4934,1.0268
2026-05-13 18:05:00+00:00,0.5068,0.4932,1.0276
2026-05-13 18:10:00+00:00,0.5068,0.4932,1.0276
2026-05-13 18:15:00+00:00,0.5071,0.4929,1.0288
2026-05-13 18:20:00+00:00,0.5061,0.4939,1.0247
2026-05-13 18:25:00+00:00,0.507,0.493,1.0284
2026-05-13 18:30:00+00:00,0.5063,0.4937,1.0255
2026-05-13 18:35:00+00:00,0.5053,0.4947,1.0214
2026-05-13 18:40:00+00:00,0.5046,0.4954,1.0186
2026-05-13 18:45:00+00:00,0.5039,0.4961,1.0157
2026-05-13 18:50:00+00:00,0.5023,0.4977,1.0092
2026-05-13 18:55:00+00:00,0.5019,0.4981,1.0076
2026-05-13 19:00:00+00:00,0.5021,0.4979,1.0084
2026-05-13 19:05:00+00:00,0.5008,0.4992,1.0032
2026-05-13 19:10:00+00:00,0.4996,0.5004,0.9984
2026-05-13 19:15:00+00:00,0.4996,0.5004,0.9984
2026-05-13 19:20:00+00:00,0.499,0.501,0.996
2026-05-13 19:25:00+00:00,0.498,0.502,0.992
2026-05-13 19:30:00+00:00,0.4982,0.5018,0.9928
2026-05-13 19:35:00+00:00,0.4984,0.5016,0.9936
2026-05-13 19:40:00+00:00,0.4987,0.5013,0.9948
2026-05-13 19:45:00+00:00,0.499,0.501,0.996
2026-05-13 19:50:00+00:00,0.499,0.501,0.996
2026-05-13 19:55:00+00:00,0.499,0.501,0.996
2026-05-13 20:00:00+00:00,0.4993,0.5007,0.9972
2026-05-13 20:05:00+00:00,0.4995,0.5005,0.998
2026-05-13 20:10:00+00:00,0.4995,0.5005,0.998
2026-05-13 20:15:00+00:00,0.4995,0.5005,0.998
2026-05-13 20:20:00+00:00,0.4995,0.5005,0.998
2026-05-13 20:25:00+00:00,0.4995,0.5005,0.998
2026-05-13 20:30:00+00:00,0.4993,0.5007,0.9972
2026-05-13 20:35:00+00:00,0.4994,0.5006,0.9976
2026-05-13 20:40:00+00:00,0.4993,0.5007,0.9972
2026-05-13 20:45:00+00:00,0.4992,0.5008,0.9968
2026-05-13 20:50:00+00:00,0.4992,0.5008,0.9968
2026-05-13 20:55:00+00:00,0.4992,0.5008,0.9968
2026-05-13 21:00:00+00:00,0.4991,0.5009,0.9964
2026-05-13 21:05:00+00:00,0.4991,0.5009,0.9964
2026-05-13 21:10:00+00:00,0.4981,0.5019,0.9924
2026-05-13 21:15:00+00:00,0.4971,0.5029,0.9885
2026-05-13 21:20:00+00:00,0.4968,0.5032,0.9873
2026-05-13 21:25:00+00:00,0.4969,0.5031,0.9877
2026-05-13 21:30:00+00:00,0.4968,0.5032,0.9873
2026-05-13 21:35:00+00:00,0.4968,0.5032,0.9873
2026-05-13 21:40:00+00:00,0.497,0.503,0.9881
2026-05-13 21:45:00+00:00,0.4973,0.5027,0.9893
2026-05-13 21:50:00+00:00,0.4973,0.5027,0.9893
2026-05-13 21:55:00+00:00,0.4973,0.5027,0.9893
2026-05-13 22:00:00+00:00,0.4971,0.5029,0.9885
2026-05-13 22:05:00+00:00,0.4965,0.5035,0.9861
2026-05-13 22:10:00+00:00,0.4956,0.5044,0.9826
2026-05-13 22:15:00+00:00,0.4962,0.5038,0.9849
2026-05-13 22:20:00+00:00,0.4961,0.5039,0.9845
2026-05-13 22:25:00+00:00,0.4963,0.5037,0.9853
2026-05-13 22:30:00+00:00,0.4962,0.5038,0.9849
2026-05-13 22:35:00+00:00,0.4961,0.5039,0.9845
2026-05-13 22:40:00+00:00,0.496,0.504,0.9841
2026-05-13 22:45:00+00:00,0.4965,0.5035,0.9861
2026-05-13 22:50:00+00:00,0.497,0.503,0.9881
2026-05-13 22:55:00+00:00,0.4974,0.5026,0.9897
2026-05-13 23:00:00+00:00,0.4973,0.5027,0.9893
2026-05-13 23:05:00+00:00,0.4977,0.5023,0.9908
2026-05-13 23:10:00+00:00,0.4977,0.5023,0.9908
2026-05-13 23:15:00+00:00,0.4977,0.5023,0.9908
2026-05-13 23:20:00+00:00,0.4976,0.5024,0.9904
2026-05-13 23:25:00+00:00,0.4977,0.5023,0.9908
2026-05-13 23:30:00+00:00,0.4981,0.5019,0.9924
2026-05-13 23:35:00+00:00,0.4977,0.5023,0.9908
2026-05-13 23:40:00+00:00,0.4978,0.5022,0.9912
2026-05-13 23:45:00+00:00,0.4979,0.5021,0.9916
2026-05-13 23:50:00+00:00,0.4979,0.5021,0.9916
2026-05-13 23:55:00+00:00,0.4974,0.5026,0.9897
2026-05-14 00:00:00+00:00,0.4976,0.5024,0.9904
2026-05-14 00:05:00+00:00,0.498,0.502,0.992
2026-05-14 00:10:00+00:00,0.4985,0.5015,0.994
2026-05-14 00:15:00+00:00,0.4992,0.5008,0.9968
2026-05-14 00:20:00+00:00,0.4999,0.5001,0.9996
2026-05-14 00:25:00+00:00,0.4998,0.5002,0.9992
2026-05-14 00:30:00+00:00,0.4997,0.5003,0.9988
2026-05-14 00:35:00+00:00,0.5002,0.4998,1.0008
2026-05-14 00:40:00+00:00,0.5007,0.4993,1.0028
2026-05-14 00:45:00+00:00,0.501,0.499,1.004
2026-05-14 00:50:00+00:00,0.5004,0.4996,1.0016
2026-05-14 00:55:00+00:00,0.5003,0.4997,1.0012
2026-05-14 01:00:00+00:00,0.5004,0.4996,1.0016
2026-05-14 01:05:00+00:00,0.5002,0.4998,1.0008
2026-05-14 01:10:00+00:00,0.5002,0.4998,1.0008
2026-05-14 01:15:00+00:00,0.5003,0.4997,1.0012
2026-05-14 01:20:00+00:00,0.5001,0.4999,1.0004
2026-05-14 01:25:00+00:00,0.5,0.5,1.0
2026-05-14 01:30:00+00:00,0.5004,0.4996,1.0016
2026-05-14 01:35:00+00:00,0.5,0.5,1.0
2026-05-14 01:40:00+00:00,0.4995,0.5005,0.998
2026-05-14 01:45:00+00:00,0.4994,0.5006,0.9976
2026-05-14 01:50:00+00:00,0.4994,0.5006,0.9976
2026-05-14 01:55:00+00:00,0.4993,0.5007,0.9972
2026-05-14 02:00:00+00:00,0.4994,0.5006,0.9976
2026-05-14 02:05:00+00:00,0.4995,0.5005,0.998
2026-05-14 02:10:00+00:00,0.4996,0.5004,0.9984
2026-05-14 02:15:00+00:00,0.4998,0.5002,0.9992
2026-05-14 02:20:00+00:00,0.4992,0.5008,0.9968
2026-05-14 02:25:00+00:00,0.4993,0.5007,0.9972
2026-05-14 02:30:00+00:00,0.4993,0.5007,0.9972
2026-05-14 02:35:00+00:00,0.4991,0.5009,0.9964
2026-05-14 02:40:00+00:00,0.4991,0.5009,0.9964
2026-05-14 02:45:00+00:00,0.499,0.501,0.996
2026-05-14 02:50:00+00:00,0.4983,0.5017,0.9932
2026-05-14 02:55:00+00:00,0.4968,0.5032,0.9873
2026-05-14 03:00:00+00:00,0.4965,0.5035,0.9861
2026-05-14 03:05:00+00:00,0.4966,0.5034,0.9865
2026-05-14 03:10:00+00:00,0.4949,0.5051,0.9798
2026-05-14 03:15:00+00:00,0.4947,0.5053,0.979
2026-05-14 03:20:00+00:00,0.4945,0.5055,0.9782
2026-05-14 03:25:00+00:00,0.4929,0.5071,0.972
2026-05-14 03:30:00+00:00,0.4931,0.5069,0.9728
2026-05-14 03:35:00+00:00,0.4935,0.5065,0.9743
2026-05-14 03:40:00+00:00,0.4937,0.5063,0.9751
2026-05-14 03:45:00+00:00,0.4934,0.5066,0.9739
2026-05-14 03:50:00+00:00,0.4931,0.5069,0.9728
2026-05-14 03:55:00+00:00,0.4931,0.5069,0.9728
2026-05-14 04:00:00+00:00,0.4923,0.5077,0.9697
2026-05-14 04:05:00+00:00,0.4925,0.5075,0.9704
2026-05-14 04:10:00+00:00,0.4936,0.5064,0.9747
2026-05-14 04:15:00+00:00,0.4937,0.5063,0.9751
2026-05-14 04:20:00+00:00,0.4942,0.5058,0.9771
2026-05-14 04:25:00+00:00,0.4945,0.5055,0.9782
2026-05-14 04:30:00+00:00,0.4948,0.5052,0.9794
2026-05-14 04:35:00+00:00,0.4953,0.5047,0.9814
2026-05-14 04:40:00+00:00,0.4955,0.5045,0.9822
2026-05-14 04:45:00+00:00,0.4957,0.5043,0.9829
2026-05-14 04:50:00+00:00,0.4962,0.5038,0.9849
2026-05-14 04:55:00+00:00,0.4963,0.5037,0.9853
2026-05-14 05:00:00+00:00,0.4965,0.5035,0.9861
2026-05-14 05:05:00+00:00,0.4962,0.5038,0.9849
2026-05-14 05:10:00+00:00,0.4963,0.5037,0.9853
2026-05-14 05:15:00+00:00,0.4964,0.5036,0.9857
2026-05-14 05:20:00+00:00,0.4962,0.5038,0.9849
2026-05-14 05:25:00+00:00,0.4969,0.5031,0.9877
2026-05-14 05:30:00+00:00,0.4967,0.5033,0.9869
2026-05-14 05:35:00+00:00,0.4961,0.5039,0.9845
2026-05-14 05:40:00+00:00,0.4955,0.5045,0.9822
2026-05-14 05:45:00+00:00,0.4951,0.5049,0.9806
2026-05-14 05:50:00+00:00,0.4951,0.5049,0.9806
2026-05-14 05:55:00+00:00,0.4954,0.5046,0.9818
2026-05-14 06:00:00+00:00,0.4922,0.5078,0.9693
2026-05-14 06:05:00+00:00,0.4907,0.5093,0.9635
2026-05-14 06:10:00+00:00,0.4908,0.5092,0.9639
2026-05-14 06:15:00+00:00,0.4901,0.5099,0.9612
2026-05-14 06:20:00+00:00,0.4891,0.5109,0.9573
2026-05-14 06:25:00+00:00,0.4887,0.5113,0.9558
2026-05-14 06:30:00+00:00,0.4877,0.5123,0.952
2026-05-14 06:35:00+00:00,0.4859,0.5141,0.9451
2026-05-14 06:40:00+00:00,0.4851,0.5149,0.9421
2026-05-14 06:45:00+00:00,0.4851,0.5149,0.9421
2026-05-14 06:50:00+00:00,0.485,0.515,0.9417
2026-05-14 06:55:00+00:00,0.4848,0.5152,0.941
2026-05-14 07:00:00+00:00,0.4845,0.5155,0.9399
2026-05-14 07:05:00+00:00,0.4836,0.5164,0.9365
2026-05-14 07:10:00+00:00,0.4831,0.5169,0.9346
2026-05-14 07:15:00+00:00,0.4824,0.5176,0.932
2026-05-14 07:20:00+00:00,0.4817,0.5183,0.9294
2026-05-14 07:25:00+00:00,0.4813,0.5187,0.9279
2026-05-14 07:30:00+00:00,0.4815,0.5185,0.9286
2026-05-14 07:35:00+00:00,0.4815,0.5185,0.9286
2026-05-14 07:40:00+00:00,0.4817,0.5183,0.9294
2026-05-14 07:45:00+00:00,0.4817,0.5183,0.9294
2026-05-14 07:50:00+00:00,0.4817,0.5183,0.9294
2026-05-14 07:55:00+00:00,0.4816,0.5184,0.929
2026-05-14 08:00:00+00:00,0.4813,0.5187,0.9279
2026-05-14 08:05:00+00:00,0.4799,0.5201,0.9227
2026-05-14 08:10:00+00:00,0.4794,0.5206,0.9209
2026-05-14 08:15:00+00:00,0.4797,0.5203,0.922
2026-05-14 08:20:00+00:00,0.48,0.52,0.9231
2026-05-14 08:25:00+00:00,0.4797,0.5203,0.922
2026-05-14 08:30:00+00:00,0.4796,0.5204,0.9216
2026-05-14 08:35:00+00:00,0.4796,0.5204,0.9216
2026-05-14 08:40:00+00:00,0.4798,0.5202,0.9223
2026-05-14 08:45:00+00:00,0.4797,0.5203,0.922
2026-05-14 08:50:00+00:00,0.4798,0.5202,0.9223
2026-05-14 08:55:00+00:00,0.4799,0.5201,0.9227
2026-05-14 09:00:00+00:00,0.4797,0.5203,0.922
2026-05-14 09:05:00+00:00,0.4788,0.5212,0.9186
2026-05-14 09:10:00+00:00,0.4788,0.5212,0.9186
2026-05-14 09:15:00+00:00,0.4788,0.5212,0.9186
2026-05-14 09:20:00+00:00,0.4787,0.5213,0.9183
2026-05-14 09:25:00+00:00,0.4785,0.5215,0.9175
2026-05-14 09:30:00+00:00,0.4782,0.5218,0.9164
2026-05-14 09:35:00+00:00,0.4778,0.5222,0.915
2026-05-14 09:40:00+00:00,0.4765,0.5235,0.9102
2026-05-14 09:45:00+00:00,0.4767,0.5233,0.9109
2026-05-14 09:50:00+00:00,0.4763,0.5237,0.9095
2026-05-14 09:55:00+00:00,0.4762,0.5238,0.9091
2026-05-14 10:00:00+00:00,0.4759,0.5241,0.908
2026-05-14 10:05:00+00:00,0.4765,0.5235,0.9102
2026-05-14 10:10:00+00:00,0.4772,0.5228,0.9128
2026-05-14 10:15:00+00:00,0.4773,0.5227,0.9131
2026-05-14 10:20:00+00:00,0.4774,0.5226,0.9135
2026-05-14 10:25:00+00:00,0.4774,0.5226,0.9135
2026-05-14 10:30:00+00:00,0.4775,0.5225,0.9139
2026-05-14 10:35:00+00:00,0.4774,0.5226,0.9135
2026-05-14 10:40:00+00:00,0.4774,0.5226,0.9135
2026-05-14 10:45:00+00:00,0.4797,0.5203,0.922
2026-05-14 10:50:00+00:00,0.4802,0.5198,0.9238
2026-05-14 10:55:00+00:00,0.4802,0.5198,0.9238
2026-05-14 11:00:00+00:00,0.4803,0.5197,0.9242
2026-05-14 11:05:00+00:00,0.4805,0.5195,0.9249
2026-05-14 11:10:00+00:00,0.4802,0.5198,0.9238
2026-05-14 11:15:00+00:00,0.4804,0.5196,0.9246
2026-05-14 11:20:00+00:00,0.4807,0.5193,0.9257
2026-05-14 11:25:00+00:00,0.4804,0.5196,0.9246
2026-05-14 11:30:00+00:00,0.4799,0.5201,0.9227
2026-05-14 11:35:00+00:00,0.4802,0.5198,0.9238
2026-05-14 11:40:00+00:00,0.4808,0.5192,0.926
2026-05-14 11:45:00+00:00,0.481,0.519,0.9268
2026-05-14 11:50:00+00:00,0.4807,0.5193,0.9257
2026-05-14 11:55:00+00:00,0.4813,0.5187,0.9279
2026-05-14 12:00:00+00:00,0.4818,0.5182,0.9298
2026-05-14 12:05:00+00:00,0.4825,0.5175,0.9324
2026-05-14 12:10:00+00:00,0.4832,0.5168,0.935
2026-05-14 12:15:00+00:00,0.4844,0.5156,0.9395
2026-05-14 12:20:00+00:00,0.4851,0.5149,0.9421
2026-05-14 12:25:00+00:00,0.4857,0.5143,0.9444
2026-05-14 12:30:00+00:00,0.4867,0.5133,0.9482
2026-05-14 12:35:00+00:00,0.4877,0.5123,0.952
2026-05-14 12:40:00+00:00,0.4884,0.5116,0.9547
2026-05-14 12:45:00+00:00,0.4888,0.5112,0.9562
2026-05-14 12:50:00+00:00,0.4892,0.5108,0.9577
2026-05-14 12:55:00+00:00,0.4891,0.5109,0.9573
2026-05-14 13:00:00+00:00,0.4892,0.5108,0.9577
2026-05-14 13:05:00+00:00,0.4883,0.5117,0.9543
2026-05-14 13:10:00+00:00,0.4879,0.5121,0.9527
2026-05-14 13:15:00+00:00,0.4871,0.5129,0.9497
2026-05-14 13:20:00+00:00,0.4851,0.5149,0.9421
2026-05-14 13:25:00+00:00,0.4814,0.5186,0.9283
2026-05-14 13:30:00+00:00,0.4807,0.5193,0.9257
2026-05-14 13:35:00+00:00,0.4799,0.5201,0.9227
2026-05-14 13:40:00+00:00,0.4782,0.5218,0.9164
2026-05-14 13:45:00+00:00,0.4777,0.5223,0.9146
2026-05-14 13:50:00+00:00,0.4772,0.5228,0.9128
2026-05-14 13:55:00+00:00,0.4765,0.5235,0.9102
2026-05-14 14:00:00+00:00,0.4758,0.5242,0.9077
2026-05-14 14:05:00+00:00,0.4747,0.5253,0.9037
2026-05-14 14:10:00+00:00,0.4753,0.5247,0.9059
2026-05-14 14:15:00+00:00,0.4746,0.5254,0.9033
2026-05-14 14:20:00+00:00,0.4735,0.5265,0.8993
2026-05-14 14:25:00+00:00,0.4777,0.5223,0.9146
2026-05-14 14:30:00+00:00,0.4809,0.5191,0.9264
2026-05-14 14:35:00+00:00,0.4806,0.5194,0.9253
2026-05-14 14:40:00+00:00,0.4808,0.5192,0.926
2026-05-14 14:45:00+00:00,0.4659,0.5341,0.8723
2026-05-14 14:50:00+00:00,0.4599,0.5401,0.8515
2026-05-14 14:55:00+00:00,0.4538,0.5462,0.8308
2026-05-14 15:00:00+00:00,0.4444,0.5556,0.7999
2026-05-14 15:05:00+00:00,0.4373,0.5627,0.7771
2026-05-14 15:10:00+00:00,0.4315,0.5685,0.759
2026-05-14 15:15:00+00:00,0.4297,0.5703,0.7535
2026-05-14 15:20:00+00:00,0.4266,0.5734,0.744
2026-05-14 15:25:00+00:00,0.4253,0.5747,0.74
2026-05-14 15:30:00+00:00,0.4243,0.5757,0.737
2026-05-14 15:35:00+00:00,0.4232,0.5768,0.7337
2026-05-14 15:40:00+00:00,0.4212,0.5788,0.7277
2026-05-14 15:45:00+00:00,0.4206,0.5794,0.7259
2026-05-14 15:50:00+00:00,0.4205,0.5795,0.7256
2026-05-14 15:55:00+00:00,0.4185,0.5815,0.7197
2026-05-14 16:00:00+00:00,0.4175,0.5825,0.7167
2026-05-14 16:05:00+00:00,0.4179,0.5821,0.7179
2026-05-14 16:10:00+00:00,0.4175,0.5825,0.7167
2026-05-14 16:15:00+00:00,0.4171,0.5829,0.7156
2026-05-14 16:20:00+00:00,0.4144,0.5856,0.7077
2026-05-14 16:25:00+00:00,0.4124,0.5876,0.7018
2026-05-14 16:30:00+00:00,0.4105,0.5895,0.6964
2026-05-14 16:35:00+00:00,0.4087,0.5913,0.6912
2026-05-14 16:40:00+00:00,0.4062,0.5938,0.6841
2026-05-14 16:45:00+00:00,0.4061,0.5939,0.6838
2026-05-14 16:50:00+00:00,0.4047,0.5953,0.6798
2026-05-14 16:55:00+00:00,0.4009,0.5991,0.6692
2026-05-14 17:00:00+00:00,0.4013,0.5987,0.6703
2026-05-14 17:05:00+00:00,0.3951,0.6049,0.6532
2026-05-14 17:10:00+00:00,0.3924,0.6076,0.6458
2026-05-14 17:15:00+00:00,0.3887,0.6113,0.6359
2026-05-14 17:20:00+00:00,0.3886,0.6114,0.6356
2026-05-14 17:25:00+00:00,0.389,0.611,0.6367
2026-05-14 17:30:00+00:00,0.389,0.611,0.6367
2026-05-14 17:35:00+00:00,0.3895,0.6105,0.638
2026-05-14 17:40:00+00:00,0.3888,0.6112,0.6361
2026-05-14 17:45:00+00:00,0.3883,0.6117,0.6348
2026-05-14 17:50:00+00:00,0.3884,0.6116,0.6351
2026-05-14 17:55:00+00:00,0.3876,0.6124,0.6329
2026-05-14 18:00:00+00:00,0.3873,0.6127,0.6321
2026-05-14 18:05:00+00:00,0.3859,0.6141,0.6284
2026-05-14 18:10:00+00:00,0.3859,0.6141,0.6284
2026-05-14 18:15:00+00:00,0.3858,0.6142,0.6281
2026-05-14 18:20:00+00:00,0.3853,0.6147,0.6268
2026-05-14 18:25:00+00:00,0.3849,0.6151,0.6258
2026-05-14 18:30:00+00:00,0.3845,0.6155,0.6247
2026-05-14 18:35:00+00:00,0.3839,0.6161,0.6231
2026-05-14 18:40:00+00:00,0.3841,0.6159,0.6236
2026-05-14 18:45:00+00:00,0.3838,0.6162,0.6228
2026-05-14 18:50:00+00:00,0.3838,0.6162,0.6228
2026-05-14 18:55:00+00:00,0.3834,0.6166,0.6218
2026-05-14 19:00:00+00:00,0.3834,0.6166,0.6218
2026-05-14 19:05:00+00:00,0.3834,0.6166,0.6218
2026-05-14 19:10:00+00:00,0.3832,0.6168,0.6213
2026-05-14 19:15:00+00:00,0.3829,0.6171,0.6205
2026-05-14 19:20:00+00:00,0.382,0.618,0.6181
2026-05-14 19:25:00+00:00,0.3821,0.6179,0.6184
2026-05-14 19:30:00+00:00,0.3822,0.6178,0.6186
2026-05-14 19:35:00+00:00,0.3822,0.6178,0.6186
2026-05-14 19:40:00+00:00,0.382,0.618,0.6181
2026-05-14 19:45:00+00:00,0.3821,0.6179,0.6184
2026-05-14 19:50:00+00:00,0.382,0.618,0.6181
2026-05-14 19:55:00+00:00,0.3819,0.6181,0.6179
2026-05-14 20:00:00+00:00,0.3821,0.6179,0.6184
2026-05-14 20:05:00+00:00,0.3827,0.6173,0.62
2026-05-14 20:10:00+00:00,0.3827,0.6173,0.62
2026-05-14 20:15:00+00:00,0.3825,0.6175,0.6194
2026-05-14 20:20:00+00:00,0.383,0.617,0.6207
2026-05-14 20:25:00+00:00,0.3823,0.6177,0.6189
2026-05-14 20:30:00+00:00,0.3822,0.6178,0.6186
2026-05-14 20:35:00+00:00,0.3821,0.6179,0.6184
2026-05-14 20:40:00+00:00,0.3818,0.6182,0.6176
2026-05-14 20:45:00+00:00,0.3819,0.6181,0.6179
2026-05-14 20:50:00+00:00,0.3821,0.6179,0.6184
2026-05-14 20:55:00+00:00,0.3825,0.6175,0.6194
2026-05-14 21:00:00+00:00,0.3824,0.6176,0.6192
2026-05-14 21:05:00+00:00,0.3823,0.6177,0.6189
2026-05-14 21:10:00+00:00,0.3822,0.6178,0.6186
2026-05-14 21:15:00+00:00,0.3821,0.6179,0.6184
2026-05-14 21:20:00+00:00,0.3818,0.6182,0.6176
2026-05-14 21:25:00+00:00,0.3819,0.6181,0.6179
2026-05-14 21:30:00+00:00,0.3821,0.6179,0.6184
2026-05-14 21:35:00+00:00,0.3824,0.6176,0.6192
2026-05-14 21:40:00+00:00,0.3827,0.6173,0.62
2026-05-14 21:45:00+00:00,0.3827,0.6173,0.62
2026-05-14 21:50:00+00:00,0.3829,0.6171,0.6205
2026-05-14 21:55:00+00:00,0.3828,0.6172,0.6202
2026-05-14 22:00:00+00:00,0.3827,0.6173,0.62
2026-05-14 22:05:00+00:00,0.3826,0.6174,0.6197
2026-05-14 22:10:00+00:00,0.3829,0.6171,0.6205
2026-05-14 22:15:00+00:00,0.3831,0.6169,0.621
2026-05-14 22:20:00+00:00,0.3822,0.6178,0.6186
2026-05-14 22:25:00+00:00,0.3821,0.6179,0.6184
2026-05-14 22:30:00+00:00,0.3821,0.6179,0.6184
2026-05-14 22:35:00+00:00,0.3823,0.6177,0.6189
2026-05-14 22:40:00+00:00,0.3822,0.6178,0.6186
2026-05-14 22:45:00+00:00,0.3824,0.6176,0.6192
2026-05-14 22:50:00+00:00,0.3824,0.6176,0.6192
2026-05-14 22:55:00+00:00,0.3822,0.6178,0.6186
2026-05-14 23:00:00+00:00,0.3819,0.6181,0.6179
2026-05-14 23:05:00+00:00,0.3819,0.6181,0.6179
2026-05-14 23:10:00+00:00,0.3811,0.6189,0.6158
2026-05-14 23:15:00+00:00,0.3812,0.6188,0.616
2026-05-14 23:20:00+00:00,0.381,0.619,0.6155
2026-05-14 23:25:00+00:00,0.3807,0.6193,0.6147
2026-05-14 23:30:00+00:00,0.3818,0.6182,0.6176
2026-05-14 23:35:00+00:00,0.3818,0.6182,0.6176
2026-05-14 23:40:00+00:00,0.3817,0.6183,0.6173
2026-05-14 23:45:00+00:00,0.3814,0.6186,0.6166
2026-05-14 23:50:00+00:00,0.3806,0.6194,0.6145
2026-05-14 23:55:00+00:00,0.3801,0.6199,0.6132
2026-05-15 00:00:00+00:00,0.3798,0.6202,0.6124
2026-05-15 00:05:00+00:00,0.3813,0.6187,0.6163
2026-05-15 00:10:00+00:00,0.3821,0.6179,0.6184
2026-05-15 00:15:00+00:00,0.3827,0.6173,0.62
2026-05-15 00:20:00+00:00,0.3827,0.6173,0.62
2026-05-15 00:25:00+00:00,0.3827,0.6173,0.62
2026-05-15 00:30:00+00:00,0.3828,0.6172,0.6202
2026-05-15 00:35:00+00:00,0.3835,0.6165,0.6221
2026-05-15 00:40:00+00:00,0.3833,0.6167,0.6215
2026-05-15 00:45:00+00:00,0.3827,0.6173,0.62
2026-05-15 00:50:00+00:00,0.3826,0.6174,0.6197
2026-05-15 00:55:00+00:00,0.3826,0.6174,0.6197
2026-05-15 01:00:00+00:00,0.3827,0.6173,0.62
2026-05-15 01:05:00+00:00,0.383,0.617,0.6207
2026-05-15 01:10:00+00:00,0.3823,0.6177,0.6189
2026-05-15 01:15:00+00:00,0.3822,0.6178,0.6186
2026-05-15 01:20:00+00:00,0.3818,0.6182,0.6176
2026-05-15 01:25:00+00:00,0.3815,0.6185,0.6168
2026-05-15 01:30:00+00:00,0.3814,0.6186,0.6166
2026-05-15 01:35:00+00:00,0.3813,0.6187,0.6163
2026-05-15 01:40:00+00:00,0.3817,0.6183,0.6173
2026-05-15 01:45:00+00:00,0.3821,0.6179,0.6184
2026-05-15 01:50:00+00:00,0.3823,0.6177,0.6189
2026-05-15 01:55:00+00:00,0.3822,0.6178,0.6186
2026-05-15 02:00:00+00:00,0.3825,0.6175,0.6194
2026-05-15 02:05:00+00:00,0.3826,0.6174,0.6197
2026-05-15 02:10:00+00:00,0.383,0.617,0.6207
2026-05-15 02:15:00+00:00,0.382,0.618,0.6181
2026-05-15 02:20:00+00:00,0.3825,0.6175,0.6194
2026-05-15 02:25:00+00:00,0.3831,0.6169,0.621
2026-05-15 02:30:00+00:00,0.3834,0.6166,0.6218
2026-05-15 02:35:00+00:00,0.3837,0.6163,0.6226
2026-05-15 02:40:00+00:00,0.3847,0.6153,0.6252
2026-05-15 02:45:00+00:00,0.3883,0.6117,0.6348
2026-05-15 02:50:00+00:00,0.389,0.611,0.6367
2026-05-15 02:55:00+00:00,0.3891,0.6109,0.6369
2026-05-15 03:00:00+00:00,0.3889,0.6111,0.6364
2026-05-15 03:05:00+00:00,0.389,0.611,0.6367
2026-05-15 03:10:00+00:00,0.3888,0.6112,0.6361
2026-05-15 03:15:00+00:00,0.3891,0.6109,0.6369
2026-05-15 03:20:00+00:00,0.389,0.611,0.6367
2026-05-15 03:25:00+00:00,0.3889,0.6111,0.6364
2026-05-15 03:30:00+00:00,0.3889,0.6111,0.6364
2026-05-15 03:35:00+00:00,0.3892,0.6108,0.6372
2026-05-15 03:40:00+00:00,0.3896,0.6104,0.6383
2026-05-15 03:45:00+00:00,0.3898,0.6102,0.6388
2026-05-15 03:50:00+00:00,0.3909,0.6091,0.6418
2026-05-15 03:55:00+00:00,0.3913,0.6087,0.6428
2026-05-15 04:00:00+00:00,0.3912,0.6088,0.6426
2026-05-15 04:05:00+00:00,0.3903,0.6097,0.6402
2026-05-15 04:10:00+00:00,0.3906,0.6094,0.641
2026-05-15 04:15:00+00:00,0.3908,0.6092,0.6415
2026-05-15 04:20:00+00:00,0.391,0.609,0.642
2026-05-15 04:25:00+00:00,0.391,0.609,0.642
2026-05-15 04:30:00+00:00,0.3913,0.6087,0.6428
2026-05-15 04:35:00+00:00,0.3914,0.6086,0.6431
2026-05-15 04:40:00+00:00,0.3917,0.6083,0.6439
2026-05-15 04:45:00+00:00,0.3929,0.6071,0.6472
2026-05-15 04:50:00+00:00,0.393,0.607,0.6474
2026-05-15 04:55:00+00:00,0.3934,0.6066,0.6485
2026-05-15 05:00:00+00:00,0.3937,0.6063,0.6493
2026-05-15 05:05:00+00:00,0.396,0.604,0.6556
2026-05-15 05:10:00+00:00,0.3965,0.6035,0.657
2026-05-15 05:15:00+00:00,0.3968,0.6032,0.6578
2026-05-15 05:20:00+00:00,0.3973,0.6027,0.6592
2026-05-15 05:25:00+00:00,0.3978,0.6022,0.6606
2026-05-15 05:30:00+00:00,0.3983,0.6017,0.662
2026-05-15 05:35:00+00:00,0.4023,0.5977,0.6731
2026-05-15 05:40:00+00:00,0.4055,0.5945,0.6821
2026-05-15 05:45:00+00:00,0.4082,0.5918,0.6898
2026-05-15 05:50:00+00:00,0.4087,0.5913,0.6912
2026-05-15 05:55:00+00:00,0.4099,0.5901,0.6946
2026-05-15 06:00:00+00:00,0.4104,0.5896,0.6961
2026-05-15 06:05:00+00:00,0.4118,0.5882,0.7001
2026-05-15 06:10:00+00:00,0.4146,0.5854,0.7082
2026-05-15 06:15:00+00:00,0.4157,0.5843,0.7114
2026-05-15 06:20:00+00:00,0.4168,0.5832,0.7147
2026-05-15 06:25:00+00:00,0.4173,0.5827,0.7161
2026-05-15 06:30:00+00:00,0.4187,0.5813,0.7203
2026-05-15 06:35:00+00:00,0.4203,0.5797,0.725
2026-05-15 06:40:00+00:00,0.4209,0.5791,0.7268
2026-05-15 06:45:00+00:00,0.4225,0.5775,0.7316
2026-05-15 06:50:00+00:00,0.4229,0.5771,0.7328
2026-05-15 06:55:00+00:00,0.4227,0.5773,0.7322
2026-05-15 07:00:00+00:00,0.4232,0.5768,0.7337
2026-05-15 07:05:00+00:00,0.4246,0.5754,0.7379
2026-05-15 07:10:00+00:00,0.4252,0.5748,0.7397
2026-05-15 07:15:00+00:00,0.4261,0.5739,0.7425
2026-05-15 07:20:00+00:00,0.4261,0.5739,0.7425
2026-05-15 07:25:00+00:00,0.4268,0.5732,0.7446
2026-05-15 07:30:00+00:00,0.4273,0.5727,0.7461
2026-05-15 07:35:00+00:00,0.427,0.573,0.7452
2026-05-15 07:40:00+00:00,0.4269,0.5731,0.7449
2026-05-15 07:45:00+00:00,0.4267,0.5733,0.7443
2026-05-15 07:50:00+00:00,0.4267,0.5733,0.7443
2026-05-15 07:55:00+00:00,0.427,0.573,0.7452
2026-05-15 08:00:00+00:00,0.4269,0.5731,0.7449
2026-05-15 08:05:00+00:00,0.4261,0.5739,0.7425
2026-05-15 08:10:00+00:00,0.4256,0.5744,0.7409
2026-05-15 08:15:00+00:00,0.425,0.575,0.7391
2026-05-15 08:20:00+00:00,0.4247,0.5753,0.7382
2026-05-15 08:25:00+00:00,0.4248,0.5752,0.7385
2026-05-15 08:30:00+00:00,0.4279,0.5721,0.7479
2026-05-15 08:35:00+00:00,0.4284,0.5716,0.7495
2026-05-15 08:40:00+00:00,0.4293,0.5707,0.7522
2026-05-15 08:45:00+00:00,0.4301,0.5699,0.7547
2026-05-15 08:50:00+00:00,0.4301,0.5699,0.7547
2026-05-15 08:55:00+00:00,0.4302,0.5698,0.755
2026-05-15 09:00:00+00:00,0.4306,0.5694,0.7562
2026-05-15 09:05:00+00:00,0.4307,0.5693,0.7565
2026-05-15 09:10:00+00:00,0.4308,0.5692,0.7569
2026-05-15 09:15:00+00:00,0.4308,0.5692,0.7569
2026-05-15 09:20:00+00:00,0.4306,0.5694,0.7562
2026-05-15 09:25:00+00:00,0.4306,0.5694,0.7562
2026-05-15 09:30:00+00:00,0.4308,0.5692,0.7569
2026-05-15 09:35:00+00:00,0.4316,0.5684,0.7593
2026-05-15 09:40:00+00:00,0.432,0.568,0.7606
2026-05-15 09:45:00+00:00,0.4318,0.5682,0.7599
2026-05-15 09:50:00+00:00,0.4322,0.5678,0.7612
2026-05-15 09:55:00+00:00,0.4323,0.5677,0.7615
2026-05-15 10:00:00+00:00,0.4323,0.5677,0.7615
2026-05-15 10:05:00+00:00,0.4326,0.5674,0.7624
2026-05-15 10:10:00+00:00,0.434,0.566,0.7668
2026-05-15 10:15:00+00:00,0.4348,0.5652,0.7693
2026-05-15 10:20:00+00:00,0.4352,0.5648,0.7705
2026-05-15 10:25:00+00:00,0.4352,0.5648,0.7705
2026-05-15 10:30:00+00:00,0.4355,0.5645,0.7715
2026-05-15 10:35:00+00:00,0.4359,0.5641,0.7727
2026-05-15 10:40:00+00:00,0.4363,0.5637,0.774
2026-05-15 10:45:00+00:00,0.4363,0.5637,0.774
2026-05-15 10:50:00+00:00,0.4377,0.5623,0.7784
2026-05-15 10:55:00+00:00,0.4394,0.5606,0.7838
2026-05-15 11:00:00+00:00,0.44,0.56,0.7857
2026-05-15 11:05:00+00:00,0.4404,0.5596,0.787
2026-05-15 11:10:00+00:00,0.4404,0.5596,0.787
2026-05-15 11:15:00+00:00,0.4405,0.5595,0.7873
2026-05-15 11:20:00+00:00,0.4409,0.5591,0.7886
2026-05-15 11:25:00+00:00,0.4411,0.5589,0.7892
2026-05-15 11:30:00+00:00,0.4407,0.5593,0.7879
2026-05-15 11:35:00+00:00,0.4395,0.5605,0.7841
2026-05-15 11:40:00+00:00,0.4397,0.5603,0.7848
2026-05-15 11:45:00+00:00,0.4394,0.5606,0.7838
2026-05-15 11:50:00+00:00,0.4404,0.5596,0.787
2026-05-15 11:55:00+00:00,0.4407,0.5593,0.7879
2026-05-15 12:00:00+00:00,0.4409,0.5591,0.7886
2026-05-15 12:05:00+00:00,0.4411,0.5589,0.7892
2026-05-15 12:10:00+00:00,0.4399,0.5601,0.7854
2026-05-15 12:15:00+00:00,0.4402,0.5598,0.7864
2026-05-15 12:20:00+00:00,0.4407,0.5593,0.7879
2026-05-15 12:25:00+00:00,0.4412,0.5588,0.7895
2026-05-15 12:30:00+00:00,0.4415,0.5585,0.7905
2026-05-15 12:35:00+00:00,0.4411,0.5589,0.7892
2026-05-15 12:40:00+00:00,0.4414,0.5586,0.7902
2026-05-15 12:45:00+00:00,0.4415,0.5585,0.7905
2026-05-15 12:50:00+00:00,0.4415,0.5585,0.7905
2026-05-15 12:55:00+00:00,0.4421,0.5579,0.7924
2026-05-15 13:00:00+00:00,0.4421,0.5579,0.7924
2026-05-15 13:05:00+00:00,0.4395,0.5605,0.7841
2026-05-15 13:10:00+00:00,0.4407,0.5593,0.7879
2026-05-15 13:15:00+00:00,0.4425,0.5575,0.7937
2026-05-15 13:20:00+00:00,0.4438,0.5562,0.7979
2026-05-15 13:25:00+00:00,0.4478,0.5522,0.8109
2026-05-15 13:30:00+00:00,0.4496,0.5504,0.8169
2026-05-15 13:35:00+00:00,0.4528,0.5472,0.8275
2026-05-15 13:40:00+00:00,0.4559,0.5441,0.8379
2026-05-15 13:45:00+00:00,0.4632,0.5368,0.8629
2026-05-15 13:50:00+00:00,0.4726,0.5274,0.8961
2026-05-15 13:55:00+00:00,0.4836,0.5164,0.9365
2026-05-15 14:00:00+00:00,0.4905,0.5095,0.9627
2026-05-15 14:05:00+00:00,0.4944,0.5056,0.9778
2026-05-15 14:10:00+00:00,0.5,0.5,1.0
2026-05-15 14:15:00+00:00,0.5019,0.4981,1.0076
2026-05-15 14:20:00+00:00,0.5032,0.4968,1.0129
2026-05-15 14:25:00+00:00,0.5039,0.4961,1.0157
2026-05-15 14:30:00+00:00,0.505,0.495,1.0202
2026-05-15 14:35:00+00:00,0.5065,0.4935,1.0263
2026-05-15 14:40:00+00:00,0.5086,0.4914,1.035
2026-05-15 14:45:00+00:00,0.5117,0.4883,1.0479
2026-05-15 14:50:00+00:00,0.5123,0.4877,1.0504
2026-05-15 14:55:00+00:00,0.513,0.487,1.0534
2026-05-15 15:00:00+00:00,0.5138,0.4862,1.0568
2026-05-15 15:05:00+00:00,0.5141,0.4859,1.058
2026-05-15 15:10:00+00:00,0.5145,0.4855,1.0597
2026-05-15 15:15:00+00:00,0.5149,0.4851,1.0614
2026-05-15 15:20:00+00:00,0.5156,0.4844,1.0644
2026-05-15 15:25:00+00:00,0.5178,0.4822,1.0738
2026-05-15 15:30:00+00:00,0.5181,0.4819,1.0751
2026-05-15 15:35:00+00:00,0.5185,0.4815,1.0768
2026-05-15 15:40:00+00:00,0.5186,0.4814,1.0773
2026-05-15 15:45:00+00:00,0.5185,0.4815,1.0768
2026-05-15 15:50:00+00:00,0.5189,0.4811,1.0786
2026-05-15 15:55:00+00:00,0.5193,0.4807,1.0803
2026-05-15 16:00:00+00:00,0.5199,0.4801,1.0829
2026-05-15 16:05:00+00:00,0.52,0.48,1.0833
2026-05-15 16:10:00+00:00,0.5209,0.4791,1.0872
2026-05-15 16:15:00+00:00,0.5211,0.4789,1.0881
2026-05-15 16:20:00+00:00,0.5212,0.4788,1.0886
2026-05-15 16:25:00+00:00,0.5216,0.4784,1.0903
2026-05-15 16:30:00+00:00,0.5219,0.4781,1.0916
2026-05-15 16:35:00+00:00,0.5228,0.4772,1.0956
2026-05-15 16:40:00+00:00,0.5228,0.4772,1.0956
2026-05-15 16:45:00+00:00,0.5229,0.4771,1.096
2026-05-15 16:50:00+00:00,0.5232,0.4768,1.0973
2026-05-15 16:55:00+00:00,0.5234,0.4766,1.0982
2026-05-15 17:00:00+00:00,0.5235,0.4765,1.0986
2026-05-15 17:05:00+00:00,0.5235,0.4765,1.0986
2026-05-15 17:10:00+00:00,0.5239,0.4761,1.1004
2026-05-15 17:15:00+00:00,0.5241,0.4759,1.1013
2026-05-15 17:20:00+00:00,0.524,0.476,1.1008
2026-05-15 17:25:00+00:00,0.5241,0.4759,1.1013
2026-05-15 17:30:00+00:00,0.5204,0.4796,1.0851
2026-05-15 17:35:00+00:00,0.5208,0.4792,1.0868
2026-05-15 17:40:00+00:00,0.5209,0.4791,1.0872
2026-05-15 17:45:00+00:00,0.5213,0.4787,1.089
2026-05-15 17:50:00+00:00,0.5212,0.4788,1.0886
2026-05-15 17:55:00+00:00,0.5214,0.4786,1.0894
2026-05-15 18:00:00+00:00,0.5216,0.4784,1.0903
2026-05-15 18:05:00+00:00,0.5218,0.4782,1.0912
2026-05-15 18:10:00+00:00,0.5216,0.4784,1.0903
2026-05-15 18:15:00+00:00,0.5216,0.4784,1.0903
2026-05-15 18:20:00+00:00,0.5206,0.4794,1.0859
2026-05-15 18:25:00+00:00,0.5201,0.4799,1.0838
2026-05-15 18:30:00+00:00,0.5199,0.4801,1.0829
2026-05-15 18:35:00+00:00,0.5192,0.4808,1.0799
2026-05-15 18:40:00+00:00,0.5193,0.4807,1.0803
2026-05-15 18:45:00+00:00,0.5193,0.4807,1.0803
2026-05-15 18:50:00+00:00,0.5193,0.4807,1.0803
2026-05-15 18:55:00+00:00,0.5193,0.4807,1.0803
2026-05-15 19:00:00+00:00,0.5195,0.4805,1.0812
2026-05-15 19:05:00+00:00,0.5194,0.4806,1.0807
2026-05-15 19:10:00+00:00,0.5195,0.4805,1.0812
2026-05-15 19:15:00+00:00,0.5192,0.4808,1.0799
2026-05-15 19:20:00+00:00,0.5193,0.4807,1.0803
2026-05-15 19:25:00+00:00,0.5196,0.4804,1.0816
2026-05-15 19:30:00+00:00,0.5197,0.4803,1.082
2026-05-15 19:35:00+00:00,0.5198,0.4802,1.0825
2026-05-15 19:40:00+00:00,0.52,0.48,1.0833
2026-05-15 19:45:00+00:00,0.5201,0.4799,1.0838
2026-05-15 19:50:00+00:00,0.52,0.48,1.0833
2026-05-15 19:55:00+00:00,0.5202,0.4798,1.0842
2026-05-15 20:00:00+00:00,0.5202,0.4798,1.0842
2026-05-15 20:05:00+00:00,0.5202,0.4798,1.0842
2026-05-15 20:10:00+00:00,0.5202,0.4798,1.0842
2026-05-15 20:15:00+00:00,0.5201,0.4799,1.0838
2026-05-15 20:20:00+00:00,0.5202,0.4798,1.0842
2026-05-15 20:25:00+00:00,0.5201,0.4799,1.0838
2026-05-15 20:30:00+00:00,0.5195,0.4805,1.0812
2026-05-15 20:35:00+00:00,0.5199,0.4801,1.0829
2026-05-15 20:40:00+00:00,0.5199,0.4801,1.0829
2026-05-15 20:45:00+00:00,0.5199,0.4801,1.0829
2026-05-15 20:50:00+00:00,0.5194,0.4806,1.0807
2026-05-15 20:55:00+00:00,0.5195,0.4805,1.0812
2026-05-15 21:00:00+00:00,0.5196,0.4804,1.0816
2026-05-15 21:05:00+00:00,0.52,0.48,1.0833
2026-05-15 21:10:00+00:00,0.52,0.48,1.0833
2026-05-15 21:15:00+00:00,0.5201,0.4799,1.0838
2026-05-15 21:20:00+00:00,0.5205,0.4795,1.0855
2026-05-15 21:25:00+00:00,0.5204,0.4796,1.0851
2026-05-15 21:30:00+00:00,0.5205,0.4795,1.0855
2026-05-15 21:35:00+00:00,0.5203,0.4797,1.0846
2026-05-15 21:40:00+00:00,0.5204,0.4796,1.0851
2026-05-15 21:45:00+00:00,0.5202,0.4798,1.0842
2026-05-15 21:50:00+00:00,0.5203,0.4797,1.0846
2026-05-15 21:55:00+00:00,0.5204,0.4796,1.0851
2026-05-15 22:00:00+00:00,0.5195,0.4805,1.0812
2026-05-15 22:05:00+00:00,0.5196,0.4804,1.0816
2026-05-15 22:10:00+00:00,0.5199,0.4801,1.0829
2026-05-15 22:15:00+00:00,0.5201,0.4799,1.0838
2026-05-15 22:20:00+00:00,0.5203,0.4797,1.0846
2026-05-15 22:25:00+00:00,0.5204,0.4796,1.0851
2026-05-15 22:30:00+00:00,0.5205,0.4795,1.0855
2026-05-15 22:35:00+00:00,0.5207,0.4793,1.0864
2026-05-15 22:40:00+00:00,0.5208,0.4792,1.0868
2026-05-15 22:45:00+00:00,0.5212,0.4788,1.0886
2026-05-15 22:50:00+00:00,0.5212,0.4788,1.0886
2026-05-15 22:55:00+00:00,0.5213,0.4787,1.089
2026-05-15 23:00:00+00:00,0.5213,0.4787,1.089
2026-05-15 23:05:00+00:00,0.5215,0.4785,1.0899
2026-05-15 23:10:00+00:00,0.5216,0.4784,1.0903
2026-05-15 23:15:00+00:00,0.5217,0.4783,1.0907
2026-05-15 23:20:00+00:00,0.522,0.478,1.0921
2026-05-15 23:25:00+00:00,0.5222,0.4778,1.0929
2026-05-15 23:30:00+00:00,0.5223,0.4777,1.0934
2026-05-15 23:35:00+00:00,0.5223,0.4777,1.0934
2026-05-15 23:40:00+00:00,0.5224,0.4776,1.0938
2026-05-15 23:45:00+00:00,0.5224,0.4776,1.0938
2026-05-15 23:50:00+00:00,0.5226,0.4774,1.0947
2026-05-15 23:55:00+00:00,0.5226,0.4774,1.0947
2026-05-16 00:00:00+00:00,0.5226,0.4774,1.0947
2026-05-16 00:05:00+00:00,0.5222,0.4778,1.0929
2026-05-16 00:10:00+00:00,0.5227,0.4773,1.0951
2026-05-16 00:15:00+00:00,0.523,0.477,1.0964
2026-05-16 00:20:00+00:00,0.5233,0.4767,1.0978
2026-05-16 00:25:00+00:00,0.5238,0.4762,1.1
2026-05-16 00:30:00+00:00,0.524,0.476,1.1008
2026-05-16 00:35:00+00:00,0.5244,0.4756,1.1026
2026-05-16 00:40:00+00:00,0.5247,0.4753,1.1039
2026-05-16 00:45:00+00:00,0.5254,0.4746,1.107
2026-05-16 00:50:00+00:00,0.5255,0.4745,1.1075
2026-05-16 00:55:00+00:00,0.5254,0.4746,1.107
2026-05-16 01:00:00+00:00,0.5249,0.4751,1.1048
2026-05-16 01:05:00+00:00,0.5249,0.4751,1.1048
2026-05-16 01:10:00+00:00,0.5252,0.4748,1.1061
2026-05-16 01:15:00+00:00,0.5253,0.4747,1.1066
2026-05-16 01:20:00+00:00,0.5251,0.4749,1.1057
2026-05-16 01:25:00+00:00,0.5252,0.4748,1.1061
2026-05-16 01:30:00+00:00,0.5246,0.4754,1.1035
2026-05-16 01:35:00+00:00,0.5243,0.4757,1.1022
2026-05-16 01:40:00+00:00,0.524,0.476,1.1008
2026-05-16 01:45:00+00:00,0.5238,0.4762,1.1
2026-05-16 01:50:00+00:00,0.5237,0.4763,1.0995
2026-05-16 01:55:00+00:00,0.5237,0.4763,1.0995
2026-05-16 02:00:00+00:00,0.524,0.476,1.1008
2026-05-16 02:05:00+00:00,0.5238,0.4762,1.1
2026-05-16 02:10:00+00:00,0.5243,0.4757,1.1022
2026-05-16 02:15:00+00:00,0.5244,0.4756,1.1026
2026-05-16 02:20:00+00:00,0.5246,0.4754,1.1035
2026-05-16 02:25:00+00:00,0.5247,0.4753,1.1039
2026-05-16 02:30:00+00:00,0.5249,0.4751,1.1048
2026-05-16 02:35:00+00:00,0.525,0.475,1.1053
2026-05-16 02:40:00+00:00,0.5248,0.4752,1.1044
2026-05-16 02:45:00+00:00,0.5248,0.4752,1.1044
2026-05-16 02:50:00+00:00,0.5248,0.4752,1.1044
2026-05-16 02:55:00+00:00,0.5249,0.4751,1.1048
2026-05-16 03:00:00+00:00,0.5248,0.4752,1.1044
2026-05-16 03:05:00+00:00,0.525,0.475,1.1053
2026-05-16 03:10:00+00:00,0.5251,0.4749,1.1057
2026-05-16 03:15:00+00:00,0.5251,0.4749,1.1057
2026-05-16 03:20:00+00:00,0.5254,0.4746,1.107
2026-05-16 03:25:00+00:00,0.5255,0.4745,1.1075
2026-05-16 03:30:00+00:00,0.5256,0.4744,1.1079
2026-05-16 03:35:00+00:00,0.5257,0.4743,1.1084
2026-05-16 03:40:00+00:00,0.5259,0.4741,1.1093
2026-05-16 03:45:00+00:00,0.5262,0.4738,1.1106
2026-05-16 03:50:00+00:00,0.5261,0.4739,1.1101
2026-05-16 03:55:00+00:00,0.5262,0.4738,1.1106
2026-05-16 04:00:00+00:00,0.5263,0.4737,1.111
2026-05-16 04:05:00+00:00,0.5271,0.4729,1.1146
2026-05-16 04:10:00+00:00,0.5268,0.4732,1.1133
2026-05-16 04:15:00+00:00,0.5269,0.4731,1.1137
2026-05-16 04:20:00+00:00,0.5271,0.4729,1.1146
2026-05-16 04:25:00+00:00,0.5271,0.4729,1.1146
2026-05-16 04:30:00+00:00,0.5268,0.4732,1.1133
2026-05-16 04:35:00+00:00,0.5251,0.4749,1.1057
2026-05-16 04:40:00+00:00,0.525,0.475,1.1053
2026-05-16 04:45:00+00:00,0.525,0.475,1.1053
2026-05-16 04:50:00+00:00,0.5248,0.4752,1.1044
2026-05-16 04:55:00+00:00,0.525,0.475,1.1053
2026-05-16 05:00:00+00:00,0.5252,0.4748,1.1061
2026-05-16 05:05:00+00:00,0.5251,0.4749,1.1057
2026-05-16 05:10:00+00:00,0.5251,0.4749,1.1057
2026-05-16 05:15:00+00:00,0.5249,0.4751,1.1048
2026-05-16 05:20:00+00:00,0.5249,0.4751,1.1048
2026-05-16 05:25:00+00:00,0.525,0.475,1.1053
2026-05-16 05:30:00+00:00,0.5252,0.4748,1.1061
2026-05-16 05:35:00+00:00,0.5249,0.4751,1.1048
2026-05-16 05:40:00+00:00,0.5242,0.4758,1.1017
2026-05-16 05:45:00+00:00,0.5247,0.4753,1.1039
2026-05-16 05:50:00+00:00,0.5248,0.4752,1.1044
2026-05-16 05:55:00+00:00,0.5248,0.4752,1.1044
2026-05-16 06:00:00+00:00,0.5246,0.4754,1.1035
2026-05-16 06:05:00+00:00,0.5248,0.4752,1.1044
2026-05-16 06:10:00+00:00,0.5247,0.4753,1.1039
2026-05-16 06:15:00+00:00,0.5244,0.4756,1.1026
2026-05-16 06:20:00+00:00,0.5238,0.4762,1.1
2026-05-16 06:25:00+00:00,0.5228,0.4772,1.0956
2026-05-16 06:30:00+00:00,0.5222,0.4778,1.0929
2026-05-16 06:35:00+00:00,0.5225,0.4775,1.0942
2026-05-16 06:40:00+00:00,0.5224,0.4776,1.0938
2026-05-16 06:45:00+00:00,0.522,0.478,1.0921
2026-05-16 06:50:00+00:00,0.5188,0.4812,1.0781
2026-05-16 06:55:00+00:00,0.5155,0.4845,1.064
2026-05-16 07:00:00+00:00,0.5165,0.4835,1.0683
2026-05-16 07:05:00+00:00,0.5279,0.4721,1.1182
2026-05-16 07:10:00+00:00,0.5301,0.4699,1.1281
2026-05-16 07:15:00+00:00,0.5291,0.4709,1.1236
2026-05-16 07:20:00+00:00,0.5316,0.4684,1.1349
2026-05-16 07:25:00+00:00,0.5328,0.4672,1.1404
2026-05-16 07:30:00+00:00,0.534,0.466,1.1459
2026-05-16 07:35:00+00:00,0.5339,0.4661,1.1455
2026-05-16 07:40:00+00:00,0.5348,0.4652,1.1496
2026-05-16 07:45:00+00:00,0.5354,0.4646,1.1524
2026-05-16 07:50:00+00:00,0.535,0.465,1.1505
2026-05-16 07:55:00+00:00,0.5351,0.4649,1.151
2026-05-16 08:00:00+00:00,0.5354,0.4646,1.1524
2026-05-16 08:05:00+00:00,0.5354,0.4646,1.1524
2026-05-16 08:10:00+00:00,0.5356,0.4644,1.1533
2026-05-16 08:15:00+00:00,0.5361,0.4639,1.1556
2026-05-16 08:20:00+00:00,0.5367,0.4633,1.1584
2026-05-16 08:25:00+00:00,0.5366,0.4634,1.158
2026-05-16 08:30:00+00:00,0.5368,0.4632,1.1589
2026-05-16 08:35:00+00:00,0.5376,0.4624,1.1626
2026-05-16 08:40:00+00:00,0.5379,0.4621,1.164
2026-05-16 08:45:00+00:00,0.5353,0.4647,1.1519
2026-05-16 08:50:00+00:00,0.5354,0.4646,1.1524
2026-05-16 08:55:00+00:00,0.5354,0.4646,1.1524
2026-05-16 09:00:00+00:00,0.5354,0.4646,1.1524
2026-05-16 09:05:00+00:00,0.5352,0.4648,1.1515
2026-05-16 09:10:00+00:00,0.5353,0.4647,1.1519
2026-05-16 09:15:00+00:00,0.5349,0.4651,1.1501
2026-05-16 09:20:00+00:00,0.5316,0.4684,1.1349
2026-05-16 09:25:00+00:00,0.5321,0.4679,1.1372
2026-05-16 09:30:00+00:00,0.5329,0.4671,1.1409
2026-05-16 09:35:00+00:00,0.5337,0.4663,1.1445
2026-05-16 09:40:00+00:00,0.5343,0.4657,1.1473
2026-05-16 09:45:00+00:00,0.5344,0.4656,1.1478
2026-05-16 09:50:00+00:00,0.5347,0.4653,1.1492
2026-05-16 09:55:00+00:00,0.5349,0.4651,1.1501
2026-05-16 10:00:00+00:00,0.5353,0.4647,1.1519
2026-05-16 10:05:00+00:00,0.5344,0.4656,1.1478
2026-05-16 10:10:00+00:00,0.5323,0.4677,1.1381
2026-05-16 10:15:00+00:00,0.5325,0.4675,1.139
2026-05-16 10:20:00+00:00,0.5329,0.4671,1.1409
2026-05-16 10:25:00+00:00,0.5325,0.4675,1.139
2026-05-16 10:30:00+00:00,0.5302,0.4698,1.1286
2026-05-16 10:35:00+00:00,0.5326,0.4674,1.1395
2026-05-16 10:40:00+00:00,0.5335,0.4665,1.1436
2026-05-16 10:45:00+00:00,0.5341,0.4659,1.1464
2026-05-16 10:50:00+00:00,0.5355,0.4645,1.1529
2026-05-16 10:55:00+00:00,0.5361,0.4639,1.1556
2026-05-16 11:00:00+00:00,0.5368,0.4632,1.1589
2026-05-16 11:05:00+00:00,0.5385,0.4615,1.1668
2026-05-16 11:10:00+00:00,0.5395,0.4605,1.1716
2026-05-16 11:15:00+00:00,0.5404,0.4596,1.1758
2026-05-16 11:20:00+00:00,0.542,0.458,1.1834
2026-05-16 11:25:00+00:00,0.5422,0.4578,1.1844
2026-05-16 11:30:00+00:00,0.5428,0.4572,1.1872
2026-05-16 11:35:00+00:00,0.5431,0.4569,1.1887
2026-05-16 11:40:00+00:00,0.5441,0.4559,1.1935
2026-05-16 11:45:00+00:00,0.5444,0.4556,1.1949
2026-05-16 11:50:00+00:00,0.5443,0.4557,1.1944
2026-05-16 11:55:00+00:00,0.5428,0.4572,1.1872
2026-05-16 12:00:00+00:00,0.5424,0.4576,1.1853
2026-05-16 12:05:00+00:00,0.5419,0.4581,1.1829
2026-05-16 12:10:00+00:00,0.5419,0.4581,1.1829
2026-05-16 12:15:00+00:00,0.5416,0.4584,1.1815
2026-05-16 12:20:00+00:00,0.5408,0.4592,1.1777
2026-05-16 12:25:00+00:00,0.5404,0.4596,1.1758
2026-05-16 12:30:00+00:00,0.5396,0.4604,1.172
2026-05-16 12:35:00+00:00,0.5405,0.4595,1.1763
2026-05-16 12:40:00+00:00,0.5409,0.4591,1.1782
2026-05-16 12:45:00+00:00,0.5413,0.4587,1.1801
2026-05-16 12:50:00+00:00,0.5419,0.4581,1.1829
2026-05-16 12:55:00+00:00,0.5424,0.4576,1.1853
2026-05-16 13:00:00+00:00,0.5421,0.4579,1.1839
2026-05-16 13:05:00+00:00,0.5416,0.4584,1.1815
2026-05-16 13:10:00+00:00,0.5416,0.4584,1.1815
2026-05-16 13:15:00+00:00,0.5413,0.4587,1.1801
2026-05-16 13:20:00+00:00,0.5413,0.4587,1.1801
2026-05-16 13:25:00+00:00,0.5416,0.4584,1.1815
2026-05-16 13:30:00+00:00,0.5415,0.4585,1.181
2026-05-16 13:35:00+00:00,0.5417,0.4583,1.182
2026-05-16 13:40:00+00:00,0.5415,0.4585,1.181
2026-05-16 13:45:00+00:00,0.5416,0.4584,1.1815
2026-05-16 13:50:00+00:00,0.5419,0.4581,1.1829
2026-05-16 13:55:00+00:00,0.5424,0.4576,1.1853
2026-05-16 14:00:00+00:00,0.5433,0.4567,1.1896
2026-05-16 14:05:00+00:00,0.5433,0.4567,1.1896
2026-05-16 14:10:00+00:00,0.5431,0.4569,1.1887
2026-05-16 14:15:00+00:00,0.5432,0.4568,1.1891
2026-05-16 14:20:00+00:00,0.5434,0.4566,1.1901
2026-05-16 14:25:00+00:00,0.5433,0.4567,1.1896
2026-05-16 14:30:00+00:00,0.5436,0.4564,1.1911
2026-05-16 14:35:00+00:00,0.5449,0.4551,1.1973
2026-05-16 14:40:00+00:00,0.546,0.454,1.2026
2026-05-16 14:45:00+00:00,0.5482,0.4518,1.2134
2026-05-16 14:50:00+00:00,0.5512,0.4488,1.2282
2026-05-16 14:55:00+00:00,0.5508,0.4492,1.2262
2026-05-16 15:00:00+00:00,0.5507,0.4493,1.2257
2026-05-16 15:05:00+00:00,0.5514,0.4486,1.2292
2026-05-16 15:10:00+00:00,0.5516,0.4484,1.2302
2026-05-16 15:15:00+00:00,0.5511,0.4489,1.2277
2026-05-16 15:20:00+00:00,0.5514,0.4486,1.2292
2026-05-16 15:25:00+00:00,0.5512,0.4488,1.2282
2026-05-16 15:30:00+00:00,0.5517,0.4483,1.2306
2026-05-16 15:35:00+00:00,0.5522,0.4478,1.2331
2026-05-16 15:40:00+00:00,0.5526,0.4474,1.2351
2026-05-16 15:45:00+00:00,0.5529,0.4471,1.2366
2026-05-16 15:50:00+00:00,0.554,0.446,1.2422
2026-05-16 15:55:00+00:00,0.5539,0.4461,1.2416
2026-05-16 16:00:00+00:00,0.554,0.446,1.2422
2026-05-16 16:05:00+00:00,0.5545,0.4455,1.2447
2026-05-16 16:10:00+00:00,0.5549,0.4451,1.2467
2026-05-16 16:15:00+00:00,0.5546,0.4454,1.2452
2026-05-16 16:20:00+00:00,0.5547,0.4453,1.2457
2026-05-16 16:25:00+00:00,0.5549,0.4451,1.2467
2026-05-16 16:30:00+00:00,0.5554,0.4446,1.2492
2026-05-16 16:35:00+00:00,0.5553,0.4447,1.2487
2026-05-16 16:40:00+00:00,0.5554,0.4446,1.2492
2026-05-16 16:45:00+00:00,0.5543,0.4457,1.2437
2026-05-16 16:50:00+00:00,0.5541,0.4459,1.2427
2026-05-16 16:55:00+00:00,0.5539,0.4461,1.2416
2026-05-16 17:00:00+00:00,0.554,0.446,1.2422
2026-05-16 17:05:00+00:00,0.554,0.446,1.2422
2026-05-16 17:10:00+00:00,0.5543,0.4457,1.2437
2026-05-16 17:15:00+00:00,0.5543,0.4457,1.2437
2026-05-16 17:20:00+00:00,0.5544,0.4456,1.2442
2026-05-16 17:25:00+00:00,0.5547,0.4453,1.2457
2026-05-16 17:30:00+00:00,0.5549,0.4451,1.2467
2026-05-16 17:35:00+00:00,0.5546,0.4454,1.2452
2026-05-16 17:40:00+00:00,0.5548,0.4452,1.2462
2026-05-16 17:45:00+00:00,0.5549,0.4451,1.2467
2026-05-16 17:50:00+00:00,0.5548,0.4452,1.2462
2026-05-16 17:55:00+00:00,0.555,0.445,1.2472
2026-05-16 18:00:00+00:00,0.5548,0.4452,1.2462
2026-05-16 18:05:00+00:00,0.5549,0.4451,1.2467
2026-05-16 18:10:00+00:00,0.5547,0.4453,1.2457
2026-05-16 18:15:00+00:00,0.5546,0.4454,1.2452
2026-05-16 18:20:00+00:00,0.5545,0.4455,1.2447
2026-05-16 18:25:00+00:00,0.5542,0.4458,1.2432
2026-05-16 18:30:00+00:00,0.5539,0.4461,1.2416
2026-05-16 18:35:00+00:00,0.5542,0.4458,1.2432
2026-05-16 18:40:00+00:00,0.5545,0.4455,1.2447
2026-05-16 18:45:00+00:00,0.5552,0.4448,1.2482
2026-05-16 18:50:00+00:00,0.5554,0.4446,1.2492
2026-05-16 18:55:00+00:00,0.5552,0.4448,1.2482
2026-05-16 19:00:00+00:00,0.5551,0.4449,1.2477
2026-05-16 19:05:00+00:00,0.5551,0.4449,1.2477
2026-05-16 19:10:00+00:00,0.5552,0.4448,1.2482
2026-05-16 19:15:00+00:00,0.5552,0.4448,1.2482
2026-05-16 19:20:00+00:00,0.5551,0.4449,1.2477
2026-05-16 19:25:00+00:00,0.5552,0.4448,1.2482
2026-05-16 19:30:00+00:00,0.5552,0.4448,1.2482
2026-05-16 19:35:00+00:00,0.5551,0.4449,1.2477
2026-05-16 19:40:00+00:00,0.5552,0.4448,1.2482
2026-05-16 19:45:00+00:00,0.5553,0.4447,1.2487
2026-05-16 19:50:00+00:00,0.5553,0.4447,1.2487
2026-05-16 19:55:00+00:00,0.5553,0.4447,1.2487
2026-05-16 20:00:00+00:00,0.5552,0.4448,1.2482
2026-05-16 20:05:00+00:00,0.5552,0.4448,1.2482
2026-05-16 20:10:00+00:00,0.5552,0.4448,1.2482
2026-05-16 20:15:00+00:00,0.5553,0.4447,1.2487
2026-05-16 20:20:00+00:00,0.5554,0.4446,1.2492
2026-05-16 20:25:00+00:00,0.5555,0.4445,1.2497
2026-05-16 20:30:00+00:00,0.5554,0.4446,1.2492
2026-05-16 20:35:00+00:00,0.5555,0.4445,1.2497
2026-05-16 20:40:00+00:00,0.5555,0.4445,1.2497
2026-05-16 20:45:00+00:00,0.5552,0.4448,1.2482
2026-05-16 20:50:00+00:00,0.5551,0.4449,1.2477
2026-05-16 20:55:00+00:00,0.555,0.445,1.2472
2026-05-16 21:00:00+00:00,0.5549,0.4451,1.2467
2026-05-16 21:05:00+00:00,0.555,0.445,1.2472
2026-05-16 21:10:00+00:00,0.555,0.445,1.2472
2026-05-16 21:15:00+00:00,0.5548,0.4452,1.2462
2026-05-16 21:20:00+00:00,0.5548,0.4452,1.2462
2026-05-16 21:25:00+00:00,0.5551,0.4449,1.2477
2026-05-16 21:30:00+00:00,0.555,0.445,1.2472
2026-05-16 21:35:00+00:00,0.555,0.445,1.2472
2026-05-16 21:40:00+00:00,0.5549,0.4451,1.2467
2026-05-16 21:45:00+00:00,0.5543,0.4457,1.2437
2026-05-16 21:50:00+00:00,0.5545,0.4455,1.2447
2026-05-16 21:55:00+00:00,0.5544,0.4456,1.2442
2026-05-16 22:00:00+00:00,0.5546,0.4454,1.2452
2026-05-16 22:05:00+00:00,0.5543,0.4457,1.2437
2026-05-16 22:10:00+00:00,0.5538,0.4462,1.2411
2026-05-16 22:15:00+00:00,0.5537,0.4463,1.2406
2026-05-16 22:20:00+00:00,0.5536,0.4464,1.2401
2026-05-16 22:25:00+00:00,0.5537,0.4463,1.2406
2026-05-16 22:30:00+00:00,0.5537,0.4463,1.2406
2026-05-16 22:35:00+00:00,0.5537,0.4463,1.2406
2026-05-16 22:40:00+00:00,0.5536,0.4464,1.2401
2026-05-16 22:45:00+00:00,0.5534,0.4466,1.2391
2026-05-16 22:50:00+00:00,0.5532,0.4468,1.2381
2026-05-16 22:55:00+00:00,0.5532,0.4468,1.2381
2026-05-16 23:00:00+00:00,0.5529,0.4471,1.2366
2026-05-16 23:05:00+00:00,0.5525,0.4475,1.2346
2026-05-16 23:10:00+00:00,0.5524,0.4476,1.2341
2026-05-16 23:15:00+00:00,0.5525,0.4475,1.2346
2026-05-16 23:20:00+00:00,0.5525,0.4475,1.2346
2026-05-16 23:25:00+00:00,0.5525,0.4475,1.2346
2026-05-16 23:30:00+00:00,0.5524,0.4476,1.2341
2026-05-16 23:35:00+00:00,0.5524,0.4476,1.2341
2026-05-16 23:40:00+00:00,0.5525,0.4475,1.2346
2026-05-16 23:45:00+00:00,0.5524,0.4476,1.2341
2026-05-16 23:50:00+00:00,0.5524,0.4476,1.2341
2026-05-16 23:55:00+00:00,0.5518,0.4482,1.2311
2026-05-17 00:00:00+00:00,0.5518,0.4482,1.2311
2026-05-17 00:05:00+00:00,0.5518,0.4482,1.2311
2026-05-17 00:10:00+00:00,0.5515,0.4485,1.2297
2026-05-17 00:15:00+00:00,0.5516,0.4484,1.2302
2026-05-17 00:20:00+00:00,0.5518,0.4482,1.2311
2026-05-17 00:25:00+00:00,0.5515,0.4485,1.2297
2026-05-17 00:30:00+00:00,0.5506,0.4494,1.2252
2026-05-17 00:35:00+00:00,0.5506,0.4494,1.2252
2026-05-17 00:40:00+00:00,0.5506,0.4494,1.2252
2026-05-17 00:45:00+00:00,0.5506,0.4494,1.2252
2026-05-17 00:50:00+00:00,0.55,0.45,1.2222
2026-05-17 00:55:00+00:00,0.5498,0.4502,1.2212
2026-05-17 01:00:00+00:00,0.5479,0.4521,1.2119
2026-05-17 01:05:00+00:00,0.548,0.452,1.2124
2026-05-17 01:10:00+00:00,0.5481,0.4519,1.2129
2026-05-17 01:15:00+00:00,0.5482,0.4518,1.2134
2026-05-17 01:20:00+00:00,0.5483,0.4517,1.2139
2026-05-17 01:25:00+00:00,0.5482,0.4518,1.2134
2026-05-17 01:30:00+00:00,0.5481,0.4519,1.2129
2026-05-17 01:35:00+00:00,0.5481,0.4519,1.2129
2026-05-17 01:40:00+00:00,0.5481,0.4519,1.2129
2026-05-17 01:45:00+00:00,0.5476,0.4524,1.2104
2026-05-17 01:50:00+00:00,0.5478,0.4522,1.2114
2026-05-17 01:55:00+00:00,0.548,0.452,1.2124
2026-05-17 02:00:00+00:00,0.5479,0.4521,1.2119
2026-05-17 02:05:00+00:00,0.5478,0.4522,1.2114
2026-05-17 02:10:00+00:00,0.5479,0.4521,1.2119
2026-05-17 02:15:00+00:00,0.5482,0.4518,1.2134
2026-05-17 02:20:00+00:00,0.5483,0.4517,1.2139
2026-05-17 02:25:00+00:00,0.5485,0.4515,1.2148
2026-05-17 02:30:00+00:00,0.5485,0.4515,1.2148
2026-05-17 02:35:00+00:00,0.5488,0.4512,1.2163
2026-05-17 02:40:00+00:00,0.5491,0.4509,1.2178
2026-05-17 02:45:00+00:00,0.5491,0.4509,1.2178
2026-05-17 02:50:00+00:00,0.5494,0.4506,1.2193
2026-05-17 02:55:00+00:00,0.5489,0.4511,1.2168
2026-05-17 03:00:00+00:00,0.5487,0.4513,1.2158
2026-05-17 03:05:00+00:00,0.5494,0.4506,1.2193
2026-05-17 03:10:00+00:00,0.5497,0.4503,1.2207
2026-05-17 03:15:00+00:00,0.5499,0.4501,1.2217
2026-05-17 03:20:00+00:00,0.5503,0.4497,1.2237
2026-05-17 03:25:00+00:00,0.5508,0.4492,1.2262
2026-05-17 03:30:00+00:00,0.5508,0.4492,1.2262
2026-05-17 03:35:00+00:00,0.5512,0.4488,1.2282
2026-05-17 03:40:00+00:00,0.5518,0.4482,1.2311
2026-05-17 03:45:00+00:00,0.5523,0.4477,1.2336
2026-05-17 03:50:00+00:00,0.5525,0.4475,1.2346
2026-05-17 03:55:00+00:00,0.553,0.447,1.2371
2026-05-17 04:00:00+00:00,0.5532,0.4468,1.2381
2026-05-17 04:05:00+00:00,0.5536,0.4464,1.2401
2026-05-17 04:10:00+00:00,0.554,0.446,1.2422
2026-05-17 04:15:00+00:00,0.5541,0.4459,1.2427
2026-05-17 04:20:00+00:00,0.5544,0.4456,1.2442
2026-05-17 04:25:00+00:00,0.555,0.445,1.2472
2026-05-17 04:30:00+00:00,0.5542,0.4458,1.2432
2026-05-17 04:35:00+00:00,0.5541,0.4459,1.2427
2026-05-17 04:40:00+00:00,0.5547,0.4453,1.2457
2026-05-17 04:45:00+00:00,0.5554,0.4446,1.2492
2026-05-17 04:50:00+00:00,0.5561,0.4439,1.2528
2026-05-17 04:55:00+00:00,0.556,0.444,1.2523
2026-05-17 05:00:00+00:00,0.5559,0.4441,1.2517
2026-05-17 05:05:00+00:00,0.5561,0.4439,1.2528
2026-05-17 05:10:00+00:00,0.557,0.443,1.2573
2026-05-17 05:15:00+00:00,0.557,0.443,1.2573
2026-05-17 05:20:00+00:00,0.5569,0.4431,1.2568
2026-05-17 05:25:00+00:00,0.5567,0.4433,1.2558
2026-05-17 05:30:00+00:00,0.5566,0.4434,1.2553
2026-05-17 05:35:00+00:00,0.5563,0.4437,1.2538
2026-05-17 05:40:00+00:00,0.5563,0.4437,1.2538
2026-05-17 05:45:00+00:00,0.5564,0.4436,1.2543
2026-05-17 05:50:00+00:00,0.5562,0.4438,1.2533
2026-05-17 05:55:00+00:00,0.5555,0.4445,1.2497
2026-05-17 06:00:00+00:00,0.555,0.445,1.2472
2026-05-17 06:05:00+00:00,0.5552,0.4448,1.2482
2026-05-17 06:10:00+00:00,0.5552,0.4448,1.2482
2026-05-17 06:15:00+00:00,0.5555,0.4445,1.2497
2026-05-17 06:20:00+00:00,0.5557,0.4443,1.2507
2026-05-17 06:25:00+00:00,0.5551,0.4449,1.2477
2026-05-17 06:30:00+00:00,0.5551,0.4449,1.2477
2026-05-17 06:35:00+00:00,0.5547,0.4453,1.2457
2026-05-17 06:40:00+00:00,0.5547,0.4453,1.2457
2026-05-17 06:45:00+00:00,0.5543,0.4457,1.2437
2026-05-17 06:50:00+00:00,0.5542,0.4458,1.2432
2026-05-17 06:55:00+00:00,0.5542,0.4458,1.2432
2026-05-17 07:00:00+00:00,0.5542,0.4458,1.2432
2026-05-17 07:05:00+00:00,0.5542,0.4458,1.2432
2026-05-17 07:10:00+00:00,0.5543,0.4457,1.2437
2026-05-17 07:15:00+00:00,0.5543,0.4457,1.2437
2026-05-17 07:20:00+00:00,0.554,0.446,1.2422
2026-05-17 07:25:00+00:00,0.5539,0.4461,1.2416
2026-05-17 07:30:00+00:00,0.5544,0.4456,1.2442
2026-05-17 07:35:00+00:00,0.5548,0.4452,1.2462
2026-05-17 07:40:00+00:00,0.5551,0.4449,1.2477
2026-05-17 07:45:00+00:00,0.5552,0.4448,1.2482
2026-05-17 07:50:00+00:00,0.5555,0.4445,1.2497
2026-05-17 07:55:00+00:00,0.5557,0.4443,1.2507
2026-05-17 08:00:00+00:00,0.5558,0.4442,1.2512
2026-05-17 08:05:00+00:00,0.556,0.444,1.2523
2026-05-17 08:10:00+00:00,0.5559,0.4441,1.2517
2026-05-17 08:15:00+00:00,0.556,0.444,1.2523
2026-05-17 08:20:00+00:00,0.556,0.444,1.2523
2026-05-17 08:25:00+00:00,0.5557,0.4443,1.2507
2026-05-17 08:30:00+00:00,0.555,0.445,1.2472
2026-05-17 08:35:00+00:00,0.5547,0.4453,1.2457
2026-05-17 08:40:00+00:00,0.5547,0.4453,1.2457
2026-05-17 08:45:00+00:00,0.5542,0.4458,1.2432
2026-05-17 08:50:00+00:00,0.5543,0.4457,1.2437
2026-05-17 08:55:00+00:00,0.5544,0.4456,1.2442
2026-05-17 09:00:00+00:00,0.5545,0.4455,1.2447
2026-05-17 09:05:00+00:00,0.5546,0.4454,1.2452
2026-05-17 09:10:00+00:00,0.5547,0.4453,1.2457
2026-05-17 09:15:00+00:00,0.5549,0.4451,1.2467
2026-05-17 09:20:00+00:00,0.5552,0.4448,1.2482
2026-05-17 09:25:00+00:00,0.5555,0.4445,1.2497
2026-05-17 09:30:00+00:00,0.5555,0.4445,1.2497
2026-05-17 09:35:00+00:00,0.5558,0.4442,1.2512
2026-05-17 09:40:00+00:00,0.5557,0.4443,1.2507
2026-05-17 09:45:00+00:00,0.5557,0.4443,1.2507
2026-05-17 09:50:00+00:00,0.5558,0.4442,1.2512
2026-05-17 09:55:00+00:00,0.5564,0.4436,1.2543
2026-05-17 10:00:00+00:00,0.5568,0.4432,1.2563
2026-05-17 10:05:00+00:00,0.558,0.442,1.2624
2026-05-17 10:10:00+00:00,0.5588,0.4412,1.2665
2026-05-17 10:15:00+00:00,0.563,0.437,1.2883
2026-05-17 10:20:00+00:00,0.5635,0.4365,1.291
2026-05-17 10:25:00+00:00,0.5638,0.4362,1.2925
2026-05-17 10:30:00+00:00,0.5651,0.4349,1.2994
2026-05-17 10:35:00+00:00,0.5647,0.4353,1.2973
2026-05-17 10:40:00+00:00,0.5653,0.4347,1.3004
2026-05-17 10:45:00+00:00,0.565,0.435,1.2989
2026-05-17 10:50:00+00:00,0.5646,0.4354,1.2967
2026-05-17 10:55:00+00:00,0.5644,0.4356,1.2957
2026-05-17 11:00:00+00:00,0.5642,0.4358,1.2946
2026-05-17 11:05:00+00:00,0.5642,0.4358,1.2946
2026-05-17 11:10:00+00:00,0.564,0.436,1.2936
2026-05-17 11:15:00+00:00,0.5641,0.4359,1.2941
2026-05-17 11:20:00+00:00,0.5639,0.4361,1.2931
2026-05-17 11:25:00+00:00,0.5643,0.4357,1.2952
2026-05-17 11:30:00+00:00,0.5644,0.4356,1.2957
2026-05-17 11:35:00+00:00,0.5646,0.4354,1.2967
2026-05-17 11:40:00+00:00,0.5648,0.4352,1.2978
2026-05-17 11:45:00+00:00,0.5652,0.4348,1.2999
2026-05-17 11:50:00+00:00,0.5659,0.4341,1.3036
2026-05-17 11:55:00+00:00,0.5661,0.4339,1.3047
2026-05-17 12:00:00+00:00,0.5662,0.4338,1.3052
2026-05-17 12:05:00+00:00,0.5665,0.4335,1.3068
2026-05-17 12:10:00+00:00,0.5662,0.4338,1.3052
2026-05-17 12:15:00+00:00,0.5665,0.4335,1.3068
2026-05-17 12:20:00+00:00,0.5669,0.4331,1.3089
2026-05-17 12:25:00+00:00,0.5667,0.4333,1.3079
2026-05-17 12:30:00+00:00,0.567,0.433,1.3095
2026-05-17 12:35:00+00:00,0.5673,0.4327,1.3111
2026-05-17 12:40:00+00:00,0.5678,0.4322,1.3137
2026-05-17 12:45:00+00:00,0.5678,0.4322,1.3137
2026-05-17 12:50:00+00:00,0.568,0.432,1.3148
2026-05-17 12:55:00+00:00,0.5678,0.4322,1.3137
2026-05-17 13:00:00+00:00,0.5675,0.4325,1.3121
2026-05-17 13:05:00+00:00,0.5668,0.4332,1.3084
2026-05-17 13:10:00+00:00,0.5667,0.4333,1.3079
2026-05-17 13:15:00+00:00,0.5658,0.4342,1.3031
2026-05-17 13:20:00+00:00,0.5647,0.4353,1.2973
2026-05-17 13:25:00+00:00,0.5648,0.4352,1.2978
2026-05-17 13:30:00+00:00,0.5649,0.4351,1.2983
2026-05-17 13:35:00+00:00,0.565,0.435,1.2989
2026-05-17 13:40:00+00:00,0.5654,0.4346,1.301
2026-05-17 13:45:00+00:00,0.5653,0.4347,1.3004
2026-05-17 13:50:00+00:00,0.5653,0.4347,1.3004
2026-05-17 13:55:00+00:00,0.5654,0.4346,1.301
2026-05-17 14:00:00+00:00,0.5649,0.4351,1.2983
2026-05-17 14:05:00+00:00,0.5639,0.4361,1.2931
2026-05-17 14:10:00+00:00,0.5623,0.4377,1.2847
2026-05-17 14:15:00+00:00,0.563,0.437,1.2883
2026-05-17 14:20:00+00:00,0.5607,0.4393,1.2763
2026-05-17 14:25:00+00:00,0.5609,0.4391,1.2774
2026-05-17 14:30:00+00:00,0.562,0.438,1.2831
2026-05-17 14:35:00+00:00,0.5615,0.4385,1.2805
2026-05-17 14:40:00+00:00,0.5616,0.4384,1.281
2026-05-17 14:45:00+00:00,0.5616,0.4384,1.281
2026-05-17 14:50:00+00:00,0.562,0.438,1.2831
2026-05-17 14:55:00+00:00,0.5622,0.4378,1.2841
2026-05-17 15:00:00+00:00,0.5624,0.4376,1.2852
2026-05-17 15:05:00+00:00,0.5623,0.4377,1.2847
2026-05-17 15:10:00+00:00,0.5631,0.4369,1.2889
2026-05-17 15:15:00+00:00,0.5637,0.4363,1.292
2026-05-17 15:20:00+00:00,0.5631,0.4369,1.2889
2026-05-17 15:25:00+00:00,0.563,0.437,1.2883
2026-05-17 15:30:00+00:00,0.5631,0.4369,1.2889
2026-05-17 15:35:00+00:00,0.5632,0.4368,1.2894
2026-05-17 15:40:00+00:00,0.5636,0.4364,1.2915
2026-05-17 15:45:00+00:00,0.5639,0.4361,1.2931
2026-05-17 15:50:00+00:00,0.5641,0.4359,1.2941
2026-05-17 15:55:00+00:00,0.5644,0.4356,1.2957
2026-05-17 16:00:00+00:00,0.5646,0.4354,1.2967
2026-05-17 16:05:00+00:00,0.5653,0.4347,1.3004
2026-05-17 16:10:00+00:00,0.5658,0.4342,1.3031
2026-05-17 16:15:00+00:00,0.5657,0.4343,1.3026
2026-05-17 16:20:00+00:00,0.5657,0.4343,1.3026
2026-05-17 16:25:00+00:00,0.5658,0.4342,1.3031
2026-05-17 16:30:00+00:00,0.5664,0.4336,1.3063
2026-05-17 16:35:00+00:00,0.5668,0.4332,1.3084
2026-05-17 16:40:00+00:00,0.5668,0.4332,1.3084
2026-05-17 16:45:00+00:00,0.5672,0.4328,1.3105
2026-05-17 16:50:00+00:00,0.5673,0.4327,1.3111
2026-05-17 16:55:00+00:00,0.5669,0.4331,1.3089
2026-05-17 17:00:00+00:00,0.5668,0.4332,1.3084
2026-05-17 17:05:00+00:00,0.5664,0.4336,1.3063
2026-05-17 17:10:00+00:00,0.5662,0.4338,1.3052
2026-05-17 17:15:00+00:00,0.5656,0.4344,1.302
2026-05-17 17:20:00+00:00,0.5657,0.4343,1.3026
2026-05-17 17:25:00+00:00,0.566,0.434,1.3041
2026-05-17 17:30:00+00:00,0.5661,0.4339,1.3047
2026-05-17 17:35:00+00:00,0.566,0.434,1.3041
2026-05-17 17:40:00+00:00,0.5657,0.4343,1.3026
2026-05-17 17:45:00+00:00,0.566,0.434,1.3041
2026-05-17 17:50:00+00:00,0.5662,0.4338,1.3052
2026-05-17 17:55:00+00:00,0.5665,0.4335,1.3068
2026-05-17 18:00:00+00:00,0.5666,0.4334,1.3073
2026-05-17 18:05:00+00:00,0.5678,0.4322,1.3137
2026-05-17 18:10:00+00:00,0.568,0.432,1.3148
2026-05-17 18:15:00+00:00,0.568,0.432,1.3148
2026-05-17 18:20:00+00:00,0.5678,0.4322,1.3137
2026-05-17 18:25:00+00:00,0.5679,0.4321,1.3143
2026-05-17 18:30:00+00:00,0.5677,0.4323,1.3132
2026-05-17 18:35:00+00:00,0.568,0.432,1.3148
2026-05-17 18:40:00+00:00,0.5681,0.4319,1.3154
2026-05-17 18:45:00+00:00,0.5681,0.4319,1.3154
2026-05-17 18:50:00+00:00,0.568,0.432,1.3148
2026-05-17 18:55:00+00:00,0.5681,0.4319,1.3154
2026-05-17 19:00:00+00:00,0.5683,0.4317,1.3164
2026-05-17 19:05:00+00:00,0.5683,0.4317,1.3164
2026-05-17 19:10:00+00:00,0.5685,0.4315,1.3175
2026-05-17 19:15:00+00:00,0.5683,0.4317,1.3164
2026-05-17 19:20:00+00:00,0.5683,0.4317,1.3164
2026-05-17 19:25:00+00:00,0.5686,0.4314,1.318
2026-05-17 19:30:00+00:00,0.5685,0.4315,1.3175
2026-05-17 19:35:00+00:00,0.5684,0.4316,1.317
2026-05-17 19:40:00+00:00,0.5683,0.4317,1.3164
2026-05-17 19:45:00+00:00,0.5693,0.4307,1.3218
2026-05-17 19:50:00+00:00,0.5693,0.4307,1.3218
2026-05-17 19:55:00+00:00,0.5693,0.4307,1.3218
2026-05-17 20:00:00+00:00,0.5691,0.4309,1.3207
2026-05-17 20:05:00+00:00,0.5689,0.4311,1.3196
2026-05-17 20:10:00+00:00,0.5687,0.4313,1.3186
2026-05-17 20:15:00+00:00,0.5686,0.4314,1.318
2026-05-17 20:20:00+00:00,0.5682,0.4318,1.3159
2026-05-17 20:25:00+00:00,0.5681,0.4319,1.3154
2026-05-17 20:30:00+00:00,0.568,0.432,1.3148
2026-05-17 20:35:00+00:00,0.568,0.432,1.3148
2026-05-17 20:40:00+00:00,0.5683,0.4317,1.3164
2026-05-17 20:45:00+00:00,0.5683,0.4317,1.3164
2026-05-17 20:50:00+00:00,0.5682,0.4318,1.3159
2026-05-17 20:55:00+00:00,0.5682,0.4318,1.3159
2026-05-17 21:00:00+00:00,0.5682,0.4318,1.3159
2026-05-17 21:05:00+00:00,0.5679,0.4321,1.3143
2026-05-17 21:10:00+00:00,0.5679,0.4321,1.3143
2026-05-17 21:15:00+00:00,0.5679,0.4321,1.3143
2026-05-17 21:20:00+00:00,0.5679,0.4321,1.3143
2026-05-17 21:25:00+00:00,0.5677,0.4323,1.3132
2026-05-17 21:30:00+00:00,0.5678,0.4322,1.3137
2026-05-17 21:35:00+00:00,0.5678,0.4322,1.3137
2026-05-17 21:40:00+00:00,0.5683,0.4317,1.3164
2026-05-17 21:45:00+00:00,0.5681,0.4319,1.3154
2026-05-17 21:50:00+00:00,0.5679,0.4321,1.3143
2026-05-17 21:55:00+00:00,0.5678,0.4322,1.3137
2026-05-17 22:00:00+00:00,0.5678,0.4322,1.3137
2026-05-17 22:05:00+00:00,0.5674,0.4326,1.3116
2026-05-17 22:10:00+00:00,0.5677,0.4323,1.3132
2026-05-17 22:15:00+00:00,0.5678,0.4322,1.3137
2026-05-17 22:20:00+00:00,0.5679,0.4321,1.3143
2026-05-17 22:25:00+00:00,0.568,0.432,1.3148
2026-05-17 22:30:00+00:00,0.5681,0.4319,1.3154
2026-05-17 22:35:00+00:00,0.5682,0.4318,1.3159
2026-05-17 22:40:00+00:00,0.5684,0.4316,1.317
2026-05-17 22:45:00+00:00,0.5685,0.4315,1.3175
2026-05-17 22:50:00+00:00,0.5687,0.4313,1.3186
2026-05-17 22:55:00+00:00,0.5681,0.4319,1.3154
2026-05-17 23:00:00+00:00,0.5681,0.4319,1.3154
2026-05-17 23:05:00+00:00,0.5682,0.4318,1.3159
2026-05-17 23:10:00+00:00,0.5676,0.4324,1.3127
2026-05-17 23:15:00+00:00,0.5677,0.4323,1.3132
2026-05-17 23:20:00+00:00,0.5668,0.4332,1.3084
2026-05-17 23:25:00+00:00,0.5672,0.4328,1.3105
2026-05-17 23:30:00+00:00,0.5674,0.4326,1.3116
2026-05-17 23:35:00+00:00,0.5674,0.4326,1.3116
2026-05-17 23:40:00+00:00,0.5674,0.4326,1.3116
2026-05-17 23:45:00+00:00,0.5569,0.4431,1.2568
2026-05-17 23:50:00+00:00,0.5577,0.4423,1.2609
2026-05-17 23:55:00+00:00,0.5585,0.4415,1.265
2026-05-18 00:00:00+00:00,0.5584,0.4416,1.2645
2026-05-18 00:05:00+00:00,0.5568,0.4432,1.2563
2026-05-18 00:10:00+00:00,0.5563,0.4437,1.2538
2026-05-18 00:15:00+00:00,0.5577,0.4423,1.2609
2026-05-18 00:20:00+00:00,0.5577,0.4423,1.2609
2026-05-18 00:25:00+00:00,0.5575,0.4425,1.2599
2026-05-18 00:30:00+00:00,0.5579,0.4421,1.2619
2026-05-18 00:35:00+00:00,0.5583,0.4417,1.264
2026-05-18 00:40:00+00:00,0.5587,0.4413,1.266
2026-05-18 00:45:00+00:00,0.5592,0.4408,1.2686
2026-05-18 00:50:00+00:00,0.5592,0.4408,1.2686
2026-05-18 00:55:00+00:00,0.5596,0.4404,1.2707
2026-05-18 01:00:00+00:00,0.5598,0.4402,1.2717
2026-05-18 01:05:00+00:00,0.5604,0.4396,1.2748
2026-05-18 01:10:00+00:00,0.5608,0.4392,1.2769
2026-05-18 01:15:00+00:00,0.5615,0.4385,1.2805
2026-05-18 01:20:00+00:00,0.5618,0.4382,1.2821
2026-05-18 01:25:00+00:00,0.5627,0.4373,1.2868
2026-05-18 01:30:00+00:00,0.5631,0.4369,1.2889
2026-05-18 01:35:00+00:00,0.5631,0.4369,1.2889
2026-05-18 01:40:00+00:00,0.5636,0.4364,1.2915
2026-05-18 01:45:00+00:00,0.5637,0.4363,1.292
2026-05-18 01:50:00+00:00,0.5649,0.4351,1.2983
2026-05-18 01:55:00+00:00,0.5659,0.4341,1.3036
2026-05-18 02:00:00+00:00,0.5658,0.4342,1.3031
2026-05-18 02:05:00+00:00,0.5661,0.4339,1.3047
2026-05-18 02:10:00+00:00,0.5663,0.4337,1.3057
2026-05-18 02:15:00+00:00,0.5668,0.4332,1.3084
2026-05-18 02:20:00+00:00,0.5666,0.4334,1.3073
2026-05-18 02:25:00+00:00,0.5667,0.4333,1.3079
2026-05-18 02:30:00+00:00,0.5668,0.4332,1.3084
2026-05-18 02:35:00+00:00,0.5674,0.4326,1.3116
2026-05-18 02:40:00+00:00,0.5678,0.4322,1.3137
2026-05-18 02:45:00+00:00,0.5683,0.4317,1.3164
2026-05-18 02:50:00+00:00,0.5686,0.4314,1.318
2026-05-18 02:55:00+00:00,0.569,0.431,1.3202
2026-05-18 03:00:00+00:00,0.5693,0.4307,1.3218
2026-05-18 03:05:00+00:00,0.5704,0.4296,1.3277
2026-05-18 03:10:00+00:00,0.5709,0.4291,1.3305
2026-05-18 03:15:00+00:00,0.571,0.429,1.331
2026-05-18 03:20:00+00:00,0.571,0.429,1.331
2026-05-18 03:25:00+00:00,0.5709,0.4291,1.3305
2026-05-18 03:30:00+00:00,0.5712,0.4288,1.3321
2026-05-18 03:35:00+00:00,0.5714,0.4286,1.3332
2026-05-18 03:40:00+00:00,0.5717,0.4283,1.3348
2026-05-18 03:45:00+00:00,0.5719,0.4281,1.3359
2026-05-18 03:50:00+00:00,0.5723,0.4277,1.3381
2026-05-18 03:55:00+00:00,0.5725,0.4275,1.3392
2026-05-18 04:00:00+00:00,0.5726,0.4274,1.3397
2026-05-18 04:05:00+00:00,0.5729,0.4271,1.3414
2026-05-18 04:10:00+00:00,0.5731,0.4269,1.3425
2026-05-18 04:15:00+00:00,0.5736,0.4264,1.3452
2026-05-18 04:20:00+00:00,0.5741,0.4259,1.348
2026-05-18 04:25:00+00:00,0.5741,0.4259,1.348
2026-05-18 04:30:00+00:00,0.5743,0.4257,1.3491
2026-05-18 04:35:00+00:00,0.5743,0.4257,1.3491
2026-05-18 04:40:00+00:00,0.5747,0.4253,1.3513
2026-05-18 04:45:00+00:00,0.5751,0.4249,1.3535
2026-05-18 04:50:00+00:00,0.5757,0.4243,1.3568
2026-05-18 04:55:00+00:00,0.5758,0.4242,1.3574
2026-05-18 05:00:00+00:00,0.5763,0.4237,1.3602
2026-05-18 05:05:00+00:00,0.5764,0.4236,1.3607
2026-05-18 05:10:00+00:00,0.5764,0.4236,1.3607
2026-05-18 05:15:00+00:00,0.5769,0.4231,1.3635
2026-05-18 05:20:00+00:00,0.5766,0.4234,1.3618
2026-05-18 05:25:00+00:00,0.5765,0.4235,1.3613
2026-05-18 05:30:00+00:00,0.577,0.423,1.3641
2026-05-18 05:35:00+00:00,0.5771,0.4229,1.3646
2026-05-18 05:40:00+00:00,0.577,0.423,1.3641
2026-05-18 05:45:00+00:00,0.5776,0.4224,1.3674
2026-05-18 05:50:00+00:00,0.5775,0.4225,1.3669
2026-05-18 05:55:00+00:00,0.5771,0.4229,1.3646
2026-05-18 06:00:00+00:00,0.5769,0.4231,1.3635
2026-05-18 06:05:00+00:00,0.5772,0.4228,1.3652
2026-05-18 06:10:00+00:00,0.5777,0.4223,1.368
2026-05-18 06:15:00+00:00,0.5741,0.4259,1.348
2026-05-18 06:20:00+00:00,0.5739,0.4261,1.3469
2026-05-18 06:25:00+00:00,0.5741,0.4259,1.348
2026-05-18 06:30:00+00:00,0.5739,0.4261,1.3469
2026-05-18 06:35:00+00:00,0.5742,0.4258,1.3485
2026-05-18 06:40:00+00:00,0.5746,0.4254,1.3507
2026-05-18 06:45:00+00:00,0.5747,0.4253,1.3513
2026-05-18 06:50:00+00:00,0.5749,0.4251,1.3524
2026-05-18 06:55:00+00:00,0.575,0.425,1.3529
2026-05-18 07:00:00+00:00,0.5751,0.4249,1.3535
2026-05-18 07:05:00+00:00,0.5755,0.4245,1.3557
2026-05-18 07:10:00+00:00,0.5756,0.4244,1.3563
2026-05-18 07:15:00+00:00,0.5755,0.4245,1.3557
2026-05-18 07:20:00+00:00,0.5755,0.4245,1.3557
2026-05-18 07:25:00+00:00,0.5758,0.4242,1.3574
2026-05-18 07:30:00+00:00,0.5757,0.4243,1.3568
2026-05-18 07:35:00+00:00,0.5762,0.4238,1.3596
2026-05-18 07:40:00+00:00,0.5763,0.4237,1.3602
2026-05-18 07:45:00+00:00,0.576,0.424,1.3585
2026-05-18 07:50:00+00:00,0.5763,0.4237,1.3602
2026-05-18 07:55:00+00:00,0.5766,0.4234,1.3618
2026-05-18 08:00:00+00:00,0.5769,0.4231,1.3635
2026-05-18 08:05:00+00:00,0.5771,0.4229,1.3646
2026-05-18 08:10:00+00:00,0.5774,0.4226,1.3663
2026-05-18 08:15:00+00:00,0.5773,0.4227,1.3657
2026-05-18 08:20:00+00:00,0.5773,0.4227,1.3657
2026-05-18 08:25:00+00:00,0.5773,0.4227,1.3657
2026-05-18 08:30:00+00:00,0.5774,0.4226,1.3663
2026-05-18 08:35:00+00:00,0.5772,0.4228,1.3652
2026-05-18 08:40:00+00:00,0.5771,0.4229,1.3646
2026-05-18 08:45:00+00:00,0.5771,0.4229,1.3646
2026-05-18 08:50:00+00:00,0.5772,0.4228,1.3652
2026-05-18 08:55:00+00:00,0.5774,0.4226,1.3663
2026-05-18 09:00:00+00:00,0.5779,0.4221,1.3691
2026-05-18 09:05:00+00:00,0.578,0.422,1.3697
2026-05-18 09:10:00+00:00,0.578,0.422,1.3697
2026-05-18 09:15:00+00:00,0.5779,0.4221,1.3691
2026-05-18 09:20:00+00:00,0.5778,0.4222,1.3685
2026-05-18 09:25:00+00:00,0.5778,0.4222,1.3685
2026-05-18 09:30:00+00:00,0.5782,0.4218,1.3708
2026-05-18 09:35:00+00:00,0.5781,0.4219,1.3702
2026-05-18 09:40:00+00:00,0.5783,0.4217,1.3714
2026-05-18 09:45:00+00:00,0.5783,0.4217,1.3714
2026-05-18 09:50:00+00:00,0.5783,0.4217,1.3714
2026-05-18 09:55:00+00:00,0.5784,0.4216,1.3719
2026-05-18 10:00:00+00:00,0.5783,0.4217,1.3714
2026-05-18 10:05:00+00:00,0.578,0.422,1.3697
2026-05-18 10:10:00+00:00,0.5839,0.4161,1.4033
2026-05-18 10:15:00+00:00,0.5923,0.4077,1.4528
2026-05-18 10:20:00+00:00,0.5927,0.4073,1.4552
2026-05-18 10:25:00+00:00,0.5929,0.4071,1.4564
2026-05-18 10:30:00+00:00,0.5935,0.4065,1.46
2026-05-18 10:35:00+00:00,0.594,0.406,1.4631
2026-05-18 10:40:00+00:00,0.5941,0.4059,1.4637
2026-05-18 10:45:00+00:00,0.5943,0.4057,1.4649
2026-05-18 10:50:00+00:00,0.5945,0.4055,1.4661
2026-05-18 10:55:00+00:00,0.5946,0.4054,1.4667
2026-05-18 11:00:00+00:00,0.5945,0.4055,1.4661
2026-05-18 11:05:00+00:00,0.5942,0.4058,1.4643
2026-05-18 11:10:00+00:00,0.5942,0.4058,1.4643
2026-05-18 11:15:00+00:00,0.5943,0.4057,1.4649
2026-05-18 11:20:00+00:00,0.5949,0.4051,1.4685
2026-05-18 11:25:00+00:00,0.5951,0.4049,1.4697
2026-05-18 11:30:00+00:00,0.5957,0.4043,1.4734
2026-05-18 11:35:00+00:00,0.5956,0.4044,1.4728
2026-05-18 11:40:00+00:00,0.5959,0.4041,1.4746
2026-05-18 11:45:00+00:00,0.598,0.402,1.4876
2026-05-18 11:50:00+00:00,0.5975,0.4025,1.4845
2026-05-18 11:55:00+00:00,0.5968,0.4032,1.4802
2026-05-18 12:00:00+00:00,0.597,0.403,1.4814
2026-05-18 12:05:00+00:00,0.5968,0.4032,1.4802
2026-05-18 12:10:00+00:00,0.5971,0.4029,1.482
2026-05-18 12:15:00+00:00,0.5969,0.4031,1.4808
2026-05-18 12:20:00+00:00,0.5971,0.4029,1.482
2026-05-18 12:25:00+00:00,0.5977,0.4023,1.4857
2026-05-18 12:30:00+00:00,0.5982,0.4018,1.4888
2026-05-18 12:35:00+00:00,0.5972,0.4028,1.4826
2026-05-18 12:40:00+00:00,0.5969,0.4031,1.4808
2026-05-18 12:45:00+00:00,0.5966,0.4034,1.4789
2026-05-18 12:50:00+00:00,0.595,0.405,1.4691
2026-05-18 12:55:00+00:00,0.5936,0.4064,1.4606
2026-05-18 13:00:00+00:00,0.5932,0.4068,1.4582
2026-05-18 13:05:00+00:00,0.5916,0.4084,1.4486
2026-05-18 13:10:00+00:00,0.5909,0.4091,1.4444
2026-05-18 13:15:00+00:00,0.5908,0.4092,1.4438
2026-05-18 13:20:00+00:00,0.5903,0.4097,1.4408
2026-05-18 13:25:00+00:00,0.5898,0.4102,1.4378
2026-05-18 13:30:00+00:00,0.5891,0.4109,1.4337
2026-05-18 13:35:00+00:00,0.5884,0.4116,1.4295
2026-05-18 13:40:00+00:00,0.5895,0.4105,1.4361
2026-05-18 13:45:00+00:00,0.5913,0.4087,1.4468
2026-05-18 13:50:00+00:00,0.5938,0.4062,1.4618
2026-05-18 13:55:00+00:00,0.5958,0.4042,1.474
2026-05-18 14:00:00+00:00,0.5972,0.4028,1.4826
2026-05-18 14:05:00+00:00,0.597,0.403,1.4814
2026-05-18 14:10:00+00:00,0.5978,0.4022,1.4863
2026-05-18 14:15:00+00:00,0.5986,0.4014,1.4913
2026-05-18 14:20:00+00:00,0.5942,0.4058,1.4643
2026-05-18 14:25:00+00:00,0.5936,0.4064,1.4606
2026-05-18 14:30:00+00:00,0.5945,0.4055,1.4661
2026-05-18 14:35:00+00:00,0.5939,0.4061,1.4624
2026-05-18 14:40:00+00:00,0.5953,0.4047,1.471
2026-05-18 14:45:00+00:00,0.5957,0.4043,1.4734
2026-05-18 14:50:00+00:00,0.5961,0.4039,1.4759
2026-05-18 14:55:00+00:00,0.597,0.403,1.4814
2026-05-18 15:00:00+00:00,0.5976,0.4024,1.4851
2026-05-18 15:05:00+00:00,0.5976,0.4024,1.4851
2026-05-18 15:10:00+00:00,0.5986,0.4014,1.4913
2026-05-18 15:15:00+00:00,0.5995,0.4005,1.4969
2026-05-18 15:20:00+00:00,0.5999,0.4001,1.4994
2026-05-18 15:25:00+00:00,0.6004,0.3996,1.5025
2026-05-18 15:30:00+00:00,0.6011,0.3989,1.5069
2026-05-18 15:35:00+00:00,0.6029,0.3971,1.5183
2026-05-18 15:40:00+00:00,0.6048,0.3952,1.5304
2026-05-18 15:45:00+00:00,0.6051,0.3949,1.5323
2026-05-18 15:50:00+00:00,0.6061,0.3939,1.5387
2026-05-18 15:55:00+00:00,0.6066,0.3934,1.5419
2026-05-18 16:00:00+00:00,0.6071,0.3929,1.5452
2026-05-18 16:05:00+00:00,0.6069,0.3931,1.5439
2026-05-18 16:10:00+00:00,0.6066,0.3934,1.5419
2026-05-18 16:15:00+00:00,0.6068,0.3932,1.5432
2026-05-18 16:20:00+00:00,0.6071,0.3929,1.5452
2026-05-18 16:25:00+00:00,0.607,0.393,1.5445
2026-05-18 16:30:00+00:00,0.6063,0.3937,1.54
2026-05-18 16:35:00+00:00,0.6061,0.3939,1.5387
2026-05-18 16:40:00+00:00,0.6062,0.3938,1.5394
2026-05-18 16:45:00+00:00,0.6061,0.3939,1.5387
2026-05-18 16:50:00+00:00,0.6068,0.3932,1.5432
2026-05-18 16:55:00+00:00,0.607,0.393,1.5445
2026-05-18 17:00:00+00:00,0.6073,0.3927,1.5465
2026-05-18 17:05:00+00:00,0.6071,0.3929,1.5452
2026-05-18 17:10:00+00:00,0.6075,0.3925,1.5478
2026-05-18 17:15:00+00:00,0.6075,0.3925,1.5478
2026-05-18 17:20:00+00:00,0.6073,0.3927,1.5465
2026-05-18 17:25:00+00:00,0.6071,0.3929,1.5452
2026-05-18 17:30:00+00:00,0.6071,0.3929,1.5452
2026-05-18 17:35:00+00:00,0.607,0.393,1.5445
2026-05-18 17:40:00+00:00,0.6068,0.3932,1.5432
2026-05-18 17:45:00+00:00,0.6066,0.3934,1.5419
2026-05-18 17:50:00+00:00,0.6072,0.3928,1.5458
2026-05-18 17:55:00+00:00,0.6076,0.3924,1.5484
2026-05-18 18:00:00+00:00,0.6076,0.3924,1.5484
2026-05-18 18:05:00+00:00,0.6067,0.3933,1.5426
2026-05-18 18:10:00+00:00,0.606,0.394,1.5381
2026-05-18 18:15:00+00:00,0.6057,0.3943,1.5361
2026-05-18 18:20:00+00:00,0.6052,0.3948,1.5329
2026-05-18 18:25:00+00:00,0.6052,0.3948,1.5329
2026-05-18 18:30:00+00:00,0.6049,0.3951,1.531
2026-05-18 18:35:00+00:00,0.6052,0.3948,1.5329
2026-05-18 18:40:00+00:00,0.6052,0.3948,1.5329
2026-05-18 18:45:00+00:00,0.6053,0.3947,1.5336
2026-05-18 18:50:00+00:00,0.6053,0.3947,1.5336
2026-05-18 18:55:00+00:00,0.6053,0.3947,1.5336
2026-05-18 19:00:00+00:00,0.6054,0.3946,1.5342
2026-05-18 19:05:00+00:00,0.6066,0.3934,1.5419
2026-05-18 19:10:00+00:00,0.601,0.399,1.5063
2026-05-18 19:15:00+00:00,0.5999,0.4001,1.4994
2026-05-18 19:20:00+00:00,0.5948,0.4052,1.4679
2026-05-18 19:25:00+00:00,0.5952,0.4048,1.4704
2026-05-18 19:30:00+00:00,0.5953,0.4047,1.471
2026-05-18 19:35:00+00:00,0.5954,0.4046,1.4716
2026-05-18 19:40:00+00:00,0.5955,0.4045,1.4722
2026-05-18 19:45:00+00:00,0.5952,0.4048,1.4704
2026-05-18 19:50:00+00:00,0.5951,0.4049,1.4697
2026-05-18 19:55:00+00:00,0.5952,0.4048,1.4704
2026-05-18 20:00:00+00:00,0.5948,0.4052,1.4679
2026-05-18 20:05:00+00:00,0.5944,0.4056,1.4655
2026-05-18 20:10:00+00:00,0.5944,0.4056,1.4655
2026-05-18 20:15:00+00:00,0.5945,0.4055,1.4661
2026-05-18 20:20:00+00:00,0.5944,0.4056,1.4655
2026-05-18 20:25:00+00:00,0.594,0.406,1.4631
2026-05-18 20:30:00+00:00,0.5936,0.4064,1.4606
2026-05-18 20:35:00+00:00,0.5933,0.4067,1.4588
2026-05-18 20:40:00+00:00,0.5928,0.4072,1.4558
2026-05-18 20:45:00+00:00,0.5911,0.4089,1.4456
2026-05-18 20:50:00+00:00,0.5904,0.4096,1.4414
2026-05-18 20:55:00+00:00,0.5902,0.4098,1.4402
2026-05-18 21:00:00+00:00,0.5907,0.4093,1.4432
2026-05-18 21:05:00+00:00,0.5907,0.4093,1.4432
2026-05-18 21:10:00+00:00,0.5909,0.4091,1.4444
2026-05-18 21:15:00+00:00,0.591,0.409,1.445
2026-05-18 21:20:00+00:00,0.5911,0.4089,1.4456
2026-05-18 21:25:00+00:00,0.5911,0.4089,1.4456
2026-05-18 21:30:00+00:00,0.5915,0.4085,1.448
2026-05-18 21:35:00+00:00,0.5917,0.4083,1.4492
2026-05-18 21:40:00+00:00,0.5915,0.4085,1.448
2026-05-18 21:45:00+00:00,0.5905,0.4095,1.442
2026-05-18 21:50:00+00:00,0.5901,0.4099,1.4396
2026-05-18 21:55:00+00:00,0.5901,0.4099,1.4396
2026-05-18 22:00:00+00:00,0.5899,0.4101,1.4384
2026-05-18 22:05:00+00:00,0.59,0.41,1.439
2026-05-18 22:10:00+00:00,0.5901,0.4099,1.4396
2026-05-18 22:15:00+00:00,0.5901,0.4099,1.4396
2026-05-18 22:20:00+00:00,0.5899,0.4101,1.4384
2026-05-18 22:25:00+00:00,0.5899,0.4101,1.4384
2026-05-18 22:30:00+00:00,0.5899,0.4101,1.4384
2026-05-18 22:35:00+00:00,0.5896,0.4104,1.4366
2026-05-18 22:40:00+00:00,0.5892,0.4108,1.4343
2026-05-18 22:45:00+00:00,0.5882,0.4118,1.4284
2026-05-18 22:50:00+00:00,0.5876,0.4124,1.4248
2026-05-18 22:55:00+00:00,0.5872,0.4128,1.4225
2026-05-18 23:00:00+00:00,0.5872,0.4128,1.4225
2026-05-18 23:05:00+00:00,0.5876,0.4124,1.4248
2026-05-18 23:10:00+00:00,0.5876,0.4124,1.4248
2026-05-18 23:15:00+00:00,0.5875,0.4125,1.4242
2026-05-18 23:20:00+00:00,0.5868,0.4132,1.4201
2026-05-18 23:25:00+00:00,0.5865,0.4135,1.4184
2026-05-18 23:30:00+00:00,0.5862,0.4138,1.4166
2026-05-18 23:35:00+00:00,0.5856,0.4144,1.4131
2026-05-18 23:40:00+00:00,0.5854,0.4146,1.412
2026-05-18 23:45:00+00:00,0.5858,0.4142,1.4143
2026-05-18 23:50:00+00:00,0.5857,0.4143,1.4137
2026-05-18 23:55:00+00:00,0.585,0.415,1.4096
2026-05-19 00:00:00+00:00,0.5847,0.4153,1.4079
2026-05-19 00:05:00+00:00,0.5839,0.4161,1.4033
2026-05-19 00:10:00+00:00,0.5838,0.4162,1.4027
2026-05-19 00:15:00+00:00,0.5842,0.4158,1.405
2026-05-19 00:20:00+00:00,0.5847,0.4153,1.4079
2026-05-19 00:25:00+00:00,0.5866,0.4134,1.419
2026-05-19 00:30:00+00:00,0.5874,0.4126,1.4237
2026-05-19 00:35:00+00:00,0.5873,0.4127,1.4231
2026-05-19 00:40:00+00:00,0.5868,0.4132,1.4201
2026-05-19 00:45:00+00:00,0.5864,0.4136,1.4178
2026-05-19 00:50:00+00:00,0.5863,0.4137,1.4172
2026-05-19 00:55:00+00:00,0.5864,0.4136,1.4178
2026-05-19 01:00:00+00:00,0.5864,0.4136,1.4178
2026-05-19 01:05:00+00:00,0.5856,0.4144,1.4131
2026-05-19 01:10:00+00:00,0.5852,0.4148,1.4108
2026-05-19 01:15:00+00:00,0.5852,0.4148,1.4108
2026-05-19 01:20:00+00:00,0.5847,0.4153,1.4079
2026-05-19 01:25:00+00:00,0.5837,0.4163,1.4021
2026-05-19 01:30:00+00:00,0.5828,0.4172,1.3969
2026-05-19 01:35:00+00:00,0.5831,0.4169,1.3987
2026-05-19 01:40:00+00:00,0.5832,0.4168,1.3992
2026-05-19 01:45:00+00:00,0.5833,0.4167,1.3998
2026-05-19 01:50:00+00:00,0.5832,0.4168,1.3992
2026-05-19 01:55:00+00:00,0.5831,0.4169,1.3987
2026-05-19 02:00:00+00:00,0.5828,0.4172,1.3969
2026-05-19 02:05:00+00:00,0.5817,0.4183,1.3906
2026-05-19 02:10:00+00:00,0.5819,0.4181,1.3918
2026-05-19 02:15:00+00:00,0.5822,0.4178,1.3935
2026-05-19 02:20:00+00:00,0.5832,0.4168,1.3992
2026-05-19 02:25:00+00:00,0.5839,0.4161,1.4033
2026-05-19 02:30:00+00:00,0.584,0.416,1.4038
2026-05-19 02:35:00+00:00,0.5842,0.4158,1.405
2026-05-19 02:40:00+00:00,0.5842,0.4158,1.405
2026-05-19 02:45:00+00:00,0.5842,0.4158,1.405
2026-05-19 02:50:00+00:00,0.5837,0.4163,1.4021
2026-05-19 02:55:00+00:00,0.5838,0.4162,1.4027
2026-05-19 03:00:00+00:00,0.5837,0.4163,1.4021
2026-05-19 03:05:00+00:00,0.5836,0.4164,1.4015
2026-05-19 03:10:00+00:00,0.584,0.416,1.4038
2026-05-19 03:15:00+00:00,0.5842,0.4158,1.405
2026-05-19 03:20:00+00:00,0.5852,0.4148,1.4108
2026-05-19 03:25:00+00:00,0.5852,0.4148,1.4108
2026-05-19 03:30:00+00:00,0.5851,0.4149,1.4102
2026-05-19 03:35:00+00:00,0.5852,0.4148,1.4108
2026-05-19 03:40:00+00:00,0.5856,0.4144,1.4131
2026-05-19 03:45:00+00:00,0.5859,0.4141,1.4149
2026-05-19 03:50:00+00:00,0.5861,0.4139,1.416
2026-05-19 03:55:00+00:00,0.5862,0.4138,1.4166
2026-05-19 04:00:00+00:00,0.5861,0.4139,1.416
2026-05-19 04:05:00+00:00,0.5858,0.4142,1.4143
2026-05-19 04:10:00+00:00,0.5859,0.4141,1.4149
2026-05-19 04:15:00+00:00,0.5864,0.4136,1.4178
2026-05-19 04:20:00+00:00,0.5867,0.4133,1.4195
2026-05-19 04:25:00+00:00,0.5866,0.4134,1.419
2026-05-19 04:30:00+00:00,0.5864,0.4136,1.4178
2026-05-19 04:35:00+00:00,0.5864,0.4136,1.4178
2026-05-19 04:40:00+00:00,0.5867,0.4133,1.4195
2026-05-19 04:45:00+00:00,0.5866,0.4134,1.419
2026-05-19 04:50:00+00:00,0.5866,0.4134,1.419
2026-05-19 04:55:00+00:00,0.5868,0.4132,1.4201
2026-05-19 05:00:00+00:00,0.5869,0.4131,1.4207
2026-05-19 05:05:00+00:00,0.5868,0.4132,1.4201
2026-05-19 05:10:00+00:00,0.5866,0.4134,1.419
2026-05-19 05:15:00+00:00,0.5868,0.4132,1.4201
2026-05-19 05:20:00+00:00,0.5866,0.4134,1.419
2026-05-19 05:25:00+00:00,0.5867,0.4133,1.4195
2026-05-19 05:30:00+00:00,0.5865,0.4135,1.4184
2026-05-19 05:35:00+00:00,0.5866,0.4134,1.419
2026-05-19 05:40:00+00:00,0.5869,0.4131,1.4207
2026-05-19 05:45:00+00:00,0.5845,0.4155,1.4067
2026-05-19 05:50:00+00:00,0.584,0.416,1.4038
2026-05-19 05:55:00+00:00,0.5841,0.4159,1.4044
2026-05-19 06:00:00+00:00,0.584,0.416,1.4038
2026-05-19 06:05:00+00:00,0.584,0.416,1.4038
2026-05-19 06:10:00+00:00,0.584,0.416,1.4038
2026-05-19 06:15:00+00:00,0.5847,0.4153,1.4079
2026-05-19 06:20:00+00:00,0.5849,0.4151,1.4091
2026-05-19 06:25:00+00:00,0.5851,0.4149,1.4102
2026-05-19 06:30:00+00:00,0.5853,0.4147,1.4114
2026-05-19 06:35:00+00:00,0.586,0.414,1.4155
2026-05-19 06:40:00+00:00,0.5858,0.4142,1.4143
2026-05-19 06:45:00+00:00,0.585,0.415,1.4096
2026-05-19 06:50:00+00:00,0.5852,0.4148,1.4108
2026-05-19 06:55:00+00:00,0.5853,0.4147,1.4114
2026-05-19 07:00:00+00:00,0.5853,0.4147,1.4114
2026-05-19 07:05:00+00:00,0.5845,0.4155,1.4067
2026-05-19 07:10:00+00:00,0.5845,0.4155,1.4067
2026-05-19 07:15:00+00:00,0.5846,0.4154,1.4073
2026-05-19 07:20:00+00:00,0.585,0.415,1.4096
2026-05-19 07:25:00+00:00,0.5846,0.4154,1.4073
2026-05-19 07:30:00+00:00,0.5842,0.4158,1.405
2026-05-19 07:35:00+00:00,0.5842,0.4158,1.405
2026-05-19 07:40:00+00:00,0.5843,0.4157,1.4056
2026-05-19 07:45:00+00:00,0.5838,0.4162,1.4027
2026-05-19 07:50:00+00:00,0.5807,0.4193,1.3849
2026-05-19 07:55:00+00:00,0.5803,0.4197,1.3827
2026-05-19 08:00:00+00:00,0.5799,0.4201,1.3804
2026-05-19 08:05:00+00:00,0.5786,0.4214,1.373
2026-05-19 08:10:00+00:00,0.5774,0.4226,1.3663
2026-05-19 08:15:00+00:00,0.5765,0.4235,1.3613
2026-05-19 08:20:00+00:00,0.5764,0.4236,1.3607
2026-05-19 08:25:00+00:00,0.5762,0.4238,1.3596
2026-05-19 08:30:00+00:00,0.5756,0.4244,1.3563
2026-05-19 08:35:00+00:00,0.5755,0.4245,1.3557
2026-05-19 08:40:00+00:00,0.5758,0.4242,1.3574
2026-05-19 08:45:00+00:00,0.5765,0.4235,1.3613
2026-05-19 08:50:00+00:00,0.5766,0.4234,1.3618
2026-05-19 08:55:00+00:00,0.5765,0.4235,1.3613
2026-05-19 09:00:00+00:00,0.5763,0.4237,1.3602
2026-05-19 09:05:00+00:00,0.5759,0.4241,1.3579
2026-05-19 09:10:00+00:00,0.5756,0.4244,1.3563
2026-05-19 09:15:00+00:00,0.5755,0.4245,1.3557
2026-05-19 09:20:00+00:00,0.5764,0.4236,1.3607
2026-05-19 09:25:00+00:00,0.576,0.424,1.3585
2026-05-19 09:30:00+00:00,0.5762,0.4238,1.3596
2026-05-19 09:35:00+00:00,0.5764,0.4236,1.3607
2026-05-19 09:40:00+00:00,0.5768,0.4232,1.3629
2026-05-19 09:45:00+00:00,0.5771,0.4229,1.3646
2026-05-19 09:50:00+00:00,0.5807,0.4193,1.3849
2026-05-19 09:55:00+00:00,0.5812,0.4188,1.3878
2026-05-19 10:00:00+00:00,0.5818,0.4182,1.3912
2026-05-19 10:05:00+00:00,0.5819,0.4181,1.3918
2026-05-19 10:10:00+00:00,0.5826,0.4174,1.3958
2026-05-19 10:15:00+00:00,0.5825,0.4175,1.3952
2026-05-19 10:20:00+00:00,0.5822,0.4178,1.3935
2026-05-19 10:25:00+00:00,0.5822,0.4178,1.3935
2026-05-19 10:30:00+00:00,0.582,0.418,1.3923
2026-05-19 10:35:00+00:00,0.5835,0.4165,1.401
2026-05-19 10:40:00+00:00,0.5839,0.4161,1.4033
2026-05-19 10:45:00+00:00,0.5837,0.4163,1.4021
2026-05-19 10:50:00+00:00,0.5833,0.4167,1.3998
2026-05-19 10:55:00+00:00,0.5835,0.4165,1.401
2026-05-19 11:00:00+00:00,0.5838,0.4162,1.4027
2026-05-19 11:05:00+00:00,0.5838,0.4162,1.4027
2026-05-19 11:10:00+00:00,0.5836,0.4164,1.4015
2026-05-19 11:15:00+00:00,0.5832,0.4168,1.3992
2026-05-19 11:20:00+00:00,0.5835,0.4165,1.401
2026-05-19 11:25:00+00:00,0.5831,0.4169,1.3987
2026-05-19 11:30:00+00:00,0.5832,0.4168,1.3992
2026-05-19 11:35:00+00:00,0.5832,0.4168,1.3992
2026-05-19 11:40:00+00:00,0.5831,0.4169,1.3987
2026-05-19 11:45:00+00:00,0.5833,0.4167,1.3998
2026-05-19 11:50:00+00:00,0.5833,0.4167,1.3998
2026-05-19 11:55:00+00:00,0.584,0.416,1.4038
2026-05-19 12:00:00+00:00,0.584,0.416,1.4038
2026-05-19 12:05:00+00:00,0.5842,0.4158,1.405
2026-05-19 12:10:00+00:00,0.5847,0.4153,1.4079
2026-05-19 12:15:00+00:00,0.5851,0.4149,1.4102
2026-05-19 12:20:00+00:00,0.5855,0.4145,1.4125
2026-05-19 12:25:00+00:00,0.5857,0.4143,1.4137
2026-05-19 12:30:00+00:00,0.5859,0.4141,1.4149
2026-05-19 12:35:00+00:00,0.5855,0.4145,1.4125
2026-05-19 12:40:00+00:00,0.5855,0.4145,1.4125
2026-05-19 12:45:00+00:00,0.5854,0.4146,1.412
2026-05-19 12:50:00+00:00,0.585,0.415,1.4096
2026-05-19 12:55:00+00:00,0.5849,0.4151,1.4091
2026-05-19 13:00:00+00:00,0.5849,0.4151,1.4091
2026-05-19 13:05:00+00:00,0.5852,0.4148,1.4108
2026-05-19 13:10:00+00:00,0.5841,0.4159,1.4044
2026-05-19 13:15:00+00:00,0.5839,0.4161,1.4033
2026-05-19 13:20:00+00:00,0.5836,0.4164,1.4015
2026-05-19 13:25:00+00:00,0.5832,0.4168,1.3992
2026-05-19 13:30:00+00:00,0.5834,0.4166,1.4004
2026-05-19 13:35:00+00:00,0.5829,0.4171,1.3975
2026-05-19 13:40:00+00:00,0.5824,0.4176,1.3946
2026-05-19 13:45:00+00:00,0.5829,0.4171,1.3975
2026-05-19 13:50:00+00:00,0.5831,0.4169,1.3987
2026-05-19 13:55:00+00:00,0.5829,0.4171,1.3975
2026-05-19 14:00:00+00:00,0.5827,0.4173,1.3964
2026-05-19 14:05:00+00:00,0.583,0.417,1.3981
2026-05-19 14:10:00+00:00,0.5843,0.4157,1.4056
2026-05-19 14:15:00+00:00,0.5856,0.4144,1.4131
2026-05-19 14:20:00+00:00,0.5847,0.4153,1.4079
2026-05-19 14:25:00+00:00,0.5856,0.4144,1.4131
2026-05-19 14:30:00+00:00,0.5868,0.4132,1.4201
2026-05-19 14:35:00+00:00,0.5876,0.4124,1.4248
2026-05-19 14:40:00+00:00,0.5876,0.4124,1.4248
2026-05-19 14:45:00+00:00,0.5889,0.4111,1.4325
2026-05-19 14:50:00+00:00,0.599,0.401,1.4938
2026-05-19 14:55:00+00:00,0.6004,0.3996,1.5025
2026-05-19 15:00:00+00:00,0.6008,0.3992,1.505
2026-05-19 15:05:00+00:00,0.6008,0.3992,1.505
2026-05-19 15:10:00+00:00,0.6023,0.3977,1.5145
2026-05-19 15:15:00+00:00,0.6024,0.3976,1.5151
2026-05-19 15:20:00+00:00,0.6023,0.3977,1.5145
2026-05-19 15:25:00+00:00,0.6015,0.3985,1.5094
2026-05-19 15:30:00+00:00,0.6019,0.3981,1.5119
2026-05-19 15:35:00+00:00,0.6031,0.3969,1.5195
2026-05-19 15:40:00+00:00,0.6031,0.3969,1.5195
2026-05-19 15:45:00+00:00,0.6036,0.3964,1.5227
2026-05-19 15:50:00+00:00,0.6033,0.3967,1.5208
2026-05-19 15:55:00+00:00,0.6036,0.3964,1.5227
2026-05-19 16:00:00+00:00,0.6036,0.3964,1.5227
2026-05-19 16:05:00+00:00,0.6038,0.3962,1.524
2026-05-19 16:10:00+00:00,0.6041,0.3959,1.5259
2026-05-19 16:15:00+00:00,0.6037,0.3963,1.5233
2026-05-19 16:20:00+00:00,0.6039,0.3961,1.5246
2026-05-19 16:25:00+00:00,0.6036,0.3964,1.5227
2026-05-19 16:30:00+00:00,0.6038,0.3962,1.524
2026-05-19 16:35:00+00:00,0.605,0.395,1.5316
2026-05-19 16:40:00+00:00,0.6045,0.3955,1.5284
2026-05-19 16:45:00+00:00,0.6044,0.3956,1.5278
2026-05-19 16:50:00+00:00,0.6044,0.3956,1.5278
2026-05-19 16:55:00+00:00,0.6045,0.3955,1.5284
2026-05-19 17:00:00+00:00,0.6045,0.3955,1.5284
2026-05-19 17:05:00+00:00,0.604,0.396,1.5253
2026-05-19 17:10:00+00:00,0.6033,0.3967,1.5208
2026-05-19 17:15:00+00:00,0.5994,0.4006,1.4963
2026-05-19 17:20:00+00:00,0.599,0.401,1.4938
2026-05-19 17:25:00+00:00,0.5985,0.4015,1.4907
2026-05-19 17:30:00+00:00,0.5974,0.4026,1.4839
2026-05-19 17:35:00+00:00,0.5965,0.4035,1.4783
2026-05-19 17:40:00+00:00,0.596,0.404,1.4752
2026-05-19 17:45:00+00:00,0.5957,0.4043,1.4734
2026-05-19 17:50:00+00:00,0.5958,0.4042,1.474
2026-05-19 17:55:00+00:00,0.5959,0.4041,1.4746
2026-05-19 18:00:00+00:00,0.5958,0.4042,1.474
2026-05-19 18:05:00+00:00,0.5957,0.4043,1.4734
2026-05-19 18:10:00+00:00,0.5959,0.4041,1.4746
2026-05-19 18:15:00+00:00,0.5957,0.4043,1.4734
2026-05-19 18:20:00+00:00,0.5953,0.4047,1.471
2026-05-19 18:25:00+00:00,0.595,0.405,1.4691
2026-05-19 18:30:00+00:00,0.5949,0.4051,1.4685
2026-05-19 18:35:00+00:00,0.5946,0.4054,1.4667
2026-05-19 18:40:00+00:00,0.5947,0.4053,1.4673
2026-05-19 18:45:00+00:00,0.5945,0.4055,1.4661
2026-05-19 18:50:00+00:00,0.5945,0.4055,1.4661
2026-05-19 18:55:00+00:00,0.5946,0.4054,1.4667
2026-05-19 19:00:00+00:00,0.5948,0.4052,1.4679
2026-05-19 19:05:00+00:00,0.5947,0.4053,1.4673
2026-05-19 19:10:00+00:00,0.5947,0.4053,1.4673
2026-05-19 19:15:00+00:00,0.5939,0.4061,1.4624
2026-05-19 19:20:00+00:00,0.5939,0.4061,1.4624
2026-05-19 19:25:00+00:00,0.5939,0.4061,1.4624
2026-05-19 19:30:00+00:00,0.5939,0.4061,1.4624
2026-05-19 19:35:00+00:00,0.5938,0.4062,1.4618
2026-05-19 19:40:00+00:00,0.5938,0.4062,1.4618
2026-05-19 19:45:00+00:00,0.5939,0.4061,1.4624
2026-05-19 19:50:00+00:00,0.5938,0.4062,1.4618
2026-05-19 19:55:00+00:00,0.5939,0.4061,1.4624
2026-05-19 20:00:00+00:00,0.5939,0.4061,1.4624
2026-05-19 20:05:00+00:00,0.5938,0.4062,1.4618
2026-05-19 20:10:00+00:00,0.5938,0.4062,1.4618
2026-05-19 20:15:00+00:00,0.5938,0.4062,1.4618
2026-05-19 20:20:00+00:00,0.5938,0.4062,1.4618
2026-05-19 20:25:00+00:00,0.5939,0.4061,1.4624
2026-05-19 20:30:00+00:00,0.5939,0.4061,1.4624
2026-05-19 20:35:00+00:00,0.5938,0.4062,1.4618
2026-05-19 20:40:00+00:00,0.5939,0.4061,1.4624
2026-05-19 20:45:00+00:00,0.5939,0.4061,1.4624
2026-05-19 20:50:00+00:00,0.5939,0.4061,1.4624
2026-05-19 20:55:00+00:00,0.5939,0.4061,1.4624
2026-05-19 21:00:00+00:00,0.5939,0.4061,1.4624
2026-05-19 21:05:00+00:00,0.5937,0.4063,1.4612
2026-05-19 21:10:00+00:00,0.5936,0.4064,1.4606
2026-05-19 21:15:00+00:00,0.5937,0.4063,1.4612
2026-05-19 21:20:00+00:00,0.5936,0.4064,1.4606
2026-05-19 21:25:00+00:00,0.5935,0.4065,1.46
2026-05-19 21:30:00+00:00,0.5935,0.4065,1.46
2026-05-19 21:35:00+00:00,0.5935,0.4065,1.46
2026-05-19 21:40:00+00:00,0.5934,0.4066,1.4594
2026-05-19 21:45:00+00:00,0.5936,0.4064,1.4606
2026-05-19 21:50:00+00:00,0.5936,0.4064,1.4606
2026-05-19 21:55:00+00:00,0.5933,0.4067,1.4588
2026-05-19 22:00:00+00:00,0.5932,0.4068,1.4582
2026-05-19 22:05:00+00:00,0.5936,0.4064,1.4606
2026-05-19 22:10:00+00:00,0.5933,0.4067,1.4588
2026-05-19 22:15:00+00:00,0.593,0.407,1.457
2026-05-19 22:20:00+00:00,0.5922,0.4078,1.4522
2026-05-19 22:25:00+00:00,0.5922,0.4078,1.4522
2026-05-19 22:30:00+00:00,0.592,0.408,1.451
2026-05-19 22:35:00+00:00,0.5925,0.4075,1.454
2026-05-19 22:40:00+00:00,0.5925,0.4075,1.454
2026-05-19 22:45:00+00:00,0.5925,0.4075,1.454
2026-05-19 22:50:00+00:00,0.5927,0.4073,1.4552
2026-05-19 22:55:00+00:00,0.5927,0.4073,1.4552
2026-05-19 23:00:00+00:00,0.5928,0.4072,1.4558
2026-05-19 23:05:00+00:00,0.5929,0.4071,1.4564
2026-05-19 23:10:00+00:00,0.5929,0.4071,1.4564
2026-05-19 23:15:00+00:00,0.5932,0.4068,1.4582
2026-05-19 23:20:00+00:00,0.5932,0.4068,1.4582
2026-05-19 23:25:00+00:00,0.5934,0.4066,1.4594
2026-05-19 23:30:00+00:00,0.5934,0.4066,1.4594
2026-05-19 23:35:00+00:00,0.5934,0.4066,1.4594
2026-05-19 23:40:00+00:00,0.5935,0.4065,1.46
2026-05-19 23:45:00+00:00,0.5928,0.4072,1.4558
2026-05-19 23:50:00+00:00,0.5926,0.4074,1.4546
2026-05-19 23:55:00+00:00,0.5927,0.4073,1.4552
2026-05-20 00:00:00+00:00,0.5925,0.4075,1.454
2026-05-20 00:05:00+00:00,0.5925,0.4075,1.454
2026-05-20 00:10:00+00:00,0.5929,0.4071,1.4564
2026-05-20 00:15:00+00:00,0.5929,0.4071,1.4564
2026-05-20 00:20:00+00:00,0.5938,0.4062,1.4618
2026-05-20 00:25:00+00:00,0.5944,0.4056,1.4655
2026-05-20 00:30:00+00:00,0.5947,0.4053,1.4673
2026-05-20 00:35:00+00:00,0.5942,0.4058,1.4643
2026-05-20 00:40:00+00:00,0.5944,0.4056,1.4655
2026-05-20 00:45:00+00:00,0.5944,0.4056,1.4655
2026-05-20 00:50:00+00:00,0.5945,0.4055,1.4661
2026-05-20 00:55:00+00:00,0.5945,0.4055,1.4661
2026-05-20 01:00:00+00:00,0.5945,0.4055,1.4661
2026-05-20 01:05:00+00:00,0.5942,0.4058,1.4643
2026-05-20 01:10:00+00:00,0.5942,0.4058,1.4643
2026-05-20 01:15:00+00:00,0.5942,0.4058,1.4643
2026-05-20 01:20:00+00:00,0.5939,0.4061,1.4624
2026-05-20 01:25:00+00:00,0.594,0.406,1.4631
2026-05-20 01:30:00+00:00,0.5942,0.4058,1.4643
2026-05-20 01:35:00+00:00,0.5981,0.4019,1.4882
2026-05-20 01:40:00+00:00,0.5981,0.4019,1.4882
2026-05-20 01:45:00+00:00,0.5983,0.4017,1.4894
2026-05-20 01:50:00+00:00,0.5986,0.4014,1.4913
2026-05-20 01:55:00+00:00,0.5976,0.4024,1.4851
2026-05-20 02:00:00+00:00,0.5975,0.4025,1.4845
2026-05-20 02:05:00+00:00,0.5972,0.4028,1.4826
2026-05-20 02:10:00+00:00,0.5973,0.4027,1.4832
2026-05-20 02:15:00+00:00,0.5969,0.4031,1.4808
2026-05-20 02:20:00+00:00,0.5969,0.4031,1.4808
2026-05-20 02:25:00+00:00,0.5964,0.4036,1.4777
2026-05-20 02:30:00+00:00,0.5965,0.4035,1.4783
2026-05-20 02:35:00+00:00,0.5956,0.4044,1.4728
2026-05-20 02:40:00+00:00,0.5957,0.4043,1.4734
2026-05-20 02:45:00+00:00,0.5961,0.4039,1.4759
2026-05-20 02:50:00+00:00,0.5964,0.4036,1.4777
2026-05-20 02:55:00+00:00,0.5967,0.4033,1.4795
2026-05-20 03:00:00+00:00,0.5968,0.4032,1.4802
2026-05-20 03:05:00+00:00,0.5971,0.4029,1.482
2026-05-20 03:10:00+00:00,0.5972,0.4028,1.4826
2026-05-20 03:15:00+00:00,0.5972,0.4028,1.4826
2026-05-20 03:20:00+00:00,0.5974,0.4026,1.4839
2026-05-20 03:25:00+00:00,0.5977,0.4023,1.4857
2026-05-20 03:30:00+00:00,0.5973,0.4027,1.4832
2026-05-20 03:35:00+00:00,0.5974,0.4026,1.4839
2026-05-20 03:40:00+00:00,0.5973,0.4027,1.4832
2026-05-20 03:45:00+00:00,0.5973,0.4027,1.4832
2026-05-20 03:50:00+00:00,0.5973,0.4027,1.4832
2026-05-20 03:55:00+00:00,0.5972,0.4028,1.4826
2026-05-20 04:00:00+00:00,0.5973,0.4027,1.4832
2026-05-20 04:05:00+00:00,0.5972,0.4028,1.4826
2026-05-20 04:10:00+00:00,0.5971,0.4029,1.482
2026-05-20 04:15:00+00:00,0.5969,0.4031,1.4808
2026-05-20 04:20:00+00:00,0.5971,0.4029,1.482
2026-05-20 04:25:00+00:00,0.5971,0.4029,1.482
2026-05-20 04:30:00+00:00,0.5974,0.4026,1.4839
2026-05-20 04:35:00+00:00,0.5973,0.4027,1.4832
2026-05-20 04:40:00+00:00,0.5971,0.4029,1.482
2026-05-20 04:45:00+00:00,0.5972,0.4028,1.4826
2026-05-20 04:50:00+00:00,0.5971,0.4029,1.482
2026-05-20 04:55:00+00:00,0.5975,0.4025,1.4845
2026-05-20 05:00:00+00:00,0.5976,0.4024,1.4851
2026-05-20 05:05:00+00:00,0.5973,0.4027,1.4832
2026-05-20 05:10:00+00:00,0.596,0.404,1.4752
2026-05-20 05:15:00+00:00,0.5921,0.4079,1.4516
2026-05-20 05:20:00+00:00,0.5912,0.4088,1.4462
2026-05-20 05:25:00+00:00,0.5907,0.4093,1.4432
2026-05-20 05:30:00+00:00,0.5904,0.4096,1.4414
2026-05-20 05:35:00+00:00,0.5908,0.4092,1.4438
2026-05-20 05:40:00+00:00,0.5903,0.4097,1.4408
2026-05-20 05:45:00+00:00,0.5898,0.4102,1.4378
2026-05-20 05:50:00+00:00,0.5892,0.4108,1.4343
2026-05-20 05:55:00+00:00,0.5892,0.4108,1.4343
2026-05-20 06:00:00+00:00,0.589,0.411,1.4331
2026-05-20 06:05:00+00:00,0.5893,0.4107,1.4349
2026-05-20 06:10:00+00:00,0.589,0.411,1.4331
2026-05-20 06:15:00+00:00,0.5888,0.4112,1.4319
2026-05-20 06:20:00+00:00,0.589,0.411,1.4331
2026-05-20 06:25:00+00:00,0.5883,0.4117,1.429
2026-05-20 06:30:00+00:00,0.588,0.412,1.4272
2026-05-20 06:35:00+00:00,0.5877,0.4123,1.4254
2026-05-20 06:40:00+00:00,0.5874,0.4126,1.4237
2026-05-20 06:45:00+00:00,0.5872,0.4128,1.4225
2026-05-20 06:50:00+00:00,0.5873,0.4127,1.4231
2026-05-20 06:55:00+00:00,0.5879,0.4121,1.4266
2026-05-20 07:00:00+00:00,0.588,0.412,1.4272
2026-05-20 07:05:00+00:00,0.5873,0.4127,1.4231
2026-05-20 07:10:00+00:00,0.5866,0.4134,1.419
2026-05-20 07:15:00+00:00,0.5865,0.4135,1.4184
2026-05-20 07:20:00+00:00,0.5858,0.4142,1.4143
2026-05-20 07:25:00+00:00,0.5866,0.4134,1.419
2026-05-20 07:30:00+00:00,0.5865,0.4135,1.4184
2026-05-20 07:35:00+00:00,0.5858,0.4142,1.4143
2026-05-20 07:40:00+00:00,0.5854,0.4146,1.412
2026-05-20 07:45:00+00:00,0.585,0.415,1.4096
2026-05-20 07:50:00+00:00,0.5835,0.4165,1.401
2026-05-20 07:55:00+00:00,0.5827,0.4173,1.3964
2026-05-20 08:00:00+00:00,0.5825,0.4175,1.3952
2026-05-20 08:05:00+00:00,0.5819,0.4181,1.3918
2026-05-20 08:10:00+00:00,0.5821,0.4179,1.3929
2026-05-20 08:15:00+00:00,0.5815,0.4185,1.3895
2026-05-20 08:20:00+00:00,0.5812,0.4188,1.3878
2026-05-20 08:25:00+00:00,0.5806,0.4194,1.3844
2026-05-20 08:30:00+00:00,0.5805,0.4195,1.3838
2026-05-20 08:35:00+00:00,0.5808,0.4192,1.3855
2026-05-20 08:40:00+00:00,0.5812,0.4188,1.3878
2026-05-20 08:45:00+00:00,0.5801,0.4199,1.3815
2026-05-20 08:50:00+00:00,0.5798,0.4202,1.3798
2026-05-20 08:55:00+00:00,0.5793,0.4207,1.377
2026-05-20 09:00:00+00:00,0.5793,0.4207,1.377
2026-05-20 09:05:00+00:00,0.5801,0.4199,1.3815
2026-05-20 09:10:00+00:00,0.5799,0.4201,1.3804
2026-05-20 09:15:00+00:00,0.579,0.421,1.3753
2026-05-20 09:20:00+00:00,0.5786,0.4214,1.373
2026-05-20 09:25:00+00:00,0.5786,0.4214,1.373
2026-05-20 09:30:00+00:00,0.5774,0.4226,1.3663
2026-05-20 09:35:00+00:00,0.5776,0.4224,1.3674
2026-05-20 09:40:00+00:00,0.5776,0.4224,1.3674
2026-05-20 09:45:00+00:00,0.5776,0.4224,1.3674
2026-05-20 09:50:00+00:00,0.5773,0.4227,1.3657
2026-05-20 09:55:00+00:00,0.577,0.423,1.3641
2026-05-20 10:00:00+00:00,0.5767,0.4233,1.3624
2026-05-20 10:05:00+00:00,0.5767,0.4233,1.3624
2026-05-20 10:10:00+00:00,0.5768,0.4232,1.3629
2026-05-20 10:15:00+00:00,0.5768,0.4232,1.3629
2026-05-20 10:20:00+00:00,0.5769,0.4231,1.3635
2026-05-20 10:25:00+00:00,0.5768,0.4232,1.3629
2026-05-20 10:30:00+00:00,0.5763,0.4237,1.3602
2026-05-20 10:35:00+00:00,0.576,0.424,1.3585
2026-05-20 10:40:00+00:00,0.5762,0.4238,1.3596
2026-05-20 10:45:00+00:00,0.5758,0.4242,1.3574
2026-05-20 10:50:00+00:00,0.5755,0.4245,1.3557
2026-05-20 10:55:00+00:00,0.5751,0.4249,1.3535
2026-05-20 11:00:00+00:00,0.5745,0.4255,1.3502
2026-05-20 11:05:00+00:00,0.5737,0.4263,1.3458
2026-05-20 11:10:00+00:00,0.5735,0.4265,1.3447
2026-05-20 11:15:00+00:00,0.5731,0.4269,1.3425
2026-05-20 11:20:00+00:00,0.5728,0.4272,1.3408
2026-05-20 11:25:00+00:00,0.5725,0.4275,1.3392
2026-05-20 11:30:00+00:00,0.5725,0.4275,1.3392
2026-05-20 11:35:00+00:00,0.5721,0.4279,1.337
2026-05-20 11:40:00+00:00,0.5715,0.4285,1.3337
2026-05-20 11:45:00+00:00,0.5707,0.4293,1.3294
2026-05-20 11:50:00+00:00,0.5707,0.4293,1.3294
2026-05-20 11:55:00+00:00,0.57,0.43,1.3256
2026-05-20 12:00:00+00:00,0.5701,0.4299,1.3261
2026-05-20 12:05:00+00:00,0.5705,0.4295,1.3283
2026-05-20 12:10:00+00:00,0.5708,0.4292,1.3299
2026-05-20 12:15:00+00:00,0.5702,0.4298,1.3267
2026-05-20 12:20:00+00:00,0.5708,0.4292,1.3299
2026-05-20 12:25:00+00:00,0.5665,0.4335,1.3068
2026-05-20 12:30:00+00:00,0.5667,0.4333,1.3079
2026-05-20 12:35:00+00:00,0.5668,0.4332,1.3084
2026-05-20 12:40:00+00:00,0.5669,0.4331,1.3089
2026-05-20 12:45:00+00:00,0.5668,0.4332,1.3084
2026-05-20 12:50:00+00:00,0.5668,0.4332,1.3084
2026-05-20 12:55:00+00:00,0.567,0.433,1.3095
2026-05-20 13:00:00+00:00,0.5681,0.4319,1.3154
2026-05-20 13:05:00+00:00,0.5678,0.4322,1.3137
2026-05-20 13:10:00+00:00,0.5669,0.4331,1.3089
2026-05-20 13:15:00+00:00,0.5664,0.4336,1.3063
2026-05-20 13:20:00+00:00,0.5615,0.4385,1.2805
2026-05-20 13:25:00+00:00,0.561,0.439,1.2779
2026-05-20 13:30:00+00:00,0.5601,0.4399,1.2732
2026-05-20 13:35:00+00:00,0.562,0.438,1.2831
2026-05-20 13:40:00+00:00,0.5625,0.4375,1.2857
2026-05-20 13:45:00+00:00,0.5643,0.4357,1.2952
2026-05-20 13:50:00+00:00,0.5648,0.4352,1.2978
2026-05-20 13:55:00+00:00,0.5652,0.4348,1.2999
2026-05-20 14:00:00+00:00,0.5652,0.4348,1.2999
2026-05-20 14:05:00+00:00,0.5655,0.4345,1.3015
2026-05-20 14:10:00+00:00,0.5662,0.4338,1.3052
2026-05-20 14:15:00+00:00,0.5662,0.4338,1.3052
2026-05-20 14:20:00+00:00,0.5643,0.4357,1.2952
2026-05-20 14:25:00+00:00,0.5638,0.4362,1.2925
2026-05-20 14:30:00+00:00,0.5638,0.4362,1.2925
2026-05-20 14:35:00+00:00,0.5639,0.4361,1.2931
2026-05-20 14:40:00+00:00,0.5639,0.4361,1.2931
2026-05-20 14:45:00+00:00,0.5652,0.4348,1.2999
2026-05-20 14:50:00+00:00,0.5652,0.4348,1.2999
2026-05-20 14:55:00+00:00,0.5649,0.4351,1.2983
2026-05-20 15:00:00+00:00,0.565,0.435,1.2989
2026-05-20 15:05:00+00:00,0.5649,0.4351,1.2983
2026-05-20 15:10:00+00:00,0.5647,0.4353,1.2973
2026-05-20 15:15:00+00:00,0.5648,0.4352,1.2978
2026-05-20 15:20:00+00:00,0.5664,0.4336,1.3063
2026-05-20 15:25:00+00:00,0.5661,0.4339,1.3047
2026-05-20 15:30:00+00:00,0.566,0.434,1.3041
2026-05-20 15:35:00+00:00,0.5673,0.4327,1.3111
2026-05-20 15:40:00+00:00,0.568,0.432,1.3148
2026-05-20 15:45:00+00:00,0.5675,0.4325,1.3121
2026-05-20 15:50:00+00:00,0.568,0.432,1.3148
2026-05-20 15:55:00+00:00,0.5677,0.4323,1.3132
2026-05-20 16:00:00+00:00,0.5678,0.4322,1.3137
2026-05-20 16:05:00+00:00,0.568,0.432,1.3148
2026-05-20 16:10:00+00:00,0.5681,0.4319,1.3154
2026-05-20 16:15:00+00:00,0.5684,0.4316,1.317
2026-05-20 16:20:00+00:00,0.5684,0.4316,1.317
2026-05-20 16:25:00+00:00,0.5688,0.4312,1.3191
2026-05-20 16:30:00+00:00,0.57,0.43,1.3256
2026-05-20 16:35:00+00:00,0.5716,0.4284,1.3343
2026-05-20 16:40:00+00:00,0.572,0.428,1.3364
2026-05-20 16:45:00+00:00,0.5719,0.4281,1.3359
2026-05-20 16:50:00+00:00,0.572,0.428,1.3364
2026-05-20 16:55:00+00:00,0.5719,0.4281,1.3359
2026-05-20 17:00:00+00:00,0.5717,0.4283,1.3348
2026-05-20 17:05:00+00:00,0.5718,0.4282,1.3354
2026-05-20 17:10:00+00:00,0.5716,0.4284,1.3343
2026-05-20 17:15:00+00:00,0.5717,0.4283,1.3348
2026-05-20 17:20:00+00:00,0.572,0.428,1.3364
2026-05-20 17:25:00+00:00,0.5715,0.4285,1.3337
2026-05-20 17:30:00+00:00,0.5709,0.4291,1.3305
2026-05-20 17:35:00+00:00,0.5704,0.4296,1.3277
2026-05-20 17:40:00+00:00,0.5698,0.4302,1.3245
2026-05-20 17:45:00+00:00,0.5695,0.4305,1.3229
2026-05-20 17:50:00+00:00,0.5692,0.4308,1.3213
2026-05-20 17:55:00+00:00,0.5687,0.4313,1.3186
2026-05-20 18:00:00+00:00,0.5683,0.4317,1.3164
2026-05-20 18:05:00+00:00,0.5679,0.4321,1.3143
2026-05-20 18:10:00+00:00,0.5678,0.4322,1.3137
2026-05-20 18:15:00+00:00,0.5676,0.4324,1.3127
2026-05-20 18:20:00+00:00,0.5676,0.4324,1.3127
2026-05-20 18:25:00+00:00,0.5676,0.4324,1.3127
2026-05-20 18:30:00+00:00,0.5676,0.4324,1.3127
2026-05-20 18:35:00+00:00,0.5675,0.4325,1.3121
2026-05-20 18:40:00+00:00,0.5673,0.4327,1.3111
2026-05-20 18:45:00+00:00,0.5676,0.4324,1.3127
2026-05-20 18:50:00+00:00,0.5673,0.4327,1.3111
2026-05-20 18:55:00+00:00,0.5674,0.4326,1.3116
2026-05-20 19:00:00+00:00,0.5674,0.4326,1.3116
2026-05-20 19:05:00+00:00,0.5675,0.4325,1.3121
2026-05-20 19:10:00+00:00,0.5674,0.4326,1.3116
2026-05-20 19:15:00+00:00,0.5675,0.4325,1.3121
2026-05-20 19:20:00+00:00,0.5675,0.4325,1.3121
2026-05-20 19:25:00+00:00,0.5676,0.4324,1.3127
2026-05-20 19:30:00+00:00,0.5679,0.4321,1.3143
2026-05-20 19:35:00+00:00,0.5676,0.4324,1.3127
2026-05-20 19:40:00+00:00,0.5677,0.4323,1.3132
2026-05-20 19:45:00+00:00,0.5675,0.4325,1.3121
2026-05-20 19:50:00+00:00,0.5671,0.4329,1.31
2026-05-20 19:55:00+00:00,0.5668,0.4332,1.3084
2026-05-20 20:00:00+00:00,0.5667,0.4333,1.3079
2026-05-20 20:05:00+00:00,0.5666,0.4334,1.3073
2026-05-20 20:10:00+00:00,0.5662,0.4338,1.3052
2026-05-20 20:15:00+00:00,0.5663,0.4337,1.3057
2026-05-20 20:20:00+00:00,0.5661,0.4339,1.3047
2026-05-20 20:25:00+00:00,0.566,0.434,1.3041
2026-05-20 20:30:00+00:00,0.5654,0.4346,1.301
2026-05-20 20:35:00+00:00,0.5653,0.4347,1.3004
2026-05-20 20:40:00+00:00,0.5651,0.4349,1.2994
2026-05-20 20:45:00+00:00,0.5646,0.4354,1.2967
2026-05-20 20:50:00+00:00,0.5643,0.4357,1.2952
2026-05-20 20:55:00+00:00,0.5644,0.4356,1.2957
2026-05-20 21:00:00+00:00,0.5643,0.4357,1.2952
2026-05-20 21:05:00+00:00,0.5644,0.4356,1.2957
2026-05-20 21:10:00+00:00,0.5644,0.4356,1.2957
2026-05-20 21:15:00+00:00,0.5643,0.4357,1.2952
2026-05-20 21:20:00+00:00,0.5641,0.4359,1.2941
2026-05-20 21:25:00+00:00,0.5641,0.4359,1.2941
2026-05-20 21:30:00+00:00,0.5641,0.4359,1.2941
2026-05-20 21:35:00+00:00,0.5639,0.4361,1.2931
2026-05-20 21:40:00+00:00,0.5641,0.4359,1.2941
2026-05-20 21:45:00+00:00,0.5638,0.4362,1.2925
2026-05-20 21:50:00+00:00,0.5638,0.4362,1.2925
2026-05-20 21:55:00+00:00,0.5638,0.4362,1.2925
2026-05-20 22:00:00+00:00,0.5636,0.4364,1.2915
2026-05-20 22:05:00+00:00,0.5644,0.4356,1.2957
2026-05-20 22:10:00+00:00,0.5652,0.4348,1.2999
2026-05-20 22:15:00+00:00,0.5654,0.4346,1.301
2026-05-20 22:20:00+00:00,0.5654,0.4346,1.301
2026-05-20 22:25:00+00:00,0.5659,0.4341,1.3036
2026-05-20 22:30:00+00:00,0.5659,0.4341,1.3036
2026-05-20 22:35:00+00:00,0.5659,0.4341,1.3036
2026-05-20 22:40:00+00:00,0.5659,0.4341,1.3036
2026-05-20 22:45:00+00:00,0.5658,0.4342,1.3031
2026-05-20 22:50:00+00:00,0.5659,0.4341,1.3036
2026-05-20 22:55:00+00:00,0.5661,0.4339,1.3047
2026-05-20 23:00:00+00:00,0.566,0.434,1.3041
2026-05-20 23:05:00+00:00,0.566,0.434,1.3041
2026-05-20 23:10:00+00:00,0.5657,0.4343,1.3026
2026-05-20 23:15:00+00:00,0.5651,0.4349,1.2994
2026-05-20 23:20:00+00:00,0.5651,0.4349,1.2994
2026-05-20 23:25:00+00:00,0.5652,0.4348,1.2999
2026-05-20 23:30:00+00:00,0.5657,0.4343,1.3026
2026-05-20 23:35:00+00:00,0.5657,0.4343,1.3026
2026-05-20 23:40:00+00:00,0.5659,0.4341,1.3036
2026-05-20 23:45:00+00:00,0.566,0.434,1.3041
2026-05-20 23:50:00+00:00,0.5663,0.4337,1.3057
2026-05-20 23:55:00+00:00,0.5663,0.4337,1.3057
2026-05-21 00:00:00+00:00,0.5671,0.4329,1.31
2026-05-21 00:05:00+00:00,0.568,0.432,1.3148
2026-05-21 00:10:00+00:00,0.5681,0.4319,1.3154
2026-05-21 00:15:00+00:00,0.5685,0.4315,1.3175
2026-05-21 00:20:00+00:00,0.5684,0.4316,1.317
2026-05-21 00:25:00+00:00,0.5681,0.4319,1.3154
2026-05-21 00:30:00+00:00,0.5678,0.4322,1.3137
2026-05-21 00:35:00+00:00,0.5673,0.4327,1.3111
2026-05-21 00:40:00+00:00,0.5671,0.4329,1.31
2026-05-21 00:45:00+00:00,0.5657,0.4343,1.3026
2026-05-21 00:50:00+00:00,0.5653,0.4347,1.3004
2026-05-21 00:55:00+00:00,0.5633,0.4367,1.2899
2026-05-21 01:00:00+00:00,0.5624,0.4376,1.2852
2026-05-21 01:05:00+00:00,0.562,0.438,1.2831
2026-05-21 01:10:00+00:00,0.5616,0.4384,1.281
2026-05-21 01:15:00+00:00,0.5602,0.4398,1.2738
2026-05-21 01:20:00+00:00,0.5595,0.4405,1.2701
2026-05-21 01:25:00+00:00,0.5595,0.4405,1.2701
2026-05-21 01:30:00+00:00,0.5594,0.4406,1.2696
2026-05-21 01:35:00+00:00,0.5591,0.4409,1.2681
2026-05-21 01:40:00+00:00,0.5592,0.4408,1.2686
2026-05-21 01:45:00+00:00,0.5589,0.4411,1.2671
2026-05-21 01:50:00+00:00,0.5591,0.4409,1.2681
2026-05-21 01:55:00+00:00,0.5585,0.4415,1.265
2026-05-21 02:00:00+00:00,0.5581,0.4419,1.263
2026-05-21 02:05:00+00:00,0.5581,0.4419,1.263
2026-05-21 02:10:00+00:00,0.5579,0.4421,1.2619
2026-05-21 02:15:00+00:00,0.5577,0.4423,1.2609
2026-05-21 02:20:00+00:00,0.5577,0.4423,1.2609
2026-05-21 02:25:00+00:00,0.5569,0.4431,1.2568
2026-05-21 02:30:00+00:00,0.5563,0.4437,1.2538
2026-05-21 02:35:00+00:00,0.5558,0.4442,1.2512
2026-05-21 02:40:00+00:00,0.5558,0.4442,1.2512
2026-05-21 02:45:00+00:00,0.5552,0.4448,1.2482
2026-05-21 02:50:00+00:00,0.5547,0.4453,1.2457
2026-05-21 02:55:00+00:00,0.5546,0.4454,1.2452
2026-05-21 03:00:00+00:00,0.5545,0.4455,1.2447
2026-05-21 03:05:00+00:00,0.5546,0.4454,1.2452
2026-05-21 03:10:00+00:00,0.5543,0.4457,1.2437
2026-05-21 03:15:00+00:00,0.5542,0.4458,1.2432
2026-05-21 03:20:00+00:00,0.5539,0.4461,1.2416
2026-05-21 03:25:00+00:00,0.5538,0.4462,1.2411
2026-05-21 03:30:00+00:00,0.5536,0.4464,1.2401
2026-05-21 03:35:00+00:00,0.5537,0.4463,1.2406
2026-05-21 03:40:00+00:00,0.5537,0.4463,1.2406
2026-05-21 03:45:00+00:00,0.5536,0.4464,1.2401
2026-05-21 03:50:00+00:00,0.5533,0.4467,1.2386
2026-05-21 03:55:00+00:00,0.5531,0.4469,1.2376
2026-05-21 04:00:00+00:00,0.553,0.447,1.2371
2026-05-21 04:05:00+00:00,0.5534,0.4466,1.2391
2026-05-21 04:10:00+00:00,0.5537,0.4463,1.2406
2026-05-21 04:15:00+00:00,0.5533,0.4467,1.2386
2026-05-21 04:20:00+00:00,0.553,0.447,1.2371
2026-05-21 04:25:00+00:00,0.5525,0.4475,1.2346
2026-05-21 04:30:00+00:00,0.5523,0.4477,1.2336
2026-05-21 04:35:00+00:00,0.5519,0.4481,1.2316
2026-05-21 04:40:00+00:00,0.5516,0.4484,1.2302
2026-05-21 04:45:00+00:00,0.5514,0.4486,1.2292
2026-05-21 04:50:00+00:00,0.5512,0.4488,1.2282
2026-05-21 04:55:00+00:00,0.5511,0.4489,1.2277
2026-05-21 05:00:00+00:00,0.5507,0.4493,1.2257
2026-05-21 05:05:00+00:00,0.5506,0.4494,1.2252
2026-05-21 05:10:00+00:00,0.5504,0.4496,1.2242
2026-05-21 05:15:00+00:00,0.55,0.45,1.2222
2026-05-21 05:20:00+00:00,0.5498,0.4502,1.2212
2026-05-21 05:25:00+00:00,0.5496,0.4504,1.2202
2026-05-21 05:30:00+00:00,0.5492,0.4508,1.2183
2026-05-21 05:35:00+00:00,0.5492,0.4508,1.2183
2026-05-21 05:40:00+00:00,0.5492,0.4508,1.2183
2026-05-21 05:45:00+00:00,0.5491,0.4509,1.2178
2026-05-21 05:50:00+00:00,0.5492,0.4508,1.2183
2026-05-21 05:55:00+00:00,0.5494,0.4506,1.2193
2026-05-21 06:00:00+00:00,0.5495,0.4505,1.2198
2026-05-21 06:05:00+00:00,0.5496,0.4504,1.2202
2026-05-21 06:10:00+00:00,0.5514,0.4486,1.2292
2026-05-21 06:15:00+00:00,0.5526,0.4474,1.2351
2026-05-21 06:20:00+00:00,0.5522,0.4478,1.2331
2026-05-21 06:25:00+00:00,0.5523,0.4477,1.2336
2026-05-21 06:30:00+00:00,0.5526,0.4474,1.2351
2026-05-21 06:35:00+00:00,0.553,0.447,1.2371
2026-05-21 06:40:00+00:00,0.5527,0.4473,1.2356
2026-05-21 06:45:00+00:00,0.5522,0.4478,1.2331
2026-05-21 06:50:00+00:00,0.553,0.447,1.2371
2026-05-21 06:55:00+00:00,0.5534,0.4466,1.2391
2026-05-21 07:00:00+00:00,0.5536,0.4464,1.2401
2026-05-21 07:05:00+00:00,0.554,0.446,1.2422
2026-05-21 07:10:00+00:00,0.5547,0.4453,1.2457
2026-05-21 07:15:00+00:00,0.555,0.445,1.2472
2026-05-21 07:20:00+00:00,0.5555,0.4445,1.2497
2026-05-21 07:25:00+00:00,0.5556,0.4444,1.2502
2026-05-21 07:30:00+00:00,0.5562,0.4438,1.2533
2026-05-21 07:35:00+00:00,0.5568,0.4432,1.2563
2026-05-21 07:40:00+00:00,0.5576,0.4424,1.2604
2026-05-21 07:45:00+00:00,0.5584,0.4416,1.2645
2026-05-21 07:50:00+00:00,0.5591,0.4409,1.2681
2026-05-21 07:55:00+00:00,0.5593,0.4407,1.2691
2026-05-21 08:00:00+00:00,0.5586,0.4414,1.2655
2026-05-21 08:05:00+00:00,0.5586,0.4414,1.2655
2026-05-21 08:10:00+00:00,0.5547,0.4453,1.2457
2026-05-21 08:15:00+00:00,0.5521,0.4479,1.2326
2026-05-21 08:20:00+00:00,0.5506,0.4494,1.2252
2026-05-21 08:25:00+00:00,0.5499,0.4501,1.2217
2026-05-21 08:30:00+00:00,0.5499,0.4501,1.2217
2026-05-21 08:35:00+00:00,0.5494,0.4506,1.2193
2026-05-21 08:40:00+00:00,0.549,0.451,1.2173
2026-05-21 08:45:00+00:00,0.5491,0.4509,1.2178
2026-05-21 08:50:00+00:00,0.549,0.451,1.2173
2026-05-21 08:55:00+00:00,0.5491,0.4509,1.2178
2026-05-21 09:00:00+00:00,0.5495,0.4505,1.2198
2026-05-21 09:05:00+00:00,0.5493,0.4507,1.2188
2026-05-21 09:10:00+00:00,0.5495,0.4505,1.2198
2026-05-21 09:15:00+00:00,0.5497,0.4503,1.2207
2026-05-21 09:20:00+00:00,0.5499,0.4501,1.2217
2026-05-21 09:25:00+00:00,0.5501,0.4499,1.2227
2026-05-21 09:30:00+00:00,0.5496,0.4504,1.2202
2026-05-21 09:35:00+00:00,0.549,0.451,1.2173
2026-05-21 09:40:00+00:00,0.5491,0.4509,1.2178
2026-05-21 09:45:00+00:00,0.5496,0.4504,1.2202
2026-05-21 09:50:00+00:00,0.5508,0.4492,1.2262
2026-05-21 09:55:00+00:00,0.551,0.449,1.2272
2026-05-21 10:00:00+00:00,0.5521,0.4479,1.2326
2026-05-21 10:05:00+00:00,0.5536,0.4464,1.2401
2026-05-21 10:10:00+00:00,0.5541,0.4459,1.2427
2026-05-21 10:15:00+00:00,0.5545,0.4455,1.2447
2026-05-21 10:20:00+00:00,0.5549,0.4451,1.2467
2026-05-21 10:25:00+00:00,0.5553,0.4447,1.2487
2026-05-21 10:30:00+00:00,0.5586,0.4414,1.2655
2026-05-21 10:35:00+00:00,0.5598,0.4402,1.2717
2026-05-21 10:40:00+00:00,0.5606,0.4394,1.2758
2026-05-21 10:45:00+00:00,0.5614,0.4386,1.28
2026-05-21 10:50:00+00:00,0.5625,0.4375,1.2857
2026-05-21 10:55:00+00:00,0.5633,0.4367,1.2899
2026-05-21 11:00:00+00:00,0.5638,0.4362,1.2925
2026-05-21 11:05:00+00:00,0.565,0.435,1.2989
2026-05-21 11:10:00+00:00,0.5643,0.4357,1.2952
2026-05-21 11:15:00+00:00,0.5654,0.4346,1.301
2026-05-21 11:20:00+00:00,0.5665,0.4335,1.3068
2026-05-21 11:25:00+00:00,0.5669,0.4331,1.3089
2026-05-21 11:30:00+00:00,0.5671,0.4329,1.31
2026-05-21 11:35:00+00:00,0.5673,0.4327,1.3111
2026-05-21 11:40:00+00:00,0.5673,0.4327,1.3111
2026-05-21 11:45:00+00:00,0.5675,0.4325,1.3121
2026-05-21 11:50:00+00:00,0.5678,0.4322,1.3137
2026-05-21 11:55:00+00:00,0.5679,0.4321,1.3143
2026-05-21 12:00:00+00:00,0.568,0.432,1.3148
2026-05-21 12:05:00+00:00,0.5678,0.4322,1.3137
2026-05-21 12:10:00+00:00,0.568,0.432,1.3148
2026-05-21 12:15:00+00:00,0.5679,0.4321,1.3143
2026-05-21 12:20:00+00:00,0.5681,0.4319,1.3154
2026-05-21 12:25:00+00:00,0.5669,0.4331,1.3089
2026-05-21 12:30:00+00:00,0.5669,0.4331,1.3089
2026-05-21 12:35:00+00:00,0.5677,0.4323,1.3132
2026-05-21 12:40:00+00:00,0.5692,0.4308,1.3213
2026-05-21 12:45:00+00:00,0.5696,0.4304,1.3234
2026-05-21 12:50:00+00:00,0.5704,0.4296,1.3277
2026-05-21 12:55:00+00:00,0.5705,0.4295,1.3283
2026-05-21 13:00:00+00:00,0.5708,0.4292,1.3299
2026-05-21 13:05:00+00:00,0.571,0.429,1.331
2026-05-21 13:10:00+00:00,0.5713,0.4287,1.3326
2026-05-21 13:15:00+00:00,0.5715,0.4285,1.3337
2026-05-21 13:20:00+00:00,0.5712,0.4288,1.3321
2026-05-21 13:25:00+00:00,0.5714,0.4286,1.3332
2026-05-21 13:30:00+00:00,0.5715,0.4285,1.3337
2026-05-21 13:35:00+00:00,0.5718,0.4282,1.3354
2026-05-21 13:40:00+00:00,0.5693,0.4307,1.3218
2026-05-21 13:45:00+00:00,0.5701,0.4299,1.3261
2026-05-21 13:50:00+00:00,0.5717,0.4283,1.3348
2026-05-21 13:55:00+00:00,0.5724,0.4276,1.3386
2026-05-21 14:00:00+00:00,0.5725,0.4275,1.3392
2026-05-21 14:05:00+00:00,0.573,0.427,1.3419
2026-05-21 14:10:00+00:00,0.5725,0.4275,1.3392
2026-05-21 14:15:00+00:00,0.5722,0.4278,1.3375
2026-05-21 14:20:00+00:00,0.5717,0.4283,1.3348
2026-05-21 14:25:00+00:00,0.5727,0.4273,1.3403
2026-05-21 14:30:00+00:00,0.573,0.427,1.3419
2026-05-21 14:35:00+00:00,0.5732,0.4268,1.343
2026-05-21 14:40:00+00:00,0.5735,0.4265,1.3447
2026-05-21 14:45:00+00:00,0.5732,0.4268,1.343
2026-05-21 14:50:00+00:00,0.5732,0.4268,1.343
2026-05-21 14:55:00+00:00,0.5732,0.4268,1.343
2026-05-21 15:00:00+00:00,0.5733,0.4267,1.3436
2026-05-21 15:05:00+00:00,0.5736,0.4264,1.3452
2026-05-21 15:10:00+00:00,0.5738,0.4262,1.3463
2026-05-21 15:15:00+00:00,0.5738,0.4262,1.3463
2026-05-21 15:20:00+00:00,0.5743,0.4257,1.3491
2026-05-21 15:25:00+00:00,0.5749,0.4251,1.3524
2026-05-21 15:30:00+00:00,0.5748,0.4252,1.3518
2026-05-21 15:35:00+00:00,0.5747,0.4253,1.3513
2026-05-21 15:40:00+00:00,0.5747,0.4253,1.3513
2026-05-21 15:45:00+00:00,0.5745,0.4255,1.3502
2026-05-21 15:50:00+00:00,0.5746,0.4254,1.3507
2026-05-21 15:55:00+00:00,0.5743,0.4257,1.3491
2026-05-21 16:00:00+00:00,0.5742,0.4258,1.3485
2026-05-21 16:05:00+00:00,0.5743,0.4257,1.3491
2026-05-21 16:10:00+00:00,0.5743,0.4257,1.3491
2026-05-21 16:15:00+00:00,0.5745,0.4255,1.3502
2026-05-21 16:20:00+00:00,0.5744,0.4256,1.3496
2026-05-21 16:25:00+00:00,0.5742,0.4258,1.3485
2026-05-21 16:30:00+00:00,0.5743,0.4257,1.3491
2026-05-21 16:35:00+00:00,0.5745,0.4255,1.3502
2026-05-21 16:40:00+00:00,0.5746,0.4254,1.3507
2026-05-21 16:45:00+00:00,0.5745,0.4255,1.3502
2026-05-21 16:50:00+00:00,0.5744,0.4256,1.3496
2026-05-21 16:55:00+00:00,0.5743,0.4257,1.3491
2026-05-21 17:00:00+00:00,0.5748,0.4252,1.3518
2026-05-21 17:05:00+00:00,0.5746,0.4254,1.3507
2026-05-21 17:10:00+00:00,0.5746,0.4254,1.3507
2026-05-21 17:15:00+00:00,0.5736,0.4264,1.3452
2026-05-21 17:20:00+00:00,0.57,0.43,1.3256
2026-05-21 17:25:00+00:00,0.5515,0.4485,1.2297
2026-05-21 17:30:00+00:00,0.5457,0.4543,1.2012
2026-05-21 17:35:00+00:00,0.5412,0.4588,1.1796
2026-05-21 17:40:00+00:00,0.5397,0.4603,1.1725
2026-05-21 17:45:00+00:00,0.5384,0.4616,1.1664
2026-05-21 17:50:00+00:00,0.537,0.463,1.1598
2026-05-21 17:55:00+00:00,0.5333,0.4667,1.1427
2026-05-21 18:00:00+00:00,0.533,0.467,1.1413
2026-05-21 18:05:00+00:00,0.5327,0.4673,1.14
2026-05-21 18:10:00+00:00,0.5439,0.4561,1.1925
2026-05-21 18:15:00+00:00,0.5533,0.4467,1.2386
2026-05-21 18:20:00+00:00,0.5535,0.4465,1.2396
2026-05-21 18:25:00+00:00,0.5537,0.4463,1.2406
2026-05-21 18:30:00+00:00,0.5535,0.4465,1.2396
2026-05-21 18:35:00+00:00,0.5537,0.4463,1.2406
2026-05-21 18:40:00+00:00,0.5538,0.4462,1.2411
2026-05-21 18:45:00+00:00,0.5537,0.4463,1.2406
2026-05-21 18:50:00+00:00,0.5579,0.4421,1.2619
2026-05-21 18:55:00+00:00,0.56,0.44,1.2727
2026-05-21 19:00:00+00:00,0.5611,0.4389,1.2784
2026-05-21 19:05:00+00:00,0.5621,0.4379,1.2836
2026-05-21 19:10:00+00:00,0.5624,0.4376,1.2852
2026-05-21 19:15:00+00:00,0.5625,0.4375,1.2857
2026-05-21 19:20:00+00:00,0.5623,0.4377,1.2847
2026-05-21 19:25:00+00:00,0.5624,0.4376,1.2852
2026-05-21 19:30:00+00:00,0.5622,0.4378,1.2841
2026-05-21 19:35:00+00:00,0.562,0.438,1.2831
2026-05-21 19:40:00+00:00,0.5622,0.4378,1.2841
2026-05-21 19:45:00+00:00,0.5622,0.4378,1.2841
2026-05-21 19:50:00+00:00,0.5622,0.4378,1.2841
2026-05-21 19:55:00+00:00,0.5619,0.4381,1.2826
2026-05-21 20:00:00+00:00,0.5615,0.4385,1.2805
2026-05-21 20:05:00+00:00,0.5613,0.4387,1.2795
2026-05-21 20:10:00+00:00,0.5611,0.4389,1.2784
2026-05-21 20:15:00+00:00,0.5613,0.4387,1.2795
2026-05-21 20:20:00+00:00,0.5611,0.4389,1.2784
2026-05-21 20:25:00+00:00,0.5611,0.4389,1.2784
2026-05-21 20:30:00+00:00,0.5609,0.4391,1.2774
2026-05-21 20:35:00+00:00,0.5577,0.4423,1.2609
2026-05-21 20:40:00+00:00,0.5575,0.4425,1.2599
2026-05-21 20:45:00+00:00,0.557,0.443,1.2573
2026-05-21 20:50:00+00:00,0.5569,0.4431,1.2568
2026-05-21 20:55:00+00:00,0.5567,0.4433,1.2558
2026-05-21 21:00:00+00:00,0.5566,0.4434,1.2553
2026-05-21 21:05:00+00:00,0.5564,0.4436,1.2543
2026-05-21 21:10:00+00:00,0.5565,0.4435,1.2548
2026-05-21 21:15:00+00:00,0.5566,0.4434,1.2553
2026-05-21 21:20:00+00:00,0.5565,0.4435,1.2548
2026-05-21 21:25:00+00:00,0.5564,0.4436,1.2543
2026-05-21 21:30:00+00:00,0.5558,0.4442,1.2512
2026-05-21 21:35:00+00:00,0.5558,0.4442,1.2512
2026-05-21 21:40:00+00:00,0.5558,0.4442,1.2512
2026-05-21 21:45:00+00:00,0.5551,0.4449,1.2477
2026-05-21 21:50:00+00:00,0.5552,0.4448,1.2482
2026-05-21 21:55:00+00:00,0.555,0.445,1.2472
2026-05-21 22:00:00+00:00,0.5548,0.4452,1.2462
2026-05-21 22:05:00+00:00,0.5546,0.4454,1.2452
2026-05-21 22:10:00+00:00,0.5544,0.4456,1.2442
2026-05-21 22:15:00+00:00,0.5543,0.4457,1.2437
2026-05-21 22:20:00+00:00,0.5542,0.4458,1.2432
2026-05-21 22:25:00+00:00,0.5542,0.4458,1.2432
2026-05-21 22:30:00+00:00,0.5542,0.4458,1.2432
2026-05-21 22:35:00+00:00,0.5542,0.4458,1.2432
2026-05-21 22:40:00+00:00,0.554,0.446,1.2422
2026-05-21 22:45:00+00:00,0.5539,0.4461,1.2416
2026-05-21 22:50:00+00:00,0.5538,0.4462,1.2411
2026-05-21 22:55:00+00:00,0.5536,0.4464,1.2401
2026-05-21 23:00:00+00:00,0.5535,0.4465,1.2396
2026-05-21 23:05:00+00:00,0.5534,0.4466,1.2391
2026-05-21 23:10:00+00:00,0.5537,0.4463,1.2406
2026-05-21 23:15:00+00:00,0.5539,0.4461,1.2416
2026-05-21 23:20:00+00:00,0.5537,0.4463,1.2406
2026-05-21 23:25:00+00:00,0.5536,0.4464,1.2401
2026-05-21 23:30:00+00:00,0.5535,0.4465,1.2396
2026-05-21 23:35:00+00:00,0.5536,0.4464,1.2401
2026-05-21 23:40:00+00:00,0.5537,0.4463,1.2406
2026-05-21 23:45:00+00:00,0.5539,0.4461,1.2416
2026-05-21 23:50:00+00:00,0.5537,0.4463,1.2406
2026-05-21 23:55:00+00:00,0.5534,0.4466,1.2391
2026-05-22 00:00:00+00:00,0.5535,0.4465,1.2396
2026-05-22 00:05:00+00:00,0.5533,0.4467,1.2386
2026-05-22 00:10:00+00:00,0.5531,0.4469,1.2376
2026-05-22 00:15:00+00:00,0.5525,0.4475,1.2346
2026-05-22 00:20:00+00:00,0.5527,0.4473,1.2356
2026-05-22 00:25:00+00:00,0.5528,0.4472,1.2361
2026-05-22 00:30:00+00:00,0.5528,0.4472,1.2361
2026-05-22 00:35:00+00:00,0.553,0.447,1.2371
2026-05-22 00:40:00+00:00,0.5529,0.4471,1.2366
2026-05-22 00:45:00+00:00,0.5528,0.4472,1.2361
2026-05-22 00:50:00+00:00,0.553,0.447,1.2371
2026-05-22 00:55:00+00:00,0.5528,0.4472,1.2361
2026-05-22 01:00:00+00:00,0.5527,0.4473,1.2356
2026-05-22 01:05:00+00:00,0.5523,0.4477,1.2336
2026-05-22 01:10:00+00:00,0.5522,0.4478,1.2331
2026-05-22 01:15:00+00:00,0.5525,0.4475,1.2346
2026-05-22 01:20:00+00:00,0.5521,0.4479,1.2326
2026-05-22 01:25:00+00:00,0.5555,0.4445,1.2497
2026-05-22 01:30:00+00:00,0.5556,0.4444,1.2502
2026-05-22 01:35:00+00:00,0.5558,0.4442,1.2512
2026-05-22 01:40:00+00:00,0.5557,0.4443,1.2507
2026-05-22 01:45:00+00:00,0.5558,0.4442,1.2512
2026-05-22 01:50:00+00:00,0.5565,0.4435,1.2548
2026-05-22 01:55:00+00:00,0.5566,0.4434,1.2553
2026-05-22 02:00:00+00:00,0.5567,0.4433,1.2558
2026-05-22 02:05:00+00:00,0.5569,0.4431,1.2568
2026-05-22 02:10:00+00:00,0.557,0.443,1.2573
2026-05-22 02:15:00+00:00,0.5571,0.4429,1.2578
2026-05-22 02:20:00+00:00,0.5573,0.4427,1.2589
2026-05-22 02:25:00+00:00,0.5585,0.4415,1.265
2026-05-22 02:30:00+00:00,0.5583,0.4417,1.264
2026-05-22 02:35:00+00:00,0.5584,0.4416,1.2645
2026-05-22 02:40:00+00:00,0.5582,0.4418,1.2635
2026-05-22 02:45:00+00:00,0.5582,0.4418,1.2635
2026-05-22 02:50:00+00:00,0.5582,0.4418,1.2635
2026-05-22 02:55:00+00:00,0.5581,0.4419,1.263
2026-05-22 03:00:00+00:00,0.558,0.442,1.2624
2026-05-22 03:05:00+00:00,0.5571,0.4429,1.2578
2026-05-22 03:10:00+00:00,0.5569,0.4431,1.2568
2026-05-22 03:15:00+00:00,0.5568,0.4432,1.2563
2026-05-22 03:20:00+00:00,0.5566,0.4434,1.2553
2026-05-22 03:25:00+00:00,0.5565,0.4435,1.2548
2026-05-22 03:30:00+00:00,0.5563,0.4437,1.2538
2026-05-22 03:35:00+00:00,0.5564,0.4436,1.2543
2026-05-22 03:40:00+00:00,0.5563,0.4437,1.2538
2026-05-22 03:45:00+00:00,0.556,0.444,1.2523
2026-05-22 03:50:00+00:00,0.5559,0.4441,1.2517
2026-05-22 03:55:00+00:00,0.5557,0.4443,1.2507
2026-05-22 04:00:00+00:00,0.5556,0.4444,1.2502
2026-05-22 04:05:00+00:00,0.5557,0.4443,1.2507
2026-05-22 04:10:00+00:00,0.5559,0.4441,1.2517
2026-05-22 04:15:00+00:00,0.556,0.444,1.2523
2026-05-22 04:20:00+00:00,0.5556,0.4444,1.2502
2026-05-22 04:25:00+00:00,0.5551,0.4449,1.2477
2026-05-22 04:30:00+00:00,0.5546,0.4454,1.2452
2026-05-22 04:35:00+00:00,0.5543,0.4457,1.2437
2026-05-22 04:40:00+00:00,0.5536,0.4464,1.2401
2026-05-22 04:45:00+00:00,0.5534,0.4466,1.2391
2026-05-22 04:50:00+00:00,0.5534,0.4466,1.2391
2026-05-22 04:55:00+00:00,0.5535,0.4465,1.2396
2026-05-22 05:00:00+00:00,0.5534,0.4466,1.2391
2026-05-22 05:05:00+00:00,0.5533,0.4467,1.2386
2026-05-22 05:10:00+00:00,0.5534,0.4466,1.2391
2026-05-22 05:15:00+00:00,0.5536,0.4464,1.2401
2026-05-22 05:20:00+00:00,0.5537,0.4463,1.2406
2026-05-22 05:25:00+00:00,0.5534,0.4466,1.2391
2026-05-22 05:30:00+00:00,0.5535,0.4465,1.2396
2026-05-22 05:35:00+00:00,0.5534,0.4466,1.2391
2026-05-22 05:40:00+00:00,0.5532,0.4468,1.2381
2026-05-22 05:45:00+00:00,0.554,0.446,1.2422
2026-05-22 05:50:00+00:00,0.5542,0.4458,1.2432
2026-05-22 05:55:00+00:00,0.5544,0.4456,1.2442
2026-05-22 06:00:00+00:00,0.557,0.443,1.2573
2026-05-22 06:05:00+00:00,0.5577,0.4423,1.2609
2026-05-22 06:10:00+00:00,0.5581,0.4419,1.263
2026-05-22 06:15:00+00:00,0.5588,0.4412,1.2665
2026-05-22 06:20:00+00:00,0.5589,0.4411,1.2671
2026-05-22 06:25:00+00:00,0.559,0.441,1.2676
2026-05-22 06:30:00+00:00,0.5589,0.4411,1.2671
2026-05-22 06:35:00+00:00,0.559,0.441,1.2676
2026-05-22 06:40:00+00:00,0.559,0.441,1.2676
2026-05-22 06:45:00+00:00,0.5586,0.4414,1.2655
2026-05-22 06:50:00+00:00,0.5594,0.4406,1.2696
2026-05-22 06:55:00+00:00,0.5601,0.4399,1.2732
2026-05-22 07:00:00+00:00,0.5606,0.4394,1.2758
2026-05-22 07:05:00+00:00,0.5615,0.4385,1.2805
2026-05-22 07:10:00+00:00,0.5623,0.4377,1.2847
2026-05-22 07:15:00+00:00,0.5627,0.4373,1.2868
2026-05-22 07:20:00+00:00,0.5633,0.4367,1.2899
2026-05-22 07:25:00+00:00,0.5636,0.4364,1.2915
2026-05-22 07:30:00+00:00,0.5638,0.4362,1.2925
2026-05-22 07:35:00+00:00,0.564,0.436,1.2936
2026-05-22 07:40:00+00:00,0.564,0.436,1.2936
2026-05-22 07:45:00+00:00,0.5642,0.4358,1.2946
2026-05-22 07:50:00+00:00,0.5641,0.4359,1.2941
2026-05-22 07:55:00+00:00,0.5641,0.4359,1.2941
2026-05-22 08:00:00+00:00,0.5642,0.4358,1.2946
2026-05-22 08:05:00+00:00,0.5642,0.4358,1.2946
2026-05-22 08:10:00+00:00,0.5639,0.4361,1.2931
2026-05-22 08:15:00+00:00,0.5641,0.4359,1.2941
2026-05-22 08:20:00+00:00,0.5643,0.4357,1.2952
2026-05-22 08:25:00+00:00,0.5644,0.4356,1.2957
2026-05-22 08:30:00+00:00,0.5646,0.4354,1.2967
2026-05-22 08:35:00+00:00,0.565,0.435,1.2989
2026-05-22 08:40:00+00:00,0.5645,0.4355,1.2962
2026-05-22 08:45:00+00:00,0.5646,0.4354,1.2967
2026-05-22 08:50:00+00:00,0.5648,0.4352,1.2978
2026-05-22 08:55:00+00:00,0.5649,0.4351,1.2983
2026-05-22 09:00:00+00:00,0.565,0.435,1.2989
2026-05-22 09:05:00+00:00,0.5654,0.4346,1.301
2026-05-22 09:10:00+00:00,0.5657,0.4343,1.3026
2026-05-22 09:15:00+00:00,0.5657,0.4343,1.3026
2026-05-22 09:20:00+00:00,0.5659,0.4341,1.3036
2026-05-22 09:25:00+00:00,0.5663,0.4337,1.3057
2026-05-22 09:30:00+00:00,0.5668,0.4332,1.3084
2026-05-22 09:35:00+00:00,0.5668,0.4332,1.3084
2026-05-22 09:40:00+00:00,0.5668,0.4332,1.3084
2026-05-22 09:45:00+00:00,0.5674,0.4326,1.3116
2026-05-22 09:50:00+00:00,0.5673,0.4327,1.3111
2026-05-22 09:55:00+00:00,0.5679,0.4321,1.3143
2026-05-22 10:00:00+00:00,0.568,0.432,1.3148
2026-05-22 10:05:00+00:00,0.5682,0.4318,1.3159
2026-05-22 10:10:00+00:00,0.5686,0.4314,1.318
2026-05-22 10:15:00+00:00,0.5688,0.4312,1.3191
2026-05-22 10:20:00+00:00,0.5686,0.4314,1.318
2026-05-22 10:25:00+00:00,0.5685,0.4315,1.3175
2026-05-22 10:30:00+00:00,0.5687,0.4313,1.3186
2026-05-22 10:35:00+00:00,0.569,0.431,1.3202
2026-05-22 10:40:00+00:00,0.5691,0.4309,1.3207
2026-05-22 10:45:00+00:00,0.5691,0.4309,1.3207
2026-05-22 10:50:00+00:00,0.5693,0.4307,1.3218
2026-05-22 10:55:00+00:00,0.5693,0.4307,1.3218
2026-05-22 11:00:00+00:00,0.5692,0.4308,1.3213
2026-05-22 11:05:00+00:00,0.5693,0.4307,1.3218
2026-05-22 11:10:00+00:00,0.5695,0.4305,1.3229
2026-05-22 11:15:00+00:00,0.5695,0.4305,1.3229
2026-05-22 11:20:00+00:00,0.5692,0.4308,1.3213
2026-05-22 11:25:00+00:00,0.5687,0.4313,1.3186
2026-05-22 11:30:00+00:00,0.569,0.431,1.3202
2026-05-22 11:35:00+00:00,0.5693,0.4307,1.3218
2026-05-22 11:40:00+00:00,0.5696,0.4304,1.3234
2026-05-22 11:45:00+00:00,0.5698,0.4302,1.3245
2026-05-22 11:50:00+00:00,0.5705,0.4295,1.3283
2026-05-22 11:55:00+00:00,0.5712,0.4288,1.3321
2026-05-22 12:00:00+00:00,0.5714,0.4286,1.3332
2026-05-22 12:05:00+00:00,0.5717,0.4283,1.3348
2026-05-22 12:10:00+00:00,0.5722,0.4278,1.3375
2026-05-22 12:15:00+00:00,0.5722,0.4278,1.3375
2026-05-22 12:20:00+00:00,0.572,0.428,1.3364
2026-05-22 12:25:00+00:00,0.5718,0.4282,1.3354
2026-05-22 12:30:00+00:00,0.5715,0.4285,1.3337
2026-05-22 12:35:00+00:00,0.571,0.429,1.331
2026-05-22 12:40:00+00:00,0.5711,0.4289,1.3315
2026-05-22 12:45:00+00:00,0.5711,0.4289,1.3315
2026-05-22 12:50:00+00:00,0.5711,0.4289,1.3315
2026-05-22 12:55:00+00:00,0.5712,0.4288,1.3321
2026-05-22 13:00:00+00:00,0.5711,0.4289,1.3315
2026-05-22 13:05:00+00:00,0.571,0.429,1.331
2026-05-22 13:10:00+00:00,0.5705,0.4295,1.3283
2026-05-22 13:15:00+00:00,0.5697,0.4303,1.324
2026-05-22 13:20:00+00:00,0.5698,0.4302,1.3245
2026-05-22 13:25:00+00:00,0.5695,0.4305,1.3229
2026-05-22 13:30:00+00:00,0.569,0.431,1.3202
2026-05-22 13:35:00+00:00,0.5695,0.4305,1.3229
2026-05-22 13:40:00+00:00,0.5701,0.4299,1.3261
2026-05-22 13:45:00+00:00,0.5706,0.4294,1.3288
2026-05-22 13:50:00+00:00,0.5707,0.4293,1.3294
2026-05-22 13:55:00+00:00,0.571,0.429,1.331
2026-05-22 14:00:00+00:00,0.5712,0.4288,1.3321
2026-05-22 14:05:00+00:00,0.5713,0.4287,1.3326
2026-05-22 14:10:00+00:00,0.5712,0.4288,1.3321
2026-05-22 14:15:00+00:00,0.5684,0.4316,1.317
2026-05-22 14:20:00+00:00,0.5686,0.4314,1.318
2026-05-22 14:25:00+00:00,0.57,0.43,1.3256
2026-05-22 14:30:00+00:00,0.5729,0.4271,1.3414
2026-05-22 14:35:00+00:00,0.5747,0.4253,1.3513
2026-05-22 14:40:00+00:00,0.5756,0.4244,1.3563
2026-05-22 14:45:00+00:00,0.5755,0.4245,1.3557
2026-05-22 14:50:00+00:00,0.5772,0.4228,1.3652
2026-05-22 14:55:00+00:00,0.578,0.422,1.3697
2026-05-22 15:00:00+00:00,0.5792,0.4208,1.3764
2026-05-22 15:05:00+00:00,0.5802,0.4198,1.3821
2026-05-22 15:10:00+00:00,0.5819,0.4181,1.3918
2026-05-22 15:15:00+00:00,0.5826,0.4174,1.3958
2026-05-22 15:20:00+00:00,0.5834,0.4166,1.4004
2026-05-22 15:25:00+00:00,0.5835,0.4165,1.401
2026-05-22 15:30:00+00:00,0.5843,0.4157,1.4056
2026-05-22 15:35:00+00:00,0.5851,0.4149,1.4102
2026-05-22 15:40:00+00:00,0.5852,0.4148,1.4108
2026-05-22 15:45:00+00:00,0.5863,0.4137,1.4172
2026-05-22 15:50:00+00:00,0.5869,0.4131,1.4207
2026-05-22 15:55:00+00:00,0.5875,0.4125,1.4242
2026-05-22 16:00:00+00:00,0.5878,0.4122,1.426
2026-05-22 16:05:00+00:00,0.5879,0.4121,1.4266
2026-05-22 16:10:00+00:00,0.5878,0.4122,1.426
2026-05-22 16:15:00+00:00,0.5885,0.4115,1.4301
2026-05-22 16:20:00+00:00,0.5887,0.4113,1.4313
2026-05-22 16:25:00+00:00,0.5889,0.4111,1.4325
2026-05-22 16:30:00+00:00,0.5891,0.4109,1.4337
2026-05-22 16:35:00+00:00,0.5894,0.4106,1.4355
2026-05-22 16:40:00+00:00,0.5893,0.4107,1.4349
2026-05-22 16:45:00+00:00,0.5894,0.4106,1.4355
2026-05-22 16:50:00+00:00,0.5893,0.4107,1.4349
2026-05-22 16:55:00+00:00,0.5896,0.4104,1.4366
2026-05-22 17:00:00+00:00,0.5897,0.4103,1.4372
2026-05-22 17:05:00+00:00,0.5899,0.4101,1.4384
2026-05-22 17:10:00+00:00,0.5898,0.4102,1.4378
2026-05-22 17:15:00+00:00,0.5895,0.4105,1.4361
2026-05-22 17:20:00+00:00,0.5896,0.4104,1.4366
2026-05-22 17:25:00+00:00,0.589,0.411,1.4331
2026-05-22 17:30:00+00:00,0.5887,0.4113,1.4313
2026-05-22 17:35:00+00:00,0.5876,0.4124,1.4248
2026-05-22 17:40:00+00:00,0.5876,0.4124,1.4248
2026-05-22 17:45:00+00:00,0.5876,0.4124,1.4248
2026-05-22 17:50:00+00:00,0.5884,0.4116,1.4295
2026-05-22 17:55:00+00:00,0.5883,0.4117,1.429
2026-05-22 18:00:00+00:00,0.5881,0.4119,1.4278
2026-05-22 18:05:00+00:00,0.5878,0.4122,1.426
2026-05-22 18:10:00+00:00,0.588,0.412,1.4272
2026-05-22 18:15:00+00:00,0.5883,0.4117,1.429
2026-05-22 18:20:00+00:00,0.5885,0.4115,1.4301
2026-05-22 18:25:00+00:00,0.5885,0.4115,1.4301
2026-05-22 18:30:00+00:00,0.5886,0.4114,1.4307
2026-05-22 18:35:00+00:00,0.5884,0.4116,1.4295
2026-05-22 18:40:00+00:00,0.5914,0.4086,1.4474
2026-05-22 18:45:00+00:00,0.5915,0.4085,1.448
2026-05-22 18:50:00+00:00,0.5927,0.4073,1.4552
2026-05-22 18:55:00+00:00,0.5932,0.4068,1.4582
2026-05-22 19:00:00+00:00,0.5927,0.4073,1.4552
2026-05-22 19:05:00+00:00,0.5926,0.4074,1.4546
2026-05-22 19:10:00+00:00,0.593,0.407,1.457
2026-05-22 19:15:00+00:00,0.5939,0.4061,1.4624
2026-05-22 19:20:00+00:00,0.5948,0.4052,1.4679
2026-05-22 19:25:00+00:00,0.596,0.404,1.4752
2026-05-22 19:30:00+00:00,0.5981,0.4019,1.4882
2026-05-22 19:35:00+00:00,0.5952,0.4048,1.4704
2026-05-22 19:40:00+00:00,0.5965,0.4035,1.4783
2026-05-22 19:45:00+00:00,0.6005,0.3995,1.5031
2026-05-22 19:50:00+00:00,0.6014,0.3986,1.5088
2026-05-22 19:55:00+00:00,0.6017,0.3983,1.5107
2026-05-22 20:00:00+00:00,0.6021,0.3979,1.5132
2026-05-22 20:05:00+00:00,0.6025,0.3975,1.5157
2026-05-22 20:10:00+00:00,0.6031,0.3969,1.5195
2026-05-22 20:15:00+00:00,0.6037,0.3963,1.5233
2026-05-22 20:20:00+00:00,0.6039,0.3961,1.5246
2026-05-22 20:25:00+00:00,0.6039,0.3961,1.5246
2026-05-22 20:30:00+00:00,0.6041,0.3959,1.5259
2026-05-22 20:35:00+00:00,0.6039,0.3961,1.5246
2026-05-22 20:40:00+00:00,0.604,0.396,1.5253
2026-05-22 20:45:00+00:00,0.6028,0.3972,1.5176
2026-05-22 20:50:00+00:00,0.6027,0.3973,1.517
2026-05-22 20:55:00+00:00,0.6035,0.3965,1.5221
2026-05-22 21:00:00+00:00,0.5998,0.4002,1.4988
2026-05-22 21:05:00+00:00,0.5998,0.4002,1.4988
2026-05-22 21:10:00+00:00,0.6,0.4,1.5
2026-05-22 21:15:00+00:00,0.6001,0.3999,1.5006
2026-05-22 21:20:00+00:00,0.6002,0.3998,1.5013
2026-05-22 21:25:00+00:00,0.6003,0.3997,1.5019
2026-05-22 21:30:00+00:00,0.6004,0.3996,1.5025
2026-05-22 21:35:00+00:00,0.6008,0.3992,1.505
2026-05-22 21:40:00+00:00,0.6011,0.3989,1.5069
2026-05-22 21:45:00+00:00,0.6009,0.3991,1.5056
2026-05-22 21:50:00+00:00,0.6011,0.3989,1.5069
2026-05-22 21:55:00+00:00,0.6012,0.3988,1.5075
2026-05-22 22:00:00+00:00,0.6011,0.3989,1.5069
2026-05-22 22:05:00+00:00,0.6011,0.3989,1.5069
2026-05-22 22:10:00+00:00,0.6009,0.3991,1.5056
2026-05-22 22:15:00+00:00,0.6007,0.3993,1.5044
2026-05-22 22:20:00+00:00,0.6007,0.3993,1.5044
2026-05-22 22:25:00+00:00,0.6004,0.3996,1.5025
2026-05-22 22:30:00+00:00,0.5997,0.4003,1.4981
2026-05-22 22:35:00+00:00,0.6002,0.3998,1.5013
2026-05-22 22:40:00+00:00,0.6002,0.3998,1.5013
2026-05-22 22:45:00+00:00,0.6,0.4,1.5
2026-05-22 22:50:00+00:00,0.6009,0.3991,1.5056
2026-05-22 22:55:00+00:00,0.6014,0.3986,1.5088
2026-05-22 23:00:00+00:00,0.6016,0.3984,1.51
2026-05-22 23:05:00+00:00,0.6023,0.3977,1.5145
2026-05-22 23:10:00+00:00,0.6027,0.3973,1.517
2026-05-22 23:15:00+00:00,0.6032,0.3968,1.5202
2026-05-22 23:20:00+00:00,0.6032,0.3968,1.5202
2026-05-22 23:25:00+00:00,0.6029,0.3971,1.5183
2026-05-22 23:30:00+00:00,0.603,0.397,1.5189
2026-05-22 23:35:00+00:00,0.6032,0.3968,1.5202
2026-05-22 23:40:00+00:00,0.6036,0.3964,1.5227
2026-05-22 23:45:00+00:00,0.604,0.396,1.5253
2026-05-22 23:50:00+00:00,0.601,0.399,1.5063
2026-05-22 23:55:00+00:00,0.6013,0.3987,1.5082
2026-05-23 00:00:00+00:00,0.6013,0.3987,1.5082
2026-05-23 00:05:00+00:00,0.5996,0.4004,1.4975
2026-05-23 00:10:00+00:00,0.6,0.4,1.5
2026-05-23 00:15:00+00:00,0.5996,0.4004,1.4975
2026-05-23 00:20:00+00:00,0.5995,0.4005,1.4969
2026-05-23 00:25:00+00:00,0.5989,0.4011,1.4931
2026-05-23 00:30:00+00:00,0.5993,0.4007,1.4956
2026-05-23 00:35:00+00:00,0.5989,0.4011,1.4931
2026-05-23 00:40:00+00:00,0.5986,0.4014,1.4913
2026-05-23 00:45:00+00:00,0.5978,0.4022,1.4863
2026-05-23 00:50:00+00:00,0.5988,0.4012,1.4925
2026-05-23 00:55:00+00:00,0.5995,0.4005,1.4969
2026-05-23 01:00:00+00:00,0.6,0.4,1.5
2026-05-23 01:05:00+00:00,0.6008,0.3992,1.505
2026-05-23 01:10:00+00:00,0.6014,0.3986,1.5088
2026-05-23 01:15:00+00:00,0.6015,0.3985,1.5094
2026-05-23 01:20:00+00:00,0.6017,0.3983,1.5107
2026-05-23 01:25:00+00:00,0.6022,0.3978,1.5138
2026-05-23 01:30:00+00:00,0.6023,0.3977,1.5145
2026-05-23 01:35:00+00:00,0.603,0.397,1.5189
2026-05-23 01:40:00+00:00,0.6033,0.3967,1.5208
2026-05-23 01:45:00+00:00,0.6035,0.3965,1.5221
2026-05-23 01:50:00+00:00,0.6036,0.3964,1.5227
2026-05-23 01:55:00+00:00,0.6035,0.3965,1.5221
2026-05-23 02:00:00+00:00,0.6037,0.3963,1.5233
2026-05-23 02:05:00+00:00,0.604,0.396,1.5253
2026-05-23 02:10:00+00:00,0.604,0.396,1.5253
2026-05-23 02:15:00+00:00,0.6045,0.3955,1.5284
2026-05-23 02:20:00+00:00,0.6048,0.3952,1.5304
2026-05-23 02:25:00+00:00,0.6049,0.3951,1.531
2026-05-23 02:30:00+00:00,0.6052,0.3948,1.5329
2026-05-23 02:35:00+00:00,0.6052,0.3948,1.5329
2026-05-23 02:40:00+00:00,0.6053,0.3947,1.5336
2026-05-23 02:45:00+00:00,0.6056,0.3944,1.5355
2026-05-23 02:50:00+00:00,0.6058,0.3942,1.5368
2026-05-23 02:55:00+00:00,0.6065,0.3935,1.5413
2026-05-23 03:00:00+00:00,0.6071,0.3929,1.5452
2026-05-23 03:05:00+00:00,0.6078,0.3922,1.5497
2026-05-23 03:10:00+00:00,0.6083,0.3917,1.553
2026-05-23 03:15:00+00:00,0.6089,0.3911,1.5569
2026-05-23 03:20:00+00:00,0.6092,0.3908,1.5589
2026-05-23 03:25:00+00:00,0.6095,0.3905,1.5608
2026-05-23 03:30:00+00:00,0.6096,0.3904,1.5615
2026-05-23 03:35:00+00:00,0.6101,0.3899,1.5648
2026-05-23 03:40:00+00:00,0.6106,0.3894,1.5681
2026-05-23 03:45:00+00:00,0.6109,0.3891,1.57
2026-05-23 03:50:00+00:00,0.6085,0.3915,1.5543
2026-05-23 03:55:00+00:00,0.6088,0.3912,1.5562
2026-05-23 04:00:00+00:00,0.609,0.391,1.5575
2026-05-23 04:05:00+00:00,0.6087,0.3913,1.5556
2026-05-23 04:10:00+00:00,0.6088,0.3912,1.5562
2026-05-23 04:15:00+00:00,0.609,0.391,1.5575
2026-05-23 04:20:00+00:00,0.6089,0.3911,1.5569
2026-05-23 04:25:00+00:00,0.6085,0.3915,1.5543
2026-05-23 04:30:00+00:00,0.6081,0.3919,1.5517
2026-05-23 04:35:00+00:00,0.6083,0.3917,1.553
2026-05-23 04:40:00+00:00,0.608,0.392,1.551
2026-05-23 04:45:00+00:00,0.6076,0.3924,1.5484
2026-05-23 04:50:00+00:00,0.6075,0.3925,1.5478
2026-05-23 04:55:00+00:00,0.6076,0.3924,1.5484
2026-05-23 05:00:00+00:00,0.6072,0.3928,1.5458
2026-05-23 05:05:00+00:00,0.6071,0.3929,1.5452
2026-05-23 05:10:00+00:00,0.607,0.393,1.5445
2026-05-23 05:15:00+00:00,0.6069,0.3931,1.5439
2026-05-23 05:20:00+00:00,0.6069,0.3931,1.5439
2026-05-23 05:25:00+00:00,0.6065,0.3935,1.5413
2026-05-23 05:30:00+00:00,0.6065,0.3935,1.5413
2026-05-23 05:35:00+00:00,0.6087,0.3913,1.5556
2026-05-23 05:40:00+00:00,0.6086,0.3914,1.5549
2026-05-23 05:45:00+00:00,0.6087,0.3913,1.5556
2026-05-23 05:50:00+00:00,0.609,0.391,1.5575
2026-05-23 05:55:00+00:00,0.6088,0.3912,1.5562
2026-05-23 06:00:00+00:00,0.6086,0.3914,1.5549
2026-05-23 06:05:00+00:00,0.6084,0.3916,1.5536
2026-05-23 06:10:00+00:00,0.6085,0.3915,1.5543
2026-05-23 06:15:00+00:00,0.6083,0.3917,1.553
2026-05-23 06:20:00+00:00,0.6084,0.3916,1.5536
2026-05-23 06:25:00+00:00,0.6084,0.3916,1.5536
2026-05-23 06:30:00+00:00,0.608,0.392,1.551
2026-05-23 06:35:00+00:00,0.6082,0.3918,1.5523
2026-05-23 06:40:00+00:00,0.608,0.392,1.551
2026-05-23 06:45:00+00:00,0.6079,0.3921,1.5504
2026-05-23 06:50:00+00:00,0.6076,0.3924,1.5484
2026-05-23 06:55:00+00:00,0.6076,0.3924,1.5484
2026-05-23 07:00:00+00:00,0.6074,0.3926,1.5471
2026-05-23 07:05:00+00:00,0.6076,0.3924,1.5484
2026-05-23 07:10:00+00:00,0.6078,0.3922,1.5497
2026-05-23 07:15:00+00:00,0.6083,0.3917,1.553
2026-05-23 07:20:00+00:00,0.6085,0.3915,1.5543
2026-05-23 07:25:00+00:00,0.6085,0.3915,1.5543
2026-05-23 07:30:00+00:00,0.6081,0.3919,1.5517
2026-05-23 07:35:00+00:00,0.6074,0.3926,1.5471
2026-05-23 07:40:00+00:00,0.6083,0.3917,1.553
2026-05-23 07:45:00+00:00,0.6093,0.3907,1.5595
2026-05-23 07:50:00+00:00,0.6077,0.3923,1.5491
2026-05-23 07:55:00+00:00,0.6148,0.3852,1.5961
2026-05-23 08:00:00+00:00,0.6164,0.3836,1.6069
2026-05-23 08:05:00+00:00,0.6169,0.3831,1.6103
2026-05-23 08:10:00+00:00,0.6171,0.3829,1.6116
2026-05-23 08:15:00+00:00,0.6183,0.3817,1.6199
2026-05-23 08:20:00+00:00,0.6195,0.3805,1.6281
2026-05-23 08:25:00+00:00,0.6187,0.3813,1.6226
2026-05-23 08:30:00+00:00,0.6191,0.3809,1.6254
2026-05-23 08:35:00+00:00,0.6185,0.3815,1.6212
2026-05-23 08:40:00+00:00,0.6178,0.3822,1.6164
2026-05-23 08:45:00+00:00,0.618,0.382,1.6178
2026-05-23 08:50:00+00:00,0.6184,0.3816,1.6205
2026-05-23 08:55:00+00:00,0.619,0.381,1.6247
2026-05-23 09:00:00+00:00,0.6191,0.3809,1.6254
2026-05-23 09:05:00+00:00,0.6189,0.3811,1.624
2026-05-23 09:10:00+00:00,0.6187,0.3813,1.6226
2026-05-23 09:15:00+00:00,0.6189,0.3811,1.624
2026-05-23 09:20:00+00:00,0.619,0.381,1.6247
2026-05-23 09:25:00+00:00,0.619,0.381,1.6247
2026-05-23 09:30:00+00:00,0.6193,0.3807,1.6267
2026-05-23 09:35:00+00:00,0.6196,0.3804,1.6288
2026-05-23 09:40:00+00:00,0.6196,0.3804,1.6288
2026-05-23 09:45:00+00:00,0.62,0.38,1.6316
2026-05-23 09:50:00+00:00,0.6202,0.3798,1.633
2026-05-23 09:55:00+00:00,0.6203,0.3797,1.6337
2026-05-23 10:00:00+00:00,0.6199,0.3801,1.6309
2026-05-23 10:05:00+00:00,0.6197,0.3803,1.6295
2026-05-23 10:10:00+00:00,0.6195,0.3805,1.6281
2026-05-23 10:15:00+00:00,0.6197,0.3803,1.6295
2026-05-23 10:20:00+00:00,0.62,0.38,1.6316
2026-05-23 10:25:00+00:00,0.62,0.38,1.6316
2026-05-23 10:30:00+00:00,0.6203,0.3797,1.6337
2026-05-23 10:35:00+00:00,0.6205,0.3795,1.635
2026-05-23 10:40:00+00:00,0.6209,0.3791,1.6378
2026-05-23 10:45:00+00:00,0.621,0.379,1.6385
2026-05-23 10:50:00+00:00,0.621,0.379,1.6385
2026-05-23 10:55:00+00:00,0.6205,0.3795,1.635
2026-05-23 11:00:00+00:00,0.6202,0.3798,1.633
2026-05-23 11:05:00+00:00,0.6199,0.3801,1.6309
2026-05-23 11:10:00+00:00,0.6203,0.3797,1.6337
2026-05-23 11:15:00+00:00,0.6206,0.3794,1.6357
2026-05-23 11:20:00+00:00,0.6209,0.3791,1.6378
2026-05-23 11:25:00+00:00,0.6214,0.3786,1.6413
2026-05-23 11:30:00+00:00,0.6215,0.3785,1.642
2026-05-23 11:35:00+00:00,0.6214,0.3786,1.6413
2026-05-23 11:40:00+00:00,0.6211,0.3789,1.6392
2026-05-23 11:45:00+00:00,0.6209,0.3791,1.6378
2026-05-23 11:50:00+00:00,0.6207,0.3793,1.6364
2026-05-23 11:55:00+00:00,0.6206,0.3794,1.6357
2026-05-23 12:00:00+00:00,0.6206,0.3794,1.6357
2026-05-23 12:05:00+00:00,0.62,0.38,1.6316
2026-05-23 12:10:00+00:00,0.6195,0.3805,1.6281
2026-05-23 12:15:00+00:00,0.6184,0.3816,1.6205
2026-05-23 12:20:00+00:00,0.6182,0.3818,1.6192
2026-05-23 12:25:00+00:00,0.6172,0.3828,1.6123
2026-05-23 12:30:00+00:00,0.617,0.383,1.611
2026-05-23 12:35:00+00:00,0.617,0.383,1.611
2026-05-23 12:40:00+00:00,0.617,0.383,1.611
2026-05-23 12:45:00+00:00,0.6171,0.3829,1.6116
2026-05-23 12:50:00+00:00,0.6168,0.3832,1.6096
2026-05-23 12:55:00+00:00,0.6166,0.3834,1.6082
2026-05-23 13:00:00+00:00,0.6165,0.3835,1.6076
2026-05-23 13:05:00+00:00,0.6187,0.3813,1.6226
2026-05-23 13:10:00+00:00,0.6195,0.3805,1.6281
2026-05-23 13:15:00+00:00,0.6194,0.3806,1.6274
2026-05-23 13:20:00+00:00,0.6197,0.3803,1.6295
2026-05-23 13:25:00+00:00,0.6202,0.3798,1.633
2026-05-23 13:30:00+00:00,0.6202,0.3798,1.633
2026-05-23 13:35:00+00:00,0.6202,0.3798,1.633
2026-05-23 13:40:00+00:00,0.6197,0.3803,1.6295
2026-05-23 13:45:00+00:00,0.6194,0.3806,1.6274
2026-05-23 13:50:00+00:00,0.6195,0.3805,1.6281
2026-05-23 13:55:00+00:00,0.6099,0.3901,1.5634
2026-05-23 14:00:00+00:00,0.6061,0.3939,1.5387
2026-05-23 14:05:00+00:00,0.6047,0.3953,1.5297
2026-05-23 14:10:00+00:00,0.604,0.396,1.5253
2026-05-23 14:15:00+00:00,0.6041,0.3959,1.5259
2026-05-23 14:20:00+00:00,0.6033,0.3967,1.5208
2026-05-23 14:25:00+00:00,0.6031,0.3969,1.5195
2026-05-23 14:30:00+00:00,0.6025,0.3975,1.5157
2026-05-23 14:35:00+00:00,0.6028,0.3972,1.5176
2026-05-23 14:40:00+00:00,0.6029,0.3971,1.5183
2026-05-23 14:45:00+00:00,0.6005,0.3995,1.5031
2026-05-23 14:50:00+00:00,0.5994,0.4006,1.4963
2026-05-23 14:55:00+00:00,0.5986,0.4014,1.4913
2026-05-23 15:00:00+00:00,0.5971,0.4029,1.482
2026-05-23 15:05:00+00:00,0.5958,0.4042,1.474
2026-05-23 15:10:00+00:00,0.5955,0.4045,1.4722
2026-05-23 15:15:00+00:00,0.595,0.405,1.4691
2026-05-23 15:20:00+00:00,0.5942,0.4058,1.4643
2026-05-23 15:25:00+00:00,0.5936,0.4064,1.4606
2026-05-23 15:30:00+00:00,0.5917,0.4083,1.4492
2026-05-23 15:35:00+00:00,0.5891,0.4109,1.4337
2026-05-23 15:40:00+00:00,0.5876,0.4124,1.4248
2026-05-23 15:45:00+00:00,0.5868,0.4132,1.4201
2026-05-23 15:50:00+00:00,0.5869,0.4131,1.4207
2026-05-23 15:55:00+00:00,0.5861,0.4139,1.416
2026-05-23 16:00:00+00:00,0.586,0.414,1.4155
2026-05-23 16:05:00+00:00,0.5859,0.4141,1.4149
2026-05-23 16:10:00+00:00,0.5857,0.4143,1.4137
2026-05-23 16:15:00+00:00,0.5851,0.4149,1.4102
2026-05-23 16:20:00+00:00,0.5846,0.4154,1.4073
2026-05-23 16:25:00+00:00,0.5836,0.4164,1.4015
2026-05-23 16:30:00+00:00,0.5826,0.4174,1.3958
2026-05-23 16:35:00+00:00,0.5825,0.4175,1.3952
2026-05-23 16:40:00+00:00,0.5821,0.4179,1.3929
2026-05-23 16:45:00+00:00,0.582,0.418,1.3923
2026-05-23 16:50:00+00:00,0.5815,0.4185,1.3895
2026-05-23 16:55:00+00:00,0.5815,0.4185,1.3895
2026-05-23 17:00:00+00:00,0.5819,0.4181,1.3918
2026-05-23 17:05:00+00:00,0.5817,0.4183,1.3906
2026-05-23 17:10:00+00:00,0.5814,0.4186,1.3889
2026-05-23 17:15:00+00:00,0.5811,0.4189,1.3872
2026-05-23 17:20:00+00:00,0.5811,0.4189,1.3872
2026-05-23 17:25:00+00:00,0.5806,0.4194,1.3844
2026-05-23 17:30:00+00:00,0.5801,0.4199,1.3815
2026-05-23 17:35:00+00:00,0.5805,0.4195,1.3838
2026-05-23 17:40:00+00:00,0.5803,0.4197,1.3827
2026-05-23 17:45:00+00:00,0.5801,0.4199,1.3815
2026-05-23 17:50:00+00:00,0.5796,0.4204,1.3787
2026-05-23 17:55:00+00:00,0.5796,0.4204,1.3787
2026-05-23 18:00:00+00:00,0.5796,0.4204,1.3787
2026-05-23 18:05:00+00:00,0.5797,0.4203,1.3793
2026-05-23 18:10:00+00:00,0.5803,0.4197,1.3827
2026-05-23 18:15:00+00:00,0.5837,0.4163,1.4021
2026-05-23 18:20:00+00:00,0.5819,0.4181,1.3918
2026-05-23 18:25:00+00:00,0.5824,0.4176,1.3946
2026-05-23 18:30:00+00:00,0.5821,0.4179,1.3929
2026-05-23 18:35:00+00:00,0.5818,0.4182,1.3912
2026-05-23 18:40:00+00:00,0.5809,0.4191,1.3861
2026-05-23 18:45:00+00:00,0.5809,0.4191,1.3861
2026-05-23 18:50:00+00:00,0.5803,0.4197,1.3827
2026-05-23 18:55:00+00:00,0.5802,0.4198,1.3821
2026-05-23 19:00:00+00:00,0.58,0.42,1.381
2026-05-23 19:05:00+00:00,0.5798,0.4202,1.3798
2026-05-23 19:10:00+00:00,0.5796,0.4204,1.3787
2026-05-23 19:15:00+00:00,0.5793,0.4207,1.377
2026-05-23 19:20:00+00:00,0.5779,0.4221,1.3691
2026-05-23 19:25:00+00:00,0.5777,0.4223,1.368
2026-05-23 19:30:00+00:00,0.5777,0.4223,1.368
2026-05-23 19:35:00+00:00,0.5776,0.4224,1.3674
2026-05-23 19:40:00+00:00,0.5775,0.4225,1.3669
2026-05-23 19:45:00+00:00,0.5776,0.4224,1.3674
2026-05-23 19:50:00+00:00,0.5774,0.4226,1.3663
2026-05-23 19:55:00+00:00,0.5775,0.4225,1.3669
2026-05-23 20:00:00+00:00,0.5768,0.4232,1.3629
2026-05-23 20:05:00+00:00,0.5768,0.4232,1.3629
2026-05-23 20:10:00+00:00,0.5766,0.4234,1.3618
2026-05-23 20:15:00+00:00,0.5778,0.4222,1.3685
2026-05-23 20:20:00+00:00,0.5784,0.4216,1.3719
2026-05-23 20:25:00+00:00,0.5784,0.4216,1.3719
2026-05-23 20:30:00+00:00,0.5779,0.4221,1.3691
2026-05-23 20:35:00+00:00,0.5753,0.4247,1.3546
2026-05-23 20:40:00+00:00,0.5743,0.4257,1.3491
2026-05-23 20:45:00+00:00,0.5721,0.4279,1.337
2026-05-23 20:50:00+00:00,0.568,0.432,1.3148
2026-05-23 20:55:00+00:00,0.5659,0.4341,1.3036
2026-05-23 21:00:00+00:00,0.5674,0.4326,1.3116
2026-05-23 21:05:00+00:00,0.5644,0.4356,1.2957
2026-05-23 21:10:00+00:00,0.5628,0.4372,1.2873
2026-05-23 21:15:00+00:00,0.5618,0.4382,1.2821
2026-05-23 21:20:00+00:00,0.5609,0.4391,1.2774
2026-05-23 21:25:00+00:00,0.5601,0.4399,1.2732
2026-05-23 21:30:00+00:00,0.5594,0.4406,1.2696
2026-05-23 21:35:00+00:00,0.5594,0.4406,1.2696
2026-05-23 21:40:00+00:00,0.5595,0.4405,1.2701
2026-05-23 21:45:00+00:00,0.5586,0.4414,1.2655
2026-05-23 21:50:00+00:00,0.5586,0.4414,1.2655
2026-05-23 21:55:00+00:00,0.5584,0.4416,1.2645
2026-05-23 22:00:00+00:00,0.5582,0.4418,1.2635
2026-05-23 22:05:00+00:00,0.5583,0.4417,1.264
2026-05-23 22:10:00+00:00,0.5578,0.4422,1.2614
2026-05-23 22:15:00+00:00,0.5571,0.4429,1.2578
2026-05-23 22:20:00+00:00,0.5567,0.4433,1.2558
2026-05-23 22:25:00+00:00,0.5562,0.4438,1.2533
2026-05-23 22:30:00+00:00,0.5561,0.4439,1.2528
2026-05-23 22:35:00+00:00,0.5551,0.4449,1.2477
2026-05-23 22:40:00+00:00,0.5545,0.4455,1.2447
2026-05-23 22:45:00+00:00,0.5547,0.4453,1.2457
2026-05-23 22:50:00+00:00,0.5551,0.4449,1.2477
2026-05-23 22:55:00+00:00,0.5547,0.4453,1.2457
2026-05-23 23:00:00+00:00,0.5548,0.4452,1.2462
2026-05-23 23:05:00+00:00,0.5539,0.4461,1.2416
2026-05-23 23:10:00+00:00,0.5542,0.4458,1.2432
2026-05-23 23:15:00+00:00,0.5542,0.4458,1.2432
2026-05-23 23:20:00+00:00,0.5541,0.4459,1.2427
2026-05-23 23:25:00+00:00,0.5539,0.4461,1.2416
2026-05-23 23:30:00+00:00,0.5535,0.4465,1.2396
2026-05-23 23:35:00+00:00,0.5533,0.4467,1.2386
2026-05-23 23:40:00+00:00,0.5532,0.4468,1.2381
2026-05-23 23:45:00+00:00,0.5531,0.4469,1.2376
2026-05-23 23:50:00+00:00,0.5531,0.4469,1.2376
2026-05-23 23:55:00+00:00,0.553,0.447,1.2371
2026-05-24 00:00:00+00:00,0.5522,0.4478,1.2331
2026-05-24 00:05:00+00:00,0.5523,0.4477,1.2336
2026-05-24 00:10:00+00:00,0.5515,0.4485,1.2297
2026-05-24 00:15:00+00:00,0.551,0.449,1.2272
2026-05-24 00:20:00+00:00,0.5507,0.4493,1.2257
2026-05-24 00:25:00+00:00,0.5503,0.4497,1.2237
2026-05-24 00:30:00+00:00,0.5497,0.4503,1.2207
2026-05-24 00:35:00+00:00,0.5496,0.4504,1.2202
2026-05-24 00:40:00+00:00,0.5498,0.4502,1.2212
2026-05-24 00:45:00+00:00,0.55,0.45,1.2222
2026-05-24 00:50:00+00:00,0.5501,0.4499,1.2227
2026-05-24 00:55:00+00:00,0.55,0.45,1.2222
2026-05-24 01:00:00+00:00,0.5501,0.4499,1.2227
2026-05-24 01:05:00+00:00,0.5504,0.4496,1.2242
2026-05-24 01:10:00+00:00,0.55,0.45,1.2222
2026-05-24 01:15:00+00:00,0.5499,0.4501,1.2217
2026-05-24 01:20:00+00:00,0.5496,0.4504,1.2202
2026-05-24 01:25:00+00:00,0.5497,0.4503,1.2207
2026-05-24 01:30:00+00:00,0.5499,0.4501,1.2217
2026-05-24 01:35:00+00:00,0.5498,0.4502,1.2212
2026-05-24 01:40:00+00:00,0.5498,0.4502,1.2212
2026-05-24 01:45:00+00:00,0.55,0.45,1.2222
2026-05-24 01:50:00+00:00,0.5495,0.4505,1.2198
2026-05-24 01:55:00+00:00,0.5495,0.4505,1.2198
2026-05-24 02:00:00+00:00,0.5493,0.4507,1.2188
2026-05-24 02:05:00+00:00,0.5496,0.4504,1.2202
2026-05-24 02:10:00+00:00,0.5494,0.4506,1.2193
2026-05-24 02:15:00+00:00,0.5494,0.4506,1.2193
2026-05-24 02:20:00+00:00,0.5493,0.4507,1.2188
2026-05-24 02:25:00+00:00,0.5486,0.4514,1.2153
2026-05-24 02:30:00+00:00,0.5474,0.4526,1.2095
2026-05-24 02:35:00+00:00,0.5469,0.4531,1.207
2026-05-24 02:40:00+00:00,0.5465,0.4535,1.2051
2026-05-24 02:45:00+00:00,0.5463,0.4537,1.2041
2026-05-24 02:50:00+00:00,0.5462,0.4538,1.2036
2026-05-24 02:55:00+00:00,0.5461,0.4539,1.2031
2026-05-24 03:00:00+00:00,0.546,0.454,1.2026
2026-05-24 03:05:00+00:00,0.5453,0.4547,1.1993
2026-05-24 03:10:00+00:00,0.5459,0.4541,1.2022
2026-05-24 03:15:00+00:00,0.5463,0.4537,1.2041
2026-05-24 03:20:00+00:00,0.5464,0.4536,1.2046
2026-05-24 03:25:00+00:00,0.5463,0.4537,1.2041
2026-05-24 03:30:00+00:00,0.5461,0.4539,1.2031
2026-05-24 03:35:00+00:00,0.5459,0.4541,1.2022
2026-05-24 03:40:00+00:00,0.5452,0.4548,1.1988
2026-05-24 03:45:00+00:00,0.5449,0.4551,1.1973
2026-05-24 03:50:00+00:00,0.5448,0.4552,1.1968
2026-05-24 03:55:00+00:00,0.5445,0.4555,1.1954
2026-05-24 04:00:00+00:00,0.5448,0.4552,1.1968
2026-05-24 04:05:00+00:00,0.5446,0.4554,1.1959
2026-05-24 04:10:00+00:00,0.5443,0.4557,1.1944
2026-05-24 04:15:00+00:00,0.5439,0.4561,1.1925
2026-05-24 04:20:00+00:00,0.5439,0.4561,1.1925
2026-05-24 04:25:00+00:00,0.5436,0.4564,1.1911
2026-05-24 04:30:00+00:00,0.5435,0.4565,1.1906
2026-05-24 04:35:00+00:00,0.5431,0.4569,1.1887
2026-05-24 04:40:00+00:00,0.5427,0.4573,1.1867
2026-05-24 04:45:00+00:00,0.5422,0.4578,1.1844
2026-05-24 04:50:00+00:00,0.5424,0.4576,1.1853
2026-05-24 04:55:00+00:00,0.5424,0.4576,1.1853
2026-05-24 05:00:00+00:00,0.5424,0.4576,1.1853
2026-05-24 05:05:00+00:00,0.5423,0.4577,1.1848
2026-05-24 05:10:00+00:00,0.5422,0.4578,1.1844
2026-05-24 05:15:00+00:00,0.5417,0.4583,1.182
2026-05-24 05:20:00+00:00,0.5406,0.4594,1.1768
2026-05-24 05:25:00+00:00,0.5401,0.4599,1.1744
2026-05-24 05:30:00+00:00,0.5393,0.4607,1.1706
2026-05-24 05:35:00+00:00,0.5391,0.4609,1.1697
2026-05-24 05:40:00+00:00,0.5387,0.4613,1.1678
2026-05-24 05:45:00+00:00,0.5377,0.4623,1.1631
2026-05-24 05:50:00+00:00,0.5375,0.4625,1.1622
2026-05-24 05:55:00+00:00,0.5384,0.4616,1.1664
2026-05-24 06:00:00+00:00,0.5387,0.4613,1.1678
2026-05-24 06:05:00+00:00,0.5387,0.4613,1.1678
2026-05-24 06:10:00+00:00,0.5388,0.4612,1.1683
2026-05-24 06:15:00+00:00,0.5386,0.4614,1.1673
2026-05-24 06:20:00+00:00,0.5387,0.4613,1.1678
2026-05-24 06:25:00+00:00,0.5386,0.4614,1.1673
2026-05-24 06:30:00+00:00,0.5383,0.4617,1.1659
2026-05-24 06:35:00+00:00,0.5383,0.4617,1.1659
2026-05-24 06:40:00+00:00,0.5383,0.4617,1.1659
2026-05-24 06:45:00+00:00,0.5382,0.4618,1.1654
2026-05-24 06:50:00+00:00,0.5352,0.4648,1.1515
2026-05-24 06:55:00+00:00,0.5358,0.4642,1.1542
2026-05-24 07:00:00+00:00,0.5356,0.4644,1.1533
2026-05-24 07:05:00+00:00,0.5356,0.4644,1.1533
2026-05-24 07:10:00+00:00,0.5352,0.4648,1.1515
2026-05-24 07:15:00+00:00,0.535,0.465,1.1505
2026-05-24 07:20:00+00:00,0.5347,0.4653,1.1492
2026-05-24 07:25:00+00:00,0.5346,0.4654,1.1487
2026-05-24 07:30:00+00:00,0.5345,0.4655,1.1482
2026-05-24 07:35:00+00:00,0.5344,0.4656,1.1478
2026-05-24 07:40:00+00:00,0.5343,0.4657,1.1473
2026-05-24 07:45:00+00:00,0.534,0.466,1.1459
2026-05-24 07:50:00+00:00,0.5339,0.4661,1.1455
2026-05-24 07:55:00+00:00,0.534,0.466,1.1459
2026-05-24 08:00:00+00:00,0.5336,0.4664,1.1441
2026-05-24 08:05:00+00:00,0.5337,0.4663,1.1445
2026-05-24 08:10:00+00:00,0.5337,0.4663,1.1445
2026-05-24 08:15:00+00:00,0.5335,0.4665,1.1436
2026-05-24 08:20:00+00:00,0.5335,0.4665,1.1436
2026-05-24 08:25:00+00:00,0.5339,0.4661,1.1455
2026-05-24 08:30:00+00:00,0.5339,0.4661,1.1455
2026-05-24 08:35:00+00:00,0.5338,0.4662,1.145
2026-05-24 08:40:00+00:00,0.5337,0.4663,1.1445
2026-05-24 08:45:00+00:00,0.5338,0.4662,1.145
2026-05-24 08:50:00+00:00,0.5338,0.4662,1.145
2026-05-24 08:55:00+00:00,0.534,0.466,1.1459
2026-05-24 09:00:00+00:00,0.5338,0.4662,1.145
2026-05-24 09:05:00+00:00,0.5342,0.4658,1.1468
2026-05-24 09:10:00+00:00,0.5344,0.4656,1.1478
2026-05-24 09:15:00+00:00,0.5348,0.4652,1.1496
2026-05-24 09:20:00+00:00,0.5347,0.4653,1.1492
2026-05-24 09:25:00+00:00,0.5345,0.4655,1.1482
2026-05-24 09:30:00+00:00,0.5346,0.4654,1.1487
2026-05-24 09:35:00+00:00,0.5344,0.4656,1.1478
2026-05-24 09:40:00+00:00,0.5341,0.4659,1.1464
2026-05-24 09:45:00+00:00,0.5341,0.4659,1.1464
2026-05-24 09:50:00+00:00,0.534,0.466,1.1459
2026-05-24 09:55:00+00:00,0.5342,0.4658,1.1468
2026-05-24 10:00:00+00:00,0.5341,0.4659,1.1464
2026-05-24 10:05:00+00:00,0.5339,0.4661,1.1455
2026-05-24 10:10:00+00:00,0.5336,0.4664,1.1441
2026-05-24 10:15:00+00:00,0.5332,0.4668,1.1422
2026-05-24 10:20:00+00:00,0.5329,0.4671,1.1409
2026-05-24 10:25:00+00:00,0.5329,0.4671,1.1409
2026-05-24 10:30:00+00:00,0.5315,0.4685,1.1345
2026-05-24 10:35:00+00:00,0.5308,0.4692,1.1313
2026-05-24 10:40:00+00:00,0.5303,0.4697,1.129
2026-05-24 10:45:00+00:00,0.5301,0.4699,1.1281
2026-05-24 10:50:00+00:00,0.5294,0.4706,1.1249
2026-05-24 10:55:00+00:00,0.5291,0.4709,1.1236
2026-05-24 11:00:00+00:00,0.5288,0.4712,1.1222
2026-05-24 11:05:00+00:00,0.5295,0.4705,1.1254
2026-05-24 11:10:00+00:00,0.53,0.47,1.1277
2026-05-24 11:15:00+00:00,0.5301,0.4699,1.1281
2026-05-24 11:20:00+00:00,0.5298,0.4702,1.1268
2026-05-24 11:25:00+00:00,0.5297,0.4703,1.1263
2026-05-24 11:30:00+00:00,0.5295,0.4705,1.1254
2026-05-24 11:35:00+00:00,0.5295,0.4705,1.1254
2026-05-24 11:40:00+00:00,0.5283,0.4717,1.12
2026-05-24 11:45:00+00:00,0.5277,0.4723,1.1173
2026-05-24 11:50:00+00:00,0.5275,0.4725,1.1164
2026-05-24 11:55:00+00:00,0.5274,0.4726,1.116
2026-05-24 12:00:00+00:00,0.5275,0.4725,1.1164
2026-05-24 12:05:00+00:00,0.5276,0.4724,1.1169
2026-05-24 12:10:00+00:00,0.527,0.473,1.1142
2026-05-24 12:15:00+00:00,0.5255,0.4745,1.1075
2026-05-24 12:20:00+00:00,0.5249,0.4751,1.1048
2026-05-24 12:25:00+00:00,0.5243,0.4757,1.1022
2026-05-24 12:30:00+00:00,0.524,0.476,1.1008
2026-05-24 12:35:00+00:00,0.5237,0.4763,1.0995
2026-05-24 12:40:00+00:00,0.5236,0.4764,1.0991
2026-05-24 12:45:00+00:00,0.5239,0.4761,1.1004
2026-05-24 12:50:00+00:00,0.5238,0.4762,1.1
2026-05-24 12:55:00+00:00,0.5235,0.4765,1.0986
2026-05-24 13:00:00+00:00,0.5233,0.4767,1.0978
2026-05-24 13:05:00+00:00,0.5231,0.4769,1.0969
2026-05-24 13:10:00+00:00,0.5229,0.4771,1.096
2026-05-24 13:15:00+00:00,0.5219,0.4781,1.0916
2026-05-24 13:20:00+00:00,0.5223,0.4777,1.0934
2026-05-24 13:25:00+00:00,0.5227,0.4773,1.0951
2026-05-24 13:30:00+00:00,0.5213,0.4787,1.089
2026-05-24 13:35:00+00:00,0.5204,0.4796,1.0851
2026-05-24 13:40:00+00:00,0.519,0.481,1.079
2026-05-24 13:45:00+00:00,0.5191,0.4809,1.0794
2026-05-24 13:50:00+00:00,0.5193,0.4807,1.0803
2026-05-24 13:55:00+00:00,0.5182,0.4818,1.0756
2026-05-24 14:00:00+00:00,0.5171,0.4829,1.0708
2026-05-24 14:05:00+00:00,0.5171,0.4829,1.0708
2026-05-24 14:10:00+00:00,0.5169,0.4831,1.07
2026-05-24 14:15:00+00:00,0.5208,0.4792,1.0868
2026-05-24 14:20:00+00:00,0.5253,0.4747,1.1066
2026-05-24 14:25:00+00:00,0.5278,0.4722,1.1177
2026-05-24 14:30:00+00:00,0.5283,0.4717,1.12
2026-05-24 14:35:00+00:00,0.529,0.471,1.1231
2026-05-24 14:40:00+00:00,0.5298,0.4702,1.1268
2026-05-24 14:45:00+00:00,0.5304,0.4696,1.1295
2026-05-24 14:50:00+00:00,0.5307,0.4693,1.1308
2026-05-24 14:55:00+00:00,0.5311,0.4689,1.1327
2026-05-24 15:00:00+00:00,0.5314,0.4686,1.134
2026-05-24 15:05:00+00:00,0.5315,0.4685,1.1345
2026-05-24 15:10:00+00:00,0.5316,0.4684,1.1349
2026-05-24 15:15:00+00:00,0.532,0.468,1.1368
2026-05-24 15:20:00+00:00,0.5322,0.4678,1.1377
2026-05-24 15:25:00+00:00,0.5324,0.4676,1.1386
2026-05-24 15:30:00+00:00,0.5327,0.4673,1.14
2026-05-24 15:35:00+00:00,0.5327,0.4673,1.14
2026-05-24 15:40:00+00:00,0.5325,0.4675,1.139
2026-05-24 15:45:00+00:00,0.5324,0.4676,1.1386
2026-05-24 15:50:00+00:00,0.5324,0.4676,1.1386
2026-05-24 15:55:00+00:00,0.5323,0.4677,1.1381
2026-05-24 16:00:00+00:00,0.5318,0.4682,1.1358
2026-05-24 16:05:00+00:00,0.5317,0.4683,1.1354
2026-05-24 16:10:00+00:00,0.5341,0.4659,1.1464
2026-05-24 16:15:00+00:00,0.5348,0.4652,1.1496
2026-05-24 16:20:00+00:00,0.5365,0.4635,1.1575
2026-05-24 16:25:00+00:00,0.5367,0.4633,1.1584
2026-05-24 16:30:00+00:00,0.5363,0.4637,1.1566
2026-05-24 16:35:00+00:00,0.5359,0.4641,1.1547
2026-05-24 16:40:00+00:00,0.5353,0.4647,1.1519
2026-05-24 16:45:00+00:00,0.5354,0.4646,1.1524
2026-05-24 16:50:00+00:00,0.5354,0.4646,1.1524
2026-05-24 16:55:00+00:00,0.5359,0.4641,1.1547
2026-05-24 17:00:00+00:00,0.5363,0.4637,1.1566
2026-05-24 17:05:00+00:00,0.5373,0.4627,1.1612
2026-05-24 17:10:00+00:00,0.5377,0.4623,1.1631
2026-05-24 17:15:00+00:00,0.5381,0.4619,1.165
2026-05-24 17:20:00+00:00,0.5374,0.4626,1.1617
2026-05-24 17:25:00+00:00,0.5373,0.4627,1.1612
2026-05-24 17:30:00+00:00,0.5373,0.4627,1.1612
2026-05-24 17:35:00+00:00,0.5374,0.4626,1.1617
2026-05-24 17:40:00+00:00,0.5375,0.4625,1.1622
2026-05-24 17:45:00+00:00,0.5376,0.4624,1.1626
2026-05-24 17:50:00+00:00,0.5375,0.4625,1.1622
2026-05-24 17:55:00+00:00,0.5378,0.4622,1.1636
2026-05-24 18:00:00+00:00,0.5375,0.4625,1.1622
2026-05-24 18:05:00+00:00,0.5377,0.4623,1.1631
2026-05-24 18:10:00+00:00,0.5377,0.4623,1.1631
2026-05-24 18:15:00+00:00,0.5378,0.4622,1.1636
2026-05-24 18:20:00+00:00,0.5381,0.4619,1.165
2026-05-24 18:25:00+00:00,0.5382,0.4618,1.1654
2026-05-24 18:30:00+00:00,0.5378,0.4622,1.1636
2026-05-24 18:35:00+00:00,0.5376,0.4624,1.1626
2026-05-24 18:40:00+00:00,0.5373,0.4627,1.1612
2026-05-24 18:45:00+00:00,0.5373,0.4627,1.1612
2026-05-24 18:50:00+00:00,0.537,0.463,1.1598
2026-05-24 18:55:00+00:00,0.5366,0.4634,1.158
2026-05-24 19:00:00+00:00,0.5365,0.4635,1.1575
2026-05-24 19:05:00+00:00,0.5367,0.4633,1.1584
2026-05-24 19:10:00+00:00,0.5367,0.4633,1.1584
2026-05-24 19:15:00+00:00,0.5366,0.4634,1.158
2026-05-24 19:20:00+00:00,0.5362,0.4638,1.1561
2026-05-24 19:25:00+00:00,0.5361,0.4639,1.1556
2026-05-24 19:30:00+00:00,0.536,0.464,1.1552
2026-05-24 19:35:00+00:00,0.5359,0.4641,1.1547
2026-05-24 19:40:00+00:00,0.5359,0.4641,1.1547
2026-05-24 19:45:00+00:00,0.5359,0.4641,1.1547
2026-05-24 19:50:00+00:00,0.5361,0.4639,1.1556
2026-05-24 19:55:00+00:00,0.5362,0.4638,1.1561
2026-05-24 20:00:00+00:00,0.5362,0.4638,1.1561
2026-05-24 20:05:00+00:00,0.5365,0.4635,1.1575
2026-05-24 20:10:00+00:00,0.5361,0.4639,1.1556
2026-05-24 20:15:00+00:00,0.536,0.464,1.1552
2026-05-24 20:20:00+00:00,0.5359,0.4641,1.1547
2026-05-24 20:25:00+00:00,0.5359,0.4641,1.1547
2026-05-24 20:30:00+00:00,0.5358,0.4642,1.1542
2026-05-24 20:35:00+00:00,0.5364,0.4636,1.157
2026-05-24 20:40:00+00:00,0.5357,0.4643,1.1538
2026-05-24 20:45:00+00:00,0.5359,0.4641,1.1547
2026-05-24 20:50:00+00:00,0.5357,0.4643,1.1538
2026-05-24 20:55:00+00:00,0.5356,0.4644,1.1533
2026-05-24 21:00:00+00:00,0.5352,0.4648,1.1515
2026-05-24 21:05:00+00:00,0.5353,0.4647,1.1519
2026-05-24 21:10:00+00:00,0.5353,0.4647,1.1519
2026-05-24 21:15:00+00:00,0.5354,0.4646,1.1524
2026-05-24 21:20:00+00:00,0.5354,0.4646,1.1524
2026-05-24 21:25:00+00:00,0.5355,0.4645,1.1529
2026-05-24 21:30:00+00:00,0.5349,0.4651,1.1501
2026-05-24 21:35:00+00:00,0.5344,0.4656,1.1478
2026-05-24 21:40:00+00:00,0.5333,0.4667,1.1427
2026-05-24 21:45:00+00:00,0.5336,0.4664,1.1441
2026-05-24 21:50:00+00:00,0.5342,0.4658,1.1468
2026-05-24 21:55:00+00:00,0.5348,0.4652,1.1496
2026-05-24 22:00:00+00:00,0.5351,0.4649,1.151
2026-05-24 22:05:00+00:00,0.5344,0.4656,1.1478
2026-05-24 22:10:00+00:00,0.5331,0.4669,1.1418
2026-05-24 22:15:00+00:00,0.5359,0.4641,1.1547
2026-05-24 22:20:00+00:00,0.5354,0.4646,1.1524
2026-05-24 22:25:00+00:00,0.5354,0.4646,1.1524
2026-05-24 22:30:00+00:00,0.5354,0.4646,1.1524
2026-05-24 22:35:00+00:00,0.5353,0.4647,1.1519
2026-05-24 22:40:00+00:00,0.5354,0.4646,1.1524
2026-05-24 22:45:00+00:00,0.5354,0.4646,1.1524
2026-05-24 22:50:00+00:00,0.5352,0.4648,1.1515
2026-05-24 22:55:00+00:00,0.5354,0.4646,1.1524
2026-05-24 23:00:00+00:00,0.5353,0.4647,1.1519
2026-05-24 23:05:00+00:00,0.5355,0.4645,1.1529
2026-05-24 23:10:00+00:00,0.5357,0.4643,1.1538
2026-05-24 23:15:00+00:00,0.5358,0.4642,1.1542
2026-05-24 23:20:00+00:00,0.536,0.464,1.1552
2026-05-24 23:25:00+00:00,0.5359,0.4641,1.1547
2026-05-24 23:30:00+00:00,0.536,0.464,1.1552
2026-05-24 23:35:00+00:00,0.536,0.464,1.1552
2026-05-24 23:40:00+00:00,0.537,0.463,1.1598
2026-05-24 23:45:00+00:00,0.538,0.462,1.1645
2026-05-24 23:50:00+00:00,0.5379,0.4621,1.164
2026-05-24 23:55:00+00:00,0.5377,0.4623,1.1631
2026-05-25 00:00:00+00:00,0.5374,0.4626,1.1617
2026-05-25 00:05:00+00:00,0.5396,0.4604,1.172
2026-05-25 00:10:00+00:00,0.5397,0.4603,1.1725
2026-05-25 00:15:00+00:00,0.5385,0.4615,1.1668
2026-05-25 00:20:00+00:00,0.5386,0.4614,1.1673
2026-05-25 00:25:00+00:00,0.5383,0.4617,1.1659
2026-05-25 00:30:00+00:00,0.5395,0.4605,1.1716
2026-05-25 00:35:00+00:00,0.5394,0.4606,1.1711
2026-05-25 00:40:00+00:00,0.5392,0.4608,1.1701
2026-05-25 00:45:00+00:00,0.5387,0.4613,1.1678
2026-05-25 00:50:00+00:00,0.538,0.462,1.1645
2026-05-25 00:55:00+00:00,0.5376,0.4624,1.1626
2026-05-25 01:00:00+00:00,0.5374,0.4626,1.1617
2026-05-25 01:05:00+00:00,0.5375,0.4625,1.1622
2026-05-25 01:10:00+00:00,0.5372,0.4628,1.1608
2026-05-25 01:15:00+00:00,0.5366,0.4634,1.158
2026-05-25 01:20:00+00:00,0.5363,0.4637,1.1566
2026-05-25 01:25:00+00:00,0.5365,0.4635,1.1575
2026-05-25 01:30:00+00:00,0.5364,0.4636,1.157
2026-05-25 01:35:00+00:00,0.5361,0.4639,1.1556
2026-05-25 01:40:00+00:00,0.5359,0.4641,1.1547
2026-05-25 01:45:00+00:00,0.5357,0.4643,1.1538
2026-05-25 01:50:00+00:00,0.5353,0.4647,1.1519
2026-05-25 01:55:00+00:00,0.5348,0.4652,1.1496
2026-05-25 02:00:00+00:00,0.5333,0.4667,1.1427
2026-05-25 02:05:00+00:00,0.5328,0.4672,1.1404
2026-05-25 02:10:00+00:00,0.5329,0.4671,1.1409
2026-05-25 02:15:00+00:00,0.5327,0.4673,1.14
2026-05-25 02:20:00+00:00,0.5326,0.4674,1.1395
2026-05-25 02:25:00+00:00,0.5326,0.4674,1.1395
2026-05-25 02:30:00+00:00,0.5329,0.4671,1.1409
2026-05-25 02:35:00+00:00,0.5331,0.4669,1.1418
2026-05-25 02:40:00+00:00,0.5335,0.4665,1.1436
2026-05-25 02:45:00+00:00,0.5332,0.4668,1.1422
2026-05-25 02:50:00+00:00,0.5333,0.4667,1.1427
2026-05-25 02:55:00+00:00,0.5336,0.4664,1.1441
2026-05-25 03:00:00+00:00,0.5335,0.4665,1.1436
2026-05-25 03:05:00+00:00,0.5332,0.4668,1.1422
2026-05-25 03:10:00+00:00,0.5331,0.4669,1.1418
2026-05-25 03:15:00+00:00,0.5326,0.4674,1.1395
2026-05-25 03:20:00+00:00,0.5325,0.4675,1.139
2026-05-25 03:25:00+00:00,0.5324,0.4676,1.1386
2026-05-25 03:30:00+00:00,0.5324,0.4676,1.1386
2026-05-25 03:35:00+00:00,0.5322,0.4678,1.1377
2026-05-25 03:40:00+00:00,0.5322,0.4678,1.1377
2026-05-25 03:45:00+00:00,0.5319,0.4681,1.1363
2026-05-25 03:50:00+00:00,0.5316,0.4684,1.1349
2026-05-25 03:55:00+00:00,0.5314,0.4686,1.134
2026-05-25 04:00:00+00:00,0.5312,0.4688,1.1331
2026-05-25 04:05:00+00:00,0.5309,0.4691,1.1317
2026-05-25 04:10:00+00:00,0.5306,0.4694,1.1304
2026-05-25 04:15:00+00:00,0.5304,0.4696,1.1295
2026-05-25 04:20:00+00:00,0.5301,0.4699,1.1281
2026-05-25 04:25:00+00:00,0.5305,0.4695,1.1299
2026-05-25 04:30:00+00:00,0.5309,0.4691,1.1317
2026-05-25 04:35:00+00:00,0.5313,0.4687,1.1336
2026-05-25 04:40:00+00:00,0.5314,0.4686,1.134
2026-05-25 04:45:00+00:00,0.5315,0.4685,1.1345
2026-05-25 04:50:00+00:00,0.5318,0.4682,1.1358
2026-05-25 04:55:00+00:00,0.53,0.47,1.1277
2026-05-25 05:00:00+00:00,0.5295,0.4705,1.1254
2026-05-25 05:05:00+00:00,0.5293,0.4707,1.1245
2026-05-25 05:10:00+00:00,0.5287,0.4713,1.1218
2026-05-25 05:15:00+00:00,0.5284,0.4716,1.1204
2026-05-25 05:20:00+00:00,0.5284,0.4716,1.1204
2026-05-25 05:25:00+00:00,0.5278,0.4722,1.1177
2026-05-25 05:30:00+00:00,0.5248,0.4752,1.1044
2026-05-25 05:35:00+00:00,0.5239,0.4761,1.1004
2026-05-25 05:40:00+00:00,0.5242,0.4758,1.1017
2026-05-25 05:45:00+00:00,0.5236,0.4764,1.0991
2026-05-25 05:50:00+00:00,0.5234,0.4766,1.0982
2026-05-25 05:55:00+00:00,0.5227,0.4773,1.0951
2026-05-25 06:00:00+00:00,0.5225,0.4775,1.0942
2026-05-25 06:05:00+00:00,0.5219,0.4781,1.0916
2026-05-25 06:10:00+00:00,0.5232,0.4768,1.0973
2026-05-25 06:15:00+00:00,0.5224,0.4776,1.0938
2026-05-25 06:20:00+00:00,0.5201,0.4799,1.0838
2026-05-25 06:25:00+00:00,0.5192,0.4808,1.0799
2026-05-25 06:30:00+00:00,0.5184,0.4816,1.0764
2026-05-25 06:35:00+00:00,0.5185,0.4815,1.0768
2026-05-25 06:40:00+00:00,0.5183,0.4817,1.076
2026-05-25 06:45:00+00:00,0.5184,0.4816,1.0764
2026-05-25 06:50:00+00:00,0.5182,0.4818,1.0756
2026-05-25 06:55:00+00:00,0.5178,0.4822,1.0738
2026-05-25 07:00:00+00:00,0.5174,0.4826,1.0721
2026-05-25 07:05:00+00:00,0.5173,0.4827,1.0717
2026-05-25 07:10:00+00:00,0.5178,0.4822,1.0738
2026-05-25 07:15:00+00:00,0.5167,0.4833,1.0691
2026-05-25 07:20:00+00:00,0.5166,0.4834,1.0687
2026-05-25 07:25:00+00:00,0.5166,0.4834,1.0687
2026-05-25 07:30:00+00:00,0.5164,0.4836,1.0678
2026-05-25 07:35:00+00:00,0.5171,0.4829,1.0708
2026-05-25 07:40:00+00:00,0.517,0.483,1.0704
2026-05-25 07:45:00+00:00,0.5169,0.4831,1.07
2026-05-25 07:50:00+00:00,0.517,0.483,1.0704
2026-05-25 07:55:00+00:00,0.5169,0.4831,1.07
2026-05-25 08:00:00+00:00,0.5171,0.4829,1.0708
2026-05-25 08:05:00+00:00,0.5166,0.4834,1.0687
2026-05-25 08:10:00+00:00,0.5165,0.4835,1.0683
2026-05-25 08:15:00+00:00,0.5163,0.4837,1.0674
2026-05-25 08:20:00+00:00,0.516,0.484,1.0661
2026-05-25 08:25:00+00:00,0.516,0.484,1.0661
2026-05-25 08:30:00+00:00,0.5157,0.4843,1.0648
2026-05-25 08:35:00+00:00,0.5158,0.4842,1.0653
2026-05-25 08:40:00+00:00,0.5159,0.4841,1.0657
2026-05-25 08:45:00+00:00,0.5158,0.4842,1.0653
2026-05-25 08:50:00+00:00,0.5158,0.4842,1.0653
2026-05-25 08:55:00+00:00,0.5159,0.4841,1.0657
2026-05-25 09:00:00+00:00,0.5161,0.4839,1.0665
2026-05-25 09:05:00+00:00,0.5162,0.4838,1.067
2026-05-25 09:10:00+00:00,0.516,0.484,1.0661
2026-05-25 09:15:00+00:00,0.5167,0.4833,1.0691
2026-05-25 09:20:00+00:00,0.5162,0.4838,1.067
2026-05-25 09:25:00+00:00,0.5158,0.4842,1.0653
2026-05-25 09:30:00+00:00,0.516,0.484,1.0661
2026-05-25 09:35:00+00:00,0.5169,0.4831,1.07
2026-05-25 09:40:00+00:00,0.5164,0.4836,1.0678
2026-05-25 09:45:00+00:00,0.5159,0.4841,1.0657
2026-05-25 09:50:00+00:00,0.5154,0.4846,1.0636
2026-05-25 09:55:00+00:00,0.5154,0.4846,1.0636
2026-05-25 10:00:00+00:00,0.5151,0.4849,1.0623
2026-05-25 10:05:00+00:00,0.5146,0.4854,1.0602
2026-05-25 10:10:00+00:00,0.5143,0.4857,1.0589
2026-05-25 10:15:00+00:00,0.5143,0.4857,1.0589
2026-05-25 10:20:00+00:00,0.5147,0.4853,1.0606
2026-05-25 10:25:00+00:00,0.514,0.486,1.0576
2026-05-25 10:30:00+00:00,0.5132,0.4868,1.0542
2026-05-25 10:35:00+00:00,0.5123,0.4877,1.0504
2026-05-25 10:40:00+00:00,0.5122,0.4878,1.05
2026-05-25 10:45:00+00:00,0.5116,0.4884,1.0475
2026-05-25 10:50:00+00:00,0.5113,0.4887,1.0462
2026-05-25 10:55:00+00:00,0.5113,0.4887,1.0462
2026-05-25 11:00:00+00:00,0.5114,0.4886,1.0467
2026-05-25 11:05:00+00:00,0.5111,0.4889,1.0454
2026-05-25 11:10:00+00:00,0.5106,0.4894,1.0433
2026-05-25 11:15:00+00:00,0.5105,0.4895,1.0429
2026-05-25 11:20:00+00:00,0.5103,0.4897,1.0421
2026-05-25 11:25:00+00:00,0.5101,0.4899,1.0412
2026-05-25 11:30:00+00:00,0.5098,0.4902,1.04
2026-05-25 11:35:00+00:00,0.5107,0.4893,1.0437
2026-05-25 11:40:00+00:00,0.5112,0.4888,1.0458
2026-05-25 11:45:00+00:00,0.5112,0.4888,1.0458
2026-05-25 11:50:00+00:00,0.5112,0.4888,1.0458
2026-05-25 11:55:00+00:00,0.5107,0.4893,1.0437
2026-05-25 12:00:00+00:00,0.5101,0.4899,1.0412
2026-05-25 12:05:00+00:00,0.5093,0.4907,1.0379
2026-05-25 12:10:00+00:00,0.5094,0.4906,1.0383
2026-05-25 12:15:00+00:00,0.5096,0.4904,1.0392
2026-05-25 12:20:00+00:00,0.5097,0.4903,1.0396
2026-05-25 12:25:00+00:00,0.5097,0.4903,1.0396
2026-05-25 12:30:00+00:00,0.5101,0.4899,1.0412
2026-05-25 12:35:00+00:00,0.5104,0.4896,1.0425
2026-05-25 12:40:00+00:00,0.5105,0.4895,1.0429
2026-05-25 12:45:00+00:00,0.5103,0.4897,1.0421
2026-05-25 12:50:00+00:00,0.51,0.49,1.0408
2026-05-25 12:55:00+00:00,0.5103,0.4897,1.0421
2026-05-25 13:00:00+00:00,0.5108,0.4892,1.0442
2026-05-25 13:05:00+00:00,0.5108,0.4892,1.0442
2026-05-25 13:10:00+00:00,0.5113,0.4887,1.0462
2026-05-25 13:15:00+00:00,0.5112,0.4888,1.0458
2026-05-25 13:20:00+00:00,0.5109,0.4891,1.0446
2026-05-25 13:25:00+00:00,0.5107,0.4893,1.0437
2026-05-25 13:30:00+00:00,0.5106,0.4894,1.0433
2026-05-25 13:35:00+00:00,0.5108,0.4892,1.0442
2026-05-25 13:40:00+00:00,0.5109,0.4891,1.0446
2026-05-25 13:45:00+00:00,0.5108,0.4892,1.0442
2026-05-25 13:50:00+00:00,0.5107,0.4893,1.0437
2026-05-25 13:55:00+00:00,0.5107,0.4893,1.0437
2026-05-25 14:00:00+00:00,0.5107,0.4893,1.0437
2026-05-25 14:05:00+00:00,0.5108,0.4892,1.0442
2026-05-25 14:10:00+00:00,0.5123,0.4877,1.0504
2026-05-25 14:15:00+00:00,0.5127,0.4873,1.0521
2026-05-25 14:20:00+00:00,0.5133,0.4867,1.0547
2026-05-25 14:25:00+00:00,0.5136,0.4864,1.0559
2026-05-25 14:30:00+00:00,0.5135,0.4865,1.0555
2026-05-25 14:35:00+00:00,0.5132,0.4868,1.0542
2026-05-25 14:40:00+00:00,0.5127,0.4873,1.0521
2026-05-25 14:45:00+00:00,0.5124,0.4876,1.0509
2026-05-25 14:50:00+00:00,0.5133,0.4867,1.0547
2026-05-25 14:55:00+00:00,0.5127,0.4873,1.0521
2026-05-25 15:00:00+00:00,0.5125,0.4875,1.0513
2026-05-25 15:05:00+00:00,0.5125,0.4875,1.0513
2026-05-25 15:10:00+00:00,0.5111,0.4889,1.0454
2026-05-25 15:15:00+00:00,0.5107,0.4893,1.0437
2026-05-25 15:20:00+00:00,0.5096,0.4904,1.0392
2026-05-25 15:25:00+00:00,0.5085,0.4915,1.0346
2026-05-25 15:30:00+00:00,0.5081,0.4919,1.0329
2026-05-25 15:35:00+00:00,0.5075,0.4925,1.0305
2026-05-25 15:40:00+00:00,0.5073,0.4927,1.0296
2026-05-25 15:45:00+00:00,0.5071,0.4929,1.0288
2026-05-25 15:50:00+00:00,0.5067,0.4933,1.0272
2026-05-25 15:55:00+00:00,0.5063,0.4937,1.0255
2026-05-25 16:00:00+00:00,0.5064,0.4936,1.0259
2026-05-25 16:05:00+00:00,0.5065,0.4935,1.0263
2026-05-25 16:10:00+00:00,0.5063,0.4937,1.0255
2026-05-25 16:15:00+00:00,0.5058,0.4942,1.0235
2026-05-25 16:20:00+00:00,0.5054,0.4946,1.0218
2026-05-25 16:25:00+00:00,0.5053,0.4947,1.0214
2026-05-25 16:30:00+00:00,0.5054,0.4946,1.0218
2026-05-25 16:35:00+00:00,0.5056,0.4944,1.0227
2026-05-25 16:40:00+00:00,0.5059,0.4941,1.0239
2026-05-25 16:45:00+00:00,0.5062,0.4938,1.0251
2026-05-25 16:50:00+00:00,0.5069,0.4931,1.028
2026-05-25 16:55:00+00:00,0.5066,0.4934,1.0268
2026-05-25 17:00:00+00:00,0.5065,0.4935,1.0263
2026-05-25 17:05:00+00:00,0.5063,0.4937,1.0255
2026-05-25 17:10:00+00:00,0.5058,0.4942,1.0235
2026-05-25 17:15:00+00:00,0.5054,0.4946,1.0218
2026-05-25 17:20:00+00:00,0.5049,0.4951,1.0198
2026-05-25 17:25:00+00:00,0.5049,0.4951,1.0198
2026-05-25 17:30:00+00:00,0.5049,0.4951,1.0198
2026-05-25 17:35:00+00:00,0.5047,0.4953,1.019
2026-05-25 17:40:00+00:00,0.5045,0.4955,1.0182
2026-05-25 17:45:00+00:00,0.5044,0.4956,1.0178
2026-05-25 17:50:00+00:00,0.5041,0.4959,1.0165
2026-05-25 17:55:00+00:00,0.504,0.496,1.0161
2026-05-25 18:00:00+00:00,0.5038,0.4962,1.0153
2026-05-25 18:05:00+00:00,0.5039,0.4961,1.0157
2026-05-25 18:10:00+00:00,0.5041,0.4959,1.0165
2026-05-25 18:15:00+00:00,0.5042,0.4958,1.0169
2026-05-25 18:20:00+00:00,0.5042,0.4958,1.0169
2026-05-25 18:25:00+00:00,0.504,0.496,1.0161
2026-05-25 18:30:00+00:00,0.5039,0.4961,1.0157
2026-05-25 18:35:00+00:00,0.5037,0.4963,1.0149
2026-05-25 18:40:00+00:00,0.5036,0.4964,1.0145
2026-05-25 18:45:00+00:00,0.5036,0.4964,1.0145
2026-05-25 18:50:00+00:00,0.5035,0.4965,1.0141
2026-05-25 18:55:00+00:00,0.5033,0.4967,1.0133
2026-05-25 19:00:00+00:00,0.5031,0.4969,1.0125
2026-05-25 19:05:00+00:00,0.5024,0.4976,1.0096
2026-05-25 19:10:00+00:00,0.5023,0.4977,1.0092
2026-05-25 19:15:00+00:00,0.5022,0.4978,1.0088
2026-05-25 19:20:00+00:00,0.5021,0.4979,1.0084
2026-05-25 19:25:00+00:00,0.5022,0.4978,1.0088
2026-05-25 19:30:00+00:00,0.5022,0.4978,1.0088
2026-05-25 19:35:00+00:00,0.5021,0.4979,1.0084
2026-05-25 19:40:00+00:00,0.5017,0.4983,1.0068
2026-05-25 19:45:00+00:00,0.5015,0.4985,1.006
2026-05-25 19:50:00+00:00,0.5016,0.4984,1.0064
2026-05-25 19:55:00+00:00,0.5019,0.4981,1.0076
2026-05-25 20:00:00+00:00,0.5019,0.4981,1.0076
2026-05-25 20:05:00+00:00,0.502,0.498,1.008
2026-05-25 20:10:00+00:00,0.5019,0.4981,1.0076
2026-05-25 20:15:00+00:00,0.502,0.498,1.008
2026-05-25 20:20:00+00:00,0.502,0.498,1.008
2026-05-25 20:25:00+00:00,0.5021,0.4979,1.0084
2026-05-25 20:30:00+00:00,0.502,0.498,1.008
2026-05-25 20:35:00+00:00,0.5022,0.4978,1.0088
2026-05-25 20:40:00+00:00,0.5017,0.4983,1.0068
2026-05-25 20:45:00+00:00,0.5004,0.4996,1.0016
2026-05-25 20:50:00+00:00,0.5004,0.4996,1.0016
2026-05-25 20:55:00+00:00,0.5005,0.4995,1.002
2026-05-25 21:00:00+00:00,0.5006,0.4994,1.0024
2026-05-25 21:05:00+00:00,0.5006,0.4994,1.0024
2026-05-25 21:10:00+00:00,0.5007,0.4993,1.0028
2026-05-25 21:15:00+00:00,0.5009,0.4991,1.0036
2026-05-25 21:20:00+00:00,0.5007,0.4993,1.0028
2026-05-25 21:25:00+00:00,0.5006,0.4994,1.0024
2026-05-25 21:30:00+00:00,0.501,0.499,1.004
2026-05-25 21:35:00+00:00,0.5011,0.4989,1.0044
2026-05-25 21:40:00+00:00,0.5017,0.4983,1.0068
2026-05-25 21:45:00+00:00,0.5017,0.4983,1.0068
2026-05-25 21:50:00+00:00,0.5016,0.4984,1.0064
2026-05-25 21:55:00+00:00,0.5016,0.4984,1.0064
2026-05-25 22:00:00+00:00,0.5015,0.4985,1.006
2026-05-25 22:05:00+00:00,0.5015,0.4985,1.006
2026-05-25 22:10:00+00:00,0.5017,0.4983,1.0068
2026-05-25 22:15:00+00:00,0.502,0.498,1.008
2026-05-25 22:20:00+00:00,0.5022,0.4978,1.0088
2026-05-25 22:25:00+00:00,0.5023,0.4977,1.0092
2026-05-25 22:30:00+00:00,0.5021,0.4979,1.0084
2026-05-25 22:35:00+00:00,0.5014,0.4986,1.0056
2026-05-25 22:40:00+00:00,0.5004,0.4996,1.0016
2026-05-25 22:45:00+00:00,0.5003,0.4997,1.0012
2026-05-25 22:50:00+00:00,0.5005,0.4995,1.002
2026-05-25 22:55:00+00:00,0.5007,0.4993,1.0028
2026-05-25 23:00:00+00:00,0.5005,0.4995,1.002
2026-05-25 23:05:00+00:00,0.5008,0.4992,1.0032
2026-05-25 23:10:00+00:00,0.501,0.499,1.004
2026-05-25 23:15:00+00:00,0.5008,0.4992,1.0032
2026-05-25 23:20:00+00:00,0.5011,0.4989,1.0044
2026-05-25 23:25:00+00:00,0.5017,0.4983,1.0068
2026-05-25 23:30:00+00:00,0.5024,0.4976,1.0096
2026-05-25 23:35:00+00:00,0.5027,0.4973,1.0109
2026-05-25 23:40:00+00:00,0.5028,0.4972,1.0113
2026-05-25 23:45:00+00:00,0.5029,0.4971,1.0117
2026-05-25 23:50:00+00:00,0.5029,0.4971,1.0117
2026-05-25 23:55:00+00:00,0.5028,0.4972,1.0113
2026-05-26 00:00:00+00:00,0.5028,0.4972,1.0113
2026-05-26 00:05:00+00:00,0.5021,0.4979,1.0084
2026-05-26 00:10:00+00:00,0.5017,0.4983,1.0068
2026-05-26 00:15:00+00:00,0.5013,0.4987,1.0052
2026-05-26 00:20:00+00:00,0.5013,0.4987,1.0052
2026-05-26 00:25:00+00:00,0.5012,0.4988,1.0048
2026-05-26 00:30:00+00:00,0.5016,0.4984,1.0064
2026-05-26 00:35:00+00:00,0.5018,0.4982,1.0072
2026-05-26 00:40:00+00:00,0.5019,0.4981,1.0076
2026-05-26 00:45:00+00:00,0.5018,0.4982,1.0072
2026-05-26 00:50:00+00:00,0.5015,0.4985,1.006
2026-05-26 00:55:00+00:00,0.5044,0.4956,1.0178
2026-05-26 01:00:00+00:00,0.5054,0.4946,1.0218
2026-05-26 01:05:00+00:00,0.5062,0.4938,1.0251
2026-05-26 01:10:00+00:00,0.5068,0.4932,1.0276
2026-05-26 01:15:00+00:00,0.5081,0.4919,1.0329
2026-05-26 01:20:00+00:00,0.5085,0.4915,1.0346
2026-05-26 01:25:00+00:00,0.5085,0.4915,1.0346
2026-05-26 01:30:00+00:00,0.5089,0.4911,1.0362
2026-05-26 01:35:00+00:00,0.509,0.491,1.0367
2026-05-26 01:40:00+00:00,0.5093,0.4907,1.0379
2026-05-26 01:45:00+00:00,0.5093,0.4907,1.0379
2026-05-26 01:50:00+00:00,0.5101,0.4899,1.0412
2026-05-26 01:55:00+00:00,0.5102,0.4898,1.0416
2026-05-26 02:00:00+00:00,0.5104,0.4896,1.0425
2026-05-26 02:05:00+00:00,0.5107,0.4893,1.0437
2026-05-26 02:10:00+00:00,0.5111,0.4889,1.0454
2026-05-26 02:15:00+00:00,0.5119,0.4881,1.0488
2026-05-26 02:20:00+00:00,0.512,0.488,1.0492
2026-05-26 02:25:00+00:00,0.5124,0.4876,1.0509
2026-05-26 02:30:00+00:00,0.5127,0.4873,1.0521
2026-05-26 02:35:00+00:00,0.513,0.487,1.0534
2026-05-26 02:40:00+00:00,0.5144,0.4856,1.0593
2026-05-26 02:45:00+00:00,0.5146,0.4854,1.0602
2026-05-26 02:50:00+00:00,0.5143,0.4857,1.0589
2026-05-26 02:55:00+00:00,0.5149,0.4851,1.0614
2026-05-26 03:00:00+00:00,0.5152,0.4848,1.0627
2026-05-26 03:05:00+00:00,0.5155,0.4845,1.064
2026-05-26 03:10:00+00:00,0.5155,0.4845,1.064
2026-05-26 03:15:00+00:00,0.5159,0.4841,1.0657
2026-05-26 03:20:00+00:00,0.5161,0.4839,1.0665
2026-05-26 03:25:00+00:00,0.5165,0.4835,1.0683
2026-05-26 03:30:00+00:00,0.5163,0.4837,1.0674
2026-05-26 03:35:00+00:00,0.5175,0.4825,1.0725
2026-05-26 03:40:00+00:00,0.5184,0.4816,1.0764
2026-05-26 03:45:00+00:00,0.5188,0.4812,1.0781
2026-05-26 03:50:00+00:00,0.5191,0.4809,1.0794
2026-05-26 03:55:00+00:00,0.5196,0.4804,1.0816
2026-05-26 04:00:00+00:00,0.5201,0.4799,1.0838
2026-05-26 04:05:00+00:00,0.5206,0.4794,1.0859
2026-05-26 04:10:00+00:00,0.5204,0.4796,1.0851
2026-05-26 04:15:00+00:00,0.5205,0.4795,1.0855
2026-05-26 04:20:00+00:00,0.5204,0.4796,1.0851
2026-05-26 04:25:00+00:00,0.5206,0.4794,1.0859
2026-05-26 04:30:00+00:00,0.5212,0.4788,1.0886
2026-05-26 04:35:00+00:00,0.5223,0.4777,1.0934
2026-05-26 04:40:00+00:00,0.5232,0.4768,1.0973
2026-05-26 04:45:00+00:00,0.5236,0.4764,1.0991
2026-05-26 04:50:00+00:00,0.5241,0.4759,1.1013
2026-05-26 04:55:00+00:00,0.5245,0.4755,1.103
2026-05-26 05:00:00+00:00,0.5249,0.4751,1.1048
2026-05-26 05:05:00+00:00,0.5248,0.4752,1.1044
2026-05-26 05:10:00+00:00,0.5252,0.4748,1.1061
2026-05-26 05:15:00+00:00,0.5258,0.4742,1.1088
2026-05-26 05:20:00+00:00,0.5266,0.4734,1.1124
2026-05-26 05:25:00+00:00,0.5274,0.4726,1.116
2026-05-26 05:30:00+00:00,0.5277,0.4723,1.1173
2026-05-26 05:35:00+00:00,0.5281,0.4719,1.1191
2026-05-26 05:40:00+00:00,0.5297,0.4703,1.1263
2026-05-26 05:45:00+00:00,0.5295,0.4705,1.1254
2026-05-26 05:50:00+00:00,0.5294,0.4706,1.1249
2026-05-26 05:55:00+00:00,0.529,0.471,1.1231
2026-05-26 06:00:00+00:00,0.529,0.471,1.1231
2026-05-26 06:05:00+00:00,0.5294,0.4706,1.1249
2026-05-26 06:10:00+00:00,0.5294,0.4706,1.1249
2026-05-26 06:15:00+00:00,0.5293,0.4707,1.1245
2026-05-26 06:20:00+00:00,0.5291,0.4709,1.1236
2026-05-26 06:25:00+00:00,0.5289,0.4711,1.1227
2026-05-26 06:30:00+00:00,0.5288,0.4712,1.1222
2026-05-26 06:35:00+00:00,0.5285,0.4715,1.1209
2026-05-26 06:40:00+00:00,0.5291,0.4709,1.1236
2026-05-26 06:45:00+00:00,0.5298,0.4702,1.1268
2026-05-26 06:50:00+00:00,0.5295,0.4705,1.1254
2026-05-26 06:55:00+00:00,0.5295,0.4705,1.1254
2026-05-26 07:00:00+00:00,0.5297,0.4703,1.1263
2026-05-26 07:05:00+00:00,0.5294,0.4706,1.1249
2026-05-26 07:10:00+00:00,0.5282,0.4718,1.1195
2026-05-26 07:15:00+00:00,0.5275,0.4725,1.1164
2026-05-26 07:20:00+00:00,0.5268,0.4732,1.1133
2026-05-26 07:25:00+00:00,0.5269,0.4731,1.1137
2026-05-26 07:30:00+00:00,0.5275,0.4725,1.1164
2026-05-26 07:35:00+00:00,0.5275,0.4725,1.1164
2026-05-26 07:40:00+00:00,0.5265,0.4735,1.1119
2026-05-26 07:45:00+00:00,0.5269,0.4731,1.1137
2026-05-26 07:50:00+00:00,0.5267,0.4733,1.1128
2026-05-26 07:55:00+00:00,0.5275,0.4725,1.1164
2026-05-26 08:00:00+00:00,0.5276,0.4724,1.1169
2026-05-26 08:05:00+00:00,0.5278,0.4722,1.1177
2026-05-26 08:10:00+00:00,0.528,0.472,1.1186
2026-05-26 08:15:00+00:00,0.5285,0.4715,1.1209
2026-05-26 08:20:00+00:00,0.5289,0.4711,1.1227
2026-05-26 08:25:00+00:00,0.529,0.471,1.1231
2026-05-26 08:30:00+00:00,0.529,0.471,1.1231
2026-05-26 08:35:00+00:00,0.5291,0.4709,1.1236
2026-05-26 08:40:00+00:00,0.5291,0.4709,1.1236
2026-05-26 08:45:00+00:00,0.5293,0.4707,1.1245
2026-05-26 08:50:00+00:00,0.5294,0.4706,1.1249
2026-05-26 08:55:00+00:00,0.5294,0.4706,1.1249
2026-05-26 09:00:00+00:00,0.5295,0.4705,1.1254
2026-05-26 09:05:00+00:00,0.5291,0.4709,1.1236
2026-05-26 09:10:00+00:00,0.5287,0.4713,1.1218
2026-05-26 09:15:00+00:00,0.5287,0.4713,1.1218
2026-05-26 09:20:00+00:00,0.5284,0.4716,1.1204
2026-05-26 09:25:00+00:00,0.5282,0.4718,1.1195
2026-05-26 09:30:00+00:00,0.5282,0.4718,1.1195
2026-05-26 09:35:00+00:00,0.5282,0.4718,1.1195
2026-05-26 09:40:00+00:00,0.5283,0.4717,1.12
2026-05-26 09:45:00+00:00,0.5282,0.4718,1.1195
2026-05-26 09:50:00+00:00,0.5281,0.4719,1.1191
2026-05-26 09:55:00+00:00,0.528,0.472,1.1186
2026-05-26 10:00:00+00:00,0.528,0.472,1.1186
2026-05-26 10:05:00+00:00,0.5274,0.4726,1.116
2026-05-26 10:10:00+00:00,0.5272,0.4728,1.1151
2026-05-26 10:15:00+00:00,0.5278,0.4722,1.1177
2026-05-26 10:20:00+00:00,0.5289,0.4711,1.1227
2026-05-26 10:25:00+00:00,0.5294,0.4706,1.1249
2026-05-26 10:30:00+00:00,0.5314,0.4686,1.134
2026-05-26 10:35:00+00:00,0.5307,0.4693,1.1308
2026-05-26 10:40:00+00:00,0.5313,0.4687,1.1336
2026-05-26 10:45:00+00:00,0.5289,0.4711,1.1227
2026-05-26 10:50:00+00:00,0.527,0.473,1.1142
2026-05-26 10:55:00+00:00,0.525,0.475,1.1053
2026-05-26 11:00:00+00:00,0.5238,0.4762,1.1
2026-05-26 11:05:00+00:00,0.5228,0.4772,1.0956
2026-05-26 11:10:00+00:00,0.5216,0.4784,1.0903
2026-05-26 11:15:00+00:00,0.5213,0.4787,1.089
2026-05-26 11:20:00+00:00,0.5218,0.4782,1.0912
2026-05-26 11:25:00+00:00,0.5224,0.4776,1.0938
2026-05-26 11:30:00+00:00,0.5228,0.4772,1.0956
2026-05-26 11:35:00+00:00,0.5233,0.4767,1.0978
2026-05-26 11:40:00+00:00,0.5232,0.4768,1.0973
2026-05-26 11:45:00+00:00,0.5235,0.4765,1.0986
2026-05-26 11:50:00+00:00,0.5233,0.4767,1.0978
2026-05-26 11:55:00+00:00,0.5236,0.4764,1.0991
2026-05-26 12:00:00+00:00,0.5237,0.4763,1.0995
2026-05-26 12:05:00+00:00,0.524,0.476,1.1008
2026-05-26 12:10:00+00:00,0.5248,0.4752,1.1044
2026-05-26 12:15:00+00:00,0.5256,0.4744,1.1079
2026-05-26 12:20:00+00:00,0.5257,0.4743,1.1084
2026-05-26 12:25:00+00:00,0.526,0.474,1.1097
2026-05-26 12:30:00+00:00,0.5258,0.4742,1.1088
2026-05-26 12:35:00+00:00,0.5272,0.4728,1.1151
2026-05-26 12:40:00+00:00,0.5275,0.4725,1.1164
2026-05-26 12:45:00+00:00,0.5286,0.4714,1.1213
2026-05-26 12:50:00+00:00,0.5291,0.4709,1.1236
2026-05-26 12:55:00+00:00,0.5297,0.4703,1.1263
2026-05-26 13:00:00+00:00,0.5307,0.4693,1.1308
2026-05-26 13:05:00+00:00,0.5308,0.4692,1.1313
2026-05-26 13:10:00+00:00,0.5306,0.4694,1.1304
2026-05-26 13:15:00+00:00,0.5304,0.4696,1.1295
2026-05-26 13:20:00+00:00,0.53,0.47,1.1277
2026-05-26 13:25:00+00:00,0.5304,0.4696,1.1295
2026-05-26 13:30:00+00:00,0.5309,0.4691,1.1317
2026-05-26 13:35:00+00:00,0.5313,0.4687,1.1336
2026-05-26 13:40:00+00:00,0.5335,0.4665,1.1436
2026-05-26 13:45:00+00:00,0.5346,0.4654,1.1487
2026-05-26 13:50:00+00:00,0.5352,0.4648,1.1515
2026-05-26 13:55:00+00:00,0.534,0.466,1.1459
2026-05-26 14:00:00+00:00,0.5335,0.4665,1.1436
2026-05-26 14:05:00+00:00,0.5337,0.4663,1.1445
2026-05-26 14:10:00+00:00,0.5334,0.4666,1.1432
2026-05-26 14:15:00+00:00,0.533,0.467,1.1413
2026-05-26 14:20:00+00:00,0.5273,0.4727,1.1155
2026-05-26 14:25:00+00:00,0.5213,0.4787,1.089
2026-05-26 14:30:00+00:00,0.514,0.486,1.0576
2026-05-26 14:35:00+00:00,0.5143,0.4857,1.0589
2026-05-26 14:40:00+00:00,0.5215,0.4785,1.0899
2026-05-26 14:45:00+00:00,0.5311,0.4689,1.1327
2026-05-26 14:50:00+00:00,0.5362,0.4638,1.1561
2026-05-26 14:55:00+00:00,0.537,0.463,1.1598
2026-05-26 15:00:00+00:00,0.5364,0.4636,1.157
2026-05-26 15:05:00+00:00,0.537,0.463,1.1598
2026-05-26 15:10:00+00:00,0.5377,0.4623,1.1631
2026-05-26 15:15:00+00:00,0.5385,0.4615,1.1668
2026-05-26 15:20:00+00:00,0.539,0.461,1.1692
2026-05-26 15:25:00+00:00,0.5384,0.4616,1.1664
2026-05-26 15:30:00+00:00,0.5391,0.4609,1.1697
2026-05-26 15:35:00+00:00,0.5397,0.4603,1.1725
2026-05-26 15:40:00+00:00,0.5401,0.4599,1.1744
2026-05-26 15:45:00+00:00,0.543,0.457,1.1882
2026-05-26 15:50:00+00:00,0.5436,0.4564,1.1911
2026-05-26 15:55:00+00:00,0.544,0.456,1.193
2026-05-26 16:00:00+00:00,0.5462,0.4538,1.2036
2026-05-26 16:05:00+00:00,0.5459,0.4541,1.2022
2026-05-26 16:10:00+00:00,0.5458,0.4542,1.2017
2026-05-26 16:15:00+00:00,0.5466,0.4534,1.2056
2026-05-26 16:20:00+00:00,0.5479,0.4521,1.2119
2026-05-26 16:25:00+00:00,0.5491,0.4509,1.2178
2026-05-26 16:30:00+00:00,0.5505,0.4495,1.2247
2026-05-26 16:35:00+00:00,0.5515,0.4485,1.2297
2026-05-26 16:40:00+00:00,0.5531,0.4469,1.2376
2026-05-26 16:45:00+00:00,0.5528,0.4472,1.2361
2026-05-26 16:50:00+00:00,0.5525,0.4475,1.2346
2026-05-26 16:55:00+00:00,0.552,0.448,1.2321
2026-05-26 17:00:00+00:00,0.5522,0.4478,1.2331
2026-05-26 17:05:00+00:00,0.5529,0.4471,1.2366
2026-05-26 17:10:00+00:00,0.5526,0.4474,1.2351
2026-05-26 17:15:00+00:00,0.5528,0.4472,1.2361
2026-05-26 17:20:00+00:00,0.5527,0.4473,1.2356
2026-05-26 17:25:00+00:00,0.553,0.447,1.2371
2026-05-26 17:30:00+00:00,0.554,0.446,1.2422
2026-05-26 17:35:00+00:00,0.5527,0.4473,1.2356
2026-05-26 17:40:00+00:00,0.5544,0.4456,1.2442
2026-05-26 17:45:00+00:00,0.5537,0.4463,1.2406
2026-05-26 17:50:00+00:00,0.5553,0.4447,1.2487
2026-05-26 17:55:00+00:00,0.5559,0.4441,1.2517
2026-05-26 18:00:00+00:00,0.5559,0.4441,1.2517
2026-05-26 18:05:00+00:00,0.5559,0.4441,1.2517
2026-05-26 18:10:00+00:00,0.5566,0.4434,1.2553
2026-05-26 18:15:00+00:00,0.557,0.443,1.2573
2026-05-26 18:20:00+00:00,0.5581,0.4419,1.263
2026-05-26 18:25:00+00:00,0.5592,0.4408,1.2686
2026-05-26 18:30:00+00:00,0.559,0.441,1.2676
2026-05-26 18:35:00+00:00,0.5592,0.4408,1.2686
2026-05-26 18:40:00+00:00,0.5594,0.4406,1.2696
2026-05-26 18:45:00+00:00,0.5592,0.4408,1.2686
2026-05-26 18:50:00+00:00,0.5596,0.4404,1.2707
2026-05-26 18:55:00+00:00,0.56,0.44,1.2727
2026-05-26 19:00:00+00:00,0.5598,0.4402,1.2717
2026-05-26 19:05:00+00:00,0.5598,0.4402,1.2717
2026-05-26 19:10:00+00:00,0.5601,0.4399,1.2732
2026-05-26 19:15:00+00:00,0.5604,0.4396,1.2748
2026-05-26 19:20:00+00:00,0.5607,0.4393,1.2763
2026-05-26 19:25:00+00:00,0.561,0.439,1.2779
2026-05-26 19:30:00+00:00,0.5616,0.4384,1.281
2026-05-26 19:35:00+00:00,0.5622,0.4378,1.2841
2026-05-26 19:40:00+00:00,0.5625,0.4375,1.2857
2026-05-26 19:45:00+00:00,0.563,0.437,1.2883
2026-05-26 19:50:00+00:00,0.5633,0.4367,1.2899
2026-05-26 19:55:00+00:00,0.5639,0.4361,1.2931
2026-05-26 20:00:00+00:00,0.564,0.436,1.2936
2026-05-26 20:05:00+00:00,0.564,0.436,1.2936
2026-05-26 20:10:00+00:00,0.5645,0.4355,1.2962
2026-05-26 20:15:00+00:00,0.5648,0.4352,1.2978
2026-05-26 20:20:00+00:00,0.5651,0.4349,1.2994
2026-05-26 20:25:00+00:00,0.5648,0.4352,1.2978
2026-05-26 20:30:00+00:00,0.5652,0.4348,1.2999
2026-05-26 20:35:00+00:00,0.5653,0.4347,1.3004
2026-05-26 20:40:00+00:00,0.565,0.435,1.2989
2026-05-26 20:45:00+00:00,0.5651,0.4349,1.2994
2026-05-26 20:50:00+00:00,0.5653,0.4347,1.3004
2026-05-26 20:55:00+00:00,0.5653,0.4347,1.3004
2026-05-26 21:00:00+00:00,0.5654,0.4346,1.301
2026-05-26 21:05:00+00:00,0.5654,0.4346,1.301
2026-05-26 21:10:00+00:00,0.5653,0.4347,1.3004
2026-05-26 21:15:00+00:00,0.5649,0.4351,1.2983
2026-05-26 21:20:00+00:00,0.565,0.435,1.2989
2026-05-26 21:25:00+00:00,0.5655,0.4345,1.3015
2026-05-26 21:30:00+00:00,0.5657,0.4343,1.3026
2026-05-26 21:35:00+00:00,0.5658,0.4342,1.3031
2026-05-26 21:40:00+00:00,0.5658,0.4342,1.3031
2026-05-26 21:45:00+00:00,0.5658,0.4342,1.3031
2026-05-26 21:50:00+00:00,0.5659,0.4341,1.3036
2026-05-26 21:55:00+00:00,0.5662,0.4338,1.3052
2026-05-26 22:00:00+00:00,0.5661,0.4339,1.3047
2026-05-26 22:05:00+00:00,0.5664,0.4336,1.3063
2026-05-26 22:10:00+00:00,0.5665,0.4335,1.3068
2026-05-26 22:15:00+00:00,0.566,0.434,1.3041
2026-05-26 22:20:00+00:00,0.5662,0.4338,1.3052
2026-05-26 22:25:00+00:00,0.5664,0.4336,1.3063
2026-05-26 22:30:00+00:00,0.5667,0.4333,1.3079
2026-05-26 22:35:00+00:00,0.5671,0.4329,1.31
2026-05-26 22:40:00+00:00,0.5676,0.4324,1.3127
2026-05-26 22:45:00+00:00,0.5679,0.4321,1.3143
2026-05-26 22:50:00+00:00,0.5672,0.4328,1.3105
2026-05-26 22:55:00+00:00,0.5675,0.4325,1.3121
2026-05-26 23:00:00+00:00,0.5676,0.4324,1.3127
2026-05-26 23:05:00+00:00,0.5686,0.4314,1.318
2026-05-26 23:10:00+00:00,0.5691,0.4309,1.3207
2026-05-26 23:15:00+00:00,0.5697,0.4303,1.324
2026-05-26 23:20:00+00:00,0.5704,0.4296,1.3277
2026-05-26 23:25:00+00:00,0.5707,0.4293,1.3294
2026-05-26 23:30:00+00:00,0.5708,0.4292,1.3299
2026-05-26 23:35:00+00:00,0.5712,0.4288,1.3321
2026-05-26 23:40:00+00:00,0.5719,0.4281,1.3359
2026-05-26 23:45:00+00:00,0.5721,0.4279,1.337
2026-05-26 23:50:00+00:00,0.5724,0.4276,1.3386
2026-05-26 23:55:00+00:00,0.5725,0.4275,1.3392
2026-05-27 00:00:00+00:00,0.5725,0.4275,1.3392
2026-05-27 00:05:00+00:00,0.572,0.428,1.3364
2026-05-27 00:10:00+00:00,0.5722,0.4278,1.3375
2026-05-27 00:15:00+00:00,0.5727,0.4273,1.3403
2026-05-27 00:20:00+00:00,0.5727,0.4273,1.3403
2026-05-27 00:25:00+00:00,0.5727,0.4273,1.3403
2026-05-27 00:30:00+00:00,0.5728,0.4272,1.3408
2026-05-27 00:35:00+00:00,0.5732,0.4268,1.343
2026-05-27 00:40:00+00:00,0.5737,0.4263,1.3458
2026-05-27 00:45:00+00:00,0.5738,0.4262,1.3463
2026-05-27 00:50:00+00:00,0.5745,0.4255,1.3502
2026-05-27 00:55:00+00:00,0.5752,0.4248,1.354
2026-05-27 01:00:00+00:00,0.576,0.424,1.3585
2026-05-27 01:05:00+00:00,0.5766,0.4234,1.3618
2026-05-27 01:10:00+00:00,0.5768,0.4232,1.3629
2026-05-27 01:15:00+00:00,0.5769,0.4231,1.3635
2026-05-27 01:20:00+00:00,0.5771,0.4229,1.3646
2026-05-27 01:25:00+00:00,0.5772,0.4228,1.3652
2026-05-27 01:30:00+00:00,0.5773,0.4227,1.3657
2026-05-27 01:35:00+00:00,0.5772,0.4228,1.3652
2026-05-27 01:40:00+00:00,0.5772,0.4228,1.3652
2026-05-27 01:45:00+00:00,0.5777,0.4223,1.368
2026-05-27 01:50:00+00:00,0.5776,0.4224,1.3674
2026-05-27 01:55:00+00:00,0.5779,0.4221,1.3691
2026-05-27 02:00:00+00:00,0.5778,0.4222,1.3685
2026-05-27 02:05:00+00:00,0.578,0.422,1.3697
2026-05-27 02:10:00+00:00,0.5781,0.4219,1.3702
2026-05-27 02:15:00+00:00,0.5779,0.4221,1.3691
2026-05-27 02:20:00+00:00,0.5777,0.4223,1.368
2026-05-27 02:25:00+00:00,0.5781,0.4219,1.3702
2026-05-27 02:30:00+00:00,0.5781,0.4219,1.3702
2026-05-27 02:35:00+00:00,0.5781,0.4219,1.3702
2026-05-27 02:40:00+00:00,0.5782,0.4218,1.3708
2026-05-27 02:45:00+00:00,0.578,0.422,1.3697
2026-05-27 02:50:00+00:00,0.5782,0.4218,1.3708
2026-05-27 02:55:00+00:00,0.5786,0.4214,1.373
2026-05-27 03:00:00+00:00,0.5793,0.4207,1.377
2026-05-27 03:05:00+00:00,0.5799,0.4201,1.3804
2026-05-27 03:10:00+00:00,0.5806,0.4194,1.3844
2026-05-27 03:15:00+00:00,0.5805,0.4195,1.3838
2026-05-27 03:20:00+00:00,0.581,0.419,1.3866
2026-05-27 03:25:00+00:00,0.5809,0.4191,1.3861
2026-05-27 03:30:00+00:00,0.5807,0.4193,1.3849
2026-05-27 03:35:00+00:00,0.5807,0.4193,1.3849
2026-05-27 03:40:00+00:00,0.5806,0.4194,1.3844
2026-05-27 03:45:00+00:00,0.5806,0.4194,1.3844
2026-05-27 03:50:00+00:00,0.5801,0.4199,1.3815
2026-05-27 03:55:00+00:00,0.58,0.42,1.381
2026-05-27 04:00:00+00:00,0.5801,0.4199,1.3815
2026-05-27 04:05:00+00:00,0.5804,0.4196,1.3832
2026-05-27 04:10:00+00:00,0.5802,0.4198,1.3821
2026-05-27 04:15:00+00:00,0.5805,0.4195,1.3838
2026-05-27 04:20:00+00:00,0.5803,0.4197,1.3827
2026-05-27 04:25:00+00:00,0.5801,0.4199,1.3815
2026-05-27 04:30:00+00:00,0.5802,0.4198,1.3821
2026-05-27 04:35:00+00:00,0.5798,0.4202,1.3798
2026-05-27 04:40:00+00:00,0.5805,0.4195,1.3838
2026-05-27 04:45:00+00:00,0.581,0.419,1.3866
2026-05-27 04:50:00+00:00,0.5822,0.4178,1.3935
2026-05-27 04:55:00+00:00,0.5835,0.4165,1.401
2026-05-27 05:00:00+00:00,0.5841,0.4159,1.4044
2026-05-27 05:05:00+00:00,0.5849,0.4151,1.4091
2026-05-27 05:10:00+00:00,0.5852,0.4148,1.4108
2026-05-27 05:15:00+00:00,0.5857,0.4143,1.4137
2026-05-27 05:20:00+00:00,0.5859,0.4141,1.4149
2026-05-27 05:25:00+00:00,0.5862,0.4138,1.4166
2026-05-27 05:30:00+00:00,0.5869,0.4131,1.4207
2026-05-27 05:35:00+00:00,0.587,0.413,1.4213
2026-05-27 05:40:00+00:00,0.5873,0.4127,1.4231
2026-05-27 05:45:00+00:00,0.5875,0.4125,1.4242
2026-05-27 05:50:00+00:00,0.5875,0.4125,1.4242
2026-05-27 05:55:00+00:00,0.5877,0.4123,1.4254
2026-05-27 06:00:00+00:00,0.5886,0.4114,1.4307
2026-05-27 06:05:00+00:00,0.5891,0.4109,1.4337
2026-05-27 06:10:00+00:00,0.5898,0.4102,1.4378
2026-05-27 06:15:00+00:00,0.5882,0.4118,1.4284
2026-05-27 06:20:00+00:00,0.5882,0.4118,1.4284
2026-05-27 06:25:00+00:00,0.5882,0.4118,1.4284
2026-05-27 06:30:00+00:00,0.5882,0.4118,1.4284
2026-05-27 06:35:00+00:00,0.5881,0.4119,1.4278
2026-05-27 06:40:00+00:00,0.5882,0.4118,1.4284
2026-05-27 06:45:00+00:00,0.5887,0.4113,1.4313
2026-05-27 06:50:00+00:00,0.5894,0.4106,1.4355
2026-05-27 06:55:00+00:00,0.5898,0.4102,1.4378
2026-05-27 07:00:00+00:00,0.5896,0.4104,1.4366
2026-05-27 07:05:00+00:00,0.5907,0.4093,1.4432
2026-05-27 07:10:00+00:00,0.5905,0.4095,1.442
2026-05-27 07:15:00+00:00,0.5902,0.4098,1.4402
2026-05-27 07:20:00+00:00,0.5896,0.4104,1.4366
2026-05-27 07:25:00+00:00,0.5897,0.4103,1.4372
2026-05-27 07:30:00+00:00,0.5899,0.4101,1.4384
2026-05-27 07:35:00+00:00,0.59,0.41,1.439
2026-05-27 07:40:00+00:00,0.5903,0.4097,1.4408
2026-05-27 07:45:00+00:00,0.5904,0.4096,1.4414
2026-05-27 07:50:00+00:00,0.5905,0.4095,1.442
2026-05-27 07:55:00+00:00,0.5906,0.4094,1.4426
2026-05-27 08:00:00+00:00,0.5913,0.4087,1.4468
2026-05-27 08:05:00+00:00,0.5929,0.4071,1.4564
2026-05-27 08:10:00+00:00,0.5926,0.4074,1.4546
2026-05-27 08:15:00+00:00,0.5923,0.4077,1.4528
2026-05-27 08:20:00+00:00,0.5912,0.4088,1.4462
2026-05-27 08:25:00+00:00,0.5912,0.4088,1.4462
2026-05-27 08:30:00+00:00,0.5948,0.4052,1.4679
2026-05-27 08:35:00+00:00,0.5949,0.4051,1.4685
2026-05-27 08:40:00+00:00,0.595,0.405,1.4691
2026-05-27 08:45:00+00:00,0.5949,0.4051,1.4685
2026-05-27 08:50:00+00:00,0.5946,0.4054,1.4667
2026-05-27 08:55:00+00:00,0.5936,0.4064,1.4606
2026-05-27 09:00:00+00:00,0.5929,0.4071,1.4564
2026-05-27 09:05:00+00:00,0.5922,0.4078,1.4522
2026-05-27 09:10:00+00:00,0.5919,0.4081,1.4504
2026-05-27 09:15:00+00:00,0.5919,0.4081,1.4504
2026-05-27 09:20:00+00:00,0.5917,0.4083,1.4492
2026-05-27 09:25:00+00:00,0.5921,0.4079,1.4516
2026-05-27 09:30:00+00:00,0.5923,0.4077,1.4528
2026-05-27 09:35:00+00:00,0.5926,0.4074,1.4546
2026-05-27 09:40:00+00:00,0.593,0.407,1.457
2026-05-27 09:45:00+00:00,0.593,0.407,1.457
2026-05-27 09:50:00+00:00,0.5931,0.4069,1.4576
2026-05-27 09:55:00+00:00,0.593,0.407,1.457
2026-05-27 10:00:00+00:00,0.593,0.407,1.457
2026-05-27 10:05:00+00:00,0.5928,0.4072,1.4558
2026-05-27 10:10:00+00:00,0.5931,0.4069,1.4576
2026-05-27 10:15:00+00:00,0.5931,0.4069,1.4576
2026-05-27 10:20:00+00:00,0.5937,0.4063,1.4612
2026-05-27 10:25:00+00:00,0.5938,0.4062,1.4618
2026-05-27 10:30:00+00:00,0.5943,0.4057,1.4649
2026-05-27 10:35:00+00:00,0.5942,0.4058,1.4643
2026-05-27 10:40:00+00:00,0.5939,0.4061,1.4624
2026-05-27 10:45:00+00:00,0.5938,0.4062,1.4618
2026-05-27 10:50:00+00:00,0.5938,0.4062,1.4618
2026-05-27 10:55:00+00:00,0.5937,0.4063,1.4612
2026-05-27 11:00:00+00:00,0.5937,0.4063,1.4612
2026-05-27 11:05:00+00:00,0.5937,0.4063,1.4612
2026-05-27 11:10:00+00:00,0.5941,0.4059,1.4637
2026-05-27 11:15:00+00:00,0.594,0.406,1.4631
2026-05-27 11:20:00+00:00,0.5943,0.4057,1.4649
2026-05-27 11:25:00+00:00,0.5942,0.4058,1.4643
2026-05-27 11:30:00+00:00,0.5944,0.4056,1.4655
2026-05-27 11:35:00+00:00,0.5936,0.4064,1.4606
2026-05-27 11:40:00+00:00,0.5936,0.4064,1.4606
2026-05-27 11:45:00+00:00,0.5932,0.4068,1.4582
2026-05-27 11:50:00+00:00,0.5927,0.4073,1.4552
2026-05-27 11:55:00+00:00,0.5927,0.4073,1.4552
2026-05-27 12:00:00+00:00,0.5922,0.4078,1.4522
2026-05-27 12:05:00+00:00,0.5918,0.4082,1.4498
2026-05-27 12:10:00+00:00,0.5913,0.4087,1.4468
2026-05-27 12:15:00+00:00,0.5909,0.4091,1.4444
2026-05-27 12:20:00+00:00,0.5913,0.4087,1.4468
2026-05-27 12:25:00+00:00,0.5957,0.4043,1.4734
2026-05-27 12:30:00+00:00,0.5963,0.4037,1.4771
2026-05-27 12:35:00+00:00,0.5962,0.4038,1.4765
2026-05-27 12:40:00+00:00,0.596,0.404,1.4752
2026-05-27 12:45:00+00:00,0.5959,0.4041,1.4746
2026-05-27 12:50:00+00:00,0.5949,0.4051,1.4685
2026-05-27 12:55:00+00:00,0.5953,0.4047,1.471
2026-05-27 13:00:00+00:00,0.595,0.405,1.4691
2026-05-27 13:05:00+00:00,0.5949,0.4051,1.4685
2026-05-27 13:10:00+00:00,0.594,0.406,1.4631
2026-05-27 13:15:00+00:00,0.5951,0.4049,1.4697
2026-05-27 13:20:00+00:00,0.5969,0.4031,1.4808
2026-05-27 13:25:00+00:00,0.5974,0.4026,1.4839
2026-05-27 13:30:00+00:00,0.5971,0.4029,1.482
2026-05-27 13:35:00+00:00,0.5996,0.4004,1.4975
2026-05-27 13:40:00+00:00,0.6055,0.3945,1.5349
2026-05-27 13:45:00+00:00,0.6157,0.3843,1.6021
2026-05-27 13:50:00+00:00,0.6184,0.3816,1.6205
2026-05-27 13:55:00+00:00,0.6213,0.3787,1.6406
2026-05-27 14:00:00+00:00,0.623,0.377,1.6525
2026-05-27 14:05:00+00:00,0.6197,0.3803,1.6295
2026-05-27 14:10:00+00:00,0.6129,0.3871,1.5833
2026-05-27 14:15:00+00:00,0.6127,0.3873,1.582
2026-05-27 14:20:00+00:00,0.6139,0.3861,1.59
2026-05-27 14:25:00+00:00,0.6131,0.3869,1.5846
2026-05-27 14:30:00+00:00,0.612,0.388,1.5773
2026-05-27 14:35:00+00:00,0.6127,0.3873,1.582
2026-05-27 14:40:00+00:00,0.6131,0.3869,1.5846
2026-05-27 14:45:00+00:00,0.6134,0.3866,1.5867
2026-05-27 14:50:00+00:00,0.6142,0.3858,1.592
2026-05-27 14:55:00+00:00,0.6146,0.3854,1.5947
2026-05-27 15:00:00+00:00,0.6149,0.3851,1.5967
2026-05-27 15:05:00+00:00,0.615,0.385,1.5974
2026-05-27 15:10:00+00:00,0.6151,0.3849,1.5981
2026-05-27 15:15:00+00:00,0.6155,0.3845,1.6008
2026-05-27 15:20:00+00:00,0.6167,0.3833,1.6089
2026-05-27 15:25:00+00:00,0.6165,0.3835,1.6076
2026-05-27 15:30:00+00:00,0.6162,0.3838,1.6055
2026-05-27 15:35:00+00:00,0.6155,0.3845,1.6008
2026-05-27 15:40:00+00:00,0.615,0.385,1.5974
2026-05-27 15:45:00+00:00,0.6137,0.3863,1.5887
2026-05-27 15:50:00+00:00,0.6136,0.3864,1.588
2026-05-27 15:55:00+00:00,0.6136,0.3864,1.588
2026-05-27 16:00:00+00:00,0.6134,0.3866,1.5867
2026-05-27 16:05:00+00:00,0.6133,0.3867,1.586
2026-05-27 16:10:00+00:00,0.6129,0.3871,1.5833
2026-05-27 16:15:00+00:00,0.6127,0.3873,1.582
2026-05-27 16:20:00+00:00,0.6114,0.3886,1.5733
2026-05-27 16:25:00+00:00,0.6113,0.3887,1.5727
2026-05-27 16:30:00+00:00,0.6115,0.3885,1.574
2026-05-27 16:35:00+00:00,0.6119,0.3881,1.5767
2026-05-27 16:40:00+00:00,0.6115,0.3885,1.574
2026-05-27 16:45:00+00:00,0.6119,0.3881,1.5767
2026-05-27 16:50:00+00:00,0.6125,0.3875,1.5806
2026-05-27 16:55:00+00:00,0.613,0.387,1.584
2026-05-27 17:00:00+00:00,0.6131,0.3869,1.5846
2026-05-27 17:05:00+00:00,0.6126,0.3874,1.5813
2026-05-27 17:10:00+00:00,0.6123,0.3877,1.5793
2026-05-27 17:15:00+00:00,0.6119,0.3881,1.5767
2026-05-27 17:20:00+00:00,0.6123,0.3877,1.5793
2026-05-27 17:25:00+00:00,0.6129,0.3871,1.5833
2026-05-27 17:30:00+00:00,0.6131,0.3869,1.5846
2026-05-27 17:35:00+00:00,0.6131,0.3869,1.5846
2026-05-27 17:40:00+00:00,0.6135,0.3865,1.5873
2026-05-27 17:45:00+00:00,0.6134,0.3866,1.5867
2026-05-27 17:50:00+00:00,0.6135,0.3865,1.5873
2026-05-27 17:55:00+00:00,0.6137,0.3863,1.5887
2026-05-27 18:00:00+00:00,0.612,0.388,1.5773
2026-05-27 18:05:00+00:00,0.6124,0.3876,1.58
2026-05-27 18:10:00+00:00,0.6122,0.3878,1.5786
2026-05-27 18:15:00+00:00,0.6119,0.3881,1.5767
2026-05-27 18:20:00+00:00,0.6121,0.3879,1.578
2026-05-27 18:25:00+00:00,0.6124,0.3876,1.58
2026-05-27 18:30:00+00:00,0.613,0.387,1.584
2026-05-27 18:35:00+00:00,0.6133,0.3867,1.586
2026-05-27 18:40:00+00:00,0.6135,0.3865,1.5873
2026-05-27 18:45:00+00:00,0.614,0.386,1.5907
2026-05-27 18:50:00+00:00,0.614,0.386,1.5907
2026-05-27 18:55:00+00:00,0.6144,0.3856,1.5934
2026-05-27 19:00:00+00:00,0.6145,0.3855,1.594
2026-05-27 19:05:00+00:00,0.6147,0.3853,1.5954
2026-05-27 19:10:00+00:00,0.6146,0.3854,1.5947
2026-05-27 19:15:00+00:00,0.6147,0.3853,1.5954
2026-05-27 19:20:00+00:00,0.6145,0.3855,1.594
2026-05-27 19:25:00+00:00,0.6145,0.3855,1.594
2026-05-27 19:30:00+00:00,0.6145,0.3855,1.594
2026-05-27 19:35:00+00:00,0.6149,0.3851,1.5967
2026-05-27 19:40:00+00:00,0.6147,0.3853,1.5954
2026-05-27 19:45:00+00:00,0.6145,0.3855,1.594
2026-05-27 19:50:00+00:00,0.6145,0.3855,1.594
2026-05-27 19:55:00+00:00,0.6145,0.3855,1.594
2026-05-27 20:00:00+00:00,0.6144,0.3856,1.5934
2026-05-27 20:05:00+00:00,0.6152,0.3848,1.5988
2026-05-27 20:10:00+00:00,0.6153,0.3847,1.5994
2026-05-27 20:15:00+00:00,0.6152,0.3848,1.5988
2026-05-27 20:20:00+00:00,0.6152,0.3848,1.5988
2026-05-27 20:25:00+00:00,0.615,0.385,1.5974
2026-05-27 20:30:00+00:00,0.6147,0.3853,1.5954
2026-05-27 20:35:00+00:00,0.6144,0.3856,1.5934
2026-05-27 20:40:00+00:00,0.6144,0.3856,1.5934
2026-05-27 20:45:00+00:00,0.6142,0.3858,1.592
2026-05-27 20:50:00+00:00,0.6142,0.3858,1.592
2026-05-27 20:55:00+00:00,0.6144,0.3856,1.5934
2026-05-27 21:00:00+00:00,0.6144,0.3856,1.5934
2026-05-27 21:05:00+00:00,0.6143,0.3857,1.5927
2026-05-27 21:10:00+00:00,0.6142,0.3858,1.592
2026-05-27 21:15:00+00:00,0.6143,0.3857,1.5927
2026-05-27 21:20:00+00:00,0.6143,0.3857,1.5927
2026-05-27 21:25:00+00:00,0.6143,0.3857,1.5927
2026-05-27 21:30:00+00:00,0.6144,0.3856,1.5934
2026-05-27 21:35:00+00:00,0.6142,0.3858,1.592
2026-05-27 21:40:00+00:00,0.6142,0.3858,1.592
2026-05-27 21:45:00+00:00,0.6135,0.3865,1.5873
2026-05-27 21:50:00+00:00,0.6147,0.3853,1.5954
2026-05-27 21:55:00+00:00,0.6157,0.3843,1.6021
2026-05-27 22:00:00+00:00,0.617,0.383,1.611
2026-05-27 22:05:00+00:00,0.6172,0.3828,1.6123
2026-05-27 22:10:00+00:00,0.6173,0.3827,1.613
2026-05-27 22:15:00+00:00,0.6191,0.3809,1.6254
2026-05-27 22:20:00+00:00,0.6189,0.3811,1.624
2026-05-27 22:25:00+00:00,0.6197,0.3803,1.6295
2026-05-27 22:30:00+00:00,0.6203,0.3797,1.6337
2026-05-27 22:35:00+00:00,0.6205,0.3795,1.635
2026-05-27 22:40:00+00:00,0.6208,0.3792,1.6371
2026-05-27 22:45:00+00:00,0.6213,0.3787,1.6406
2026-05-27 22:50:00+00:00,0.6215,0.3785,1.642
2026-05-27 22:55:00+00:00,0.6215,0.3785,1.642
2026-05-27 23:00:00+00:00,0.6216,0.3784,1.6427
2026-05-27 23:05:00+00:00,0.6221,0.3779,1.6462
2026-05-27 23:10:00+00:00,0.6225,0.3775,1.649
2026-05-27 23:15:00+00:00,0.6229,0.3771,1.6518
2026-05-27 23:20:00+00:00,0.6234,0.3766,1.6553
2026-05-27 23:25:00+00:00,0.624,0.376,1.6596
2026-05-27 23:30:00+00:00,0.6239,0.3761,1.6589
2026-05-27 23:35:00+00:00,0.6244,0.3756,1.6624
2026-05-27 23:40:00+00:00,0.6245,0.3755,1.6631
2026-05-27 23:45:00+00:00,0.6248,0.3752,1.6652
2026-05-27 23:50:00+00:00,0.6257,0.3743,1.6717
2026-05-27 23:55:00+00:00,0.6262,0.3738,1.6752
2026-05-28 00:00:00+00:00,0.6261,0.3739,1.6745
2026-05-28 00:05:00+00:00,0.6264,0.3736,1.6767
2026-05-28 00:10:00+00:00,0.6267,0.3733,1.6788
2026-05-28 00:15:00+00:00,0.6265,0.3735,1.6774
2026-05-28 00:20:00+00:00,0.627,0.373,1.681
2026-05-28 00:25:00+00:00,0.6277,0.3723,1.686
2026-05-28 00:30:00+00:00,0.6274,0.3726,1.6838
2026-05-28 00:35:00+00:00,0.6279,0.3721,1.6874
2026-05-28 00:40:00+00:00,0.6283,0.3717,1.6903
2026-05-28 00:45:00+00:00,0.6285,0.3715,1.6918
2026-05-28 00:50:00+00:00,0.6289,0.3711,1.6947
2026-05-28 00:55:00+00:00,0.6288,0.3712,1.694
2026-05-28 01:00:00+00:00,0.6289,0.3711,1.6947
2026-05-28 01:05:00+00:00,0.6294,0.3706,1.6983
2026-05-28 01:10:00+00:00,0.6295,0.3705,1.6991
2026-05-28 01:15:00+00:00,0.6294,0.3706,1.6983
2026-05-28 01:20:00+00:00,0.6267,0.3733,1.6788
2026-05-28 01:25:00+00:00,0.6268,0.3732,1.6795
2026-05-28 01:30:00+00:00,0.627,0.373,1.681
2026-05-28 01:35:00+00:00,0.627,0.373,1.681
2026-05-28 01:40:00+00:00,0.6273,0.3727,1.6831
2026-05-28 01:45:00+00:00,0.6273,0.3727,1.6831
2026-05-28 01:50:00+00:00,0.6274,0.3726,1.6838
2026-05-28 01:55:00+00:00,0.6278,0.3722,1.6867
2026-05-28 02:00:00+00:00,0.6279,0.3721,1.6874
2026-05-28 02:05:00+00:00,0.628,0.372,1.6882
2026-05-28 02:10:00+00:00,0.6279,0.3721,1.6874
2026-05-28 02:15:00+00:00,0.6281,0.3719,1.6889
2026-05-28 02:20:00+00:00,0.6284,0.3716,1.6911
2026-05-28 02:25:00+00:00,0.6285,0.3715,1.6918
2026-05-28 02:30:00+00:00,0.6285,0.3715,1.6918
2026-05-28 02:35:00+00:00,0.6282,0.3718,1.6896
2026-05-28 02:40:00+00:00,0.6277,0.3723,1.686
2026-05-28 02:45:00+00:00,0.628,0.372,1.6882
2026-05-28 02:50:00+00:00,0.6285,0.3715,1.6918
2026-05-28 02:55:00+00:00,0.6287,0.3713,1.6932
2026-05-28 03:00:00+00:00,0.6288,0.3712,1.694
2026-05-28 03:05:00+00:00,0.6287,0.3713,1.6932
2026-05-28 03:10:00+00:00,0.6292,0.3708,1.6969
2026-05-28 03:15:00+00:00,0.6292,0.3708,1.6969
2026-05-28 03:20:00+00:00,0.6205,0.3795,1.635
2026-05-28 03:25:00+00:00,0.6228,0.3772,1.6511
2026-05-28 03:30:00+00:00,0.6228,0.3772,1.6511
2026-05-28 03:35:00+00:00,0.6238,0.3762,1.6582
2026-05-28 03:40:00+00:00,0.6248,0.3752,1.6652
2026-05-28 03:45:00+00:00,0.6255,0.3745,1.6702
2026-05-28 03:50:00+00:00,0.6267,0.3733,1.6788
2026-05-28 03:55:00+00:00,0.6257,0.3743,1.6717
2026-05-28 04:00:00+00:00,0.6265,0.3735,1.6774
2026-05-28 04:05:00+00:00,0.6229,0.3771,1.6518
2026-05-28 04:10:00+00:00,0.6255,0.3745,1.6702
2026-05-28 04:15:00+00:00,0.6263,0.3737,1.6759
2026-05-28 04:20:00+00:00,0.6268,0.3732,1.6795
2026-05-28 04:25:00+00:00,0.6262,0.3738,1.6752
2026-05-28 04:30:00+00:00,0.6275,0.3725,1.6846
2026-05-28 04:35:00+00:00,0.6299,0.3701,1.702
2026-05-28 04:40:00+00:00,0.6319,0.3681,1.7167
2026-05-28 04:45:00+00:00,0.6334,0.3666,1.7278
2026-05-28 04:50:00+00:00,0.6339,0.3661,1.7315
2026-05-28 04:55:00+00:00,0.6343,0.3657,1.7345
2026-05-28 05:00:00+00:00,0.6348,0.3652,1.7382
2026-05-28 05:05:00+00:00,0.6353,0.3647,1.742
2026-05-28 05:10:00+00:00,0.6352,0.3648,1.7412
2026-05-28 05:15:00+00:00,0.6349,0.3651,1.739
2026-05-28 05:20:00+00:00,0.6344,0.3656,1.7352
2026-05-28 05:25:00+00:00,0.6346,0.3654,1.7367
2026-05-28 05:30:00+00:00,0.635,0.365,1.7397
2026-05-28 05:35:00+00:00,0.6353,0.3647,1.742
2026-05-28 05:40:00+00:00,0.6355,0.3645,1.7435
2026-05-28 05:45:00+00:00,0.6361,0.3639,1.748
2026-05-28 05:50:00+00:00,0.6358,0.3642,1.7457
2026-05-28 05:55:00+00:00,0.6365,0.3635,1.751
2026-05-28 06:00:00+00:00,0.6369,0.3631,1.7541
2026-05-28 06:05:00+00:00,0.6377,0.3623,1.7601
2026-05-28 06:10:00+00:00,0.6381,0.3619,1.7632
2026-05-28 06:15:00+00:00,0.6383,0.3617,1.7647
2026-05-28 06:20:00+00:00,0.6388,0.3612,1.7685
2026-05-28 06:25:00+00:00,0.6396,0.3604,1.7747
2026-05-28 06:30:00+00:00,0.6392,0.3608,1.7716
2026-05-28 06:35:00+00:00,0.6392,0.3608,1.7716
2026-05-28 06:40:00+00:00,0.6383,0.3617,1.7647
2026-05-28 06:45:00+00:00,0.6381,0.3619,1.7632
2026-05-28 06:50:00+00:00,0.6396,0.3604,1.7747
2026-05-28 06:55:00+00:00,0.6402,0.3598,1.7793
2026-05-28 07:00:00+00:00,0.6409,0.3591,1.7847
2026-05-28 07:05:00+00:00,0.6424,0.3576,1.7964
2026-05-28 07:10:00+00:00,0.6427,0.3573,1.7988
2026-05-28 07:15:00+00:00,0.6429,0.3571,1.8003
2026-05-28 07:20:00+00:00,0.6445,0.3555,1.8129
2026-05-28 07:25:00+00:00,0.6458,0.3542,1.8233
2026-05-28 07:30:00+00:00,0.6461,0.3539,1.8257
2026-05-28 07:35:00+00:00,0.6452,0.3548,1.8185
2026-05-28 07:40:00+00:00,0.6463,0.3537,1.8273
2026-05-28 07:45:00+00:00,0.6468,0.3532,1.8313
2026-05-28 07:50:00+00:00,0.6468,0.3532,1.8313
2026-05-28 07:55:00+00:00,0.646,0.354,1.8249
2026-05-28 08:00:00+00:00,0.6461,0.3539,1.8257
2026-05-28 08:05:00+00:00,0.6454,0.3546,1.8201
2026-05-28 08:10:00+00:00,0.6455,0.3545,1.8209
2026-05-28 08:15:00+00:00,0.6452,0.3548,1.8185
2026-05-28 08:20:00+00:00,0.645,0.355,1.8169
2026-05-28 08:25:00+00:00,0.6442,0.3558,1.8106
2026-05-28 08:30:00+00:00,0.6433,0.3567,1.8035
2026-05-28 08:35:00+00:00,0.6431,0.3569,1.8019
2026-05-28 08:40:00+00:00,0.6436,0.3564,1.8058
2026-05-28 08:45:00+00:00,0.6433,0.3567,1.8035
2026-05-28 08:50:00+00:00,0.6434,0.3566,1.8043
2026-05-28 08:55:00+00:00,0.6438,0.3562,1.8074
2026-05-28 09:00:00+00:00,0.6436,0.3564,1.8058
2026-05-28 09:05:00+00:00,0.644,0.356,1.809
2026-05-28 09:10:00+00:00,0.6443,0.3557,1.8114
2026-05-28 09:15:00+00:00,0.644,0.356,1.809
2026-05-28 09:20:00+00:00,0.644,0.356,1.809
2026-05-28 09:25:00+00:00,0.6445,0.3555,1.8129
2026-05-28 09:30:00+00:00,0.6447,0.3553,1.8145
2026-05-28 09:35:00+00:00,0.6448,0.3552,1.8153
2026-05-28 09:40:00+00:00,0.6451,0.3549,1.8177
2026-05-28 09:45:00+00:00,0.6455,0.3545,1.8209
2026-05-28 09:50:00+00:00,0.6464,0.3536,1.8281
2026-05-28 09:55:00+00:00,0.6468,0.3532,1.8313
2026-05-28 10:00:00+00:00,0.6474,0.3526,1.8361
2026-05-28 10:05:00+00:00,0.6473,0.3527,1.8353
2026-05-28 10:10:00+00:00,0.6471,0.3529,1.8337
2026-05-28 10:15:00+00:00,0.6477,0.3523,1.8385
2026-05-28 10:20:00+00:00,0.647,0.353,1.8329
2026-05-28 10:25:00+00:00,0.646,0.354,1.8249
2026-05-28 10:30:00+00:00,0.6459,0.3541,1.8241
2026-05-28 10:35:00+00:00,0.6454,0.3546,1.8201
2026-05-28 10:40:00+00:00,0.6454,0.3546,1.8201
2026-05-28 10:45:00+00:00,0.6457,0.3543,1.8225
2026-05-28 10:50:00+00:00,0.6458,0.3542,1.8233
2026-05-28 10:55:00+00:00,0.6451,0.3549,1.8177
2026-05-28 11:00:00+00:00,0.645,0.355,1.8169
2026-05-28 11:05:00+00:00,0.6456,0.3544,1.8217
2026-05-28 11:10:00+00:00,0.6449,0.3551,1.8161
2026-05-28 11:15:00+00:00,0.6446,0.3554,1.8137
2026-05-28 11:20:00+00:00,0.6443,0.3557,1.8114
2026-05-28 11:25:00+00:00,0.6441,0.3559,1.8098
2026-05-28 11:30:00+00:00,0.6437,0.3563,1.8066
2026-05-28 11:35:00+00:00,0.6431,0.3569,1.8019
2026-05-28 11:40:00+00:00,0.6432,0.3568,1.8027
2026-05-28 11:45:00+00:00,0.6434,0.3566,1.8043
2026-05-28 11:50:00+00:00,0.6435,0.3565,1.805
2026-05-28 11:55:00+00:00,0.6436,0.3564,1.8058
2026-05-28 12:00:00+00:00,0.6435,0.3565,1.805
2026-05-28 12:05:00+00:00,0.6434,0.3566,1.8043
2026-05-28 12:10:00+00:00,0.6435,0.3565,1.805
2026-05-28 12:15:00+00:00,0.6428,0.3572,1.7996
2026-05-28 12:20:00+00:00,0.6421,0.3579,1.7941
2026-05-28 12:25:00+00:00,0.6408,0.3592,1.784
2026-05-28 12:30:00+00:00,0.6406,0.3594,1.7824
2026-05-28 12:35:00+00:00,0.6406,0.3594,1.7824
2026-05-28 12:40:00+00:00,0.6406,0.3594,1.7824
2026-05-28 12:45:00+00:00,0.641,0.359,1.7855
2026-05-28 12:50:00+00:00,0.6411,0.3589,1.7863
2026-05-28 12:55:00+00:00,0.641,0.359,1.7855
2026-05-28 13:00:00+00:00,0.6411,0.3589,1.7863
2026-05-28 13:05:00+00:00,0.6409,0.3591,1.7847
2026-05-28 13:10:00+00:00,0.6403,0.3597,1.7801
2026-05-28 13:15:00+00:00,0.6402,0.3598,1.7793
2026-05-28 13:20:00+00:00,0.6398,0.3602,1.7762
2026-05-28 13:25:00+00:00,0.6382,0.3618,1.764
2026-05-28 13:30:00+00:00,0.6378,0.3622,1.7609
2026-05-28 13:35:00+00:00,0.6383,0.3617,1.7647
2026-05-28 13:40:00+00:00,0.6382,0.3618,1.764
2026-05-28 13:45:00+00:00,0.6376,0.3624,1.7594
2026-05-28 13:50:00+00:00,0.6388,0.3612,1.7685
2026-05-28 13:55:00+00:00,0.6398,0.3602,1.7762
2026-05-28 14:00:00+00:00,0.6403,0.3597,1.7801
2026-05-28 14:05:00+00:00,0.6393,0.3607,1.7724
2026-05-28 14:10:00+00:00,0.6365,0.3635,1.751
2026-05-28 14:15:00+00:00,0.6404,0.3596,1.7809
2026-05-28 14:20:00+00:00,0.6428,0.3572,1.7996
2026-05-28 14:25:00+00:00,0.6415,0.3585,1.7894
2026-05-28 14:30:00+00:00,0.642,0.358,1.7933
2026-05-28 14:35:00+00:00,0.6416,0.3584,1.7902
2026-05-28 14:40:00+00:00,0.642,0.358,1.7933
2026-05-28 14:45:00+00:00,0.6417,0.3583,1.791
2026-05-28 14:50:00+00:00,0.6428,0.3572,1.7996
2026-05-28 14:55:00+00:00,0.6438,0.3562,1.8074
2026-05-28 15:00:00+00:00,0.6444,0.3556,1.8121
2026-05-28 15:05:00+00:00,0.6448,0.3552,1.8153
2026-05-28 15:10:00+00:00,0.6457,0.3543,1.8225
2026-05-28 15:15:00+00:00,0.6457,0.3543,1.8225
2026-05-28 15:20:00+00:00,0.6459,0.3541,1.8241
2026-05-28 15:25:00+00:00,0.6468,0.3532,1.8313
2026-05-28 15:30:00+00:00,0.6471,0.3529,1.8337
2026-05-28 15:35:00+00:00,0.647,0.353,1.8329
2026-05-28 15:40:00+00:00,0.6472,0.3528,1.8345
2026-05-28 15:45:00+00:00,0.6475,0.3525,1.8369
2026-05-28 15:50:00+00:00,0.6477,0.3523,1.8385
2026-05-28 15:55:00+00:00,0.6478,0.3522,1.8393
2026-05-28 16:00:00+00:00,0.6479,0.3521,1.8401
2026-05-28 16:05:00+00:00,0.6478,0.3522,1.8393
2026-05-28 16:10:00+00:00,0.6477,0.3523,1.8385
2026-05-28 16:15:00+00:00,0.6473,0.3527,1.8353
2026-05-28 16:20:00+00:00,0.6476,0.3524,1.8377
2026-05-28 16:25:00+00:00,0.6495,0.3505,1.8531
2026-05-28 16:30:00+00:00,0.6494,0.3506,1.8523
2026-05-28 16:35:00+00:00,0.6492,0.3508,1.8506
2026-05-28 16:40:00+00:00,0.6494,0.3506,1.8523
2026-05-28 16:45:00+00:00,0.6504,0.3496,1.8604
2026-05-28 16:50:00+00:00,0.6505,0.3495,1.8612
2026-05-28 16:55:00+00:00,0.6504,0.3496,1.8604
2026-05-28 17:00:00+00:00,0.6503,0.3497,1.8596
2026-05-28 17:05:00+00:00,0.6494,0.3506,1.8523
2026-05-28 17:10:00+00:00,0.6492,0.3508,1.8506
2026-05-28 17:15:00+00:00,0.6492,0.3508,1.8506
2026-05-28 17:20:00+00:00,0.6486,0.3514,1.8458
2026-05-28 17:25:00+00:00,0.6479,0.3521,1.8401
2026-05-28 17:30:00+00:00,0.6471,0.3529,1.8337
2026-05-28 17:35:00+00:00,0.647,0.353,1.8329
2026-05-28 17:40:00+00:00,0.647,0.353,1.8329
2026-05-28 17:45:00+00:00,0.6465,0.3535,1.8289
2026-05-28 17:50:00+00:00,0.6493,0.3507,1.8514
2026-05-28 17:55:00+00:00,0.6489,0.3511,1.8482
2026-05-28 18:00:00+00:00,0.6481,0.3519,1.8417
2026-05-28 18:05:00+00:00,0.6479,0.3521,1.8401
2026-05-28 18:10:00+00:00,0.648,0.352,1.8409
2026-05-28 18:15:00+00:00,0.6478,0.3522,1.8393
2026-05-28 18:20:00+00:00,0.6476,0.3524,1.8377
2026-05-28 18:25:00+00:00,0.6475,0.3525,1.8369
2026-05-28 18:30:00+00:00,0.6474,0.3526,1.8361
2026-05-28 18:35:00+00:00,0.6471,0.3529,1.8337
2026-05-28 18:40:00+00:00,0.6467,0.3533,1.8305
2026-05-28 18:45:00+00:00,0.6461,0.3539,1.8257
2026-05-28 18:50:00+00:00,0.6457,0.3543,1.8225
2026-05-28 18:55:00+00:00,0.6457,0.3543,1.8225
2026-05-28 19:00:00+00:00,0.6457,0.3543,1.8225
2026-05-28 19:05:00+00:00,0.6448,0.3552,1.8153
2026-05-28 19:10:00+00:00,0.6445,0.3555,1.8129
2026-05-28 19:15:00+00:00,0.6438,0.3562,1.8074
2026-05-28 19:20:00+00:00,0.6431,0.3569,1.8019
2026-05-28 19:25:00+00:00,0.6433,0.3567,1.8035
2026-05-28 19:30:00+00:00,0.6431,0.3569,1.8019
2026-05-28 19:35:00+00:00,0.6428,0.3572,1.7996
2026-05-28 19:40:00+00:00,0.643,0.357,1.8011
2026-05-28 19:45:00+00:00,0.6427,0.3573,1.7988
2026-05-28 19:50:00+00:00,0.6426,0.3574,1.798
2026-05-28 19:55:00+00:00,0.6434,0.3566,1.8043
2026-05-28 20:00:00+00:00,0.6433,0.3567,1.8035
2026-05-28 20:05:00+00:00,0.6426,0.3574,1.798
2026-05-28 20:10:00+00:00,0.6415,0.3585,1.7894
2026-05-28 20:15:00+00:00,0.6398,0.3602,1.7762
2026-05-28 20:20:00+00:00,0.6402,0.3598,1.7793
2026-05-28 20:25:00+00:00,0.6405,0.3595,1.7816
2026-05-28 20:30:00+00:00,0.6406,0.3594,1.7824
2026-05-28 20:35:00+00:00,0.6405,0.3595,1.7816
2026-05-28 20:40:00+00:00,0.6403,0.3597,1.7801
2026-05-28 20:45:00+00:00,0.6404,0.3596,1.7809
2026-05-28 20:50:00+00:00,0.6403,0.3597,1.7801
2026-05-28 20:55:00+00:00,0.6402,0.3598,1.7793
2026-05-28 21:00:00+00:00,0.64,0.36,1.7778
2026-05-28 21:05:00+00:00,0.6401,0.3599,1.7785
2026-05-28 21:10:00+00:00,0.64,0.36,1.7778
2026-05-28 21:15:00+00:00,0.6401,0.3599,1.7785
2026-05-28 21:20:00+00:00,0.6403,0.3597,1.7801
2026-05-28 21:25:00+00:00,0.6405,0.3595,1.7816
2026-05-28 21:30:00+00:00,0.6406,0.3594,1.7824
2026-05-28 21:35:00+00:00,0.6408,0.3592,1.784
2026-05-28 21:40:00+00:00,0.6415,0.3585,1.7894
2026-05-28 21:45:00+00:00,0.6418,0.3582,1.7917
2026-05-28 21:50:00+00:00,0.6416,0.3584,1.7902
2026-05-28 21:55:00+00:00,0.6417,0.3583,1.791
2026-05-28 22:00:00+00:00,0.6403,0.3597,1.7801
2026-05-28 22:05:00+00:00,0.6403,0.3597,1.7801
2026-05-28 22:10:00+00:00,0.6397,0.3603,1.7755
2026-05-28 22:15:00+00:00,0.6392,0.3608,1.7716
2026-05-28 22:20:00+00:00,0.6387,0.3613,1.7678
2026-05-28 22:25:00+00:00,0.6384,0.3616,1.7655
2026-05-28 22:30:00+00:00,0.6381,0.3619,1.7632
2026-05-28 22:35:00+00:00,0.6379,0.3621,1.7617
2026-05-28 22:40:00+00:00,0.6376,0.3624,1.7594
2026-05-28 22:45:00+00:00,0.6368,0.3632,1.7533
2026-05-28 22:50:00+00:00,0.6382,0.3618,1.764
2026-05-28 22:55:00+00:00,0.6382,0.3618,1.764
2026-05-28 23:00:00+00:00,0.6378,0.3622,1.7609
2026-05-28 23:05:00+00:00,0.6377,0.3623,1.7601
2026-05-28 23:10:00+00:00,0.6379,0.3621,1.7617
2026-05-28 23:15:00+00:00,0.6381,0.3619,1.7632
2026-05-28 23:20:00+00:00,0.6384,0.3616,1.7655
2026-05-28 23:25:00+00:00,0.6383,0.3617,1.7647
2026-05-28 23:30:00+00:00,0.6383,0.3617,1.7647
2026-05-28 23:35:00+00:00,0.6384,0.3616,1.7655
2026-05-28 23:40:00+00:00,0.6383,0.3617,1.7647
2026-05-28 23:45:00+00:00,0.6383,0.3617,1.7647
2026-05-28 23:50:00+00:00,0.6381,0.3619,1.7632
2026-05-28 23:55:00+00:00,0.6385,0.3615,1.7663
2026-05-29 00:00:00+00:00,0.6388,0.3612,1.7685
2026-05-29 00:05:00+00:00,0.6385,0.3615,1.7663
2026-05-29 00:10:00+00:00,0.6385,0.3615,1.7663
2026-05-29 00:15:00+00:00,0.6385,0.3615,1.7663
2026-05-29 00:20:00+00:00,0.6389,0.3611,1.7693
2026-05-29 00:25:00+00:00,0.6391,0.3609,1.7709
2026-05-29 00:30:00+00:00,0.6391,0.3609,1.7709
2026-05-29 00:35:00+00:00,0.639,0.361,1.7701
2026-05-29 00:40:00+00:00,0.639,0.361,1.7701
2026-05-29 00:45:00+00:00,0.6387,0.3613,1.7678
2026-05-29 00:50:00+00:00,0.6388,0.3612,1.7685
2026-05-29 00:55:00+00:00,0.6386,0.3614,1.767
2026-05-29 01:00:00+00:00,0.6382,0.3618,1.764
2026-05-29 01:05:00+00:00,0.6381,0.3619,1.7632
2026-05-29 01:10:00+00:00,0.6378,0.3622,1.7609
2026-05-29 01:15:00+00:00,0.6378,0.3622,1.7609
2026-05-29 01:20:00+00:00,0.6381,0.3619,1.7632
2026-05-29 01:25:00+00:00,0.6376,0.3624,1.7594
2026-05-29 01:30:00+00:00,0.6372,0.3628,1.7563
2026-05-29 01:35:00+00:00,0.6369,0.3631,1.7541
2026-05-29 01:40:00+00:00,0.6366,0.3634,1.7518
2026-05-29 01:45:00+00:00,0.6366,0.3634,1.7518
2026-05-29 01:50:00+00:00,0.6366,0.3634,1.7518
2026-05-29 01:55:00+00:00,0.6359,0.3641,1.7465
2026-05-29 02:00:00+00:00,0.6359,0.3641,1.7465
2026-05-29 02:05:00+00:00,0.6361,0.3639,1.748
2026-05-29 02:10:00+00:00,0.6356,0.3644,1.7442
2026-05-29 02:15:00+00:00,0.6357,0.3643,1.745
2026-05-29 02:20:00+00:00,0.6358,0.3642,1.7457
2026-05-29 02:25:00+00:00,0.6354,0.3646,1.7427
2026-05-29 02:30:00+00:00,0.6347,0.3653,1.7375
2026-05-29 02:35:00+00:00,0.6344,0.3656,1.7352
2026-05-29 02:40:00+00:00,0.6343,0.3657,1.7345
2026-05-29 02:45:00+00:00,0.6337,0.3663,1.73
2026-05-29 02:50:00+00:00,0.634,0.366,1.7322
2026-05-29 02:55:00+00:00,0.6334,0.3666,1.7278
2026-05-29 03:00:00+00:00,0.6323,0.3677,1.7196
2026-05-29 03:05:00+00:00,0.6323,0.3677,1.7196
2026-05-29 03:10:00+00:00,0.6328,0.3672,1.7233
2026-05-29 03:15:00+00:00,0.6329,0.3671,1.7241
2026-05-29 03:20:00+00:00,0.6327,0.3673,1.7226
2026-05-29 03:25:00+00:00,0.6328,0.3672,1.7233
2026-05-29 03:30:00+00:00,0.6326,0.3674,1.7218
2026-05-29 03:35:00+00:00,0.6328,0.3672,1.7233
2026-05-29 03:40:00+00:00,0.6328,0.3672,1.7233
2026-05-29 03:45:00+00:00,0.6326,0.3674,1.7218
2026-05-29 03:50:00+00:00,0.6328,0.3672,1.7233
2026-05-29 03:55:00+00:00,0.6326,0.3674,1.7218
2026-05-29 04:00:00+00:00,0.6327,0.3673,1.7226
2026-05-29 04:05:00+00:00,0.633,0.367,1.7248
2026-05-29 04:10:00+00:00,0.6327,0.3673,1.7226
2026-05-29 04:15:00+00:00,0.6325,0.3675,1.7211
2026-05-29 04:20:00+00:00,0.6325,0.3675,1.7211
2026-05-29 04:25:00+00:00,0.6328,0.3672,1.7233
2026-05-29 04:30:00+00:00,0.633,0.367,1.7248
2026-05-29 04:35:00+00:00,0.6332,0.3668,1.7263
2026-05-29 04:40:00+00:00,0.6335,0.3665,1.7285
2026-05-29 04:45:00+00:00,0.6334,0.3666,1.7278
2026-05-29 04:50:00+00:00,0.6334,0.3666,1.7278
2026-05-29 04:55:00+00:00,0.6332,0.3668,1.7263
2026-05-29 05:00:00+00:00,0.6336,0.3664,1.7293
2026-05-29 05:05:00+00:00,0.6341,0.3659,1.733
2026-05-29 05:10:00+00:00,0.6343,0.3657,1.7345
2026-05-29 05:15:00+00:00,0.6344,0.3656,1.7352
2026-05-29 05:20:00+00:00,0.6338,0.3662,1.7307
2026-05-29 05:25:00+00:00,0.6335,0.3665,1.7285
2026-05-29 05:30:00+00:00,0.6335,0.3665,1.7285
2026-05-29 05:35:00+00:00,0.6333,0.3667,1.727
2026-05-29 05:40:00+00:00,0.6332,0.3668,1.7263
2026-05-29 05:45:00+00:00,0.6332,0.3668,1.7263
2026-05-29 05:50:00+00:00,0.6333,0.3667,1.727
2026-05-29 05:55:00+00:00,0.6335,0.3665,1.7285
2026-05-29 06:00:00+00:00,0.6326,0.3674,1.7218
2026-05-29 06:05:00+00:00,0.6315,0.3685,1.7137
2026-05-29 06:10:00+00:00,0.6312,0.3688,1.7115
2026-05-29 06:15:00+00:00,0.6312,0.3688,1.7115
2026-05-29 06:20:00+00:00,0.6311,0.3689,1.7108
2026-05-29 06:25:00+00:00,0.6305,0.3695,1.7064
2026-05-29 06:30:00+00:00,0.6303,0.3697,1.7049
2026-05-29 06:35:00+00:00,0.6298,0.3702,1.7012
2026-05-29 06:40:00+00:00,0.6292,0.3708,1.6969
2026-05-29 06:45:00+00:00,0.6291,0.3709,1.6961
2026-05-29 06:50:00+00:00,0.6291,0.3709,1.6961
2026-05-29 06:55:00+00:00,0.6288,0.3712,1.694
2026-05-29 07:00:00+00:00,0.6288,0.3712,1.694
2026-05-29 07:05:00+00:00,0.6286,0.3714,1.6925
2026-05-29 07:10:00+00:00,0.6285,0.3715,1.6918
2026-05-29 07:15:00+00:00,0.6283,0.3717,1.6903
2026-05-29 07:20:00+00:00,0.6282,0.3718,1.6896
2026-05-29 07:25:00+00:00,0.628,0.372,1.6882
2026-05-29 07:30:00+00:00,0.6274,0.3726,1.6838
2026-05-29 07:35:00+00:00,0.6273,0.3727,1.6831
2026-05-29 07:40:00+00:00,0.6273,0.3727,1.6831
2026-05-29 07:45:00+00:00,0.6273,0.3727,1.6831
2026-05-29 07:50:00+00:00,0.629,0.371,1.6954
2026-05-29 07:55:00+00:00,0.6294,0.3706,1.6983
2026-05-29 08:00:00+00:00,0.6299,0.3701,1.702
2026-05-29 08:05:00+00:00,0.6295,0.3705,1.6991
2026-05-29 08:10:00+00:00,0.6294,0.3706,1.6983
2026-05-29 08:15:00+00:00,0.6289,0.3711,1.6947
2026-05-29 08:20:00+00:00,0.6289,0.3711,1.6947
2026-05-29 08:25:00+00:00,0.6286,0.3714,1.6925
2026-05-29 08:30:00+00:00,0.6283,0.3717,1.6903
2026-05-29 08:35:00+00:00,0.6275,0.3725,1.6846
2026-05-29 08:40:00+00:00,0.6271,0.3729,1.6817
2026-05-29 08:45:00+00:00,0.6268,0.3732,1.6795
2026-05-29 08:50:00+00:00,0.6265,0.3735,1.6774
2026-05-29 08:55:00+00:00,0.6261,0.3739,1.6745
2026-05-29 09:00:00+00:00,0.6257,0.3743,1.6717
2026-05-29 09:05:00+00:00,0.6258,0.3742,1.6724
2026-05-29 09:10:00+00:00,0.626,0.374,1.6738
2026-05-29 09:15:00+00:00,0.626,0.374,1.6738
2026-05-29 09:20:00+00:00,0.6249,0.3751,1.666
2026-05-29 09:25:00+00:00,0.6247,0.3753,1.6645
2026-05-29 09:30:00+00:00,0.6244,0.3756,1.6624
2026-05-29 09:35:00+00:00,0.6241,0.3759,1.6603
2026-05-29 09:40:00+00:00,0.6238,0.3762,1.6582
2026-05-29 09:45:00+00:00,0.6235,0.3765,1.656
2026-05-29 09:50:00+00:00,0.6231,0.3769,1.6532
2026-05-29 09:55:00+00:00,0.6229,0.3771,1.6518
2026-05-29 10:00:00+00:00,0.6227,0.3773,1.6504
2026-05-29 10:05:00+00:00,0.6228,0.3772,1.6511
2026-05-29 10:10:00+00:00,0.623,0.377,1.6525
2026-05-29 10:15:00+00:00,0.6231,0.3769,1.6532
2026-05-29 10:20:00+00:00,0.6231,0.3769,1.6532
2026-05-29 10:25:00+00:00,0.623,0.377,1.6525
2026-05-29 10:30:00+00:00,0.6231,0.3769,1.6532
2026-05-29 10:35:00+00:00,0.623,0.377,1.6525
2026-05-29 10:40:00+00:00,0.6236,0.3764,1.6567
2026-05-29 10:45:00+00:00,0.6237,0.3763,1.6575
2026-05-29 10:50:00+00:00,0.6236,0.3764,1.6567
2026-05-29 10:55:00+00:00,0.6239,0.3761,1.6589
2026-05-29 11:00:00+00:00,0.6241,0.3759,1.6603
2026-05-29 11:05:00+00:00,0.624,0.376,1.6596
2026-05-29 11:10:00+00:00,0.6244,0.3756,1.6624
2026-05-29 11:15:00+00:00,0.6244,0.3756,1.6624
2026-05-29 11:20:00+00:00,0.6245,0.3755,1.6631
2026-05-29 11:25:00+00:00,0.6247,0.3753,1.6645
2026-05-29 11:30:00+00:00,0.6245,0.3755,1.6631
2026-05-29 11:35:00+00:00,0.6243,0.3757,1.6617
2026-05-29 11:40:00+00:00,0.624,0.376,1.6596
2026-05-29 11:45:00+00:00,0.6249,0.3751,1.666
2026-05-29 11:50:00+00:00,0.6249,0.3751,1.666
2026-05-29 11:55:00+00:00,0.6259,0.3741,1.6731
2026-05-29 12:00:00+00:00,0.6264,0.3736,1.6767
2026-05-29 12:05:00+00:00,0.6265,0.3735,1.6774
2026-05-29 12:10:00+00:00,0.6266,0.3734,1.6781
2026-05-29 12:15:00+00:00,0.6266,0.3734,1.6781
2026-05-29 12:20:00+00:00,0.627,0.373,1.681
2026-05-29 12:25:00+00:00,0.6275,0.3725,1.6846
2026-05-29 12:30:00+00:00,0.6271,0.3729,1.6817
2026-05-29 12:35:00+00:00,0.6274,0.3726,1.6838
2026-05-29 12:40:00+00:00,0.6276,0.3724,1.6853
2026-05-29 12:45:00+00:00,0.6275,0.3725,1.6846
2026-05-29 12:50:00+00:00,0.628,0.372,1.6882
2026-05-29 12:55:00+00:00,0.6297,0.3703,1.7005
2026-05-29 13:00:00+00:00,0.6298,0.3702,1.7012
2026-05-29 13:05:00+00:00,0.6296,0.3704,1.6998
2026-05-29 13:10:00+00:00,0.6289,0.3711,1.6947
2026-05-29 13:15:00+00:00,0.6282,0.3718,1.6896
2026-05-29 13:20:00+00:00,0.6282,0.3718,1.6896
2026-05-29 13:25:00+00:00,0.6275,0.3725,1.6846
2026-05-29 13:30:00+00:00,0.6276,0.3724,1.6853
2026-05-29 13:35:00+00:00,0.6273,0.3727,1.6831
2026-05-29 13:40:00+00:00,0.6302,0.3698,1.7042
2026-05-29 13:45:00+00:00,0.6305,0.3695,1.7064
2026-05-29 13:50:00+00:00,0.632,0.368,1.7174
2026-05-29 13:55:00+00:00,0.6317,0.3683,1.7152
2026-05-29 14:00:00+00:00,0.6322,0.3678,1.7189
2026-05-29 14:05:00+00:00,0.6323,0.3677,1.7196
2026-05-29 14:10:00+00:00,0.6319,0.3681,1.7167
2026-05-29 14:15:00+00:00,0.6323,0.3677,1.7196
2026-05-29 14:20:00+00:00,0.6317,0.3683,1.7152
2026-05-29 14:25:00+00:00,0.6325,0.3675,1.7211
2026-05-29 14:30:00+00:00,0.6334,0.3666,1.7278
2026-05-29 14:35:00+00:00,0.6348,0.3652,1.7382
2026-05-29 14:40:00+00:00,0.6346,0.3654,1.7367
2026-05-29 14:45:00+00:00,0.6341,0.3659,1.733
2026-05-29 14:50:00+00:00,0.6356,0.3644,1.7442
2026-05-29 14:55:00+00:00,0.6364,0.3636,1.7503
2026-05-29 15:00:00+00:00,0.6367,0.3633,1.7525
2026-05-29 15:05:00+00:00,0.6375,0.3625,1.7586
2026-05-29 15:10:00+00:00,0.6378,0.3622,1.7609
2026-05-29 15:15:00+00:00,0.6351,0.3649,1.7405
2026-05-29 15:20:00+00:00,0.6316,0.3684,1.7144
2026-05-29 15:25:00+00:00,0.63,0.37,1.7027
2026-05-29 15:30:00+00:00,0.6296,0.3704,1.6998
2026-05-29 15:35:00+00:00,0.6321,0.3679,1.7181
2026-05-29 15:40:00+00:00,0.6297,0.3703,1.7005
2026-05-29 15:45:00+00:00,0.6257,0.3743,1.6717
2026-05-29 15:50:00+00:00,0.6252,0.3748,1.6681
2026-05-29 15:55:00+00:00,0.6227,0.3773,1.6504
2026-05-29 16:00:00+00:00,0.6226,0.3774,1.6497
2026-05-29 16:05:00+00:00,0.6225,0.3775,1.649
2026-05-29 16:10:00+00:00,0.6228,0.3772,1.6511
2026-05-29 16:15:00+00:00,0.6238,0.3762,1.6582
2026-05-29 16:20:00+00:00,0.622,0.378,1.6455
2026-05-29 16:25:00+00:00,0.621,0.379,1.6385
2026-05-29 16:30:00+00:00,0.6213,0.3787,1.6406
2026-05-29 16:35:00+00:00,0.6219,0.3781,1.6448
2026-05-29 16:40:00+00:00,0.6212,0.3788,1.6399
2026-05-29 16:45:00+00:00,0.6207,0.3793,1.6364
2026-05-29 16:50:00+00:00,0.6205,0.3795,1.635
2026-05-29 16:55:00+00:00,0.6188,0.3812,1.6233
2026-05-29 17:00:00+00:00,0.6149,0.3851,1.5967
2026-05-29 17:05:00+00:00,0.6148,0.3852,1.5961
2026-05-29 17:10:00+00:00,0.6146,0.3854,1.5947
2026-05-29 17:15:00+00:00,0.6142,0.3858,1.592
2026-05-29 17:20:00+00:00,0.6139,0.3861,1.59
2026-05-29 17:25:00+00:00,0.6132,0.3868,1.5853
2026-05-29 17:30:00+00:00,0.6129,0.3871,1.5833
2026-05-29 17:35:00+00:00,0.6126,0.3874,1.5813
2026-05-29 17:40:00+00:00,0.6126,0.3874,1.5813
2026-05-29 17:45:00+00:00,0.6121,0.3879,1.578
2026-05-29 17:50:00+00:00,0.6106,0.3894,1.5681
2026-05-29 17:55:00+00:00,0.6105,0.3895,1.5674
2026-05-29 18:00:00+00:00,0.6101,0.3899,1.5648
2026-05-29 18:05:00+00:00,0.6099,0.3901,1.5634
2026-05-29 18:10:00+00:00,0.6098,0.3902,1.5628
2026-05-29 18:15:00+00:00,0.6098,0.3902,1.5628
2026-05-29 18:20:00+00:00,0.6096,0.3904,1.5615
2026-05-29 18:25:00+00:00,0.6094,0.3906,1.5602
2026-05-29 18:30:00+00:00,0.6152,0.3848,1.5988
2026-05-29 18:35:00+00:00,0.6154,0.3846,1.6001
2026-05-29 18:40:00+00:00,0.6157,0.3843,1.6021
2026-05-29 18:45:00+00:00,0.6158,0.3842,1.6028
2026-05-29 18:50:00+00:00,0.616,0.384,1.6042
2026-05-29 18:55:00+00:00,0.618,0.382,1.6178
2026-05-29 19:00:00+00:00,0.6187,0.3813,1.6226
2026-05-29 19:05:00+00:00,0.6191,0.3809,1.6254
2026-05-29 19:10:00+00:00,0.6198,0.3802,1.6302
2026-05-29 19:15:00+00:00,0.6197,0.3803,1.6295
2026-05-29 19:20:00+00:00,0.6194,0.3806,1.6274
2026-05-29 19:25:00+00:00,0.6198,0.3802,1.6302
2026-05-29 19:30:00+00:00,0.6201,0.3799,1.6323
2026-05-29 19:35:00+00:00,0.6204,0.3796,1.6344
2026-05-29 19:40:00+00:00,0.621,0.379,1.6385
2026-05-29 19:45:00+00:00,0.6207,0.3793,1.6364
2026-05-29 19:50:00+00:00,0.6205,0.3795,1.635
2026-05-29 19:55:00+00:00,0.6203,0.3797,1.6337
2026-05-29 20:00:00+00:00,0.6202,0.3798,1.633
2026-05-29 20:05:00+00:00,0.6202,0.3798,1.633
2026-05-29 20:10:00+00:00,0.6204,0.3796,1.6344
2026-05-29 20:15:00+00:00,0.6204,0.3796,1.6344
2026-05-29 20:20:00+00:00,0.6204,0.3796,1.6344
2026-05-29 20:25:00+00:00,0.6206,0.3794,1.6357
2026-05-29 20:30:00+00:00,0.6208,0.3792,1.6371
2026-05-29 20:35:00+00:00,0.6206,0.3794,1.6357
2026-05-29 20:40:00+00:00,0.6205,0.3795,1.635
2026-05-29 20:45:00+00:00,0.6205,0.3795,1.635
2026-05-29 20:50:00+00:00,0.6205,0.3795,1.635
2026-05-29 20:55:00+00:00,0.6203,0.3797,1.6337
2026-05-29 21:00:00+00:00,0.6201,0.3799,1.6323
2026-05-29 21:05:00+00:00,0.6201,0.3799,1.6323
2026-05-29 21:10:00+00:00,0.6202,0.3798,1.633
2026-05-29 21:15:00+00:00,0.6205,0.3795,1.635
2026-05-29 21:20:00+00:00,0.6206,0.3794,1.6357
2026-05-29 21:25:00+00:00,0.6211,0.3789,1.6392
2026-05-29 21:30:00+00:00,0.621,0.379,1.6385
2026-05-29 21:35:00+00:00,0.621,0.379,1.6385
2026-05-29 21:40:00+00:00,0.621,0.379,1.6385
2026-05-29 21:45:00+00:00,0.6213,0.3787,1.6406
2026-05-29 21:50:00+00:00,0.6212,0.3788,1.6399
2026-05-29 21:55:00+00:00,0.6208,0.3792,1.6371
2026-05-29 22:00:00+00:00,0.621,0.379,1.6385
2026-05-29 22:05:00+00:00,0.6209,0.3791,1.6378
2026-05-29 22:10:00+00:00,0.6204,0.3796,1.6344
2026-05-29 22:15:00+00:00,0.6206,0.3794,1.6357
2026-05-29 22:20:00+00:00,0.6209,0.3791,1.6378
2026-05-29 22:25:00+00:00,0.6213,0.3787,1.6406
2026-05-29 22:30:00+00:00,0.6213,0.3787,1.6406
2026-05-29 22:35:00+00:00,0.6215,0.3785,1.642
2026-05-29 22:40:00+00:00,0.6216,0.3784,1.6427
2026-05-29 22:45:00+00:00,0.6216,0.3784,1.6427
2026-05-29 22:50:00+00:00,0.6216,0.3784,1.6427
2026-05-29 22:55:00+00:00,0.6215,0.3785,1.642
2026-05-29 23:00:00+00:00,0.6216,0.3784,1.6427
2026-05-29 23:05:00+00:00,0.6216,0.3784,1.6427
2026-05-29 23:10:00+00:00,0.6218,0.3782,1.6441
2026-05-29 23:15:00+00:00,0.6219,0.3781,1.6448
2026-05-29 23:20:00+00:00,0.6219,0.3781,1.6448
2026-05-29 23:25:00+00:00,0.6218,0.3782,1.6441
2026-05-29 23:30:00+00:00,0.6222,0.3778,1.6469
2026-05-29 23:35:00+00:00,0.6223,0.3777,1.6476
2026-05-29 23:40:00+00:00,0.6223,0.3777,1.6476
2026-05-29 23:45:00+00:00,0.6226,0.3774,1.6497
2026-05-29 23:50:00+00:00,0.6228,0.3772,1.6511
2026-05-29 23:55:00+00:00,0.6233,0.3767,1.6546
2026-05-30 00:00:00+00:00,0.6235,0.3765,1.656
2026-05-30 00:05:00+00:00,0.6234,0.3766,1.6553
2026-05-30 00:10:00+00:00,0.6236,0.3764,1.6567
2026-05-30 00:15:00+00:00,0.6239,0.3761,1.6589
2026-05-30 00:20:00+00:00,0.6243,0.3757,1.6617
2026-05-30 00:25:00+00:00,0.6243,0.3757,1.6617
2026-05-30 00:30:00+00:00,0.6241,0.3759,1.6603
2026-05-30 00:35:00+00:00,0.624,0.376,1.6596
2026-05-30 00:40:00+00:00,0.624,0.376,1.6596
2026-05-30 00:45:00+00:00,0.6241,0.3759,1.6603
2026-05-30 00:50:00+00:00,0.6245,0.3755,1.6631
2026-05-30 00:55:00+00:00,0.6259,0.3741,1.6731
2026-05-30 01:00:00+00:00,0.6263,0.3737,1.6759
2026-05-30 01:05:00+00:00,0.6262,0.3738,1.6752
2026-05-30 01:10:00+00:00,0.6264,0.3736,1.6767
2026-05-30 01:15:00+00:00,0.6268,0.3732,1.6795
2026-05-30 01:20:00+00:00,0.6269,0.3731,1.6802
2026-05-30 01:25:00+00:00,0.6275,0.3725,1.6846
2026-05-30 01:30:00+00:00,0.628,0.372,1.6882
2026-05-30 01:35:00+00:00,0.6283,0.3717,1.6903
2026-05-30 01:40:00+00:00,0.6283,0.3717,1.6903
2026-05-30 01:45:00+00:00,0.6283,0.3717,1.6903
2026-05-30 01:50:00+00:00,0.6284,0.3716,1.6911
2026-05-30 01:55:00+00:00,0.6284,0.3716,1.6911
2026-05-30 02:00:00+00:00,0.6287,0.3713,1.6932
2026-05-30 02:05:00+00:00,0.6281,0.3719,1.6889
2026-05-30 02:10:00+00:00,0.6282,0.3718,1.6896
2026-05-30 02:15:00+00:00,0.6283,0.3717,1.6903
2026-05-30 02:20:00+00:00,0.6283,0.3717,1.6903
2026-05-30 02:25:00+00:00,0.628,0.372,1.6882
2026-05-30 02:30:00+00:00,0.6279,0.3721,1.6874
2026-05-30 02:35:00+00:00,0.628,0.372,1.6882
2026-05-30 02:40:00+00:00,0.6282,0.3718,1.6896
2026-05-30 02:45:00+00:00,0.6282,0.3718,1.6896
2026-05-30 02:50:00+00:00,0.6283,0.3717,1.6903
2026-05-30 02:55:00+00:00,0.6283,0.3717,1.6903
2026-05-30 03:00:00+00:00,0.6285,0.3715,1.6918
2026-05-30 03:05:00+00:00,0.6286,0.3714,1.6925
2026-05-30 03:10:00+00:00,0.6288,0.3712,1.694
2026-05-30 03:15:00+00:00,0.6291,0.3709,1.6961
2026-05-30 03:20:00+00:00,0.6289,0.3711,1.6947
2026-05-30 03:25:00+00:00,0.6285,0.3715,1.6918
2026-05-30 03:30:00+00:00,0.6281,0.3719,1.6889
2026-05-30 03:35:00+00:00,0.6279,0.3721,1.6874
2026-05-30 03:40:00+00:00,0.6276,0.3724,1.6853
2026-05-30 03:45:00+00:00,0.6273,0.3727,1.6831
2026-05-30 03:50:00+00:00,0.6271,0.3729,1.6817
2026-05-30 03:55:00+00:00,0.6272,0.3728,1.6824
2026-05-30 04:00:00+00:00,0.627,0.373,1.681
2026-05-30 04:05:00+00:00,0.6285,0.3715,1.6918
2026-05-30 04:10:00+00:00,0.6282,0.3718,1.6896
2026-05-30 04:15:00+00:00,0.6287,0.3713,1.6932
2026-05-30 04:20:00+00:00,0.6285,0.3715,1.6918
2026-05-30 04:25:00+00:00,0.6285,0.3715,1.6918
2026-05-30 04:30:00+00:00,0.629,0.371,1.6954
2026-05-30 04:35:00+00:00,0.6293,0.3707,1.6976
2026-05-30 04:40:00+00:00,0.6296,0.3704,1.6998
2026-05-30 04:45:00+00:00,0.63,0.37,1.7027
2026-05-30 04:50:00+00:00,0.6304,0.3696,1.7056
2026-05-30 04:55:00+00:00,0.6311,0.3689,1.7108
2026-05-30 05:00:00+00:00,0.6314,0.3686,1.713
2026-05-30 05:05:00+00:00,0.6315,0.3685,1.7137
2026-05-30 05:10:00+00:00,0.6309,0.3691,1.7093
2026-05-30 05:15:00+00:00,0.6312,0.3688,1.7115
2026-05-30 05:20:00+00:00,0.6314,0.3686,1.713
2026-05-30 05:25:00+00:00,0.6315,0.3685,1.7137
2026-05-30 05:30:00+00:00,0.6314,0.3686,1.713
2026-05-30 05:35:00+00:00,0.6312,0.3688,1.7115
2026-05-30 05:40:00+00:00,0.6314,0.3686,1.713
2026-05-30 05:45:00+00:00,0.6314,0.3686,1.713
2026-05-30 05:50:00+00:00,0.6315,0.3685,1.7137
2026-05-30 05:55:00+00:00,0.6316,0.3684,1.7144
2026-05-30 06:00:00+00:00,0.6316,0.3684,1.7144
2026-05-30 06:05:00+00:00,0.6315,0.3685,1.7137
2026-05-30 06:10:00+00:00,0.6312,0.3688,1.7115
2026-05-30 06:15:00+00:00,0.6308,0.3692,1.7086
2026-05-30 06:20:00+00:00,0.6307,0.3693,1.7078
2026-05-30 06:25:00+00:00,0.6309,0.3691,1.7093
2026-05-30 06:30:00+00:00,0.6309,0.3691,1.7093
2026-05-30 06:35:00+00:00,0.6307,0.3693,1.7078
2026-05-30 06:40:00+00:00,0.6305,0.3695,1.7064
2026-05-30 06:45:00+00:00,0.6303,0.3697,1.7049
2026-05-30 06:50:00+00:00,0.6301,0.3699,1.7034
2026-05-30 06:55:00+00:00,0.6298,0.3702,1.7012
2026-05-30 07:00:00+00:00,0.6298,0.3702,1.7012
2026-05-30 07:05:00+00:00,0.6295,0.3705,1.6991
2026-05-30 07:10:00+00:00,0.6294,0.3706,1.6983
2026-05-30 07:15:00+00:00,0.6293,0.3707,1.6976
2026-05-30 07:20:00+00:00,0.6294,0.3706,1.6983
2026-05-30 07:25:00+00:00,0.6293,0.3707,1.6976
2026-05-30 07:30:00+00:00,0.6294,0.3706,1.6983
2026-05-30 07:35:00+00:00,0.6295,0.3705,1.6991
2026-05-30 07:40:00+00:00,0.629,0.371,1.6954
2026-05-30 07:45:00+00:00,0.6287,0.3713,1.6932
2026-05-30 07:50:00+00:00,0.6288,0.3712,1.694
2026-05-30 07:55:00+00:00,0.6287,0.3713,1.6932
2026-05-30 08:00:00+00:00,0.6287,0.3713,1.6932
2026-05-30 08:05:00+00:00,0.6287,0.3713,1.6932
2026-05-30 08:10:00+00:00,0.6287,0.3713,1.6932
2026-05-30 08:15:00+00:00,0.6287,0.3713,1.6932
2026-05-30 08:20:00+00:00,0.6285,0.3715,1.6918
2026-05-30 08:25:00+00:00,0.6285,0.3715,1.6918
2026-05-30 08:30:00+00:00,0.6286,0.3714,1.6925
2026-05-30 08:35:00+00:00,0.6287,0.3713,1.6932
2026-05-30 08:40:00+00:00,0.6287,0.3713,1.6932
2026-05-30 08:45:00+00:00,0.6286,0.3714,1.6925
2026-05-30 08:50:00+00:00,0.6284,0.3716,1.6911
2026-05-30 08:55:00+00:00,0.6286,0.3714,1.6925
2026-05-30 09:00:00+00:00,0.6282,0.3718,1.6896
2026-05-30 09:05:00+00:00,0.628,0.372,1.6882
2026-05-30 09:10:00+00:00,0.6281,0.3719,1.6889
2026-05-30 09:15:00+00:00,0.6282,0.3718,1.6896
2026-05-30 09:20:00+00:00,0.6287,0.3713,1.6932
2026-05-30 09:25:00+00:00,0.6278,0.3722,1.6867
2026-05-30 09:30:00+00:00,0.6279,0.3721,1.6874
2026-05-30 09:35:00+00:00,0.6281,0.3719,1.6889
2026-05-30 09:40:00+00:00,0.6282,0.3718,1.6896
2026-05-30 09:45:00+00:00,0.6282,0.3718,1.6896
2026-05-30 09:50:00+00:00,0.6282,0.3718,1.6896
2026-05-30 09:55:00+00:00,0.6286,0.3714,1.6925
2026-05-30 10:00:00+00:00,0.6287,0.3713,1.6932
2026-05-30 10:05:00+00:00,0.6288,0.3712,1.694
2026-05-30 10:10:00+00:00,0.6288,0.3712,1.694
2026-05-30 10:15:00+00:00,0.6291,0.3709,1.6961
2026-05-30 10:20:00+00:00,0.6292,0.3708,1.6969
2026-05-30 10:25:00+00:00,0.6287,0.3713,1.6932
2026-05-30 10:30:00+00:00,0.6287,0.3713,1.6932
2026-05-30 10:35:00+00:00,0.6286,0.3714,1.6925
2026-05-30 10:40:00+00:00,0.6285,0.3715,1.6918
2026-05-30 10:45:00+00:00,0.6283,0.3717,1.6903
2026-05-30 10:50:00+00:00,0.6284,0.3716,1.6911
2026-05-30 10:55:00+00:00,0.6285,0.3715,1.6918
2026-05-30 11:00:00+00:00,0.6281,0.3719,1.6889
2026-05-30 11:05:00+00:00,0.6282,0.3718,1.6896
2026-05-30 11:10:00+00:00,0.6281,0.3719,1.6889
2026-05-30 11:15:00+00:00,0.6279,0.3721,1.6874
2026-05-30 11:20:00+00:00,0.6277,0.3723,1.686
2026-05-30 11:25:00+00:00,0.6271,0.3729,1.6817
2026-05-30 11:30:00+00:00,0.6274,0.3726,1.6838
2026-05-30 11:35:00+00:00,0.6273,0.3727,1.6831
2026-05-30 11:40:00+00:00,0.6274,0.3726,1.6838
2026-05-30 11:45:00+00:00,0.6275,0.3725,1.6846
2026-05-30 11:50:00+00:00,0.6276,0.3724,1.6853
2026-05-30 11:55:00+00:00,0.6275,0.3725,1.6846
2026-05-30 12:00:00+00:00,0.6275,0.3725,1.6846
2026-05-30 12:05:00+00:00,0.6275,0.3725,1.6846
2026-05-30 12:10:00+00:00,0.6275,0.3725,1.6846
2026-05-30 12:15:00+00:00,0.6273,0.3727,1.6831
2026-05-30 12:20:00+00:00,0.6275,0.3725,1.6846
2026-05-30 12:25:00+00:00,0.6273,0.3727,1.6831
2026-05-30 12:30:00+00:00,0.6275,0.3725,1.6846
2026-05-30 12:35:00+00:00,0.6277,0.3723,1.686
2026-05-30 12:40:00+00:00,0.6276,0.3724,1.6853
2026-05-30 12:45:00+00:00,0.6276,0.3724,1.6853
2026-05-30 12:50:00+00:00,0.6276,0.3724,1.6853
2026-05-30 12:55:00+00:00,0.6273,0.3727,1.6831
2026-05-30 13:00:00+00:00,0.627,0.373,1.681
2026-05-30 13:05:00+00:00,0.6274,0.3726,1.6838
2026-05-30 13:10:00+00:00,0.6275,0.3725,1.6846
2026-05-30 13:15:00+00:00,0.6274,0.3726,1.6838
2026-05-30 13:20:00+00:00,0.6272,0.3728,1.6824
2026-05-30 13:25:00+00:00,0.6267,0.3733,1.6788
2026-05-30 13:30:00+00:00,0.6265,0.3735,1.6774
2026-05-30 13:35:00+00:00,0.6259,0.3741,1.6731
2026-05-30 13:40:00+00:00,0.6256,0.3744,1.6709
2026-05-30 13:45:00+00:00,0.6254,0.3746,1.6695
2026-05-30 13:50:00+00:00,0.6253,0.3747,1.6688
2026-05-30 13:55:00+00:00,0.6253,0.3747,1.6688
2026-05-30 14:00:00+00:00,0.6253,0.3747,1.6688
2026-05-30 14:05:00+00:00,0.6262,0.3738,1.6752
2026-05-30 14:10:00+00:00,0.6259,0.3741,1.6731
2026-05-30 14:15:00+00:00,0.6251,0.3749,1.6674
2026-05-30 14:20:00+00:00,0.6249,0.3751,1.666
2026-05-30 14:25:00+00:00,0.6242,0.3758,1.661
2026-05-30 14:30:00+00:00,0.6233,0.3767,1.6546
2026-05-30 14:35:00+00:00,0.6224,0.3776,1.6483
2026-05-30 14:40:00+00:00,0.6212,0.3788,1.6399
2026-05-30 14:45:00+00:00,0.6203,0.3797,1.6337
2026-05-30 14:50:00+00:00,0.6198,0.3802,1.6302
2026-05-30 14:55:00+00:00,0.6191,0.3809,1.6254
2026-05-30 15:00:00+00:00,0.6186,0.3814,1.6219
2026-05-30 15:05:00+00:00,0.6178,0.3822,1.6164
2026-05-30 15:10:00+00:00,0.6171,0.3829,1.6116
2026-05-30 15:15:00+00:00,0.6174,0.3826,1.6137
2026-05-30 15:20:00+00:00,0.6171,0.3829,1.6116
2026-05-30 15:25:00+00:00,0.6166,0.3834,1.6082
2026-05-30 15:30:00+00:00,0.6162,0.3838,1.6055
2026-05-30 15:35:00+00:00,0.616,0.384,1.6042
2026-05-30 15:40:00+00:00,0.6158,0.3842,1.6028
2026-05-30 15:45:00+00:00,0.6154,0.3846,1.6001
2026-05-30 15:50:00+00:00,0.6154,0.3846,1.6001
2026-05-30 15:55:00+00:00,0.6153,0.3847,1.5994
2026-05-30 16:00:00+00:00,0.6153,0.3847,1.5994
2026-05-30 16:05:00+00:00,0.6153,0.3847,1.5994
2026-05-30 16:10:00+00:00,0.6153,0.3847,1.5994
2026-05-30 16:15:00+00:00,0.616,0.384,1.6042
2026-05-30 16:20:00+00:00,0.6159,0.3841,1.6035
2026-05-30 16:25:00+00:00,0.6157,0.3843,1.6021
2026-05-30 16:30:00+00:00,0.6157,0.3843,1.6021
2026-05-30 16:35:00+00:00,0.6155,0.3845,1.6008
2026-05-30 16:40:00+00:00,0.6156,0.3844,1.6015
2026-05-30 16:45:00+00:00,0.6156,0.3844,1.6015
2026-05-30 16:50:00+00:00,0.6156,0.3844,1.6015
2026-05-30 16:55:00+00:00,0.6155,0.3845,1.6008
2026-05-30 17:00:00+00:00,0.6156,0.3844,1.6015
2026-05-30 17:05:00+00:00,0.6154,0.3846,1.6001
2026-05-30 17:10:00+00:00,0.6151,0.3849,1.5981
2026-05-30 17:15:00+00:00,0.6149,0.3851,1.5967
2026-05-30 17:20:00+00:00,0.6148,0.3852,1.5961
2026-05-30 17:25:00+00:00,0.6149,0.3851,1.5967
2026-05-30 17:30:00+00:00,0.6154,0.3846,1.6001
2026-05-30 17:35:00+00:00,0.615,0.385,1.5974
2026-05-30 17:40:00+00:00,0.6148,0.3852,1.5961
2026-05-30 17:45:00+00:00,0.615,0.385,1.5974
2026-05-30 17:50:00+00:00,0.615,0.385,1.5974
2026-05-30 17:55:00+00:00,0.6149,0.3851,1.5967
2026-05-30 18:00:00+00:00,0.6148,0.3852,1.5961
2026-05-30 18:05:00+00:00,0.6149,0.3851,1.5967
2026-05-30 18:10:00+00:00,0.6127,0.3873,1.582
2026-05-30 18:15:00+00:00,0.6127,0.3873,1.582
2026-05-30 18:20:00+00:00,0.6087,0.3913,1.5556
2026-05-30 18:25:00+00:00,0.6084,0.3916,1.5536
2026-05-30 18:30:00+00:00,0.6081,0.3919,1.5517
2026-05-30 18:35:00+00:00,0.6078,0.3922,1.5497
2026-05-30 18:40:00+00:00,0.6075,0.3925,1.5478
2026-05-30 18:45:00+00:00,0.6074,0.3926,1.5471
2026-05-30 18:50:00+00:00,0.6082,0.3918,1.5523
2026-05-30 18:55:00+00:00,0.608,0.392,1.551
2026-05-30 19:00:00+00:00,0.6077,0.3923,1.5491
2026-05-30 19:05:00+00:00,0.6075,0.3925,1.5478
2026-05-30 19:10:00+00:00,0.6075,0.3925,1.5478
2026-05-30 19:15:00+00:00,0.6073,0.3927,1.5465
2026-05-30 19:20:00+00:00,0.6073,0.3927,1.5465
2026-05-30 19:25:00+00:00,0.6072,0.3928,1.5458
2026-05-30 19:30:00+00:00,0.6072,0.3928,1.5458
2026-05-30 19:35:00+00:00,0.6069,0.3931,1.5439
2026-05-30 19:40:00+00:00,0.607,0.393,1.5445
2026-05-30 19:45:00+00:00,0.6065,0.3935,1.5413
2026-05-30 19:50:00+00:00,0.6066,0.3934,1.5419
2026-05-30 19:55:00+00:00,0.6066,0.3934,1.5419
2026-05-30 20:00:00+00:00,0.6066,0.3934,1.5419
2026-05-30 20:05:00+00:00,0.6064,0.3936,1.5407
2026-05-30 20:10:00+00:00,0.6063,0.3937,1.54
2026-05-30 20:15:00+00:00,0.6063,0.3937,1.54
2026-05-30 20:20:00+00:00,0.6063,0.3937,1.54
2026-05-30 20:25:00+00:00,0.6063,0.3937,1.54
2026-05-30 20:30:00+00:00,0.6061,0.3939,1.5387
2026-05-30 20:35:00+00:00,0.606,0.394,1.5381
2026-05-30 20:40:00+00:00,0.6057,0.3943,1.5361
2026-05-30 20:45:00+00:00,0.6055,0.3945,1.5349
2026-05-30 20:50:00+00:00,0.6053,0.3947,1.5336
2026-05-30 20:55:00+00:00,0.6052,0.3948,1.5329
2026-05-30 21:00:00+00:00,0.6053,0.3947,1.5336
2026-05-30 21:05:00+00:00,0.6053,0.3947,1.5336
2026-05-30 21:10:00+00:00,0.6054,0.3946,1.5342
2026-05-30 21:15:00+00:00,0.6054,0.3946,1.5342
2026-05-30 21:20:00+00:00,0.6054,0.3946,1.5342
2026-05-30 21:25:00+00:00,0.6054,0.3946,1.5342
2026-05-30 21:30:00+00:00,0.6054,0.3946,1.5342
2026-05-30 21:35:00+00:00,0.6054,0.3946,1.5342
2026-05-30 21:40:00+00:00,0.6054,0.3946,1.5342
2026-05-30 21:45:00+00:00,0.6055,0.3945,1.5349
2026-05-30 21:50:00+00:00,0.6055,0.3945,1.5349
2026-05-30 21:55:00+00:00,0.6052,0.3948,1.5329
2026-05-30 22:00:00+00:00,0.6051,0.3949,1.5323
2026-05-30 22:05:00+00:00,0.6049,0.3951,1.531
2026-05-30 22:10:00+00:00,0.6045,0.3955,1.5284
2026-05-30 22:15:00+00:00,0.6044,0.3956,1.5278
2026-05-30 22:20:00+00:00,0.6045,0.3955,1.5284
2026-05-30 22:25:00+00:00,0.6043,0.3957,1.5272
2026-05-30 22:30:00+00:00,0.6041,0.3959,1.5259
2026-05-30 22:35:00+00:00,0.6041,0.3959,1.5259
2026-05-30 22:40:00+00:00,0.6041,0.3959,1.5259
2026-05-30 22:45:00+00:00,0.6035,0.3965,1.5221
2026-05-30 22:50:00+00:00,0.6035,0.3965,1.5221
2026-05-30 22:55:00+00:00,0.6034,0.3966,1.5214
2026-05-30 23:00:00+00:00,0.6036,0.3964,1.5227
2026-05-30 23:05:00+00:00,0.6037,0.3963,1.5233
2026-05-30 23:10:00+00:00,0.6036,0.3964,1.5227
2026-05-30 23:15:00+00:00,0.6035,0.3965,1.5221
2026-05-30 23:20:00+00:00,0.6036,0.3964,1.5227
2026-05-30 23:25:00+00:00,0.6035,0.3965,1.5221
2026-05-30 23:30:00+00:00,0.6037,0.3963,1.5233
2026-05-30 23:35:00+00:00,0.6037,0.3963,1.5233
2026-05-30 23:40:00+00:00,0.6032,0.3968,1.5202
2026-05-30 23:45:00+00:00,0.6032,0.3968,1.5202
2026-05-30 23:50:00+00:00,0.6031,0.3969,1.5195
2026-05-30 23:55:00+00:00,0.6031,0.3969,1.5195
2026-05-31 00:00:00+00:00,0.6032,0.3968,1.5202
2026-05-31 00:05:00+00:00,0.6035,0.3965,1.5221
2026-05-31 00:10:00+00:00,0.6034,0.3966,1.5214
2026-05-31 00:15:00+00:00,0.6036,0.3964,1.5227
2026-05-31 00:20:00+00:00,0.6035,0.3965,1.5221
2026-05-31 00:25:00+00:00,0.6037,0.3963,1.5233
2026-05-31 00:30:00+00:00,0.6037,0.3963,1.5233
2026-05-31 00:35:00+00:00,0.6038,0.3962,1.524
2026-05-31 00:40:00+00:00,0.6038,0.3962,1.524
2026-05-31 00:45:00+00:00,0.6037,0.3963,1.5233
2026-05-31 00:50:00+00:00,0.6035,0.3965,1.5221
2026-05-31 00:55:00+00:00,0.6035,0.3965,1.5221
2026-05-31 01:00:00+00:00,0.6034,0.3966,1.5214
2026-05-31 01:05:00+00:00,0.6036,0.3964,1.5227
2026-05-31 01:10:00+00:00,0.6035,0.3965,1.5221
2026-05-31 01:15:00+00:00,0.604,0.396,1.5253
2026-05-31 01:20:00+00:00,0.6045,0.3955,1.5284
2026-05-31 01:25:00+00:00,0.6041,0.3959,1.5259
2026-05-31 01:30:00+00:00,0.6036,0.3964,1.5227
2026-05-31 01:35:00+00:00,0.6032,0.3968,1.5202
2026-05-31 01:40:00+00:00,0.6031,0.3969,1.5195
2026-05-31 01:45:00+00:00,0.6028,0.3972,1.5176
2026-05-31 01:50:00+00:00,0.6029,0.3971,1.5183
2026-05-31 01:55:00+00:00,0.6027,0.3973,1.517
2026-05-31 02:00:00+00:00,0.6025,0.3975,1.5157
2026-05-31 02:05:00+00:00,0.6026,0.3974,1.5164
2026-05-31 02:10:00+00:00,0.6026,0.3974,1.5164
2026-05-31 02:15:00+00:00,0.6027,0.3973,1.517
2026-05-31 02:20:00+00:00,0.6026,0.3974,1.5164
2026-05-31 02:25:00+00:00,0.6025,0.3975,1.5157
2026-05-31 02:30:00+00:00,0.6025,0.3975,1.5157
2026-05-31 02:35:00+00:00,0.6024,0.3976,1.5151
2026-05-31 02:40:00+00:00,0.6024,0.3976,1.5151
2026-05-31 02:45:00+00:00,0.6026,0.3974,1.5164
2026-05-31 02:50:00+00:00,0.6025,0.3975,1.5157
2026-05-31 02:55:00+00:00,0.6028,0.3972,1.5176
2026-05-31 03:00:00+00:00,0.6027,0.3973,1.517
2026-05-31 03:05:00+00:00,0.6026,0.3974,1.5164
2026-05-31 03:10:00+00:00,0.6025,0.3975,1.5157
2026-05-31 03:15:00+00:00,0.6022,0.3978,1.5138
2026-05-31 03:20:00+00:00,0.6022,0.3978,1.5138
2026-05-31 03:25:00+00:00,0.6024,0.3976,1.5151
2026-05-31 03:30:00+00:00,0.6021,0.3979,1.5132
2026-05-31 03:35:00+00:00,0.6018,0.3982,1.5113
2026-05-31 03:40:00+00:00,0.6017,0.3983,1.5107
2026-05-31 03:45:00+00:00,0.6017,0.3983,1.5107
2026-05-31 03:50:00+00:00,0.6015,0.3985,1.5094
2026-05-31 03:55:00+00:00,0.6015,0.3985,1.5094
2026-05-31 04:00:00+00:00,0.6014,0.3986,1.5088
2026-05-31 04:05:00+00:00,0.6012,0.3988,1.5075
2026-05-31 04:10:00+00:00,0.601,0.399,1.5063
2026-05-31 04:15:00+00:00,0.6009,0.3991,1.5056
2026-05-31 04:20:00+00:00,0.6006,0.3994,1.5038
2026-05-31 04:25:00+00:00,0.6006,0.3994,1.5038
2026-05-31 04:30:00+00:00,0.6007,0.3993,1.5044
2026-05-31 04:35:00+00:00,0.6006,0.3994,1.5038
2026-05-31 04:40:00+00:00,0.6006,0.3994,1.5038
2026-05-31 04:45:00+00:00,0.6005,0.3995,1.5031
2026-05-31 04:50:00+00:00,0.6005,0.3995,1.5031
2026-05-31 04:55:00+00:00,0.6006,0.3994,1.5038
2026-05-31 05:00:00+00:00,0.6006,0.3994,1.5038
2026-05-31 05:05:00+00:00,0.6004,0.3996,1.5025
2026-05-31 05:10:00+00:00,0.6004,0.3996,1.5025
2026-05-31 05:15:00+00:00,0.6005,0.3995,1.5031
2026-05-31 05:20:00+00:00,0.6005,0.3995,1.5031
2026-05-31 05:25:00+00:00,0.6005,0.3995,1.5031
2026-05-31 05:30:00+00:00,0.6004,0.3996,1.5025
2026-05-31 05:35:00+00:00,0.6003,0.3997,1.5019
2026-05-31 05:40:00+00:00,0.5999,0.4001,1.4994
2026-05-31 05:45:00+00:00,0.5995,0.4005,1.4969
2026-05-31 05:50:00+00:00,0.5992,0.4008,1.495
2026-05-31 05:55:00+00:00,0.599,0.401,1.4938
2026-05-31 06:00:00+00:00,0.599,0.401,1.4938
2026-05-31 06:05:00+00:00,0.5989,0.4011,1.4931
2026-05-31 06:10:00+00:00,0.5986,0.4014,1.4913
2026-05-31 06:15:00+00:00,0.5988,0.4012,1.4925
2026-05-31 06:20:00+00:00,0.5989,0.4011,1.4931
2026-05-31 06:25:00+00:00,0.5993,0.4007,1.4956
2026-05-31 06:30:00+00:00,0.5991,0.4009,1.4944
2026-05-31 06:35:00+00:00,0.5993,0.4007,1.4956
2026-05-31 06:40:00+00:00,0.5994,0.4006,1.4963
2026-05-31 06:45:00+00:00,0.5995,0.4005,1.4969
2026-05-31 06:50:00+00:00,0.5995,0.4005,1.4969
2026-05-31 06:55:00+00:00,0.5996,0.4004,1.4975
2026-05-31 07:00:00+00:00,0.5996,0.4004,1.4975
2026-05-31 07:05:00+00:00,0.5992,0.4008,1.495
2026-05-31 07:10:00+00:00,0.5988,0.4012,1.4925
2026-05-31 07:15:00+00:00,0.5985,0.4015,1.4907
2026-05-31 07:20:00+00:00,0.5982,0.4018,1.4888
2026-05-31 07:25:00+00:00,0.5976,0.4024,1.4851
2026-05-31 07:30:00+00:00,0.5986,0.4014,1.4913
2026-05-31 07:35:00+00:00,0.5984,0.4016,1.49
2026-05-31 07:40:00+00:00,0.5986,0.4014,1.4913
2026-05-31 07:45:00+00:00,0.5986,0.4014,1.4913
2026-05-31 07:50:00+00:00,0.5989,0.4011,1.4931
2026-05-31 07:55:00+00:00,0.5988,0.4012,1.4925
2026-05-31 08:00:00+00:00,0.5989,0.4011,1.4931
2026-05-31 08:05:00+00:00,0.5993,0.4007,1.4956
2026-05-31 08:10:00+00:00,0.5994,0.4006,1.4963
2026-05-31 08:15:00+00:00,0.5993,0.4007,1.4956
2026-05-31 08:20:00+00:00,0.5997,0.4003,1.4981
2026-05-31 08:25:00+00:00,0.5998,0.4002,1.4988
2026-05-31 08:30:00+00:00,0.5998,0.4002,1.4988
2026-05-31 08:35:00+00:00,0.5998,0.4002,1.4988
2026-05-31 08:40:00+00:00,0.5996,0.4004,1.4975
2026-05-31 08:45:00+00:00,0.5993,0.4007,1.4956
2026-05-31 08:50:00+00:00,0.599,0.401,1.4938
2026-05-31 08:55:00+00:00,0.5989,0.4011,1.4931
2026-05-31 09:00:00+00:00,0.5991,0.4009,1.4944
2026-05-31 09:05:00+00:00,0.5992,0.4008,1.495
2026-05-31 09:10:00+00:00,0.5992,0.4008,1.495
2026-05-31 09:15:00+00:00,0.5994,0.4006,1.4963
2026-05-31 09:20:00+00:00,0.5993,0.4007,1.4956
2026-05-31 09:25:00+00:00,0.5994,0.4006,1.4963
2026-05-31 09:30:00+00:00,0.5994,0.4006,1.4963
2026-05-31 09:35:00+00:00,0.5996,0.4004,1.4975
2026-05-31 09:40:00+00:00,0.5997,0.4003,1.4981
2026-05-31 09:45:00+00:00,0.6001,0.3999,1.5006
2026-05-31 09:50:00+00:00,0.6001,0.3999,1.5006
2026-05-31 09:55:00+00:00,0.6001,0.3999,1.5006
2026-05-31 10:00:00+00:00,0.5995,0.4005,1.4969
2026-05-31 10:05:00+00:00,0.599,0.401,1.4938
2026-05-31 10:10:00+00:00,0.5991,0.4009,1.4944
2026-05-31 10:15:00+00:00,0.5992,0.4008,1.495
2026-05-31 10:20:00+00:00,0.5989,0.4011,1.4931
2026-05-31 10:25:00+00:00,0.5985,0.4015,1.4907
2026-05-31 10:30:00+00:00,0.5985,0.4015,1.4907
2026-05-31 10:35:00+00:00,0.5987,0.4013,1.4919
2026-05-31 10:40:00+00:00,0.5986,0.4014,1.4913
2026-05-31 10:45:00+00:00,0.5985,0.4015,1.4907
2026-05-31 10:50:00+00:00,0.5984,0.4016,1.49
2026-05-31 10:55:00+00:00,0.5987,0.4013,1.4919
2026-05-31 11:00:00+00:00,0.599,0.401,1.4938
2026-05-31 11:05:00+00:00,0.5995,0.4005,1.4969
2026-05-31 11:10:00+00:00,0.5997,0.4003,1.4981
2026-05-31 11:15:00+00:00,0.5996,0.4004,1.4975
2026-05-31 11:20:00+00:00,0.5997,0.4003,1.4981
2026-05-31 11:25:00+00:00,0.5996,0.4004,1.4975
2026-05-31 11:30:00+00:00,0.5998,0.4002,1.4988
2026-05-31 11:35:00+00:00,0.5999,0.4001,1.4994
2026-05-31 11:40:00+00:00,0.5998,0.4002,1.4988
2026-05-31 11:45:00+00:00,0.5998,0.4002,1.4988
2026-05-31 11:50:00+00:00,0.5996,0.4004,1.4975
2026-05-31 11:55:00+00:00,0.5994,0.4006,1.4963
2026-05-31 12:00:00+00:00,0.5998,0.4002,1.4988
2026-05-31 12:05:00+00:00,0.5997,0.4003,1.4981
2026-05-31 12:10:00+00:00,0.5995,0.4005,1.4969
2026-05-31 12:15:00+00:00,0.5995,0.4005,1.4969
2026-05-31 12:20:00+00:00,0.5999,0.4001,1.4994
2026-05-31 12:25:00+00:00,0.6,0.4,1.5
2026-05-31 12:30:00+00:00,0.6,0.4,1.5
2026-05-31 12:35:00+00:00,0.5999,0.4001,1.4994
2026-05-31 12:40:00+00:00,0.5999,0.4001,1.4994
2026-05-31 12:45:00+00:00,0.6001,0.3999,1.5006
2026-05-31 12:50:00+00:00,0.6003,0.3997,1.5019
2026-05-31 12:55:00+00:00,0.6,0.4,1.5
2026-05-31 13:00:00+00:00,0.5999,0.4001,1.4994
2026-05-31 13:05:00+00:00,0.5985,0.4015,1.4907
2026-05-31 13:10:00+00:00,0.5984,0.4016,1.49
2026-05-31 13:15:00+00:00,0.5986,0.4014,1.4913
2026-05-31 13:20:00+00:00,0.5986,0.4014,1.4913
2026-05-31 13:25:00+00:00,0.5981,0.4019,1.4882
2026-05-31 13:30:00+00:00,0.5982,0.4018,1.4888
2026-05-31 13:35:00+00:00,0.5982,0.4018,1.4888
2026-05-31 13:40:00+00:00,0.5982,0.4018,1.4888
2026-05-31 13:45:00+00:00,0.5981,0.4019,1.4882
2026-05-31 13:50:00+00:00,0.5979,0.4021,1.4869
2026-05-31 13:55:00+00:00,0.5978,0.4022,1.4863
2026-05-31 14:00:00+00:00,0.5977,0.4023,1.4857
2026-05-31 14:05:00+00:00,0.598,0.402,1.4876
2026-05-31 14:10:00+00:00,0.598,0.402,1.4876
2026-05-31 14:15:00+00:00,0.5968,0.4032,1.4802
2026-05-31 14:20:00+00:00,0.5965,0.4035,1.4783
2026-05-31 14:25:00+00:00,0.5971,0.4029,1.482
2026-05-31 14:30:00+00:00,0.5973,0.4027,1.4832
2026-05-31 14:35:00+00:00,0.5972,0.4028,1.4826
2026-05-31 14:40:00+00:00,0.5977,0.4023,1.4857
2026-05-31 14:45:00+00:00,0.5976,0.4024,1.4851
2026-05-31 14:50:00+00:00,0.5979,0.4021,1.4869
2026-05-31 14:55:00+00:00,0.598,0.402,1.4876
2026-05-31 15:00:00+00:00,0.5979,0.4021,1.4869
2026-05-31 15:05:00+00:00,0.5978,0.4022,1.4863
2026-05-31 15:10:00+00:00,0.598,0.402,1.4876
2026-05-31 15:15:00+00:00,0.598,0.402,1.4876
2026-05-31 15:20:00+00:00,0.5982,0.4018,1.4888
2026-05-31 15:25:00+00:00,0.5988,0.4012,1.4925
2026-05-31 15:30:00+00:00,0.5988,0.4012,1.4925
2026-05-31 15:35:00+00:00,0.5988,0.4012,1.4925
2026-05-31 15:40:00+00:00,0.5988,0.4012,1.4925
2026-05-31 15:45:00+00:00,0.5986,0.4014,1.4913
2026-05-31 15:50:00+00:00,0.5987,0.4013,1.4919
2026-05-31 15:55:00+00:00,0.5987,0.4013,1.4919
2026-05-31 16:00:00+00:00,0.5986,0.4014,1.4913
2026-05-31 16:05:00+00:00,0.5986,0.4014,1.4913
2026-05-31 16:10:00+00:00,0.5987,0.4013,1.4919
2026-05-31 16:15:00+00:00,0.5985,0.4015,1.4907
2026-05-31 16:20:00+00:00,0.5982,0.4018,1.4888
2026-05-31 16:25:00+00:00,0.5978,0.4022,1.4863
2026-05-31 16:30:00+00:00,0.5975,0.4025,1.4845
2026-05-31 16:35:00+00:00,0.5968,0.4032,1.4802
2026-05-31 16:40:00+00:00,0.5969,0.4031,1.4808
2026-05-31 16:45:00+00:00,0.597,0.403,1.4814
2026-05-31 16:50:00+00:00,0.5967,0.4033,1.4795
2026-05-31 16:55:00+00:00,0.597,0.403,1.4814
2026-05-31 17:00:00+00:00,0.5971,0.4029,1.482
2026-05-31 17:05:00+00:00,0.5973,0.4027,1.4832
2026-05-31 17:10:00+00:00,0.5971,0.4029,1.482
2026-05-31 17:15:00+00:00,0.597,0.403,1.4814
2026-05-31 17:20:00+00:00,0.5973,0.4027,1.4832
2026-05-31 17:25:00+00:00,0.5975,0.4025,1.4845
2026-05-31 17:30:00+00:00,0.5978,0.4022,1.4863
2026-05-31 17:35:00+00:00,0.5981,0.4019,1.4882
2026-05-31 17:40:00+00:00,0.5985,0.4015,1.4907
2026-05-31 17:45:00+00:00,0.5987,0.4013,1.4919
2026-05-31 17:50:00+00:00,0.5988,0.4012,1.4925
2026-05-31 17:55:00+00:00,0.5987,0.4013,1.4919
2026-05-31 18:00:00+00:00,0.5987,0.4013,1.4919
2026-05-31 18:05:00+00:00,0.5985,0.4015,1.4907
2026-05-31 18:10:00+00:00,0.5985,0.4015,1.4907
2026-05-31 18:15:00+00:00,0.5984,0.4016,1.49
2026-05-31 18:20:00+00:00,0.5982,0.4018,1.4888
2026-05-31 18:25:00+00:00,0.5981,0.4019,1.4882
2026-05-31 18:30:00+00:00,0.5982,0.4018,1.4888
2026-05-31 18:35:00+00:00,0.5983,0.4017,1.4894
2026-05-31 18:40:00+00:00,0.5982,0.4018,1.4888
2026-05-31 18:45:00+00:00,0.5983,0.4017,1.4894
2026-05-31 18:50:00+00:00,0.5982,0.4018,1.4888
2026-05-31 18:55:00+00:00,0.598,0.402,1.4876
2026-05-31 19:00:00+00:00,0.598,0.402,1.4876
2026-05-31 19:05:00+00:00,0.5979,0.4021,1.4869
2026-05-31 19:10:00+00:00,0.5979,0.4021,1.4869
2026-05-31 19:15:00+00:00,0.5978,0.4022,1.4863
2026-05-31 19:20:00+00:00,0.5979,0.4021,1.4869
2026-05-31 19:25:00+00:00,0.5982,0.4018,1.4888
2026-05-31 19:30:00+00:00,0.5983,0.4017,1.4894
2026-05-31 19:35:00+00:00,0.5983,0.4017,1.4894
2026-05-31 19:40:00+00:00,0.5983,0.4017,1.4894
2026-05-31 19:45:00+00:00,0.5986,0.4014,1.4913
2026-05-31 19:50:00+00:00,0.5987,0.4013,1.4919
2026-05-31 19:55:00+00:00,0.5987,0.4013,1.4919
2026-05-31 20:00:00+00:00,0.5989,0.4011,1.4931
2026-05-31 20:05:00+00:00,0.599,0.401,1.4938
2026-05-31 20:10:00+00:00,0.5986,0.4014,1.4913
2026-05-31 20:15:00+00:00,0.5986,0.4014,1.4913
2026-05-31 20:20:00+00:00,0.5988,0.4012,1.4925
2026-05-31 20:25:00+00:00,0.5989,0.4011,1.4931
2026-05-31 20:30:00+00:00,0.5989,0.4011,1.4931
2026-05-31 20:35:00+00:00,0.5989,0.4011,1.4931
2026-05-31 20:40:00+00:00,0.599,0.401,1.4938
2026-05-31 20:45:00+00:00,0.5989,0.4011,1.4931
2026-05-31 20:50:00+00:00,0.5989,0.4011,1.4931
2026-05-31 20:55:00+00:00,0.599,0.401,1.4938
2026-05-31 21:00:00+00:00,0.5993,0.4007,1.4956
2026-05-31 21:05:00+00:00,0.5992,0.4008,1.495
2026-05-31 21:10:00+00:00,0.599,0.401,1.4938
2026-05-31 21:15:00+00:00,0.5991,0.4009,1.4944
2026-05-31 21:20:00+00:00,0.5991,0.4009,1.4944
2026-05-31 21:25:00+00:00,0.5992,0.4008,1.495
2026-05-31 21:30:00+00:00,0.5991,0.4009,1.4944
2026-05-31 21:35:00+00:00,0.599,0.401,1.4938
2026-05-31 21:40:00+00:00,0.599,0.401,1.4938
2026-05-31 21:45:00+00:00,0.5989,0.4011,1.4931
2026-05-31 21:50:00+00:00,0.6007,0.3993,1.5044
2026-05-31 21:55:00+00:00,0.6008,0.3992,1.505
2026-05-31 22:00:00+00:00,0.6009,0.3991,1.5056
2026-05-31 22:05:00+00:00,0.6013,0.3987,1.5082
2026-05-31 22:10:00+00:00,0.6015,0.3985,1.5094
2026-05-31 22:15:00+00:00,0.6013,0.3987,1.5082
2026-05-31 22:20:00+00:00,0.6013,0.3987,1.5082
2026-05-31 22:25:00+00:00,0.6015,0.3985,1.5094
2026-05-31 22:30:00+00:00,0.6018,0.3982,1.5113
2026-05-31 22:35:00+00:00,0.6016,0.3984,1.51
2026-05-31 22:40:00+00:00,0.6016,0.3984,1.51
2026-05-31 22:45:00+00:00,0.6017,0.3983,1.5107
2026-05-31 22:50:00+00:00,0.6016,0.3984,1.51
2026-05-31 22:55:00+00:00,0.6016,0.3984,1.51
2026-05-31 23:00:00+00:00,0.6015,0.3985,1.5094
2026-05-31 23:05:00+00:00,0.6026,0.3974,1.5164
2026-05-31 23:10:00+00:00,0.6024,0.3976,1.5151
2026-05-31 23:15:00+00:00,0.6022,0.3978,1.5138
2026-05-31 23:20:00+00:00,0.6018,0.3982,1.5113
2026-05-31 23:25:00+00:00,0.6018,0.3982,1.5113
2026-05-31 23:30:00+00:00,0.6016,0.3984,1.51
2026-05-31 23:35:00+00:00,0.602,0.398,1.5126
2026-05-31 23:40:00+00:00,0.6022,0.3978,1.5138
2026-05-31 23:45:00+00:00,0.6026,0.3974,1.5164
2026-05-31 23:50:00+00:00,0.6032,0.3968,1.5202
2026-05-31 23:55:00+00:00,0.6033,0.3967,1.5208
2026-06-01 00:00:00+00:00,0.6036,0.3964,1.5227
2026-06-01 00:05:00+00:00,0.6037,0.3963,1.5233
2026-06-01 00:10:00+00:00,0.604,0.396,1.5253
2026-06-01 00:15:00+00:00,0.6037,0.3963,1.5233
2026-06-01 00:20:00+00:00,0.6036,0.3964,1.5227
2026-06-01 00:25:00+00:00,0.6035,0.3965,1.5221
2026-06-01 00:30:00+00:00,0.6034,0.3966,1.5214
2026-06-01 00:35:00+00:00,0.6027,0.3973,1.517
2026-06-01 00:40:00+00:00,0.6027,0.3973,1.517
2026-06-01 00:45:00+00:00,0.6027,0.3973,1.517
2026-06-01 00:50:00+00:00,0.6021,0.3979,1.5132
2026-06-01 00:55:00+00:00,0.6022,0.3978,1.5138
2026-06-01 01:00:00+00:00,0.602,0.398,1.5126
2026-06-01 01:05:00+00:00,0.6018,0.3982,1.5113
2026-06-01 01:10:00+00:00,0.6021,0.3979,1.5132
2026-06-01 01:15:00+00:00,0.6024,0.3976,1.5151
2026-06-01 01:20:00+00:00,0.6027,0.3973,1.517
2026-06-01 01:25:00+00:00,0.6032,0.3968,1.5202
2026-06-01 01:30:00+00:00,0.6045,0.3955,1.5284
2026-06-01 01:35:00+00:00,0.6045,0.3955,1.5284
2026-06-01 01:40:00+00:00,0.6044,0.3956,1.5278
2026-06-01 01:45:00+00:00,0.6048,0.3952,1.5304
2026-06-01 01:50:00+00:00,0.6048,0.3952,1.5304
2026-06-01 01:55:00+00:00,0.6055,0.3945,1.5349
2026-06-01 02:00:00+00:00,0.6089,0.3911,1.5569
2026-06-01 02:05:00+00:00,0.6096,0.3904,1.5615
2026-06-01 02:10:00+00:00,0.6099,0.3901,1.5634
2026-06-01 02:15:00+00:00,0.6101,0.3899,1.5648
2026-06-01 02:20:00+00:00,0.6101,0.3899,1.5648
2026-06-01 02:25:00+00:00,0.61,0.39,1.5641
2026-06-01 02:30:00+00:00,0.6098,0.3902,1.5628
2026-06-01 02:35:00+00:00,0.6097,0.3903,1.5621
2026-06-01 02:40:00+00:00,0.6097,0.3903,1.5621
2026-06-01 02:45:00+00:00,0.6091,0.3909,1.5582
2026-06-01 02:50:00+00:00,0.6087,0.3913,1.5556
2026-06-01 02:55:00+00:00,0.6083,0.3917,1.553
2026-06-01 03:00:00+00:00,0.6079,0.3921,1.5504
2026-06-01 03:05:00+00:00,0.6074,0.3926,1.5471
2026-06-01 03:10:00+00:00,0.6067,0.3933,1.5426
2026-06-01 03:15:00+00:00,0.6062,0.3938,1.5394
2026-06-01 03:20:00+00:00,0.605,0.395,1.5316
2026-06-01 03:25:00+00:00,0.6047,0.3953,1.5297
2026-06-01 03:30:00+00:00,0.6045,0.3955,1.5284
2026-06-01 03:35:00+00:00,0.6044,0.3956,1.5278
2026-06-01 03:40:00+00:00,0.6039,0.3961,1.5246
2026-06-01 03:45:00+00:00,0.6035,0.3965,1.5221
2026-06-01 03:50:00+00:00,0.6032,0.3968,1.5202
2026-06-01 03:55:00+00:00,0.603,0.397,1.5189
2026-06-01 04:00:00+00:00,0.6029,0.3971,1.5183
2026-06-01 04:05:00+00:00,0.6028,0.3972,1.5176
2026-06-01 04:10:00+00:00,0.6026,0.3974,1.5164
2026-06-01 04:15:00+00:00,0.6029,0.3971,1.5183
2026-06-01 04:20:00+00:00,0.6044,0.3956,1.5278
2026-06-01 04:25:00+00:00,0.6058,0.3942,1.5368
2026-06-01 04:30:00+00:00,0.6067,0.3933,1.5426
2026-06-01 04:35:00+00:00,0.6078,0.3922,1.5497
2026-06-01 04:40:00+00:00,0.6081,0.3919,1.5517
2026-06-01 04:45:00+00:00,0.6086,0.3914,1.5549
2026-06-01 04:50:00+00:00,0.609,0.391,1.5575
2026-06-01 04:55:00+00:00,0.6099,0.3901,1.5634
2026-06-01 05:00:00+00:00,0.61,0.39,1.5641
2026-06-01 05:05:00+00:00,0.6104,0.3896,1.5667
2026-06-01 05:10:00+00:00,0.6111,0.3889,1.5714
2026-06-01 05:15:00+00:00,0.611,0.389,1.5707
2026-06-01 05:20:00+00:00,0.6112,0.3888,1.572
2026-06-01 05:25:00+00:00,0.6115,0.3885,1.574
2026-06-01 05:30:00+00:00,0.6114,0.3886,1.5733
2026-06-01 05:35:00+00:00,0.6116,0.3884,1.5747
2026-06-01 05:40:00+00:00,0.6118,0.3882,1.576
2026-06-01 05:45:00+00:00,0.6121,0.3879,1.578
2026-06-01 05:50:00+00:00,0.6125,0.3875,1.5806
2026-06-01 05:55:00+00:00,0.6127,0.3873,1.582
2026-06-01 06:00:00+00:00,0.6127,0.3873,1.582
2026-06-01 06:05:00+00:00,0.6128,0.3872,1.5826
2026-06-01 06:10:00+00:00,0.6129,0.3871,1.5833
2026-06-01 06:15:00+00:00,0.6132,0.3868,1.5853
2026-06-01 06:20:00+00:00,0.6137,0.3863,1.5887
2026-06-01 06:25:00+00:00,0.6139,0.3861,1.59
2026-06-01 06:30:00+00:00,0.6139,0.3861,1.59
2026-06-01 06:35:00+00:00,0.6145,0.3855,1.594
2026-06-01 06:40:00+00:00,0.6141,0.3859,1.5913
2026-06-01 06:45:00+00:00,0.6138,0.3862,1.5893
2026-06-01 06:50:00+00:00,0.614,0.386,1.5907
2026-06-01 06:55:00+00:00,0.6149,0.3851,1.5967
2026-06-01 07:00:00+00:00,0.615,0.385,1.5974
2026-06-01 07:05:00+00:00,0.6149,0.3851,1.5967
2026-06-01 07:10:00+00:00,0.6162,0.3838,1.6055
2026-06-01 07:15:00+00:00,0.6166,0.3834,1.6082
2026-06-01 07:20:00+00:00,0.6167,0.3833,1.6089
2026-06-01 07:25:00+00:00,0.6172,0.3828,1.6123
2026-06-01 07:30:00+00:00,0.6173,0.3827,1.613
2026-06-01 07:35:00+00:00,0.6165,0.3835,1.6076
2026-06-01 07:40:00+00:00,0.6169,0.3831,1.6103
2026-06-01 07:45:00+00:00,0.6173,0.3827,1.613
2026-06-01 07:50:00+00:00,0.6174,0.3826,1.6137
2026-06-01 07:55:00+00:00,0.6182,0.3818,1.6192
2026-06-01 08:00:00+00:00,0.6185,0.3815,1.6212
2026-06-01 08:05:00+00:00,0.6188,0.3812,1.6233
2026-06-01 08:10:00+00:00,0.6192,0.3808,1.6261
2026-06-01 08:15:00+00:00,0.6201,0.3799,1.6323
2026-06-01 08:20:00+00:00,0.6199,0.3801,1.6309
2026-06-01 08:25:00+00:00,0.6208,0.3792,1.6371
2026-06-01 08:30:00+00:00,0.6218,0.3782,1.6441
2026-06-01 08:35:00+00:00,0.6221,0.3779,1.6462
2026-06-01 08:40:00+00:00,0.6231,0.3769,1.6532
2026-06-01 08:45:00+00:00,0.6234,0.3766,1.6553
2026-06-01 08:50:00+00:00,0.6241,0.3759,1.6603
2026-06-01 08:55:00+00:00,0.6246,0.3754,1.6638
2026-06-01 09:00:00+00:00,0.6259,0.3741,1.6731
2026-06-01 09:05:00+00:00,0.6271,0.3729,1.6817
2026-06-01 09:10:00+00:00,0.6283,0.3717,1.6903
2026-06-01 09:15:00+00:00,0.6287,0.3713,1.6932
2026-06-01 09:20:00+00:00,0.6288,0.3712,1.694
2026-06-01 09:25:00+00:00,0.6294,0.3706,1.6983
2026-06-01 09:30:00+00:00,0.6297,0.3703,1.7005
2026-06-01 09:35:00+00:00,0.6293,0.3707,1.6976
2026-06-01 09:40:00+00:00,0.629,0.371,1.6954
2026-06-01 09:45:00+00:00,0.6289,0.3711,1.6947
2026-06-01 09:50:00+00:00,0.629,0.371,1.6954
2026-06-01 09:55:00+00:00,0.6293,0.3707,1.6976
2026-06-01 10:00:00+00:00,0.6288,0.3712,1.694
2026-06-01 10:05:00+00:00,0.6285,0.3715,1.6918
2026-06-01 10:10:00+00:00,0.6284,0.3716,1.6911
2026-06-01 10:15:00+00:00,0.6285,0.3715,1.6918
2026-06-01 10:20:00+00:00,0.6284,0.3716,1.6911
2026-06-01 10:25:00+00:00,0.6283,0.3717,1.6903
2026-06-01 10:30:00+00:00,0.6282,0.3718,1.6896
2026-06-01 10:35:00+00:00,0.6275,0.3725,1.6846
2026-06-01 10:40:00+00:00,0.6272,0.3728,1.6824
2026-06-01 10:45:00+00:00,0.628,0.372,1.6882
2026-06-01 10:50:00+00:00,0.6288,0.3712,1.694
2026-06-01 10:55:00+00:00,0.6292,0.3708,1.6969
2026-06-01 11:00:00+00:00,0.6293,0.3707,1.6976
2026-06-01 11:05:00+00:00,0.6296,0.3704,1.6998
2026-06-01 11:10:00+00:00,0.6296,0.3704,1.6998
2026-06-01 11:15:00+00:00,0.6298,0.3702,1.7012
2026-06-01 11:20:00+00:00,0.6299,0.3701,1.702
2026-06-01 11:25:00+00:00,0.6303,0.3697,1.7049
2026-06-01 11:30:00+00:00,0.6302,0.3698,1.7042
2026-06-01 11:35:00+00:00,0.6298,0.3702,1.7012
2026-06-01 11:40:00+00:00,0.63,0.37,1.7027
2026-06-01 11:45:00+00:00,0.6305,0.3695,1.7064
2026-06-01 11:50:00+00:00,0.6312,0.3688,1.7115
2026-06-01 11:55:00+00:00,0.6312,0.3688,1.7115
2026-06-01 12:00:00+00:00,0.6266,0.3734,1.6781
2026-06-01 12:05:00+00:00,0.6255,0.3745,1.6702
2026-06-01 12:10:00+00:00,0.6257,0.3743,1.6717
2026-06-01 12:15:00+00:00,0.6282,0.3718,1.6896
2026-06-01 12:20:00+00:00,0.6293,0.3707,1.6976
2026-06-01 12:25:00+00:00,0.6304,0.3696,1.7056
2026-06-01 12:30:00+00:00,0.6312,0.3688,1.7115
2026-06-01 12:35:00+00:00,0.6313,0.3687,1.7122
2026-06-01 12:40:00+00:00,0.6326,0.3674,1.7218
2026-06-01 12:45:00+00:00,0.633,0.367,1.7248
2026-06-01 12:50:00+00:00,0.6328,0.3672,1.7233
2026-06-01 12:55:00+00:00,0.6331,0.3669,1.7255
2026-06-01 13:00:00+00:00,0.6328,0.3672,1.7233
2026-06-01 13:05:00+00:00,0.6336,0.3664,1.7293
2026-06-01 13:10:00+00:00,0.6332,0.3668,1.7263
2026-06-01 13:15:00+00:00,0.6314,0.3686,1.713
2026-06-01 13:20:00+00:00,0.6316,0.3684,1.7144
2026-06-01 13:25:00+00:00,0.6317,0.3683,1.7152
2026-06-01 13:30:00+00:00,0.6321,0.3679,1.7181
2026-06-01 13:35:00+00:00,0.6339,0.3661,1.7315
2026-06-01 13:40:00+00:00,0.6346,0.3654,1.7367
2026-06-01 13:45:00+00:00,0.6341,0.3659,1.733
2026-06-01 13:50:00+00:00,0.6346,0.3654,1.7367
2026-06-01 13:55:00+00:00,0.6344,0.3656,1.7352
2026-06-01 14:00:00+00:00,0.6389,0.3611,1.7693
2026-06-01 14:05:00+00:00,0.6447,0.3553,1.8145
2026-06-01 14:10:00+00:00,0.6405,0.3595,1.7816
2026-06-01 14:15:00+00:00,0.6486,0.3514,1.8458
2026-06-01 14:20:00+00:00,0.6495,0.3505,1.8531
2026-06-01 14:25:00+00:00,0.65,0.35,1.8571
2026-06-01 14:30:00+00:00,0.6501,0.3499,1.858
2026-06-01 14:35:00+00:00,0.651,0.349,1.8653
2026-06-01 14:40:00+00:00,0.6515,0.3485,1.8694
2026-06-01 14:45:00+00:00,0.652,0.348,1.8736
2026-06-01 14:50:00+00:00,0.653,0.347,1.8818
2026-06-01 14:55:00+00:00,0.6534,0.3466,1.8852
2026-06-01 15:00:00+00:00,0.657,0.343,1.9155
2026-06-01 15:05:00+00:00,0.6584,0.3416,1.9274
2026-06-01 15:10:00+00:00,0.6596,0.3404,1.9377
2026-06-01 15:15:00+00:00,0.6598,0.3402,1.9394
2026-06-01 15:20:00+00:00,0.6589,0.3411,1.9317
2026-06-01 15:25:00+00:00,0.6584,0.3416,1.9274
2026-06-01 15:30:00+00:00,0.6583,0.3417,1.9265
2026-06-01 15:35:00+00:00,0.6595,0.3405,1.9369
2026-06-01 15:40:00+00:00,0.6605,0.3395,1.9455
2026-06-01 15:45:00+00:00,0.6607,0.3393,1.9472
2026-06-01 15:50:00+00:00,0.6613,0.3387,1.9525
2026-06-01 15:55:00+00:00,0.6615,0.3385,1.9542
2026-06-01 16:00:00+00:00,0.6617,0.3383,1.956
2026-06-01 16:05:00+00:00,0.6629,0.3371,1.9665
2026-06-01 16:10:00+00:00,0.6612,0.3388,1.9516
2026-06-01 16:15:00+00:00,0.6619,0.3381,1.9577
2026-06-01 16:20:00+00:00,0.6631,0.3369,1.9682
2026-06-01 16:25:00+00:00,0.6638,0.3362,1.9744
2026-06-01 16:30:00+00:00,0.6652,0.3348,1.9869
2026-06-01 16:35:00+00:00,0.6669,0.3331,2.0021
2026-06-01 16:40:00+00:00,0.6677,0.3323,2.0093
2026-06-01 16:45:00+00:00,0.6695,0.3305,2.0257
2026-06-01 16:50:00+00:00,0.6707,0.3293,2.0367
2026-06-01 16:55:00+00:00,0.671,0.329,2.0395
2026-06-01 17:00:00+00:00,0.6712,0.3288,2.0414
2026-06-01 17:05:00+00:00,0.6711,0.3289,2.0404
2026-06-01 17:10:00+00:00,0.6714,0.3286,2.0432
2026-06-01 17:15:00+00:00,0.6714,0.3286,2.0432
2026-06-01 17:20:00+00:00,0.6701,0.3299,2.0312
2026-06-01 17:25:00+00:00,0.6697,0.3303,2.0276
2026-06-01 17:30:00+00:00,0.6694,0.3306,2.0248
2026-06-01 17:35:00+00:00,0.6701,0.3299,2.0312
2026-06-01 17:40:00+00:00,0.6697,0.3303,2.0276
2026-06-01 17:45:00+00:00,0.669,0.331,2.0211
2026-06-01 17:50:00+00:00,0.669,0.331,2.0211
2026-06-01 17:55:00+00:00,0.6688,0.3312,2.0193
2026-06-01 18:00:00+00:00,0.6688,0.3312,2.0193
2026-06-01 18:05:00+00:00,0.6684,0.3316,2.0157
2026-06-01 18:10:00+00:00,0.6673,0.3327,2.0057
2026-06-01 18:15:00+00:00,0.6663,0.3337,1.9967
2026-06-01 18:20:00+00:00,0.6642,0.3358,1.978
2026-06-01 18:25:00+00:00,0.6643,0.3357,1.9789
2026-06-01 18:30:00+00:00,0.6647,0.3353,1.9824
2026-06-01 18:35:00+00:00,0.6655,0.3345,1.9895
2026-06-01 18:40:00+00:00,0.6654,0.3346,1.9886
2026-06-01 18:45:00+00:00,0.6652,0.3348,1.9869
2026-06-01 18:50:00+00:00,0.6654,0.3346,1.9886
2026-06-01 18:55:00+00:00,0.6656,0.3344,1.9904
2026-06-01 19:00:00+00:00,0.6657,0.3343,1.9913
2026-06-01 19:05:00+00:00,0.6656,0.3344,1.9904
2026-06-01 19:10:00+00:00,0.6656,0.3344,1.9904
2026-06-01 19:15:00+00:00,0.6654,0.3346,1.9886
2026-06-01 19:20:00+00:00,0.665,0.335,1.9851
2026-06-01 19:25:00+00:00,0.6652,0.3348,1.9869
2026-06-01 19:30:00+00:00,0.6652,0.3348,1.9869
2026-06-01 19:35:00+00:00,0.6656,0.3344,1.9904
2026-06-01 19:40:00+00:00,0.6658,0.3342,1.9922
2026-06-01 19:45:00+00:00,0.6658,0.3342,1.9922
2026-06-01 19:50:00+00:00,0.6658,0.3342,1.9922
2026-06-01 19:55:00+00:00,0.666,0.334,1.994
2026-06-01 20:00:00+00:00,0.6657,0.3343,1.9913
2026-06-01 20:05:00+00:00,0.6658,0.3342,1.9922
2026-06-01 20:10:00+00:00,0.6656,0.3344,1.9904
2026-06-01 20:15:00+00:00,0.6659,0.3341,1.9931
2026-06-01 20:20:00+00:00,0.6658,0.3342,1.9922
2026-06-01 20:25:00+00:00,0.6661,0.3339,1.9949
2026-06-01 20:30:00+00:00,0.666,0.334,1.994
2026-06-01 20:35:00+00:00,0.666,0.334,1.994
2026-06-01 20:40:00+00:00,0.6662,0.3338,1.9958
2026-06-01 20:45:00+00:00,0.6663,0.3337,1.9967
2026-06-01 20:50:00+00:00,0.6665,0.3335,1.9985
2026-06-01 20:55:00+00:00,0.6667,0.3333,2.0003
2026-06-01 21:00:00+00:00,0.6666,0.3334,1.9994
2026-06-01 21:05:00+00:00,0.6666,0.3334,1.9994
2026-06-01 21:10:00+00:00,0.6656,0.3344,1.9904
2026-06-01 21:15:00+00:00,0.6657,0.3343,1.9913
2026-06-01 21:20:00+00:00,0.6658,0.3342,1.9922
2026-06-01 21:25:00+00:00,0.6663,0.3337,1.9967
2026-06-01 21:30:00+00:00,0.6702,0.3298,2.0321
2026-06-01 21:35:00+00:00,0.6703,0.3297,2.0331
2026-06-01 21:40:00+00:00,0.6701,0.3299,2.0312
2026-06-01 21:45:00+00:00,0.6723,0.3277,2.0516
2026-06-01 21:50:00+00:00,0.6725,0.3275,2.0534
2026-06-01 21:55:00+00:00,0.6728,0.3272,2.0562
2026-06-01 22:00:00+00:00,0.673,0.327,2.0581
2026-06-01 22:05:00+00:00,0.673,0.327,2.0581
2026-06-01 22:10:00+00:00,0.673,0.327,2.0581
2026-06-01 22:15:00+00:00,0.673,0.327,2.0581
2026-06-01 22:20:00+00:00,0.6741,0.3259,2.0684
2026-06-01 22:25:00+00:00,0.6747,0.3253,2.0741
2026-06-01 22:30:00+00:00,0.675,0.325,2.0769
2026-06-01 22:35:00+00:00,0.675,0.325,2.0769
2026-06-01 22:40:00+00:00,0.6745,0.3255,2.0722
2026-06-01 22:45:00+00:00,0.6753,0.3247,2.0798
2026-06-01 22:50:00+00:00,0.6755,0.3245,2.0817
2026-06-01 22:55:00+00:00,0.6759,0.3241,2.0855
2026-06-01 23:00:00+00:00,0.6765,0.3235,2.0912
2026-06-01 23:05:00+00:00,0.6764,0.3236,2.0902
2026-06-01 23:10:00+00:00,0.6764,0.3236,2.0902
2026-06-01 23:15:00+00:00,0.6763,0.3237,2.0893
2026-06-01 23:20:00+00:00,0.6768,0.3232,2.0941
2026-06-01 23:25:00+00:00,0.6768,0.3232,2.0941
2026-06-01 23:30:00+00:00,0.6763,0.3237,2.0893
2026-06-01 23:35:00+00:00,0.676,0.324,2.0864
2026-06-01 23:40:00+00:00,0.6763,0.3237,2.0893
2026-06-01 23:45:00+00:00,0.6764,0.3236,2.0902
2026-06-01 23:50:00+00:00,0.6764,0.3236,2.0902
2026-06-01 23:55:00+00:00,0.6766,0.3234,2.0921
2026-06-02 00:00:00+00:00,0.6766,0.3234,2.0921
2026-06-02 00:05:00+00:00,0.6768,0.3232,2.0941
2026-06-02 00:10:00+00:00,0.6766,0.3234,2.0921
2026-06-02 00:15:00+00:00,0.6763,0.3237,2.0893
2026-06-02 00:20:00+00:00,0.6761,0.3239,2.0874
2026-06-02 00:25:00+00:00,0.6757,0.3243,2.0836
2026-06-02 00:30:00+00:00,0.6755,0.3245,2.0817
2026-06-02 00:35:00+00:00,0.6762,0.3238,2.0883
2026-06-02 00:40:00+00:00,0.6762,0.3238,2.0883
2026-06-02 00:45:00+00:00,0.6759,0.3241,2.0855
2026-06-02 00:50:00+00:00,0.6758,0.3242,2.0845
2026-06-02 00:55:00+00:00,0.6762,0.3238,2.0883
2026-06-02 01:00:00+00:00,0.6764,0.3236,2.0902
2026-06-02 01:05:00+00:00,0.6763,0.3237,2.0893
2026-06-02 01:10:00+00:00,0.6763,0.3237,2.0893
2026-06-02 01:15:00+00:00,0.6761,0.3239,2.0874
2026-06-02 01:20:00+00:00,0.6765,0.3235,2.0912
2026-06-02 01:25:00+00:00,0.6765,0.3235,2.0912
2026-06-02 01:30:00+00:00,0.6764,0.3236,2.0902
2026-06-02 01:35:00+00:00,0.6765,0.3235,2.0912
2026-06-02 01:40:00+00:00,0.676,0.324,2.0864
2026-06-02 01:45:00+00:00,0.6765,0.3235,2.0912
2026-06-02 01:50:00+00:00,0.6765,0.3235,2.0912
2026-06-02 01:55:00+00:00,0.6774,0.3226,2.0998
2026-06-02 02:00:00+00:00,0.6762,0.3238,2.0883
2026-06-02 02:05:00+00:00,0.676,0.324,2.0864
2026-06-02 02:10:00+00:00,0.6741,0.3259,2.0684
2026-06-02 02:15:00+00:00,0.675,0.325,2.0769
2026-06-02 02:20:00+00:00,0.6747,0.3253,2.0741
2026-06-02 02:25:00+00:00,0.6766,0.3234,2.0921
2026-06-02 02:30:00+00:00,0.6772,0.3228,2.0979
2026-06-02 02:35:00+00:00,0.6765,0.3235,2.0912
2026-06-02 02:40:00+00:00,0.6756,0.3244,2.0826
2026-06-02 02:45:00+00:00,0.6744,0.3256,2.0713
2026-06-02 02:50:00+00:00,0.6745,0.3255,2.0722
2026-06-02 02:55:00+00:00,0.6746,0.3254,2.0731
2026-06-02 03:00:00+00:00,0.6738,0.3262,2.0656
2026-06-02 03:05:00+00:00,0.6733,0.3267,2.0609
2026-06-02 03:10:00+00:00,0.6732,0.3268,2.06
2026-06-02 03:15:00+00:00,0.6728,0.3272,2.0562
2026-06-02 03:20:00+00:00,0.6727,0.3273,2.0553
2026-06-02 03:25:00+00:00,0.6727,0.3273,2.0553
2026-06-02 03:30:00+00:00,0.6726,0.3274,2.0544
2026-06-02 03:35:00+00:00,0.6724,0.3276,2.0525
2026-06-02 03:40:00+00:00,0.6724,0.3276,2.0525
2026-06-02 03:45:00+00:00,0.6722,0.3278,2.0506
2026-06-02 03:50:00+00:00,0.6722,0.3278,2.0506
2026-06-02 03:55:00+00:00,0.6743,0.3257,2.0703
2026-06-02 04:00:00+00:00,0.6742,0.3258,2.0694
2026-06-02 04:05:00+00:00,0.674,0.326,2.0675
2026-06-02 04:10:00+00:00,0.6736,0.3264,2.0637
2026-06-02 04:15:00+00:00,0.6728,0.3272,2.0562
2026-06-02 04:20:00+00:00,0.6728,0.3272,2.0562
2026-06-02 04:25:00+00:00,0.6728,0.3272,2.0562
2026-06-02 04:30:00+00:00,0.6731,0.3269,2.059
2026-06-02 04:35:00+00:00,0.673,0.327,2.0581
2026-06-02 04:40:00+00:00,0.6735,0.3265,2.0628
2026-06-02 04:45:00+00:00,0.6737,0.3263,2.0647
2026-06-02 04:50:00+00:00,0.6735,0.3265,2.0628
2026-06-02 04:55:00+00:00,0.6731,0.3269,2.059
2026-06-02 05:00:00+00:00,0.6731,0.3269,2.059
2026-06-02 05:05:00+00:00,0.6727,0.3273,2.0553
2026-06-02 05:10:00+00:00,0.6728,0.3272,2.0562
2026-06-02 05:15:00+00:00,0.6734,0.3266,2.0618
2026-06-02 05:20:00+00:00,0.6731,0.3269,2.059
2026-06-02 05:25:00+00:00,0.6734,0.3266,2.0618
2026-06-02 05:30:00+00:00,0.6733,0.3267,2.0609
2026-06-02 05:35:00+00:00,0.6734,0.3266,2.0618
2026-06-02 05:40:00+00:00,0.6734,0.3266,2.0618
2026-06-02 05:45:00+00:00,0.6738,0.3262,2.0656
2026-06-02 05:50:00+00:00,0.6739,0.3261,2.0665
2026-06-02 05:55:00+00:00,0.6741,0.3259,2.0684
2026-06-02 06:00:00+00:00,0.6746,0.3254,2.0731
2026-06-02 06:05:00+00:00,0.6756,0.3244,2.0826
2026-06-02 06:10:00+00:00,0.6763,0.3237,2.0893
2026-06-02 06:15:00+00:00,0.6785,0.3215,2.1104
2026-06-02 06:20:00+00:00,0.6791,0.3209,2.1162
2026-06-02 06:25:00+00:00,0.6796,0.3204,2.1211
2026-06-02 06:30:00+00:00,0.6806,0.3194,2.1309
2026-06-02 06:35:00+00:00,0.6815,0.3185,2.1397
2026-06-02 06:40:00+00:00,0.6817,0.3183,2.1417
2026-06-02 06:45:00+00:00,0.6819,0.3181,2.1437
2026-06-02 06:50:00+00:00,0.6816,0.3184,2.1407
2026-06-02 06:55:00+00:00,0.6825,0.3175,2.1496
2026-06-02 07:00:00+00:00,0.6805,0.3195,2.1299
2026-06-02 07:05:00+00:00,0.6782,0.3218,2.1075
2026-06-02 07:10:00+00:00,0.6786,0.3214,2.1114
2026-06-02 07:15:00+00:00,0.6787,0.3213,2.1124
2026-06-02 07:20:00+00:00,0.6804,0.3196,2.1289
2026-06-02 07:25:00+00:00,0.6799,0.3201,2.124
2026-06-02 07:30:00+00:00,0.6799,0.3201,2.124
2026-06-02 07:35:00+00:00,0.6801,0.3199,2.126
2026-06-02 07:40:00+00:00,0.68,0.32,2.125
2026-06-02 07:45:00+00:00,0.6799,0.3201,2.124
2026-06-02 07:50:00+00:00,0.6796,0.3204,2.1211
2026-06-02 07:55:00+00:00,0.6795,0.3205,2.1201
2026-06-02 08:00:00+00:00,0.6797,0.3203,2.1221
2026-06-02 08:05:00+00:00,0.6793,0.3207,2.1182
2026-06-02 08:10:00+00:00,0.679,0.321,2.1153
2026-06-02 08:15:00+00:00,0.6785,0.3215,2.1104
2026-06-02 08:20:00+00:00,0.6786,0.3214,2.1114
2026-06-02 08:25:00+00:00,0.6783,0.3217,2.1085
2026-06-02 08:30:00+00:00,0.6785,0.3215,2.1104
2026-06-02 08:35:00+00:00,0.6788,0.3212,2.1133
2026-06-02 08:40:00+00:00,0.6789,0.3211,2.1143
2026-06-02 08:45:00+00:00,0.6788,0.3212,2.1133
2026-06-02 08:50:00+00:00,0.679,0.321,2.1153
2026-06-02 08:55:00+00:00,0.6781,0.3219,2.1066
2026-06-02 09:00:00+00:00,0.6781,0.3219,2.1066
2026-06-02 09:05:00+00:00,0.676,0.324,2.0864
2026-06-02 09:10:00+00:00,0.6759,0.3241,2.0855
2026-06-02 09:15:00+00:00,0.6748,0.3252,2.075
2026-06-02 09:20:00+00:00,0.6748,0.3252,2.075
2026-06-02 09:25:00+00:00,0.6744,0.3256,2.0713
2026-06-02 09:30:00+00:00,0.6731,0.3269,2.059
2026-06-02 09:35:00+00:00,0.6747,0.3253,2.0741
2026-06-02 09:40:00+00:00,0.6751,0.3249,2.0779
2026-06-02 09:45:00+00:00,0.6751,0.3249,2.0779
2026-06-02 09:50:00+00:00,0.6749,0.3251,2.076
2026-06-02 09:55:00+00:00,0.675,0.325,2.0769
2026-06-02 10:00:00+00:00,0.675,0.325,2.0769
2026-06-02 10:05:00+00:00,0.6743,0.3257,2.0703
2026-06-02 10:10:00+00:00,0.6764,0.3236,2.0902
2026-06-02 10:15:00+00:00,0.6775,0.3225,2.1008
2026-06-02 10:20:00+00:00,0.678,0.322,2.1056
2026-06-02 10:25:00+00:00,0.678,0.322,2.1056
2026-06-02 10:30:00+00:00,0.6781,0.3219,2.1066
2026-06-02 10:35:00+00:00,0.678,0.322,2.1056
2026-06-02 10:40:00+00:00,0.6771,0.3229,2.0969
2026-06-02 10:45:00+00:00,0.6769,0.3231,2.095
2026-06-02 10:50:00+00:00,0.6773,0.3227,2.0989
2026-06-02 10:55:00+00:00,0.6775,0.3225,2.1008
2026-06-02 11:00:00+00:00,0.6786,0.3214,2.1114
2026-06-02 11:05:00+00:00,0.6785,0.3215,2.1104
2026-06-02 11:10:00+00:00,0.6787,0.3213,2.1124
2026-06-02 11:15:00+00:00,0.6791,0.3209,2.1162
2026-06-02 11:20:00+00:00,0.6789,0.3211,2.1143
2026-06-02 11:25:00+00:00,0.6791,0.3209,2.1162
2026-06-02 11:30:00+00:00,0.679,0.321,2.1153
2026-06-02 11:35:00+00:00,0.6784,0.3216,2.1095
2026-06-02 11:40:00+00:00,0.6786,0.3214,2.1114
2026-06-02 11:45:00+00:00,0.679,0.321,2.1153
2026-06-02 11:50:00+00:00,0.6792,0.3208,2.1172
2026-06-02 11:55:00+00:00,0.6797,0.3203,2.1221
2026-06-02 12:00:00+00:00,0.6798,0.3202,2.123
2026-06-02 12:05:00+00:00,0.68,0.32,2.125
2026-06-02 12:10:00+00:00,0.6795,0.3205,2.1201
2026-06-02 12:15:00+00:00,0.6799,0.3201,2.124
2026-06-02 12:20:00+00:00,0.6784,0.3216,2.1095
2026-06-02 12:25:00+00:00,0.6784,0.3216,2.1095
2026-06-02 12:30:00+00:00,0.6782,0.3218,2.1075
2026-06-02 12:35:00+00:00,0.6766,0.3234,2.0921
2026-06-02 12:40:00+00:00,0.6759,0.3241,2.0855
2026-06-02 12:45:00+00:00,0.6774,0.3226,2.0998
2026-06-02 12:50:00+00:00,0.6781,0.3219,2.1066
2026-06-02 12:55:00+00:00,0.678,0.322,2.1056
2026-06-02 13:00:00+00:00,0.6777,0.3223,2.1027
2026-06-02 13:05:00+00:00,0.677,0.323,2.096
2026-06-02 13:10:00+00:00,0.6774,0.3226,2.0998
2026-06-02 13:15:00+00:00,0.6772,0.3228,2.0979
2026-06-02 13:20:00+00:00,0.6782,0.3218,2.1075
2026-06-02 13:25:00+00:00,0.6786,0.3214,2.1114
2026-06-02 13:30:00+00:00,0.679,0.321,2.1153
2026-06-02 13:35:00+00:00,0.6796,0.3204,2.1211
2026-06-02 13:40:00+00:00,0.6781,0.3219,2.1066
2026-06-02 13:45:00+00:00,0.6771,0.3229,2.0969
2026-06-02 13:50:00+00:00,0.6774,0.3226,2.0998
2026-06-02 13:55:00+00:00,0.677,0.323,2.096
2026-06-02 14:00:00+00:00,0.6763,0.3237,2.0893
2026-06-02 14:05:00+00:00,0.6766,0.3234,2.0921
2026-06-02 14:10:00+00:00,0.6754,0.3246,2.0807
2026-06-02 14:15:00+00:00,0.6751,0.3249,2.0779
2026-06-02 14:20:00+00:00,0.6754,0.3246,2.0807
2026-06-02 14:25:00+00:00,0.6731,0.3269,2.059
2026-06-02 14:30:00+00:00,0.6722,0.3278,2.0506
2026-06-02 14:35:00+00:00,0.6754,0.3246,2.0807
2026-06-02 14:40:00+00:00,0.6783,0.3217,2.1085
2026-06-02 14:45:00+00:00,0.6769,0.3231,2.095
2026-06-02 14:50:00+00:00,0.6759,0.3241,2.0855
2026-06-02 14:55:00+00:00,0.6766,0.3234,2.0921
2026-06-02 15:00:00+00:00,0.6766,0.3234,2.0921
2026-06-02 15:05:00+00:00,0.6754,0.3246,2.0807
2026-06-02 15:10:00+00:00,0.676,0.324,2.0864
2026-06-02 15:15:00+00:00,0.6766,0.3234,2.0921
2026-06-02 15:20:00+00:00,0.6753,0.3247,2.0798
2026-06-02 15:25:00+00:00,0.6745,0.3255,2.0722
2026-06-02 15:30:00+00:00,0.6695,0.3305,2.0257
2026-06-02 15:35:00+00:00,0.6685,0.3315,2.0166
2026-06-02 15:40:00+00:00,0.6653,0.3347,1.9878
2026-06-02 15:45:00+00:00,0.6677,0.3323,2.0093
2026-06-02 15:50:00+00:00,0.6691,0.3309,2.0221
2026-06-02 15:55:00+00:00,0.6698,0.3302,2.0285
2026-06-02 16:00:00+00:00,0.6708,0.3292,2.0377
2026-06-02 16:05:00+00:00,0.6724,0.3276,2.0525
2026-06-02 16:10:00+00:00,0.6765,0.3235,2.0912
2026-06-02 16:15:00+00:00,0.6823,0.3177,2.1476
2026-06-02 16:20:00+00:00,0.6839,0.3161,2.1636
2026-06-02 16:25:00+00:00,0.6801,0.3199,2.126
2026-06-02 16:30:00+00:00,0.6802,0.3198,2.127
2026-06-02 16:35:00+00:00,0.6779,0.3221,2.1046
2026-06-02 16:40:00+00:00,0.6758,0.3242,2.0845
2026-06-02 16:45:00+00:00,0.676,0.324,2.0864
2026-06-02 16:50:00+00:00,0.6772,0.3228,2.0979
2026-06-02 16:55:00+00:00,0.6774,0.3226,2.0998
2026-06-02 17:00:00+00:00,0.6826,0.3174,2.1506
2026-06-02 17:05:00+00:00,0.6833,0.3167,2.1576
2026-06-02 17:10:00+00:00,0.6835,0.3165,2.1596
2026-06-02 17:15:00+00:00,0.6842,0.3158,2.1666
2026-06-02 17:20:00+00:00,0.6846,0.3154,2.1706
2026-06-02 17:25:00+00:00,0.6866,0.3134,2.1908
2026-06-02 17:30:00+00:00,0.6868,0.3132,2.1928
2026-06-02 17:35:00+00:00,0.6874,0.3126,2.199
2026-06-02 17:40:00+00:00,0.6875,0.3125,2.2
2026-06-02 17:45:00+00:00,0.6876,0.3124,2.201
2026-06-02 17:50:00+00:00,0.6875,0.3125,2.2
2026-06-02 17:55:00+00:00,0.6877,0.3123,2.202
2026-06-02 18:00:00+00:00,0.6879,0.3121,2.2041
2026-06-02 18:05:00+00:00,0.6884,0.3116,2.2092
2026-06-02 18:10:00+00:00,0.6887,0.3113,2.2123
2026-06-02 18:15:00+00:00,0.689,0.311,2.2154
2026-06-02 18:20:00+00:00,0.6889,0.3111,2.2144
2026-06-02 18:25:00+00:00,0.6888,0.3112,2.2134
2026-06-02 18:30:00+00:00,0.6884,0.3116,2.2092
2026-06-02 18:35:00+00:00,0.6879,0.3121,2.2041
2026-06-02 18:40:00+00:00,0.6875,0.3125,2.2
2026-06-02 18:45:00+00:00,0.687,0.313,2.1949
2026-06-02 18:50:00+00:00,0.687,0.313,2.1949
2026-06-02 18:55:00+00:00,0.687,0.313,2.1949
2026-06-02 19:00:00+00:00,0.688,0.312,2.2051
2026-06-02 19:05:00+00:00,0.6883,0.3117,2.2082
2026-06-02 19:10:00+00:00,0.6883,0.3117,2.2082
2026-06-02 19:15:00+00:00,0.6883,0.3117,2.2082
2026-06-02 19:20:00+00:00,0.6881,0.3119,2.2062
2026-06-02 19:25:00+00:00,0.6883,0.3117,2.2082
2026-06-02 19:30:00+00:00,0.6854,0.3146,2.1786
2026-06-02 19:35:00+00:00,0.6815,0.3185,2.1397
2026-06-02 19:40:00+00:00,0.6821,0.3179,2.1456
2026-06-02 19:45:00+00:00,0.6828,0.3172,2.1526
2026-06-02 19:50:00+00:00,0.6857,0.3143,2.1817
2026-06-02 19:55:00+00:00,0.6868,0.3132,2.1928
2026-06-02 20:00:00+00:00,0.6838,0.3162,2.1626
2026-06-02 20:05:00+00:00,0.6835,0.3165,2.1596
2026-06-02 20:10:00+00:00,0.6838,0.3162,2.1626
2026-06-02 20:15:00+00:00,0.6839,0.3161,2.1636
2026-06-02 20:20:00+00:00,0.6829,0.3171,2.1536
2026-06-02 20:25:00+00:00,0.6823,0.3177,2.1476
2026-06-02 20:30:00+00:00,0.6849,0.3151,2.1736
2026-06-02 20:35:00+00:00,0.6859,0.3141,2.1837
2026-06-02 20:40:00+00:00,0.6856,0.3144,2.1807
2026-06-02 20:45:00+00:00,0.6856,0.3144,2.1807
2026-06-02 20:50:00+00:00,0.686,0.314,2.1847
2026-06-02 20:55:00+00:00,0.688,0.312,2.2051
2026-06-02 21:00:00+00:00,0.6888,0.3112,2.2134
2026-06-02 21:05:00+00:00,0.6889,0.3111,2.2144
2026-06-02 21:10:00+00:00,0.69,0.31,2.2258
2026-06-02 21:15:00+00:00,0.6891,0.3109,2.2165
2026-06-02 21:20:00+00:00,0.6891,0.3109,2.2165
2026-06-02 21:25:00+00:00,0.689,0.311,2.2154
2026-06-02 21:30:00+00:00,0.6903,0.3097,2.2289
2026-06-02 21:35:00+00:00,0.6907,0.3093,2.2331
2026-06-02 21:40:00+00:00,0.6912,0.3088,2.2383
2026-06-02 21:45:00+00:00,0.6911,0.3089,2.2373
2026-06-02 21:50:00+00:00,0.6908,0.3092,2.2342
2026-06-02 21:55:00+00:00,0.6905,0.3095,2.231
2026-06-02 22:00:00+00:00,0.6906,0.3094,2.2321
2026-06-02 22:05:00+00:00,0.6903,0.3097,2.2289
2026-06-02 22:10:00+00:00,0.6904,0.3096,2.23
2026-06-02 22:15:00+00:00,0.6899,0.3101,2.2248
2026-06-02 22:20:00+00:00,0.6904,0.3096,2.23
2026-06-02 22:25:00+00:00,0.6917,0.3083,2.2436
2026-06-02 22:30:00+00:00,0.6924,0.3076,2.251
2026-06-02 22:35:00+00:00,0.6925,0.3075,2.252
2026-06-02 22:40:00+00:00,0.6936,0.3064,2.2637
2026-06-02 22:45:00+00:00,0.6933,0.3067,2.2605
2026-06-02 22:50:00+00:00,0.6933,0.3067,2.2605
2026-06-02 22:55:00+00:00,0.6914,0.3086,2.2404
2026-06-02 23:00:00+00:00,0.6901,0.3099,2.2268
2026-06-02 23:05:00+00:00,0.6898,0.3102,2.2237
2026-06-02 23:10:00+00:00,0.692,0.308,2.2468
2026-06-02 23:15:00+00:00,0.6919,0.3081,2.2457
2026-06-02 23:20:00+00:00,0.6922,0.3078,2.2489
2026-06-02 23:25:00+00:00,0.6917,0.3083,2.2436
2026-06-02 23:30:00+00:00,0.6908,0.3092,2.2342
2026-06-02 23:35:00+00:00,0.6909,0.3091,2.2352
2026-06-02 23:40:00+00:00,0.6911,0.3089,2.2373
2026-06-02 23:45:00+00:00,0.6914,0.3086,2.2404
2026-06-02 23:50:00+00:00,0.6924,0.3076,2.251
2026-06-02 23:55:00+00:00,0.6923,0.3077,2.2499
2026-06-03 00:00:00+00:00,0.6935,0.3065,2.2626
2026-06-03 00:05:00+00:00,0.6938,0.3062,2.2658
2026-06-03 00:10:00+00:00,0.693,0.307,2.2573
2026-06-03 00:15:00+00:00,0.6942,0.3058,2.2701
2026-06-03 00:20:00+00:00,0.6971,0.3029,2.3014
2026-06-03 00:25:00+00:00,0.6967,0.3033,2.2971
2026-06-03 00:30:00+00:00,0.6957,0.3043,2.2862
2026-06-03 00:35:00+00:00,0.6945,0.3055,2.2733
2026-06-03 00:40:00+00:00,0.695,0.305,2.2787
2026-06-03 00:45:00+00:00,0.6953,0.3047,2.2819
2026-06-03 00:50:00+00:00,0.6951,0.3049,2.2798
2026-06-03 00:55:00+00:00,0.6948,0.3052,2.2765
2026-06-03 01:00:00+00:00,0.6946,0.3054,2.2744
2026-06-03 01:05:00+00:00,0.6937,0.3063,2.2648
2026-06-03 01:10:00+00:00,0.6935,0.3065,2.2626
2026-06-03 01:15:00+00:00,0.6923,0.3077,2.2499
2026-06-03 01:20:00+00:00,0.6925,0.3075,2.252
2026-06-03 01:25:00+00:00,0.6926,0.3074,2.2531
2026-06-03 01:30:00+00:00,0.693,0.307,2.2573
2026-06-03 01:35:00+00:00,0.693,0.307,2.2573
2026-06-03 01:40:00+00:00,0.6925,0.3075,2.252
2026-06-03 01:45:00+00:00,0.6918,0.3082,2.2446
2026-06-03 01:50:00+00:00,0.6923,0.3077,2.2499
2026-06-03 01:55:00+00:00,0.6916,0.3084,2.2425
2026-06-03 02:00:00+00:00,0.6909,0.3091,2.2352
2026-06-03 02:05:00+00:00,0.6911,0.3089,2.2373
2026-06-03 02:10:00+00:00,0.6909,0.3091,2.2352
2026-06-03 02:15:00+00:00,0.691,0.309,2.2362
2026-06-03 02:20:00+00:00,0.6911,0.3089,2.2373
2026-06-03 02:25:00+00:00,0.6917,0.3083,2.2436
2026-06-03 02:30:00+00:00,0.6917,0.3083,2.2436
2026-06-03 02:35:00+00:00,0.6917,0.3083,2.2436
2026-06-03 02:40:00+00:00,0.6916,0.3084,2.2425
2026-06-03 02:45:00+00:00,0.6915,0.3085,2.2415
2026-06-03 02:50:00+00:00,0.6914,0.3086,2.2404
2026-06-03 02:55:00+00:00,0.6916,0.3084,2.2425
2026-06-03 03:00:00+00:00,0.6922,0.3078,2.2489
2026-06-03 03:05:00+00:00,0.6921,0.3079,2.2478
2026-06-03 03:10:00+00:00,0.6921,0.3079,2.2478
2026-06-03 03:15:00+00:00,0.692,0.308,2.2468
2026-06-03 03:20:00+00:00,0.6919,0.3081,2.2457
2026-06-03 03:25:00+00:00,0.6913,0.3087,2.2394
2026-06-03 03:30:00+00:00,0.6913,0.3087,2.2394
2026-06-03 03:35:00+00:00,0.6904,0.3096,2.23
2026-06-03 03:40:00+00:00,0.688,0.312,2.2051
2026-06-03 03:45:00+00:00,0.6864,0.3136,2.1888
2026-06-03 03:50:00+00:00,0.6852,0.3148,2.1766
2026-06-03 03:55:00+00:00,0.6876,0.3124,2.201
2026-06-03 04:00:00+00:00,0.6879,0.3121,2.2041
2026-06-03 04:05:00+00:00,0.6929,0.3071,2.2563
2026-06-03 04:10:00+00:00,0.6907,0.3093,2.2331
2026-06-03 04:15:00+00:00,0.6899,0.3101,2.2248
2026-06-03 04:20:00+00:00,0.6895,0.3105,2.2206
2026-06-03 04:25:00+00:00,0.6899,0.3101,2.2248
2026-06-03 04:30:00+00:00,0.6909,0.3091,2.2352
2026-06-03 04:35:00+00:00,0.6897,0.3103,2.2227
2026-06-03 04:40:00+00:00,0.6892,0.3108,2.2175
2026-06-03 04:45:00+00:00,0.689,0.311,2.2154
2026-06-03 04:50:00+00:00,0.6892,0.3108,2.2175
2026-06-03 04:55:00+00:00,0.6882,0.3118,2.2072
2026-06-03 05:00:00+00:00,0.6881,0.3119,2.2062
2026-06-03 05:05:00+00:00,0.692,0.308,2.2468
2026-06-03 05:10:00+00:00,0.6939,0.3061,2.2669
2026-06-03 05:15:00+00:00,0.6976,0.3024,2.3069
2026-06-03 05:20:00+00:00,0.698,0.302,2.3113
2026-06-03 05:25:00+00:00,0.6958,0.3042,2.2873
2026-06-03 05:30:00+00:00,0.6957,0.3043,2.2862
2026-06-03 05:35:00+00:00,0.6952,0.3048,2.2808
2026-06-03 05:40:00+00:00,0.695,0.305,2.2787
2026-06-03 05:45:00+00:00,0.6945,0.3055,2.2733
2026-06-03 05:50:00+00:00,0.6949,0.3051,2.2776
2026-06-03 05:55:00+00:00,0.6969,0.3031,2.2992
2026-06-03 06:00:00+00:00,0.6974,0.3026,2.3047
2026-06-03 06:05:00+00:00,0.6968,0.3032,2.2982
2026-06-03 06:10:00+00:00,0.6964,0.3036,2.2938
2026-06-03 06:15:00+00:00,0.6958,0.3042,2.2873
2026-06-03 06:20:00+00:00,0.6958,0.3042,2.2873
2026-06-03 06:25:00+00:00,0.6962,0.3038,2.2916
2026-06-03 06:30:00+00:00,0.696,0.304,2.2895
2026-06-03 06:35:00+00:00,0.697,0.303,2.3003
2026-06-03 06:40:00+00:00,0.6984,0.3016,2.3156
2026-06-03 06:45:00+00:00,0.6981,0.3019,2.3124
2026-06-03 06:50:00+00:00,0.6969,0.3031,2.2992
2026-06-03 06:55:00+00:00,0.6954,0.3046,2.283
2026-06-03 07:00:00+00:00,0.6949,0.3051,2.2776
2026-06-03 07:05:00+00:00,0.6928,0.3072,2.2552
2026-06-03 07:10:00+00:00,0.6934,0.3066,2.2616
2026-06-03 07:15:00+00:00,0.6948,0.3052,2.2765
2026-06-03 07:20:00+00:00,0.6947,0.3053,2.2755
2026-06-03 07:25:00+00:00,0.6941,0.3059,2.269
2026-06-03 07:30:00+00:00,0.694,0.306,2.268
2026-06-03 07:35:00+00:00,0.6942,0.3058,2.2701
2026-06-03 07:40:00+00:00,0.6943,0.3057,2.2712
2026-06-03 07:45:00+00:00,0.694,0.306,2.268
2026-06-03 07:50:00+00:00,0.694,0.306,2.268
2026-06-03 07:55:00+00:00,0.6943,0.3057,2.2712
2026-06-03 08:00:00+00:00,0.6944,0.3056,2.2723
2026-06-03 08:05:00+00:00,0.6943,0.3057,2.2712
2026-06-03 08:10:00+00:00,0.6939,0.3061,2.2669
2026-06-03 08:15:00+00:00,0.6933,0.3067,2.2605
2026-06-03 08:20:00+00:00,0.6925,0.3075,2.252
2026-06-03 08:25:00+00:00,0.6924,0.3076,2.251
2026-06-03 08:30:00+00:00,0.692,0.308,2.2468
2026-06-03 08:35:00+00:00,0.6923,0.3077,2.2499
2026-06-03 08:40:00+00:00,0.6923,0.3077,2.2499
2026-06-03 08:45:00+00:00,0.692,0.308,2.2468
2026-06-03 08:50:00+00:00,0.6922,0.3078,2.2489
2026-06-03 08:55:00+00:00,0.6927,0.3073,2.2541
2026-06-03 09:00:00+00:00,0.6928,0.3072,2.2552
2026-06-03 09:05:00+00:00,0.6922,0.3078,2.2489
2026-06-03 09:10:00+00:00,0.6919,0.3081,2.2457
2026-06-03 09:15:00+00:00,0.6918,0.3082,2.2446
2026-06-03 09:20:00+00:00,0.6907,0.3093,2.2331
2026-06-03 09:25:00+00:00,0.6884,0.3116,2.2092
2026-06-03 09:30:00+00:00,0.6892,0.3108,2.2175
2026-06-03 09:35:00+00:00,0.6888,0.3112,2.2134
2026-06-03 09:40:00+00:00,0.6871,0.3129,2.1959
2026-06-03 09:45:00+00:00,0.6858,0.3142,2.1827
2026-06-03 09:50:00+00:00,0.684,0.316,2.1646
2026-06-03 09:55:00+00:00,0.6873,0.3127,2.198
2026-06-03 10:00:00+00:00,0.687,0.313,2.1949
2026-06-03 10:05:00+00:00,0.6875,0.3125,2.2
2026-06-03 10:10:00+00:00,0.6895,0.3105,2.2206
2026-06-03 10:15:00+00:00,0.6895,0.3105,2.2206
2026-06-03 10:20:00+00:00,0.6891,0.3109,2.2165
2026-06-03 10:25:00+00:00,0.6887,0.3113,2.2123
2026-06-03 10:30:00+00:00,0.6888,0.3112,2.2134
2026-06-03 10:35:00+00:00,0.6892,0.3108,2.2175
2026-06-03 10:40:00+00:00,0.6892,0.3108,2.2175
2026-06-03 10:45:00+00:00,0.6889,0.3111,2.2144
2026-06-03 10:50:00+00:00,0.6886,0.3114,2.2113
2026-06-03 10:55:00+00:00,0.6884,0.3116,2.2092
2026-06-03 11:00:00+00:00,0.6887,0.3113,2.2123
2026-06-03 11:05:00+00:00,0.6891,0.3109,2.2165
2026-06-03 11:10:00+00:00,0.6889,0.3111,2.2144
2026-06-03 11:15:00+00:00,0.6889,0.3111,2.2144
2026-06-03 11:20:00+00:00,0.6889,0.3111,2.2144
2026-06-03 11:25:00+00:00,0.6892,0.3108,2.2175
2026-06-03 11:30:00+00:00,0.6891,0.3109,2.2165
2026-06-03 11:35:00+00:00,0.6888,0.3112,2.2134
2026-06-03 11:40:00+00:00,0.6881,0.3119,2.2062
2026-06-03 11:45:00+00:00,0.688,0.312,2.2051
2026-06-03 11:50:00+00:00,0.6874,0.3126,2.199
2026-06-03 11:55:00+00:00,0.6873,0.3127,2.198
2026-06-03 12:00:00+00:00,0.6868,0.3132,2.1928
2026-06-03 12:05:00+00:00,0.6862,0.3138,2.1867
2026-06-03 12:10:00+00:00,0.6862,0.3138,2.1867
2026-06-03 12:15:00+00:00,0.6863,0.3137,2.1878
2026-06-03 12:20:00+00:00,0.6856,0.3144,2.1807
2026-06-03 12:25:00+00:00,0.6859,0.3141,2.1837
2026-06-03 12:30:00+00:00,0.6857,0.3143,2.1817
2026-06-03 12:35:00+00:00,0.6863,0.3137,2.1878
2026-06-03 12:40:00+00:00,0.6863,0.3137,2.1878
2026-06-03 12:45:00+00:00,0.6864,0.3136,2.1888
2026-06-03 12:50:00+00:00,0.6865,0.3135,2.1898
2026-06-03 12:55:00+00:00,0.6868,0.3132,2.1928
2026-06-03 13:00:00+00:00,0.6865,0.3135,2.1898
2026-06-03 13:05:00+00:00,0.6872,0.3128,2.1969
2026-06-03 13:10:00+00:00,0.6867,0.3133,2.1918
2026-06-03 13:15:00+00:00,0.687,0.313,2.1949
2026-06-03 13:20:00+00:00,0.6871,0.3129,2.1959
2026-06-03 13:25:00+00:00,0.6873,0.3127,2.198
2026-06-03 13:30:00+00:00,0.6871,0.3129,2.1959
2026-06-03 13:35:00+00:00,0.6874,0.3126,2.199
2026-06-03 13:40:00+00:00,0.6872,0.3128,2.1969
2026-06-03 13:45:00+00:00,0.6872,0.3128,2.1969
2026-06-03 13:50:00+00:00,0.686,0.314,2.1847
2026-06-03 13:55:00+00:00,0.6867,0.3133,2.1918
2026-06-03 14:00:00+00:00,0.6865,0.3135,2.1898
2026-06-03 14:05:00+00:00,0.686,0.314,2.1847
2026-06-03 14:10:00+00:00,0.6863,0.3137,2.1878
2026-06-03 14:15:00+00:00,0.6862,0.3138,2.1867
2026-06-03 14:20:00+00:00,0.6864,0.3136,2.1888
2026-06-03 14:25:00+00:00,0.6859,0.3141,2.1837
2026-06-03 14:30:00+00:00,0.6857,0.3143,2.1817
2026-06-03 14:35:00+00:00,0.6855,0.3145,2.1797
2026-06-03 14:40:00+00:00,0.6855,0.3145,2.1797
2026-06-03 14:45:00+00:00,0.6855,0.3145,2.1797
2026-06-03 14:50:00+00:00,0.6853,0.3147,2.1776
2026-06-03 14:55:00+00:00,0.6853,0.3147,2.1776
2026-06-03 15:00:00+00:00,0.6854,0.3146,2.1786
2026-06-03 15:05:00+00:00,0.686,0.314,2.1847
2026-06-03 15:10:00+00:00,0.6862,0.3138,2.1867
2026-06-03 15:15:00+00:00,0.6839,0.3161,2.1636
2026-06-03 15:20:00+00:00,0.6826,0.3174,2.1506
2026-06-03 15:25:00+00:00,0.6831,0.3169,2.1556
2026-06-03 15:30:00+00:00,0.685,0.315,2.1746
2026-06-03 15:35:00+00:00,0.6852,0.3148,2.1766
2026-06-03 15:40:00+00:00,0.6849,0.3151,2.1736
2026-06-03 15:45:00+00:00,0.6852,0.3148,2.1766
2026-06-03 15:50:00+00:00,0.6853,0.3147,2.1776
2026-06-03 15:55:00+00:00,0.6858,0.3142,2.1827
2026-06-03 16:00:00+00:00,0.6854,0.3146,2.1786
2026-06-03 16:05:00+00:00,0.6856,0.3144,2.1807
2026-06-03 16:10:00+00:00,0.6871,0.3129,2.1959
2026-06-03 16:15:00+00:00,0.6879,0.3121,2.2041
2026-06-03 16:20:00+00:00,0.6887,0.3113,2.2123
2026-06-03 16:25:00+00:00,0.6892,0.3108,2.2175
2026-06-03 16:30:00+00:00,0.6908,0.3092,2.2342
2026-06-03 16:35:00+00:00,0.6921,0.3079,2.2478
2026-06-03 16:40:00+00:00,0.6929,0.3071,2.2563
2026-06-03 16:45:00+00:00,0.6931,0.3069,2.2584
2026-06-03 16:50:00+00:00,0.6945,0.3055,2.2733
2026-06-03 16:55:00+00:00,0.6939,0.3061,2.2669
2026-06-03 17:00:00+00:00,0.6946,0.3054,2.2744
2026-06-03 17:05:00+00:00,0.6945,0.3055,2.2733
2026-06-03 17:10:00+00:00,0.694,0.306,2.268
2026-06-03 17:15:00+00:00,0.6941,0.3059,2.269
2026-06-03 17:20:00+00:00,0.6945,0.3055,2.2733
2026-06-03 17:25:00+00:00,0.6946,0.3054,2.2744
2026-06-03 17:30:00+00:00,0.6945,0.3055,2.2733
2026-06-03 17:35:00+00:00,0.6956,0.3044,2.2852
2026-06-03 17:40:00+00:00,0.6961,0.3039,2.2906
2026-06-03 17:45:00+00:00,0.6969,0.3031,2.2992
2026-06-03 17:50:00+00:00,0.6964,0.3036,2.2938
2026-06-03 17:55:00+00:00,0.6962,0.3038,2.2916
2026-06-03 18:00:00+00:00,0.6965,0.3035,2.2949
2026-06-03 18:05:00+00:00,0.6972,0.3028,2.3025
2026-06-03 18:10:00+00:00,0.6968,0.3032,2.2982
2026-06-03 18:15:00+00:00,0.6968,0.3032,2.2982
2026-06-03 18:20:00+00:00,0.6968,0.3032,2.2982
2026-06-03 18:25:00+00:00,0.6966,0.3034,2.296
2026-06-03 18:30:00+00:00,0.6967,0.3033,2.2971
2026-06-03 18:35:00+00:00,0.6969,0.3031,2.2992
2026-06-03 18:40:00+00:00,0.6966,0.3034,2.296
2026-06-03 18:45:00+00:00,0.6969,0.3031,2.2992
2026-06-03 18:50:00+00:00,0.6964,0.3036,2.2938
2026-06-03 18:55:00+00:00,0.6965,0.3035,2.2949
2026-06-03 19:00:00+00:00,0.6966,0.3034,2.296
2026-06-03 19:05:00+00:00,0.6957,0.3043,2.2862
2026-06-03 19:10:00+00:00,0.6955,0.3045,2.2841
2026-06-03 19:15:00+00:00,0.6954,0.3046,2.283
2026-06-03 19:20:00+00:00,0.6955,0.3045,2.2841
2026-06-03 19:25:00+00:00,0.6951,0.3049,2.2798
2026-06-03 19:30:00+00:00,0.6953,0.3047,2.2819
2026-06-03 19:35:00+00:00,0.6952,0.3048,2.2808
2026-06-03 19:40:00+00:00,0.6958,0.3042,2.2873
2026-06-03 19:45:00+00:00,0.696,0.304,2.2895
2026-06-03 19:50:00+00:00,0.6963,0.3037,2.2927
2026-06-03 19:55:00+00:00,0.6956,0.3044,2.2852
2026-06-03 20:00:00+00:00,0.6952,0.3048,2.2808
2026-06-03 20:05:00+00:00,0.6942,0.3058,2.2701
2026-06-03 20:10:00+00:00,0.6945,0.3055,2.2733
2026-06-03 20:15:00+00:00,0.6955,0.3045,2.2841
2026-06-03 20:20:00+00:00,0.6949,0.3051,2.2776
2026-06-03 20:25:00+00:00,0.6945,0.3055,2.2733
2026-06-03 20:30:00+00:00,0.6946,0.3054,2.2744
2026-06-03 20:35:00+00:00,0.6944,0.3056,2.2723
2026-06-03 20:40:00+00:00,0.6946,0.3054,2.2744
2026-06-03 20:45:00+00:00,0.6943,0.3057,2.2712
2026-06-03 20:50:00+00:00,0.6935,0.3065,2.2626
2026-06-03 20:55:00+00:00,0.6943,0.3057,2.2712
2026-06-03 21:00:00+00:00,0.6917,0.3083,2.2436
2026-06-03 21:05:00+00:00,0.694,0.306,2.268
2026-06-03 21:10:00+00:00,0.6945,0.3055,2.2733
2026-06-03 21:15:00+00:00,0.6941,0.3059,2.269
2026-06-03 21:20:00+00:00,0.6941,0.3059,2.269
2026-06-03 21:25:00+00:00,0.6942,0.3058,2.2701
2026-06-03 21:30:00+00:00,0.6939,0.3061,2.2669
2026-06-03 21:35:00+00:00,0.695,0.305,2.2787
2026-06-03 21:40:00+00:00,0.6956,0.3044,2.2852
2026-06-03 21:45:00+00:00,0.6953,0.3047,2.2819
2026-06-03 21:50:00+00:00,0.6971,0.3029,2.3014
2026-06-03 21:55:00+00:00,0.6976,0.3024,2.3069
2026-06-03 22:00:00+00:00,0.6978,0.3022,2.3091
2026-06-03 22:05:00+00:00,0.698,0.302,2.3113
2026-06-03 22:10:00+00:00,0.6978,0.3022,2.3091
2026-06-03 22:15:00+00:00,0.6976,0.3024,2.3069
2026-06-03 22:20:00+00:00,0.6959,0.3041,2.2884
2026-06-03 22:25:00+00:00,0.6966,0.3034,2.296
2026-06-03 22:30:00+00:00,0.6966,0.3034,2.296
2026-06-03 22:35:00+00:00,0.697,0.303,2.3003
2026-06-03 22:40:00+00:00,0.6972,0.3028,2.3025
2026-06-03 22:45:00+00:00,0.6976,0.3024,2.3069
2026-06-03 22:50:00+00:00,0.6974,0.3026,2.3047
2026-06-03 22:55:00+00:00,0.6976,0.3024,2.3069
2026-06-03 23:00:00+00:00,0.6981,0.3019,2.3124
2026-06-03 23:05:00+00:00,0.6952,0.3048,2.2808
2026-06-03 23:10:00+00:00,0.6951,0.3049,2.2798
2026-06-03 23:15:00+00:00,0.6939,0.3061,2.2669
2026-06-03 23:20:00+00:00,0.6931,0.3069,2.2584
2026-06-03 23:25:00+00:00,0.6925,0.3075,2.252
2026-06-03 23:30:00+00:00,0.6925,0.3075,2.252
2026-06-03 23:35:00+00:00,0.6929,0.3071,2.2563
2026-06-03 23:40:00+00:00,0.692,0.308,2.2468
2026-06-03 23:45:00+00:00,0.6912,0.3088,2.2383
2026-06-03 23:50:00+00:00,0.6918,0.3082,2.2446
2026-06-03 23:55:00+00:00,0.6905,0.3095,2.231
2026-06-04 00:00:00+00:00,0.6899,0.3101,2.2248
2026-06-04 00:05:00+00:00,0.6925,0.3075,2.252
2026-06-04 00:10:00+00:00,0.6921,0.3079,2.2478
2026-06-04 00:15:00+00:00,0.6923,0.3077,2.2499
2026-06-04 00:20:00+00:00,0.6928,0.3072,2.2552
2026-06-04 00:25:00+00:00,0.691,0.309,2.2362
2026-06-04 00:30:00+00:00,0.6837,0.3163,2.1616
2026-06-04 00:35:00+00:00,0.6844,0.3156,2.1686
2026-06-04 00:40:00+00:00,0.6816,0.3184,2.1407
2026-06-04 00:45:00+00:00,0.6842,0.3158,2.1666
2026-06-04 00:50:00+00:00,0.683,0.317,2.1546
2026-06-04 00:55:00+00:00,0.681,0.319,2.1348
2026-06-04 01:00:00+00:00,0.6803,0.3197,2.1279
2026-06-04 01:05:00+00:00,0.6805,0.3195,2.1299
2026-06-04 01:10:00+00:00,0.6801,0.3199,2.126
2026-06-04 01:15:00+00:00,0.6798,0.3202,2.123
2026-06-04 01:20:00+00:00,0.677,0.323,2.096
2026-06-04 01:25:00+00:00,0.6734,0.3266,2.0618
2026-06-04 01:30:00+00:00,0.673,0.327,2.0581
2026-06-04 01:35:00+00:00,0.6731,0.3269,2.059
2026-06-04 01:40:00+00:00,0.6756,0.3244,2.0826
2026-06-04 01:45:00+00:00,0.6757,0.3243,2.0836
2026-06-04 01:50:00+00:00,0.6747,0.3253,2.0741
2026-06-04 01:55:00+00:00,0.6712,0.3288,2.0414
2026-06-04 02:00:00+00:00,0.6703,0.3297,2.0331
2026-06-04 02:05:00+00:00,0.6606,0.3394,1.9464
2026-06-04 02:10:00+00:00,0.6677,0.3323,2.0093
2026-06-04 02:15:00+00:00,0.6704,0.3296,2.034
2026-06-04 02:20:00+00:00,0.6726,0.3274,2.0544
2026-06-04 02:25:00+00:00,0.6802,0.3198,2.127
2026-06-04 02:30:00+00:00,0.68,0.32,2.125
2026-06-04 02:35:00+00:00,0.6848,0.3152,2.1726
2026-06-04 02:40:00+00:00,0.6825,0.3175,2.1496
2026-06-04 02:45:00+00:00,0.6832,0.3168,2.1566
2026-06-04 02:50:00+00:00,0.6844,0.3156,2.1686
2026-06-04 02:55:00+00:00,0.6833,0.3167,2.1576
2026-06-04 03:00:00+00:00,0.6789,0.3211,2.1143
2026-06-04 03:05:00+00:00,0.683,0.317,2.1546
2026-06-04 03:10:00+00:00,0.6849,0.3151,2.1736
2026-06-04 03:15:00+00:00,0.684,0.316,2.1646
2026-06-04 03:20:00+00:00,0.6864,0.3136,2.1888
2026-06-04 03:25:00+00:00,0.6835,0.3165,2.1596
2026-06-04 03:30:00+00:00,0.6828,0.3172,2.1526
2026-06-04 03:35:00+00:00,0.6877,0.3123,2.202
2026-06-04 03:40:00+00:00,0.6868,0.3132,2.1928
2026-06-04 03:45:00+00:00,0.6877,0.3123,2.202
2026-06-04 03:50:00+00:00,0.6866,0.3134,2.1908
2026-06-04 03:55:00+00:00,0.685,0.315,2.1746
2026-06-04 04:00:00+00:00,0.6843,0.3157,2.1676
2026-06-04 04:05:00+00:00,0.6846,0.3154,2.1706
2026-06-04 04:10:00+00:00,0.6836,0.3164,2.1606
2026-06-04 04:15:00+00:00,0.6844,0.3156,2.1686
2026-06-04 04:20:00+00:00,0.6838,0.3162,2.1626
2026-06-04 04:25:00+00:00,0.6844,0.3156,2.1686
2026-06-04 04:30:00+00:00,0.6844,0.3156,2.1686
2026-06-04 04:35:00+00:00,0.6803,0.3197,2.1279
2026-06-04 04:40:00+00:00,0.6789,0.3211,2.1143
2026-06-04 04:45:00+00:00,0.6773,0.3227,2.0989
2026-06-04 04:50:00+00:00,0.6753,0.3247,2.0798
2026-06-04 04:55:00+00:00,0.6743,0.3257,2.0703
2026-06-04 05:00:00+00:00,0.6738,0.3262,2.0656
2026-06-04 05:05:00+00:00,0.6684,0.3316,2.0157
2026-06-04 05:10:00+00:00,0.6642,0.3358,1.978
2026-06-04 05:15:00+00:00,0.6644,0.3356,1.9797
2026-06-04 05:20:00+00:00,0.6629,0.3371,1.9665
2026-06-04 05:25:00+00:00,0.6614,0.3386,1.9533
2026-06-04 05:30:00+00:00,0.6611,0.3389,1.9507
2026-06-04 05:35:00+00:00,0.6646,0.3354,1.9815
2026-06-04 05:40:00+00:00,0.665,0.335,1.9851
2026-06-04 05:45:00+00:00,0.6644,0.3356,1.9797
2026-06-04 05:50:00+00:00,0.664,0.336,1.9762
2026-06-04 05:55:00+00:00,0.6625,0.3375,1.963
2026-06-04 06:00:00+00:00,0.662,0.338,1.9586
2026-06-04 06:05:00+00:00,0.6622,0.3378,1.9603
2026-06-04 06:10:00+00:00,0.6623,0.3377,1.9612
2026-06-04 06:15:00+00:00,0.6622,0.3378,1.9603
2026-06-04 06:20:00+00:00,0.6646,0.3354,1.9815
2026-06-04 06:25:00+00:00,0.6646,0.3354,1.9815
2026-06-04 06:30:00+00:00,0.6642,0.3358,1.978
2026-06-04 06:35:00+00:00,0.6624,0.3376,1.9621
2026-06-04 06:40:00+00:00,0.6626,0.3374,1.9638
2026-06-04 06:45:00+00:00,0.6619,0.3381,1.9577
2026-06-04 06:50:00+00:00,0.6625,0.3375,1.963
2026-06-04 06:55:00+00:00,0.6624,0.3376,1.9621
2026-06-04 07:00:00+00:00,0.6615,0.3385,1.9542
2026-06-04 07:05:00+00:00,0.6608,0.3392,1.9481
2026-06-04 07:10:00+00:00,0.6607,0.3393,1.9472
2026-06-04 07:15:00+00:00,0.6607,0.3393,1.9472
2026-06-04 07:20:00+00:00,0.6593,0.3407,1.9351
2026-06-04 07:25:00+00:00,0.6588,0.3412,1.9308
2026-06-04 07:30:00+00:00,0.6593,0.3407,1.9351
2026-06-04 07:35:00+00:00,0.6604,0.3396,1.9446
2026-06-04 07:40:00+00:00,0.6606,0.3394,1.9464
2026-06-04 07:45:00+00:00,0.6611,0.3389,1.9507
2026-06-04 07:50:00+00:00,0.6596,0.3404,1.9377
2026-06-04 07:55:00+00:00,0.6589,0.3411,1.9317
2026-06-04 08:00:00+00:00,0.658,0.342,1.924
2026-06-04 08:05:00+00:00,0.6586,0.3414,1.9291
2026-06-04 08:10:00+00:00,0.6571,0.3429,1.9163
2026-06-04 08:15:00+00:00,0.656,0.344,1.907
2026-06-04 08:20:00+00:00,0.6554,0.3446,1.9019
2026-06-04 08:25:00+00:00,0.6548,0.3452,1.8969
2026-06-04 08:30:00+00:00,0.6549,0.3451,1.8977
2026-06-04 08:35:00+00:00,0.6552,0.3448,1.9002
2026-06-04 08:40:00+00:00,0.6551,0.3449,1.8994
2026-06-04 08:45:00+00:00,0.6552,0.3448,1.9002
2026-06-04 08:50:00+00:00,0.6549,0.3451,1.8977
2026-06-04 08:55:00+00:00,0.6548,0.3452,1.8969
2026-06-04 09:00:00+00:00,0.6559,0.3441,1.9061
2026-06-04 09:05:00+00:00,0.6569,0.3431,1.9146
2026-06-04 09:10:00+00:00,0.6569,0.3431,1.9146
2026-06-04 09:15:00+00:00,0.6567,0.3433,1.9129
2026-06-04 09:20:00+00:00,0.6555,0.3445,1.9028
2026-06-04 09:25:00+00:00,0.6543,0.3457,1.8927
2026-06-04 09:30:00+00:00,0.6529,0.3471,1.881
2026-06-04 09:35:00+00:00,0.6529,0.3471,1.881
2026-06-04 09:40:00+00:00,0.6528,0.3472,1.8802
2026-06-04 09:45:00+00:00,0.6531,0.3469,1.8827
2026-06-04 09:50:00+00:00,0.6553,0.3447,1.9011
2026-06-04 09:55:00+00:00,0.6552,0.3448,1.9002
2026-06-04 10:00:00+00:00,0.6571,0.3429,1.9163
2026-06-04 10:05:00+00:00,0.6566,0.3434,1.9121
2026-06-04 10:10:00+00:00,0.6552,0.3448,1.9002
2026-06-04 10:15:00+00:00,0.6554,0.3446,1.9019
2026-06-04 10:20:00+00:00,0.6556,0.3444,1.9036
2026-06-04 10:25:00+00:00,0.6558,0.3442,1.9053
2026-06-04 10:30:00+00:00,0.6557,0.3443,1.9044
2026-06-04 10:35:00+00:00,0.6569,0.3431,1.9146
2026-06-04 10:40:00+00:00,0.6567,0.3433,1.9129
2026-06-04 10:45:00+00:00,0.656,0.344,1.907
2026-06-04 10:50:00+00:00,0.6558,0.3442,1.9053
2026-06-04 10:55:00+00:00,0.6558,0.3442,1.9053
2026-06-04 11:00:00+00:00,0.656,0.344,1.907
2026-06-04 11:05:00+00:00,0.6587,0.3413,1.93
2026-06-04 11:10:00+00:00,0.6596,0.3404,1.9377
2026-06-04 11:15:00+00:00,0.6595,0.3405,1.9369
2026-06-04 11:20:00+00:00,0.66,0.34,1.9412
2026-06-04 11:25:00+00:00,0.6596,0.3404,1.9377
2026-06-04 11:30:00+00:00,0.6604,0.3396,1.9446
2026-06-04 11:35:00+00:00,0.663,0.337,1.9674
2026-06-04 11:40:00+00:00,0.664,0.336,1.9762
2026-06-04 11:45:00+00:00,0.6644,0.3356,1.9797
2026-06-04 11:50:00+00:00,0.6654,0.3346,1.9886
2026-06-04 11:55:00+00:00,0.6653,0.3347,1.9878
2026-06-04 12:00:00+00:00,0.6659,0.3341,1.9931
2026-06-04 12:05:00+00:00,0.6676,0.3324,2.0084
2026-06-04 12:10:00+00:00,0.6672,0.3328,2.0048
2026-06-04 12:15:00+00:00,0.6672,0.3328,2.0048
2026-06-04 12:20:00+00:00,0.6691,0.3309,2.0221
2026-06-04 12:25:00+00:00,0.6795,0.3205,2.1201
2026-06-04 12:30:00+00:00,0.6792,0.3208,2.1172
2026-06-04 12:35:00+00:00,0.6843,0.3157,2.1676
2026-06-04 12:40:00+00:00,0.6857,0.3143,2.1817
2026-06-04 12:45:00+00:00,0.6847,0.3153,2.1716
2026-06-04 12:50:00+00:00,0.6858,0.3142,2.1827
2026-06-04 12:55:00+00:00,0.6851,0.3149,2.1756
2026-06-04 13:00:00+00:00,0.6836,0.3164,2.1606
2026-06-04 13:05:00+00:00,0.6823,0.3177,2.1476
2026-06-04 13:10:00+00:00,0.68,0.32,2.125
2026-06-04 13:15:00+00:00,0.679,0.321,2.1153
2026-06-04 13:20:00+00:00,0.674,0.326,2.0675
2026-06-04 13:25:00+00:00,0.6731,0.3269,2.059
2026-06-04 13:30:00+00:00,0.6734,0.3266,2.0618
2026-06-04 13:35:00+00:00,0.675,0.325,2.0769
2026-06-04 13:40:00+00:00,0.677,0.323,2.096
2026-06-04 13:45:00+00:00,0.6758,0.3242,2.0845
2026-06-04 13:50:00+00:00,0.6758,0.3242,2.0845
2026-06-04 13:55:00+00:00,0.6749,0.3251,2.076
2026-06-04 14:00:00+00:00,0.6749,0.3251,2.076
2026-06-04 14:05:00+00:00,0.6724,0.3276,2.0525
2026-06-04 14:10:00+00:00,0.6711,0.3289,2.0404
2026-06-04 14:15:00+00:00,0.6708,0.3292,2.0377
2026-06-04 14:20:00+00:00,0.6686,0.3314,2.0175
2026-06-04 14:25:00+00:00,0.6661,0.3339,1.9949
2026-06-04 14:30:00+00:00,0.665,0.335,1.9851
2026-06-04 14:35:00+00:00,0.663,0.337,1.9674
2026-06-04 14:40:00+00:00,0.6597,0.3403,1.9386
2026-06-04 14:45:00+00:00,0.6596,0.3404,1.9377
2026-06-04 14:50:00+00:00,0.6585,0.3415,1.9283
2026-06-04 14:55:00+00:00,0.6575,0.3425,1.9197
2026-06-04 15:00:00+00:00,0.6574,0.3426,1.9189
2026-06-04 15:05:00+00:00,0.6567,0.3433,1.9129
2026-06-04 15:10:00+00:00,0.6588,0.3412,1.9308
2026-06-04 15:15:00+00:00,0.6575,0.3425,1.9197
2026-06-04 15:20:00+00:00,0.6578,0.3422,1.9223
2026-06-04 15:25:00+00:00,0.6555,0.3445,1.9028
2026-06-04 15:30:00+00:00,0.6551,0.3449,1.8994
2026-06-04 15:35:00+00:00,0.6543,0.3457,1.8927
2026-06-04 15:40:00+00:00,0.6544,0.3456,1.8935
2026-06-04 15:45:00+00:00,0.6541,0.3459,1.891
2026-06-04 15:50:00+00:00,0.6528,0.3472,1.8802
2026-06-04 15:55:00+00:00,0.6526,0.3474,1.8785
2026-06-04 16:00:00+00:00,0.6529,0.3471,1.881
2026-06-04 16:05:00+00:00,0.653,0.347,1.8818
2026-06-04 16:10:00+00:00,0.6539,0.3461,1.8893
2026-06-04 16:15:00+00:00,0.6538,0.3462,1.8885
2026-06-04 16:20:00+00:00,0.6535,0.3465,1.886
2026-06-04 16:25:00+00:00,0.6534,0.3466,1.8852
2026-06-04 16:30:00+00:00,0.6535,0.3465,1.886
2026-06-04 16:35:00+00:00,0.6518,0.3482,1.8719
2026-06-04 16:40:00+00:00,0.6521,0.3479,1.8744
2026-06-04 16:45:00+00:00,0.6525,0.3475,1.8777
2026-06-04 16:50:00+00:00,0.6532,0.3468,1.8835
2026-06-04 16:55:00+00:00,0.6532,0.3468,1.8835
2026-06-04 17:00:00+00:00,0.6533,0.3467,1.8843
2026-06-04 17:05:00+00:00,0.6534,0.3466,1.8852
2026-06-04 17:10:00+00:00,0.6535,0.3465,1.886
2026-06-04 17:15:00+00:00,0.6538,0.3462,1.8885
2026-06-04 17:20:00+00:00,0.6537,0.3463,1.8877
2026-06-04 17:25:00+00:00,0.6542,0.3458,1.8918
2026-06-04 17:30:00+00:00,0.6544,0.3456,1.8935
2026-06-04 17:35:00+00:00,0.6546,0.3454,1.8952
2026-06-04 17:40:00+00:00,0.6543,0.3457,1.8927
2026-06-04 17:45:00+00:00,0.6534,0.3466,1.8852
2026-06-04 17:50:00+00:00,0.6543,0.3457,1.8927
2026-06-04 17:55:00+00:00,0.6586,0.3414,1.9291
2026-06-04 18:00:00+00:00,0.6578,0.3422,1.9223
2026-06-04 18:05:00+00:00,0.6576,0.3424,1.9206
2026-06-04 18:10:00+00:00,0.6573,0.3427,1.918
2026-06-04 18:15:00+00:00,0.6574,0.3426,1.9189
2026-06-04 18:20:00+00:00,0.6582,0.3418,1.9257
2026-06-04 18:25:00+00:00,0.6584,0.3416,1.9274
2026-06-04 18:30:00+00:00,0.6596,0.3404,1.9377
2026-06-04 18:35:00+00:00,0.6607,0.3393,1.9472
2026-06-04 18:40:00+00:00,0.6608,0.3392,1.9481
2026-06-04 18:45:00+00:00,0.6604,0.3396,1.9446
2026-06-04 18:50:00+00:00,0.6602,0.3398,1.9429
2026-06-04 18:55:00+00:00,0.66,0.34,1.9412
2026-06-04 19:00:00+00:00,0.6593,0.3407,1.9351
2026-06-04 19:05:00+00:00,0.6589,0.3411,1.9317
2026-06-04 19:10:00+00:00,0.6585,0.3415,1.9283
2026-06-04 19:15:00+00:00,0.6592,0.3408,1.9343
2026-06-04 19:20:00+00:00,0.6594,0.3406,1.936
2026-06-04 19:25:00+00:00,0.6588,0.3412,1.9308
2026-06-04 19:30:00+00:00,0.6595,0.3405,1.9369
2026-06-04 19:35:00+00:00,0.6591,0.3409,1.9334
2026-06-04 19:40:00+00:00,0.6592,0.3408,1.9343
2026-06-04 19:45:00+00:00,0.6591,0.3409,1.9334
2026-06-04 19:50:00+00:00,0.6589,0.3411,1.9317
2026-06-04 19:55:00+00:00,0.6588,0.3412,1.9308
2026-06-04 20:00:00+00:00,0.6593,0.3407,1.9351
2026-06-04 20:05:00+00:00,0.6591,0.3409,1.9334
2026-06-04 20:10:00+00:00,0.6599,0.3401,1.9403
2026-06-04 20:15:00+00:00,0.6613,0.3387,1.9525
2026-06-04 20:20:00+00:00,0.6613,0.3387,1.9525
2026-06-04 20:25:00+00:00,0.6615,0.3385,1.9542
2026-06-04 20:30:00+00:00,0.6621,0.3379,1.9595
2026-06-04 20:35:00+00:00,0.6627,0.3373,1.9647
2026-06-04 20:40:00+00:00,0.6627,0.3373,1.9647
2026-06-04 20:45:00+00:00,0.6632,0.3368,1.9691
2026-06-04 20:50:00+00:00,0.6632,0.3368,1.9691
2026-06-04 20:55:00+00:00,0.6632,0.3368,1.9691
2026-06-04 21:00:00+00:00,0.6631,0.3369,1.9682
2026-06-04 21:05:00+00:00,0.6638,0.3362,1.9744
2026-06-04 21:10:00+00:00,0.6639,0.3361,1.9753
2026-06-04 21:15:00+00:00,0.6637,0.3363,1.9735
2026-06-04 21:20:00+00:00,0.6633,0.3367,1.97
2026-06-04 21:25:00+00:00,0.6632,0.3368,1.9691
2026-06-04 21:30:00+00:00,0.6635,0.3365,1.9718
2026-06-04 21:35:00+00:00,0.6632,0.3368,1.9691
2026-06-04 21:40:00+00:00,0.6634,0.3366,1.9709
2026-06-04 21:45:00+00:00,0.6645,0.3355,1.9806
2026-06-04 21:50:00+00:00,0.6644,0.3356,1.9797
2026-06-04 21:55:00+00:00,0.6644,0.3356,1.9797
2026-06-04 22:00:00+00:00,0.6641,0.3359,1.9771
2026-06-04 22:05:00+00:00,0.6643,0.3357,1.9789
2026-06-04 22:10:00+00:00,0.664,0.336,1.9762
2026-06-04 22:15:00+00:00,0.664,0.336,1.9762
2026-06-04 22:20:00+00:00,0.6641,0.3359,1.9771
2026-06-04 22:25:00+00:00,0.6644,0.3356,1.9797
2026-06-04 22:30:00+00:00,0.6646,0.3354,1.9815
2026-06-04 22:35:00+00:00,0.6642,0.3358,1.978
2026-06-04 22:40:00+00:00,0.664,0.336,1.9762
2026-06-04 22:45:00+00:00,0.6643,0.3357,1.9789
2026-06-04 22:50:00+00:00,0.6648,0.3352,1.9833
2026-06-04 22:55:00+00:00,0.6648,0.3352,1.9833
2026-06-04 23:00:00+00:00,0.6654,0.3346,1.9886
2026-06-04 23:05:00+00:00,0.6653,0.3347,1.9878
2026-06-04 23:10:00+00:00,0.6655,0.3345,1.9895
2026-06-04 23:15:00+00:00,0.6648,0.3352,1.9833
2026-06-04 23:20:00+00:00,0.6647,0.3353,1.9824
2026-06-04 23:25:00+00:00,0.665,0.335,1.9851
2026-06-04 23:30:00+00:00,0.6654,0.3346,1.9886
2026-06-04 23:35:00+00:00,0.6657,0.3343,1.9913
2026-06-04 23:40:00+00:00,0.6658,0.3342,1.9922
2026-06-04 23:45:00+00:00,0.6662,0.3338,1.9958
2026-06-04 23:50:00+00:00,0.6654,0.3346,1.9886
2026-06-04 23:55:00+00:00,0.6656,0.3344,1.9904
2026-06-05 00:00:00+00:00,0.6662,0.3338,1.9958
2026-06-05 00:05:00+00:00,0.6661,0.3339,1.9949
2026-06-05 00:10:00+00:00,0.6659,0.3341,1.9931
2026-06-05 00:15:00+00:00,0.6656,0.3344,1.9904
2026-06-05 00:20:00+00:00,0.6654,0.3346,1.9886
2026-06-05 00:25:00+00:00,0.666,0.334,1.994
2026-06-05 00:30:00+00:00,0.6663,0.3337,1.9967
2026-06-05 00:35:00+00:00,0.6676,0.3324,2.0084
2026-06-05 00:40:00+00:00,0.6678,0.3322,2.0102
2026-06-05 00:45:00+00:00,0.6682,0.3318,2.0139
2026-06-05 00:50:00+00:00,0.6682,0.3318,2.0139
2026-06-05 00:55:00+00:00,0.6682,0.3318,2.0139
2026-06-05 01:00:00+00:00,0.6681,0.3319,2.013
2026-06-05 01:05:00+00:00,0.6686,0.3314,2.0175
2026-06-05 01:10:00+00:00,0.6698,0.3302,2.0285
2026-06-05 01:15:00+00:00,0.6705,0.3295,2.0349
2026-06-05 01:20:00+00:00,0.671,0.329,2.0395
2026-06-05 01:25:00+00:00,0.6707,0.3293,2.0367
2026-06-05 01:30:00+00:00,0.6709,0.3291,2.0386
2026-06-05 01:35:00+00:00,0.6719,0.3281,2.0479
2026-06-05 01:40:00+00:00,0.6719,0.3281,2.0479
2026-06-05 01:45:00+00:00,0.672,0.328,2.0488
2026-06-05 01:50:00+00:00,0.672,0.328,2.0488
2026-06-05 01:55:00+00:00,0.672,0.328,2.0488
2026-06-05 02:00:00+00:00,0.672,0.328,2.0488
2026-06-05 02:05:00+00:00,0.6722,0.3278,2.0506
2026-06-05 02:10:00+00:00,0.6724,0.3276,2.0525
2026-06-05 02:15:00+00:00,0.6721,0.3279,2.0497
2026-06-05 02:20:00+00:00,0.6725,0.3275,2.0534
2026-06-05 02:25:00+00:00,0.671,0.329,2.0395
2026-06-05 02:30:00+00:00,0.6701,0.3299,2.0312
2026-06-05 02:35:00+00:00,0.6706,0.3294,2.0358
2026-06-05 02:40:00+00:00,0.6722,0.3278,2.0506
2026-06-05 02:45:00+00:00,0.6713,0.3287,2.0423
2026-06-05 02:50:00+00:00,0.6721,0.3279,2.0497
2026-06-05 02:55:00+00:00,0.6725,0.3275,2.0534
2026-06-05 03:00:00+00:00,0.6729,0.3271,2.0572
2026-06-05 03:05:00+00:00,0.6735,0.3265,2.0628
2026-06-05 03:10:00+00:00,0.6744,0.3256,2.0713
2026-06-05 03:15:00+00:00,0.6741,0.3259,2.0684
2026-06-05 03:20:00+00:00,0.6777,0.3223,2.1027
2026-06-05 03:25:00+00:00,0.678,0.322,2.1056
2026-06-05 03:30:00+00:00,0.6782,0.3218,2.1075
2026-06-05 03:35:00+00:00,0.6797,0.3203,2.1221
2026-06-05 03:40:00+00:00,0.6801,0.3199,2.126
2026-06-05 03:45:00+00:00,0.6801,0.3199,2.126
2026-06-05 03:50:00+00:00,0.6808,0.3192,2.1328
2026-06-05 03:55:00+00:00,0.681,0.319,2.1348
2026-06-05 04:00:00+00:00,0.6813,0.3187,2.1377
2026-06-05 04:05:00+00:00,0.681,0.319,2.1348
2026-06-05 04:10:00+00:00,0.6825,0.3175,2.1496
2026-06-05 04:15:00+00:00,0.6824,0.3176,2.1486
2026-06-05 04:20:00+00:00,0.6826,0.3174,2.1506
2026-06-05 04:25:00+00:00,0.6827,0.3173,2.1516
2026-06-05 04:30:00+00:00,0.6836,0.3164,2.1606
2026-06-05 04:35:00+00:00,0.6833,0.3167,2.1576
2026-06-05 04:40:00+00:00,0.6833,0.3167,2.1576
2026-06-05 04:45:00+00:00,0.6826,0.3174,2.1506
2026-06-05 04:50:00+00:00,0.682,0.318,2.1447
2026-06-05 04:55:00+00:00,0.6828,0.3172,2.1526
2026-06-05 05:00:00+00:00,0.6836,0.3164,2.1606
2026-06-05 05:05:00+00:00,0.6817,0.3183,2.1417
2026-06-05 05:10:00+00:00,0.6796,0.3204,2.1211
2026-06-05 05:15:00+00:00,0.6785,0.3215,2.1104
2026-06-05 05:20:00+00:00,0.6778,0.3222,2.1037
2026-06-05 05:25:00+00:00,0.6774,0.3226,2.0998
2026-06-05 05:30:00+00:00,0.6769,0.3231,2.095
2026-06-05 05:35:00+00:00,0.6763,0.3237,2.0893
2026-06-05 05:40:00+00:00,0.6757,0.3243,2.0836
2026-06-05 05:45:00+00:00,0.6761,0.3239,2.0874
2026-06-05 05:50:00+00:00,0.677,0.323,2.096
2026-06-05 05:55:00+00:00,0.6779,0.3221,2.1046
2026-06-05 06:00:00+00:00,0.6791,0.3209,2.1162
2026-06-05 06:05:00+00:00,0.679,0.321,2.1153
2026-06-05 06:10:00+00:00,0.682,0.318,2.1447
2026-06-05 06:15:00+00:00,0.6818,0.3182,2.1427
2026-06-05 06:20:00+00:00,0.6804,0.3196,2.1289
2026-06-05 06:25:00+00:00,0.6804,0.3196,2.1289
2026-06-05 06:30:00+00:00,0.683,0.317,2.1546
2026-06-05 06:35:00+00:00,0.6859,0.3141,2.1837
2026-06-05 06:40:00+00:00,0.6848,0.3152,2.1726
2026-06-05 06:45:00+00:00,0.686,0.314,2.1847
2026-06-05 06:50:00+00:00,0.6863,0.3137,2.1878
2026-06-05 06:55:00+00:00,0.6855,0.3145,2.1797
2026-06-05 07:00:00+00:00,0.6853,0.3147,2.1776
2026-06-05 07:05:00+00:00,0.6831,0.3169,2.1556
2026-06-05 07:10:00+00:00,0.6826,0.3174,2.1506
2026-06-05 07:15:00+00:00,0.6819,0.3181,2.1437
2026-06-05 07:20:00+00:00,0.6832,0.3168,2.1566
2026-06-05 07:25:00+00:00,0.6838,0.3162,2.1626
2026-06-05 07:30:00+00:00,0.6851,0.3149,2.1756
2026-06-05 07:35:00+00:00,0.6853,0.3147,2.1776
2026-06-05 07:40:00+00:00,0.6863,0.3137,2.1878
2026-06-05 07:45:00+00:00,0.6858,0.3142,2.1827
2026-06-05 07:50:00+00:00,0.6845,0.3155,2.1696
2026-06-05 07:55:00+00:00,0.6828,0.3172,2.1526
2026-06-05 08:00:00+00:00,0.6817,0.3183,2.1417
2026-06-05 08:05:00+00:00,0.6782,0.3218,2.1075
2026-06-05 08:10:00+00:00,0.6756,0.3244,2.0826
2026-06-05 08:15:00+00:00,0.674,0.326,2.0675
2026-06-05 08:20:00+00:00,0.672,0.328,2.0488
2026-06-05 08:25:00+00:00,0.6714,0.3286,2.0432
2026-06-05 08:30:00+00:00,0.672,0.328,2.0488
2026-06-05 08:35:00+00:00,0.672,0.328,2.0488
2026-06-05 08:40:00+00:00,0.6707,0.3293,2.0367
2026-06-05 08:45:00+00:00,0.6704,0.3296,2.034
2026-06-05 08:50:00+00:00,0.6697,0.3303,2.0276
2026-06-05 08:55:00+00:00,0.6686,0.3314,2.0175
2026-06-05 09:00:00+00:00,0.6688,0.3312,2.0193
2026-06-05 09:05:00+00:00,0.6701,0.3299,2.0312
2026-06-05 09:10:00+00:00,0.6708,0.3292,2.0377
2026-06-05 09:15:00+00:00,0.6714,0.3286,2.0432
2026-06-05 09:20:00+00:00,0.6714,0.3286,2.0432
2026-06-05 09:25:00+00:00,0.6698,0.3302,2.0285
2026-06-05 09:30:00+00:00,0.6693,0.3307,2.0239
2026-06-05 09:35:00+00:00,0.6684,0.3316,2.0157
2026-06-05 09:40:00+00:00,0.6674,0.3326,2.0066
2026-06-05 09:45:00+00:00,0.667,0.333,2.003
2026-06-05 09:50:00+00:00,0.6676,0.3324,2.0084
2026-06-05 09:55:00+00:00,0.6679,0.3321,2.0111
2026-06-05 10:00:00+00:00,0.6674,0.3326,2.0066
2026-06-05 10:05:00+00:00,0.6677,0.3323,2.0093
2026-06-05 10:10:00+00:00,0.6671,0.3329,2.0039
2026-06-05 10:15:00+00:00,0.6673,0.3327,2.0057
2026-06-05 10:20:00+00:00,0.667,0.333,2.003
2026-06-05 10:25:00+00:00,0.6676,0.3324,2.0084
2026-06-05 10:30:00+00:00,0.6681,0.3319,2.013
2026-06-05 10:35:00+00:00,0.6689,0.3311,2.0202
2026-06-05 10:40:00+00:00,0.6687,0.3313,2.0184
2026-06-05 10:45:00+00:00,0.67,0.33,2.0303
2026-06-05 10:50:00+00:00,0.6702,0.3298,2.0321
2026-06-05 10:55:00+00:00,0.6698,0.3302,2.0285
2026-06-05 11:00:00+00:00,0.6704,0.3296,2.034
2026-06-05 11:05:00+00:00,0.6703,0.3297,2.0331
2026-06-05 11:10:00+00:00,0.6703,0.3297,2.0331
2026-06-05 11:15:00+00:00,0.67,0.33,2.0303
2026-06-05 11:20:00+00:00,0.6709,0.3291,2.0386
2026-06-05 11:25:00+00:00,0.6724,0.3276,2.0525
2026-06-05 11:30:00+00:00,0.6727,0.3273,2.0553
2026-06-05 11:35:00+00:00,0.6728,0.3272,2.0562
2026-06-05 11:40:00+00:00,0.6728,0.3272,2.0562
2026-06-05 11:45:00+00:00,0.6712,0.3288,2.0414
2026-06-05 11:50:00+00:00,0.6722,0.3278,2.0506
2026-06-05 11:55:00+00:00,0.6716,0.3284,2.0451
2026-06-05 12:00:00+00:00,0.6709,0.3291,2.0386
2026-06-05 12:05:00+00:00,0.6708,0.3292,2.0377
2026-06-05 12:10:00+00:00,0.6711,0.3289,2.0404
2026-06-05 12:15:00+00:00,0.6721,0.3279,2.0497
2026-06-05 12:20:00+00:00,0.6734,0.3266,2.0618
2026-06-05 12:25:00+00:00,0.6736,0.3264,2.0637
2026-06-05 12:30:00+00:00,0.6733,0.3267,2.0609
2026-06-05 12:35:00+00:00,0.6724,0.3276,2.0525
2026-06-05 12:40:00+00:00,0.6736,0.3264,2.0637
2026-06-05 12:45:00+00:00,0.6737,0.3263,2.0647
2026-06-05 12:50:00+00:00,0.6723,0.3277,2.0516
2026-06-05 12:55:00+00:00,0.6724,0.3276,2.0525
2026-06-05 13:00:00+00:00,0.6721,0.3279,2.0497
2026-06-05 13:05:00+00:00,0.6728,0.3272,2.0562
2026-06-05 13:10:00+00:00,0.6738,0.3262,2.0656
2026-06-05 13:15:00+00:00,0.674,0.326,2.0675
2026-06-05 13:20:00+00:00,0.6735,0.3265,2.0628
2026-06-05 13:25:00+00:00,0.674,0.326,2.0675
2026-06-05 13:30:00+00:00,0.674,0.326,2.0675
2026-06-05 13:35:00+00:00,0.6738,0.3262,2.0656
2026-06-05 13:40:00+00:00,0.6737,0.3263,2.0647
2026-06-05 13:45:00+00:00,0.6739,0.3261,2.0665
2026-06-05 13:50:00+00:00,0.6757,0.3243,2.0836
2026-06-05 13:55:00+00:00,0.6795,0.3205,2.1201
2026-06-05 14:00:00+00:00,0.6756,0.3244,2.0826
2026-06-05 14:05:00+00:00,0.6777,0.3223,2.1027
2026-06-05 14:10:00+00:00,0.6838,0.3162,2.1626
2026-06-05 14:15:00+00:00,0.6832,0.3168,2.1566
2026-06-05 14:20:00+00:00,0.6818,0.3182,2.1427
2026-06-05 14:25:00+00:00,0.6803,0.3197,2.1279
2026-06-05 14:30:00+00:00,0.6772,0.3228,2.0979
2026-06-05 14:35:00+00:00,0.6807,0.3193,2.1319
2026-06-05 14:40:00+00:00,0.6803,0.3197,2.1279
2026-06-05 14:45:00+00:00,0.6796,0.3204,2.1211
2026-06-05 14:50:00+00:00,0.6793,0.3207,2.1182
2026-06-05 14:55:00+00:00,0.6785,0.3215,2.1104
2026-06-05 15:00:00+00:00,0.6785,0.3215,2.1104
2026-06-05 15:05:00+00:00,0.6775,0.3225,2.1008
2026-06-05 15:10:00+00:00,0.6779,0.3221,2.1046
2026-06-05 15:15:00+00:00,0.677,0.323,2.096
2026-06-05 15:20:00+00:00,0.6765,0.3235,2.0912
2026-06-05 15:25:00+00:00,0.6764,0.3236,2.0902
2026-06-05 15:30:00+00:00,0.6763,0.3237,2.0893
2026-06-05 15:35:00+00:00,0.6778,0.3222,2.1037
2026-06-05 15:40:00+00:00,0.6782,0.3218,2.1075
2026-06-05 15:45:00+00:00,0.6806,0.3194,2.1309
2026-06-05 15:50:00+00:00,0.6804,0.3196,2.1289
2026-06-05 15:55:00+00:00,0.6802,0.3198,2.127
2026-06-05 16:00:00+00:00,0.6799,0.3201,2.124
2026-06-05 16:05:00+00:00,0.6803,0.3197,2.1279
2026-06-05 16:10:00+00:00,0.6834,0.3166,2.1586
2026-06-05 16:15:00+00:00,0.6841,0.3159,2.1656
2026-06-05 16:20:00+00:00,0.6814,0.3186,2.1387
2026-06-05 16:25:00+00:00,0.6853,0.3147,2.1776
2026-06-05 16:30:00+00:00,0.6834,0.3166,2.1586
2026-06-05 16:35:00+00:00,0.6824,0.3176,2.1486
2026-06-05 16:40:00+00:00,0.6823,0.3177,2.1476
2026-06-05 16:45:00+00:00,0.6822,0.3178,2.1466
2026-06-05 16:50:00+00:00,0.6827,0.3173,2.1516
2026-06-05 16:55:00+00:00,0.6823,0.3177,2.1476
2026-06-05 17:00:00+00:00,0.682,0.318,2.1447
2026-06-05 17:05:00+00:00,0.6804,0.3196,2.1289
2026-06-05 17:10:00+00:00,0.6796,0.3204,2.1211
2026-06-05 17:15:00+00:00,0.6799,0.3201,2.124
2026-06-05 17:20:00+00:00,0.6795,0.3205,2.1201
2026-06-05 17:25:00+00:00,0.6806,0.3194,2.1309
2026-06-05 17:30:00+00:00,0.6804,0.3196,2.1289
2026-06-05 17:35:00+00:00,0.6812,0.3188,2.1368
2026-06-05 17:40:00+00:00,0.6815,0.3185,2.1397
2026-06-05 17:45:00+00:00,0.6825,0.3175,2.1496
2026-06-05 17:50:00+00:00,0.6821,0.3179,2.1456
2026-06-05 17:55:00+00:00,0.682,0.318,2.1447
2026-06-05 18:00:00+00:00,0.6825,0.3175,2.1496
2026-06-05 18:05:00+00:00,0.6825,0.3175,2.1496
2026-06-05 18:10:00+00:00,0.6826,0.3174,2.1506
2026-06-05 18:15:00+00:00,0.6824,0.3176,2.1486
2026-06-05 18:20:00+00:00,0.6814,0.3186,2.1387
2026-06-05 18:25:00+00:00,0.681,0.319,2.1348
2026-06-05 18:30:00+00:00,0.6817,0.3183,2.1417
2026-06-05 18:35:00+00:00,0.6836,0.3164,2.1606
2026-06-05 18:40:00+00:00,0.6847,0.3153,2.1716
2026-06-05 18:45:00+00:00,0.6856,0.3144,2.1807
2026-06-05 18:50:00+00:00,0.6853,0.3147,2.1776
2026-06-05 18:55:00+00:00,0.6823,0.3177,2.1476
2026-06-05 19:00:00+00:00,0.6824,0.3176,2.1486
2026-06-05 19:05:00+00:00,0.6822,0.3178,2.1466
2026-06-05 19:10:00+00:00,0.6817,0.3183,2.1417
2026-06-05 19:15:00+00:00,0.6819,0.3181,2.1437
2026-06-05 19:20:00+00:00,0.6811,0.3189,2.1358
2026-06-05 19:25:00+00:00,0.6804,0.3196,2.1289
2026-06-05 19:30:00+00:00,0.6828,0.3172,2.1526
2026-06-05 19:35:00+00:00,0.6813,0.3187,2.1377
2026-06-05 19:40:00+00:00,0.6805,0.3195,2.1299
2026-06-05 19:45:00+00:00,0.6807,0.3193,2.1319
2026-06-05 19:50:00+00:00,0.6833,0.3167,2.1576
2026-06-05 19:55:00+00:00,0.6823,0.3177,2.1476
2026-06-05 20:00:00+00:00,0.6815,0.3185,2.1397
2026-06-05 20:05:00+00:00,0.6797,0.3203,2.1221
2026-06-05 20:10:00+00:00,0.6815,0.3185,2.1397
2026-06-05 20:15:00+00:00,0.6792,0.3208,2.1172
2026-06-05 20:20:00+00:00,0.678,0.322,2.1056
2026-06-05 20:25:00+00:00,0.6772,0.3228,2.0979
2026-06-05 20:30:00+00:00,0.6767,0.3233,2.0931
2026-06-05 20:35:00+00:00,0.6769,0.3231,2.095
2026-06-05 20:40:00+00:00,0.6762,0.3238,2.0883
2026-06-05 20:45:00+00:00,0.6762,0.3238,2.0883
2026-06-05 20:50:00+00:00,0.676,0.324,2.0864
2026-06-05 20:55:00+00:00,0.6784,0.3216,2.1095
2026-06-05 21:00:00+00:00,0.6777,0.3223,2.1027
2026-06-05 21:05:00+00:00,0.6789,0.3211,2.1143
2026-06-05 21:10:00+00:00,0.6782,0.3218,2.1075
2026-06-05 21:15:00+00:00,0.6767,0.3233,2.0931
2026-06-05 21:20:00+00:00,0.6765,0.3235,2.0912
2026-06-05 21:25:00+00:00,0.6743,0.3257,2.0703
2026-06-05 21:30:00+00:00,0.6728,0.3272,2.0562
2026-06-05 21:35:00+00:00,0.6718,0.3282,2.0469
2026-06-05 21:40:00+00:00,0.6723,0.3277,2.0516
2026-06-05 21:45:00+00:00,0.6718,0.3282,2.0469
2026-06-05 21:50:00+00:00,0.6713,0.3287,2.0423
2026-06-05 21:55:00+00:00,0.6706,0.3294,2.0358
2026-06-05 22:00:00+00:00,0.6697,0.3303,2.0276
2026-06-05 22:05:00+00:00,0.6686,0.3314,2.0175
2026-06-05 22:10:00+00:00,0.6681,0.3319,2.013
2026-06-05 22:15:00+00:00,0.6673,0.3327,2.0057
2026-06-05 22:20:00+00:00,0.6672,0.3328,2.0048
2026-06-05 22:25:00+00:00,0.6672,0.3328,2.0048
2026-06-05 22:30:00+00:00,0.6666,0.3334,1.9994
2026-06-05 22:35:00+00:00,0.6665,0.3335,1.9985
2026-06-05 22:40:00+00:00,0.6673,0.3327,2.0057
2026-06-05 22:45:00+00:00,0.6667,0.3333,2.0003
2026-06-05 22:50:00+00:00,0.6662,0.3338,1.9958
2026-06-05 22:55:00+00:00,0.6659,0.3341,1.9931
2026-06-05 23:00:00+00:00,0.6667,0.3333,2.0003
2026-06-05 23:05:00+00:00,0.6657,0.3343,1.9913
2026-06-05 23:10:00+00:00,0.666,0.334,1.994
2026-06-05 23:15:00+00:00,0.6661,0.3339,1.9949
2026-06-05 23:20:00+00:00,0.6648,0.3352,1.9833
2026-06-05 23:25:00+00:00,0.6649,0.3351,1.9842
2026-06-05 23:30:00+00:00,0.6652,0.3348,1.9869
2026-06-05 23:35:00+00:00,0.666,0.334,1.994
2026-06-05 23:40:00+00:00,0.6669,0.3331,2.0021
2026-06-05 23:45:00+00:00,0.6672,0.3328,2.0048
2026-06-05 23:50:00+00:00,0.6675,0.3325,2.0075
2026-06-05 23:55:00+00:00,0.6693,0.3307,2.0239
2026-06-06 00:00:00+00:00,0.669,0.331,2.0211
2026-06-06 00:05:00+00:00,0.6722,0.3278,2.0506
2026-06-06 00:10:00+00:00,0.6719,0.3281,2.0479
2026-06-06 00:15:00+00:00,0.6715,0.3285,2.0441
2026-06-06 00:20:00+00:00,0.6709,0.3291,2.0386
2026-06-06 00:25:00+00:00,0.67,0.33,2.0303
2026-06-06 00:30:00+00:00,0.6699,0.3301,2.0294
2026-06-06 00:35:00+00:00,0.6696,0.3304,2.0266
2026-06-06 00:40:00+00:00,0.6683,0.3317,2.0148
2026-06-06 00:45:00+00:00,0.6679,0.3321,2.0111
2026-06-06 00:50:00+00:00,0.6676,0.3324,2.0084
2026-06-06 00:55:00+00:00,0.6672,0.3328,2.0048
2026-06-06 01:00:00+00:00,0.6675,0.3325,2.0075
2026-06-06 01:05:00+00:00,0.6675,0.3325,2.0075
2026-06-06 01:10:00+00:00,0.6676,0.3324,2.0084
2026-06-06 01:15:00+00:00,0.6668,0.3332,2.0012
2026-06-06 01:20:00+00:00,0.665,0.335,1.9851
2026-06-06 01:25:00+00:00,0.663,0.337,1.9674
2026-06-06 01:30:00+00:00,0.6632,0.3368,1.9691
2026-06-06 01:35:00+00:00,0.6631,0.3369,1.9682
2026-06-06 01:40:00+00:00,0.663,0.337,1.9674
2026-06-06 01:45:00+00:00,0.6624,0.3376,1.9621
2026-06-06 01:50:00+00:00,0.6623,0.3377,1.9612
2026-06-06 01:55:00+00:00,0.6612,0.3388,1.9516
2026-06-06 02:00:00+00:00,0.6613,0.3387,1.9525
2026-06-06 02:05:00+00:00,0.6604,0.3396,1.9446
2026-06-06 02:10:00+00:00,0.6596,0.3404,1.9377
2026-06-06 02:15:00+00:00,0.6592,0.3408,1.9343
2026-06-06 02:20:00+00:00,0.6588,0.3412,1.9308
2026-06-06 02:25:00+00:00,0.659,0.341,1.9326
2026-06-06 02:30:00+00:00,0.6591,0.3409,1.9334
2026-06-06 02:35:00+00:00,0.6588,0.3412,1.9308
2026-06-06 02:40:00+00:00,0.6588,0.3412,1.9308
2026-06-06 02:45:00+00:00,0.6587,0.3413,1.93
2026-06-06 02:50:00+00:00,0.6589,0.3411,1.9317
2026-06-06 02:55:00+00:00,0.6594,0.3406,1.936
2026-06-06 03:00:00+00:00,0.6592,0.3408,1.9343
2026-06-06 03:05:00+00:00,0.6587,0.3413,1.93
2026-06-06 03:10:00+00:00,0.6587,0.3413,1.93
2026-06-06 03:15:00+00:00,0.6585,0.3415,1.9283
2026-06-06 03:20:00+00:00,0.6584,0.3416,1.9274
2026-06-06 03:25:00+00:00,0.6584,0.3416,1.9274
2026-06-06 03:30:00+00:00,0.6585,0.3415,1.9283
2026-06-06 03:35:00+00:00,0.6584,0.3416,1.9274
2026-06-06 03:40:00+00:00,0.6584,0.3416,1.9274
2026-06-06 03:45:00+00:00,0.6583,0.3417,1.9265
2026-06-06 03:50:00+00:00,0.6581,0.3419,1.9248
2026-06-06 03:55:00+00:00,0.6587,0.3413,1.93
2026-06-06 04:00:00+00:00,0.6589,0.3411,1.9317
2026-06-06 04:05:00+00:00,0.6592,0.3408,1.9343
2026-06-06 04:10:00+00:00,0.6592,0.3408,1.9343
2026-06-06 04:15:00+00:00,0.6597,0.3403,1.9386
2026-06-06 04:20:00+00:00,0.6624,0.3376,1.9621
2026-06-06 04:25:00+00:00,0.6626,0.3374,1.9638
2026-06-06 04:30:00+00:00,0.6637,0.3363,1.9735
2026-06-06 04:35:00+00:00,0.6631,0.3369,1.9682
2026-06-06 04:40:00+00:00,0.6657,0.3343,1.9913
2026-06-06 04:45:00+00:00,0.6667,0.3333,2.0003
2026-06-06 04:50:00+00:00,0.669,0.331,2.0211
2026-06-06 04:55:00+00:00,0.6705,0.3295,2.0349
2026-06-06 05:00:00+00:00,0.6707,0.3293,2.0367
2026-06-06 05:05:00+00:00,0.6704,0.3296,2.034
2026-06-06 05:10:00+00:00,0.6705,0.3295,2.0349
2026-06-06 05:15:00+00:00,0.6709,0.3291,2.0386
2026-06-06 05:20:00+00:00,0.6703,0.3297,2.0331
2026-06-06 05:25:00+00:00,0.6718,0.3282,2.0469
2026-06-06 05:30:00+00:00,0.669,0.331,2.0211
2026-06-06 05:35:00+00:00,0.6674,0.3326,2.0066
2026-06-06 05:40:00+00:00,0.6673,0.3327,2.0057
2026-06-06 05:45:00+00:00,0.6666,0.3334,1.9994
2026-06-06 05:50:00+00:00,0.666,0.334,1.994
2026-06-06 05:55:00+00:00,0.6653,0.3347,1.9878
2026-06-06 06:00:00+00:00,0.6651,0.3349,1.986
2026-06-06 06:05:00+00:00,0.6663,0.3337,1.9967
2026-06-06 06:10:00+00:00,0.6645,0.3355,1.9806
2026-06-06 06:15:00+00:00,0.6639,0.3361,1.9753
2026-06-06 06:20:00+00:00,0.6625,0.3375,1.963
2026-06-06 06:25:00+00:00,0.6618,0.3382,1.9568
2026-06-06 06:30:00+00:00,0.6609,0.3391,1.949
2026-06-06 06:35:00+00:00,0.6591,0.3409,1.9334
2026-06-06 06:40:00+00:00,0.6582,0.3418,1.9257
2026-06-06 06:45:00+00:00,0.6562,0.3438,1.9087
2026-06-06 06:50:00+00:00,0.6555,0.3445,1.9028
2026-06-06 06:55:00+00:00,0.6545,0.3455,1.8944
2026-06-06 07:00:00+00:00,0.654,0.346,1.8902
2026-06-06 07:05:00+00:00,0.6539,0.3461,1.8893
2026-06-06 07:10:00+00:00,0.6539,0.3461,1.8893
2026-06-06 07:15:00+00:00,0.6531,0.3469,1.8827
2026-06-06 07:20:00+00:00,0.6528,0.3472,1.8802
2026-06-06 07:25:00+00:00,0.6522,0.3478,1.8752
2026-06-06 07:30:00+00:00,0.6525,0.3475,1.8777
2026-06-06 07:35:00+00:00,0.6526,0.3474,1.8785
2026-06-06 07:40:00+00:00,0.6524,0.3476,1.8769
2026-06-06 07:45:00+00:00,0.652,0.348,1.8736
2026-06-06 07:50:00+00:00,0.6519,0.3481,1.8727
2026-06-06 07:55:00+00:00,0.6515,0.3485,1.8694
2026-06-06 08:00:00+00:00,0.6512,0.3488,1.867
2026-06-06 08:05:00+00:00,0.6501,0.3499,1.858
2026-06-06 08:10:00+00:00,0.65,0.35,1.8571
2026-06-06 08:15:00+00:00,0.6503,0.3497,1.8596
2026-06-06 08:20:00+00:00,0.6502,0.3498,1.8588
2026-06-06 08:25:00+00:00,0.6502,0.3498,1.8588
2026-06-06 08:30:00+00:00,0.6531,0.3469,1.8827
2026-06-06 08:35:00+00:00,0.6532,0.3468,1.8835
2026-06-06 08:40:00+00:00,0.6521,0.3479,1.8744
2026-06-06 08:45:00+00:00,0.6518,0.3482,1.8719
2026-06-06 08:50:00+00:00,0.6516,0.3484,1.8703
2026-06-06 08:55:00+00:00,0.6523,0.3477,1.876
2026-06-06 09:00:00+00:00,0.6518,0.3482,1.8719
2026-06-06 09:05:00+00:00,0.6509,0.3491,1.8645
2026-06-06 09:10:00+00:00,0.6503,0.3497,1.8596
2026-06-06 09:15:00+00:00,0.6504,0.3496,1.8604
2026-06-06 09:20:00+00:00,0.6504,0.3496,1.8604
2026-06-06 09:25:00+00:00,0.6496,0.3504,1.8539
2026-06-06 09:30:00+00:00,0.6499,0.3501,1.8563
2026-06-06 09:35:00+00:00,0.6499,0.3501,1.8563
2026-06-06 09:40:00+00:00,0.6498,0.3502,1.8555
2026-06-06 09:45:00+00:00,0.6494,0.3506,1.8523
2026-06-06 09:50:00+00:00,0.6482,0.3518,1.8425
2026-06-06 09:55:00+00:00,0.6466,0.3534,1.8297
2026-06-06 10:00:00+00:00,0.6469,0.3531,1.8321
2026-06-06 10:05:00+00:00,0.6454,0.3546,1.8201
2026-06-06 10:10:00+00:00,0.6453,0.3547,1.8193
2026-06-06 10:15:00+00:00,0.6467,0.3533,1.8305
2026-06-06 10:20:00+00:00,0.6487,0.3513,1.8466
2026-06-06 10:25:00+00:00,0.6496,0.3504,1.8539
2026-06-06 10:30:00+00:00,0.6505,0.3495,1.8612
2026-06-06 10:35:00+00:00,0.6543,0.3457,1.8927
2026-06-06 10:40:00+00:00,0.6549,0.3451,1.8977
2026-06-06 10:45:00+00:00,0.6562,0.3438,1.9087
2026-06-06 10:50:00+00:00,0.6574,0.3426,1.9189
2026-06-06 10:55:00+00:00,0.6599,0.3401,1.9403
2026-06-06 11:00:00+00:00,0.6609,0.3391,1.949
2026-06-06 11:05:00+00:00,0.6631,0.3369,1.9682
2026-06-06 11:10:00+00:00,0.6633,0.3367,1.97
2026-06-06 11:15:00+00:00,0.6625,0.3375,1.963
2026-06-06 11:20:00+00:00,0.5327,0.4673,1.1398
2026-06-06 11:25:00+00:00,0.5325,0.4675,1.1392
2026-06-06 11:30:00+00:00,0.5323,0.4677,1.1383
2026-06-06 11:35:00+00:00,0.5319,0.4681,1.1364
2026-06-06 11:40:00+00:00,0.5319,0.4681,1.1365
2026-06-06 11:45:00+00:00,0.5319,0.4681,1.1365
2026-06-06 11:50:00+00:00,0.5318,0.4682,1.1359
2026-06-06 11:55:00+00:00,0.5317,0.4683,1.1353
2026-06-06 12:00:00+00:00,0.5315,0.4685,1.1344
2026-06-06 12:05:00+00:00,0.5314,0.4686,1.134
2026-06-06 12:10:00+00:00,0.5317,0.4683,1.1353
2026-06-06 12:15:00+00:00,0.5319,0.4681,1.1364
2026-06-06 12:20:00+00:00,0.5324,0.4676,1.1387
2026-06-06 12:25:00+00:00,0.5321,0.4679,1.137
2026-06-06 12:30:00+00:00,0.5326,0.4674,1.1395
2026-06-06 12:35:00+00:00,0.5326,0.4674,1.1394
2026-06-06 12:40:00+00:00,0.5324,0.4676,1.1386
2026-06-06 12:45:00+00:00,0.5323,0.4677,1.1381
2026-06-06 12:50:00+00:00,0.5323,0.4677,1.1383
2026-06-06 12:55:00+00:00,0.5326,0.4674,1.1396
2026-06-06 13:00:00+00:00,0.5325,0.4675,1.1389
2026-06-06 13:05:00+00:00,0.5315,0.4685,1.1343
2026-06-06 13:10:00+00:00,0.5317,0.4683,1.1355
2026-06-06 13:15:00+00:00,0.5315,0.4685,1.1343
2026-06-06 13:20:00+00:00,0.5313,0.4687,1.1336
2026-06-06 13:25:00+00:00,0.5313,0.4687,1.1334
2026-06-06 13:30:00+00:00,0.531,0.469,1.1321
2026-06-06 13:35:00+00:00,0.5306,0.4694,1.1305
2026-06-06 13:40:00+00:00,0.5312,0.4688,1.1333
2026-06-06 13:45:00+00:00,0.5311,0.4689,1.1328
2026-06-06 13:50:00+00:00,0.5309,0.4691,1.1315
2026-06-06 13:55:00+00:00,0.5307,0.4693,1.1309
2026-06-06 14:00:00+00:00,0.5307,0.4693,1.1309
2026-06-06 14:05:00+00:00,0.5301,0.4699,1.1281
2026-06-06 14:10:00+00:00,0.5301,0.4699,1.1283
2026-06-06 14:15:00+00:00,0.5299,0.4701,1.1272
2026-06-06 14:20:00+00:00,0.5298,0.4702,1.1269
2026-06-06 14:25:00+00:00,0.53,0.47,1.1275
2026-06-06 14:30:00+00:00,0.5298,0.4702,1.1267
2026-06-06 14:35:00+00:00,0.5295,0.4705,1.1254
2026-06-06 14:40:00+00:00,0.5296,0.4704,1.1257
2026-06-06 14:45:00+00:00,0.5299,0.4701,1.1271
2026-06-06 14:50:00+00:00,0.5299,0.4701,1.1271
2026-06-06 14:55:00+00:00,0.5297,0.4703,1.1265
2026-06-06 15:00:00+00:00,0.5294,0.4706,1.1249
2026-06-06 15:05:00+00:00,0.5295,0.4705,1.1256
2026-06-06 15:10:00+00:00,0.5301,0.4699,1.1282
2026-06-06 15:15:00+00:00,0.5301,0.4699,1.1279
2026-06-06 15:20:00+00:00,0.53,0.47,1.1278
2026-06-06 15:25:00+00:00,0.5302,0.4698,1.1285
2026-06-06 15:30:00+00:00,0.5303,0.4697,1.1288
2026-06-06 15:35:00+00:00,0.5304,0.4696,1.1295
2026-06-06 15:40:00+00:00,0.5309,0.4691,1.1319
2026-06-06 15:45:00+00:00,0.5309,0.4691,1.1316
2026-06-06 15:50:00+00:00,0.5309,0.4691,1.1317
2026-06-06 15:55:00+00:00,0.5307,0.4693,1.131
2026-06-06 16:00:00+00:00,0.5307,0.4693,1.1309
2026-06-06 16:05:00+00:00,0.5302,0.4698,1.1287
2026-06-06 16:10:00+00:00,0.5305,0.4695,1.1297
2026-06-06 16:15:00+00:00,0.5305,0.4695,1.13
2026-06-06 16:20:00+00:00,0.5305,0.4695,1.1299
2026-06-06 16:25:00+00:00,0.5304,0.4696,1.1294
2026-06-06 16:30:00+00:00,0.5313,0.4687,1.1336
2026-06-06 16:35:00+00:00,0.5323,0.4677,1.138
2026-06-06 16:40:00+00:00,0.5327,0.4673,1.1401
2026-06-06 16:45:00+00:00,0.533,0.467,1.1412
2026-06-06 16:50:00+00:00,0.5328,0.4672,1.1403
2026-06-06 16:55:00+00:00,0.5327,0.4673,1.1402
2026-06-06 17:00:00+00:00,0.5324,0.4676,1.1387
2026-06-06 17:05:00+00:00,0.5322,0.4678,1.1379
2026-06-06 17:10:00+00:00,0.5322,0.4678,1.1377
2026-06-06 17:15:00+00:00,0.5324,0.4676,1.1386
2026-06-06 17:20:00+00:00,0.5324,0.4676,1.1387
2026-06-06 17:25:00+00:00,0.5322,0.4678,1.1375
2026-06-06 17:30:00+00:00,0.5322,0.4678,1.1378
2026-06-06 17:35:00+00:00,0.5322,0.4678,1.1376
2026-06-06 17:40:00+00:00,0.5324,0.4676,1.1385
2026-06-06 17:45:00+00:00,0.5326,0.4674,1.1394
2026-06-06 17:50:00+00:00,0.5329,0.4671,1.1408
2026-06-06 17:55:00+00:00,0.5329,0.4671,1.1411
2026-06-06 18:00:00+00:00,0.5331,0.4669,1.1417
2026-06-06 18:05:00+00:00,0.5331,0.4669,1.1419
2026-06-06 18:10:00+00:00,0.5332,0.4668,1.1425
2026-06-06 18:15:00+00:00,0.5332,0.4668,1.1423
2026-06-06 18:20:00+00:00,0.5333,0.4667,1.1425
2026-06-06 18:25:00+00:00,0.5339,0.4661,1.1452
2026-06-06 18:30:00+00:00,0.5335,0.4665,1.1437
2026-06-06 18:35:00+00:00,0.5335,0.4665,1.1438
2026-06-06 18:40:00+00:00,0.5336,0.4664,1.1439
2026-06-06 18:45:00+00:00,0.5335,0.4665,1.1437
2026-06-06 18:50:00+00:00,0.533,0.467,1.1412
2026-06-06 18:55:00+00:00,0.5327,0.4673,1.1398
2026-06-06 19:00:00+00:00,0.5326,0.4674,1.1396
2026-06-06 19:05:00+00:00,0.5327,0.4673,1.1398
2026-06-06 19:10:00+00:00,0.5326,0.4674,1.1394
2026-06-06 19:15:00+00:00,0.5325,0.4675,1.139
2026-06-06 19:20:00+00:00,0.5323,0.4677,1.1383
2026-06-06 19:25:00+00:00,0.5324,0.4676,1.1384
2026-06-06 19:30:00+00:00,0.5323,0.4677,1.1382
2026-06-06 19:35:00+00:00,0.5324,0.4676,1.1385
2026-06-06 19:40:00+00:00,0.5325,0.4675,1.1389
2026-06-06 19:45:00+00:00,0.5324,0.4676,1.1385
2026-06-06 19:50:00+00:00,0.5324,0.4676,1.1386
2026-06-06 19:55:00+00:00,0.5323,0.4677,1.1381
2026-06-06 20:00:00+00:00,0.5324,0.4676,1.1384
2026-06-06 20:05:00+00:00,0.5323,0.4677,1.1381
2026-06-06 20:10:00+00:00,0.5323,0.4677,1.138
2026-06-06 20:15:00+00:00,0.5324,0.4676,1.1385
2026-06-06 20:20:00+00:00,0.5325,0.4675,1.1391
2026-06-06 20:25:00+00:00,0.5325,0.4675,1.1391
2026-06-06 20:30:00+00:00,0.5325,0.4675,1.1389
2026-06-06 20:35:00+00:00,0.5325,0.4675,1.1393
2026-06-06 20:40:00+00:00,0.5325,0.4675,1.139
2026-06-06 20:45:00+00:00,0.532,0.468,1.1367
2026-06-06 20:50:00+00:00,0.5319,0.4681,1.1363
2026-06-06 20:55:00+00:00,0.5319,0.4681,1.1363
2026-06-06 21:00:00+00:00,0.5316,0.4684,1.1347
2026-06-06 21:05:00+00:00,0.532,0.468,1.1367
2026-06-06 21:10:00+00:00,0.532,0.468,1.1367
2026-06-06 21:15:00+00:00,0.5322,0.4678,1.1375
2026-06-06 21:20:00+00:00,0.5321,0.4679,1.1372
2026-06-06 21:25:00+00:00,0.5316,0.4684,1.1348
2026-06-06 21:30:00+00:00,0.5316,0.4684,1.1352
2026-06-06 21:35:00+00:00,0.5316,0.4684,1.1351
2026-06-06 21:40:00+00:00,0.5316,0.4684,1.1348
2026-06-06 21:45:00+00:00,0.5316,0.4684,1.1348
2026-06-06 21:50:00+00:00,0.5315,0.4685,1.1346
2026-06-06 21:55:00+00:00,0.5315,0.4685,1.1346
2026-06-06 22:00:00+00:00,0.5314,0.4686,1.1342
2026-06-06 22:05:00+00:00,0.5314,0.4686,1.1339
2026-06-06 22:10:00+00:00,0.5317,0.4683,1.1353
2026-06-06 22:15:00+00:00,0.532,0.468,1.1366
2026-06-06 22:20:00+00:00,0.5317,0.4683,1.1356
2026-06-06 22:25:00+00:00,0.5319,0.4681,1.1364
2026-06-06 22:30:00+00:00,0.5318,0.4682,1.1357
2026-06-06 22:35:00+00:00,0.5321,0.4679,1.1371
2026-06-06 22:40:00+00:00,0.5321,0.4679,1.1371
2026-06-06 22:45:00+00:00,0.5321,0.4679,1.137
2026-06-06 22:50:00+00:00,0.5318,0.4682,1.1357
2026-06-06 22:55:00+00:00,0.5317,0.4683,1.1355
2026-06-06 23:00:00+00:00,0.5318,0.4682,1.1359
2026-06-06 23:05:00+00:00,0.5318,0.4682,1.136
2026-06-06 23:10:00+00:00,0.5318,0.4682,1.136
2026-06-06 23:15:00+00:00,0.5319,0.4681,1.1362
2026-06-06 23:20:00+00:00,0.5319,0.4681,1.1361
2026-06-06 23:25:00+00:00,0.5319,0.4681,1.1362
2026-06-06 23:30:00+00:00,0.5319,0.4681,1.1363
2026-06-06 23:35:00+00:00,0.5319,0.4681,1.1362
2026-06-06 23:40:00+00:00,0.5323,0.4677,1.1381
2026-06-06 23:45:00+00:00,0.5321,0.4679,1.1371
2026-06-06 23:50:00+00:00,0.5313,0.4687,1.1336
2026-06-06 23:55:00+00:00,0.5311,0.4689,1.1328
2026-06-07 00:00:00+00:00,0.5309,0.4691,1.1317
2026-06-07 00:05:00+00:00,0.5308,0.4692,1.1312
2026-06-07 00:10:00+00:00,0.5307,0.4693,1.131
2026-06-07 00:15:00+00:00,0.5308,0.4692,1.1313
2026-06-07 00:20:00+00:00,0.5307,0.4693,1.131
2026-06-07 00:25:00+00:00,0.5307,0.4693,1.1307
2026-06-07 00:30:00+00:00,0.5307,0.4693,1.1309
2026-06-07 00:35:00+00:00,0.5308,0.4692,1.1312
2026-06-07 00:40:00+00:00,0.5305,0.4695,1.1298
2026-06-07 00:45:00+00:00,0.5303,0.4697,1.1291
2026-06-07 00:50:00+00:00,0.5304,0.4696,1.1295
2026-06-07 00:55:00+00:00,0.5304,0.4696,1.1294
2026-06-07 01:00:00+00:00,0.5305,0.4695,1.1299
2026-06-07 01:05:00+00:00,0.5319,0.4681,1.1363
2026-06-07 01:10:00+00:00,0.5323,0.4677,1.138
2026-06-07 01:15:00+00:00,0.5314,0.4686,1.1341
2026-06-07 01:20:00+00:00,0.5332,0.4668,1.1421
2026-06-07 01:25:00+00:00,0.5333,0.4667,1.1429
2026-06-07 01:30:00+00:00,0.5335,0.4665,1.1437
2026-06-07 01:35:00+00:00,0.5337,0.4663,1.1445
2026-06-07 01:40:00+00:00,0.5336,0.4664,1.1442
2026-06-07 01:45:00+00:00,0.5332,0.4668,1.1421
2026-06-07 01:50:00+00:00,0.533,0.467,1.1413
2026-06-07 01:55:00+00:00,0.5328,0.4672,1.1402
2026-06-07 02:00:00+00:00,0.5342,0.4658,1.1469
2026-06-07 02:05:00+00:00,0.534,0.466,1.1461
2026-06-07 02:10:00+00:00,0.5341,0.4659,1.1463
2026-06-07 02:15:00+00:00,0.5354,0.4646,1.1525
2026-06-07 02:20:00+00:00,0.5354,0.4646,1.1525
2026-06-07 02:25:00+00:00,0.5354,0.4646,1.1525
2026-06-07 02:30:00+00:00,0.5355,0.4645,1.1528
2026-06-07 02:35:00+00:00,0.5358,0.4642,1.1542
2026-06-07 02:40:00+00:00,0.5359,0.4641,1.1545
2026-06-07 02:45:00+00:00,0.5359,0.4641,1.1546
2026-06-07 02:50:00+00:00,0.5364,0.4636,1.157
2026-06-07 02:55:00+00:00,0.5359,0.4641,1.1546
2026-06-07 03:00:00+00:00,0.5359,0.4641,1.1549
2026-06-07 03:05:00+00:00,0.5358,0.4642,1.1542
2026-06-07 03:10:00+00:00,0.5358,0.4642,1.1542
2026-06-07 03:15:00+00:00,0.5357,0.4643,1.1536
2026-06-07 03:20:00+00:00,0.5365,0.4635,1.1576
2026-06-07 03:25:00+00:00,0.5364,0.4636,1.1572
2026-06-07 03:30:00+00:00,0.5363,0.4637,1.1565
2026-06-07 03:35:00+00:00,0.5362,0.4638,1.1563
2026-06-07 03:40:00+00:00,0.5361,0.4639,1.1559
2026-06-07 03:45:00+00:00,0.5362,0.4638,1.1561
2026-06-07 03:50:00+00:00,0.5362,0.4638,1.1561
2026-06-07 03:55:00+00:00,0.5362,0.4638,1.156
2026-06-07 04:00:00+00:00,0.5362,0.4638,1.1559
2026-06-07 04:05:00+00:00,0.5359,0.4641,1.1548
2026-06-07 04:10:00+00:00,0.5358,0.4642,1.1541
2026-06-07 04:15:00+00:00,0.5355,0.4645,1.153
2026-06-07 04:20:00+00:00,0.5355,0.4645,1.1528
2026-06-07 04:25:00+00:00,0.5353,0.4647,1.152
2026-06-07 04:30:00+00:00,0.5352,0.4648,1.1516
2026-06-07 04:35:00+00:00,0.5352,0.4648,1.1515
2026-06-07 04:40:00+00:00,0.5352,0.4648,1.1515
2026-06-07 04:45:00+00:00,0.5353,0.4647,1.1521
2026-06-07 04:50:00+00:00,0.535,0.465,1.1503
2026-06-07 04:55:00+00:00,0.5339,0.4661,1.1454
2026-06-07 05:00:00+00:00,0.5335,0.4665,1.1437
2026-06-07 05:05:00+00:00,0.5332,0.4668,1.1423
2026-06-07 05:10:00+00:00,0.5333,0.4667,1.1428
2026-06-07 05:15:00+00:00,0.533,0.467,1.1411
2026-06-07 05:20:00+00:00,0.5349,0.4651,1.1499
2026-06-07 05:25:00+00:00,0.5333,0.4667,1.1426
2026-06-07 05:30:00+00:00,0.5331,0.4669,1.1417
2026-06-07 05:35:00+00:00,0.5325,0.4675,1.1389
2026-06-07 05:40:00+00:00,0.5325,0.4675,1.1393
2026-06-07 05:45:00+00:00,0.5326,0.4674,1.1396
2026-06-07 05:50:00+00:00,0.5326,0.4674,1.1396
2026-06-07 05:55:00+00:00,0.5324,0.4676,1.1384
2026-06-07 06:00:00+00:00,0.5321,0.4679,1.1373
2026-06-07 06:05:00+00:00,0.532,0.468,1.1369
2026-06-07 06:10:00+00:00,0.532,0.468,1.1366
2026-06-07 06:15:00+00:00,0.5319,0.4681,1.1365
2026-06-07 06:20:00+00:00,0.5327,0.4673,1.1399
2026-06-07 06:25:00+00:00,0.5331,0.4669,1.142
2026-06-07 06:30:00+00:00,0.5332,0.4668,1.1424
2026-06-07 06:35:00+00:00,0.5336,0.4664,1.1439
2026-06-07 06:40:00+00:00,0.5347,0.4653,1.149
2026-06-07 06:45:00+00:00,0.5346,0.4654,1.1489
2026-06-07 06:50:00+00:00,0.5344,0.4656,1.148
2026-06-07 06:55:00+00:00,0.5344,0.4656,1.1476
2026-06-07 07:00:00+00:00,0.5343,0.4657,1.1474
2026-06-07 07:05:00+00:00,0.5343,0.4657,1.1473
2026-06-07 07:10:00+00:00,0.532,0.468,1.1369
2026-06-07 07:15:00+00:00,0.532,0.468,1.1368
2026-06-07 07:20:00+00:00,0.5322,0.4678,1.1379
2026-06-07 07:25:00+00:00,0.5324,0.4676,1.1384
2026-06-07 07:30:00+00:00,0.5326,0.4674,1.1397
2026-06-07 07:35:00+00:00,0.533,0.467,1.1412
2026-06-07 07:40:00+00:00,0.5328,0.4672,1.1406
2026-06-07 07:45:00+00:00,0.5324,0.4676,1.1386
2026-06-07 07:50:00+00:00,0.5324,0.4676,1.1387
2026-06-07 07:55:00+00:00,0.5298,0.4702,1.1269
2026-06-07 08:00:00+00:00,0.5293,0.4707,1.1245
2026-06-07 08:05:00+00:00,0.5281,0.4719,1.1189
2026-06-07 08:10:00+00:00,0.5301,0.4699,1.1282
2026-06-07 08:15:00+00:00,0.5298,0.4702,1.1268
2026-06-07 08:20:00+00:00,0.5306,0.4694,1.1303
2026-06-07 08:25:00+00:00,0.531,0.469,1.1323
2026-06-07 08:30:00+00:00,0.5308,0.4692,1.1311
2026-06-07 08:35:00+00:00,0.5306,0.4694,1.1303
2026-06-07 08:40:00+00:00,0.5337,0.4663,1.1447
2026-06-07 08:45:00+00:00,0.5343,0.4657,1.1473
2026-06-07 08:50:00+00:00,0.5343,0.4657,1.1475
2026-06-07 08:55:00+00:00,0.5345,0.4655,1.148
2026-06-07 09:00:00+00:00,0.5347,0.4653,1.149
2026-06-07 09:05:00+00:00,0.5354,0.4646,1.1525
2026-06-07 09:10:00+00:00,0.5351,0.4649,1.1511
2026-06-07 09:15:00+00:00,0.5348,0.4652,1.1494
2026-06-07 09:20:00+00:00,0.5348,0.4652,1.1496
2026-06-07 09:25:00+00:00,0.535,0.465,1.1505
2026-06-07 09:30:00+00:00,0.5351,0.4649,1.1508
2026-06-07 09:35:00+00:00,0.5349,0.4651,1.1499
2026-06-07 09:40:00+00:00,0.535,0.465,1.1507
2026-06-07 09:45:00+00:00,0.535,0.465,1.1506
2026-06-07 09:50:00+00:00,0.5347,0.4653,1.1491
2026-06-07 09:55:00+00:00,0.5354,0.4646,1.1523
2026-06-07 10:00:00+00:00,0.5354,0.4646,1.1524
2026-06-07 10:05:00+00:00,0.5357,0.4643,1.154
2026-06-07 10:10:00+00:00,0.5357,0.4643,1.1538
2026-06-07 10:15:00+00:00,0.5357,0.4643,1.1537
2026-06-07 10:20:00+00:00,0.5356,0.4644,1.1535
2026-06-07 10:25:00+00:00,0.5355,0.4645,1.1528
2026-06-07 10:30:00+00:00,0.5354,0.4646,1.1526
2026-06-07 10:35:00+00:00,0.5352,0.4648,1.1517
2026-06-07 10:40:00+00:00,0.535,0.465,1.1506
2026-06-07 10:45:00+00:00,0.5348,0.4652,1.1498
2026-06-07 10:50:00+00:00,0.535,0.465,1.1506
2026-06-07 10:55:00+00:00,0.5346,0.4654,1.1486
2026-06-07 11:00:00+00:00,0.5347,0.4653,1.1493
2026-06-07 11:05:00+00:00,0.5347,0.4653,1.1491
2026-06-07 11:10:00+00:00,0.5349,0.4651,1.15
2026-06-07 11:15:00+00:00,0.535,0.465,1.1507
2026-06-07 11:20:00+00:00,0.535,0.465,1.1504
2026-06-07 11:25:00+00:00,0.5348,0.4652,1.1496
2026-06-07 11:30:00+00:00,0.5348,0.4652,1.1496
2026-06-07 11:35:00+00:00,0.5347,0.4653,1.149
2026-06-07 11:40:00+00:00,0.5346,0.4654,1.1488
2026-06-07 11:45:00+00:00,0.5347,0.4653,1.1492
2026-06-07 11:50:00+00:00,0.5345,0.4655,1.1481
2026-06-07 11:55:00+00:00,0.5346,0.4654,1.1486
2026-06-07 12:00:00+00:00,0.5344,0.4656,1.1477
2026-06-07 12:05:00+00:00,0.5342,0.4658,1.147
2026-06-07 12:10:00+00:00,0.5334,0.4666,1.1432
2026-06-07 12:15:00+00:00,0.5316,0.4684,1.1349
2026-06-07 12:20:00+00:00,0.5325,0.4675,1.1392
2026-06-07 12:25:00+00:00,0.5324,0.4676,1.1386
2026-06-07 12:30:00+00:00,0.5331,0.4669,1.1417
2026-06-07 12:35:00+00:00,0.5316,0.4684,1.1348
2026-06-07 12:40:00+00:00,0.5322,0.4678,1.1379
2026-06-07 12:45:00+00:00,0.5302,0.4698,1.1287
2026-06-07 12:50:00+00:00,0.5309,0.4691,1.1315
2026-06-07 12:55:00+00:00,0.5305,0.4695,1.13
2026-06-07 13:00:00+00:00,0.5309,0.4691,1.1318
2026-06-07 13:05:00+00:00,0.5311,0.4689,1.1327
2026-06-07 13:10:00+00:00,0.5306,0.4694,1.1304
2026-06-07 13:15:00+00:00,0.5309,0.4691,1.1317
2026-06-07 13:20:00+00:00,0.5302,0.4698,1.1285
2026-06-07 13:25:00+00:00,0.5303,0.4697,1.1288
2026-06-07 13:30:00+00:00,0.5304,0.4696,1.1297
2026-06-07 13:35:00+00:00,0.5307,0.4693,1.1309
2026-06-07 13:40:00+00:00,0.5306,0.4694,1.1302
2026-06-07 13:45:00+00:00,0.5307,0.4693,1.1308
2026-06-07 13:50:00+00:00,0.5308,0.4692,1.1312
2026-06-07 13:55:00+00:00,0.5308,0.4692,1.1314
2026-06-07 14:00:00+00:00,0.531,0.469,1.1321
2026-06-07 14:05:00+00:00,0.5312,0.4688,1.133
2026-06-07 14:10:00+00:00,0.5313,0.4687,1.1335
2026-06-07 14:15:00+00:00,0.5315,0.4685,1.1345
2026-06-07 14:20:00+00:00,0.5318,0.4682,1.1356
2026-06-07 14:25:00+00:00,0.5318,0.4682,1.1357
2026-06-07 14:30:00+00:00,0.5325,0.4675,1.139
2026-06-07 14:35:00+00:00,0.5334,0.4666,1.1432
2026-06-07 14:40:00+00:00,0.5333,0.4667,1.1429
2026-06-07 14:45:00+00:00,0.5315,0.4685,1.1344
2026-06-07 14:50:00+00:00,0.5315,0.4685,1.1345
2026-06-07 14:55:00+00:00,0.531,0.469,1.132
2026-06-07 15:00:00+00:00,0.531,0.469,1.1323
2026-06-07 15:05:00+00:00,0.5313,0.4687,1.1335
2026-06-07 15:10:00+00:00,0.5314,0.4686,1.1341
2026-06-07 15:15:00+00:00,0.5313,0.4687,1.1337
2026-06-07 15:20:00+00:00,0.5311,0.4689,1.1329
2026-06-07 15:25:00+00:00,0.5314,0.4686,1.134
2026-06-07 15:30:00+00:00,0.5322,0.4678,1.1378
2026-06-07 15:35:00+00:00,0.5323,0.4677,1.1383
2026-06-07 15:40:00+00:00,0.5322,0.4678,1.1378
2026-06-07 15:45:00+00:00,0.5321,0.4679,1.1373
2026-06-07 15:50:00+00:00,0.5318,0.4682,1.136
2026-06-07 15:55:00+00:00,0.5322,0.4678,1.1377
2026-06-07 16:00:00+00:00,0.5321,0.4679,1.1372
2026-06-07 16:05:00+00:00,0.5321,0.4679,1.137
2026-06-07 16:10:00+00:00,0.5323,0.4677,1.138
2026-06-07 16:15:00+00:00,0.5327,0.4673,1.1401
2026-06-07 16:20:00+00:00,0.5327,0.4673,1.1398
2026-06-07 16:25:00+00:00,0.5324,0.4676,1.1385
2026-06-07 16:30:00+00:00,0.5322,0.4678,1.1376
2026-06-07 16:35:00+00:00,0.5323,0.4677,1.1382
2026-06-07 16:40:00+00:00,0.5322,0.4678,1.1378
2026-06-07 16:45:00+00:00,0.5322,0.4678,1.1376
2026-06-07 16:50:00+00:00,0.5321,0.4679,1.1373
2026-06-07 16:55:00+00:00,0.532,0.468,1.1366
2026-06-07 17:00:00+00:00,0.5312,0.4688,1.1331
2026-06-07 17:05:00+00:00,0.532,0.468,1.1368
2026-06-07 17:10:00+00:00,0.5322,0.4678,1.1377
2026-06-07 17:15:00+00:00,0.5321,0.4679,1.1373
2026-06-07 17:20:00+00:00,0.5322,0.4678,1.1375
2026-06-07 17:25:00+00:00,0.532,0.468,1.137
2026-06-07 17:30:00+00:00,0.532,0.468,1.1369
2026-06-07 17:35:00+00:00,0.5318,0.4682,1.1359
2026-06-07 17:40:00+00:00,0.5319,0.4681,1.1365
2026-06-07 17:45:00+00:00,0.5316,0.4684,1.1347
2026-06-07 17:50:00+00:00,0.5309,0.4691,1.132
2026-06-07 17:55:00+00:00,0.5304,0.4696,1.1294
2026-06-07 18:00:00+00:00,0.5304,0.4696,1.1294
2026-06-07 18:05:00+00:00,0.5305,0.4695,1.1301
2026-06-07 18:10:00+00:00,0.5305,0.4695,1.1298
2026-06-07 18:15:00+00:00,0.5304,0.4696,1.1296
2026-06-07 18:20:00+00:00,0.5305,0.4695,1.1298
2026-06-07 18:25:00+00:00,0.5305,0.4695,1.1297
2026-06-07 18:30:00+00:00,0.5304,0.4696,1.1296
2026-06-07 18:35:00+00:00,0.5304,0.4696,1.1296
2026-06-07 18:40:00+00:00,0.5303,0.4697,1.1292
2026-06-07 18:45:00+00:00,0.5303,0.4697,1.1291
2026-06-07 18:50:00+00:00,0.5303,0.4697,1.129
2026-06-07 18:55:00+00:00,0.53,0.47,1.1275
2026-06-07 19:00:00+00:00,0.5301,0.4699,1.1283
2026-06-07 19:05:00+00:00,0.5312,0.4688,1.1329
2026-06-07 19:10:00+00:00,0.5321,0.4679,1.1373
2026-06-07 19:15:00+00:00,0.5319,0.4681,1.1361
2026-06-07 19:20:00+00:00,0.5336,0.4664,1.144
2026-06-07 19:25:00+00:00,0.5332,0.4668,1.1421
2026-06-07 19:30:00+00:00,0.5328,0.4672,1.1405
2026-06-07 19:35:00+00:00,0.5324,0.4676,1.1384
2026-06-07 19:40:00+00:00,0.5324,0.4676,1.1387
2026-06-07 19:45:00+00:00,0.5339,0.4661,1.1456
2026-06-07 19:50:00+00:00,0.534,0.466,1.1457
2026-06-07 19:55:00+00:00,0.5339,0.4661,1.1454
2026-06-07 20:00:00+00:00,0.5331,0.4669,1.1416
2026-06-07 20:05:00+00:00,0.5331,0.4669,1.1419
2026-06-07 20:10:00+00:00,0.5334,0.4666,1.1429
2026-06-07 20:15:00+00:00,0.5332,0.4668,1.1421
2026-06-07 20:20:00+00:00,0.5332,0.4668,1.1423
2026-06-07 20:25:00+00:00,0.5338,0.4662,1.1449
2026-06-07 20:30:00+00:00,0.5336,0.4664,1.1441
2026-06-07 20:35:00+00:00,0.5334,0.4666,1.1433
2026-06-07 20:40:00+00:00,0.5335,0.4665,1.1438
2026-06-07 20:45:00+00:00,0.5336,0.4664,1.1441
2026-06-07 20:50:00+00:00,0.5338,0.4662,1.145
2026-06-07 20:55:00+00:00,0.534,0.466,1.1459
2026-06-07 21:00:00+00:00,0.5338,0.4662,1.1451
2026-06-07 21:05:00+00:00,0.5336,0.4664,1.1441
2026-06-07 21:10:00+00:00,0.5336,0.4664,1.1441
2026-06-07 21:15:00+00:00,0.5335,0.4665,1.1436
2026-06-07 21:20:00+00:00,0.5334,0.4666,1.1431
2026-06-07 21:25:00+00:00,0.5333,0.4667,1.1429
2026-06-07 21:30:00+00:00,0.5333,0.4667,1.1425
2026-06-07 21:35:00+00:00,0.5333,0.4667,1.1429
2026-06-07 21:40:00+00:00,0.5342,0.4658,1.1467
2026-06-07 21:45:00+00:00,0.535,0.465,1.1505
2026-06-07 21:50:00+00:00,0.5351,0.4649,1.1511
2026-06-07 21:55:00+00:00,0.5351,0.4649,1.1511
2026-06-07 22:00:00+00:00,0.5354,0.4646,1.1523
2026-06-07 22:05:00+00:00,0.5354,0.4646,1.1523
2026-06-07 22:10:00+00:00,0.5352,0.4648,1.1516
2026-06-07 22:15:00+00:00,0.5359,0.4641,1.1545
2026-06-07 22:20:00+00:00,0.5402,0.4598,1.1747
2026-06-07 22:25:00+00:00,0.5407,0.4593,1.177
2026-06-07 22:30:00+00:00,0.5407,0.4593,1.1774
2026-06-07 22:35:00+00:00,0.5409,0.4591,1.1783
2026-06-07 22:40:00+00:00,0.541,0.459,1.1785
2026-06-07 22:45:00+00:00,0.5411,0.4589,1.179
2026-06-07 22:50:00+00:00,0.5407,0.4593,1.1773
2026-06-07 22:55:00+00:00,0.5408,0.4592,1.1777
2026-06-07 23:00:00+00:00,0.5402,0.4598,1.1749
2026-06-07 23:05:00+00:00,0.5397,0.4603,1.1726
2026-06-07 23:10:00+00:00,0.5382,0.4618,1.1654
2026-06-07 23:15:00+00:00,0.5387,0.4613,1.1679
2026-06-07 23:20:00+00:00,0.5385,0.4615,1.1667
2026-06-07 23:25:00+00:00,0.5383,0.4617,1.1661
2026-06-07 23:30:00+00:00,0.538,0.462,1.1644
2026-06-07 23:35:00+00:00,0.5372,0.4628,1.161
2026-06-07 23:40:00+00:00,0.5372,0.4628,1.1606
2026-06-07 23:45:00+00:00,0.5369,0.4631,1.1595
2026-06-07 23:50:00+00:00,0.5362,0.4638,1.1563
2026-06-07 23:55:00+00:00,0.5349,0.4651,1.1502
2026-06-08 00:00:00+00:00,0.5345,0.4655,1.1482
2026-06-08 00:05:00+00:00,0.5339,0.4661,1.1454
2026-06-08 00:10:00+00:00,0.533,0.467,1.1415
2026-06-08 00:15:00+00:00,0.5323,0.4677,1.1379
2026-06-08 00:20:00+00:00,0.5322,0.4678,1.1376
2026-06-08 00:25:00+00:00,0.5319,0.4681,1.1365
2026-06-08 00:30:00+00:00,0.5314,0.4686,1.1339
2026-06-08 00:35:00+00:00,0.5313,0.4687,1.1333
2026-06-08 00:40:00+00:00,0.5314,0.4686,1.1338
2026-06-08 00:45:00+00:00,0.5329,0.4671,1.1409
2026-06-08 00:50:00+00:00,0.5326,0.4674,1.1397
2026-06-08 00:55:00+00:00,0.5326,0.4674,1.1397
2026-06-08 01:00:00+00:00,0.5324,0.4676,1.1386
2026-06-08 01:05:00+00:00,0.5321,0.4679,1.1372
2026-06-08 01:10:00+00:00,0.5314,0.4686,1.1342
2026-06-08 01:15:00+00:00,0.5317,0.4683,1.1355
2026-06-08 01:20:00+00:00,0.5315,0.4685,1.1345
2026-06-08 01:25:00+00:00,0.5325,0.4675,1.139
2026-06-08 01:30:00+00:00,0.5315,0.4685,1.1345
2026-06-08 01:35:00+00:00,0.5315,0.4685,1.1345
2026-06-08 01:40:00+00:00,0.5316,0.4684,1.1349
2026-06-08 01:45:00+00:00,0.5317,0.4683,1.1355
2026-06-08 01:50:00+00:00,0.5327,0.4673,1.1399
2026-06-08 01:55:00+00:00,0.5327,0.4673,1.1401
2026-06-08 02:00:00+00:00,0.5337,0.4663,1.1443
2026-06-08 02:05:00+00:00,0.539,0.461,1.1692
2026-06-08 02:10:00+00:00,0.539,0.461,1.1692
2026-06-08 02:15:00+00:00,0.5389,0.4611,1.1689
2026-06-08 02:20:00+00:00,0.5384,0.4616,1.1663
2026-06-08 02:25:00+00:00,0.5383,0.4617,1.1661
2026-06-08 02:30:00+00:00,0.5384,0.4616,1.1665
2026-06-08 02:35:00+00:00,0.5383,0.4617,1.1659
2026-06-08 02:40:00+00:00,0.5381,0.4619,1.1648
2026-06-08 02:45:00+00:00,0.5382,0.4618,1.1652
2026-06-08 02:50:00+00:00,0.5383,0.4617,1.166
2026-06-08 02:55:00+00:00,0.5383,0.4617,1.1657
2026-06-08 03:00:00+00:00,0.5382,0.4618,1.1652
2026-06-08 03:05:00+00:00,0.5381,0.4619,1.1652
2026-06-08 03:10:00+00:00,0.5385,0.4615,1.1668
2026-06-08 03:15:00+00:00,0.5391,0.4609,1.1699
2026-06-08 03:20:00+00:00,0.539,0.461,1.1693
2026-06-08 03:25:00+00:00,0.5393,0.4607,1.1704
2026-06-08 03:30:00+00:00,0.5392,0.4608,1.1702
2026-06-08 03:35:00+00:00,0.539,0.461,1.1694
2026-06-08 03:40:00+00:00,0.5389,0.4611,1.1688
2026-06-08 03:45:00+00:00,0.5391,0.4609,1.1696
2026-06-08 03:50:00+00:00,0.5391,0.4609,1.1699
2026-06-08 03:55:00+00:00,0.5391,0.4609,1.1697
2026-06-08 04:00:00+00:00,0.5393,0.4607,1.1707
2026-06-08 04:05:00+00:00,0.5392,0.4608,1.17
2026-06-08 04:10:00+00:00,0.5393,0.4607,1.1706
2026-06-08 04:15:00+00:00,0.5394,0.4606,1.1709
2026-06-08 04:20:00+00:00,0.5392,0.4608,1.1704
2026-06-08 04:25:00+00:00,0.5394,0.4606,1.1712
2026-06-08 04:30:00+00:00,0.5393,0.4607,1.1707
2026-06-08 04:35:00+00:00,0.5393,0.4607,1.1706
2026-06-08 04:40:00+00:00,0.5395,0.4605,1.1717
2026-06-08 04:45:00+00:00,0.5397,0.4603,1.1726
2026-06-08 04:50:00+00:00,0.5399,0.4601,1.1736
2026-06-08 04:55:00+00:00,0.5395,0.4605,1.1717
2026-06-08 05:00:00+00:00,0.5388,0.4612,1.1685
2026-06-08 05:05:00+00:00,0.539,0.461,1.1693
2026-06-08 05:10:00+00:00,0.5388,0.4612,1.1684
2026-06-08 05:15:00+00:00,0.5388,0.4612,1.168
2026-06-08 05:20:00+00:00,0.5386,0.4614,1.1673
2026-06-08 05:25:00+00:00,0.5388,0.4612,1.1682
2026-06-08 05:30:00+00:00,0.5393,0.4607,1.1704
2026-06-08 05:35:00+00:00,0.5397,0.4603,1.1724
2026-06-08 05:40:00+00:00,0.5395,0.4605,1.1717
2026-06-08 05:45:00+00:00,0.5396,0.4604,1.1718
2026-06-08 05:50:00+00:00,0.5392,0.4608,1.1703
2026-06-08 05:55:00+00:00,0.539,0.461,1.1693
2026-06-08 06:00:00+00:00,0.5393,0.4607,1.1705
2026-06-08 06:05:00+00:00,0.5394,0.4606,1.171
2026-06-08 06:10:00+00:00,0.5393,0.4607,1.1706
2026-06-08 06:15:00+00:00,0.5393,0.4607,1.1704
2026-06-08 06:20:00+00:00,0.5385,0.4615,1.1666
2026-06-08 06:25:00+00:00,0.5385,0.4615,1.1667
2026-06-08 06:30:00+00:00,0.5382,0.4618,1.1654
2026-06-08 06:35:00+00:00,0.5382,0.4618,1.1655
2026-06-08 06:40:00+00:00,0.5367,0.4633,1.1586
2026-06-08 06:45:00+00:00,0.5368,0.4632,1.159
2026-06-08 06:50:00+00:00,0.5367,0.4633,1.1585
2026-06-08 06:55:00+00:00,0.5365,0.4635,1.1573
2026-06-08 07:00:00+00:00,0.5365,0.4635,1.1576
2026-06-08 07:05:00+00:00,0.5363,0.4637,1.1566
2026-06-08 07:10:00+00:00,0.5367,0.4633,1.1582
2026-06-08 07:15:00+00:00,0.5372,0.4628,1.1607
2026-06-08 07:20:00+00:00,0.5374,0.4626,1.1615
2026-06-08 07:25:00+00:00,0.5373,0.4627,1.1612
2026-06-08 07:30:00+00:00,0.5371,0.4629,1.1604
2026-06-08 07:35:00+00:00,0.5378,0.4622,1.1635
2026-06-08 07:40:00+00:00,0.5377,0.4623,1.1631
2026-06-08 07:45:00+00:00,0.5377,0.4623,1.1631
2026-06-08 07:50:00+00:00,0.5376,0.4624,1.1624
2026-06-08 07:55:00+00:00,0.5375,0.4625,1.1621
2026-06-08 08:00:00+00:00,0.5372,0.4628,1.1609
2026-06-08 08:05:00+00:00,0.5374,0.4626,1.1618
2026-06-08 08:10:00+00:00,0.5375,0.4625,1.162
2026-06-08 08:15:00+00:00,0.5374,0.4626,1.1619
2026-06-08 08:20:00+00:00,0.5374,0.4626,1.1615
2026-06-08 08:25:00+00:00,0.5374,0.4626,1.1616
2026-06-08 08:30:00+00:00,0.5373,0.4627,1.1614
2026-06-08 08:35:00+00:00,0.5374,0.4626,1.1617
2026-06-08 08:40:00+00:00,0.5373,0.4627,1.1613
2026-06-08 08:45:00+00:00,0.5373,0.4627,1.1613
2026-06-08 08:50:00+00:00,0.5373,0.4627,1.1614
2026-06-08 08:55:00+00:00,0.5373,0.4627,1.1611
2026-06-08 09:00:00+00:00,0.5372,0.4628,1.1607
2026-06-08 09:05:00+00:00,0.5374,0.4626,1.1619
2026-06-08 09:10:00+00:00,0.5372,0.4628,1.1609
2026-06-08 09:15:00+00:00,0.5371,0.4629,1.1605
2026-06-08 09:20:00+00:00,0.537,0.463,1.1597
2026-06-08 09:25:00+00:00,0.5367,0.4633,1.1583
2026-06-08 09:30:00+00:00,0.5364,0.4636,1.1568
2026-06-08 09:35:00+00:00,0.5365,0.4635,1.1574
2026-06-08 09:40:00+00:00,0.5362,0.4638,1.156
2026-06-08 09:45:00+00:00,0.5363,0.4637,1.1565
2026-06-08 09:50:00+00:00,0.5366,0.4634,1.1579
2026-06-08 09:55:00+00:00,0.5365,0.4635,1.1576
2026-06-08 10:00:00+00:00,0.5364,0.4636,1.1571
2026-06-08 10:05:00+00:00,0.5362,0.4638,1.1559
2026-06-08 10:10:00+00:00,0.5363,0.4637,1.1564
2026-06-08 10:15:00+00:00,0.5363,0.4637,1.1566
2026-06-08 10:20:00+00:00,0.5365,0.4635,1.1577
2026-06-08 10:25:00+00:00,0.5369,0.4631,1.1596
2026-06-08 10:30:00+00:00,0.5373,0.4627,1.1612
2026-06-08 10:35:00+00:00,0.5373,0.4627,1.1614
2026-06-08 10:40:00+00:00,0.5373,0.4627,1.1611
2026-06-08 10:45:00+00:00,0.5374,0.4626,1.1615
2026-06-08 10:50:00+00:00,0.5375,0.4625,1.1624
2026-06-08 10:55:00+00:00,0.5371,0.4629,1.1601
2026-06-08 11:00:00+00:00,0.5367,0.4633,1.1585
2026-06-08 11:05:00+00:00,0.5366,0.4634,1.1581
2026-06-08 11:10:00+00:00,0.5376,0.4624,1.1627
2026-06-08 11:15:00+00:00,0.5376,0.4624,1.1624
2026-06-08 11:20:00+00:00,0.5374,0.4626,1.1615
2026-06-08 11:25:00+00:00,0.537,0.463,1.1599
2026-06-08 11:30:00+00:00,0.5375,0.4625,1.1621
2026-06-08 11:35:00+00:00,0.5372,0.4628,1.161
2026-06-08 11:40:00+00:00,0.5379,0.4621,1.1641
2026-06-08 11:45:00+00:00,0.5375,0.4625,1.1623
2026-06-08 11:50:00+00:00,0.5377,0.4623,1.1632
2026-06-08 11:55:00+00:00,0.5379,0.4621,1.1639
2026-06-08 12:00:00+00:00,0.5378,0.4622,1.1637
2026-06-08 12:05:00+00:00,0.535,0.465,1.1505
2026-06-08 12:10:00+00:00,0.5361,0.4639,1.1558
2026-06-08 12:15:00+00:00,0.5358,0.4642,1.1543
2026-06-08 12:20:00+00:00,0.5364,0.4636,1.157
2026-06-08 12:25:00+00:00,0.5374,0.4626,1.1618
2026-06-08 12:30:00+00:00,0.5375,0.4625,1.1621
2026-06-08 12:35:00+00:00,0.5379,0.4621,1.1642
2026-06-08 12:40:00+00:00,0.5402,0.4598,1.1747
2026-06-08 12:45:00+00:00,0.5403,0.4597,1.1751
2026-06-08 12:50:00+00:00,0.5398,0.4602,1.1731
2026-06-08 12:55:00+00:00,0.5397,0.4603,1.1726
2026-06-08 13:00:00+00:00,0.5432,0.4568,1.189
2026-06-08 13:05:00+00:00,0.5432,0.4568,1.189
2026-06-08 13:10:00+00:00,0.5433,0.4567,1.1897
2026-06-08 13:15:00+00:00,0.5429,0.4571,1.1877
2026-06-08 13:20:00+00:00,0.5429,0.4571,1.1877
2026-06-08 13:25:00+00:00,0.5452,0.4548,1.1986
2026-06-08 13:30:00+00:00,0.5451,0.4549,1.1984
2026-06-08 13:35:00+00:00,0.5459,0.4541,1.2019
2026-06-08 13:40:00+00:00,0.5467,0.4533,1.2058
2026-06-08 13:45:00+00:00,0.5467,0.4533,1.2062
2026-06-08 13:50:00+00:00,0.5466,0.4534,1.2058
2026-06-08 13:55:00+00:00,0.5463,0.4537,1.204
2026-06-08 14:00:00+00:00,0.546,0.454,1.2025
2026-06-08 14:05:00+00:00,0.5451,0.4549,1.1981
2026-06-08 14:10:00+00:00,0.5447,0.4553,1.1965
2026-06-08 14:15:00+00:00,0.5449,0.4551,1.1971
2026-06-08 14:20:00+00:00,0.5452,0.4548,1.199
2026-06-08 14:25:00+00:00,0.5453,0.4547,1.1993
2026-06-08 14:30:00+00:00,0.5451,0.4549,1.1983
2026-06-08 14:35:00+00:00,0.5448,0.4552,1.197
2026-06-08 14:40:00+00:00,0.5456,0.4544,1.2005
2026-06-08 14:45:00+00:00,0.5455,0.4545,1.2004
2026-06-08 14:50:00+00:00,0.5453,0.4547,1.1994
2026-06-08 14:55:00+00:00,0.5454,0.4546,1.1996
2026-06-08 15:00:00+00:00,0.5456,0.4544,1.2009
2026-06-08 15:05:00+00:00,0.5459,0.4541,1.2021
2026-06-08 15:10:00+00:00,0.5458,0.4542,1.2016
2026-06-08 15:15:00+00:00,0.5455,0.4545,1.2
2026-06-08 15:20:00+00:00,0.5444,0.4556,1.1947
2026-06-08 15:25:00+00:00,0.5437,0.4563,1.1914
2026-06-08 15:30:00+00:00,0.5438,0.4562,1.1918
2026-06-08 15:35:00+00:00,0.5438,0.4562,1.1922
2026-06-08 15:40:00+00:00,0.5446,0.4554,1.1957
2026-06-08 15:45:00+00:00,0.5448,0.4552,1.1969
2026-06-08 15:50:00+00:00,0.5447,0.4553,1.1965
2026-06-08 15:55:00+00:00,0.545,0.455,1.1977
2026-06-08 16:00:00+00:00,0.545,0.455,1.1977
2026-06-08 16:05:00+00:00,0.545,0.455,1.1977
2026-06-08 16:10:00+00:00,0.5443,0.4557,1.1943
2026-06-08 16:15:00+00:00,0.5446,0.4554,1.196
2026-06-08 16:20:00+00:00,0.5445,0.4555,1.1955
2026-06-08 16:25:00+00:00,0.5453,0.4547,1.1991
2026-06-08 16:30:00+00:00,0.5447,0.4553,1.1965
2026-06-08 16:35:00+00:00,0.5448,0.4552,1.1969
2026-06-08 16:40:00+00:00,0.5452,0.4548,1.1988
2026-06-08 16:45:00+00:00,0.5455,0.4545,1.2003
2026-06-08 16:50:00+00:00,0.5449,0.4551,1.1972
2026-06-08 16:55:00+00:00,0.5448,0.4552,1.197
2026-06-08 17:00:00+00:00,0.5451,0.4549,1.1982
2026-06-08 17:05:00+00:00,0.5439,0.4561,1.1924
2026-06-08 17:10:00+00:00,0.5446,0.4554,1.1957
2026-06-08 17:15:00+00:00,0.5436,0.4564,1.1912
2026-06-08 17:20:00+00:00,0.5442,0.4558,1.1939
2026-06-08 17:25:00+00:00,0.5445,0.4555,1.1953
2026-06-08 17:30:00+00:00,0.544,0.456,1.1931
2026-06-08 17:35:00+00:00,0.5439,0.4561,1.1925
2026-06-08 17:40:00+00:00,0.544,0.456,1.1928
2026-06-08 17:45:00+00:00,0.5433,0.4567,1.1897
2026-06-08 17:50:00+00:00,0.5436,0.4564,1.1909
2026-06-08 17:55:00+00:00,0.5437,0.4563,1.1915
2026-06-08 18:00:00+00:00,0.5435,0.4565,1.1908
2026-06-08 18:05:00+00:00,0.5435,0.4565,1.1905
2026-06-08 18:10:00+00:00,0.5432,0.4568,1.1893
2026-06-08 18:15:00+00:00,0.5432,0.4568,1.1891
2026-06-08 18:20:00+00:00,0.5432,0.4568,1.1891
2026-06-08 18:25:00+00:00,0.5432,0.4568,1.189
2026-06-08 18:30:00+00:00,0.5432,0.4568,1.1892
2026-06-08 18:35:00+00:00,0.5432,0.4568,1.1891
2026-06-08 18:40:00+00:00,0.5431,0.4569,1.1885
2026-06-08 18:45:00+00:00,0.5431,0.4569,1.1886
2026-06-08 18:50:00+00:00,0.5431,0.4569,1.1887
2026-06-08 18:55:00+00:00,0.543,0.457,1.1883
2026-06-08 19:00:00+00:00,0.5431,0.4569,1.1887
2026-06-08 19:05:00+00:00,0.5432,0.4568,1.1889
2026-06-08 19:10:00+00:00,0.5433,0.4567,1.1894
2026-06-08 19:15:00+00:00,0.5435,0.4565,1.1905
2026-06-08 19:20:00+00:00,0.5429,0.4571,1.1876
2026-06-08 19:25:00+00:00,0.5429,0.4571,1.1878
2026-06-08 19:30:00+00:00,0.543,0.457,1.1881
2026-06-08 19:35:00+00:00,0.5431,0.4569,1.1886
2026-06-08 19:40:00+00:00,0.5431,0.4569,1.1888
2026-06-08 19:45:00+00:00,0.5431,0.4569,1.1889
2026-06-08 19:50:00+00:00,0.5431,0.4569,1.1887
2026-06-08 19:55:00+00:00,0.5433,0.4567,1.1894
2026-06-08 20:00:00+00:00,0.5444,0.4556,1.1947
2026-06-08 20:05:00+00:00,0.5444,0.4556,1.1948
2026-06-08 20:10:00+00:00,0.5445,0.4555,1.1952
2026-06-08 20:15:00+00:00,0.5446,0.4554,1.1959
2026-06-08 20:20:00+00:00,0.546,0.454,1.2027
2026-06-08 20:25:00+00:00,0.546,0.454,1.2028
2026-06-08 20:30:00+00:00,0.5469,0.4531,1.2068
2026-06-08 20:35:00+00:00,0.547,0.453,1.2074
2026-06-08 20:40:00+00:00,0.5471,0.4529,1.208
2026-06-08 20:45:00+00:00,0.5471,0.4529,1.208
2026-06-08 20:50:00+00:00,0.5472,0.4528,1.2084
2026-06-08 20:55:00+00:00,0.5472,0.4528,1.2083
2026-06-08 21:00:00+00:00,0.5472,0.4528,1.2083
2026-06-08 21:05:00+00:00,0.5472,0.4528,1.2083
2026-06-08 21:10:00+00:00,0.5473,0.4527,1.2091
2026-06-08 21:15:00+00:00,0.5472,0.4528,1.2085
2026-06-08 21:20:00+00:00,0.547,0.453,1.2074
2026-06-08 21:25:00+00:00,0.547,0.453,1.2077
2026-06-08 21:30:00+00:00,0.547,0.453,1.2074
2026-06-08 21:35:00+00:00,0.547,0.453,1.2077
2026-06-08 21:40:00+00:00,0.5469,0.4531,1.2068
2026-06-08 21:45:00+00:00,0.5472,0.4528,1.2085
2026-06-08 21:50:00+00:00,0.5471,0.4529,1.2079
2026-06-08 21:55:00+00:00,0.5469,0.4531,1.2068
2026-06-08 22:00:00+00:00,0.5469,0.4531,1.207
2026-06-08 22:05:00+00:00,0.5454,0.4546,1.1996
2026-06-08 22:10:00+00:00,0.5444,0.4556,1.195
2026-06-08 22:15:00+00:00,0.5439,0.4561,1.1926
2026-06-08 22:20:00+00:00,0.5433,0.4567,1.1896
2026-06-08 22:25:00+00:00,0.5427,0.4573,1.1867
2026-06-08 22:30:00+00:00,0.5423,0.4577,1.1849
2026-06-08 22:35:00+00:00,0.5423,0.4577,1.185
2026-06-08 22:40:00+00:00,0.5419,0.4581,1.183
2026-06-08 22:45:00+00:00,0.542,0.458,1.1833
2026-06-08 22:50:00+00:00,0.5418,0.4582,1.1826
2026-06-08 22:55:00+00:00,0.5417,0.4583,1.1821
2026-06-08 23:00:00+00:00,0.5414,0.4586,1.1805
2026-06-08 23:05:00+00:00,0.5412,0.4588,1.1795
2026-06-08 23:10:00+00:00,0.5412,0.4588,1.1795
2026-06-08 23:15:00+00:00,0.541,0.459,1.1789
2026-06-08 23:20:00+00:00,0.5412,0.4588,1.1796
2026-06-08 23:25:00+00:00,0.5414,0.4586,1.1805
2026-06-08 23:30:00+00:00,0.5416,0.4584,1.1814
2026-06-08 23:35:00+00:00,0.5419,0.4581,1.1829
2026-06-08 23:40:00+00:00,0.5421,0.4579,1.1837
2026-06-08 23:45:00+00:00,0.5422,0.4578,1.1842
2026-06-08 23:50:00+00:00,0.5421,0.4579,1.1839
2026-06-08 23:55:00+00:00,0.542,0.458,1.1836
2026-06-09 00:00:00+00:00,0.5417,0.4583,1.182
2026-06-09 00:05:00+00:00,0.5415,0.4585,1.1809
2026-06-09 00:10:00+00:00,0.5413,0.4587,1.1801
2026-06-09 00:15:00+00:00,0.5412,0.4588,1.1796
2026-06-09 00:20:00+00:00,0.5413,0.4587,1.1799
2026-06-09 00:25:00+00:00,0.5407,0.4593,1.1773
2026-06-09 00:30:00+00:00,0.5365,0.4635,1.1575
2026-06-09 00:35:00+00:00,0.5367,0.4633,1.1583
2026-06-09 00:40:00+00:00,0.537,0.463,1.1596
2026-06-09 00:45:00+00:00,0.5376,0.4624,1.1629
2026-06-09 00:50:00+00:00,0.5352,0.4648,1.1514
2026-06-09 00:55:00+00:00,0.536,0.464,1.1549
2026-06-09 01:00:00+00:00,0.5375,0.4625,1.1623
2026-06-09 01:05:00+00:00,0.5393,0.4607,1.1707
2026-06-09 01:10:00+00:00,0.5399,0.4601,1.1735
2026-06-09 01:15:00+00:00,0.5399,0.4601,1.1735
2026-06-09 01:20:00+00:00,0.54,0.46,1.1738
2026-06-09 01:25:00+00:00,0.5399,0.4601,1.1737
2026-06-09 01:30:00+00:00,0.54,0.46,1.1737
2026-06-09 01:35:00+00:00,0.5398,0.4602,1.1729
2026-06-09 01:40:00+00:00,0.5395,0.4605,1.1716
2026-06-09 01:45:00+00:00,0.5392,0.4608,1.17
2026-06-09 01:50:00+00:00,0.5394,0.4606,1.1709
2026-06-09 01:55:00+00:00,0.5394,0.4606,1.1709
2026-06-09 02:00:00+00:00,0.5394,0.4606,1.171
2026-06-09 02:05:00+00:00,0.5392,0.4608,1.17
2026-06-09 02:10:00+00:00,0.5392,0.4608,1.17
2026-06-09 02:15:00+00:00,0.5364,0.4636,1.1571
2026-06-09 02:20:00+00:00,0.5358,0.4642,1.1544
2026-06-09 02:25:00+00:00,0.536,0.464,1.1551
2026-06-09 02:30:00+00:00,0.5363,0.4637,1.1564
2026-06-09 02:35:00+00:00,0.5364,0.4636,1.157
2026-06-09 02:40:00+00:00,0.5363,0.4637,1.1565
2026-06-09 02:45:00+00:00,0.5367,0.4633,1.1584
2026-06-09 02:50:00+00:00,0.5369,0.4631,1.1595
2026-06-09 02:55:00+00:00,0.5367,0.4633,1.1584
2026-06-09 03:00:00+00:00,0.5368,0.4632,1.1587
2026-06-09 03:05:00+00:00,0.5367,0.4633,1.1584
2026-06-09 03:10:00+00:00,0.5367,0.4633,1.1586
2026-06-09 03:15:00+00:00,0.5368,0.4632,1.1589
2026-06-09 03:20:00+00:00,0.5365,0.4635,1.1575
2026-06-09 03:25:00+00:00,0.5362,0.4638,1.1559
2026-06-09 03:30:00+00:00,0.5362,0.4638,1.1562
2026-06-09 03:35:00+00:00,0.536,0.464,1.1553
2026-06-09 03:40:00+00:00,0.5362,0.4638,1.1559
2026-06-09 03:45:00+00:00,0.5359,0.4641,1.1549
2026-06-09 03:50:00+00:00,0.5361,0.4639,1.1555
2026-06-09 03:55:00+00:00,0.536,0.464,1.1551
2026-06-09 04:00:00+00:00,0.5362,0.4638,1.1559
2026-06-09 04:05:00+00:00,0.5361,0.4639,1.1557
2026-06-09 04:10:00+00:00,0.5362,0.4638,1.1562
2026-06-09 04:15:00+00:00,0.5369,0.4631,1.1594
2026-06-09 04:20:00+00:00,0.5368,0.4632,1.1591
2026-06-09 04:25:00+00:00,0.537,0.463,1.1599
2026-06-09 04:30:00+00:00,0.5369,0.4631,1.1596
2026-06-09 04:35:00+00:00,0.54,0.46,1.1738
2026-06-09 04:40:00+00:00,0.5396,0.4604,1.172
2026-06-09 04:45:00+00:00,0.5391,0.4609,1.1695
2026-06-09 04:50:00+00:00,0.5388,0.4612,1.168
2026-06-09 04:55:00+00:00,0.5399,0.4601,1.1733
2026-06-09 05:00:00+00:00,0.5411,0.4589,1.1793
2026-06-09 05:05:00+00:00,0.5411,0.4589,1.1791
2026-06-09 05:10:00+00:00,0.5409,0.4591,1.1781
2026-06-09 05:15:00+00:00,0.541,0.459,1.1784
2026-06-09 05:20:00+00:00,0.5411,0.4589,1.1791
2026-06-09 05:25:00+00:00,0.5416,0.4584,1.1816
2026-06-09 05:30:00+00:00,0.5415,0.4585,1.1811
2026-06-09 05:35:00+00:00,0.5415,0.4585,1.1812
2026-06-09 05:40:00+00:00,0.5413,0.4587,1.1802
2026-06-09 05:45:00+00:00,0.541,0.459,1.1786
2026-06-09 05:50:00+00:00,0.5409,0.4591,1.1782
2026-06-09 05:55:00+00:00,0.5403,0.4597,1.1754
2026-06-09 06:00:00+00:00,0.54,0.46,1.174
2026-06-09 06:05:00+00:00,0.5396,0.4604,1.1722
2026-06-09 06:10:00+00:00,0.5405,0.4595,1.1762
2026-06-09 06:15:00+00:00,0.5405,0.4595,1.1765
2026-06-09 06:20:00+00:00,0.5409,0.4591,1.1782
2026-06-09 06:25:00+00:00,0.5413,0.4587,1.18
2026-06-09 06:30:00+00:00,0.5413,0.4587,1.1802
2026-06-09 06:35:00+00:00,0.5433,0.4567,1.1897
2026-06-09 06:40:00+00:00,0.5431,0.4569,1.1888
2026-06-09 06:45:00+00:00,0.543,0.457,1.1883
2026-06-09 06:50:00+00:00,0.543,0.457,1.1881
2026-06-09 06:55:00+00:00,0.543,0.457,1.1884
2026-06-09 07:00:00+00:00,0.543,0.457,1.1884
2026-06-09 07:05:00+00:00,0.5431,0.4569,1.1886
2026-06-09 07:10:00+00:00,0.5432,0.4568,1.189
2026-06-09 07:15:00+00:00,0.5431,0.4569,1.1887
2026-06-09 07:20:00+00:00,0.5428,0.4572,1.1871
2026-06-09 07:25:00+00:00,0.5428,0.4572,1.187
2026-06-09 07:30:00+00:00,0.5395,0.4605,1.1716
2026-06-09 07:35:00+00:00,0.539,0.461,1.1694
2026-06-09 07:40:00+00:00,0.5389,0.4611,1.1686
2026-06-09 07:45:00+00:00,0.5389,0.4611,1.1685
2026-06-09 07:50:00+00:00,0.5388,0.4612,1.1684
2026-06-09 07:55:00+00:00,0.5386,0.4614,1.1674
2026-06-09 08:00:00+00:00,0.5385,0.4615,1.1667
2026-06-09 08:05:00+00:00,0.5385,0.4615,1.167
2026-06-09 08:10:00+00:00,0.5378,0.4622,1.1634
2026-06-09 08:15:00+00:00,0.5372,0.4628,1.161
2026-06-09 08:20:00+00:00,0.5375,0.4625,1.1622
2026-06-09 08:25:00+00:00,0.5375,0.4625,1.1621
2026-06-09 08:30:00+00:00,0.5374,0.4626,1.1619
2026-06-09 08:35:00+00:00,0.5372,0.4628,1.1606
2026-06-09 08:40:00+00:00,0.5372,0.4628,1.1606
2026-06-09 08:45:00+00:00,0.5372,0.4628,1.1607
2026-06-09 08:50:00+00:00,0.5373,0.4627,1.1611
2026-06-09 08:55:00+00:00,0.5375,0.4625,1.162
2026-06-09 09:00:00+00:00,0.5374,0.4626,1.1615
2026-06-09 09:05:00+00:00,0.5373,0.4627,1.1614
2026-06-09 09:10:00+00:00,0.5372,0.4628,1.1606
2026-06-09 09:15:00+00:00,0.5373,0.4627,1.1613
2026-06-09 09:20:00+00:00,0.5372,0.4628,1.1608
2026-06-09 09:25:00+00:00,0.5375,0.4625,1.1624
2026-06-09 09:30:00+00:00,0.537,0.463,1.1597
2026-06-09 09:35:00+00:00,0.5359,0.4641,1.1547
2026-06-09 09:40:00+00:00,0.5358,0.4642,1.1544
2026-06-09 09:45:00+00:00,0.5359,0.4641,1.1548
2026-06-09 09:50:00+00:00,0.536,0.464,1.1552
2026-06-09 09:55:00+00:00,0.5361,0.4639,1.1556
2026-06-09 10:00:00+00:00,0.5362,0.4638,1.1561
2026-06-09 10:05:00+00:00,0.5364,0.4636,1.1569
2026-06-09 10:10:00+00:00,0.5363,0.4637,1.1567
2026-06-09 10:15:00+00:00,0.5363,0.4637,1.1565
2026-06-09 10:20:00+00:00,0.5363,0.4637,1.1565
2026-06-09 10:25:00+00:00,0.5362,0.4638,1.156
2026-06-09 10:30:00+00:00,0.5362,0.4638,1.1559
2026-06-09 10:35:00+00:00,0.5361,0.4639,1.1557
2026-06-09 10:40:00+00:00,0.5361,0.4639,1.1557
2026-06-09 10:45:00+00:00,0.5361,0.4639,1.1555
2026-06-09 10:50:00+00:00,0.536,0.464,1.1553
2026-06-09 10:55:00+00:00,0.5363,0.4637,1.1564
2026-06-09 11:00:00+00:00,0.537,0.463,1.1596
2026-06-09 11:05:00+00:00,0.5364,0.4636,1.1568
2026-06-09 11:10:00+00:00,0.536,0.464,1.1553
2026-06-09 11:15:00+00:00,0.5363,0.4637,1.1566
2026-06-09 11:20:00+00:00,0.5362,0.4638,1.1561
2026-06-09 11:25:00+00:00,0.5363,0.4637,1.1567
2026-06-09 11:30:00+00:00,0.5364,0.4636,1.1571
2026-06-09 11:35:00+00:00,0.5366,0.4634,1.158
2026-06-09 11:40:00+00:00,0.5368,0.4632,1.1591
2026-06-09 11:45:00+00:00,0.537,0.463,1.1599
2026-06-09 11:50:00+00:00,0.5371,0.4629,1.1604
2026-06-09 11:55:00+00:00,0.5374,0.4626,1.1615
2026-06-09 12:00:00+00:00,0.5408,0.4592,1.1778
2026-06-09 12:05:00+00:00,0.541,0.459,1.1785
2026-06-09 12:10:00+00:00,0.5406,0.4594,1.1767
2026-06-09 12:15:00+00:00,0.5404,0.4596,1.1756
2026-06-09 12:20:00+00:00,0.5402,0.4598,1.1749
2026-06-09 12:25:00+00:00,0.5403,0.4597,1.1751
2026-06-09 12:30:00+00:00,0.5404,0.4596,1.1756
2026-06-09 12:35:00+00:00,0.5406,0.4594,1.1767
2026-06-09 12:40:00+00:00,0.5407,0.4593,1.1772
2026-06-09 12:45:00+00:00,0.5406,0.4594,1.177
2026-06-09 12:50:00+00:00,0.5408,0.4592,1.1779
2026-06-09 12:55:00+00:00,0.5408,0.4592,1.1776
2026-06-09 13:00:00+00:00,0.5408,0.4592,1.1779
2026-06-09 13:05:00+00:00,0.5411,0.4589,1.1793
2026-06-09 13:10:00+00:00,0.5411,0.4589,1.1789
2026-06-09 13:15:00+00:00,0.5411,0.4589,1.1789
2026-06-09 13:20:00+00:00,0.5405,0.4595,1.1763
2026-06-09 13:25:00+00:00,0.541,0.459,1.1788
2026-06-09 13:30:00+00:00,0.5407,0.4593,1.177
2026-06-09 13:35:00+00:00,0.5418,0.4582,1.1824
2026-06-09 13:40:00+00:00,0.5411,0.4589,1.1791
2026-06-09 13:45:00+00:00,0.5417,0.4583,1.1819
2026-06-09 13:50:00+00:00,0.5427,0.4573,1.1867
2026-06-09 13:55:00+00:00,0.5429,0.4571,1.1876
2026-06-09 14:00:00+00:00,0.5431,0.4569,1.1889
2026-06-09 14:05:00+00:00,0.5432,0.4568,1.1892
2026-06-09 14:10:00+00:00,0.5437,0.4563,1.1917
2026-06-09 14:15:00+00:00,0.5431,0.4569,1.1884
2026-06-09 14:20:00+00:00,0.544,0.456,1.1932
2026-06-09 14:25:00+00:00,0.5444,0.4556,1.1949
2026-06-09 14:30:00+00:00,0.5436,0.4564,1.191
2026-06-09 14:35:00+00:00,0.5397,0.4603,1.1723
2026-06-09 14:40:00+00:00,0.5406,0.4594,1.1769
2026-06-09 14:45:00+00:00,0.5418,0.4582,1.1825
2026-06-09 14:50:00+00:00,0.5408,0.4592,1.1775
2026-06-09 14:55:00+00:00,0.5413,0.4587,1.1802
2026-06-09 15:00:00+00:00,0.5421,0.4579,1.1841
2026-06-09 15:05:00+00:00,0.5418,0.4582,1.1823
2026-06-09 15:10:00+00:00,0.5413,0.4587,1.1802
2026-06-09 15:15:00+00:00,0.5415,0.4585,1.1811
2026-06-09 15:20:00+00:00,0.5417,0.4583,1.1818
2026-06-09 15:25:00+00:00,0.5417,0.4583,1.1819
2026-06-09 15:30:00+00:00,0.5415,0.4585,1.1809
2026-06-09 15:35:00+00:00,0.5416,0.4584,1.1813
2026-06-09 15:40:00+00:00,0.5413,0.4587,1.1801
2026-06-09 15:45:00+00:00,0.5416,0.4584,1.1813
2026-06-09 15:50:00+00:00,0.5417,0.4583,1.1822
2026-06-09 15:55:00+00:00,0.5421,0.4579,1.1839
2026-06-09 16:00:00+00:00,0.543,0.457,1.1881
2026-06-09 16:05:00+00:00,0.5457,0.4543,1.2013
2026-06-09 16:10:00+00:00,0.5453,0.4547,1.1991
2026-06-09 16:15:00+00:00,0.5459,0.4541,1.2019
2026-06-09 16:20:00+00:00,0.5459,0.4541,1.2021
2026-06-09 16:25:00+00:00,0.5473,0.4527,1.2088
2026-06-09 16:30:00+00:00,0.5478,0.4522,1.2113
2026-06-09 16:35:00+00:00,0.5476,0.4524,1.2106
2026-06-09 16:40:00+00:00,0.5477,0.4523,1.2111
2026-06-09 16:45:00+00:00,0.5496,0.4504,1.2201
2026-06-09 16:50:00+00:00,0.549,0.451,1.2175
2026-06-09 16:55:00+00:00,0.5489,0.4511,1.2169
2026-06-09 17:00:00+00:00,0.549,0.451,1.2173
2026-06-09 17:05:00+00:00,0.5488,0.4512,1.2163
2026-06-09 17:10:00+00:00,0.549,0.451,1.2173
2026-06-09 17:15:00+00:00,0.5489,0.4511,1.2169
2026-06-09 17:20:00+00:00,0.5492,0.4508,1.2182
2026-06-09 17:25:00+00:00,0.5486,0.4514,1.2155
2026-06-09 17:30:00+00:00,0.5484,0.4516,1.2143
2026-06-09 17:35:00+00:00,0.5479,0.4521,1.212
2026-06-09 17:40:00+00:00,0.5472,0.4528,1.2083
2026-06-09 17:45:00+00:00,0.5471,0.4529,1.2082
2026-06-09 17:50:00+00:00,0.5472,0.4528,1.2085
2026-06-09 17:55:00+00:00,0.5472,0.4528,1.2084
2026-06-09 18:00:00+00:00,0.5473,0.4527,1.2089
2026-06-09 18:05:00+00:00,0.5472,0.4528,1.2086
2026-06-09 18:10:00+00:00,0.5472,0.4528,1.2083
2026-06-09 18:15:00+00:00,0.5471,0.4529,1.2078
2026-06-09 18:20:00+00:00,0.5467,0.4533,1.206
2026-06-09 18:25:00+00:00,0.5469,0.4531,1.2071
2026-06-09 18:30:00+00:00,0.5469,0.4531,1.2069
2026-06-09 18:35:00+00:00,0.5469,0.4531,1.2072
2026-06-09 18:40:00+00:00,0.547,0.453,1.2075
2026-06-09 18:45:00+00:00,0.5473,0.4527,1.209
2026-06-09 18:50:00+00:00,0.5474,0.4526,1.2095
2026-06-09 18:55:00+00:00,0.5473,0.4527,1.209
2026-06-09 19:00:00+00:00,0.5471,0.4529,1.2078
2026-06-09 19:05:00+00:00,0.547,0.453,1.2077
2026-06-09 19:10:00+00:00,0.5476,0.4524,1.2102
2026-06-09 19:15:00+00:00,0.5475,0.4525,1.2101
2026-06-09 19:20:00+00:00,0.5473,0.4527,1.2092
2026-06-09 19:25:00+00:00,0.5474,0.4526,1.2096
2026-06-09 19:30:00+00:00,0.5474,0.4526,1.2094
2026-06-09 19:35:00+00:00,0.5472,0.4528,1.2082
2026-06-09 19:40:00+00:00,0.5472,0.4528,1.2082
2026-06-09 19:45:00+00:00,0.5472,0.4528,1.2083
2026-06-09 19:50:00+00:00,0.5469,0.4531,1.2072
2026-06-09 19:55:00+00:00,0.5469,0.4531,1.2072
2026-06-09 20:00:00+00:00,0.5469,0.4531,1.207
2026-06-09 20:05:00+00:00,0.5466,0.4534,1.2054
2026-06-09 20:10:00+00:00,0.5465,0.4535,1.2052
2026-06-09 20:15:00+00:00,0.5471,0.4529,1.208
2026-06-09 20:20:00+00:00,0.5473,0.4527,1.2088
2026-06-09 20:25:00+00:00,0.5469,0.4531,1.2071
2026-06-09 20:30:00+00:00,0.5467,0.4533,1.206
2026-06-09 20:35:00+00:00,0.5465,0.4535,1.2052
2026-06-09 20:40:00+00:00,0.5465,0.4535,1.2049
2026-06-09 20:45:00+00:00,0.5464,0.4536,1.2047
2026-06-09 20:50:00+00:00,0.5463,0.4537,1.2042
2026-06-09 20:55:00+00:00,0.5463,0.4537,1.2042
2026-06-09 21:00:00+00:00,0.5464,0.4536,1.2044
2026-06-09 21:05:00+00:00,0.5455,0.4545,1.2004
2026-06-09 21:10:00+00:00,0.5457,0.4543,1.2011
2026-06-09 21:15:00+00:00,0.5448,0.4552,1.1968
2026-06-09 21:20:00+00:00,0.5442,0.4558,1.1941
2026-06-09 21:25:00+00:00,0.5421,0.4579,1.1841
2026-06-09 21:30:00+00:00,0.542,0.458,1.1833
2026-06-09 21:35:00+00:00,0.5425,0.4575,1.1858
2026-06-09 21:40:00+00:00,0.5424,0.4576,1.1853
2026-06-09 21:45:00+00:00,0.5425,0.4575,1.1858
2026-06-09 21:50:00+00:00,0.5429,0.4571,1.1877
2026-06-09 21:55:00+00:00,0.5431,0.4569,1.1888
2026-06-09 22:00:00+00:00,0.5432,0.4568,1.1891
2026-06-09 22:05:00+00:00,0.5433,0.4567,1.1894
2026-06-09 22:10:00+00:00,0.5434,0.4566,1.1902
2026-06-09 22:15:00+00:00,0.5437,0.4563,1.1917
2026-06-09 22:20:00+00:00,0.5436,0.4564,1.1911
2026-06-09 22:25:00+00:00,0.5434,0.4566,1.19
2026-06-09 22:30:00+00:00,0.5433,0.4567,1.1896
2026-06-09 22:35:00+00:00,0.5431,0.4569,1.1886
2026-06-09 22:40:00+00:00,0.543,0.457,1.1881
2026-06-09 22:45:00+00:00,0.543,0.457,1.1882
2026-06-09 22:50:00+00:00,0.5428,0.4572,1.1873
2026-06-09 22:55:00+00:00,0.5427,0.4573,1.187
2026-06-09 23:00:00+00:00,0.5426,0.4574,1.1865
2026-06-09 23:05:00+00:00,0.5425,0.4575,1.186
2026-06-09 23:10:00+00:00,0.5425,0.4575,1.1859
2026-06-09 23:15:00+00:00,0.5427,0.4573,1.1866
2026-06-09 23:20:00+00:00,0.5428,0.4572,1.1874
2026-06-09 23:25:00+00:00,0.5426,0.4574,1.186
2026-06-09 23:30:00+00:00,0.5424,0.4576,1.1852
2026-06-09 23:35:00+00:00,0.5427,0.4573,1.1865
2026-06-09 23:40:00+00:00,0.5429,0.4571,1.1875
2026-06-09 23:45:00+00:00,0.5431,0.4569,1.1885
2026-06-09 23:50:00+00:00,0.543,0.457,1.1883
2026-06-09 23:55:00+00:00,0.543,0.457,1.1881
2026-06-10 00:00:00+00:00,0.5431,0.4569,1.1888
2026-06-10 00:05:00+00:00,0.5431,0.4569,1.1887
2026-06-10 00:10:00+00:00,0.543,0.457,1.1884
2026-06-10 00:15:00+00:00,0.543,0.457,1.1884
2026-06-10 00:20:00+00:00,0.543,0.457,1.188
2026-06-10 00:25:00+00:00,0.5428,0.4572,1.1874
2026-06-10 00:30:00+00:00,0.5429,0.4571,1.1876
2026-06-10 00:35:00+00:00,0.5426,0.4574,1.1861
2026-06-10 00:40:00+00:00,0.5425,0.4575,1.1856
2026-06-10 00:45:00+00:00,0.5425,0.4575,1.1856
2026-06-10 00:50:00+00:00,0.5424,0.4576,1.1854
2026-06-10 00:55:00+00:00,0.5424,0.4576,1.1853
2026-06-10 01:00:00+00:00,0.5425,0.4575,1.1859
2026-06-10 01:05:00+00:00,0.5422,0.4578,1.1842
2026-06-10 01:10:00+00:00,0.5422,0.4578,1.1845
2026-06-10 01:15:00+00:00,0.5422,0.4578,1.1844
2026-06-10 01:20:00+00:00,0.5421,0.4579,1.1839
2026-06-10 01:25:00+00:00,0.5421,0.4579,1.1838
2026-06-10 01:30:00+00:00,0.5421,0.4579,1.1837
2026-06-10 01:35:00+00:00,0.542,0.458,1.1835
2026-06-10 01:40:00+00:00,0.542,0.458,1.1835
2026-06-10 01:45:00+00:00,0.5421,0.4579,1.1838
2026-06-10 01:50:00+00:00,0.5422,0.4578,1.1842
2026-06-10 01:55:00+00:00,0.5421,0.4579,1.1841
2026-06-10 02:00:00+00:00,0.5422,0.4578,1.1843
2026-06-10 02:05:00+00:00,0.542,0.458,1.1835
2026-06-10 02:10:00+00:00,0.5394,0.4606,1.171
2026-06-10 02:15:00+00:00,0.5387,0.4613,1.1677
2026-06-10 02:20:00+00:00,0.5384,0.4616,1.1662
2026-06-10 02:25:00+00:00,0.5386,0.4614,1.1673
2026-06-10 02:30:00+00:00,0.5386,0.4614,1.1674
2026-06-10 02:35:00+00:00,0.5388,0.4612,1.1684
2026-06-10 02:40:00+00:00,0.5388,0.4612,1.1681
2026-06-10 02:45:00+00:00,0.5383,0.4617,1.166
2026-06-10 02:50:00+00:00,0.5383,0.4617,1.1659
2026-06-10 02:55:00+00:00,0.5381,0.4619,1.1651
2026-06-10 03:00:00+00:00,0.5384,0.4616,1.1666
2026-06-10 03:05:00+00:00,0.5386,0.4614,1.1671
2026-06-10 03:10:00+00:00,0.5388,0.4612,1.1683
2026-06-10 03:15:00+00:00,0.5387,0.4613,1.1679
2026-06-10 03:20:00+00:00,0.5388,0.4612,1.1681
2026-06-10 03:25:00+00:00,0.5388,0.4612,1.1681
2026-06-10 03:30:00+00:00,0.5392,0.4608,1.1702
2026-06-10 03:35:00+00:00,0.5391,0.4609,1.1698
2026-06-10 03:40:00+00:00,0.5391,0.4609,1.1699
2026-06-10 03:45:00+00:00,0.5391,0.4609,1.1695
2026-06-10 03:50:00+00:00,0.5389,0.4611,1.1688
2026-06-10 03:55:00+00:00,0.5388,0.4612,1.1681
2026-06-10 04:00:00+00:00,0.5387,0.4613,1.1678
2026-06-10 04:05:00+00:00,0.5386,0.4614,1.1675
2026-06-10 04:10:00+00:00,0.5385,0.4615,1.1668
2026-06-10 04:15:00+00:00,0.5385,0.4615,1.167
2026-06-10 04:20:00+00:00,0.5384,0.4616,1.1666
2026-06-10 04:25:00+00:00,0.5384,0.4616,1.1664
2026-06-10 04:30:00+00:00,0.5384,0.4616,1.1665
2026-06-10 04:35:00+00:00,0.5383,0.4617,1.1658
2026-06-10 04:40:00+00:00,0.5378,0.4622,1.1638
2026-06-10 04:45:00+00:00,0.5379,0.4621,1.1639
2026-06-10 04:50:00+00:00,0.5379,0.4621,1.164
2026-06-10 04:55:00+00:00,0.538,0.462,1.1644
2026-06-10 05:00:00+00:00,0.5381,0.4619,1.1649
2026-06-10 05:05:00+00:00,0.5381,0.4619,1.1651
2026-06-10 05:10:00+00:00,0.5381,0.4619,1.1651
2026-06-10 05:15:00+00:00,0.5387,0.4613,1.1676
2026-06-10 05:20:00+00:00,0.539,0.461,1.1692
2026-06-10 05:25:00+00:00,0.5384,0.4616,1.1665
2026-06-10 05:30:00+00:00,0.5386,0.4614,1.1674
2026-06-10 05:35:00+00:00,0.5386,0.4614,1.1672
2026-06-10 05:40:00+00:00,0.5386,0.4614,1.1672
2026-06-10 05:45:00+00:00,0.5387,0.4613,1.1676
2026-06-10 05:50:00+00:00,0.5389,0.4611,1.1688
2026-06-10 05:55:00+00:00,0.5387,0.4613,1.1677
2026-06-10 06:00:00+00:00,0.5388,0.4612,1.1683
2026-06-10 06:05:00+00:00,0.5387,0.4613,1.1677
2026-06-10 06:10:00+00:00,0.5383,0.4617,1.1661
2026-06-10 06:15:00+00:00,0.5382,0.4618,1.1655
2026-06-10 06:20:00+00:00,0.5382,0.4618,1.1656
2026-06-10 06:25:00+00:00,0.539,0.461,1.1692
2026-06-10 06:30:00+00:00,0.5389,0.4611,1.1685
2026-06-10 06:35:00+00:00,0.5387,0.4613,1.1676
2026-06-10 06:40:00+00:00,0.5392,0.4608,1.17
2026-06-10 06:45:00+00:00,0.5388,0.4612,1.1683
2026-06-10 06:50:00+00:00,0.5388,0.4612,1.1683
2026-06-10 06:55:00+00:00,0.5387,0.4613,1.1676
2026-06-10 07:00:00+00:00,0.5386,0.4614,1.1673
2026-06-10 07:05:00+00:00,0.5385,0.4615,1.1667
2026-06-10 07:10:00+00:00,0.5383,0.4617,1.166
2026-06-10 07:15:00+00:00,0.5382,0.4618,1.1653
2026-06-10 07:20:00+00:00,0.5391,0.4609,1.1695
2026-06-10 07:25:00+00:00,0.5389,0.4611,1.1685
2026-06-10 07:30:00+00:00,0.5387,0.4613,1.168
2026-06-10 07:35:00+00:00,0.539,0.461,1.1692
2026-06-10 07:40:00+00:00,0.5385,0.4615,1.1667
2026-06-10 07:45:00+00:00,0.5384,0.4616,1.1665
2026-06-10 07:50:00+00:00,0.5384,0.4616,1.1662
2026-06-10 07:55:00+00:00,0.5386,0.4614,1.1672
2026-06-10 08:00:00+00:00,0.5375,0.4625,1.1622
2026-06-10 08:05:00+00:00,0.5372,0.4628,1.1609
2026-06-10 08:10:00+00:00,0.5374,0.4626,1.1616
2026-06-10 08:15:00+00:00,0.5373,0.4627,1.1614
2026-06-10 08:20:00+00:00,0.5373,0.4627,1.1612
2026-06-10 08:25:00+00:00,0.5371,0.4629,1.1603
2026-06-10 08:30:00+00:00,0.537,0.463,1.1596
2026-06-10 08:35:00+00:00,0.5361,0.4639,1.1555
2026-06-10 08:40:00+00:00,0.5368,0.4632,1.1589
2026-06-10 08:45:00+00:00,0.5374,0.4626,1.1615
2026-06-10 08:50:00+00:00,0.5379,0.4621,1.1642
2026-06-10 08:55:00+00:00,0.5384,0.4616,1.1666
2026-06-10 09:00:00+00:00,0.5383,0.4617,1.1659
2026-06-10 09:05:00+00:00,0.5384,0.4616,1.1663
2026-06-10 09:10:00+00:00,0.5383,0.4617,1.1657
2026-06-10 09:15:00+00:00,0.5391,0.4609,1.1699
2026-06-10 09:20:00+00:00,0.5402,0.4598,1.1747
2026-06-10 09:25:00+00:00,0.5391,0.4609,1.1698
2026-06-10 09:30:00+00:00,0.5395,0.4605,1.1717
2026-06-10 09:35:00+00:00,0.5393,0.4607,1.1706
2026-06-10 09:40:00+00:00,0.539,0.461,1.1691
2026-06-10 09:45:00+00:00,0.5384,0.4616,1.1662
2026-06-10 09:50:00+00:00,0.5381,0.4619,1.1648
2026-06-10 09:55:00+00:00,0.5383,0.4617,1.1658
2026-06-10 10:00:00+00:00,0.5382,0.4618,1.1657
2026-06-10 10:05:00+00:00,0.5388,0.4612,1.1684
2026-06-10 10:10:00+00:00,0.5387,0.4613,1.1679
2026-06-10 10:15:00+00:00,0.5391,0.4609,1.1697
2026-06-10 10:20:00+00:00,0.5392,0.4608,1.17
2026-06-10 10:25:00+00:00,0.5392,0.4608,1.1703
2026-06-10 10:30:00+00:00,0.5393,0.4607,1.1708
2026-06-10 10:35:00+00:00,0.5394,0.4606,1.171
2026-06-10 10:40:00+00:00,0.539,0.461,1.169
2026-06-10 10:45:00+00:00,0.5389,0.4611,1.169
2026-06-10 10:50:00+00:00,0.5389,0.4611,1.1687
2026-06-10 10:55:00+00:00,0.5389,0.4611,1.1687
2026-06-10 11:00:00+00:00,0.5389,0.4611,1.1686
2026-06-10 11:05:00+00:00,0.5384,0.4616,1.1664
2026-06-10 11:10:00+00:00,0.5399,0.4601,1.1736
2026-06-10 11:15:00+00:00,0.5397,0.4603,1.1725
2026-06-10 11:20:00+00:00,0.5395,0.4605,1.1713
2026-06-10 11:25:00+00:00,0.5392,0.4608,1.1699
2026-06-10 11:30:00+00:00,0.5397,0.4603,1.1724
2026-06-10 11:35:00+00:00,0.5398,0.4602,1.1731
2026-06-10 11:40:00+00:00,0.5398,0.4602,1.1731
2026-06-10 11:45:00+00:00,0.54,0.46,1.1738
2026-06-10 11:50:00+00:00,0.5401,0.4599,1.1744
2026-06-10 11:55:00+00:00,0.5401,0.4599,1.1744
2026-06-10 12:00:00+00:00,0.5401,0.4599,1.1742
2026-06-10 12:05:00+00:00,0.5401,0.4599,1.1742
2026-06-10 12:10:00+00:00,0.5403,0.4597,1.1751
2026-06-10 12:15:00+00:00,0.5404,0.4596,1.1756
2026-06-10 12:20:00+00:00,0.5402,0.4598,1.1746
2026-06-10 12:25:00+00:00,0.5397,0.4603,1.1723
2026-06-10 12:30:00+00:00,0.5397,0.4603,1.1726
2026-06-10 12:35:00+00:00,0.539,0.461,1.1692
2026-06-10 12:40:00+00:00,0.536,0.464,1.1552
2026-06-10 12:45:00+00:00,0.5351,0.4649,1.1512
2026-06-10 12:50:00+00:00,0.5348,0.4652,1.1494
2026-06-10 12:55:00+00:00,0.5344,0.4656,1.1478
2026-06-10 13:00:00+00:00,0.5343,0.4657,1.1473
2026-06-10 13:05:00+00:00,0.5343,0.4657,1.1474
2026-06-10 13:10:00+00:00,0.5344,0.4656,1.1476
2026-06-10 13:15:00+00:00,0.5345,0.4655,1.1483
2026-06-10 13:20:00+00:00,0.5343,0.4657,1.1472
2026-06-10 13:25:00+00:00,0.5342,0.4658,1.1468
2026-06-10 13:30:00+00:00,0.5341,0.4659,1.1465
2026-06-10 13:35:00+00:00,0.5338,0.4662,1.1451
2026-06-10 13:40:00+00:00,0.5347,0.4653,1.1491
2026-06-10 13:45:00+00:00,0.5333,0.4667,1.1427
2026-06-10 13:50:00+00:00,0.5323,0.4677,1.1379
2026-06-10 13:55:00+00:00,0.5318,0.4682,1.1356
2026-06-10 14:00:00+00:00,0.5325,0.4675,1.1391
2026-06-10 14:05:00+00:00,0.5325,0.4675,1.1392
2026-06-10 14:10:00+00:00,0.5322,0.4678,1.1376
2026-06-10 14:15:00+00:00,0.5319,0.4681,1.1361
2026-06-10 14:20:00+00:00,0.5317,0.4683,1.1356
2026-06-10 14:25:00+00:00,0.5319,0.4681,1.1362
2026-06-10 14:30:00+00:00,0.5321,0.4679,1.1372
2026-06-10 14:35:00+00:00,0.5324,0.4676,1.1384
2026-06-10 14:40:00+00:00,0.5324,0.4676,1.1387
2026-06-10 14:45:00+00:00,0.5324,0.4676,1.1388
2026-06-10 14:50:00+00:00,0.5322,0.4678,1.1378
2026-06-10 14:55:00+00:00,0.5326,0.4674,1.1394
2026-06-10 15:00:00+00:00,0.532,0.468,1.1368
2026-06-10 15:05:00+00:00,0.5307,0.4693,1.131
2026-06-10 15:10:00+00:00,0.5312,0.4688,1.1331
2026-06-10 15:15:00+00:00,0.5316,0.4684,1.1348
2026-06-10 15:20:00+00:00,0.5313,0.4687,1.1333
2026-06-10 15:25:00+00:00,0.531,0.469,1.132
2026-06-10 15:30:00+00:00,0.5307,0.4693,1.1309
2026-06-10 15:35:00+00:00,0.5306,0.4694,1.1303
2026-06-10 15:40:00+00:00,0.5305,0.4695,1.1299
2026-06-10 15:45:00+00:00,0.5312,0.4688,1.1332
2026-06-10 15:50:00+00:00,0.5314,0.4686,1.1342
2026-06-10 15:55:00+00:00,0.5316,0.4684,1.135
2026-06-10 16:00:00+00:00,0.5313,0.4687,1.1335
2026-06-10 16:05:00+00:00,0.5316,0.4684,1.135
2026-06-10 16:10:00+00:00,0.5312,0.4688,1.133
2026-06-10 16:15:00+00:00,0.5315,0.4685,1.1343
2026-06-10 16:20:00+00:00,0.5318,0.4682,1.1359
2026-06-10 16:25:00+00:00,0.5321,0.4679,1.1371
2026-06-10 16:30:00+00:00,0.5318,0.4682,1.136
2026-06-10 16:35:00+00:00,0.5317,0.4683,1.1355
2026-06-10 16:40:00+00:00,0.5318,0.4682,1.1359
2026-06-10 16:45:00+00:00,0.5318,0.4682,1.136
2026-06-10 16:50:00+00:00,0.5318,0.4682,1.1357
2026-06-10 16:55:00+00:00,0.5322,0.4678,1.1377
2026-06-10 17:00:00+00:00,0.5321,0.4679,1.1372
2026-06-10 17:05:00+00:00,0.531,0.469,1.132
2026-06-10 17:10:00+00:00,0.5305,0.4695,1.1298
2026-06-10 17:15:00+00:00,0.5308,0.4692,1.1313
2026-06-10 17:20:00+00:00,0.5307,0.4693,1.131
2026-06-10 17:25:00+00:00,0.5306,0.4694,1.1305
2026-06-10 17:30:00+00:00,0.5301,0.4699,1.1281
2026-06-10 17:35:00+00:00,0.5308,0.4692,1.1312
2026-06-10 17:40:00+00:00,0.5311,0.4689,1.1325
2026-06-10 17:45:00+00:00,0.5271,0.4729,1.1147
2026-06-10 17:50:00+00:00,0.5272,0.4728,1.1152
2026-06-10 17:55:00+00:00,0.5276,0.4724,1.1167
2026-06-10 18:00:00+00:00,0.5276,0.4724,1.117
2026-06-10 18:05:00+00:00,0.5275,0.4725,1.1164
2026-06-10 18:10:00+00:00,0.5274,0.4726,1.1161
2026-06-10 18:15:00+00:00,0.5274,0.4726,1.1161
2026-06-10 18:20:00+00:00,0.5275,0.4725,1.1163
2026-06-10 18:25:00+00:00,0.5272,0.4728,1.1148
2026-06-10 18:30:00+00:00,0.527,0.473,1.1143
2026-06-10 18:35:00+00:00,0.5276,0.4724,1.1168
2026-06-10 18:40:00+00:00,0.5276,0.4724,1.1168
2026-06-10 18:45:00+00:00,0.5278,0.4722,1.1175
2026-06-10 18:50:00+00:00,0.5276,0.4724,1.117
2026-06-10 18:55:00+00:00,0.5275,0.4725,1.1166
2026-06-10 19:00:00+00:00,0.5271,0.4729,1.1147
2026-06-10 19:05:00+00:00,0.5272,0.4728,1.115
2026-06-10 19:10:00+00:00,0.527,0.473,1.1141
2026-06-10 19:15:00+00:00,0.5271,0.4729,1.1145
2026-06-10 19:20:00+00:00,0.5269,0.4731,1.1138
2026-06-10 19:25:00+00:00,0.527,0.473,1.1143
2026-06-10 19:30:00+00:00,0.5271,0.4729,1.1145
2026-06-10 19:35:00+00:00,0.5274,0.4726,1.116
2026-06-10 19:40:00+00:00,0.5274,0.4726,1.1158
2026-06-10 19:45:00+00:00,0.5273,0.4727,1.1156
2026-06-10 19:50:00+00:00,0.5269,0.4731,1.1136
2026-06-10 19:55:00+00:00,0.527,0.473,1.114
2026-06-10 20:00:00+00:00,0.5268,0.4732,1.1134
2026-06-10 20:05:00+00:00,0.5273,0.4727,1.1154
2026-06-10 20:10:00+00:00,0.5272,0.4728,1.1152
2026-06-10 20:15:00+00:00,0.5272,0.4728,1.1152
2026-06-10 20:20:00+00:00,0.5273,0.4727,1.1153
2026-06-10 20:25:00+00:00,0.5272,0.4728,1.115
2026-06-10 20:30:00+00:00,0.5272,0.4728,1.1152
2026-06-10 20:35:00+00:00,0.5273,0.4727,1.1154
2026-06-10 20:40:00+00:00,0.5272,0.4728,1.1151
2026-06-10 20:45:00+00:00,0.5272,0.4728,1.1152
2026-06-10 20:50:00+00:00,0.5272,0.4728,1.1151
2026-06-10 20:55:00+00:00,0.5272,0.4728,1.115
2026-06-10 21:00:00+00:00,0.5273,0.4727,1.1156
2026-06-10 21:05:00+00:00,0.5274,0.4726,1.1161
2026-06-10 21:10:00+00:00,0.5274,0.4726,1.1158
2026-06-10 21:15:00+00:00,0.527,0.473,1.1142
2026-06-10 21:20:00+00:00,0.5269,0.4731,1.1136
2026-06-10 21:25:00+00:00,0.5269,0.4731,1.1138
2026-06-10 21:30:00+00:00,0.5271,0.4729,1.1144
2026-06-10 21:35:00+00:00,0.527,0.473,1.1141
2026-06-10 21:40:00+00:00,0.527,0.473,1.1143
2026-06-10 21:45:00+00:00,0.527,0.473,1.1142
2026-06-10 21:50:00+00:00,0.5269,0.4731,1.1136
2026-06-10 21:55:00+00:00,0.5276,0.4724,1.1166
2026-06-10 22:00:00+00:00,0.528,0.472,1.1187
2026-06-10 22:05:00+00:00,0.5281,0.4719,1.1189
2026-06-10 22:10:00+00:00,0.528,0.472,1.1187
2026-06-10 22:15:00+00:00,0.5281,0.4719,1.1189
2026-06-10 22:20:00+00:00,0.528,0.472,1.1184
2026-06-10 22:25:00+00:00,0.5279,0.4721,1.1181
2026-06-10 22:30:00+00:00,0.5279,0.4721,1.1181
2026-06-10 22:35:00+00:00,0.5277,0.4723,1.1171
2026-06-10 22:40:00+00:00,0.5277,0.4723,1.1174
2026-06-10 22:45:00+00:00,0.528,0.472,1.1185
2026-06-10 22:50:00+00:00,0.5281,0.4719,1.1189
2026-06-10 22:55:00+00:00,0.528,0.472,1.1187
2026-06-10 23:00:00+00:00,0.528,0.472,1.1186
2026-06-10 23:05:00+00:00,0.5279,0.4721,1.1182
2026-06-10 23:10:00+00:00,0.5281,0.4719,1.1192
2026-06-10 23:15:00+00:00,0.528,0.472,1.1185
2026-06-10 23:20:00+00:00,0.5279,0.4721,1.118
2026-06-10 23:25:00+00:00,0.528,0.472,1.1185
2026-06-10 23:30:00+00:00,0.5281,0.4719,1.119
2026-06-10 23:35:00+00:00,0.5279,0.4721,1.1183
2026-06-10 23:40:00+00:00,0.5279,0.4721,1.1183
2026-06-10 23:45:00+00:00,0.5279,0.4721,1.118
2026-06-10 23:50:00+00:00,0.5278,0.4722,1.1179
2026-06-10 23:55:00+00:00,0.5282,0.4718,1.1193
2026-06-11 00:00:00+00:00,0.5282,0.4718,1.1195
2026-06-11 00:05:00+00:00,0.5282,0.4718,1.1197
2026-06-11 00:10:00+00:00,0.5283,0.4717,1.1198
2026-06-11 00:15:00+00:00,0.5282,0.4718,1.1197
2026-06-11 00:20:00+00:00,0.5285,0.4715,1.1208
2026-06-11 00:25:00+00:00,0.5265,0.4735,1.1119
2026-06-11 00:30:00+00:00,0.5268,0.4732,1.1132
2026-06-11 00:35:00+00:00,0.527,0.473,1.1142
2026-06-11 00:40:00+00:00,0.5269,0.4731,1.1137
2026-06-11 00:45:00+00:00,0.5268,0.4732,1.1133
2026-06-11 00:50:00+00:00,0.5269,0.4731,1.1136
2026-06-11 00:55:00+00:00,0.5268,0.4732,1.1133
2026-06-11 01:00:00+00:00,0.5268,0.4732,1.1132
2026-06-11 01:05:00+00:00,0.5266,0.4734,1.1125
2026-06-11 01:10:00+00:00,0.5264,0.4736,1.1116
2026-06-11 01:15:00+00:00,0.5264,0.4736,1.1115
2026-06-11 01:20:00+00:00,0.526,0.474,1.1098
2026-06-11 01:25:00+00:00,0.526,0.474,1.1096
2026-06-11 01:30:00+00:00,0.5264,0.4736,1.1116
2026-06-11 01:35:00+00:00,0.5263,0.4737,1.111
2026-06-11 01:40:00+00:00,0.5263,0.4737,1.1111
2026-06-11 01:45:00+00:00,0.5261,0.4739,1.11
2026-06-11 01:50:00+00:00,0.5259,0.4741,1.1091
2026-06-11 01:55:00+00:00,0.5258,0.4742,1.1086
2026-06-11 02:00:00+00:00,0.5259,0.4741,1.1095
2026-06-11 02:05:00+00:00,0.5254,0.4746,1.1068
2026-06-11 02:10:00+00:00,0.5252,0.4748,1.106
2026-06-11 02:15:00+00:00,0.5251,0.4749,1.1058
2026-06-11 02:20:00+00:00,0.5248,0.4752,1.1044
2026-06-11 02:25:00+00:00,0.5249,0.4751,1.1049
2026-06-11 02:30:00+00:00,0.525,0.475,1.1052
2026-06-11 02:35:00+00:00,0.525,0.475,1.1053
2026-06-11 02:40:00+00:00,0.5254,0.4746,1.1068
2026-06-11 02:45:00+00:00,0.5254,0.4746,1.1072
2026-06-11 02:50:00+00:00,0.5255,0.4745,1.1074
2026-06-11 02:55:00+00:00,0.5256,0.4744,1.108
2026-06-11 03:00:00+00:00,0.5257,0.4743,1.1083
2026-06-11 03:05:00+00:00,0.5256,0.4744,1.1079
2026-06-11 03:10:00+00:00,0.5253,0.4747,1.1067
2026-06-11 03:15:00+00:00,0.5253,0.4747,1.1066
2026-06-11 03:20:00+00:00,0.5253,0.4747,1.1066
2026-06-11 03:25:00+00:00,0.5253,0.4747,1.1064
2026-06-11 03:30:00+00:00,0.5253,0.4747,1.1066
2026-06-11 03:35:00+00:00,0.5243,0.4757,1.102
2026-06-11 03:40:00+00:00,0.5248,0.4752,1.1045
2026-06-11 03:45:00+00:00,0.5249,0.4751,1.1048
2026-06-11 03:50:00+00:00,0.5251,0.4749,1.1059
2026-06-11 03:55:00+00:00,0.5248,0.4752,1.1046
2026-06-11 04:00:00+00:00,0.5299,0.4701,1.127
2026-06-11 04:05:00+00:00,0.53,0.47,1.1278
2026-06-11 04:10:00+00:00,0.5299,0.4701,1.1271
2026-06-11 04:15:00+00:00,0.5298,0.4702,1.1268
2026-06-11 04:20:00+00:00,0.529,0.471,1.1233
2026-06-11 04:25:00+00:00,0.5292,0.4708,1.1239
2026-06-11 04:30:00+00:00,0.5287,0.4713,1.1218
2026-06-11 04:35:00+00:00,0.5287,0.4713,1.1217
2026-06-11 04:40:00+00:00,0.5285,0.4715,1.1211
2026-06-11 04:45:00+00:00,0.5287,0.4713,1.1218
2026-06-11 04:50:00+00:00,0.5286,0.4714,1.1212
2026-06-11 04:55:00+00:00,0.5284,0.4716,1.1205
2026-06-11 05:00:00+00:00,0.5284,0.4716,1.1204
2026-06-11 05:05:00+00:00,0.5284,0.4716,1.1206
2026-06-11 05:10:00+00:00,0.5283,0.4717,1.1202
2026-06-11 05:15:00+00:00,0.5282,0.4718,1.1197
2026-06-11 05:20:00+00:00,0.5279,0.4721,1.118
2026-06-11 05:25:00+00:00,0.5279,0.4721,1.1181
2026-06-11 05:30:00+00:00,0.5278,0.4722,1.1176
2026-06-11 05:35:00+00:00,0.5277,0.4723,1.1174
2026-06-11 05:40:00+00:00,0.5277,0.4723,1.1171
2026-06-11 05:45:00+00:00,0.5277,0.4723,1.1171
2026-06-11 05:50:00+00:00,0.5273,0.4727,1.1157
2026-06-11 05:55:00+00:00,0.5274,0.4726,1.1161
2026-06-11 06:00:00+00:00,0.5273,0.4727,1.1156
2026-06-11 06:05:00+00:00,0.5274,0.4726,1.1162
2026-06-11 06:10:00+00:00,0.5273,0.4727,1.1156
2026-06-11 06:15:00+00:00,0.5279,0.4721,1.1183
2026-06-11 06:20:00+00:00,0.5284,0.4716,1.1205
2026-06-11 06:25:00+00:00,0.5306,0.4694,1.1304
2026-06-11 06:30:00+00:00,0.5306,0.4694,1.1303
2026-06-11 06:35:00+00:00,0.5304,0.4696,1.1293
2026-06-11 06:40:00+00:00,0.5302,0.4698,1.1285
2026-06-11 06:45:00+00:00,0.5304,0.4696,1.1294
2026-06-11 06:50:00+00:00,0.5304,0.4696,1.1295
2026-06-11 06:55:00+00:00,0.5302,0.4698,1.1287
2026-06-11 07:00:00+00:00,0.5302,0.4698,1.1284
2026-06-11 07:05:00+00:00,0.5306,0.4694,1.1303
2026-06-11 07:10:00+00:00,0.53,0.47,1.1276
2026-06-11 07:15:00+00:00,0.5299,0.4701,1.1271
2026-06-11 07:20:00+00:00,0.5303,0.4697,1.1292
2026-06-11 07:25:00+00:00,0.5303,0.4697,1.1289
2026-06-11 07:30:00+00:00,0.5302,0.4698,1.1284
2026-06-11 07:35:00+00:00,0.5301,0.4699,1.1279
2026-06-11 07:40:00+00:00,0.53,0.47,1.1275
2026-06-11 07:45:00+00:00,0.5303,0.4697,1.1289
2026-06-11 07:50:00+00:00,0.5303,0.4697,1.1288
2026-06-11 07:55:00+00:00,0.5303,0.4697,1.1289
2026-06-11 08:00:00+00:00,0.5304,0.4696,1.1293
2026-06-11 08:05:00+00:00,0.5303,0.4697,1.1292
2026-06-11 08:10:00+00:00,0.5303,0.4697,1.129
2026-06-11 08:15:00+00:00,0.5302,0.4698,1.1286
2026-06-11 08:20:00+00:00,0.5303,0.4697,1.1288
2026-06-11 08:25:00+00:00,0.5314,0.4686,1.1342
2026-06-11 08:30:00+00:00,0.5312,0.4688,1.1331
2026-06-11 08:35:00+00:00,0.533,0.467,1.1415
2026-06-11 08:40:00+00:00,0.5339,0.4661,1.1456
2026-06-11 08:45:00+00:00,0.5352,0.4648,1.1514
2026-06-11 08:50:00+00:00,0.5361,0.4639,1.1556
2026-06-11 08:55:00+00:00,0.5359,0.4641,1.1545
2026-06-11 09:00:00+00:00,0.5358,0.4642,1.1541
2026-06-11 09:05:00+00:00,0.5356,0.4644,1.1533
2026-06-11 09:10:00+00:00,0.5354,0.4646,1.1523
2026-06-11 09:15:00+00:00,0.5352,0.4648,1.1513
2026-06-11 09:20:00+00:00,0.5347,0.4653,1.1492
2026-06-11 09:25:00+00:00,0.5348,0.4652,1.1497
2026-06-11 09:30:00+00:00,0.5349,0.4651,1.1503
2026-06-11 09:35:00+00:00,0.5353,0.4647,1.1519
2026-06-11 09:40:00+00:00,0.5362,0.4638,1.1559
2026-06-11 09:45:00+00:00,0.5362,0.4638,1.1561
2026-06-11 09:50:00+00:00,0.5364,0.4636,1.157
2026-06-11 09:55:00+00:00,0.5361,0.4639,1.1557
2026-06-11 10:00:00+00:00,0.5364,0.4636,1.1573
2026-06-11 10:05:00+00:00,0.5368,0.4632,1.159
2026-06-11 10:10:00+00:00,0.537,0.463,1.1599
2026-06-11 10:15:00+00:00,0.537,0.463,1.16
2026-06-11 10:20:00+00:00,0.5369,0.4631,1.1592
2026-06-11 10:25:00+00:00,0.5368,0.4632,1.1589
2026-06-11 10:30:00+00:00,0.5368,0.4632,1.1588
2026-06-11 10:35:00+00:00,0.5369,0.4631,1.1594
2026-06-11 10:40:00+00:00,0.5368,0.4632,1.159
2026-06-11 10:45:00+00:00,0.5368,0.4632,1.1588
2026-06-11 10:50:00+00:00,0.5368,0.4632,1.1587
2026-06-11 10:55:00+00:00,0.5374,0.4626,1.1615
2026-06-11 11:00:00+00:00,0.541,0.459,1.1786
2026-06-11 11:05:00+00:00,0.5417,0.4583,1.1822
2026-06-11 11:10:00+00:00,0.5417,0.4583,1.1822
2026-06-11 11:15:00+00:00,0.5413,0.4587,1.1801
2026-06-11 11:20:00+00:00,0.5394,0.4606,1.1711
2026-06-11 11:25:00+00:00,0.5395,0.4605,1.1714
2026-06-11 11:30:00+00:00,0.5391,0.4609,1.1698
2026-06-11 11:35:00+00:00,0.538,0.462,1.1646
2026-06-11 11:40:00+00:00,0.5381,0.4619,1.165
2026-06-11 11:45:00+00:00,0.5378,0.4622,1.1634
2026-06-11 11:50:00+00:00,0.5381,0.4619,1.1648
2026-06-11 11:55:00+00:00,0.5375,0.4625,1.1622
2026-06-11 12:00:00+00:00,0.5375,0.4625,1.1624
2026-06-11 12:05:00+00:00,0.5363,0.4637,1.1565
2026-06-11 12:10:00+00:00,0.5365,0.4635,1.1577
2026-06-11 12:15:00+00:00,0.5383,0.4617,1.1661
2026-06-11 12:20:00+00:00,0.5398,0.4602,1.1728
2026-06-11 12:25:00+00:00,0.54,0.46,1.1741
2026-06-11 12:30:00+00:00,0.5405,0.4595,1.1761
2026-06-11 12:35:00+00:00,0.542,0.458,1.1833
2026-06-11 12:40:00+00:00,0.5426,0.4574,1.1864
2026-06-11 12:45:00+00:00,0.5444,0.4556,1.195
2026-06-11 12:50:00+00:00,0.5451,0.4549,1.1981
2026-06-11 12:55:00+00:00,0.5456,0.4544,1.2007
2026-06-11 13:00:00+00:00,0.5457,0.4543,1.2013
2026-06-11 13:05:00+00:00,0.5452,0.4548,1.1987
2026-06-11 13:10:00+00:00,0.5452,0.4548,1.1986
2026-06-11 13:15:00+00:00,0.5452,0.4548,1.1988
2026-06-11 13:20:00+00:00,0.5451,0.4549,1.1983
2026-06-11 13:25:00+00:00,0.5446,0.4554,1.1959
2026-06-11 13:30:00+00:00,0.5449,0.4551,1.1974
2026-06-11 13:35:00+00:00,0.5459,0.4541,1.2021
2026-06-11 13:40:00+00:00,0.5461,0.4539,1.2032
2026-06-11 13:45:00+00:00,0.5469,0.4531,1.2072
2026-06-11 13:50:00+00:00,0.5445,0.4555,1.1956
2026-06-11 13:55:00+00:00,0.5403,0.4597,1.1755
2026-06-11 14:00:00+00:00,0.5392,0.4608,1.1702
2026-06-11 14:05:00+00:00,0.5384,0.4616,1.1665
2026-06-11 14:10:00+00:00,0.5384,0.4616,1.1664
2026-06-11 14:15:00+00:00,0.5385,0.4615,1.167
2026-06-11 14:20:00+00:00,0.5388,0.4612,1.1683
2026-06-11 14:25:00+00:00,0.5389,0.4611,1.1687
2026-06-11 14:30:00+00:00,0.5393,0.4607,1.1708
2026-06-11 14:35:00+00:00,0.5394,0.4606,1.171
2026-06-11 14:40:00+00:00,0.5393,0.4607,1.1706
2026-06-11 14:45:00+00:00,0.5393,0.4607,1.1706
2026-06-11 14:50:00+00:00,0.5392,0.4608,1.1702
2026-06-11 14:55:00+00:00,0.5394,0.4606,1.1712
2026-06-11 15:00:00+00:00,0.5413,0.4587,1.1802
2026-06-11 15:05:00+00:00,0.5403,0.4597,1.1754
2026-06-11 15:10:00+00:00,0.5403,0.4597,1.1755
2026-06-11 15:15:00+00:00,0.5407,0.4593,1.1773
2026-06-11 15:20:00+00:00,0.5406,0.4594,1.1767
2026-06-11 15:25:00+00:00,0.5412,0.4588,1.1797
2026-06-11 15:30:00+00:00,0.5417,0.4583,1.1819
2026-06-11 15:35:00+00:00,0.5418,0.4582,1.1822
2026-06-11 15:40:00+00:00,0.5417,0.4583,1.1821
2026-06-11 15:45:00+00:00,0.5416,0.4584,1.1817
2026-06-11 15:50:00+00:00,0.5419,0.4581,1.183
2026-06-11 15:55:00+00:00,0.5418,0.4582,1.1825
2026-06-11 16:00:00+00:00,0.5418,0.4582,1.1824
2026-06-11 16:05:00+00:00,0.5419,0.4581,1.1831
2026-06-11 16:10:00+00:00,0.5417,0.4583,1.1819
2026-06-11 16:15:00+00:00,0.5412,0.4588,1.1797
2026-06-11 16:20:00+00:00,0.5413,0.4587,1.1799
2026-06-11 16:25:00+00:00,0.5411,0.4589,1.1793
2026-06-11 16:30:00+00:00,0.5414,0.4586,1.1803
2026-06-11 16:35:00+00:00,0.5408,0.4592,1.1776
2026-06-11 16:40:00+00:00,0.5407,0.4593,1.1772
2026-06-11 16:45:00+00:00,0.5407,0.4593,1.1774
2026-06-11 16:50:00+00:00,0.5408,0.4592,1.1775
2026-06-11 16:55:00+00:00,0.5408,0.4592,1.1777
2026-06-11 17:00:00+00:00,0.5411,0.4589,1.179
2026-06-11 17:05:00+00:00,0.5413,0.4587,1.1799
2026-06-11 17:10:00+00:00,0.5416,0.4584,1.1814
2026-06-11 17:15:00+00:00,0.5418,0.4582,1.1826
2026-06-11 17:20:00+00:00,0.542,0.458,1.1832
2026-06-11 17:25:00+00:00,0.5419,0.4581,1.1831
2026-06-11 17:30:00+00:00,0.5425,0.4575,1.1858
2026-06-11 17:35:00+00:00,0.5385,0.4615,1.167
2026-06-11 17:40:00+00:00,0.5379,0.4621,1.1638
2026-06-11 17:45:00+00:00,0.537,0.463,1.1599
2026-06-11 17:50:00+00:00,0.5362,0.4638,1.1563
2026-06-11 17:55:00+00:00,0.5364,0.4636,1.157
2026-06-11 18:00:00+00:00,0.5371,0.4629,1.1601
2026-06-11 18:05:00+00:00,0.5377,0.4623,1.1631
2026-06-11 18:10:00+00:00,0.5362,0.4638,1.1561
2026-06-11 18:15:00+00:00,0.5362,0.4638,1.156
2026-06-11 18:20:00+00:00,0.5362,0.4638,1.156
2026-06-11 18:25:00+00:00,0.5366,0.4634,1.1581
2026-06-11 18:30:00+00:00,0.5365,0.4635,1.1576
2026-06-11 18:35:00+00:00,0.5365,0.4635,1.1577
2026-06-11 18:40:00+00:00,0.5364,0.4636,1.157
2026-06-11 18:45:00+00:00,0.5364,0.4636,1.1571
2026-06-11 18:50:00+00:00,0.5365,0.4635,1.1573
2026-06-11 18:55:00+00:00,0.5364,0.4636,1.1571
2026-06-11 19:00:00+00:00,0.5365,0.4635,1.1575
2026-06-11 19:05:00+00:00,0.5369,0.4631,1.1593
2026-06-11 19:10:00+00:00,0.5367,0.4633,1.1583
2026-06-11 19:15:00+00:00,0.537,0.463,1.1597
2026-06-11 19:20:00+00:00,0.5375,0.4625,1.1623
2026-06-11 19:25:00+00:00,0.5376,0.4624,1.1628
2026-06-11 19:30:00+00:00,0.5377,0.4623,1.1632
2026-06-11 19:35:00+00:00,0.5371,0.4629,1.1604
2026-06-11 19:40:00+00:00,0.5372,0.4628,1.1607
2026-06-11 19:45:00+00:00,0.5371,0.4629,1.1601
2026-06-11 19:50:00+00:00,0.537,0.463,1.1597
2026-06-11 19:55:00+00:00,0.5371,0.4629,1.1604
2026-06-11 20:00:00+00:00,0.5372,0.4628,1.161
2026-06-11 20:05:00+00:00,0.5372,0.4628,1.1606
2026-06-11 20:10:00+00:00,0.537,0.463,1.1599
2026-06-11 20:15:00+00:00,0.5369,0.4631,1.1594
2026-06-11 20:20:00+00:00,0.5368,0.4632,1.159
2026-06-11 20:25:00+00:00,0.5369,0.4631,1.1596
2026-06-11 20:30:00+00:00,0.5374,0.4626,1.1619
2026-06-11 20:35:00+00:00,0.5377,0.4623,1.1632
2026-06-11 20:40:00+00:00,0.5378,0.4622,1.1637
2026-06-11 20:45:00+00:00,0.5379,0.4621,1.164
2026-06-11 20:50:00+00:00,0.5381,0.4619,1.165
2026-06-11 20:55:00+00:00,0.5385,0.4615,1.1667
2026-06-11 21:00:00+00:00,0.5386,0.4614,1.1672
2026-06-11 21:05:00+00:00,0.5387,0.4613,1.1676
2026-06-11 21:10:00+00:00,0.5386,0.4614,1.1672
2026-06-11 21:15:00+00:00,0.5383,0.4617,1.1661
2026-06-11 21:20:00+00:00,0.5382,0.4618,1.1656
2026-06-11 21:25:00+00:00,0.5383,0.4617,1.166
2026-06-11 21:30:00+00:00,0.5382,0.4618,1.1654
2026-06-11 21:35:00+00:00,0.5382,0.4618,1.1655
2026-06-11 21:40:00+00:00,0.5381,0.4619,1.1651
2026-06-11 21:45:00+00:00,0.5383,0.4617,1.1657
2026-06-11 21:50:00+00:00,0.5385,0.4615,1.1668
2026-06-11 21:55:00+00:00,0.5384,0.4616,1.1663
2026-06-11 22:00:00+00:00,0.5383,0.4617,1.1659
2026-06-11 22:05:00+00:00,0.5383,0.4617,1.1657
2026-06-11 22:10:00+00:00,0.5383,0.4617,1.166
2026-06-11 22:15:00+00:00,0.5383,0.4617,1.1657
2026-06-11 22:20:00+00:00,0.5383,0.4617,1.166
2026-06-11 22:25:00+00:00,0.5383,0.4617,1.1658
2026-06-11 22:30:00+00:00,0.5382,0.4618,1.1656
2026-06-11 22:35:00+00:00,0.5383,0.4617,1.1657
2026-06-11 22:40:00+00:00,0.5381,0.4619,1.165
2026-06-11 22:45:00+00:00,0.538,0.462,1.1647
2026-06-11 22:50:00+00:00,0.538,0.462,1.1643
2026-06-11 22:55:00+00:00,0.538,0.462,1.1643
2026-06-11 23:00:00+00:00,0.5382,0.4618,1.1654
2026-06-11 23:05:00+00:00,0.5383,0.4617,1.1661
2026-06-11 23:10:00+00:00,0.5384,0.4616,1.1664
2026-06-11 23:15:00+00:00,0.5387,0.4613,1.1676
2026-06-11 23:20:00+00:00,0.5388,0.4612,1.1681
2026-06-11 23:25:00+00:00,0.5388,0.4612,1.1683
2026-06-11 23:30:00+00:00,0.5388,0.4612,1.1681
2026-06-11 23:35:00+00:00,0.5401,0.4599,1.1744
2026-06-11 23:40:00+00:00,0.5404,0.4596,1.1759
2026-06-11 23:45:00+00:00,0.5419,0.4581,1.1828
2026-06-11 23:50:00+00:00,0.5416,0.4584,1.1815
2026-06-11 23:55:00+00:00,0.5425,0.4575,1.1858
2026-06-12 00:00:00+00:00,0.5428,0.4572,1.1872
2026-06-12 00:05:00+00:00,0.5435,0.4565,1.1908
2026-06-12 00:10:00+00:00,0.545,0.455,1.1976
2026-06-12 00:15:00+00:00,0.5448,0.4552,1.1968
2026-06-12 00:20:00+00:00,0.5447,0.4553,1.1964
2026-06-12 00:25:00+00:00,0.5446,0.4554,1.196
2026-06-12 00:30:00+00:00,0.5446,0.4554,1.196
2026-06-12 00:35:00+00:00,0.5447,0.4553,1.1961
2026-06-12 00:40:00+00:00,0.5449,0.4551,1.1976
2026-06-12 00:45:00+00:00,0.5453,0.4547,1.1991
2026-06-12 00:50:00+00:00,0.5453,0.4547,1.1992
2026-06-12 00:55:00+00:00,0.5454,0.4546,1.1998
2026-06-12 01:00:00+00:00,0.5454,0.4546,1.1997
2026-06-12 01:05:00+00:00,0.5453,0.4547,1.1991
2026-06-12 01:10:00+00:00,0.5455,0.4545,1.2001
2026-06-12 01:15:00+00:00,0.5452,0.4548,1.1989
2026-06-12 01:20:00+00:00,0.5455,0.4545,1.2002
2026-06-12 01:25:00+00:00,0.5453,0.4547,1.199
2026-06-12 01:30:00+00:00,0.5453,0.4547,1.199
2026-06-12 01:35:00+00:00,0.5455,0.4545,1.2003
2026-06-12 01:40:00+00:00,0.5451,0.4549,1.1982
2026-06-12 01:45:00+00:00,0.5453,0.4547,1.1992
2026-06-12 01:50:00+00:00,0.5457,0.4543,1.201
2026-06-12 01:55:00+00:00,0.5454,0.4546,1.1999
2026-06-12 02:00:00+00:00,0.5457,0.4543,1.2012
2026-06-12 02:05:00+00:00,0.5458,0.4542,1.2018
2026-06-12 02:10:00+00:00,0.5453,0.4547,1.1993
2026-06-12 02:15:00+00:00,0.5456,0.4544,1.2005
2026-06-12 02:20:00+00:00,0.5455,0.4545,1.2005
2026-06-12 02:25:00+00:00,0.5475,0.4525,1.2099
2026-06-12 02:30:00+00:00,0.5474,0.4526,1.2096
2026-06-12 02:35:00+00:00,0.5475,0.4525,1.2099
2026-06-12 02:40:00+00:00,0.5476,0.4524,1.2102
2026-06-12 02:45:00+00:00,0.5477,0.4523,1.2109
2026-06-12 02:50:00+00:00,0.5477,0.4523,1.2111
2026-06-12 02:55:00+00:00,0.5477,0.4523,1.211
2026-06-12 03:00:00+00:00,0.5475,0.4525,1.2098
2026-06-12 03:05:00+00:00,0.5474,0.4526,1.2095
2026-06-12 03:10:00+00:00,0.5473,0.4527,1.2088
2026-06-12 03:15:00+00:00,0.5474,0.4526,1.2095
2026-06-12 03:20:00+00:00,0.5474,0.4526,1.2094
2026-06-12 03:25:00+00:00,0.5474,0.4526,1.2094
2026-06-12 03:30:00+00:00,0.5472,0.4528,1.2087
2026-06-12 03:35:00+00:00,0.5473,0.4527,1.2089
2026-06-12 03:40:00+00:00,0.5475,0.4525,1.2101
2026-06-12 03:45:00+00:00,0.5476,0.4524,1.2104
2026-06-12 03:50:00+00:00,0.5476,0.4524,1.2104
2026-06-12 03:55:00+00:00,0.5476,0.4524,1.2105
2026-06-12 04:00:00+00:00,0.5476,0.4524,1.2106
2026-06-12 04:05:00+00:00,0.5478,0.4522,1.2114
2026-06-12 04:10:00+00:00,0.5477,0.4523,1.2111
2026-06-12 04:15:00+00:00,0.5478,0.4522,1.2115
2026-06-12 04:20:00+00:00,0.5504,0.4496,1.2244
2026-06-12 04:25:00+00:00,0.5508,0.4492,1.226
2026-06-12 04:30:00+00:00,0.5508,0.4492,1.226
2026-06-12 04:35:00+00:00,0.5513,0.4487,1.2286
2026-06-12 04:40:00+00:00,0.5512,0.4488,1.2281
2026-06-12 04:45:00+00:00,0.5511,0.4489,1.2276
2026-06-12 04:50:00+00:00,0.5509,0.4491,1.2266
